283000
529893
649887
682898
271833
681533
982697
184240
498324
317908
581060
996578
242283
840257
79305
146899
66226
592784
389247
798207
215376
704608
659567
407645
110178
448794
87764
298153
86654
297038
907951
705357
751764
813932
106871
389867
892145
393243
724012
501578
359133
93689
357004
260186
468453
132080
602335
70309
235571
615153
891629
986773
135385
352976
472336
642396
172460
371644
794340
266691
608077
171673
267418
50515
85315
86460
91948
477338
687556
387394
333803
912602
569171
7437
908596
249364
683074
431645
629697
699820
734681
163591
209115
62969
500943
485012
962413
875691
590453
813240
980084
63897
691634
103532
543315
170151
434345
894187
793219
39440
570871
446278
968360
540822
958808
216677
577214
813955
545769
843035
348658
133018
873608
826020
214797
381471
273175
592894
92555
6720
116576
169889
589770
151455
710098
627355
2142
373949
970154
258060
135425
918212
48493
363068
87208
599217
53521
750100
579697
321948
500732
639104
159287
610021
810788
31518
390280
45693
637397
453475
174702
82702
283281
77195
990314
209224
69265
538042
838911
649
949738
376180
684202
505768
672779
151478
148079
919967
636515
273583
822030
471506
26335
196254
10581
987008
109329
714633
301391
304965
26284
554519
537882
649
710764
709771
475542
601673
889810
836317
573113
992192
944013
812342
161408
626353
136884
218696
552384
70932
491696
970057
145115
425563
119287
291786
742669
490143
490867
303544
555878
582380
394817
355117
474130
830309
138900
196532
753812
227094
729210
783960
190865
102805
421943
657319
247945
305491
681613
341512
92448
29636
454365
281974
907930
847273
820583
996184
78822
622518
783534
617279
370449
646181
521527
991291
818715
951063
383087
991514
931367
80098
379884
745022
69387
713787
79564
241178
383176
69953
112058
442185
616531
509412
544143
702219
388306
872496
41428
156892
754338
515002
903974
217587
652501
280997
365299
462932
4601
228241
145120
7442
478547
778658
191053
489445
33195
799592
877744
720227
466305
618480
707998
232927
940893
712230
856552
682331
135556
81253
463650
731754
648071
299293
582527
891879
142133
168032
226456
298635
783920
68809
937291
573999
273501
91849
852352
282655
643573
499599
373895
378519
103417
637780
195037
725533
718018
766400
634958
497978
755190
144572
125620
295702
18134
441237
606109
270703
683317
232393
283531
636470
743812
967410
672212
544390
497928
562956
446442
986626
332332
357541
860533
575049
592946
440224
125852
446105
166341
689061
584803
355645
802091
215593
278895
978868
903766
194453
869668
92640
973593
781142
868911
364391
136440
448128
235039
520938
675736
616927
767150
528672
958165
682972
699678
52686
38579
165065
256767
194789
305196
870025
819149
685496
432807
897951
766838
61592
533258
883409
879928
21966
442918
10360
381801
996724
437969
496615
656016
516400
661841
795894
939313
218190
985268
482282
980455
441849
265981
866754
530665
896150
887737
243937
595567
577341
68207
893011
608557
320981
898037
437629
518654
146443
611039
852006
129372
839215
221715
904284
879884
217963
544952
897284
820503
980192
437389
642562
856178
929695
317910
715840
760895
994560
35312
918367
135276
435491
651718
387896
431865
746945
365532
591822
389016
478829
574025
189778
550509
759341
309313
37457
70197
817775
180368
789054
769858
567594
990499
103256
270052
385682
655041
21559
183140
71031
20759
392121
299050
809403
728624
442499
751806
460718
360067
17014
388779
752968
67430
865712
236928
212482
203361
649404
92272
897105
669469
611159
617049
10432
939004
280672
844001
907369
65986
334299
93821
776143
40560
909345
279948
279707
859313
731752
196319
388401
729710
19499
252124
158191
495100
604854
885944
553218
249013
470160
883873
811620
789348
719556
932926
625590
620698
62030
541646
920693
766685
984223
774701
696988
462976
305741
218229
847063
402638
803226
290049
300511
632096
105376
932749
786550
116366
279702
17913
857217
626114
904641
651692
228413
983592
918329
729237
812511
846081
921558
625229
249548
143575
601656
249305
958450
868811
441520
251339
467585
796746
42831
923655
508426
8094
792776
955619
181874
715233
510980
108968
675410
684748
573955
857462
98735
786861
950698
747459
311313
786423
704237
419396
223490
267891
589977
547556
242149
19093
224574
518769
418160
497449
835704
963030
443207
705260
642522
28227
470838
944311
59126
651945
331467
849686
834186
578913
749774
392376
376266
242092
246878
382526
531589
689045
172970
955638
129335
449395
539720
877025
704044
183755
677493
28528
369804
60370
825898
123726
601863
685903
144919
568983
199261
887327
53439
580838
236490
176722
542959
973323
59981
385779
282524
48732
793364
471206
511768
664098
583814
285673
840113
713460
205036
311740
71654
140514
85629
670557
432775
28232
984900
713005
489768
386306
305136
44142
681409
869886
899256
238190
36837
761644
727209
70781
396125
544787
875725
488281
272353
483069
923066
570859
100274
560979
501044
249322
115223
179523
735936
138590
223153
333533
380550
500031
469245
207677
416545
414396
242022
629411
919687
474071
749189
913439
901584
12141
831222
692007
360869
15316
613976
799115
129158
274781
535392
555263
674679
958072
969754
433751
287816
57719
62142
670418
680832
791083
453099
836365
983013
290282
33603
428888
566635
310386
907362
66342
588855
116392
703291
642846
28558
295929
365457
767118
552478
958882
323344
690495
434345
816138
97862
239075
271242
731340
67585
826987
938598
334547
432005
108789
656368
120479
192618
345187
610968
851620
863248
167175
859857
86545
650176
962042
361789
961326
508001
291340
736504
2462
981524
76501
504766
243908
616364
95018
904570
840194
806669
454188
894636
342365
298272
643258
292277
758140
123568
708998
888130
669711
431076
573317
983251
939789
333913
424704
239911
448917
659995
330120
257030
660726
805057
831942
186026
510026
796002
539824
895435
762365
633079
261080
399622
499692
842831
358111
869865
895272
475625
612934
514589
997145
340785
326245
686321
761471
339546
462452
266687
940372
116308
808198
481213
310926
395627
322646
306594
779712
292924
970490
338738
65888
906516
859892
956392
103267
883302
409896
169344
425284
597161
635687
918238
582308
294092
280553
285662
208268
474391
940954
704057
881038
307807
270923
406480
464905
768037
741641
992024
728970
526733
287307
322723
686864
32630
649860
91655
946408
363066
351897
465837
573687
791747
7725
293752
14358
972616
888791
44047
894807
464291
520117
40841
822566
684561
211482
255732
453387
31045
197858
213186
15564
626793
967015
213905
247472
90994
350860
462485
169182
228574
98230
915813
571427
797325
280475
617182
808466
132345
809074
429880
13125
533972
862026
683491
75842
346301
976503
381341
909370
645918
146535
633811
348587
852133
378706
2929
92196
897948
92176
243208
953320
794023
820868
861595
965548
419674
84214
503750
346107
330036
652159
504716
253818
384380
454237
347196
72645
802231
606310
729214
439607
873731
197466
433791
349385
285268
240913
943735
365842
304648
602003
181651
633260
367912
5062
442948
956151
389053
938498
526756
608439
88781
616705
213376
90841
119537
182706
987270
472211
543508
540972
226124
546152
571466
912128
202874
11083
581386
92519
286358
38683
184714
952090
582954
168269
785205
372289
159444
985128
501964
471427
543210
764713
662806
780348
900231
720838
472261
650892
881847
107344
908583
777356
759803
801393
373061
913244
359161
433109
154972
453912
655875
228134
820597
533929
315586
96111
266787
674167
641791
736738
338905
822268
349773
553780
888613
631796
695383
464230
12109
183089
902018
610015
564997
88203
820670
207733
670217
532276
768814
670667
127453
165481
655794
16596
914143
877508
326669
102518
798982
190382
923000
4425
299961
387507
410818
69694
20878
938606
577954
788125
233949
541219
835163
876518
284033
430571
161482
778073
429099
122186
276111
990034
941218
703772
52182
729356
93979
316078
663169
464646
546032
130282
885812
871362
281792
364714
916796
274986
687396
725165
276572
340046
948873
391271
412086
244808
11695
63474
758867
497153
839485
588003
467407
9868
701950
773112
182244
996079
367228
75245
518737
332355
560631
803885
726310
240881
156098
476325
849327
885340
377851
684469
977787
505373
751973
450496
903687
929641
618084
854883
923596
791120
283476
898
763682
862814
572870
423934
525391
435876
198871
109955
204657
818065
494703
49405
659203
327801
791379
622058
991055
563704
920808
601995
322608
524656
727045
384244
356035
784365
910387
265219
745450
861610
234756
946413
394172
792173
995404
348468
433357
60557
535425
751348
244565
735124
862955
110045
541183
336127
490631
613115
360464
34850
108990
278769
112882
200040
97341
383557
525789
771448
324273
487508
654113
306036
797536
439846
149521
187099
961767
735836
891983
203342
423564
846790
425969
883120
633727
669201
252301
712102
939634
900446
42407
345854
829137
982893
469299
579819
825824
459704
872264
661550
493361
362140
798308
308049
823230
26738
917910
52878
597608
304509
220044
329292
56717
95291
779321
47113
176384
334942
577186
969171
538472
933845
607110
628784
758390
334851
503016
715741
514308
33937
700794
153907
398983
317471
540968
179622
634097
64981
131518
501480
247526
959576
152566
887531
416600
778009
710114
609219
19649
766535
229810
219113
341756
835236
277731
525660
565249
270325
602437
947489
768443
629715
395430
29036
398024
699487
354400
153175
710156
675667
897852
128143
903346
561971
279426
783566
440833
364002
476767
292354
162710
348368
992561
726029
153156
931729
686385
181030
291524
404105
749949
841692
992411
860164
417409
755451
380103
643682
635265
747335
212005
261103
106822
342821
749730
773457
482915
704089
105627
896602
886947
549034
451988
891454
351698
68386
522962
857566
574948
733298
558998
504194
773957
429170
453238
99750
262141
808581
221081
590699
181183
611675
303374
724270
673616
169424
856329
78966
730575
414705
198076
255047
725221
565983
157839
882323
894281
454733
220091
744784
273648
439076
153288
883365
310736
809285
356577
385790
181968
665710
45777
736639
423630
330614
211484
935316
822732
32626
19964
982823
317943
844730
970807
262123
915478
11910
616921
923030
717836
614769
639827
401003
386057
878048
268912
286453
54419
987132
257520
520527
965549
192986
492675
316448
806113
739004
414179
154213
991471
914353
465934
153383
499282
824791
871775
150731
61867
237569
427336
522312
372557
360435
685999
961459
153764
758154
229666
309558
363970
12409
482871
435743
352200
257518
565828
920084
984045
164178
754167
314917
643758
497840
986772
388730
19154
447981
319946
261995
593689
284405
487408
143278
528832
591543
105249
208043
929332
703174
353840
896748
125585
998304
175882
176176
600981
502604
423335
190815
653541
245084
261804
782039
383292
361234
940129
79844
581036
149215
941642
782159
837842
959942
292900
700365
660955
134944
812093
715416
74220
673336
196656
74332
259507
729494
130429
243591
727432
544281
40449
425475
750975
128829
68502
969024
427980
413501
782217
364010
733139
957202
336436
612922
564428
558233
725048
632937
423440
995538
84313
794942
219714
531845
650102
24264
358364
346367
116835
494248
247893
814650
652645
302150
183340
211610
767049
330724
769236
445268
911329
324751
142204
366505
499932
731505
688826
679760
678785
526276
461779
826354
396296
167585
83625
48207
191061
395127
159234
69310
480786
946071
238641
244753
811687
731819
929379
387863
575129
315591
888776
118202
145020
914711
800859
414921
514454
814968
316112
310865
403794
440036
530266
457636
893790
950981
584598
596539
117665
206954
245335
384759
299292
524759
771790
626947
287068
386486
318678
680278
298585
241324
29466
840405
794799
408711
106596
479061
994742
288851
876546
871806
12800
457036
462487
612299
284590
924525
126651
356077
901231
804327
195920
918480
678935
915821
796834
365877
227608
129260
550714
443454
712351
450264
441920
596680
988941
547042
907018
595378
448720
58310
283269
557053
539166
266560
30654
65932
174414
10526
985102
592202
526418
207089
704160
737898
840085
675677
882592
810825
874093
277520
359170
562865
708413
551759
446764
861047
756330
757996
933057
597508
647992
761684
501195
225968
579968
837189
690308
574922
335056
680540
575298
603188
12383
476620
437564
759915
114475
514091
692221
558437
310065
866150
47011
998547
279688
846165
211028
718854
580443
554281
165759
909870
593281
288322
752586
454909
651899
509662
468573
830889
64905
996011
691914
133009
725929
192317
186520
620471
343213
901082
678379
369516
149176
940083
85073
3977
369045
933934
987371
685593
328819
943262
9270
863252
424193
589908
101109
721478
67234
891855
966717
601487
252813
992334
631069
384451
71877
780102
271719
747697
188143
681648
217119
409025
711637
519866
114112
689655
521526
957277
551077
800724
750791
141902
593627
895579
825802
919566
639872
299249
522634
526620
55319
315741
697840
795339
897452
145456
8133
951150
788766
315070
810949
727535
543694
230986
268060
341823
961315
98368
918080
863399
1783
320091
219882
723773
687521
758311
673906
848115
639711
572064
658950
976202
487520
450234
648710
146596
630764
999418
676352
992630
111665
816385
432899
916956
257899
86569
641570
238534
576622
821384
179783
660048
926483
199698
11761
489008
871677
928155
333707
159048
686983
869497
464682
515996
721228
876168
17379
981277
198930
66951
118919
299492
651731
716959
876797
733114
886058
329924
393658
646740
532567
446452
69919
398300
763759
178077
23086
478890
322211
286043
393386
618769
363370
492959
970571
859350
888334
941867
779611
578364
92368
798905
529776
594747
489849
46780
924166
157967
757823
376126
531832
435436
927568
742952
933851
147662
660093
650016
862392
66223
174726
805196
502051
429330
947902
746614
918652
524413
227611
483464
115074
665283
370588
948022
493455
456191
715095
135290
72884
733853
259742
527931
88433
279634
787341
64391
134865
476396
912947
753343
381856
124931
210971
55506
158922
301711
13814
871521
755154
682963
246374
669122
799851
611256
860777
42785
405111
113396
87648
418944
240857
920361
985403
34526
770297
354314
935172
906294
613332
597112
487684
50846
162876
988011
93526
782416
90547
15371
727494
304710
917984
69535
378532
738750
240364
156828
104939
458141
329724
322207
957129
579696
288395
553655
844107
953677
126754
992281
876647
812248
990903
148406
186661
974306
926176
255786
792234
687659
30194
696459
395106
390536
127930
986978
822345
544544
210647
101302
411863
988432
493235
803843
537926
534254
68380
568330
320833
631403
624963
891138
538794
468050
347087
739884
146888
543533
313951
588740
173132
931654
248795
614995
842110
351563
909045
405026
456329
987019
845506
75401
141279
180701
729199
565285
374538
237919
197025
501607
407313
730332
243565
604297
187203
496839
442737
2396
218787
618596
661965
219838
779119
190598
291841
569895
909647
875251
80037
991778
771351
251875
402431
886296
158265
523047
106436
235207
196618
626599
901486
129234
200751
130308
137206
999347
99428
24092
164975
401676
124456
557867
725439
474
224073
435214
82298
374730
849223
345700
991196
368998
109800
524109
501411
235304
101592
393364
479495
59183
964026
53289
588055
334671
977423
57543
139506
778435
350977
9012
451742
138942
980685
376551
715016
133215
778700
525827
647704
480386
866972
658498
346800
783986
724719
953901
878786
687805
109744
444871
220107
132449
752525
895434
487216
757154
646501
471561
402291
737085
553808
633204
339666
265846
19717
729274
868284
987214
53484
653001
860465
633041
500801
746033
544117
972555
178721
968934
553584
466778
975349
653924
387813
357343
443960
9581
986573
509518
31590
197038
422351
634085
543875
750079
622367
886394
289220
589385
913136
633133
520542
307075
155159
603644
696170
718613
761406
405876
177330
67421
507905
367749
339035
419087
499816
252783
158958
422327
138754
871129
81540
411546
139034
865216
504846
162618
115737
122252
550015
588793
452216
780862
452694
642325
775391
632582
198411
101586
111583
859250
160341
794037
779785
275328
213590
740716
387177
841236
494117
384907
242722
370693
458037
747377
968423
682641
204390
994569
821075
34225
538536
21804
788262
665672
250504
657444
644829
298677
610969
753676
348653
750279
327616
229267
488347
23184
965787
451807
552123
2194
534414
180429
51011
876886
987052
331031
293898
250844
19455
537167
956835
954285
590581
705736
154192
173644
735591
32276
22501
619723
286534
495783
836027
766265
873828
276122
918605
470073
857437
78412
578994
837742
219168
778403
861047
693330
970717
887728
56792
699174
139533
25776
855515
773764
949913
858351
933130
13648
315560
551944
978507
675469
982216
126663
420445
424523
272120
780399
924081
984702
847887
169559
177123
20971
901453
660143
323603
530555
944829
365344
254373
109042
526211
441105
49297
929529
568968
766663
185063
546839
49790
285348
653987
298622
184082
959760
149544
242050
701294
997365
454493
15845
504808
387556
113825
672845
195658
654997
396972
96791
813118
8907
472515
432324
18006
789398
835287
640657
561718
668786
228859
244453
168607
449165
177984
451812
293848
132454
411376
936225
38266
506449
884899
169392
241817
936983
426496
640152
247434
783930
469204
885863
198230
470870
293000
246304
838650
825442
127618
163216
632279
329046
629019
770431
9660
313639
15736
123521
452238
756590
335815
234860
928658
406950
953560
370660
115351
303124
426709
949073
128259
179329
560672
329202
463800
568163
931720
185099
636194
287258
109287
295546
188383
760726
8858
110568
276876
441045
457502
746458
773545
684810
716035
717287
37096
347289
952208
402820
882967
910847
565172
594427
586982
110287
276452
465083
338775
264343
38933
495048
827459
704417
818008
516115
332483
740181
882893
973668
363777
965948
924357
978291
667803
889247
61048
683031
310256
547854
623135
210454
235339
413052
957872
373723
89514
887880
740916
455621
82026
527446
861254
815643
702224
456412
368298
691998
701238
370489
930119
173815
384912
142719
61698
677776
574170
906961
815481
116927
870560
461160
341401
964764
806057
514032
420253
253107
699137
523087
994723
849941
543522
831173
49324
698889
218302
568174
271088
616160
568172
116325
672028
702886
886124
934851
133354
341364
781912
643013
645018
779939
86122
7371
840338
410267
609828
520509
97167
261769
81440
781064
14279
400751
438772
15430
180061
608917
425537
821052
389568
533597
762009
175804
977057
431348
648458
969643
72591
382373
178955
527709
340016
683847
526082
545244
771230
587607
134576
165960
535451
205664
964346
824536
4275
757910
683349
339262
669869
954371
875020
404713
730925
398169
462641
938020
715049
917541
719966
952924
931846
641701
669799
31487
850190
855152
353822
738559
453456
59859
83969
907893
581205
622269
369924
384355
796346
813520
71479
893138
755247
921175
428309
80730
750410
765463
780072
293888
590985
779838
606555
416441
505699
904632
808414
181133
453833
384737
409328
256087
360702
842005
290188
433001
843600
587362
457906
35532
775538
276831
720400
138212
315319
821718
535501
756274
295085
867292
629235
418228
612372
373506
76279
990695
836217
616484
780389
368237
443636
381214
311212
367049
150458
186719
956996
471750
310432
501205
402615
451383
625453
449736
571347
288602
892570
342531
625899
118550
994472
289516
936836
85028
317662
317877
671715
10442
858846
989867
83697
609921
626915
111916
796936
337400
658522
942518
909532
115185
981145
472026
365257
246794
633920
199375
558196
49558
522795
792034
254945
646634
389009
347851
725841
257716
605628
942683
835798
161988
897957
507026
460597
69103
178923
563918
402805
237960
920432
513501
207114
663183
455376
162547
368793
315942
653823
745783
930856
355262
181502
148664
461860
233105
21754
132413
401165
859784
293057
68345
778434
332348
950113
682973
175333
190553
826911
225416
643818
618783
445329
260634
828161
138434
735193
521254
399006
275506
657150
548549
664545
207797
72232
723527
367207
248495
751544
603077
11116
755012
306114
189074
440219
180052
169832
674640
830389
482021
99860
705374
304345
431839
196625
471919
587317
815536
466503
754678
826378
885967
558673
943101
540181
999390
113085
623445
464799
953897
447647
484392
611939
908044
600018
55338
615191
809712
208460
830702
757465
394805
549213
253397
294071
983468
341444
872225
804571
317691
230638
504552
21457
643812
83788
72227
761591
739615
716111
664998
702592
134371
520323
727658
189860
819972
712389
979270
268776
102838
239203
956605
848901
882095
845966
405296
229240
102443
125118
152948
43045
892041
987683
782334
519977
671955
840579
436411
374651
511131
699508
834236
192509
498752
800184
92687
718949
529808
12208
768361
47490
348615
318911
3903
865710
89462
685244
659699
481039
690623
965395
459563
664201
89084
955513
239422
54404
526336
468745
673992
641493
699573
558080
968477
291019
234852
155345
525658
129305
923668
647846
767639
820315
883785
501429
572920
898630
141358
148986
247651
818481
234509
835222
95244
549818
653434
124228
998507
298774
620880
509108
607311
151225
968339
382854
179981
661470
847413
137252
525840
58228
740660
608956
981076
91685
999776
189593
257966
109571
157882
327069
900547
812753
470456
767133
502489
379756
465830
271705
435082
94421
52262
899030
35028
565595
523864
106266
338190
387049
216852
684420
275702
962666
239316
36485
432293
315348
957039
853247
805859
724184
851200
880184
292823
639845
207013
580795
9879
370835
16611
65483
69150
676403
271975
90309
12443
355888
93096
880145
391974
483745
940776
985668
857997
465583
560728
228310
990029
628894
783003
855099
215132
788473
672355
442911
352163
95582
653752
895683
922250
891619
512215
214831
276267
995300
380215
825683
270440
920043
773222
811966
234072
882170
281810
852218
203548
645367
850340
631362
432912
70901
46407
289760
34077
660187
832071
870439
924332
205171
874516
203402
794229
571025
480421
611032
239605
490653
430585
54165
860798
560192
495480
833910
856488
972903
496313
700216
642341
977399
527389
856413
626163
55245
62424
283460
632170
813296
192080
390884
109301
430678
8797
355941
596253
897296
74033
165018
590529
508818
323921
570399
940130
807715
844865
930188
662555
6237
285758
656595
87214
767714
763941
483132
774072
426139
976049
372345
219399
828206
997730
601256
115522
923964
806840
531814
998534
565523
840606
51466
871954
688823
647524
629317
460056
223176
173797
915412
390068
120848
47240
660895
886264
787883
176993
371442
300774
286675
759927
923221
773559
662344
128289
336329
720088
893912
96393
101794
678324
28112
543442
552124
173868
894527
201622
899291
832484
962019
908168
734755
870967
612403
279353
239472
438666
303880
246518
926675
421246
375401
737614
985706
748159
688242
90416
348443
116217
215327
79539
586989
614315
826490
259312
985474
657044
212895
954890
423285
50185
847849
598286
700684
271272
445563
852597
824730
766631
789805
848454
642100
758854
183696
857752
768589
171939
495648
463926
507377
693676
374149
946715
418394
404334
864134
782172
653875
634444
433163
621797
787686
266124
629708
842075
735140
782028
554972
853409
681329
883474
715468
611766
340520
620416
170237
526396
580307
561702
395718
286932
131295
363122
785150
935268
756095
733698
206118
819962
877024
24474
141174
185354
979012
893489
910466
404115
580990
208742
709769
776352
795656
281360
306266
357739
497028
866867
232612
321052
262798
226766
303704
729775
903162
9617
445949
90739
724399
154283
787280
595502
526559
558146
778261
623454
252066
131772
644734
559770
84334
528186
265207
420759
601205
117029
958668
846983
358939
957792
243320
99356
220307
321309
160203
741035
16341
424651
479862
119851
190269
661421
483382
240476
646979
129158
766235
515204
751379
915441
307892
733268
864329
794637
994137
488362
20043
353685
758805
125040
114178
75213
293870
505825
457909
804696
378066
498668
774852
367335
498719
913521
310527
516108
803470
11752
675809
61420
178685
301793
307628
419475
634649
524390
537506
144290
354661
918076
758429
927907
878697
142984
373196
937597
585017
520399
51466
247811
311520
865942
939164
202214
272746
449000
785863
348683
814411
268086
553868
421367
445679
976408
791106
503847
577759
251122
395022
600061
674125
19890
114752
127444
788156
558389
732045
529588
25102
757897
790821
998305
652843
619789
75697
437326
867596
590965
850923
89583
170273
949034
147353
247724
88421
559502
607463
551345
836284
946333
601696
294690
383749
731439
394441
543084
860674
229530
518170
332663
409121
325620
639961
577399
949351
651253
684565
100514
441272
820795
389437
116156
537413
167080
912859
924174
454610
741478
979440
407861
538595
582987
429740
821270
235010
222743
386250
813167
115120
406298
780870
758921
822246
497267
984892
533706
982534
487411
716575
885158
671715
119519
850834
259254
411817
752916
939622
920417
130923
506949
174641
134262
527623
524449
785351
740444
370424
107280
510936
327712
31288
647067
882726
536750
689488
945003
600352
110363
783869
236329
933856
552415
713473
491525
840958
444128
462979
175570
267407
94377
643619
893711
551998
860729
800863
719681
31620
280440
55963
66619
351431
823301
403152
915904
852045
463146
533460
173375
953307
271089
610881
500668
208814
815440
235973
994768
932501
321919
720966
604999
934441
395499
999791
602471
168746
1731
618012
803408
489848
775535
169758
466943
535275
872160
233259
405740
787215
75202
214757
158548
741631
441422
912709
936337
568604
832957
252516
993508
600491
953687
355430
480341
948169
776361
451331
970225
42571
573461
632563
195891
204470
231940
417846
938173
998551
811062
828349
992837
571137
73785
142072
574925
638753
805112
804989
557770
243327
119403
703826
499302
24659
485036
716055
802401
469698
890922
132243
114514
39668
773814
305497
787532
968146
566715
757142
10396
373153
466314
321658
998958
219318
764499
317761
292495
469717
250289
50589
73805
943402
326044
61250
989242
984163
389634
964941
800976
372008
353903
885970
474030
999736
762920
761152
139456
996001
104920
29107
614782
49884
998434
298327
35787
341826
218133
287731
494269
495087
321725
66009
872060
591602
627990
102761
90435
972014
703324
101245
940868
11856
564798
900660
101864
905132
189872
474270
523636
507191
717088
898753
707207
234075
412096
11014
706112
853371
997442
123011
384572
609923
273826
466342
230140
898730
694749
192250
29158
532679
376191
865177
622882
924493
478554
247023
740645
737893
370962
915558
773322
373862
116822
357171
240028
578932
604009
698621
321840
411698
538014
109413
295407
650597
842274
956022
77234
328550
201267
797035
44358
852099
484399
714135
452431
117620
326407
995189
683016
479029
279506
479372
391272
612036
380478
176575
740192
974905
272289
880751
962433
326141
579117
599693
638395
649384
403842
987071
884417
808251
857118
894190
631240
505463
174448
96426
555949
968024
414218
848635
544822
312049
187188
886277
788400
587045
659676
830742
719160
884095
814700
337040
164630
423407
379444
24750
869252
196898
403910
148660
817932
57084
656033
778615
520271
908341
950853
346182
981282
652045
387301
840756
143762
805229
51579
416771
492808
962780
599541
367983
238216
732570
957581
480468
403539
834461
335670
34620
814189
752293
302962
258761
890361
915262
865601
112763
780608
507346
663539
810463
243984
15208
540063
32149
839809
494333
38828
456380
456531
365501
302604
396668
305587
913118
988105
546351
557852
705946
451319
380269
427098
995911
45513
866994
243946
905492
80704
894446
946366
641442
355006
597546
245021
655548
461305
303250
13798
313269
923339
133539
718196
340509
678310
761649
912605
911327
684516
77205
395349
316346
659388
343411
6768
227802
309649
361444
307909
958290
173732
829828
300014
208185
807210
688217
596011
962462
436921
114974
73190
490601
40859
556268
777873
474319
338181
562180
319915
427633
882402
255995
493474
600338
675144
972546
230419
775987
148172
355857
211821
977485
537457
879216
825779
386154
464571
988386
636000
271137
90146
848366
465188
293996
85858
690699
295117
842407
745775
795303
597185
655400
255302
986196
467623
241397
891999
285264
229030
385190
344959
909743
203781
412888
224681
338855
91250
227723
991284
326456
888478
456153
713784
661302
184325
175124
11362
452852
433803
106106
10407
726287
961922
587671
84181
402004
412489
976376
585541
407567
544398
680711
777389
447089
488179
575048
667986
226332
446158
791663
302874
941071
275339
287835
487167
440553
549037
311539
256736
696987
177329
967772
386610
564399
626515
29012
888403
125359
3946
501038
62527
515955
964462
645482
526683
926219
257562
859056
8815
391301
182060
146089
650289
848219
189322
547899
737916
172796
211071
581727
77920
227893
643426
242400
450067
800316
222359
472497
561924
789593
813999
751083
19920
363698
240363
590499
314446
290033
373022
873957
6661
642387
878384
525711
243645
731408
421502
973259
186546
476387
466591
871722
721957
964469
369346
254810
462926
750762
568691
779908
723820
538823
384380
555204
561468
60797
943400
203846
301576
651031
205987
350393
910422
632125
291133
97779
863105
645795
783757
122657
719526
584785
930930
847593
220341
709007
309237
369630
964647
411948
567562
308831
221198
695851
866037
794445
228104
790987
425738
994982
344205
756722
63117
502915
942568
110901
427959
594922
558467
278086
782490
744401
112474
941691
933276
575856
412178
100471
507551
977665
970466
422135
927169
228503
813743
275003
31743
966296
202230
593102
502772
948441
866723
157108
772608
654164
941694
4336
133187
523976
786821
634863
856521
844910
798164
247828
791360
27987
716993
657121
164516
451543
362692
816639
527675
798912
847123
925098
821884
607931
238413
334203
788299
507377
740876
267027
951711
379138
839901
957793
891909
241697
704332
672209
182589
709324
519256
119442
740674
47334
653701
454081
893992
557746
634897
88183
615389
322286
435070
70188
263377
320394
539022
230726
685938
250180
461837
967042
853904
329569
945736
24445
144032
24713
928795
288352
594076
459392
254760
198438
325447
167421
945700
439308
726223
968745
469195
261716
606731
639605
819636
349621
889059
455704
323583
273954
66062
929636
232234
131893
864566
62020
578307
402232
784697
39060
194680
355728
34633
243293
253258
456007
927795
310891
502944
900852
950141
100685
477112
889033
335016
266793
854584
517497
562900
52089
153762
523652
148035
688806
663270
377376
674421
676927
990610
863430
174643
402070
355045
697814
157736
380983
921601
817063
274985
437958
990142
23471
602454
149300
642715
672332
678104
10526
281423
26989
838410
850370
592318
306015
486196
639454
678151
505848
36082
846887
578618
716762
853299
562083
79719
909156
846685
690531
951185
10875
19470
42785
239234
596528
378046
902322
765816
360399
374144
289127
383293
8643
173799
107526
330260
926953
161157
617184
869071
300975
747407
139535
379582
364008
859932
705102
802242
218288
560396
704565
652543
356983
297029
533967
731631
360299
187161
233753
548948
273734
120068
900378
693125
31665
163985
426010
615274
126164
656603
848192
507459
472059
636209
344139
19618
487270
528595
126445
42937
324653
952473
133119
76558
646478
972147
626469
957451
987221
970379
374656
742897
233126
760071
559817
850733
677418
178410
962000
566595
144660
294234
629202
236711
914895
804476
478320
270634
379782
54651
47570
464401
951375
381480
667543
376706
925877
279740
421431
779096
636128
840248
447544
34134
535395
920365
820554
710391
961314
983000
649407
405603
984030
615845
697001
640190
802079
455700
863890
605595
711165
633209
848850
721358
215434
178141
481745
376159
605279
637762
144602
319003
272258
480708
228247
252420
201777
701211
698159
433832
50573
316989
122937
958415
311846
545569
833179
622542
211871
432669
366467
912184
599742
558448
394689
493876
33811
836444
303424
441322
723841
372524
539936
720919
429422
742356
556913
542337
18755
168053
873293
448196
314016
355775
434898
688650
558816
564657
321978
731673
782723
207548
704218
106694
119294
156485
94708
478471
797980
412618
888312
141990
88591
65820
791006
886290
254295
593610
656345
887696
269774
63454
952248
873038
700429
259457
307550
420440
596671
829945
610652
163236
873664
294995
404008
553479
80177
679132
671741
13514
313307
815305
711566
407256
734077
10998
810151
280398
123700
267723
550435
214325
612229
801787
788868
197836
867210
509286
662834
657021
222263
141343
724819
287538
717641
986759
826691
253825
630410
285912
214960
15363
777859
467134
94869
893186
26430
94623
990033
615504
445878
700284
324515
296692
808861
70255
929797
592064
252042
780756
236706
975102
607934
402052
598900
375305
80721
58365
388862
905783
811006
281309
259939
261364
58823
661261
968930
68266
251782
205307
126703
956572
936658
711615
969455
693842
604426
359839
153807
367663
796737
833518
987200
80222
656198
862415
998035
231403
946958
248215
337390
668014
898561
276752
801001
852769
655518
420122
653448
477907
300043
878829
583060
932918
243133
512377
714840
38226
293248
488110
552693
106780
712227
192664
103459
68705
255300
20001
773316
641885
676404
774202
138662
343657
54918
91477
330518
508176
796473
983754
108955
988354
316671
306905
42070
307041
42217
372303
847796
837497
628274
84673
222605
425549
281253
428597
644956
154380
922731
205217
970139
245347
705141
590027
969659
399020
443970
741647
712381
200387
321229
767615
467760
431673
933463
902372
820487
34914
806860
644835
922774
661897
871957
617531
13289
403140
734905
777323
526977
150946
447728
692337
622700
537728
718470
646316
954560
591611
590121
455779
631476
394879
663503
146206
807834
360958
16390
522354
1277
330621
759705
987611
685907
328264
57820
316673
920479
679558
846741
359325
489126
451815
307271
241333
270795
530361
333404
956867
790601
145562
622126
909236
975437
762504
619058
928204
787566
272021
508801
633382
610186
640694
879940
422489
743166
855162
41020
187639
503489
186007
757356
575343
861022
831007
146467
550674
424396
443347
836074
604274
217579
118158
856710
452327
596189
42850
698602
337259
72511
771776
660860
552741
382083
139152
581250
75075
361323
127201
177833
373248
880548
962234
261810
846021
990909
61647
548793
559148
619714
986767
846691
648799
425657
84826
332964
590175
650936
767376
749035
684321
41249
278533
517866
246226
349436
99537
508357
237435
692591
232387
408598
121664
396508
351733
392923
913987
824279
551738
838013
305830
841283
742644
588478
845805
176008
146051
457598
874433
322930
165912
290537
414800
283241
250727
762112
169426
373385
918459
488323
659367
132062
377827
806072
168028
737469
54986
689435
875341
178113
183076
104546
57316
182689
167429
986028
815487
23275
252748
797189
144880
507231
514684
474840
978078
957546
882155
166450
632712
980606
852626
84079
162858
902602
191045
592643
657016
266843
593278
439911
518855
132431
651090
361629
476747
807921
662533
563874
635643
152758
304505
981296
84753
458003
20545
792045
555501
976249
325651
564915
726105
789934
440092
753661
870631
903369
534254
721066
929911
841034
695957
676913
132949
248276
589575
474978
125503
635016
199993
494613
206852
254014
148046
589041
224071
982562
761194
882267
61667
303465
768805
886008
316905
499503
282140
291553
470468
334831
573409
276899
918014
781150
130962
983407
332955
288548
163655
575076
490339
869368
663333
963575
622461
656342
799503
793725
223991
433440
645245
710293
455138
275279
816100
219381
992730
725268
796821
97743
381028
489295
40098
542559
498672
357034
811642
663892
774397
281620
931286
792024
245084
193942
63692
330238
376396
467987
952449
23624
511044
763552
911932
746961
518672
649726
10517
396125
240851
752880
980300
441467
535211
416061
166454
817685
261425
460036
994001
629652
304799
538743
172985
989362
717645
874550
118324
475357
412244
362760
422311
184581
872275
575608
617964
997187
719952
899722
145211
569765
376694
140952
74436
585370
195836
72206
780191
417463
785831
722686
168475
230499
681382
661409
6451
918565
911707
5675
155295
879432
206393
984842
811142
545961
236744
972986
213072
583773
705349
850503
361818
990721
872167
754017
307587
159071
127229
544213
138083
558073
9267
376174
74844
382390
531060
404391
936712
659942
831849
605963
864210
83124
561631
451947
428896
770151
483334
601084
69998
145172
776085
207179
424374
585252
949515
195933
443531
622078
478993
755239
403206
158481
877500
522022
411671
830847
7150
979676
289277
680425
912412
919657
889488
297235
402090
25730
729403
860148
49393
392016
652232
821725
546467
681511
263508
825987
346054
156641
919969
427051
509340
530647
311562
209201
183332
141563
603473
586356
204728
830549
882580
563297
553559
116760
720607
747483
925821
331488
773915
479620
304047
532491
603491
572203
68179
139633
376119
374226
540667
93953
475017
174298
20610
279993
547893
639181
688015
585025
425934
782984
625527
748453
361428
354819
539071
101038
523009
430463
693310
196059
758402
543882
402209
69633
925891
980722
653001
414396
266403
13828
216591
377745
585287
564735
19879
684450
310858
455322
430754
765708
492626
159919
565005
41761
24446
229955
299703
684029
716923
891826
491856
198535
731958
732412
517741
354438
177964
8422
677929
458781
324125
905934
473381
769189
555486
344079
771631
804453
972942
674444
320960
735664
697888
711517
450847
498268
345240
546068
189092
30426
431441
997419
652247
708343
568250
370379
197559
123182
146913
170107
441558
811111
325991
586211
373281
362384
935956
12796
944702
643735
125955
946135
951310
548225
553918
182278
619986
915946
183780
895595
637930
371353
353671
824731
853879
87103
422418
551854
421922
220237
187879
688357
748150
368623
792519
250233
334889
861032
977259
494588
151288
846155
525039
288174
46384
116499
385902
377503
112456
329312
495273
481275
222571
923598
773280
769335
604181
541364
342915
762839
752979
671414
422978
556249
928492
923784
517057
363137
148638
317503
543527
86978
743745
718101
516374
774470
779273
129785
552181
384283
772967
549329
729256
941306
677326
691213
152929
65972
820947
106409
205264
647867
927853
882367
607350
479434
941276
558022
270423
41074
35815
174251
997454
468546
258173
383690
912442
688403
305533
96777
391638
862893
49169
686353
856999
595161
821173
956714
443150
942853
154390
52018
127805
890893
350677
991290
920390
504812
623850
281854
4751
175166
296678
833022
962274
922865
795664
330941
252897
177736
387121
28437
228823
26507
385068
437557
507369
139343
879109
40185
661483
510749
248578
262692
398671
690690
865646
575613
874936
750579
23482
565123
36716
458074
838591
977357
251624
4609
984927
508995
545678
342234
462601
986035
720762
560488
958298
619025
698290
600270
201569
427854
510395
546930
455163
294547
48264
252430
429021
996634
184334
888275
165424
15529
82803
505914
489495
873837
996516
585896
366220
299951
361030
790140
225576
563189
581636
648249
561601
749751
774791
449675
58349
5052
161348
883064
257573
988433
416623
586340
709318
320166
231117
791616
614065
78085
633703
13585
125969
106480
38298
763032
905724
237973
20235
241828
165747
585904
296313
649264
599236
945726
328171
846329
118031
240409
463176
655265
860069
825141
333573
609977
324811
751221
944504
937327
301099
886412
940051
521234
610027
2382
208903
447571
890442
555491
53251
618189
164856
629980
171075
972870
284151
936226
40270
518248
23479
480140
739874
356445
156944
293775
139329
754515
932123
861269
456402
27743
590381
80870
210678
654910
620017
56195
353064
198198
970017
182738
688464
709850
161889
126643
407908
984301
673976
819184
66875
817694
806444
356179
985968
63602
893816
760914
281647
272000
238316
628134
290207
8597
644450
557818
514924
30136
634328
962366
360304
181063
354031
225498
210045
977792
910655
985472
873289
29532
516692
283994
792759
342741
530058
508835
215358
983817
902464
499474
520888
36342
584764
524016
291337
216805
828891
475915
555690
165028
578931
816131
231249
305451
73159
420865
783999
721121
318758
795208
850213
473206
389792
117027
545844
899440
304614
763838
888512
431876
925437
486609
852048
336730
66527
5559
167684
385332
649966
897245
943075
477031
83221
979861
988865
856583
821886
192842
555401
24673
707689
777230
268013
765345
684015
346895
31847
625428
875156
172201
668778
790920
794818
302549
608106
765264
208040
886974
985733
486052
765487
499380
539788
825253
443220
701818
470642
534397
987302
889594
538512
712613
648734
853976
296787
673024
517974
890275
155075
429221
809000
284328
652528
851386
2468
748257
237755
739643
13869
412363
33406
704794
562224
172181
320153
576513
145282
95540
886554
495411
552534
373587
73864
744848
20311
578856
368524
336119
770088
953378
838205
183878
81974
721086
785031
442172
564854
810809
324791
954048
144512
929632
176741
13243
303304
724803
876990
100447
175797
639944
335532
492299
165663
641051
587237
608775
897770
120451
850381
339882
387898
512656
164617
57115
288849
136497
269281
448692
22412
888738
590993
983682
410039
71362
641516
275753
744008
993794
925742
49957
825983
72761
571356
787627
501527
794325
981018
284653
795433
10093
759113
226045
716574
936689
36058
497673
670735
961027
415284
737604
439163
463199
657022
595494
839716
53620
706953
953033
415686
446935
743901
907188
799029
353741
341535
943285
854418
559878
941916
493735
839209
361961
578612
955348
202923
170954
571109
423539
995587
987449
31347
533842
20502
832884
139633
950927
36764
252796
922479
889792
443478
933445
287553
831219
779627
472134
910183
285967
925539
544753
652126
232601
29822
438333
85890
357651
118578
194590
182494
550078
608512
835414
870290
57153
541938
490981
703136
645666
788979
678364
654803
182896
737803
217360
726860
287619
338549
356649
121194
568476
357726
234906
129429
394022
181884
752747
312871
919006
11529
941937
715320
952718
269787
774944
970501
159988
68962
918711
349053
255874
251901
658265
739815
584447
79417
657276
207730
45131
848679
113338
710811
117759
144792
535749
872629
255794
822775
871160
280
170777
340356
881608
394984
187782
326185
330521
633665
290321
135034
119021
78268
394388
969614
707639
850337
567119
382004
349134
836201
339757
88916
882301
644142
949854
10148
152695
103217
735971
767363
332775
154632
899368
804086
805606
803298
647883
88252
244102
780984
841339
727055
534155
503954
116795
533498
388154
550451
342662
815633
251849
52515
471373
539410
989621
152023
953308
372631
128371
959550
639962
750644
817918
260842
925295
822067
661519
566169
122624
24553
349547
880672
989589
663540
670678
91699
641244
496852
736229
131091
91719
238564
325041
227924
567760
266548
718119
889930
588572
183491
376445
607376
452029
605406
272063
885364
702866
193103
463943
265730
495753
645508
642443
933804
240133
329342
690129
95699
967195
443826
132797
419636
114101
424512
616906
102130
748441
917517
922391
150075
976004
834239
731865
368282
602288
144980
473135
483993
5557
970016
994259
384145
516812
335009
359468
835216
74606
770368
125376
925925
840602
314215
840070
116042
255798
598265
978649
927087
37709
49906
779017
842719
245111
550109
866892
862609
179990
427500
489554
280078
464700
448055
965174
53625
3562
224468
802192
858176
273588
177551
46247
727710
36288
431622
849028
939466
707373
734052
565537
967807
95696
309240
733889
497961
592537
723569
658137
523113
638676
823352
901676
569413
63052
336042
875508
321775
824586
981936
6908
612208
792827
149053
965323
72177
601199
656676
557434
301414
530045
711316
611687
323992
633221
556017
748226
389581
150350
315215
484804
221205
529357
947789
208320
291764
194247
237580
427858
772199
508877
388939
289716
928469
960934
988897
611247
179219
284044
472534
176813
952916
134924
233245
893357
847019
808208
389746
676305
940991
112122
129292
461586
682186
643814
462143
865875
512717
480914
86066
734610
13268
53850
119800
88571
898145
67419
685708
925847
800376
23930
933806
871842
961991
973565
119060
15033
639407
822230
40719
941874
24307
54848
254716
635462
594812
669570
609379
381673
106758
740433
955183
890619
685675
327635
243274
680598
740298
337597
378836
510535
85204
625373
678593
857626
730546
698036
744589
867663
551510
204283
691484
829929
639645
714886
282609
51748
477150
869446
650955
268870
801618
258409
954007
915982
821792
833308
704662
261769
888131
265136
635405
165700
787418
426906
934755
476
472396
434197
987418
360625
195285
138082
133357
593529
3890
730799
689346
365808
753125
207382
652491
924781
71013
628028
301375
647249
592998
838490
334001
320088
872000
978648
116618
10193
774654
188757
745895
507370
501766
622596
287633
423973
53408
829424
434389
274087
470628
938335
610560
225903
36293
917077
556281
338020
839604
348080
615675
384262
539634
514032
252973
371143
839093
286041
571359
177459
878006
490481
2275
86218
113749
456229
696774
800750
72746
368008
844266
75063
375913
763131
715265
332516
140657
615015
602600
882605
454577
183079
802141
518132
123511
921731
69535
536217
663
752919
284449
993644
143284
831315
142378
678462
824302
369563
976972
429712
836840
211087
776062
743469
747892
420261
856473
621652
847774
405361
619628
711949
567570
667590
737340
431196
279402
462071
275035
966419
715928
589559
721379
797762
905709
724126
495887
211530
71364
157132
851831
748944
190029
612520
992231
373965
360505
342338
501786
706369
368191
849367
596760
952391
217802
725490
67497
378116
838143
752751
978101
593017
372718
55579
791226
760184
782676
524791
428136
374580
373642
12572
693020
171633
87759
771768
383799
639002
232813
479862
358747
958641
42826
155580
93825
882145
309197
695054
640506
638959
850602
869135
357376
756495
970188
542376
691576
343187
777374
771521
158663
414078
917814
426157
260494
770167
702303
281122
470147
572377
537794
732005
780141
816743
738672
489284
580860
393437
452239
854525
182594
137057
299614
531837
385618
96409
596390
755010
338932
210774
594815
677857
250434
469037
87036
839268
656418
328614
852788
874635
942943
778830
178798
733299
847718
732967
549864
215316
417563
570880
970884
804453
125014
812511
843600
787034
403454
418074
993456
637261
28287
296901
3306
717371
871275
926085
934222
124645
103787
956355
272384
958934
963360
582589
69795
836165
301274
830518
94948
645648
410483
840462
888672
415912
675401
42220
850035
986764
833687
238295
468574
781678
612784
388388
728468
845682
242327
346890
145697
438036
938749
717265
3576
478440
503447
183721
501527
932989
564380
233431
635865
720347
977176
430986
145304
86444
875632
717452
878844
745591
327027
56101
648199
781720
800824
7153
716074
760602
382719
851498
379285
591149
689237
277775
46117
440795
335191
629693
957696
164544
105678
440314
807770
339038
857081
661599
110932
584222
916995
37407
844414
532004
944276
960056
235069
22157
503748
804724
212296
890312
646889
958748
524812
680654
555601
555706
343216
180991
249739
114442
259571
766363
912352
285949
692848
321113
132896
700329
876547
994279
754198
883600
12550
714559
78749
633290
107381
227938
535052
496018
360496
211957
352332
913451
138718
35700
241355
372269
431725
582423
354505
849200
591160
500992
193808
207955
528002
278685
72768
526378
590879
814368
754184
585986
656946
616280
892273
784209
812497
214316
668436
726015
41989
207476
161772
854539
386093
926132
917766
472988
106881
310774
595605
422565
484788
555779
274466
519283
161459
598142
322592
493590
866827
213852
470365
50281
436967
162307
35157
503808
169462
174334
951841
897710
150571
203163
352077
810800
241310
702306
731655
820346
424016
77618
623154
22363
890316
994809
419162
8847
559016
128399
994499
332833
906091
333040
114778
15547
433480
760724
885709
705804
559753
942701
597046
643476
1607
212157
772978
257359
865813
615185
223184
211835
618301
857757
526245
752648
972578
741493
924157
961436
668613
997286
966828
284992
441315
655919
427714
469482
516346
131487
40412
301543
863084
70604
962263
570789
185661
607661
54560
584218
615479
75605
533735
382357
133421
827148
932018
745695
751836
406540
73934
192077
731181
227669
852832
565989
309526
816877
12121
747
789857
661432
646664
720711
623493
387887
212937
409684
255664
957376
641819
669639
550182
61827
465808
718330
239363
861332
203741
235988
551068
343377
163473
516567
648772
91377
85603
193094
398698
270015
489059
699313
400096
707058
646931
486943
696950
859819
879311
467286
760517
721355
528935
234761
187400
515310
522317
423455
595620
368903
970282
461916
573704
836376
837259
883630
798959
942735
704440
528790
480322
105016
601573
150449
289435
5155
865474
270050
743717
800403
59501
935006
112223
816736
853319
172244
78143
303018
510500
812535
501619
38330
270940
947689
386306
163702
395646
132550
775697
338945
806501
767689
644034
431277
8802
754719
312951
580254
261208
25862
136821
478396
780967
84578
381219
856596
771136
885084
757745
266060
125208
24247
994453
436161
966264
260145
498992
858367
614192
157714
190927
927516
503660
591956
69198
104817
741086
592558
818328
145462
833819
579967
715273
563513
131394
800404
859828
608507
963671
566742
486272
285799
515054
894675
182893
34928
345986
498599
981621
164037
883173
633222
984397
234996
838994
351529
202314
474392
730846
451347
718497
549184
499789
168255
18823
965342
842305
386280
586615
643561
170445
746164
782034
370896
860648
798846
10464
641498
2941
743231
981492
721759
860063
529944
48942
320860
463194
765694
114778
470391
488101
560578
766134
747920
719795
617596
203922
28800
60328
871955
606159
721457
771433
584812
359177
408986
935692
554925
123985
255125
838703
432749
342227
163998
958564
388858
560215
652842
852362
796614
521187
196578
335415
5870
517117
308602
579665
901544
219213
89587
924028
12297
222433
300649
297901
856817
858379
873881
196509
812756
752933
711475
884250
537061
254965
161624
997752
223328
138219
945521
351140
527860
461639
799211
401944
720268
44887
371602
942826
270777
884254
386185
139072
237246
954897
464420
639518
452215
367162
66594
305376
570470
112512
854474
736003
626523
298174
25376
491549
308480
33423
671300
142765
600447
808107
551592
595149
703440
565802
208684
932420
889378
358568
331864
548280
425189
520898
259445
565632
890354
798716
540808
247704
626392
432004
977772
774190
899716
156945
276619
581977
468684
791846
116409
142569
751960
336691
19757
782553
948973
77018
757980
674209
431383
30287
241332
830824
979955
37144
482994
73623
192854
158452
898656
366665
708062
441432
343087
643742
427923
247252
641772
325295
801208
912021
109282
236635
396852
623939
443597
565632
337944
421706
721206
918214
248589
729719
737520
294421
862043
116664
595181
855207
701336
956486
836349
958967
954795
450782
320997
255897
521660
888874
695896
491107
996090
980927
614100
25673
793480
25408
813596
681991
502213
105183
154253
986551
982262
427907
743840
84098
374418
897414
850939
753331
450922
704085
43764
239015
561012
502011
255779
797601
215795
415991
282786
616250
961348
801801
709284
364981
768646
929228
130287
581424
523175
250941
5559
599991
746120
678361
123864
98419
804428
835557
524336
337024
775938
941575
321176
511388
485676
917394
952701
712571
360364
516319
165982
735159
593482
484566
816676
860580
545252
706380
810265
950402
534835
823942
409478
96139
204149
158236
390126
420397
983805
364985
130592
885074
634899
382911
164413
679002
60873
149575
176775
461226
379035
762630
390881
397726
336962
11787
897449
775898
62037
870564
791278
155710
358556
346657
633104
748343
801459
370928
125747
292338
606680
1383
511519
422252
69585
173473
403640
763366
764605
413503
68308
644724
665973
503632
943166
69299
921694
316299
316935
861914
945486
869369
267523
505706
394968
496816
7015
770559
373622
866361
860733
638089
14738
181715
885953
909652
932465
101009
474076
22146
474492
554654
439098
580827
101292
463585
151050
177915
373138
834363
159825
499754
973825
183149
222124
816264
547545
681559
345952
873895
876336
851611
242847
710963
191326
548256
476186
807692
231845
501555
544125
431668
787579
797255
920012
858340
623158
537757
187608
896505
684051
21439
861469
348492
676835
989798
975355
539615
985107
395195
451535
861938
493590
155706
695854
674614
222705
33459
386814
727833
712675
151211
504368
283072
821038
245151
538269
925139
81990
590952
62204
376113
824277
892538
609662
370820
493161
686278
562758
616112
870587
233216
104904
424933
349789
101115
692477
956757
550015
422063
223104
620479
669533
369245
166792
725160
111689
713609
695171
974891
85904
673894
581195
106536
281356
943440
709703
233112
416262
8755
678049
176321
412357
559113
10591
874628
182135
213056
776353
405012
557563
34169
347318
51585
799049
8941
841242
257394
29119
764714
573520
547250
579209
373499
765016
982689
69995
743654
589134
83339
845038
878671
831455
260373
947237
794746
491944
659731
67930
868206
35180
764663
566298
532724
390898
851941
997082
692479
671161
849441
705861
655461
847385
844970
444835
31948
365368
432992
239655
746720
863845
866912
857685
429184
752724
805872
862414
10680
359799
789334
46713
912041
773813
925827
163600
917381
986377
920557
580868
515319
215738
880058
62926
973087
370610
699096
872532
132347
773374
384297
269236
386721
527521
405916
690223
790248
329685
973207
967285
558311
663519
520592
444489
437589
351118
557947
323792
446544
140687
564253
423228
380153
569328
316992
803343
699452
716719
381887
201934
134957
929726
870593
57989
875790
620694
918146
154609
505005
889589
517389
187853
387498
98934
405318
445628
179991
438795
997347
930383
327544
409945
311483
93492
898473
432943
585399
984700
380895
697572
486053
564103
734726
691213
765675
319887
673354
670296
12120
228813
221170
466953
268374
292811
118566
880398
280700
399559
686929
189248
973056
670785
465825
231993
745994
394146
339947
272076
742691
559689
308908
602597
168076
997938
831019
911806
290411
959749
885306
510715
474720
168249
497370
512292
272374
491235
218046
622588
422710
505951
425000
210946
585685
718297
786032
478659
396493
355129
182115
655514
440009
659177
806280
580294
6905
299652
820542
620390
94918
369180
589633
842643
18463
207400
917195
940186
41650
865736
863383
202773
192695
71159
661953
903781
222694
270220
677513
649421
711561
205613
806006
967918
444844
581649
909591
674907
579568
961583
504356
592920
180735
900488
190084
238836
17625
750094
252776
200000
948941
357104
427732
345387
461124
175875
481086
765435
144952
553102
109839
931946
927042
188978
530438
754331
211920
623284
353404
907255
332020
778665
481602
86633
365210
998781
310758
404018
942354
280799
517845
234985
697675
551692
202778
409107
844641
528503
858948
377882
911565
938834
741926
805934
116795
969724
86584
634677
400761
810631
819995
239664
101515
27876
91898
321515
971419
642862
71564
783584
428813
699151
586677
849578
387761
889491
323404
445281
432850
533511
456952
462998
253995
207757
766579
997484
135929
334528
816753
235729
827052
146878
425369
356120
868791
282646
295410
254645
772871
927951
355545
106324
47312
277395
22638
579542
402434
838455
217807
236841
583131
774440
25340
134658
559510
373555
715930
460410
231041
452528
182611
693058
622316
924236
150682
940996
227197
480114
617932
487320
32929
989910
169650
47008
190109
720926
185187
872193
629058
489517
357575
248830
368703
515660
906614
121842
803920
622455
518654
289834
510228
978818
710211
752221
114813
164390
895489
773001
81633
910764
648110
79531
766317
38581
350203
953817
591800
237283
964728
285824
500981
437992
631319
722934
611075
200553
282120
769979
708127
363278
67140
662737
145529
233513
695398
276405
951460
896128
960051
768633
31718
42681
468858
882751
226159
118177
812759
793748
67495
224600
246865
97318
151328
732829
403811
199971
951275
33842
870936
595056
311238
777324
454671
612675
402419
158617
149790
967774
6372
208205
280275
422633
50193
817227
124566
845482
449580
238413
342890
835811
367212
484849
102610
830856
60806
661312
715024
153691
119931
364123
535432
354342
218442
675332
206212
896852
852677
350470
252433
109741
563137
590338
895494
518061
263783
197592
153316
353471
192359
552814
218777
977371
633613
540192
60831
194809
980971
954436
164674
568880
631670
412184
273726
415152
814509
239819
375430
664664
996084
517156
9313
228597
603839
598483
332399
527704
61993
770515
56778
477267
824037
326008
956488
997584
172171
474138
851932
488781
416916
860446
2076
565368
260129
603294
471645
607522
86645
9076
857338
316707
581828
749864
705972
5003
535331
193779
672755
539840
275678
986416
867819
319865
612072
177118
17882
519382
144813
908500
972141
386137
640132
253506
803394
97157
453632
277983
286857
662353
27430
844660
214339
67145
724280
964485
345964
104834
54960
52951
922806
358968
847048
99875
106730
788038
515510
530389
895923
996672
190454
472449
300790
186672
555135
512419
935961
50284
917015
621265
161701
976849
32642
689599
750598
147486
234838
59055
718895
580015
224618
486963
844442
392531
791469
101344
933293
816589
785938
145681
809785
795620
870889
923733
152667
26535
932745
401782
60933
546625
297642
774119
468183
187444
428239
113865
550759
328181
944352
208730
937952
417636
913173
200314
277382
450983
879631
996379
105687
663458
241473
634181
810061
431957
658059
245636
801601
878417
948071
370351
873961
999256
906748
875989
281666
168144
24912
330437
766985
114340
496347
876602
737826
946488
414518
469281
86620
948294
62450
428937
167948
206810
635462
472230
395669
706150
197600
912450
373706
156163
215964
139265
113130
20933
577682
642383
835786
869049
703690
514984
804944
612093
163530
92867
660379
39036
786832
382812
149952
950405
485532
233949
411568
567688
796325
869544
89909
641772
499307
548931
244571
625999
582124
387361
961515
84123
108528
873481
557010
482178
643583
334501
921633
618134
364019
802666
902574
654470
14632
535070
807255
722233
926223
883019
581991
447232
476578
233662
44560
387132
149170
470844
485976
307724
411676
209986
462289
805232
227162
177720
296768
61951
514869
655665
42272
961665
422872
965921
281087
79082
859328
944156
415237
606260
754832
212231
457364
305815
260418
586909
21387
207528
252087
906912
489509
747915
84334
544090
328447
274710
336915
364750
626871
440260
830767
716864
668912
971411
164158
405726
695665
638523
499870
258954
11117
752523
253027
690245
492317
609569
827655
448761
16138
571589
363455
134563
934055
766755
52457
497627
601562
880547
555745
667841
914267
563495
264754
930886
844597
293152
264681
728852
676458
492941
894598
773915
885556
860050
489100
386745
883045
435185
727160
88965
227247
844583
896718
944249
766656
642277
556622
63481
319622
628585
215878
282820
328272
542393
60865
896566
725589
217852
307421
60215
77261
485749
835066
731972
297213
704284
164878
30232
893648
821979
957590
991350
568929
526754
774503
272278
559958
153767
518563
803113
550246
54333
558854
23883
659834
352784
573152
328517
405361
909371
374621
914875
270974
9862
917312
853624
161964
643263
855982
668052
342146
769651
253863
8512
659778
164042
137487
940206
432075
677052
379050
947423
400286
49844
891047
295946
236797
569279
283667
293926
117743
208177
980846
204117
974625
25684
590619
768621
400103
426126
772784
30243
413151
81422
402926
759894
257654
640306
329546
366518
277636
491769
793002
722063
809043
798432
516331
896438
389565
782555
335135
818382
691827
720177
807316
58935
576602
482100
25615
92053
225487
562140
12824
495608
277388
918272
396079
269805
784546
854512
907932
384864
593958
304049
302244
966060
30440
238934
31128
937409
725342
49591
836487
347825
647648
612369
710803
820311
126157
921914
223393
919396
445515
377599
203114
630791
423403
2332
708719
783416
134186
681302
478793
198114
134739
432121
87518
680555
186243
474282
11056
178849
338309
92904
421455
30466
765659
530083
919343
519848
341470
588408
845844
31375
513724
116873
150249
978757
181665
694902
834864
371757
733169
734778
426900
275439
642545
109220
25179
485311
24581
775023
380087
416905
828372
434625
194491
887542
846024
802813
764139
468702
763633
520133
385132
386954
815241
894863
494874
354852
189778
756322
301945
198334
819420
546478
117891
417915
827042
96582
175967
5342
945748
527163
334835
348717
870320
312278
929744
804033
588873
935153
271244
42541
347434
375730
956269
973321
835668
46437
726785
359578
951970
333301
169291
58399
392398
546567
929304
865274
618252
282932
545775
132601
520724
807649
951334
41217
944381
660220
591953
859158
566277
575636
518358
607497
296173
599829
428828
329535
530113
876319
367906
947993
790645
660803
457836
63493
995115
844762
786839
473057
436626
175809
343886
283207
891432
420532
732501
196665
198943
94790
241219
607658
766110
934202
818701
322023
333278
802626
763516
459873
608373
289617
319680
248535
441264
122207
416351
762148
167896
847161
464006
349154
934359
379393
480512
398906
114677
397257
870788
185674
958331
710408
63464
988273
260344
775671
604596
301754
701601
62283
589778
518946
471187
339151
992801
856711
6581
860509
366056
627888
184889
319993
936039
855091
655425
382409
561801
140295
355102
637493
33271
876967
395443
781271
464646
379230
510648
116575
621776
921909
17755
957382
86368
657591
546304
653421
150407
894558
619625
878610
381771
146908
880561
93037
980863
256007
585075
463341
156846
111713
152648
948682
829233
587459
267692
823047
741600
215526
282050
759622
437861
802830
952238
424071
70252
902164
922784
781375
919159
126734
433329
108881
420621
338461
955173
759019
350674
866194
846993
291264
529458
408701
408214
291549
185719
959892
883211
11114
234875
687805
612153
884352
745207
514809
280959
859617
806713
547436
188886
417816
95540
227917
802543
422766
934449
744102
788473
659846
223268
876040
93694
225750
641945
680783
992877
260802
85453
960781
130354
377047
672666
133846
421121
860960
749002
482408
180786
181480
93196
33844
633607
29262
554627
655885
694601
773182
929788
882348
568847
672593
609528
609118
560928
181571
656360
549515
108016
386253
114615
707811
704775
590559
931329
831782
726271
963708
193121
542672
412844
969265
162471
18208
782614
360435
535849
774020
102945
662484
282608
204899
675982
315042
655124
493382
429786
355996
158690
894692
687236
250898
823929
548360
399788
839832
954292
682145
981079
13158
275009
219174
298895
627599
696016
314340
585255
857564
933096
350565
813213
292293
278611
1918
829912
814475
832954
913462
238352
4533
396875
659342
581900
265893
514070
869362
659719
813653
218359
193530
502444
434356
649262
199005
101825
664599
205771
929011
583136
37726
76292
19876
884959
424420
342889
292531
264657
881570
611566
940577
699174
399393
823527
941119
886573
778841
285331
609235
131130
847339
194895
808038
506019
923704
108
41961
519332
474908
42458
713089
213410
578763
902851
571382
34893
21766
864308
697075
995294
800377
883510
198267
468160
999924
5307
635177
400907
2500
446196
697377
444331
72365
489215
144793
229791
917319
571774
929150
843357
623859
321347
395460
511892
67832
169639
586061
506825
247485
307386
778229
397027
485029
935060
220216
868354
322115
869706
847105
780489
113272
349693
548559
607228
926000
425804
968774
698437
602677
235049
290960
618257
348782
441865
781166
565335
405113
636597
64159
104761
400736
935230
847531
426755
754426
306701
41996
81488
438305
482008
857338
922251
170123
392433
484882
14995
435719
213625
659490
124984
862550
675249
539859
317538
430628
910193
12211
200018
735329
610993
269599
516480
439617
787268
240778
222050
24588
900645
703148
229006
175970
512490
371977
358966
883151
539541
245340
170195
379975
302538
437664
822429
180478
501914
2684
748278
733670
435581
632841
164774
263366
110495
180097
349313
473396
300753
640581
695461
702639
789792
368714
535328
979419
684739
226978
19118
457305
594029
422947
436959
1730
90883
928246
269015
27585
381800
506813
925040
246346
231539
528162
321402
434171
354178
539513
70882
194765
88936
220625
702448
96566
77506
524636
282474
954207
12327
607672
479510
965629
795837
989465
21981
238607
340520
644949
879691
145522
871582
780300
991603
175716
74390
118194
943984
996755
323295
548603
47558
379489
977485
935202
41126
26615
975182
759893
297872
156227
565658
492736
550547
215887
361545
264052
22256
218367
106558
745716
669597
925223
979521
891420
873829
673863
697515
778095
992876
46948
231738
288827
455184
293379
681221
695851
541996
272581
545097
73449
946102
899994
863649
162541
903304
146723
190228
904103
215996
787368
276424
226053
270896
518259
623061
502177
333161
454407
746741
611915
464915
339776
855
39278
869286
683016
640978
13409
152997
468019
530231
317004
973952
958776
893695
30069
414810
782605
673507
438118
887589
75422
525515
350589
357992
658473
782686
775696
169506
171769
136824
34298
816393
646012
127610
71943
760235
608387
631610
592568
885622
699543
463835
64435
310355
718514
370936
503498
169580
169249
508218
271718
330318
420660
562057
555215
262570
281630
355487
417691
53686
141488
681656
509490
913201
861997
138854
692922
53443
506441
432001
71715
919874
520323
218811
296912
432209
190876
880529
556896
728419
318770
711389
104857
964893
69182
690440
620145
775002
110054
97438
19000
796680
757888
765818
778149
471983
647269
889888
212923
110866
416685
847977
453655
21230
217740
33049
867545
521567
561864
840972
914349
340898
717078
670543
149237
168437
332817
598348
633684
357595
296918
356573
48538
379260
899966
518785
143367
159272
782777
416428
908990
941052
601219
731832
296072
18333
44294
811066
748993
221410
599564
546672
523939
104974
873695
232790
397164
653882
619776
142231
553967
642321
937408
640161
434741
902069
969213
612241
760845
632576
704060
212621
137527
634277
228704
322033
658281
337972
153605
901601
256828
215484
499324
802622
30710
102986
237603
574516
435892
76176
661791
774831
783412
471202
25081
940077
575421
681625
333906
683951
570027
108634
591492
997065
602075
26225
870999
743065
644207
306454
950621
315028
343294
890386
137131
671036
88539
739515
417140
364590
698944
639835
392131
323863
341144
24943
20372
761351
256230
913931
987088
358941
549525
167963
668196
388514
772380
332036
841725
596530
897869
737192
695970
769557
997627
789001
309485
391853
572870
317253
602407
806279
779269
64127
889279
92627
793422
625054
151719
621489
546596
385903
94668
53857
777022
341286
636784
167709
294704
714562
569509
424963
564281
186574
589927
693609
200424
695235
316055
382485
344939
232971
742672
136197
244789
386080
938792
860840
553099
9747
845189
56752
604268
336169
822617
993087
780763
415904
225659
867134
233290
437455
394915
685133
170149
946987
463362
573332
402807
510118
110588
411448
204285
829745
671555
707626
352262
768290
242577
978457
453443
865073
566593
197319
940977
330973
407115
589817
662815
752876
488603
914184
819422
566927
532876
946901
100805
838947
595462
838042
141406
177428
663792
334875
974513
92
725588
661691
41514
79146
213647
523242
370857
960669
79537
365756
178471
158639
118263
358997
513920
127919
50402
749441
351777
29414
746227
863200
447886
93211
73030
410942
629072
15155
992584
457857
359098
314544
343255
797371
533655
379738
901941
34976
409394
697339
763111
662609
134850
484419
466736
875095
51055
66764
269285
818475
735173
897784
799213
751089
387828
711863
178455
477637
95873
63781
401304
589486
766925
450192
902687
349488
340480
412119
505623
797054
683218
4525
214713
640715
466678
909437
689546
98241
226467
867752
763640
669579
170624
746
171149
845837
931115
723162
31822
370867
458662
742288
840243
173671
5982
759137
245506
612700
910554
281669
78858
694728
824380
682330
43321
999342
706807
626497
158618
425049
895886
53478
822831
375973
418372
695390
968295
780534
398566
562537
98173
25868
708209
135446
57901
499183
979489
489734
53778
309956
686487
271624
210593
71682
441382
511652
398844
719870
243514
257971
937652
427938
909157
862507
796766
514876
728583
28345
63184
287794
6746
765575
14329
264532
370200
105181
739738
632650
152073
115043
978533
937772
217132
753605
514288
228657
172225
227119
659222
384830
728049
192440
294507
449952
488987
882715
722393
601877
475836
994655
46619
930757
762170
270809
215446
101134
971213
418760
22415
398076
116491
510302
39629
372312
197326
812062
990540
436759
15300
839904
369947
389428
972562
939890
296467
339032
803173
110233
92468
984052
748696
316085
858077
219697
660859
681666
495592
713343
94918
733754
543584
464842
348634
557720
260831
321483
144304
448376
782409
560123
574880
405083
341343
754658
243728
730950
524544
972365
988471
150025
214082
672029
257549
604573
647017
307004
836945
974695
786306
663723
25014
214297
801759
162103
579435
182072
608944
685002
903558
884408
770937
644190
937292
40771
30965
447372
46751
487512
772551
600067
720773
423824
258521
663508
230225
241341
959764
355177
794608
716011
803770
622998
912978
873288
502691
303560
453170
297248
233554
596953
405828
190976
47027
629702
756026
908156
83763
720184
272372
586445
316156
782718
367746
356178
966284
754780
527766
608439
542833
581309
589067
240371
659235
376515
630668
62251
830269
705919
155490
667252
945433
539836
155422
786870
223496
163126
320351
861547
59243
23720
965057
445639
199410
762691
622371
796786
494382
778298
362450
872433
988180
138106
378327
854818
11024
463287
951513
817958
154883
783138
909617
194521
930139
108407
420617
328188
656206
401970
767471
255540
930867
389665
708924
484907
156669
847573
202587
224725
820692
328242
621496
898509
93010
958822
571143
939549
408727
385654
129134
611421
568201
285300
925904
639026
282027
197837
835255
533624
989017
367487
408989
775034
288797
869799
863767
392862
35633
874552
97247
254366
454098
461192
374780
906033
414334
955076
894800
687816
178954
582340
255486
182579
600673
695034
768630
732004
838877
5187
571614
785612
91451
972128
135518
906018
151359
27582
386120
88770
757667
7025
812771
472242
218045
368447
439187
999807
603500
276697
993702
612230
790718
972133
303869
228302
471138
186806
45333
720467
706116
455197
957169
314590
836555
914521
870182
76367
610667
903977
369602
317437
328295
710275
715162
477492
45543
408989
708719
893725
517233
891752
882364
755515
540359
711900
278495
528913
715357
760110
644193
404450
598006
275871
629924
544656
304154
863662
296488
241190
119670
617582
301114
226481
999440
608434
823673
867721
207332
859364
377734
797549
461472
228597
961927
184012
552569
74286
401752
124256
346664
386469
810320
376117
966533
178252
170347
505992
758910
26980
438873
301706
547956
308175
938210
994884
318322
324290
248884
813972
387978
795289
93451
372181
793486
589060
570939
120221
551912
990687
793565
313823
199319
10208
573844
980529
849158
653289
820923
23145
504715
844094
550316
419616
297209
845392
431
705560
393506
978360
82430
679226
195116
755583
485234
37368
205838
172698
838027
488913
630312
713907
351968
771827
98301
399522
245857
961914
569678
742075
551494
904662
775507
260672
499799
550539
865304
331767
416406
72979
563955
441879
349388
193310
451230
635932
975983
962361
721461
872186
650605
422412
686925
727853
93079
871870
982894
302255
168045
151731
608879
37635
375746
843189
175405
29871
270604
101872
371943
338182
417610
414807
285241
830819
477714
605925
114803
717810
166518
409022
985046
196136
88978
793908
798570
227859
110517
773733
373055
680907
464746
940353
811966
692808
366306
964073
318762
44814
56575
613491
983865
31811
638847
609418
902409
270177
928451
945138
304129
541702
371259
725162
330949
348584
231217
226282
844309
233575
92334
105292
985795
539771
212236
437703
412943
110604
986394
437270
52256
862177
501925
595575
948769
905648
98089
232015
58230
415635
81364
868458
466842
333724
210547
272097
402135
599423
554236
63573
93280
952366
941046
471959
498126
347650
930569
188586
683189
509844
152798
803168
811491
576940
957234
520096
848949
433233
248445
62153
733397
180095
59321
906801
848339
825591
1425
904327
290911
713392
254695
850646
915873
258923
369410
593962
910965
765284
139795
158733
978758
918564
66338
492522
43270
19060
977114
289555
561735
4844
262317
449758
111417
250281
193637
399146
262528
111644
590601
448831
132593
219071
35304
710100
621674
261860
664708
107626
321227
706726
107934
890005
59029
977280
740955
216922
762397
719548
186896
990196
988716
10883
34863
503473
788022
291859
264653
434554
972150
931920
436815
638383
220962
638321
327281
423600
322640
117339
977842
190713
615013
770827
310495
664677
91509
908396
882043
880403
337661
682120
521800
57062
426360
821211
805173
490342
739873
977347
743012
288644
740614
443220
266199
724346
543942
170185
690806
632465
857639
446037
166463
720956
536278
202903
950922
649570
444348
655211
496120
328889
634361
87772
318776
723534
189055
42488
562165
286753
154126
800637
511840
932844
993415
383535
944341
412676
939184
851595
808236
971609
422083
415381
228319
324056
225651
448526
741651
885743
877564
88962
653509
875504
98597
608701
748114
948111
840853
442526
100898
426245
468239
870915
138675
103511
151052
371620
823230
930353
88116
976316
433287
708268
644472
974177
804998
954863
716495
335605
811501
676273
842122
672885
178582
441692
649046
720558
65035
560269
326798
348880
183729
133176
787003
885659
275473
476521
555177
920054
403012
545829
129894
219614
867579
281391
818970
268859
243177
302630
803006
12111
710157
950412
628666
906887
427615
277985
412383
689460
233750
850862
647550
99987
162580
567709
607907
435848
928495
656453
148017
746986
952285
154500
179227
439415
680571
58373
199357
179432
758970
278498
316501
283168
702503
58531
271265
745598
445141
464099
913365
459217
953256
512403
302777
970539
928065
507608
760221
843086
405313
49232
745018
154180
443196
350898
849639
150475
865660
181779
416308
487980
61679
392453
519015
252844
610990
961690
751760
182556
338730
374214
559499
311435
441141
925795
892306
731164
352426
757709
815932
590578
746171
301
348182
801863
863317
500500
327773
125980
363570
345981
923349
264971
695098
565365
578056
12472
915159
753878
926430
324134
352404
921582
998614
295014
135472
247871
67807
616937
255557
930784
550869
122487
250704
103681
830619
33528
489501
363660
838673
352048
669072
631078
566130
404488
838225
412244
805837
470151
882837
291451
785950
145952
805638
350080
836425
75684
187407
492558
511410
413848
701317
86901
8507
688097
390901
521839
530971
48476
473094
719167
211159
946122
419467
234035
180384
730088
274472
993288
659530
259485
572957
89836
888612
353485
214644
190622
292408
522251
388227
314738
781216
19499
267871
613360
64899
234228
917533
378332
669995
206069
772678
892753
317828
10031
804758
289799
378612
347695
238513
519795
695313
371263
673827
712973
708611
728946
599378
960749
568504
516638
821699
755023
732797
605415
328197
512182
596288
277045
967293
677612
324191
563271
110735
579558
131500
381537
188519
975174
783680
118177
144225
429755
897912
282608
958299
495428
575825
647763
299860
767441
319644
311329
532609
818058
742174
220879
173804
509929
631494
142247
650825
264898
58059
223768
114327
309923
623586
353254
452335
898902
516569
278850
477677
32771
611091
874484
894520
855346
112416
728500
683887
783919
673592
979801
855217
880902
602901
449321
148617
862510
106986
446287
190517
313218
244227
175082
512401
274538
827962
871809
550949
127320
65619
184661
702024
557358
647413
199503
357231
809278
679174
939801
978517
211433
934369
734473
274249
516712
126518
669751
207823
727593
253887
331503
186356
915921
976795
682562
98866
891040
714057
508151
372731
12595
893570
845471
811109
571362
580722
234310
690867
143241
318677
938885
58364
533284
900395
599285
494843
83092
998871
239934
905138
133886
293338
876877
300731
657299
639846
7844
170540
599146
676386
653387
98278
270984
105978
903140
280507
484610
250591
933212
127929
203898
839010
932478
161431
672069
251752
917089
914235
725741
274379
251906
354086
870866
960014
393516
38589
772331
199994
716883
181813
495338
480473
805889
158681
183806
112142
470120
896187
457394
802319
586518
239029
476786
747137
605766
856090
569966
617583
15442
982271
826647
60774
372742
650399
720647
883055
830353
593711
833597
474217
377877
554047
581637
694403
83933
495689
179255
27284
924206
719002
711318
684183
741750
221850
235608
388230
188257
157626
639557
647185
387083
832824
89592
103419
577808
104914
61250
697042
999166
110469
994606
736201
266988
570880
501088
93107
960420
937898
471511
452766
564795
573965
278673
500362
782402
541917
913166
352901
653077
477673
572268
375716
512464
836765
717361
298464
649122
101105
99432
494026
40633
142514
243938
912428
562077
362859
854621
64638
608665
944240
146115
62978
258003
740742
866761
272060
553213
608498
59704
770257
373284
854045
631817
495484
582502
974880
775336
170983
853633
828530
671131
972908
644294
76011
732156
273383
413420
625140
808418
538231
568384
881742
753566
86610
812474
940027
448161
266882
224748
351372
121019
221696
9747
398984
174462
921835
994192
517878
515969
863717
517424
346568
187840
158795
444135
4516
691297
492494
567836
908176
60626
881651
342878
801401
381901
980131
507572
299103
482301
72879
139089
538401
254907
507813
888742
929696
752369
330056
230098
173523
987743
443630
361589
302055
52476
41723
815266
346384
296308
749237
418866
994289
484112
705861
545333
584804
139380
224585
254148
868006
993793
240856
960242
771938
320219
683219
94753
529880
443780
986852
896240
893674
121383
915286
54162
395459
770225
916177
748090
266660
86362
454704
61298
43469
546818
867905
845515
719684
730614
503896
874991
245701
569489
785808
223890
127942
682239
846368
438535
711781
151837
422037
758319
795632
969724
421233
589132
919185
979845
672672
607220
292436
622454
119443
222688
694231
538954
184892
916516
864461
959159
719076
214073
822254
957585
125804
740918
957567
445388
229982
303902
862073
777375
558319
936338
612569
490243
83795
430567
658883
212634
175677
594
928915
828781
523634
330048
933698
479694
927945
345410
590770
192732
416641
71142
385751
487333
494462
916641
913217
149414
13794
820712
66250
778605
615876
966749
323672
161120
746448
483814
801487
153622
208059
82394
272726
766626
251553
806357
53573
379761
59964
929515
398632
885705
373059
677689
155890
894577
660061
891095
940866
311152
437888
818473
471562
604781
442347
219221
862434
329269
676732
217359
755304
532316
469166
384399
724049
673786
142835
600357
179089
216215
638890
420195
909603
933409
724221
514616
404341
811289
765402
78684
725748
495183
154700
753319
159279
65794
166645
533757
808426
39081
168746
775268
911426
933903
557675
113846
179639
174873
755198
913457
47387
197731
62887
168620
299862
247241
734597
991397
698003
464706
859851
77941
71627
648294
979738
801124
973740
26704
729144
245145
451557
691230
270704
76778
317201
919893
622534
979730
291965
986082
965972
159936
777112
225723
964677
349900
976694
63460
595053
114116
147265
40462
617540
464293
988156
28249
717438
505766
475189
38202
833800
493165
127239
18680
248544
69989
389129
552849
482321
518311
790999
241785
264970
156949
436475
776770
980506
376582
462199
891031
311307
949595
244465
738978
231384
952944
71547
429070
418444
11758
267647
324710
162168
822014
891332
474524
240016
325528
923359
67046
281890
881657
741304
766531
251572
449715
53495
301020
37434
537694
487692
356677
202801
692844
805465
626658
427867
895707
815356
837095
261079
917443
901500
192055
525724
98191
211279
453358
128466
849736
276421
557690
813645
641741
476245
452516
561510
997343
941059
656365
646072
794457
877098
688979
8564
785341
919659
598579
304802
697001
312690
96136
446005
196200
249250
276433
861833
783012
702685
826385
123451
819577
196401
881456
728933
155686
500194
680575
710452
412061
431440
574937
678952
252474
510213
870756
956328
930960
519453
488823
126336
629214
502994
421654
518840
221856
455971
278360
102610
941826
594657
924522
561055
340847
307990
895724
28542
783048
355282
264889
432690
591793
540115
583620
605279
823301
754832
175773
85793
966505
441826
619347
555401
403710
548624
276852
353141
927536
297525
439792
887435
607852
175184
802524
861970
324334
509608
589010
763437
278712
168730
892149
158644
357086
973633
22290
825776
627902
815232
824674
18803
629902
207470
234860
810706
755662
984927
843079
979585
905180
597131
55293
697417
13542
867166
369355
323752
254457
279131
968326
727173
488760
681070
313367
667342
30441
935948
967015
784048
524074
98569
894422
401906
411905
193910
892580
712111
300881
451060
204978
140910
318375
696858
759075
735391
980340
480702
995805
907317
173974
342628
255980
260442
771022
726017
735813
492179
85398
475050
316391
374258
761292
79390
477789
861234
913031
977132
934240
748658
857419
579842
613594
209425
239511
307604
297030
875042
757723
932517
694003
537484
430342
513333
39527
949185
685886
838408
163808
207321
992745
111694
168374
994506
537512
567604
612700
80710
127396
230726
134981
936882
490112
82815
595043
666750
120366
479407
74634
192037
602398
690695
552180
234243
801680
213764
567645
180110
895434
928246
874255
696306
430822
844908
491064
380173
454467
23614
330807
7044
650012
695415
147061
734464
118005
543389
6320
175049
883249
531997
222547
662397
225025
751960
643201
856172
286263
135364
64561
360851
816504
919296
808307
268596
594832
21369
567633
762830
907616
276914
541329
47230
647474
189747
120470
325938
844717
725328
969382
14278
596516
491220
438086
991933
977096
180747
541185
674589
238910
228457
125000
546599
580172
421082
712243
594801
223084
261415
88037
580194
472707
808193
648590
360138
464683
658478
405771
316571
269932
720141
752360
790792
705226
551111
795333
449401
905336
860692
89878
10792
752682
215271
774852
345819
196104
979896
547313
267838
885758
954604
178393
642460
677936
434914
808595
885882
347787
425628
179127
412752
40183
577096
659866
348453
427945
525482
880181
994246
62612
291561
582884
736738
838399
433267
481546
617989
376178
363213
263249
986543
506954
942714
44431
849680
190956
978631
17412
174947
933974
903473
502400
928804
446161
321204
125153
532847
610563
743410
410362
309943
686368
369660
261072
773407
431233
783295
313790
483128
340941
390414
291704
299800
502099
354055
3564
300115
489594
401189
871300
634969
210320
277282
370824
378412
193918
839367
942177
641660
360732
646801
82297
131936
698977
508033
123709
99763
547955
942657
181828
606985
572765
215150
886985
718413
763103
527110
98324
15033
980126
537135
576888
577264
788540
71138
679413
343419
320706
736242
797629
728158
73914
602941
1044
95638
395738
642030
736656
177650
820314
199340
63552
830731
617255
284834
735785
740322
291568
52780
261932
538132
952093
66075
214851
1148
328671
395173
660586
812773
604834
123692
295706
172586
272736
33577
788016
715501
585615
476533
256173
756464
858938
551156
23703
625363
380398
719070
348796
629098
967178
36779
934422
86010
111482
695706
737290
923281
435261
590239
240523
544127
767329
667367
766491
910452
772561
275337
337202
498615
501381
651274
384375
806337
248087
458765
506347
694388
343158
267093
335781
883771
774835
833465
649144
155007
917753
133859
604144
764930
480474
201156
899451
699356
716676
828504
214245
59536
693074
658577
700092
189387
966270
311331
187474
765688
370933
249131
420449
630146
435331
331324
815369
265703
421677
97928
298740
195446
466526
205800
316826
931429
834297
216584
450656
986385
323725
650290
951196
818258
377830
899317
488308
501562
428160
915826
198500
786475
709079
336386
793053
136658
179674
988167
773707
484100
27326
309518
240687
193203
692462
760542
9131
286028
407199
637472
741661
336561
534018
321194
854882
533838
29011
225962
215612
693914
766607
419115
448206
522732
998402
478663
372164
691639
109758
42218
655951
118436
171303
64574
500558
220555
117804
271480
419016
365005
279760
926591
888598
695888
395814
380980
311006
74520
348251
786402
379642
567871
109
951811
845878
720593
186170
885037
895352
971270
909043
659480
710395
519644
431919
356940
978355
606929
502876
127915
15765
167034
513936
721240
850991
678851
392830
507459
426994
116868
343619
208147
64784
112571
635424
63598
939264
933356
695427
907496
987935
583314
274622
484933
728944
595392
27609
562285
687172
948121
846018
751723
344501
938536
567651
296225
88780
721629
143628
76748
734850
926437
109967
86000
382884
382565
982507
145760
377231
521682
261728
386796
948891
79343
632994
404519
442133
476004
688104
155475
413156
702712
448995
306796
624204
565995
989132
67982
559761
483443
85590
787907
197427
733393
389891
557357
271576
826702
242323
382796
13192
327895
469590
910381
362578
340722
933347
595248
892235
31772
726177
321076
571318
306817
397250
749985
177535
644119
34704
103697
217506
525272
427423
544731
383849
568794
493603
223294
293970
366028
847706
851047
31374
569999
50601
11615
49126
629231
874629
481364
911865
434428
404616
427715
319136
581705
327652
56574
852530
52864
246195
769695
398755
393312
439084
885577
686727
146773
548466
353495
83381
988275
158854
244517
779270
893454
913949
699319
291581
142264
693773
880521
547968
890136
823905
977331
513157
954083
840011
591033
472328
46778
402745
417517
874808
725088
304576
219393
872050
272790
140149
240749
567396
542293
477275
551481
590228
257128
618486
608488
434425
650915
904062
408833
656711
514755
366767
254779
276232
322084
679741
430276
760422
598489
817765
594798
465349
276652
599583
544374
736269
781426
185328
904691
124421
81801
832603
38168
828571
362544
897335
964965
824256
609924
78300
821232
443760
446035
950839
132172
989519
701215
15229
635987
679471
221809
141116
490070
545198
227158
881037
554589
350780
418491
810470
43229
35899
860000
702348
183221
990271
466364
722149
105892
507380
481326
98476
930828
77343
320090
838205
926427
509565
646824
937296
414044
343751
369109
990082
673433
146199
117108
417871
614762
609829
899845
364061
620639
34538
422576
242865
755717
378981
703455
838148
232345
302267
399157
868464
12615
893881
860910
481989
444253
483126
325716
118777
517329
894228
406427
536507
652907
723109
613018
1000
253840
882153
816422
983959
964973
951989
351565
780303
40188
452080
342252
420568
946678
243384
596909
107694
367957
61922
572513
119122
662085
214109
429686
761596
724966
816439
777301
439083
373824
776250
644123
508956
977668
802543
199601
330905
305915
527938
525834
165608
525326
225733
550712
718245
858544
203663
725100
124202
209900
871357
576840
629098
462662
46488
738211
507741
212113
704663
646232
248149
854029
974651
110795
840176
469626
814296
514554
844454
305597
416756
130555
225986
386862
833608
480087
106030
426556
19171
317123
439718
872766
546350
750519
524431
653719
168522
555758
866657
94276
181462
632760
671998
278469
168652
383231
313511
372005
302539
248532
583300
291496
708399
732341
956512
917777
628252
55518
440
32141
308762
276040
204840
728127
520026
131266
788870
396137
547415
118379
926666
84211
616344
672330
766634
327707
935698
306442
337285
742778
962090
443477
718837
122543
195927
358091
448455
589162
952486
953631
824391
707287
214167
411534
302708
6820
429093
48317
781906
12337
285283
169263
648223
519572
385346
451424
437981
384069
466543
93632
997518
158509
239833
307215
96766
18950
771728
901137
721274
287342
486153
737903
482334
578126
867774
481450
177356
261921
439410
260860
925625
204132
556498
758285
55649
568537
125943
871374
63771
971703
566408
176822
45511
976305
109757
867095
321123
959841
890494
949340
840381
501777
746537
828193
15299
962406
297203
479727
481398
254122
807846
304147
686781
585396
482696
308633
265430
675382
16540
249962
813415
688739
898434
11263
190131
790971
340729
538689
69864
430132
226309
358719
775060
303686
66028
497227
955640
215508
57562
134578
932021
543474
389540
7125
628643
656919
138217
940136
92865
85920
953173
322759
407686
660798
407487
189936
338518
83902
547890
835041
867472
964148
461897
314447
222020
242755
854259
348416
188738
713994
235095
365638
953613
856366
185233
119640
307119
161472
944153
928846
495270
874507
267141
211193
903420
199165
953573
126300
141492
387311
834892
540043
507360
776851
755630
686431
38288
518201
337509
140755
769125
71358
309326
435007
463299
871441
481168
594798
752996
717539
676476
103198
495434
436459
856208
575891
238157
882195
125590
79832
487378
771010
768810
407891
94812
871687
726232
806852
672444
2527
484451
225882
890724
73059
772131
861042
24858
68177
480006
529965
863880
513141
346423
729260
39727
867571
922139
704042
250748
325044
813752
651703
751475
909931
716976
843021
125256
236035
729708
509585
270605
186791
958228
783143
262468
196589
88954
320370
694614
576159
524310
246567
767773
245608
342124
914317
271068
939864
56394
396499
658126
888980
413293
139597
608411
408797
745411
753293
666727
833403
104908
206042
682629
945861
254874
634128
88970
465296
580471
181843
137595
701490
392805
479473
161768
892530
278976
434132
220178
964430
448512
690784
730055
79015
303195
944431
469327
27661
813767
703782
708479
944867
293085
575732
724842
61679
417113
18727
554679
887232
933822
348842
952014
774012
992982
319647
106028
637445
627607
693013
9815
152392
860898
900198
181675
979234
407140
770800
30994
7982
466463
760174
933906
143727
311619
456754
277568
279063
836406
172673
847698
96946
797811
27851
296722
220722
773646
651909
792879
266967
181398
944037
444590
26491
857107
488825
149565
212919
127598
362981
515176
70645
369392
279927
306789
521300
134435
703848
155529
988721
695764
128242
236125
843929
942266
190920
661580
541767
115569
378679
287539
886171
654431
256535
950235
650906
829239
877101
385603
973084
780380
551009
438165
481814
342813
811286
532795
323908
942943
828139
394827
991859
17176
152910
69598
873320
985015
382648
620670
479921
213154
204233
211261
589062
184407
260096
160099
977114
533556
403414
501631
192260
467730
865016
70558
503301
821579
292896
301594
677493
349084
637135
665609
891983
768038
509289
964183
849493
683023
802796
466798
994529
65029
590478
461521
414602
416931
570419
720264
589743
621420
798024
464630
233635
386483
492351
8966
230901
98973
590183
436932
141658
358079
976550
232136
51961
121249
787606
879756
155539
372900
700730
992351
527054
53759
371356
260147
806877
625573
475332
160144
953997
260227
813015
240811
590637
574757
639433
823506
817243
645048
332352
860030
31207
368682
250375
973131
178279
872430
559467
348035
637527
361115
176310
184150
620138
405556
22405
336614
328113
798850
851720
145215
161191
971678
880918
559396
820439
159115
367211
366276
697066
823039
275455
846476
436305
494914
813827
949526
986891
298224
702266
76734
388179
12633
514610
933845
181098
886279
974495
988335
359484
697567
408018
664407
77745
305312
478427
825315
289683
40265
929464
770082
647959
418647
809464
227249
559178
729068
209968
548845
463577
335243
430425
769794
279101
403712
705093
244066
680705
410141
778940
530834
571121
75294
477751
763166
24993
180334
322552
151597
834007
464771
806724
879215
755414
181860
409662
883251
298504
589706
311906
209684
787655
683748
997274
323731
179592
895157
363776
933761
29092
753881
185969
919251
961668
254757
302154
949528
895145
350123
919042
736902
615318
133405
439268
50352
893210
312457
68519
987732
52221
610946
341355
624720
719367
133855
652819
592885
374951
531357
290809
839284
837895
281760
590930
628917
438122
801942
798432
891143
863486
927484
74062
101105
827460
744571
204779
385511
944600
761834
900806
320217
768031
185911
178338
105573
232397
979999
370262
276076
638673
261658
627268
63745
294109
292373
393843
125502
775893
170583
817100
203569
824147
672837
496494
215092
828565
910849
415214
622554
153284
543916
532974
99397
859489
382284
579928
524309
191822
429001
599480
692283
118583
987538
869364
623979
649115
278173
243048
274096
890235
411659
852258
915033
618333
506665
396215
717521
892861
674131
689152
268428
149777
895091
763892
18334
206264
79335
337315
573414
597310
841665
952781
128679
680654
432103
227165
629431
541429
355867
192197
207056
36942
369621
371767
767747
437072
817612
918269
666061
487280
746709
277941
193730
74868
508642
558893
831334
85398
978923
112983
478491
420817
837161
884905
855668
295691
351743
775315
87591
65438
158580
257694
647137
389828
394587
920478
999476
918303
864020
376787
669932
716579
514475
800034
437311
541985
389277
700715
397858
219440
101499
379719
931320
656698
198248
272607
419941
171104
21052
268396
496065
771979
833483
373126
689385
449361
992192
425131
928943
582015
134626
743055
975153
678793
151609
445466
152071
16779
11082
839171
88790
624763
90685
7047
246721
835502
737376
86597
186304
89091
608964
526265
577545
185968
17541
678739
652778
475239
701991
919475
734072
345252
606492
162244
283937
54614
981027
72178
113630
68327
546506
165001
67973
805674
872020
851371
66811
684768
414581
766830
804679
424487
893562
869584
448577
452096
951429
822359
194409
553915
684598
627658
321492
924225
641958
44421
272064
156158
593485
739773
886537
135657
718915
547857
190837
552497
316516
157064
576489
966086
867212
886381
213311
787264
639169
510852
865839
915824
506160
562664
656938
820866
119120
794882
36037
767243
233763
798696
127826
46133
950811
618768
102411
133188
569561
233071
588968
569092
742032
863154
331728
746577
322248
969624
697963
89987
606463
126442
840790
348788
445994
253080
580464
350511
407449
261874
912465
907446
307448
592575
468827
796272
574833
951741
362920
407981
37423
453494
290019
900567
674174
688252
115443
428408
789646
533569
454609
396514
544983
900501
880890
560447
473238
373308
996736
553717
959925
172139
603644
346357
437320
689055
116830
783457
491508
357275
287397
764824
486186
312700
909097
575967
288401
186490
857109
310829
670978
832573
208115
490003
753261
200793
148256
235910
607448
261608
404126
406474
565832
651971
727048
906301
652408
939741
799520
994302
744390
22267
668933
810424
822061
837972
473600
403983
915437
581697
645373
263077
230855
760800
367126
574985
882980
661003
663115
159997
862870
829296
426830
55330
149046
910669
527995
31874
623275
724875
841125
498234
343180
884211
193356
652866
231709
886417
803178
761626
678838
88932
738988
929811
385538
137918
104126
698744
49122
509439
941055
53015
645809
286696
802004
803055
108515
411614
91992
27575
357062
212926
583729
379977
618091
799959
397502
665449
609118
318984
23148
888758
326672
883447
736168
210924
903382
956331
167919
437588
282250
238791
707777
890889
97423
524260
403955
52839
691059
528969
939236
408017
887853
387210
411912
389599
172805
475514
190368
991331
249747
413134
83978
659222
679007
204175
160500
594020
824360
77051
974124
106193
384896
71353
80339
836998
992916
86904
210737
469180
301834
79011
586466
520772
24323
490178
475373
470192
497983
996784
450037
628898
4704
59765
61384
341487
753159
71935
237972
343023
487643
887106
977146
329955
933864
732585
211451
625667
266019
967031
726032
195428
977932
566015
7318
896259
347436
234748
47589
3121
379582
637710
830657
257946
414762
747858
782633
483059
890284
109468
705037
572160
680147
921940
352861
754879
301094
438378
982013
590068
442721
310903
925204
320722
119773
622897
510980
255811
43405
884235
33396
578068
484068
269351
645192
162944
624533
817017
749810
104536
206898
976185
644258
45259
745974
547460
897369
375192
885854
870544
705755
592717
765681
9098
591235
338170
549153
231822
199216
861239
823178
197442
145309
833487
574935
948240
343759
864392
858244
948670
101863
599184
564093
904747
834647
56646
45734
829096
785522
678369
201972
784240
169563
567681
227896
716677
658463
368784
308732
270377
129119
457173
193542
111543
712422
789141
36921
269212
714905
879974
290139
441524
611980
523921
181810
917765
842161
390179
278663
173074
480107
407889
307212
989149
12929
161605
747993
175677
44333
376649
141010
27031
119636
71247
429221
355516
674385
928922
547888
283039
100714
161101
698495
823793
370916
383246
934323
597275
945011
810839
121918
769175
115273
528921
54986
126124
148751
790220
352889
581764
358129
666200
937671
820139
361940
890713
184012
350438
207971
612243
894879
629486
302151
724658
226836
118856
440245
49851
839845
919874
315489
863381
798062
929611
965200
877166
106450
235824
621387
277323
920316
220527
712175
338032
155840
69882
26401
513256
999135
458569
473312
301106
101353
431388
14579
345672
477821
513100
256961
465613
453356
389901
36607
490962
410684
556419
805251
559685
928456
639165
702264
105462
445061
598866
893675
575879
335519
761174
287873
855984
450625
551993
607179
115757
214964
207933
84338
59652
1759
644499
458957
110070
715180
74768
506066
26242
240908
955921
5544
489808
872016
191528
481242
536513
348728
813313
540904
892112
518537
39382
314872
176997
997719
413706
319594
722358
242979
98022
131976
176794
732253
842415
429148
265644
219146
872928
60572
551512
295680
618185
484289
92293
883791
103492
120694
474783
378618
576975
261803
557248
285027
713355
611656
114874
84740
40016
573951
967491
846361
233643
545594
589502
398236
955445
391284
403170
674856
912913
856676
16841
267903
990721
262739
306071
232679
946022
474511
232709
968367
836242
273272
733257
305871
760459
905975
579108
591149
160927
550351
910087
730556
743455
840843
657187
235967
581433
544535
44044
51180
988790
298987
858057
395499
668108
10722
175482
804029
25953
722665
810150
285818
562461
950162
627360
251058
869738
357000
691158
306165
145483
725149
698294
729519
455446
907392
253565
226475
565391
429642
579166
783032
675747
430583
856395
85161
641278
226481
222754
88821
462281
566920
337911
95487
715139
894975
349626
959281
856251
374336
739973
849665
804967
455727
98501
553750
327908
203803
38402
698371
605259
170321
178956
175729
998444
517963
334468
435036
315562
792646
892612
27892
247219
794929
453100
988131
798362
400897
372810
865326
728018
110049
991909
617653
933897
8519
65510
846036
965022
609954
826340
390700
903553
77039
209227
487100
328550
114539
273767
685608
686502
166499
810835
198300
844530
52647
740600
777738
105076
951901
630596
656015
107780
176241
64169
141300
781571
961450
932175
254031
926168
907736
180184
848458
345093
27946
992845
494587
253285
606108
768490
373299
382532
560845
213058
371091
903451
854318
753552
298327
103654
148886
250780
798390
209252
35635
799815
568674
163306
435164
58419
425002
570789
468354
584913
892607
557098
277572
306184
354580
124091
561889
786431
994014
152857
693767
474951
731323
960833
349835
452776
466287
414212
640178
894151
165641
815366
519596
26416
945572
247507
894880
263238
533769
213337
888034
878852
324658
240646
75394
705007
561194
805247
887678
782554
434832
836665
979927
492501
600313
258872
362369
388723
128053
58018
478067
277367
84330
680191
215391
299931
619037
302544
650236
970812
118352
879176
412094
716517
222085
253675
64999
3382
968352
873666
686455
717744
301162
326584
872511
98272
467314
2005
601620
622502
173326
198548
963358
236130
544767
481890
268304
244794
570802
21366
474802
852169
965155
305160
405529
903079
17373
449007
623929
549329
74844
18650
84625
381173
561107
399018
130372
229661
680008
892907
761800
69301
531741
155630
915959
586810
734571
781124
569347
199362
258951
100249
890887
180962
465382
475754
964792
629695
618845
362020
467770
267956
823616
154459
765711
536093
150700
636835
170410
427454
157025
362383
664418
966420
886023
492996
531586
332149
251729
366968
586749
490278
291391
682701
639422
455865
341117
534660
92446
613153
282409
6175
645871
17684
147698
922136
371573
49115
249180
120823
926901
210297
890080
790932
383909
214646
654127
248105
533698
894343
771671
222739
870465
528539
450943
24805
298781
998724
842636
199273
143823
685440
655910
198068
350364
968676
579413
2277
160136
646692
96901
860666
247016
492033
108392
358798
418069
556815
916794
431603
944252
528674
132192
428392
167763
18133
708842
705591
474214
172150
995256
1582
189391
287633
959928
826807
567748
137751
508109
980566
46987
753195
581387
314815
309640
973066
494367
305938
292279
400788
450572
923764
215092
313595
617680
937547
891703
51783
138917
960725
234334
154627
637539
64614
714531
799240
308482
751036
92845
232931
631997
795328
321730
505254
235219
780700
613081
280264
61544
434931
143117
28665
673544
836802
912750
870407
661195
618129
586226
737510
81811
946773
699977
786015
58098
639909
267726
902680
813353
91223
868953
105404
993099
319607
911729
684166
452993
357475
887967
793455
502054
958406
415645
646642
376402
208751
763886
528569
418804
487757
744135
744998
399193
906761
232939
421503
940105
344064
864404
299574
213840
698652
174029
223700
173594
623374
124381
537154
767288
164650
193501
253172
163647
654814
958315
75826
202703
614160
803191
933188
219633
630996
687098
382778
625178
971975
809799
470421
937100
509130
888250
265942
355548
503326
165773
140832
591630
690393
100297
418572
343708
845827
422553
375114
561622
205200
617081
283694
914467
688121
849230
869214
110181
23929
700432
78871
691387
995873
577378
361751
523808
715736
715459
337195
63792
940467
174620
885525
23947
495085
163257
672793
855058
132099
342933
409380
102095
67247
939725
367194
119537
18046
566391
658619
725300
393424
811660
908593
516511
704108
462464
776248
380135
54525
934579
54058
545905
419437
2815
960870
646197
919581
332017
82332
705406
239614
243733
91960
627597
432207
634091
467689
6302
465139
887478
774285
482370
16430
307506
591227
751275
935164
577637
658092
730054
53966
674830
550854
606403
805858
971386
365191
849136
998077
859702
426826
764099
392200
19743
573689
788470
555589
398165
399184
89229
337260
538766
445130
454963
553958
894663
370346
322498
105893
165012
623975
148258
238366
562713
655669
841992
880740
227921
442348
572512
648546
836939
156311
606278
178165
409973
872284
883757
948708
856913
175683
739746
540541
311236
576036
569707
857805
17229
493809
99849
153211
787027
151709
739933
868609
787095
669352
231207
845512
63880
15881
833065
149983
920693
626295
74026
384985
92509
589267
266262
845888
223778
121013
884547
967929
81436
626321
515342
779254
948746
610118
910756
86225
55140
68163
853725
476620
825292
950742
638466
934882
9058
738131
384687
41609
446966
414429
762260
348039
933465
731732
315221
369006
461388
74011
620049
30006
62170
737604
974976
917813
491842
568219
710710
112637
154636
914828
200516
869970
277628
919089
778173
363014
608548
174140
89046
865715
832724
846141
145383
228181
288493
413457
71246
680257
356244
979944
576051
775558
155650
401969
505125
437343
387063
878948
552675
375569
358286
998251
439992
28327
781228
993518
544189
992008
402002
231354
705794
299762
328979
503757
955720
672533
196767
464640
857125
734158
92605
740817
548362
736190
183639
863180
417825
822215
427439
416406
711888
231971
401520
514326
722075
51808
646751
400641
832038
366396
840112
742336
622167
615769
997685
846463
908378
633053
241969
568148
11838
566824
903883
353802
495101
393395
703710
541834
80601
668162
733165
813669
609761
657797
264692
644864
663443
288593
476249
951901
144731
888181
788930
909634
969466
45308
170624
42696
357762
372095
338472
304385
159485
119076
125123
792199
220206
206135
120731
677214
833967
831395
732022
131141
893177
260172
398623
342494
278914
161612
53023
205431
822145
906953
880203
838260
515405
504496
935863
266203
202403
658448
184520
42812
689542
629525
388391
821691
518721
940767
482578
542139
908552
324990
783564
702889
378301
769165
775477
571490
380622
272616
728948
48578
988603
401483
540752
61130
655925
642824
786078
106413
721442
313892
26133
970999
575805
110543
88445
846555
911195
496063
989318
358167
763528
377320
58101
288326
568016
201946
415609
204226
415706
943670
51100
632243
574958
707214
31381
603065
52054
284696
261754
736818
273891
753999
218834
872232
537479
779751
605769
371034
872543
997867
702972
685669
71828
786804
510388
820111
517527
571976
805169
438960
771785
199564
369499
823998
91581
671719
230237
423283
849877
809269
76366
452381
831433
944869
551044
7938
571654
639792
283533
908909
650034
421558
101560
677786
93966
53175
657166
457401
855349
270570
142495
291490
971905
285758
749558
496662
57613
372394
745838
76334
676372
210419
530782
964963
857656
837754
332591
814073
664415
595391
645583
926472
124792
33206
88446
292904
698651
641540
416710
882488
636111
346326
187848
673547
435365
849246
316592
721201
148417
909292
552522
104349
120249
225829
246126
231288
53525
350434
826647
636929
36854
104231
851986
11678
713364
227710
525842
142084
739296
604719
752224
321024
316040
71391
229359
28704
513561
367555
355982
507648
319422
662079
144886
778548
955942
178911
571395
973519
481988
630256
865024
315598
537008
365116
911963
749669
763755
767393
256311
589347
593663
789325
828192
158468
527557
954648
685018
38675
255232
240638
8914
188730
360743
73080
345462
957608
918016
824437
571168
117917
526120
412986
290541
836565
952239
589011
683436
471630
573280
482996
935858
356088
124830
14578
617739
476345
9257
910935
533451
370778
734144
101
560258
515025
428193
959850
278541
327979
218732
907004
40905
507862
193701
859538
746275
769544
114712
291007
499147
775440
933591
727948
551239
312951
707167
769456
892132
668370
949465
975278
635463
561191
786044
795788
805665
458234
874255
870187
251969
793779
132364
206856
4227
633069
353441
677838
612006
873565
894608
697877
226556
756125
166710
942203
265210
906644
157288
784477
177647
878276
288953
624115
433426
873968
726296
450629
723380
529768
604502
901262
903188
248626
224582
880300
466705
986007
219517
951488
771194
320775
371961
594792
888897
687977
753630
871254
717071
676100
409883
736269
127281
517507
568044
641528
672239
328552
927736
792871
61757
905552
283034
110246
351371
497054
746685
705724
4471
16263
735072
188157
786786
221306
510713
418444
170976
351082
35701
345649
912777
985337
902302
343123
343468
251778
667478
174226
334628
703043
575424
589251
682434
164262
514302
421769
482985
394346
642196
173260
609337
646707
400235
493017
96868
347626
527730
109462
100572
129618
345055
428256
406829
780265
769428
11587
197415
903990
642716
200725
245171
673269
503636
755567
884614
151901
906662
512393
243444
462987
718321
447345
917788
936652
770181
125416
749954
349260
214986
374745
516474
48918
854976
442167
139135
45830
296352
939442
903203
407763
902946
738325
208801
993011
438680
521023
615822
525226
79607
773691
160302
982259
429750
172927
212835
339529
561231
82494
192832
10386
891299
127338
195772
453481
793914
817290
112706
385222
115944
220659
235686
644620
548939
562406
14257
711920
193136
647942
434845
552321
36373
285044
839836
521751
794633
252681
195282
493084
328880
451567
81700
801586
921699
336220
414952
9280
863092
497452
13756
684957
664207
923098
568562
364503
22907
532699
357545
565407
847680
409048
8311
846741
545635
799622
629762
176940
53709
755299
142318
251258
270218
83790
629488
507167
382700
635396
555778
92303
50448
133491
450607
125
962296
717244
843662
473573
302744
464586
630347
787766
851628
554698
843104
104091
888582
707398
738980
568805
716326
958305
384570
666839
180033
258609
911082
761101
615332
728436
595916
272457
615474
673329
520544
976475
107273
863213
56635
889005
702595
156422
177500
97256
529304
815663
454301
608647
516961
142152
236037
545526
611255
587353
425210
634022
400506
251243
802835
880560
571246
68675
742476
765475
568511
352508
381011
427244
442341
363263
608447
793761
858082
412834
386720
751594
701353
585179
899761
742412
658265
451039
275690
746323
709926
510172
639154
161628
571737
570831
912690
451452
628333
916610
950277
561936
190107
696166
279563
126691
730160
472585
558813
909301
63129
707699
247387
62830
999297
881827
201184
944095
831889
808161
171479
285616
856342
659712
32551
691756
696001
258226
981066
982630
486855
672967
1275
426182
12137
659844
137230
594867
874830
277468
941657
233695
758731
973902
741584
662506
425861
295450
615471
925235
279726
321505
23440
848386
465643
542744
484252
565451
650006
116072
886814
893856
116831
941798
566835
88695
616973
10666
943454
131794
418019
148110
917112
248593
275229
836549
253252
611728
575833
861077
759841
499774
307731
120370
315736
389500
514889
879545
211093
17453
527229
965830
189363
23392
851353
32754
282096
792023
604076
749228
769856
875572
459859
356915
822013
140671
824627
554733
227835
810582
586338
399527
201722
670770
574629
485226
749300
727889
953428
796342
67991
899717
232026
771678
79693
51097
531161
611647
254134
95579
923690
739166
628279
626251
706817
538717
834924
361118
131951
53914
882745
801519
780354
589797
255230
167043
324295
539803
593449
228343
52656
214243
104549
319561
681808
791365
63727
375743
180674
790178
163978
33975
541482
508244
882249
660941
748115
218402
859785
395810
996536
437920
717377
708559
457886
351521
889586
949542
401758
920218
625336
476257
560897
823637
636355
71978
999364
593934
956447
358790
800698
396654
769710
403423
790417
544545
568120
281964
269804
794902
958681
259071
361520
173331
8537
250347
60251
697586
229657
69519
892750
391868
719208
909188
797675
156960
245749
19295
476761
202511
575711
251299
274340
234936
3432
16134
668034
25819
269641
421662
850225
43532
264863
165416
247867
786182
589059
307253
253083
896810
652087
947378
514170
254035
409019
539474
651218
246934
558912
683226
13044
522203
812212
643912
193380
844498
469308
664545
271906
847701
771392
431190
660420
42008
183263
22994
425534
263759
259012
562339
480580
335709
702480
585090
497286
881588
231671
600961
417242
546701
403367
333328
741752
344005
464546
345259
543134
895891
84524
824612
147796
85090
494560
991368
811338
712911
234782
974193
720221
419649
767519
729064
85624
395999
281129
682932
901719
636146
396445
221379
540967
722841
610990
222452
681290
182883
770540
299775
595190
669069
957822
232450
325053
432279
999023
658472
24231
208069
57247
470520
671739
865775
41626
754744
155869
743749
813317
140731
324049
561507
398580
665998
782173
841101
881305
514811
640525
273607
285464
254072
756752
905492
123510
683696
297408
847305
816815
950315
562303
425740
664614
165724
344317
111214
534839
290631
33813
52515
302632
45197
4503
252314
828223
476117
734433
392317
675821
99417
532774
819015
620008
77194
176912
972028
898582
157153
174658
887626
64485
263491
485558
369722
346487
924944
357702
718931
790011
457865
683654
621771
623575
943643
426382
670506
639873
727884
734677
161982
656301
226945
461368
814261
198113
829418
662363
784154
611684
710218
99878
602863
478036
651046
970673
124899
211415
750218
266426
72944
474730
978162
944147
527443
377045
185564
731801
455145
198975
185960
675998
103523
252189
97384
860776
803366
619846
968586
964499
73666
922467
698591
648209
569804
619202
562119
182994
256473
83081
658491
512702
687066
794567
567671
383519
987855
919718
517890
695580
827177
658173
61147
178080
309953
288322
107586
180378
597294
76829
854048
375965
997446
545495
186003
778599
746101
340785
311194
631806
760243
294993
90458
727478
58661
444247
179211
524048
941650
956303
748098
933693
503936
790591
211931
726272
152746
29215
180418
820017
407969
111080
708255
182237
927229
179013
227292
799819
688253
776166
574739
495962
887490
34292
788249
703237
776549
191391
154850
956105
775728
338386
177359
735261
77760
505608
368219
586528
551797
447160
237469
477393
590995
655340
653946
357239
129464
576624
472299
954849
751802
431269
780967
563592
69980
453237
589485
682256
10413
710752
448880
50797
232446
393461
36126
161827
986110
821661
897103
172645
249076
521362
687943
812639
542679
933165
980072
146704
757005
20060
897847
437774
41343
22706
134536
625837
817685
427928
173833
702139
254355
985633
441001
947618
466831
427836
336931
122993
396750
103298
492715
836532
893243
531951
93811
41087
467395
444270
548698
510026
116431
451213
24050
610806
924511
934736
894124
353838
69440
535649
503906
936680
968298
861669
434369
206091
864824
857833
533394
915563
815236
206203
440803
979951
964446
934101
883862
294164
717481
424117
77829
319050
698131
841736
258705
39356
877551
102276
735878
244205
999985
130389
407980
963198
22597
364015
965869
667020
946124
965826
243614
59190
443956
951884
872811
523900
124530
357832
727652
908483
872671
970500
721822
898997
612845
901776
660615
923461
600516
381906
108106
564112
992509
800503
955163
90591
524153
3396
448415
461385
479007
219146
230715
177269
812530
895864
45624
444733
956491
89802
892944
966703
555575
29920
920152
424429
895465
314633
569268
307440
283518
966188
266745
838647
211979
488738
64815
380315
910952
207245
392358
326918
828294
996831
788813
257873
458244
545405
471704
867708
164449
910223
930108
437639
50956
347559
624663
614063
377304
223755
2158
122632
386187
916961
553550
169395
948309
484662
867795
826045
961950
168362
752391
859860
737208
503420
367586
61159
478580
98862
851247
709465
486160
24468
777680
530209
46478
518079
827864
937537
2592
263872
38166
70176
918463
612507
243313
695238
768666
584586
410095
656180
211947
588138
95184
646622
532710
86790
57495
434438
420556
857663
854440
847670
495388
117525
884044
953498
290152
235732
281874
433463
676997
106525
947985
849420
637340
782352
304392
128132
862685
290515
284326
937300
321812
853314
540837
777207
622484
114419
106192
196868
680847
610404
802150
15272
996615
901380
887575
219590
3551
600986
846443
840936
9099
818774
128322
72864
904358
802482
873654
847295
843683
964805
928668
810225
811547
354852
356010
367988
848580
640245
340466
431411
966018
147601
898764
648579
915799
934869
264659
26041
63095
282118
543941
132261
389495
234846
849486
839088
380515
935479
824094
763213
934702
73555
785718
1055
302980
399494
747139
762471
500284
349825
457953
20456
289961
521531
34560
390810
186960
107517
443172
818246
664883
407755
350662
892868
856524
266538
559384
833487
630869
852754
172006
605314
925700
539122
34968
226610
558549
744219
797844
849383
115327
118922
909696
972599
490312
328277
814885
275777
182708
299632
40367
25923
238297
789724
395665
787545
784782
789166
132933
116883
668098
435448
778097
662577
610984
950486
640741
373821
25296
717462
135745
174469
262225
280197
468212
497524
914467
531794
172447
849869
241225
58594
738071
584707
121259
119919
916553
462391
262146
982621
874104
990990
601964
668123
757347
45934
128607
431794
71874
89878
273082
734318
325230
587863
561911
470629
935456
773939
206333
244776
755473
170385
220818
65862
733249
550105
967918
177336
73748
631218
609706
895148
267158
649877
31511
713009
699167
985358
845420
172539
820498
564559
709079
627412
924223
234225
755892
187040
85353
661832
582811
84235
219105
95009
536468
358545
793169
94683
48806
812905
619797
630367
917260
265999
578627
326525
608585
429868
661707
1572
13267
361189
559866
435902
415402
371773
266905
980326
431948
504104
746226
493319
825473
483885
390770
29394
1937
86966
951338
499483
185302
75319
361775
543505
558188
701625
306594
258072
474884
403458
812938
661509
519896
133283
650333
77365
164921
461854
910430
832586
861764
16817
536032
356867
761971
934083
436904
998583
375887
928682
258992
528686
125635
663703
413320
925660
589068
78047
735447
564411
190477
122278
9408
855556
411008
955690
284384
269961
494790
780649
356659
759346
496095
781937
704790
329298
946292
989250
740135
529381
328017
522145
693704
412968
522481
775996
854211
482773
390322
780405
985096
494522
535848
697613
989073
913269
572429
476270
914406
125070
670742
637332
372476
339569
473761
65625
891449
397382
279690
424861
810515
52783
690972
105871
188950
634333
417508
127578
212292
899535
511714
652334
747414
684265
485273
962793
469089
888045
52614
391458
901268
908568
931117
780626
650526
496155
951694
220896
209964
229109
928567
194632
456272
437481
452403
111847
140925
254241
680352
587621
124015
204511
758878
880639
419047
167452
922915
883823
824980
229311
159724
295611
347533
697403
334222
64344
970427
604741
801643
724088
282516
52785
84927
249847
537666
657896
647258
62557
265250
174024
118056
534737
529896
603672
164588
975323
790623
882022
464844
317524
740174
394752
649989
901101
249590
290315
270974
88664
282169
909123
193339
308438
765461
98383
56488
864542
882253
560576
506581
807783
734696
938598
538945
477522
48594
949327
423055
201271
910305
511261
736342
859019
920563
144387
625236
920043
867123
565468
646274
9927
322682
57447
577026
354798
207954
950499
297460
51761
750549
732419
506537
646775
281268
792591
741679
812637
787795
324631
954251
137991
340242
271059
42565
775112
263079
94812
234269
702314
182567
575873
242011
809818
56483
945031
970692
895795
854255
463553
605481
871205
77566
49031
26777
757506
128361
443286
269430
749669
817358
452804
365861
789119
521941
32222
76255
576063
89294
955296
338149
18845
355894
575376
585296
216708
165849
998071
195718
328090
909521
301181
324617
377005
297452
775840
556201
27643
141996
108689
474778
438942
177383
934507
349024
74706
763471
454224
51494
771364
349388
605794
528367
248378
138565
233371
743587
700857
979518
927498
900875
672662
167516
292587
812632
424189
715075
251233
540766
676247
106464
592530
735262
913276
548547
309919
298752
585845
557603
323198
841823
231212
440198
791415
854207
545970
217400
878199
977882
958253
803768
374676
567447
641308
552755
576606
234460
566217
656936
285982
680570
277194
571882
175879
487411
810180
850869
655562
173019
234358
32189
577102
84809
797406
175154
543257
931324
197490
380217
741047
533716
208362
445482
819055
251168
220794
431916
718039
7429
234429
144684
836291
89671
277101
844281
346009
585847
424143
243071
520832
665978
879084
200223
146615
420593
363449
523431
110978
555082
835160
547187
763134
998051
845687
332447
65430
696406
278615
993063
934478
417637
592103
47262
515709
790403
824398
188616
566808
642813
706440
31124
960680
205315
486824
433657
226333
6935
698747
766251
110589
74257
975373
126650
351029
649996
643013
629064
614416
800625
873835
201701
811653
899742
546250
448713
387818
480242
216945
882477
683975
685367
728403
306438
648966
411245
94798
291742
343238
651247
386889
124753
879566
950916
353654
967778
193310
353989
978871
764856
117922
177382
158748
931064
384704
852194
159435
740800
860688
608839
778873
702460
876523
152155
785492
837801
198812
811242
471299
714596
718516
226733
246661
113390
835258
827289
389878
143039
542974
935425
748912
812483
838926
520488
204942
541877
649154
886375
509132
830103
752306
239095
421770
596555
583496
944348
561071
830417
735152
72175
782699
400670
245932
239430
772628
773013
54531
111553
461042
745701
323609
31860
997654
670334
383258
602412
439909
611504
583632
802336
653938
523555
959765
615222
261065
889261
290466
65070
112521
160275
770245
73071
914985
515807
347185
710060
382555
66010
853487
967091
747661
745255
580723
730642
406988
682556
219722
886118
256259
931005
273326
939585
728482
273975
803196
103287
644250
30006
564797
7366
199492
818755
254816
651551
773409
835453
864329
465365
762556
535058
396482
767137
911980
387867
438287
15311
285174
314450
664992
845001
855503
322608
974112
651647
490622
412967
753579
566191
430880
822905
368924
861462
532613
603636
448515
223603
654904
218442
345526
776948
313437
803793
10879
534656
349810
785555
818675
31136
928952
69075
591458
412618
166315
692381
55402
770124
873452
63944
417062
365842
233472
519948
655108
105172
135409
281978
482356
724190
147666
579356
335165
860541
433120
177577
694633
880323
954052
403237
765921
224824
584245
459219
730643
75101
579131
386968
687439
930910
277006
575214
903154
28691
910173
526337
787257
531826
790186
835881
675063
126869
554450
159749
122721
369956
932971
569840
845959
893023
288326
898019
950621
139851
198227
835047
117816
707830
140772
236469
407316
216935
799370
280364
416721
473063
600091
903853
80703
410406
48086
278230
672206
611276
392093
265242
12328
104285
519136
593914
636762
946696
755931
241890
745453
798540
737269
718050
66771
473032
696201
515847
142013
885085
403714
517078
750218
252673
330528
871908
914329
881315
355799
485909
724799
80695
996502
915951
887572
742493
564389
45850
575464
590514
793383
196662
96787
92594
361663
990681
449322
945287
359503
76132
332174
540467
926620
169472
967006
558167
297677
917306
764428
2590
681043
53945
757965
909257
491298
701144
525930
405719
206620
938276
746292
420816
510223
137715
417876
309422
715285
526879
890497
396073
513754
165214
643722
943901
505979
534271
599379
234843
751945
640067
876316
417289
771052
330646
775293
104630
25444
390633
77614
534398
123371
859821
819714
709334
320695
229997
761780
634229
875803
292744
268442
175392
689165
810890
845622
619600
784770
383463
357804
845825
360502
691603
341325
383898
524296
826497
791633
955060
374529
554165
744996
305672
149365
663560
59479
823866
54402
371064
466807
304252
99701
822697
679099
866912
290253
566460
177366
161470
730647
710539
485677
914942
468792
645182
844259
362499
798985
353101
814159
967989
229276
839442
757263
234792
119133
703049
264310
888878
58836
486376
179809
804150
260551
649429
672871
991135
881149
433033
882606
405021
584221
993343
592603
280454
544948
860632
881633
349498
498325
84942
286459
515053
847706
68819
480244
800467
970889
11845
189859
525990
297235
755152
868341
164503
885878
658401
956066
965711
221825
758851
748866
297888
423160
140504
133176
497677
203021
183220
388748
317170
961742
736729
482775
285010
492639
667595
305111
934075
108188
63312
774499
997912
889248
541318
530808
719699
18084
879776
397041
162852
960575
53694
395157
439739
436747
19881
397002
319750
892776
283944
648232
81631
312730
761665
12457
573845
683790
590863
221308
820246
571898
826749
910776
464950
130594
222300
608046
34334
190326
688551
980759
642132
430232
525584
467564
66082
718140
121542
13397
841766
586537
768582
960249
530358
949148
665307
176436
284717
686155
647348
102951
626710
404551
665440
151528
481460
569978
821032
511130
419820
644688
958473
519000
562129
198771
434444
33675
54281
832494
802756
614492
755744
263411
477220
110530
343529
441080
725882
532028
797772
329339
27468
195803
610929
341351
203981
863543
252040
499599
535804
236162
390578
763414
591450
890745
267471
239985
102662
564854
471589
902789
667510
529379
105449
677994
905364
534665
722094
865489
26419
662598
66151
161282
71788
415837
155994
242621
848217
119655
94948
921154
40621
807848
324899
193389
33455
489149
472963
309497
938833
986544
563624
955173
626161
473134
250165
671731
11755
411024
897080
254093
180760
770005
516466
802115
563816
201201
536134
271151
78232
365438
599868
572602
617999
195601
614451
52855
682267
649640
221217
940845
856771
800063
284872
265650
926088
848641
811960
637938
566013
868188
776442
27087
18560
988269
724512
181474
714132
790235
742311
843680
393948
758911
607366
332313
676726
476673
436694
609369
281714
415422
322909
130545
871214
370533
818680
482640
444239
657761
930021
529482
784862
121008
340459
670907
931452
840147
444518
74053
381444
987486
619186
876340
164604
539567
235508
167619
553014
635323
983232
876472
625993
767748
734058
741354
703271
220903
155628
267235
950683
861777
785905
536480
155362
786578
691004
820085
80099
225609
282808
740621
690635
323071
284188
255183
32713
750289
859002
624285
663907
59972
441893
67126
832243
997373
252413
12731
202818
943048
79641
676623
699456
383894
115727
273943
30365
998020
300322
583137
974982
258902
404873
743393
665727
347202
635928
567957
254617
152105
553741
115082
74897
94624
885690
227513
406853
704301
183562
789513
624019
278478
277873
97912
375952
659122
476916
253908
312866
829003
979090
272547
721851
251963
141582
121570
645362
670891
530266
159083
530112
648443
75617
396463
641811
320979
268337
531363
363666
4120
6020
825080
70638
136251
858346
892418
338913
728107
822036
285754
945287
450667
527615
313375
157269
95485
857722
708535
582394
723582
980310
347763
415824
614795
722986
393392
410303
960225
71936
303706
652271
748163
228064
933547
310823
845908
376886
590353
415175
361988
605154
62894
585758
181031
8220
719481
746921
204577
203330
5441
387625
158846
154880
518354
64160
221534
733403
565104
393383
521869
864986
286912
638191
917553
374353
601990
278034
478428
17099
894089
858197
862018
31763
841171
474877
586948
864287
682965
374026
927467
849370
549287
994132
591472
851853
373868
95041
596727
662121
717140
541153
441437
643379
472635
893158
612838
778764
451695
876035
624217
501660
551950
826655
275752
292187
754574
38518
125702
46012
84055
308749
453405
31350
353739
400336
498968
704559
61733
407689
80219
680392
903359
284799
965203
983615
823213
971881
250215
794437
741191
600845
984397
836509
655045
59514
287994
69357
739010
99358
388209
48229
761379
35013
249021
250249
393489
629871
258234
961180
946337
478028
670541
888235
94357
658326
769075
528051
526268
662411
222519
940848
103860
303238
870077
270019
902736
620217
528316
931966
478932
53385
718345
373199
284445
872774
895758
846792
677726
88454
608281
931783
253829
145181
242960
612423
517628
27258
46531
282369
106059
26785
864922
951744
941786
964416
867757
437888
996820
870065
684147
583746
27432
909835
15633
970863
773929
6757
651988
929254
203605
706728
51898
524708
847347
883600
796843
202575
476693
780607
428805
245087
2621
497022
401749
727402
21468
383313
576225
984650
265974
314485
899617
998124
612705
328824
946767
136760
289579
81717
638228
880280
727771
159979
716065
966951
488976
80633
539551
616248
514951
342393
923198
332928
171192
924918
99882
253153
144031
556939
509596
76564
451608
325657
430925
212785
889059
653220
791429
740254
913096
334987
975953
380754
770708
775714
798482
97541
552257
865134
97778
796470
640243
466556
618226
638232
83999
327454
985055
291418
82694
939651
424676
587346
913311
352498
234616
787589
374291
356451
213303
590293
267810
393658
516815
45383
471843
583520
792977
361264
803176
712576
401895
256509
639424
465883
472293
982235
170582
880329
764728
654473
692854
781005
494331
724344
290032
712659
263336
791579
44181
33608
665387
66065
667934
445526
812882
26285
226541
503739
817377
375390
246187
862853
697731
777216
126608
109868
222042
349438
209536
607116
248439
283425
576851
473341
741669
65914
999085
100816
112736
420648
949836
644969
720483
819783
868129
689140
520671
646517
559381
645701
916487
614978
842476
900112
460296
926067
877639
71041
603159
585139
740547
87610
556514
809815
52159
977959
418344
235468
641852
646270
957604
726048
475805
15384
519652
744361
344525
575847
817273
99734
910143
875604
689543
802000
907729
596214
689660
368652
800138
491184
494622
843248
297026
541671
760828
890719
739681
162910
676358
52131
312703
588721
871865
842742
268203
37035
178546
176749
176071
781892
184868
245186
74320
297722
56293
896700
316732
47050
174178
223869
255164
30603
989875
75240
240801
481320
346634
706348
775579
768440
569540
638194
200156
601468
306978
524831
574683
964532
311697
718982
555444
750494
468965
788974
556332
717836
380261
112890
34643
392608
717631
793339
563522
717159
293340
73167
450116
542096
590094
34931
741329
284040
930278
68589
771125
700083
85027
49999
999696
93256
965636
262184
187702
669641
108799
142413
159030
372830
116170
797119
742520
542477
202902
432633
667456
49432
158299
37465
929807
980788
789582
71848
315432
2209
543216
9864
116592
249450
1152
365625
540783
13691
702673
759111
580147
987162
190518
248404
387795
642500
847257
651902
920337
354277
750379
731308
173209
612210
568373
313274
536422
999591
863630
956863
447108
918424
194213
384823
396720
138038
391614
316498
7451
699937
126202
101528
56397
237604
672526
503159
607271
674706
428502
855530
573313
235770
647490
285704
483569
266249
960366
553447
429293
991357
351696
751275
866120
775106
598027
59374
963736
599595
892960
917965
335545
108814
458564
844237
628970
530300
368204
580521
594452
796507
421636
140409
703147
428834
856608
845952
762221
915761
788810
599122
669256
676683
265242
352096
630936
115313
70436
940578
100622
940444
134122
292447
637036
711254
691250
386780
759596
930997
297011
998815
229953
485813
636073
571742
233269
69937
777736
604809
53489
13694
919308
852401
125083
325604
243503
856148
947610
735162
595444
744070
921205
692189
103265
135036
825177
599692
205898
99896
363577
184547
113095
557581
167376
547251
92423
899214
868290
899770
236734
664471
266592
834052
657914
203063
462154
674909
304851
181305
59695
407601
800449
558221
886064
637315
963912
358808
844259
298822
967630
942357
669172
102235
902285
836966
640869
881256
412067
158075
570997
814801
532102
357789
151775
227286
380374
61848
438841
28169
124875
850243
892541
775978
130253
626733
930789
31265
545827
818278
474735
413975
221891
891751
935488
453681
121991
344991
152677
490089
211073
228763
6260
100683
772709
682064
304465
44618
346469
947784
285133
502332
73562
900519
866728
166137
478109
477018
340855
508107
801526
532699
808353
819346
181868
578210
443651
908919
974907
47595
429684
495307
18276
227680
537058
474875
404894
38180
161307
529074
695978
600316
905320
522443
779204
22553
753299
84657
597365
168902
624394
437398
839430
183722
265948
618444
899279
503163
313760
66819
729389
546560
678197
941216
1490
340160
122019
713014
317941
565964
377056
989923
982571
292646
744687
913866
836942
209485
927075
923048
453785
438182
131586
62741
86166
47497
317956
938713
413166
493732
275003
984617
637152
254672
656780
126141
865037
419182
895899
731663
786095
432061
807813
763953
601898
55420
767686
693579
658491
798454
530940
609713
711309
927791
770051
706013
443754
168425
616766
171342
212878
487443
32631
826492
346711
87951
981918
170614
490009
124383
135214
738458
956239
550507
391469
140017
45036
552561
263634
622500
950159
958345
521856
402463
805652
411924
786993
491649
26887
65
60718
241469
979059
290939
653498
529616
136153
769587
800783
662431
778556
794117
259648
191468
590361
321225
85437
406900
144244
965561
280245
777001
750286
438138
275030
432583
216755
42377
425328
332821
444143
738627
73719
741819
540705
152656
744679
458426
935975
36461
729538
538635
789945
792405
898485
505816
549906
317580
668889
544337
144072
628040
270228
463213
676733
572412
389920
134718
67438
457026
868580
888622
659304
738084
816510
129435
208347
54791
323618
272589
556807
71860
27932
978960
851731
170692
411057
471411
789628
959144
700388
841115
797482
923474
496532
666884
799199
638660
636162
362902
182536
172147
157873
332192
429302
970711
875174
302195
323302
622994
742991
652381
158140
259002
719296
117953
773391
320837
504920
934288
256861
682576
758274
803494
189215
998604
487127
329667
492664
831493
650401
777956
376135
673360
528507
442685
740507
667345
5204
656662
84934
755367
208978
786815
536394
677108
816019
703153
387889
328460
177230
221763
816633
999609
836440
474374
133227
485288
411971
611901
79180
941493
191265
568188
68461
790414
973350
188059
919773
35782
65387
140183
659391
999992
805199
170119
523190
467350
523128
55606
130300
415629
982775
249441
402322
700311
120970
428302
879122
743708
927738
47239
32544
520133
177957
892402
941567
803296
422038
500878
129344
995369
72656
169868
148116
4603
724522
193671
333763
875923
30996
688994
526134
51196
978039
19197
872046
812637
275003
824403
745495
179419
461090
716468
775095
560044
254289
558105
113985
832186
630639
61289
150982
153263
734182
676615
674315
296547
908423
144406
378421
167008
384266
387722
749409
666830
442866
570092
90576
674560
202575
4330
160383
696217
410653
149656
651861
399708
234442
69191
1334
991440
556309
403840
939509
731468
296658
885214
460006
683940
926922
286085
704017
794608
292735
139842
508674
557045
925325
581889
586173
24115
386091
828005
595918
124747
885649
411016
464127
659850
943348
908815
212259
729302
24173
351592
629072
735539
291063
284899
406570
307251
815127
961514
767641
895224
116566
143390
35484
286823
966058
300688
432951
907691
957491
841817
459144
303267
814177
395735
696696
84137
520562
995524
515853
62464
944601
839476
112603
106777
529210
852331
796698
991938
568594
392088
291283
457644
793460
889586
949877
897687
178542
469998
486148
187996
88330
250010
746225
683223
39088
211417
853636
797103
667817
570812
556981
865539
691902
163065
688475
50674
610239
883274
918076
251527
595295
785700
644931
944384
842045
999314
613839
555961
976126
427310
450472
484730
564501
365692
849036
5209
332580
353251
775144
884621
680188
227209
381474
604433
615169
969418
345747
446961
646185
691156
292114
362805
957219
272801
179819
41191
438036
620114
943535
32193
236732
460837
13925
584120
65399
185171
928926
983391
431072
447433
906278
6074
584464
818752
840022
255456
292292
189691
887687
788747
948444
365277
406177
902144
921408
667172
541073
858197
984861
576454
774937
655460
483533
815398
912833
346571
725845
507315
57323
289244
472456
239262
768836
845416
28424
28341
350999
923043
654508
426401
439163
334068
998717
330488
436397
674076
333339
374976
28600
710080
822461
498753
8336
724
585046
572934
251647
50470
402450
692592
988919
249413
355519
247606
417798
44876
760969
817468
509287
323086
83038
922703
177844
302879
831792
548283
604793
551933
848792
873801
970085
413274
848792
803801
469786
567431
69305
149463
80995
750462
190035
901725
440069
908300
599851
598629
297134
879449
830454
532841
472266
932181
376252
280665
449269
155649
735512
35704
428875
423320
955356
241876
978714
162200
763153
137568
969657
805616
212188
666672
66994
104583
126139
621200
777754
517350
644271
9536
851266
93892
373876
379024
257222
904365
558124
212500
622082
982798
329882
411205
605541
818719
852425
191860
870173
857133
869389
87659
594482
35139
452385
939938
837039
634100
727343
988507
631994
160136
129391
984283
601285
996865
738727
646085
364957
333641
106256
844564
294432
524793
479705
856436
918284
775752
669893
671166
948018
592846
435503
456271
712265
745140
998766
726531
645790
1275
99219
469651
337065
320485
36943
642953
623996
906883
613938
656091
667668
120476
602958
283244
338642
270391
102714
137691
549763
870214
414514
64965
333851
82543
449628
286430
145665
204855
764389
819175
70468
785229
943498
434508
328875
749937
362291
861214
234089
215167
879033
530024
819247
733148
675080
700912
682588
120124
811232
428812
646608
417357
353077
900317
313054
628099
644983
899693
705823
101825
9260
719905
477283
628577
720632
437275
469251
631072
709119
847214
265362
669481
658593
738942
249970
671164
971364
552948
445698
742395
416624
226460
675125
487121
705011
603931
659902
705471
404837
203472
730535
426053
277029
224709
615298
496617
513346
492882
711926
7462
417303
93966
587771
627700
545870
828403
298080
143664
879493
380237
393417
364009
750925
132255
447479
860678
124622
859155
945536
481943
805641
558875
81181
250742
622198
588456
530466
274586
660044
25798
244488
705720
416735
998098
445542
343061
900899
90649
925759
64365
698894
357199
713588
933177
482076
243625
716762
546209
492780
951191
407078
464894
56520
820065
562245
20618
516802
18845
443593
477479
703673
265738
939325
844296
294203
559757
390873
924800
448580
279237
892113
777829
265829
712717
529543
4385
50112
698957
599138
72469
596336
260605
668790
115113
789509
97656
414050
24244
596652
914169
13881
781573
816110
897524
313240
383436
700687
265235
326103
944936
983958
853195
837595
69582
288941
543771
284167
610194
244126
125793
277458
341590
84285
130585
187892
526220
869
497394
162682
439337
152474
815631
213561
701224
865038
674199
828767
294583
128319
312377
76068
785858
246653
747263
14752
842139
816969
51022
991479
953027
351129
596152
564655
972248
828025
529662
3362
166746
359499
680997
994063
594779
395183
587123
842826
87363
211069
186182
606036
672829
289391
240722
846917
535938
935196
606261
61221
656640
351519
970873
130267
371302
912982
837733
3325
325967
943879
571840
13190
622920
362652
984035
616037
256576
400655
891322
303026
189515
761825
560983
90811
181395
381379
551602
437117
142299
988632
610945
33519
38513
26578
43952
52407
740016
669689
828350
119424
383535
834186
668660
881635
371402
178876
676097
448386
163210
992158
311479
42868
637620
756251
64220
2266
210219
208736
216622
916688
177026
942612
833399
705088
838050
80262
778184
967824
662036
979941
770133
81339
624685
923368
734893
795069
618131
370958
876116
529768
552239
204159
834942
132052
987377
256850
402282
818675
431994
935976
45273
189443
795115
970997
20394
354076
649352
778847
84756
25897
93832
460734
159551
382259
757883
281732
928063
233369
716184
887862
191726
621788
485346
585688
466020
606039
119991
921192
409942
640972
170421
181184
169864
859929
305865
649118
971696
782665
735125
149377
208681
940806
147453
620586
171792
705901
35151
42370
957951
884218
969869
838554
366628
997282
131928
830348
135165
905536
721786
415937
119474
397991
551439
544588
742414
499734
485073
337140
993499
728009
329983
713616
728474
98860
523178
777226
140956
102954
835228
705797
413568
311332
148645
51163
168330
556542
334787
16959
351963
87123
167277
208258
567571
945928
499388
157425
232512
832958
918903
252379
685185
86497
162169
448816
621499
340574
438529
870788
903671
932657
897174
139571
692823
929116
419989
512159
931059
431539
199768
791317
572693
161300
933061
417998
81869
254773
548848
633169
518897
255638
219374
710774
997428
45973
288375
364293
12897
257440
286071
528764
74997
533316
207857
563759
982359
600420
443024
910986
659189
630662
353036
707634
344380
652616
382453
79946
207155
194608
501408
490002
483893
659873
624363
24617
558217
416808
565229
690355
506528
548982
238527
222677
482090
272425
219746
231389
192917
122499
782988
744575
367587
622395
353106
282170
98022
287218
728115
917786
143899
56062
283646
8342
48737
304483
50977
118489
753876
485408
499280
715742
585034
861797
648078
963956
268522
874786
108123
62049
141092
885114
133626
494627
15184
246934
705118
468177
365479
598
201905
658977
924568
670627
329920
43267
97288
859552
82501
186985
659753
66559
766354
851882
788149
401456
843928
189628
189064
352243
325906
454111
39448
802382
893137
168537
675474
861083
964452
744924
965649
876537
951779
214147
938749
199715
584601
886459
775230
13853
761547
266879
78748
12810
560361
149435
763893
862875
625936
154514
222298
473058
295994
566459
265734
416772
770051
207430
136699
712973
638808
78973
261499
635166
694974
462821
810528
621697
931004
788708
906584
772509
414887
654844
560321
889989
127816
656117
130717
35434
450859
578649
308274
767473
303111
295193
989505
924000
69701
594317
935200
870193
434351
81305
320950
405065
581878
903659
591955
756866
370592
891680
40426
252132
800844
788678
461932
240563
615459
743164
859713
20898
503965
735798
273189
523877
137645
170781
77853
239268
912522
263955
785749
155723
463835
905876
599576
528126
750783
361976
308779
604842
145206
107669
811142
362423
772015
621249
540016
980442
619950
724021
886006
380806
45017
280845
9927
386562
324512
81003
760431
468054
936712
876348
379630
22815
798802
23890
657973
844674
158732
208945
338620
187197
995123
892261
765379
207257
227843
261712
550691
736444
50654
441666
109391
994778
770453
616384
878317
395020
653077
267175
188043
549049
227056
342891
63359
306864
852935
190456
237408
684312
70546
474553
43290
669823
941900
95798
116978
52110
549821
658520
863639
513438
210853
697224
754977
299235
351810
867382
812201
624838
357503
629814
685123
654481
48249
134404
466908
79748
273006
58024
50029
664068
889348
439540
429785
539571
657972
93291
419561
76379
457361
647804
634785
654979
610297
98155
188479
269732
957655
9489
580815
753781
918289
471098
895790
344355
288021
890860
528921
446557
530171
891015
829233
996043
63511
899080
901901
511582
361055
123943
650748
881346
248179
461793
377686
231729
126989
780432
444349
365473
468102
540021
240629
876637
226817
448664
205533
510770
900985
362055
340618
699519
116963
567482
996479
635056
335103
611095
40522
490884
942465
229264
344829
659145
910294
602602
289928
690666
834901
968537
306672
472159
287299
335303
519470
532674
272963
900788
409318
461698
833368
68216
935746
545136
862872
812771
268139
33911
646512
965381
605348
846441
874958
982537
875459
437492
298415
208764
847436
899379
599173
540268
521131
650400
684995
534315
64078
79976
613961
30067
302493
925655
981159
356963
30039
335666
371984
883752
813386
91492
323165
517239
918126
157712
1658
398646
564767
370949
502065
721722
121078
32912
468049
396651
141507
555434
768762
576004
685352
315090
46216
327671
903636
65014
309018
147501
575899
563147
226366
157995
835759
290236
914427
611088
598142
306366
620858
602555
262631
820546
827153
626825
393881
692164
283245
222204
458187
374977
181532
328311
114194
890501
411189
437861
214690
991970
388132
587514
201187
586685
533526
402449
189423
510082
310589
254133
32038
7799
902848
998268
334127
447214
34691
494284
147723
577428
603406
632065
577559
856615
619100
370855
140574
559173
87875
746722
482200
358559
480378
848237
208516
105932
435852
881663
935453
580858
99800
857993
326715
687807
569922
425372
84425
413710
643898
996520
121695
779013
780583
291232
583420
369698
269167
271225
328609
504342
815590
313040
610316
736754
172240
930347
164304
802430
996820
210904
449166
962088
586624
485105
480210
897178
457459
299713
140940
280228
492459
839937
321704
106648
382508
289851
865613
573109
553993
629392
500399
758011
39826
235989
9490
817886
620442
477207
277276
178069
369315
467071
500180
579473
599592
544849
388477
456971
919943
29070
142089
492150
812106
58618
199868
35988
833297
490616
965279
19429
278237
50321
377628
90233
555707
652371
113277
238631
732875
213398
268604
692246
987884
979098
269062
985016
411333
641612
331793
658071
921843
609191
63190
947016
143114
869623
170669
275644
850890
295737
169093
44852
15008
917407
24636
405333
256277
301488
330849
742673
412183
906955
515139
30725
43106
88715
918453
26658
94859
512838
551778
256834
71529
527536
267207
251740
313184
243038
845969
885907
70219
157092
620115
431976
478853
545055
383843
288784
727445
137806
667602
99745
865460
244315
233351
156838
816379
943544
682552
325201
377966
27813
889796
975952
470879
167501
61807
608120
575360
582672
541370
985310
946761
702172
14110
940101
169666
230196
161701
381169
849645
543955
814182
164122
427540
39657
387291
559804
42090
678788
798496
907915
352033
563850
130442
768708
278983
618467
242914
225055
424797
735987
599549
139681
460279
505093
590457
608397
356361
584835
257942
517242
246163
624225
321838
337664
450411
95322
251730
670924
966692
376531
119619
485907
875160
312411
242890
170212
222359
502676
464692
457173
574572
434795
984942
175519
66248
408002
479609
861190
429582
251184
545353
175728
770874
614750
344320
623256
157167
560146
503106
91354
402459
733768
54260
502638
666185
838716
843670
379314
819266
691589
145083
19231
643041
614235
564577
773982
800306
200121
926897
967859
626886
28637
774612
145175
424406
727021
367983
599140
660178
873460
612797
889642
641669
475337
637384
728095
707494
244240
204484
878450
485117
555418
616008
828800
385775
260648
758378
456480
310249
618253
905589
272153
643301
285233
247881
49587
662556
238897
606544
918250
394760
141604
284568
874367
234644
639097
444114
238570
789667
164476
350630
816874
933754
36727
456305
990140
220811
588661
941020
383594
459295
868450
540890
710714
901791
780942
617470
541064
165822
568016
351350
277486
69894
263623
579880
223967
628222
991548
119719
393043
266806
467683
188114
513564
910767
838977
69321
340952
331177
616359
17037
61951
856905
854684
439539
748188
421671
775449
2309
966681
648370
912813
371829
42803
394176
875009
636415
673420
282550
832054
882330
97055
182609
141738
852186
76366
255374
373722
697957
238423
478972
814945
460047
733605
26268
994079
412117
19779
895986
96821
680435
538859
382827
72172
467682
533564
959082
40629
139890
705291
550193
927499
896831
194000
410920
12788
921043
238913
647181
339111
462360
810045
396729
927560
943480
836894
368523
739151
453779
292273
105203
11014
681052
45378
477085
636465
973137
740688
60983
765703
323669
552351
451809
319199
301355
627565
232432
619302
465425
797436
975839
638797
736951
25486
988435
509759
304602
535343
894474
104848
699458
296044
252447
921457
854484
677345
317884
37087
863892
89584
680476
870429
238011
851726
992123
358358
621297
215223
409501
336164
996072
199938
650296
317678
33748
618767
42432
90091
812618
416156
687629
615174
251956
293751
184106
418522
841711
233294
86524
901980
848833
185954
367757
2776
965370
143322
561780
999316
672422
94772
213475
203217
50860
898774
47309
354415
708678
995011
172210
470576
671965
642281
618376
960277
206528
36374
204935
838948
136257
990283
735697
171531
678892
540969
834365
596702
268837
823560
526655
870397
80413
945447
531893
552913
876016
692093
546704
52533
690526
889390
465309
843505
313317
372185
920303
236641
809975
5006
170987
978932
947549
467485
874928
651280
309864
762953
287457
66643
604879
205020
517520
86197
576938
816660
248328
858761
230666
312315
575095
190178
98291
396180
712950
884626
436151
633201
272375
446798
718128
843746
497162
735405
123929
438536
568076
808655
216969
408327
248428
267547
503822
384217
96475
772064
461218
633216
283856
735709
187340
683348
301749
350236
266710
560698
831409
662648
355366
299061
972179
33088
773372
372694
795415
711668
40647
156495
137561
490156
792292
553766
917843
289304
445428
149893
934420
75298
1624
988014
525632
226736
572172
294027
761150
976389
307357
47011
929538
655943
583112
782633
33271
56475
174897
563119
270984
522284
383997
958392
331595
300811
181388
158442
992010
582129
422358
412002
234480
594207
322913
964066
253581
888550
982812
207589
758534
544131
881691
917587
666140
422050
681968
603920
340887
540227
874658
190831
454926
996922
900429
566021
79894
969488
366294
245592
673029
769160
744008
409589
84705
424700
717136
309408
519594
999972
896977
834534
104001
104888
640485
201295
475508
988846
967794
320432
764455
7709
915108
484444
341856
894146
688972
184570
965230
474591
40533
96178
581431
855425
815646
151938
220253
141083
603705
674029
508493
20366
293312
694354
596900
297930
424270
311706
311741
898510
353121
783755
844827
505163
188874
739258
798576
703463
844174
10077
414280
508445
795933
490814
764181
156737
706988
89548
649431
361697
298673
585228
433255
366983
526395
424300
18657
800796
999339
900920
326636
391399
105618
209446
405608
465778
460329
285771
345202
539085
158695
207665
538902
218412
650499
996480
703378
592235
343238
887576
591107
765106
400459
583105
313903
827892
583255
5946
614254
280209
136527
465582
706613
791772
198042
122180
255552
509686
325460
129493
403420
736409
627371
560249
213070
868465
789978
72570
485731
762276
223936
141674
955861
691123
115612
61777
741591
777464
561319
526206
327422
716111
160142
35582
352012
66130
671371
663275
782361
503484
982687
10779
655584
474799
690798
555322
832931
261136
748599
352562
743804
710096
993198
70
7682
643334
135607
303422
689876
60152
625985
607101
877317
742521
421437
494
970148
1644
524026
675357
735654
300966
941983
201378
34482
488626
84164
978680
214409
949102
221741
392171
503313
632338
923299
826160
569404
925521
839217
218062
278489
127767
738680
115258
621623
426931
725871
953282
76145
622607
516155
149407
254171
449050
995879
688301
307592
484486
941952
658806
821109
403373
350480
782442
704085
371470
798709
832747
506809
761334
693084
628997
420763
459514
184671
343931
842888
484769
619513
900668
440233
259678
728930
612469
696620
189370
677836
127104
710228
97616
671416
587385
449881
389362
703477
958257
12604
980970
680758
560572
658348
318938
10575
976550
587086
137413
969484
23810
559661
416038
145582
745506
377406
726334
391747
648802
749454
104940
949793
84383
271306
390964
434750
190470
442923
685090
567215
371782
504444
948487
72763
41063
141641
964194
778011
985716
386598
769883
596817
322708
186009
175144
74594
332023
65317
795282
882674
8876
76659
702738
893434
115087
89887
155093
432744
557534
743069
687135
580755
681453
56519
393675
482136
672560
425732
771632
355543
203062
781270
923552
551556
124981
356095
697482
441130
115904
90065
651263
225730
368149
155281
419346
663340
129042
984199
70872
313480
723080
410213
776974
162484
502120
125586
211418
415650
264410
492689
780330
310804
13869
216339
583097
778743
946985
211605
991920
135961
429951
183735
225577
48841
510178
842267
78862
862090
690415
346166
738400
317107
487879
144438
58708
699622
523581
73040
407
157227
441707
666853
89331
127208
110303
605136
602953
834943
936051
886927
24638
870212
956346
960907
23347
169433
355734
159749
995884
242665
828391
466527
503314
709181
260062
688517
889875
144190
353775
686646
322663
109704
603429
17075
83502
528678
858063
491906
23541
519216
570904
940831
266968
547710
729077
592192
799809
575304
801783
524227
792398
800092
107840
745335
796497
302906
919506
204420
267313
691855
566851
503288
101229
919116
175821
459310
629761
580899
81345
69021
59233
209182
576412
18618
903778
74780
375666
894987
212984
549480
922823
383498
343386
223095
498621
78706
624002
237246
218407
45544
973392
612526
508603
877705
479630
483085
99046
366796
723855
605234
393466
143252
820016
676701
310851
264533
869376
643632
307319
681376
743612
223054
14795
559116
789171
734991
537570
327171
537672
491101
205152
84710
708118
967598
921245
434014
917614
937950
478262
527744
820091
189288
265917
669020
835719
59584
596432
291683
929494
387793
664711
268530
336752
690254
968647
898495
258237
229175
903604
378527
501256
104298
700739
307057
818086
544355
711085
197803
101488
980946
500671
963455
964459
591896
806606
747049
732169
345629
858824
706008
74440
478416
924774
180854
147129
165948
486462
534422
689499
859268
605621
808633
491942
36539
249426
89533
560355
226082
51885
594659
25336
622079
33350
610299
610690
761110
178418
961070
644507
529031
226287
638696
572795
690755
968793
432864
875322
90924
659958
650437
848691
407497
263403
653062
546437
831267
670994
614462
544947
448510
147491
645627
632107
271031
421647
476586
821476
197559
145195
376160
429600
246417
101321
930759
721809
313406
393251
36515
502040
861362
391537
722816
862440
624090
354138
809402
124233
950197
119942
67817
614137
255500
911890
159911
913004
351887
164573
81534
636276
463502
552383
358771
550205
117968
946650
809705
323759
593108
445512
187380
933366
506082
563252
268411
44574
795852
133701
968649
399063
232902
99124
487920
933080
342943
595966
830170
599456
638427
947381
820077
791576
504559
91698
542042
692821
568153
707237
734723
309945
973273
38733
511751
11385
889871
728194
618155
789177
318450
7216
144550
769427
255978
78430
718985
582646
669196
44268
586697
993259
149936
361820
642474
509619
198895
163974
514698
155405
286142
930287
217608
156052
449826
391605
607055
82948
929999
737
712770
10589
497889
123423
993670
362720
719158
231433
276710
200054
668198
833055
272423
127664
283936
434515
274218
901225
555554
156865
786039
452424
231252
972220
746795
412450
589954
263684
159553
253948
436916
789331
276982
428142
904748
254806
340956
856546
116540
933689
155197
768892
963713
972955
93162
648404
58495
130465
619935
208158
336475
10022
409108
591659
794415
936336
752547
476808
798989
462718
224528
914308
837332
473437
277562
816080
343144
97754
306717
581054
598289
575218
545921
5996
104498
591013
806915
189178
976995
926280
707582
208630
713198
907706
429014
248217
439267
632047
740641
30699
701144
267688
763634
752257
488769
308547
498242
901991
405159
244014
57341
618328
150152
232759
14375
636074
964108
530175
753833
336263
551519
195022
398396
44117
347247
775232
407665
414071
499268
428316
820058
300269
670263
607493
148504
588375
974608
275337
45634
590167
803520
88535
510255
666451
218167
459981
203233
524825
96227
189808
657934
956766
579527
726197
539020
111199
537907
804732
322712
75625
101605
481500
497283
784691
219708
835225
85049
378793
56021
189618
972015
22788
511748
23063
407912
704404
880113
486520
796965
150751
172876
989305
753127
861284
301166
90050
526562
440120
310030
784754
124672
850450
18204
308339
348238
455842
764285
610920
471303
711131
375460
658307
698299
31442
362442
788148
666140
199614
880393
633084
143781
771935
476251
752608
582888
248444
22441
6200
152306
72964
987475
589990
472028
102998
257980
929572
473201
425756
855758
896247
512439
731218
529617
459712
717404
171749
34787
888881
673279
469174
760725
586333
655383
127741
473442
650407
222340
869387
651725
687388
374704
26664
288342
311325
288034
503130
200664
227893
731231
536263
437570
639433
580029
13490
795824
671725
581445
755873
754917
652691
249220
583711
788839
242654
700526
286429
346679
612309
723056
104948
538604
187571
567249
190214
422187
578714
462787
678082
726597
392872
855692
900038
795181
474018
34124
764062
260628
191630
489450
213418
999971
89245
300511
392222
401237
189700
21663
896868
704558
263979
784031
762780
775131
561598
983047
741315
94567
171554
311606
274545
600664
547522
931052
847484
721828
140551
920409
65594
601811
585574
838783
515620
13106
170387
841030
736727
705585
44243
449180
266036
765146
236143
874310
623654
864814
225476
210632
177091
611678
142008
276781
401612
721379
559943
5492
504911
830842
503867
179223
905772
141759
747898
409785
117236
224101
330425
388587
657069
817296
976846
687770
775218
621967
292900
25
452983
337657
611848
977287
668011
375971
807584
836573
327222
205883
971194
228310
582305
50692
129794
49787
247573
364974
504590
285194
321468
448209
288340
759810
785540
190342
158267
433102
56578
981858
439438
275916
598003
732944
346189
812792
156701
481866
256670
75833
326548
307380
75553
672200
759704
331989
71905
731577
915868
379890
412133
148072
482721
605065
253863
12033
280705
396711
294556
109675
573832
181926
143410
821138
50173
397255
332696
642447
296318
153384
206966
660087
816585
619426
182398
582205
512087
955457
766746
44676
558498
524704
16837
183686
501576
85025
808310
77786
951048
965511
632950
259109
963304
416752
953939
8607
191353
846449
458989
273217
937587
347280
344173
758664
224442
210776
514134
309545
336642
633629
975603
896337
776526
368461
924016
876247
979
151918
783749
350081
434172
474489
572813
745840
811783
826451
685237
777001
390732
361124
628751
129280
233374
165398
628038
18467
43722
14380
769388
639424
483964
631740
965552
360980
459777
823435
615083
925970
983976
705795
169753
993004
467713
864723
812772
547840
31239
507555
514204
8866
383642
629683
733316
527874
63012
465231
464198
937722
173662
81521
322246
999927
91627
264115
187987
853825
324258
750894
819770
577320
787113
304117
731061
752141
346620
942311
324929
717578
899277
25013
675341
520447
919366
592177
278222
269946
688618
697934
327023
224962
962713
639162
119462
352320
788978
344341
229154
48779
974995
63692
989088
34894
64443
124695
522013
523032
341329
70539
708646
738688
81982
75932
618699
855987
772597
397171
268850
91228
247506
493608
928135
237870
502176
45148
631953
478801
318773
527286
192736
20774
850616
936696
258019
806841
485443
801533
981078
255938
916771
663505
724248
758552
224380
170797
568922
406323
474826
141133
652916
493532
862146
572144
574289
178419
591575
997548
602379
631517
950168
186667
936210
805320
144310
899590
737861
135900
45284
555260
732835
233087
363223
706703
657243
347397
235885
368315
325311
364659
376681
942867
800023
50926
749724
754171
783506
564101
568545
674556
297943
866456
523007
537287
190202
960483
508401
37513
102091
325291
925505
294567
290184
780355
744336
758935
895154
166011
496179
544090
201341
326758
979256
94810
760096
932615
753030
297563
508813
324632
228706
63137
108347
353078
283470
358239
982558
447980
931532
786647
18232
217626
195968
979539
365897
638849
191603
850366
883938
29166
272436
680223
852376
277377
145432
869491
238739
515161
550819
464871
620230
691103
60991
832687
34489
368811
383721
542534
625282
934934
170539
59650
971346
503261
936387
406931
247915
901742
97763
345560
297007
41171
573330
368605
791892
868280
933040
50037
769716
596954
256790
834545
510721
841422
154716
266618
620438
236588
9396
116880
293608
676374
2099
64159
868123
730728
166448
355451
783985
611006
656645
866169
453021
512668
279795
622569
83318
984382
471522
952307
120711
832829
18181
810381
862275
691035
454812
353430
259798
881835
818259
153298
266070
458656
29064
581955
65304
662960
744554
120288
848287
853988
687484
15092
109808
465919
614457
483990
432961
19720
329618
236481
896207
705526
748243
423823
764879
923576
74339
902999
461692
528734
555754
699935
240335
352551
273869
195904
113293
237479
140564
276821
901050
618005
1901
709343
990699
470383
855114
971449
876793
23306
508325
275698
373649
200954
243875
818124
799401
297625
569622
207888
909389
336056
236445
505612
891799
109024
777575
722859
989501
905091
595412
546159
611909
13956
859132
347085
39827
517728
99464
791140
351971
103863
441214
216028
569425
85691
920795
123479
924309
677044
625497
409751
60301
172269
796688
247212
893491
553983
502329
947160
46894
219703
572941
824449
92612
872422
512972
517969
24300
710790
528601
323438
862209
606340
940162
240657
956371
724783
966558
268741
71576
657531
833999
861694
54976
10097
698727
681620
629670
403703
402983
592794
386850
610423
827555
634143
62651
159727
559553
129409
865338
606421
819872
535720
593306
612709
959125
263782
541915
279752
594768
413033
866549
112994
464925
548571
36650
747769
809799
784151
632372
13821
573207
47111
12638
953848
567866
517022
173295
282835
500736
559791
865344
757826
607553
556392
524399
214541
8986
573999
950572
734332
749845
281240
57009
338143
35494
183104
426958
780535
76050
615305
417314
385476
658859
486706
407206
426732
817910
169297
428067
214213
369965
129520
984068
361727
60191
593410
571142
495409
553973
841984
932491
751358
363921
504933
98894
914660
617167
359938
95857
900769
758893
435646
238963
399362
345863
558638
342525
577097
325307
518477
565403
407418
606443
697112
174216
301250
440352
742921
708257
513989
26443
12269
941756
586306
613352
965284
32978
369829
359804
672949
873239
595498
433469
836428
81451
594345
631696
45585
629608
675714
248748
156773
988700
728869
730142
573115
766161
162814
330087
946193
525895
735356
757824
141066
526275
668477
629246
625066
871040
526040
302031
119405
503812
25350
294820
249156
732174
624941
655017
700781
649131
253323
843375
650862
920168
82235
592171
526381
715874
583335
936920
418415
928889
142859
691447
52779
336483
271521
403831
813578
338397
544623
333551
951038
558139
949993
382791
503612
542177
8643
825271
805271
273674
16344
860071
659130
971269
918192
164342
108162
261697
218609
385687
709430
720765
798181
266261
458916
11041
851620
438263
98777
707691
758686
443646
615740
656130
400391
859915
568583
171111
323167
928669
607523
86921
431965
557113
474336
740727
149367
969506
68558
51888
525649
672648
752699
199830
918464
827709
412040
34177
958649
200738
30570
309168
167578
703392
342395
679387
166741
724370
504570
633444
308021
148608
968997
445419
560910
876679
922802
639808
368902
247316
123493
909940
486329
638159
480784
770824
565133
45972
320237
600839
396756
326044
922257
812080
687639
403258
750926
779659
680389
314306
115560
780188
866936
997060
310321
386357
239456
266422
558212
614374
408782
917359
748634
587024
857567
117968
10828
568664
817091
959485
34981
937143
310761
43657
183011
84461
613641
604272
105483
441557
64269
574269
231014
114580
974621
676748
796123
992363
378310
567786
891818
28781
299910
572056
905603
472330
846454
982255
429249
548681
490196
444061
728454
14164
718188
445389
41331
373101
352867
615653
109188
825023
740832
400425
137863
461519
615191
870653
787767
824337
127091
614791
237369
61015
990176
168819
246066
486756
115698
451408
499267
138015
439221
823639
811554
880547
287250
432524
852246
447411
304474
114941
243918
31243
528626
296936
838943
134481
363292
380538
149209
40235
770142
964977
657860
161578
562384
104802
731772
869091
377543
364951
33062
222687
275290
4752
26894
290344
109517
535210
730079
710660
527842
580126
847870
328190
943544
660192
748867
727263
709469
323623
689940
516476
357112
242700
657824
605353
112076
252556
765173
47435
867050
80040
284863
408395
796598
138156
746014
433319
267603
862284
961186
275106
72558
782505
25574
783260
956004
308787
863494
83068
28241
112873
42814
138953
613942
614589
232160
74520
157894
214739
735986
533920
756685
421223
394210
969833
285565
836877
310758
58595
913879
923348
578740
324627
646451
787780
942875
659304
789292
190407
785085
888428
94186
446372
613545
645718
6861
942758
824025
818108
711858
88795
594693
839269
32038
710712
882849
557373
970213
888730
578874
602658
46093
130343
684776
121115
847140
370707
438001
446696
984514
269055
221051
797300
986013
629371
514155
992103
315695
553836
671966
326232
431238
385289
776578
410656
759784
849919
169107
723081
450080
688757
611886
677990
826729
204074
97811
265660
280694
970681
403132
560670
277788
236351
920148
310806
440541
970835
117142
12799
131282
620340
386243
679088
881268
521601
185407
720211
398535
95969
717641
524243
671907
388162
567189
762291
213728
580351
100552
538108
243805
609947
612879
158351
260397
690602
16861
638104
463839
381839
397375
893795
927593
772320
626973
279816
363120
501990
76687
82498
952887
693248
206681
142430
484321
24807
52549
601167
422372
917323
62236
507742
842125
770973
741504
137406
432937
270758
296873
345598
555799
597524
189050
6679
57960
706901
880639
360229
852720
591260
451526
367923
621292
847105
618071
449263
644175
239365
397392
229628
894763
602419
710114
755046
57657
269153
408802
803441
944325
807190
870732
438218
740921
666310
936027
134559
875075
544440
305726
288650
570214
207496
833719
477800
868890
519881
639125
620424
500001
456706
288396
354240
67752
615193
726510
962713
834069
182798
349320
686314
888307
296542
866715
261762
499960
997256
69814
413183
291439
346091
323885
265083
143942
324750
73784
2790
994166
503674
921898
663663
479946
718338
805515
903132
968591
684131
962325
839738
111063
582214
610248
894382
637673
475170
917418
837289
671304
191038
299166
794490
267358
83668
665760
753085
790598
578449
85275
773809
538803
446265
908967
544104
936704
947368
371362
707735
805268
184883
41514
660045
294897
512301
872628
395649
670554
183942
730956
500228
220511
429069
461929
643605
517382
548885
678700
168147
737048
364406
58997
629005
740421
990251
778274
772597
731508
413593
101029
32244
933611
234351
516609
117847
390552
127080
350305
124262
179706
331629
390485
487893
914159
580824
968362
858260
464410
584084
605476
80769
109296
156896
60442
942397
377568
545202
470831
460572
44317
532984
483496
751158
8393
173369
29679
84955
275711
626779
779491
13923
10365
231421
320090
831714
476332
549188
94132
736123
412238
703284
673949
963468
546755
885748
235934
532103
43128
9524
92192
419680
570221
449066
77951
727394
387296
212535
926215
528221
767195
444969
437006
954746
348375
372505
429934
648815
34956
621429
511965
717389
547542
165528
543274
1526
734597
368981
820245
715757
940801
674387
109388
662534
458392
850578
25342
452924
940902
401228
809054
485537
509088
74742
863606
193392
835005
211941
927781
352766
632513
672654
123895
391631
160295
373158
626463
996741
792234
484328
203859
261875
11888
208181
888900
111760
571860
283605
378617
373640
246350
308827
225095
881836
842625
726695
550575
493128
915681
368902
309780
132885
26623
923956
681239
543429
144563
173313
769489
753148
998117
330896
383468
37471
101496
594108
448350
62980
424403
987414
91588
960393
219724
29130
677591
469056
694003
625952
749645
900680
953
257438
599374
418103
940540
905866
58001
266035
168688
98828
872147
653856
305259
482546
472116
453491
4108
828174
130990
757990
85449
224762
48498
431556
419541
380604
836641
926244
378538
173700
376995
273010
24888
219730
601960
642088
250666
590964
959161
630173
740305
381549
734650
654452
323887
9394
76222
253685
32226
537614
461191
38904
213036
299429
850329
319869
599643
429845
911737
665369
422745
649656
556935
181963
782994
581510
22133
378477
558589
666392
315107
100742
358986
486791
878681
918460
545767
394803
666848
937767
398958
712543
373693
785472
440302
2810
674507
76344
220628
243577
935092
829989
433589
360799
579787
389527
53115
658910
596681
940873
151083
557271
431075
894195
145487
485630
724996
516540
2948
769561
883244
207885
156386
586983
238309
80513
537219
616925
276893
616568
727026
931147
141605
999627
174962
847390
630277
602842
561256
171134
90169
705792
991782
8280
953549
436648
493204
235766
549264
669625
200893
557897
928760
885869
78707
534985
192978
256639
893152
477299
230691
805955
364779
431921
612448
21583
18371
953496
28231
87255
763083
251723
724505
998487
904610
448828
42612
507945
614478
596435
408912
23094
936964
342567
153750
337417
872214
501673
239576
376767
709241
157664
693169
469147
666354
44110
760570
64822
502749
471154
527206
853459
503066
218471
536507
87249
436053
400042
459374
421049
821679
935544
880921
13943
491406
854358
894363
145062
460862
645610
197132
406596
93378
534663
409307
789317
606971
763910
399943
899395
555892
747151
158134
571858
842120
458295
751221
904114
909168
214404
212173
756574
55981
540043
188862
334401
121934
17146
563739
444680
180447
385266
868737
690066
315950
56140
792309
297028
814011
398781
722138
750778
217467
765332
392523
28312
410057
587104
337947
743230
25642
340846
699622
230746
150907
900271
657236
357719
447161
84665
351914
157939
819437
656804
196684
18670
419122
954837
273747
183582
480228
811159
791239
961503
696615
675172
458233
372520
861137
822724
876352
718330
757685
791693
896078
216625
376269
962952
555054
209469
649987
930932
178140
470058
764636
157732
918720
199962
634050
567555
534345
171221
297452
681592
593250
293111
480172
377636
785492
842376
821716
985672
958136
230569
304326
880324
550295
718889
716887
676410
848480
415479
20768
948753
382725
556338
477153
318230
376050
605469
569873
116092
298730
838638
708550
722436
473024
290117
520765
557304
474672
411770
522759
262033
800664
646415
370257
448120
910166
518212
980750
988074
695551
482698
967619
520116
122232
135759
393326
578462
855157
152376
596180
208100
781900
823469
598118
927327
125685
127693
632143
673667
312544
718147
924445
659585
592371
567664
796489
460237
460639
481800
27492
650554
980766
154809
621216
611008
889739
273349
384889
524384
852445
9905
677118
119838
281409
741717
686976
918381
73684
808788
676950
915049
588282
109734
427529
95230
468382
180689
258851
123366
220422
781879
859023
578127
42705
764296
619309
3546
869264
944215
95029
911296
617983
928778
366277
896975
970335
173484
143368
649298
83889
779549
961733
275215
647248
292649
560449
371882
668843
295925
220178
725159
953759
378453
928578
331917
376109
964923
420316
554406
415261
428107
637462
382370
523950
491594
671450
237275
156088
45492
636339
238899
684768
606764
326289
912729
859000
228494
514808
525035
909233
982944
433995
642805
588157
508136
279217
835352
174149
240535
247586
672326
268164
981987
400336
173034
646783
953586
112884
707684
34337
661682
736627
324082
525494
942789
956589
665706
904836
180890
845923
804068
318914
314007
767298
40564
900022
273714
253584
603860
714350
310623
628146
756513
927706
695972
180439
961276
304836
971592
135045
226961
130798
836265
276094
830644
351495
3437
957454
431079
446857
718161
87156
892408
271538
768605
411307
220103
537052
337912
163924
237542
617403
181400
45761
984921
409459
274449
324128
671100
293396
988815
326338
784580
336243
485535
923847
845277
887334
496871
197864
568435
985755
741046
790945
795149
620181
197430
156601
110739
726789
750590
631471
911728
498689
257156
672131
867218
413859
935152
198558
618126
878977
376971
894238
105057
727492
707670
851714
519890
303335
967351
687087
815539
230926
753998
574813
449158
373376
996391
343649
477883
805571
232968
624471
130519
459987
933609
630635
245745
525630
298819
767748
379415
236255
848705
333902
934093
818101
739539
616419
815477
40479
8226
903318
646666
142966
161502
372059
967942
808583
323698
41238
755044
499051
242457
361790
125376
424837
865994
567150
642906
374744
265999
15304
5433
578882
660084
130182
721068
209497
950554
483935
23595
251745
53291
202194
626269
4839
389735
687441
321587
993852
461597
253133
659441
23121
945462
398810
705997
444908
170092
106240
925744
631557
47960
308445
701529
634815
919848
424186
119585
639110
811631
683112
578329
634433
939286
79702
721807
550964
935152
344947
291696
295990
351980
418042
234951
870985
421731
513503
534243
137435
363409
450900
349655
676056
537569
190456
655323
397290
335905
262301
204496
879886
319445
454324
31393
362580
46759
900503
677317
288499
369212
502195
606689
198790
211233
519568
907593
420647
391140
291135
268583
322599
108479
711071
468340
35879
383344
761611
751844
220310
68580
973283
474271
651271
330385
961974
383145
861293
310179
258633
248034
745718
139214
477063
868457
656834
220866
776900
321180
359359
41213
992815
33467
726563
343482
179476
422891
883972
534279
775948
179862
673431
857588
800770
315119
250755
964263
263650
642131
746593
126541
123743
528459
396243
939755
389985
528558
341118
428178
723466
767268
281317
442481
769828
439109
204579
116868
270825
515359
886789
775275
842862
762455
741057
484693
474540
988838
262295
852315
946924
191493
58115
296745
521615
206884
771996
233111
167543
270227
322125
788118
153750
846212
135021
129989
449233
246311
291388
292963
55504
677813
726588
315103
540772
695113
781033
830220
906390
180520
534359
487664
757384
769441
722728
800059
359946
298896
375910
503765
779964
792764
644739
637200
490779
173472
876586
592765
214314
679815
624513
576026
907581
389392
843454
914025
955749
73489
311395
847004
824755
168088
136727
452780
90539
969165
245603
52296
363271
872755
495941
80107
938020
648909
856948
86598
636237
996893
489074
576605
536163
452104
211207
856238
263653
227221
753311
96651
99490
697876
105474
611849
50296
871835
135979
585873
893191
738348
599496
709651
898424
319154
851533
657563
893028
938
495797
232828
77730
179359
175063
360232
287536
272205
633697
776033
365180
61543
330931
740938
464848
863540
82458
810775
128473
140244
833383
220516
330578
849057
472300
80161
458194
482033
10578
454314
310702
233527
945370
254900
642188
674185
366190
583139
140549
614012
450915
716473
275190
852011
570830
850538
297188
264279
989952
818123
832009
883112
854175
847848
542847
981714
614690
440564
806600
817427
736936
552091
248120
197912
735670
459892
891967
267775
4043
792082
793815
67704
702050
553018
911174
441028
149636
285038
937872
914528
365639
562280
758717
990011
731942
139427
36482
164962
578750
313618
913167
675004
75747
353204
557364
214705
827997
18751
167089
11239
605314
473849
319896
434340
57521
151462
607073
209879
178920
993692
79818
701042
938115
181490
380969
481584
148178
654295
648720
927732
491285
585406
163291
280594
852951
706295
104856
675302
726756
297689
884628
272098
565607
192220
440318
723686
6373
862211
404026
502984
243152
886902
29765
18547
77897
949934
321344
60651
444917
259529
310427
290862
832571
713917
194079
972214
396247
730089
286551
16412
610462
363463
320732
958614
731150
891070
822780
91425
240145
558484
870215
13050
13647
629441
235445
453189
818412
314014
432759
379793
596325
300412
185753
889139
668034
163154
424528
784271
317433
658702
293414
162357
354591
567884
813311
429607
790923
687204
920390
679609
556809
254622
35001
901649
696696
424257
982991
910
508929
846089
588418
610629
518772
385974
224700
998311
918080
608385
538210
990910
287247
548458
901687
405910
959164
273516
800175
576888
936690
862034
284049
716626
575650
817379
884871
946098
24992
561401
391941
497137
841243
792048
923412
376748
839863
22265
59770
725230
48137
72590
365960
742826
486062
457216
333568
338659
900872
625900
859616
625902
663575
826636
384143
167567
775983
159209
39075
356353
763099
663214
384269
450578
639119
19993
138978
373866
522306
442762
831878
37548
313200
579326
302839
597812
145194
838037
577267
23681
53464
146831
168199
396396
583821
802005
938102
193174
895877
557236
954370
69153
978238
276388
81818
88341
472431
111814
872863
837282
397673
475821
843988
472901
488009
220436
674147
497603
567831
601581
6406
381266
271039
727001
215704
608343
250282
439987
263609
479306
334583
552326
727703
908406
504987
742047
243168
903261
99474
208702
34241
376441
555008
936294
144025
687644
537257
543956
570303
900089
404105
392844
360684
751547
154066
825230
133511
418963
509440
257512
137676
989455
718746
293989
624215
510246
691655
249187
998099
314448
668553
130370
237434
493266
770139
439736
968199
234135
353187
618498
696192
677946
274964
307701
862361
702881
92772
877747
345543
37699
315108
397049
66915
620489
21377
596180
974262
179730
209749
362355
621479
379089
231403
313624
265598
853138
593614
642665
982804
144858
818764
770659
656665
689003
781004
601774
406594
468070
780681
717835
603725
186763
202474
684009
259890
216028
877312
922583
893864
610337
243227
569172
702864
584772
564937
763011
18754
632092
61100
68923
615347
614279
683511
449850
223808
145711
245637
675577
371225
175408
685398
107418
411405
959760
124710
690238
396205
933996
869676
501043
472288
371572
675436
400202
388227
758477
821177
115143
622586
773269
676875
714930
53336
781891
535992
380619
556711
656363
941331
19290
885972
191201
924126
540644
543866
173046
433580
447290
32265
618974
692696
563691
103186
390194
335707
52313
788467
990672
452814
67945
858074
835936
823549
371860
234295
867698
39908
326043
17474
581763
435721
146391
753766
224415
998325
963182
727881
49760
771664
584034
967289
946964
122008
421891
413684
650492
432958
486277
139923
159729
385181
858156
399061
949986
59352
628579
666948
376184
593870
556845
743494
547290
2556
257971
896899
91852
129328
312571
934701
945650
624934
826617
147888
993203
344961
379456
337016
404537
794215
675025
713434
53204
176441
783636
887008
748542
390702
656932
210932
947065
927755
29701
365031
688661
734273
994033
906271
212750
773219
6991
446555
858513
754242
340997
951140
735903
745574
546084
135955
19723
741100
260738
246457
24029
711607
126758
68398
889689
203412
612379
589561
496537
737198
722215
707993
183895
457770
431830
148142
345671
867488
222383
922119
914017
738103
307016
784201
852220
402332
194741
216952
983446
189471
329884
770917
276272
950186
671652
96372
72662
496222
849676
991945
70717
836427
128024
831311
2628
646156
589413
424932
342237
158846
150686
817253
831365
8859
563975
702673
64623
138742
248183
444124
446975
550549
178851
415059
653105
305766
138900
698790
159514
544032
819323
342743
538631
153015
72091
631294
843522
453819
274340
677174
404787
844558
464672
321064
234530
418368
807878
90801
132314
770377
407532
498675
377385
593570
66714
182773
119749
432064
214074
994168
758537
896174
615531
628567
964700
986246
457204
493145
870770
747467
953941
853975
262764
745894
862010
32772
812507
813435
376521
844062
7522
839272
533914
483440
895865
338842
122118
576129
683214
222667
461016
821213
945862
837084
917537
473789
886177
427530
10536
215125
56955
391312
807229
726523
173166
729689
299566
702959
684885
624417
200723
933707
604140
610215
482820
23816
642323
912337
139179
260778
457969
766300
828980
585418
514229
698365
418913
674878
622904
560793
412345
594342
4862
946462
929184
386454
683100
858236
725186
297371
773043
12612
310697
735340
763930
521691
740591
450287
777306
234458
945741
123620
815570
319558
560849
684658
647355
149607
650222
82252
139206
955719
392046
932352
695778
526344
233026
170908
438425
107426
114170
92413
991130
514489
345039
26869
769681
447767
186590
673560
108338
382923
889584
307939
131158
980445
244276
386442
866748
726124
936846
375261
872688
261095
239112
940758
716745
262564
955814
370561
336267
878624
421464
446024
540781
179284
811081
364954
572278
898288
886421
75896
755457
142646
733463
640796
515807
764918
682143
349574
273307
917218
102979
217380
598808
705485
732301
246493
28759
795973
345682
749882
305365
497033
838562
763761
378449
301545
315163
32720
630123
415545
108952
62339
39272
778801
635399
5185
727506
286116
422296
113817
479613
589467
859858
820885
327780
214350
65472
264392
697585
894526
952392
334009
783131
249073
31515
689324
368234
614347
929800
13129
848022
556422
629100
111788
875533
94990
152260
817032
35284
549180
688355
652216
164037
257964
489214
309988
655478
852733
675365
120396
583738
161764
681292
655028
951361
595565
167304
261356
90971
462992
177941
919163
259225
554668
319827
651496
810452
2019
779538
603556
392775
152529
806274
956823
374039
339753
80141
526149
244788
368046
451520
458397
511447
708555
868836
166750
86891
54737
306859
7270
371528
184651
990598
433305
708826
535934
226132
653418
660640
600706
514420
915401
336017
251895
711867
621673
745625
222502
741057
729965
113792
705590
978966
879470
945836
177096
154194
569835
219965
424559
233610
872526
815190
755919
510495
285591
313020
314833
150256
282920
793814
611776
922351
438251
321492
349059
888657
40931
955628
282679
685215
679822
701568
558760
163050
133940
665436
499245
823388
403536
391195
347869
132329
185047
291177
195377
607459
708265
436066
424632
366061
752979
981401
352497
292295
562111
337462
810632
255881
120633
475703
849776
454827
476318
257175
695769
756224
43939
361163
588879
498563
998719
667177
962095
121738
422391
810788
750406
886999
461700
410418
179911
942734
550882
310158
158505
262784
509815
373785
858715
715749
925726
108188
374757
920617
12368
260968
164444
914141
629743
263326
801281
365198
697518
885515
859064
637427
915935
770923
388064
992384
722458
290895
775635
386967
582983
378265
221563
987614
308745
165027
611727
36395
36935
823679
224425
321884
541912
463449
44614
104644
450251
276857
228441
97280
983312
962277
514956
766631
37701
173987
553876
687327
640737
868380
262575
737869
528439
321500
454269
903140
223656
275702
662520
812319
293864
929541
745426
925385
370667
825613
45866
980665
794411
464703
924906
902172
295577
92379
644799
400618
644317
311280
587510
363003
309004
168511
330224
784114
274534
771070
737986
388055
712584
105976
837483
858627
215220
474705
274290
299572
730875
527784
881820
220481
308805
719317
740615
747111
787773
61457
510759
208129
134427
259253
602586
809302
720143
791643
867945
733837
397447
59745
197725
90171
647645
10572
296700
780893
739872
501768
417119
469281
229054
527117
293553
201054
254155
233246
378630
254437
319152
123628
573205
688047
279602
322903
957972
443125
849374
639700
177006
653919
790031
908713
376612
662036
222427
50709
396861
749872
324896
535374
987883
685780
928678
987362
849532
736854
67185
576063
765497
680345
324198
415886
677343
265144
988823
520953
644151
702812
111213
582414
215572
682158
916785
944507
437289
163557
58871
212089
960644
66304
233639
466950
52843
946448
587625
453514
492818
717165
518701
635803
293685
176841
948692
676764
615320
79521
460926
821952
326489
514063
325745
928684
396462
590589
85026
918651
746561
357108
451684
804955
145317
512338
631722
61268
568179
711578
563258
251561
348422
579941
726065
715799
442063
71799
63405
468922
125781
982637
401434
389455
270860
856594
870620
837332
228561
638032
375958
51724
970624
604227
426709
879263
364979
845865
552925
990173
319959
338102
708749
182179
728876
331332
343665
365206
588569
334120
995364
333
719849
900000
431136
225291
860774
369576
564388
663785
314768
773803
173696
982035
135290
785623
322368
723817
328386
663241
509491
422725
359211
775848
133271
570332
399961
16205
960610
12093
364456
351328
718511
540599
206184
145726
75396
756504
644025
123222
284604
49935
128192
65235
772438
256947
65987
273715
250456
478620
999591
921271
586785
626159
124867
431667
273546
314488
77344
505413
225464
199408
553552
532514
245570
730205
264487
521996
43321
304024
454491
945504
997144
597098
373812
90827
548873
75984
439919
314013
80018
765790
706869
245814
535194
155968
741683
263388
476444
553371
183381
315823
694567
205266
245668
452659
930255
1252
365242
919437
54964
527730
318174
882313
775020
733086
899456
910040
408976
896720
603538
106199
751520
950034
272576
965066
509908
24091
489678
74343
343872
234217
351181
877903
472802
815175
822458
338648
905291
113134
672499
604293
925672
720520
728727
114647
842861
646031
290361
580476
22045
972308
485823
843110
179512
901340
258589
478519
258881
554341
317738
586776
6954
814918
607068
90793
447134
766004
230117
900434
176043
61345
809257
71928
231179
562430
674522
656396
643597
928674
594802
866173
492645
202755
505804
704142
969228
968992
585504
638018
344213
536065
626841
650419
293326
867670
849365
70209
377999
54461
215352
183784
137378
519455
671277
168875
197134
789177
773563
541869
414466
805753
569791
231646
368859
754302
732492
486418
107218
876034
947291
791533
491589
712212
581104
713595
209248
718397
620044
569372
165224
884613
750089
219100
229796
621518
5397
3233
685736
804381
454285
48638
752511
39161
639605
739620
441268
221484
235282
223095
178493
308710
116069
544703
842309
114689
139396
11253
994709
732960
427414
494653
710174
898160
419434
691828
215013
375760
618036
32414
923147
657165
178790
671746
656696
965254
890727
169106
427300
491887
235827
792258
943233
942704
813391
799545
366089
472493
778279
982821
682655
861153
41542
290473
312164
109155
31088
343538
329177
771531
217375
579495
840364
512494
64793
518782
108577
628164
812330
4460
93470
506411
384963
192820
825555
295172
184239
609057
274564
761468
222958
308879
525556
958309
857072
353507
948528
539714
638959
492698
349877
582946
49257
690431
56766
905123
197177
456310
194990
594328
458705
742902
34071
951173
710294
582100
958053
333703
837528
80058
882987
179664
418605
857526
860679
430096
614313
152623
507187
690992
853627
769778
311851
447544
134055
936234
58871
166161
789212
677166
187540
961124
357233
876789
436803
230432
401409
209316
105709
911067
325791
837192
636145
198928
673208
602399
162828
40455
736772
639761
99108
617042
501608
390268
620145
92595
682796
974253
119880
437019
517012
502762
582342
817805
550877
423276
250133
240353
200341
12650
982046
185829
871255
338960
164235
271006
360930
32142
281079
559084
543318
752077
774197
833931
636874
707453
73594
189238
696012
636170
152808
921382
801782
253421
292791
580408
189993
63327
10562
169068
47913
530472
640876
574409
400277
402069
208621
413662
346049
466119
699453
121124
109490
41512
251675
929856
384821
335801
540474
550500
774556
160647
467913
306325
69078
575741
671773
778951
193258
697298
686078
548516
400720
606946
162187
852524
824172
963355
806474
451317
104
410638
79696
426388
388972
722661
988489
363348
73085
5044
28133
989859
564079
632552
78176
323341
152072
615964
203244
104159
203187
707978
310332
103661
287646
895454
897263
853488
340976
148134
378007
717447
423274
337766
246246
552670
565977
102793
523828
576940
227509
403121
150064
745686
895130
886959
680160
962161
122784
486862
23254
488229
930905
672906
469489
115117
586086
607326
106061
570618
689270
478011
909064
960567
709917
955604
2354
255784
249548
913814
900048
749867
920371
978742
241677
344225
73264
234210
764670
406246
136498
580633
659408
477819
828207
816854
579793
481029
972286
992999
539351
118127
70097
934173
69009
32106
32787
384796
388392
818260
186202
804370
941457
349878
467401
503877
455282
897640
962885
67972
17262
686479
867666
822463
83407
26631
181577
201011
664975
776027
124088
231997
445827
965297
53654
258256
71141
425027
189665
891906
705916
286664
978006
890496
191274
422193
862604
661282
601874
356943
541230
359770
135971
278545
893587
606597
367558
161963
17148
397604
826272
74835
532393
989924
105732
996453
539608
396121
788536
594343
419611
561738
114722
421094
802645
113573
124688
579455
659985
39123
226849
814458
311486
520166
135122
163792
702283
673071
817896
554509
911259
286765
663223
125776
728549
286176
207694
975024
865707
342715
743232
513913
747029
879351
897551
967892
589866
820356
471030
663428
593066
888986
275923
499533
865930
113710
33647
866479
550028
830465
678572
994832
611963
306130
936138
452471
924224
675828
170325
702580
290148
64442
769071
113246
693475
316430
781429
579124
748969
790561
910161
820261
157676
487228
667932
569068
497509
38646
316909
725586
73900
4862
182019
224023
115183
437144
277451
805419
681678
676837
535950
163735
720343
855322
515193
434233
837401
925459
992074
669740
254567
297216
394325
116678
383467
227005
621360
525883
674019
396864
77377
790174
655869
102124
333922
671048
2763
996930
497582
345553
512867
413303
661931
816955
848150
287008
786708
151535
774347
840137
815873
307039
897847
549158
262453
471626
986939
731873
436804
366494
44377
443090
347039
14711
90964
712717
462206
576966
751524
297684
906984
890253
410835
732973
418722
871238
917047
10831
111538
361955
55884
267254
476686
168625
412461
2774
979942
874134
942127
314540
385995
905785
693019
740655
912442
430784
974277
211621
984457
476788
271501
595283
494317
858626
342642
860941
349030
290459
477518
186411
79047
90298
430898
966556
873062
885509
118750
768468
703580
204045
301981
391777
638521
347440
573563
331099
34055
618782
973796
217146
4793
133624
513307
290946
342833
83028
805395
527577
186539
718173
323438
860409
2953
227736
32911
640320
761083
35457
507998
239204
21002
888019
273879
662725
327810
547623
59791
110363
648250
384884
207621
183182
63745
797749
173857
3877
517351
97832
180300
247126
450213
548338
802219
324667
905066
703008
902457
810918
797635
135944
24895
395531
933541
256526
905587
955932
105754
877250
257643
284210
375494
960039
539708
710119
782997
950671
20275
478720
705796
163617
666159
456071
365448
79997
822298
6264
176158
857206
586306
771601
382128
476670
463000
299980
529953
154335
214659
127209
254837
973733
467234
997540
978464
953306
78109
760262
597738
759657
410278
200472
749563
670500
109010
351218
246345
236129
365198
853297
139419
829375
810111
796359
554872
246023
270970
784300
968945
219309
575453
273394
517832
993205
242376
493878
757180
572466
395515
624626
932914
631721
783566
458672
542913
473109
796743
685657
466458
850116
498715
670828
356434
498527
424132
4746
46734
398982
504507
809709
538122
447386
549587
447865
288774
784916
247282
514155
361357
271954
213932
892334
401699
478066
931453
537292
755786
990231
797027
519169
79985
516361
25494
501612
188602
887417
389669
100255
967206
269921
9198
470933
119840
7626
810490
561155
37859
468007
776179
709319
441672
380639
582722
40573
545968
528936
204809
484721
925642
203407
96698
606382
194945
557588
632722
22389
199173
253553
5878
51081
94709
475899
961640
320423
733478
728994
322086
44948
195731
577619
324831
259534
816353
542460
69843
608932
49932
375279
500230
845921
340020
67360
349856
353828
578558
72649
644516
886859
294376
609261
209995
389710
837997
81208
928892
721896
837457
902597
349931
537647
206282
31610
955787
23557
443979
685966
577265
928871
430382
11755
766279
72802
869884
106798
460137
571366
367452
486540
759071
600563
188823
830862
503480
742320
316164
19708
933375
942298
452949
657560
242845
784281
973436
666625
395402
509167
427963
904825
522417
84745
847239
721024
640800
929464
560984
588575
288041
54137
10064
246336
355800
858800
675397
327738
180496
558772
978925
262059
3396
502019
851109
332223
694159
172438
189022
627469
113905
144848
827236
154656
709223
782800
710860
926674
739110
444837
659642
429268
610675
958881
895628
52043
918050
416454
55911
718741
469737
654174
90780
306154
180063
132711
127414
255453
191703
998890
825698
744064
235347
986988
400507
475303
532455
902654
573170
723909
524204
474671
847511
416500
206557
847266
731718
717008
927697
486266
572464
68482
527637
271153
42885
314331
140645
378888
372219
588694
914695
208729
60030
441600
175877
891848
320244
578483
904389
152984
750124
124158
246086
810906
41570
943648
290937
170751
510257
46899
908026
505487
934166
196390
443049
600883
561500
671907
598441
68780
597610
610831
852085
28710
524133
892975
686746
828711
754819
928168
514773
795234
162605
813919
142985
285928
272272
927487
494429
938814
738433
831896
324016
627209
713738
480229
995194
792102
842262
159782
384512
200022
973044
932972
367795
524054
274891
384307
469030
272269
322267
604585
780394
987871
555819
692941
580873
587743
225045
722867
773915
599777
388906
373796
343495
900205
552067
765089
939418
418895
482917
548360
920381
792715
170128
835920
536470
500397
189860
922735
62270
416063
92081
242715
193370
165973
773594
926636
454872
422850
827236
769376
703240
882989
951393
191737
841236
787901
585459
734145
78942
371057
923647
223789
725429
190029
983472
955808
311666
910959
113445
410118
788469
203520
327800
270753
228216
492294
992940
679712
78028
455445
916658
751403
343352
755493
752600
66620
133099
375871
680847
417575
315354
268626
587735
366330
864314
228066
707849
510655
529948
59808
364352
189854
486368
278164
228581
157663
811159
605302
595286
76622
815609
176093
86387
457463
524927
209231
959301
74833
280159
336695
540874
679607
550498
364404
595233
161041
461795
435022
660622
522257
812838
277635
509675
675930
366482
784128
124140
477051
250124
628011
867149
614296
206770
834141
29402
54825
63281
940717
202587
666332
279492
648743
453401
294678
469001
741724
242385
848023
608513
583251
42229
448188
690212
459037
532953
191581
558303
569478
505153
12822
694251
120936
788420
416163
831755
495833
641244
325029
451170
534212
48781
862849
504814
588693
943600
1704
335717
778190
857820
615665
399594
237943
843823
390882
654252
105010
203454
119117
778268
305260
507031
230231
701257
746800
395375
971156
150105
100757
458989
569422
483878
766296
993426
49509
582834
928900
652227
212880
477577
257485
71668
620865
717042
658685
223795
265895
467537
63430
937550
579469
853404
262070
261858
76128
687160
461128
2370
66829
600751
676694
21760
475593
976656
897580
236507
239402
323236
375801
534725
118834
362120
714463
526863
335917
890220
279401
349683
351024
950758
938268
763198
939265
136820
813030
736408
406229
205
898227
580017
403700
673122
905631
51210
915449
701878
471366
176989
578741
764246
343990
802858
546420
7607
526406
839840
734935
354860
992128
192612
990816
344705
131385
358272
11149
426039
914434
438315
94427
458907
570487
508401
821931
272837
560757
906367
926210
298
681192
525069
743211
206431
840513
219880
598391
695467
655815
519771
61669
288263
361989
852537
616540
348084
553057
610250
369044
224121
345485
477520
769109
514296
106454
421364
45720
960300
647450
603730
655753
259202
728983
166430
123950
362064
750238
621873
594785
275958
204774
300724
600377
373840
391292
286951
888839
598805
514136
766095
487484
52687
991116
175738
329640
261815
622357
40304
334365
581996
480660
817400
236146
319376
235734
676932
806628
976383
198735
759930
312534
96301
588134
268831
446329
280219
665770
86754
188550
412854
705186
717955
930472
976908
204033
482142
926328
593771
550648
920
454816
225624
466278
157029
778144
945193
191851
589299
503663
597120
865306
917558
592185
169188
518284
402385
763015
433213
370066
171934
230205
933932
357250
715546
913468
894981
471474
806256
433128
914026
765507
153120
560899
84293
204437
974860
522808
674465
927320
277535
599668
815910
340802
816218
595695
381999
92381
586812
169801
18697
332536
469006
540047
991627
104061
312456
431260
843341
481315
304227
154908
215238
34554
468348
557548
226310
9379
188962
597725
567884
72482
76988
280856
592581
886540
779738
914971
913698
240218
330006
485474
245652
906592
606374
991328
501159
927767
771842
144492
615416
943830
98668
674617
332820
931040
838305
659134
12399
587734
348122
799540
599870
120397
636607
712254
633073
819770
317673
109474
790545
241866
17938
118581
742001
979471
526044
236822
408148
322452
509818
962896
526939
41745
788351
419
659561
876026
932033
530908
229205
682418
647529
111905
367243
430749
376027
364297
882944
332946
254972
316584
551375
89583
452388
846376
406837
104968
596898
296722
822117
541175
743526
838124
749513
406999
538639
107453
324375
739148
75218
689964
255755
325881
251523
700679
243078
900757
240259
805471
394627
259672
378695
840080
117106
435855
863552
273246
199219
410767
742444
847546
80560
93510
111481
187877
52375
856620
945425
975788
27955
151129
573383
391185
299046
157105
919964
128202
77317
979514
461101
644322
473808
437966
245501
844094
253452
902060
655707
95994
997823
211496
422960
829938
550792
261187
818727
209501
465240
622613
381689
22995
728081
695015
704468
772719
375161
831581
556135
110223
342554
382032
328717
551992
683194
20218
826323
639639
237875
973258
725863
81314
429870
618392
279264
757469
944128
413299
983204
79609
832993
242837
732026
902103
79940
907256
377325
584554
843160
364225
607321
361081
146715
695771
290069
819652
576342
249631
409917
913086
570681
737263
999130
431865
123731
599970
49136
148128
171629
437721
474213
723037
356868
174832
577097
824987
595298
706577
270278
562149
4632
212450
190693
112365
854426
654174
573882
512810
772535
346881
310894
998168
21171
693469
438951
668323
28931
6602
112662
918430
842980
677755
755868
435117
478424
874411
184282
218436
589374
567285
21140
448582
321421
259459
751744
268879
477164
302687
724209
225933
859825
216101
385691
351561
38069
922329
855810
645316
192529
947989
408324
253052
405047
762971
451583
524238
848110
80841
595424
840245
10091
87658
701065
112688
927945
472296
415326
427394
737510
766368
529709
852179
508313
875534
771255
359412
658515
840935
739871
919808
86545
716294
912622
404381
694651
912574
815425
356770
22173
763022
906320
260691
375167
884530
215963
930183
983714
558230
836531
925163
418522
589861
541410
986143
993347
609408
431672
347454
683233
835595
761267
704315
777304
513121
523146
614758
745476
2151
408150
356878
244150
592382
675997
869441
42508
850258
730109
613615
836780
681424
711474
38637
740061
515444
371716
407125
27073
458944
607376
536522
317555
382408
941488
917849
776633
205802
472458
837819
74598
717404
745522
55863
569167
625822
527741
698788
850087
219534
500963
370700
256314
276058
304272
662893
249154
800719
65543
64601
189225
820113
843379
652605
791196
142948
812556
560062
702281
534694
596386
131583
641397
340447
53193
351103
942011
548081
847202
223264
343844
449514
416065
27842
214496
919736
764736
853838
24735
170620
252703
725967
993295
929591
985494
449594
149554
613345
443514
797582
71131
669912
329351
301590
737028
302965
157392
76172
232463
58747
352128
557336
924120
589673
810316
965685
868339
688879
782391
138548
978183
112829
503233
159195
937478
522870
370029
853861
219976
486851
323886
438957
999747
251780
841517
797541
677097
822882
704186
100672
642654
949504
432140
596784
227285
785104
436278
568905
639878
705218
580265
753797
82701
938326
267744
396001
60194
217043
301612
152356
233201
315088
598108
474623
939606
944239
452040
892688
875831
111658
841594
806657
555325
129797
105402
525453
746031
302243
394741
291811
881837
615221
826761
718115
502279
669005
700592
46277
709304
229264
371654
253465
488962
850058
869496
70888
836007
693980
798603
436858
108993
443088
34054
676529
884927
538957
294398
814739
717564
720742
636540
532517
641661
711564
789196
799346
231239
43236
453605
242091
717787
787188
581296
376936
356624
70390
995447
177996
419787
215119
152235
473991
870876
629209
339729
512246
222456
843228
940619
588453
832207
196828
261119
475764
109130
118348
954470
283031
182435
512032
352627
632951
145952
260608
559709
431030
705517
502808
779211
592208
275541
212300
521116
113180
756509
390409
918288
543986
999485
633719
150934
447719
726267
827403
164338
646196
162342
454840
891402
119925
236973
869509
142734
945229
142682
83194
364866
818726
186670
97012
38442
501142
624409
600408
448721
518941
421590
198052
354357
39307
609441
925601
699218
144895
99094
52917
835849
44745
401063
144725
580205
939761
258938
743127
469099
109201
856861
460837
314259
898461
976935
141069
439495
64899
883372
175286
51903
154989
763868
364142
956726
801764
868216
478366
10612
815630
843314
193695
891257
544536
572769
720229
434563
927790
522590
783641
122748
532007
304318
190213
299972
357567
825452
919529
970134
611260
422753
150250
753305
925233
936963
217962
578885
137312
882967
97203
370224
445498
701157
606796
48181
804483
773479
320814
339903
534865
169965
714832
293047
807411
415760
427487
682760
305647
111568
91914
981771
154083
681997
241721
319124
273932
265503
46109
62488
808293
587282
271778
261625
894759
901249
394562
124528
860655
41293
506867
933334
50302
80955
115648
281295
702298
491176
501814
703188
215249
688745
879349
321051
74845
771075
136998
493092
797539
894595
570443
300258
906134
775740
116273
27909
321209
354203
151939
898912
398849
953640
398777
768956
40984
224731
480365
573880
998206
900633
613582
988123
33418
223562
742637
808952
290895
110039
282229
968509
332057
889669
640376
241944
195287
582825
293988
917253
997650
377735
494420
803960
90459
257483
712770
822948
718660
940003
76571
507367
93252
158839
675563
992530
820414
320710
97400
547608
390619
135966
830506
54610
970323
70648
110247
68780
859531
363117
726845
32816
494745
915161
879481
703789
576867
313931
893204
851331
460901
696613
146573
195022
40849
631639
587858
569325
944848
692146
873496
607342
771687
237356
877450
1111
751029
714735
734813
892755
268568
466781
740418
314296
454704
767077
339445
53425
746043
477691
337843
120205
423775
818679
161352
561635
316103
263436
8582
990879
256932
46819
725970
737646
942421
50259
111640
147906
983330
640703
413342
526274
146977
612557
542902
260306
50491
414527
605965
338618
846985
643759
654177
472309
857240
656363
195920
705176
953611
969259
41995
131293
850848
57259
443113
164044
564619
883753
14168
765637
472126
481917
935470
358380
214410
378064
41502
715121
101279
240890
335238
603259
576239
506940
459684
667952
381425
268246
226409
268643
994690
851527
651302
34907
903333
563103
653219
605116
339371
409026
374927
525205
378926
53435
428497
235973
777207
967482
156284
461642
389759
927020
986466
420711
34963
276021
278527
225778
514704
905165
32214
236855
789646
277684
792666
194636
3290
237011
663042
957171
117979
124977
358015
403429
238101
744334
502666
967937
274892
612896
406038
780625
635712
728743
866469
18165
494551
617135
47607
472494
646297
200866
601629
128969
576789
135367
273899
634789
557600
232795
529547
388387
175997
54730
916590
537770
935768
4106
967070
899668
745389
154901
344432
881529
606022
378561
500501
681366
745377
149885
6479
576089
809712
549674
528064
230411
465529
562899
948829
285466
237022
583371
426882
362242
6711
153250
658720
582616
647835
952387
308945
430643
761470
740525
980748
815991
913652
902412
430836
926847
508820
656307
843787
722598
868023
223673
40579
704179
114464
308269
21877
743198
432886
548214
148523
37699
48812
978572
677143
112738
740673
533709
678183
347665
384035
380285
436464
230207
51183
609693
308871
372773
628627
228134
809327
439883
16341
160546
377836
643443
911660
530728
753718
577894
819276
423218
290185
984218
482559
590492
313689
233981
729071
795580
700643
453985
906752
426328
619103
83588
498842
416584
316882
991738
841924
741353
886399
450489
114348
425531
443517
552577
784515
361688
826212
189542
926021
136530
796833
404347
58262
680167
789481
117213
615048
195235
280331
14105
748345
524179
648285
657275
518041
924385
14104
447732
616970
236369
27904
638823
466848
56599
288827
867600
577224
646610
461252
309329
751748
372201
92343
573019
829716
508929
933324
994229
833009
513368
681313
494444
619890
354753
233647
241496
215634
700348
865311
880454
217737
141809
34485
678215
885334
903881
163882
323284
927006
224169
264280
788892
420462
898060
926095
268076
599837
496252
612357
76922
993997
410989
696617
701455
290704
562550
354008
916558
613798
477037
840873
224740
384293
854877
816547
157838
615794
303271
206862
777922
871467
804658
436199
197499
427239
68560
580205
97380
140437
584239
293592
618272
367105
11512
998761
150196
178293
794247
888412
947282
23356
456072
568507
526403
174593
198058
396428
434927
678359
875075
473131
982860
856594
771200
62770
321825
829330
884679
113812
620918
640543
316651
987593
216730
94576
478795
126307
314000
955142
956168
581120
565400
69877
14048
621912
309525
873027
748716
876214
888736
458729
189554
216580
358760
475895
194664
772415
179331
124499
294214
935305
434902
994273
276230
545053
327837
496895
398395
135709
104600
626727
680267
344007
71059
245240
127307
942854
293008
609422
12341
498533
579666
809549
943048
27294
618504
642877
222333
118673
97749
558415
81825
58768
50872
251838
589396
48087
502877
954961
573020
405529
331455
44605
878182
540085
453112
439015
35355
687559
420198
44806
985051
738395
146620
821799
968281
508861
429538
461962
745683
167532
438986
504810
934060
590252
220433
459162
789223
456315
900173
71563
941314
105947
777081
792618
85549
957262
910266
217318
270309
402784
492493
833039
43378
520734
625872
655194
402425
139044
890154
630849
376511
391188
127511
889159
126843
381923
218515
111577
327573
314957
425314
475344
41665
820649
800634
638995
345331
410391
145742
695962
277822
593493
214137
51085
772365
821809
606275
522251
656636
990233
626962
861446
185812
250318
986671
750539
838881
465079
245236
512479
510898
848530
209424
583941
730157
252229
41143
910621
946828
935443
308072
742822
632952
489386
357340
372452
55552
174296
273288
247709
863478
51486
157263
995773
816422
82781
363144
167129
251060
683757
47911
778768
372625
567501
716362
715278
214618
727156
616290
753322
154637
95622
123644
610991
102248
333858
789547
340088
652320
294616
658516
948917
387450
57528
323542
558666
809354
746245
461204
868950
42822
41801
79904
751248
132742
613378
155269
903310
924571
235194
584369
863392
793289
977716
93629
515609
366178
355458
719131
317037
520768
195700
974299
291574
198942
886635
123674
554513
369300
338315
677703
377765
805357
734159
912339
970052
110310
329334
489333
996521
795398
621211
189207
850401
789140
718626
497120
92423
751290
745422
672414
536552
562548
487408
55696
931845
147765
465466
933390
119030
729366
513970
868886
637995
884475
440706
666292
136782
26949
922092
880717
911812
741229
56730
433672
646099
731459
787539
876888
349085
877444
801354
270890
764555
276753
547921
789416
984773
427154
661035
287976
996829
20390
651582
846837
691147
9477
304295
567032
608979
508533
963816
149954
171139
607461
983996
17912
871640
161834
183819
945819
883713
994643
527929
223410
741435
672235
497241
428119
613659
708426
777728
474460
874026
870296
34484
193304
4778
966176
654978
264017
414007
396108
919854
540679
593545
344707
888837
57115
701846
980892
5007
296090
792404
685885
50913
85867
39964
154388
8974
113680
260202
466097
41470
715740
471233
697343
724502
819506
197803
55902
451159
625781
778910
124190
385667
760465
884411
629657
95097
582245
524272
165101
414178
659852
615100
161492
873732
817607
767954
703074
342452
867592
511959
653531
74472
648861
556998
511407
607658
876024
420339
16916
368809
784215
597933
522749
709354
679828
281980
158332
289756
16523
775177
19121
428360
521699
650269
599342
947367
490875
301506
443241
278541
823027
930694
307420
36996
329812
623517
376445
778996
375965
711654
248149
222077
686443
579526
301056
447271
274628
35697
968000
167729
205952
472199
705533
139014
86420
726170
462109
680909
411452
150414
604796
824863
538500
197914
182664
596180
212340
129963
119356
615926
684566
463591
593463
515607
961509
716558
693560
336063
775700
556285
431481
291005
40056
956621
891877
720862
278418
340952
827702
85564
359613
50395
744367
242926
258864
639543
865139
110941
940721
342674
608833
125302
689367
345754
362829
197435
163834
370602
467515
294004
94585
397637
214714
420292
659367
365054
93307
905494
547346
808378
311181
539190
111474
56654
36183
393724
519531
100482
751345
709347
280063
644855
469919
528055
934931
368868
783210
256173
913244
391996
576285
62669
940134
328684
390361
322634
736769
761664
681622
825074
672712
157925
869046
167936
309583
478729
177671
823503
116264
198303
22294
33001
729746
90302
950314
117566
758271
409897
431652
871600
993537
239530
141681
655883
80400
269783
645481
888018
763834
901686
171655
91892
309288
236733
391237
652190
934024
653170
364180
815146
803740
377777
131445
324853
921567
361228
804151
355597
585039
908044
999949
893193
118684
5078
49291
449012
557035
351785
30781
140193
960071
917124
977828
960610
793125
369700
397518
394899
188178
237355
492881
532561
137659
377244
705124
249417
570200
453763
680345
111147
644663
891698
943419
486524
853793
117733
905536
362955
332394
839623
320299
785403
801626
986574
578881
693631
394035
319553
750501
532453
566751
243034
821330
745161
751288
44870
858869
572778
724723
283912
724645
398489
748138
274366
43008
525837
687364
952892
705827
950100
889155
629525
945349
975460
394921
763704
152752
362000
926792
772342
407646
660758
76837
41953
986028
30868
840968
501328
122493
25947
219619
86592
973678
578268
680988
546965
851505
670847
643833
990014
668232
862419
942503
94390
22560
641440
313127
567846
70600
562007
906902
671975
608140
181867
968279
307430
279410
657337
831327
70625
584848
995298
197916
87949
93512
508729
528067
91930
151202
706072
112821
489806
458116
352333
424973
149966
956176
623474
15944
235132
475418
887450
417938
498425
294981
104167
937193
150027
450361
458041
922416
851674
229058
10817
964626
134293
393864
323507
64465
540850
34023
498970
800426
687378
931115
573957
616551
989314
618089
273055
797633
149982
523580
964765
621551
9424
677595
110288
322447
450806
214100
706714
431024
730978
134631
996029
461370
947130
154113
61455
758138
74048
738388
867786
282766
890348
365199
982527
645546
587126
651199
916843
449156
486192
809090
596642
495394
795023
840355
562216
389758
741514
769239
215583
144722
166874
575699
733978
489542
432930
806728
923023
158772
927209
526780
904683
648852
387266
760134
50560
69321
486797
768742
243930
736007
693782
581567
50287
566559
393754
746353
192372
445224
249642
605975
333836
790220
963945
182362
225691
521964
618992
719920
895033
578225
839952
770997
241283
425584
417591
913444
435019
244025
742891
758706
103663
753661
162740
401671
68615
3737
188951
966938
379064
200003
653948
641575
620838
128911
237233
547216
781062
812127
62279
132046
67409
411941
998874
692562
449364
461270
664559
792700
141092
421358
597301
484214
645167
33305
518062
270127
215406
803013
284903
224752
944375
415362
841315
294172
935919
35922
981078
149704
838685
673683
531533
521716
671129
980870
216875
180006
573283
509499
776909
102562
555216
85275
474319
458184
481886
525202
771560
194186
754089
5335
392112
531719
667255
217113
988547
432905
333742
918919
631549
987288
132581
410364
417060
515193
873559
432582
959782
843078
26484
484113
799031
50027
958353
401269
127644
610170
681472
332313
457798
547820
729659
818306
430742
467573
188218
272188
63743
70147
729060
924195
913354
942674
104226
448846
191794
556526
425806
613849
478447
594759
652426
316430
826192
467946
908526
618160
491841
496674
100825
354275
241261
581930
551528
671547
757628
791693
792773
118239
168957
93596
334359
547929
98592
243404
596055
801918
952858
304297
903938
584181
49771
51963
404330
352741
437372
71348
685352
418943
914657
703634
775404
648933
925887
630167
877621
78261
209607
646435
971996
388087
335136
707755
63114
67423
99043
755608
855689
923902
498048
889214
802232
35404
225086
882295
901913
582986
320479
973916
989380
224151
930273
757791
588286
704209
452193
399368
384933
593894
541467
904458
894530
605430
674700
849857
58753
828454
937592
435531
788924
92612
999175
963712
252979
901266
540299
2191
606936
278897
740573
533494
801543
58732
413413
681181
928083
460253
845815
668176
939452
515584
843738
780504
590332
424466
953701
929652
672896
450725
504131
517113
490740
765315
824789
579715
761847
807676
429622
204759
679534
946959
298586
261527
431988
789681
888847
87200
110255
692860
604582
841348
554430
96951
420523
267039
660302
440766
939855
347416
634700
693198
788711
824630
992373
232303
796237
825692
824521
843774
19300
155363
714974
239894
820474
159634
729040
410843
123654
919804
983510
147170
520656
461303
911536
536384
418224
285300
214012
962414
333678
113792
702184
917398
333769
403158
31682
858941
658515
775518
591596
493772
124921
816902
997675
215676
634977
218236
59294
247517
358508
668869
37963
647108
6619
738877
506837
160527
110541
660203
588042
836054
861030
535296
857497
210608
679948
790444
745248
207071
17163
262046
94628
20441
645080
242838
602970
973300
47219
80680
284322
757293
436197
261391
312851
758868
791209
361451
359665
668696
352615
359704
619451
684139
981467
517997
147681
459857
547349
57550
416467
130443
940889
446126
905973
493018
609574
799909
146927
636082
168212
581994
221088
54461
954710
559661
485874
110024
668063
836628
509832
539790
175074
394511
470932
262495
790705
67674
3974
183917
526727
941839
439711
716787
579297
177637
261668
717698
722054
242249
351213
326186
325736
420439
968157
226881
833891
306357
853292
197267
614114
695052
397855
729062
645345
243876
141913
261800
473484
277339
173899
381495
375303
363202
915336
367437
380935
151957
814323
328903
459101
215188
674265
355856
961939
703682
166555
343726
521135
323769
367748
751657
346517
712424
131641
912915
770760
680107
433230
614905
983249
543941
164597
973924
502392
934525
787793
43724
424559
407506
201897
299482
180111
126811
273848
24345
112313
496960
773601
190264
963486
643599
952383
788734
478171
957948
152538
892747
668924
315384
114103
280774
272226
305132
815303
878504
994239
437138
127
298084
670845
69680
795527
644402
924414
998258
715788
984375
273279
409380
640560
209875
251478
858185
709153
52614
399194
796570
173383
226687
328929
965534
673495
697795
264676
37922
348357
709047
763263
225110
93462
406538
39893
984900
328659
994305
957585
550958
203417
828768
916551
633154
217742
689458
94776
435004
181422
694006
306036
913880
646723
504038
639834
187059
561203
419364
347835
613886
549363
976260
818269
594525
568154
220464
892827
502946
509008
813500
750250
887072
265765
795655
424822
20975
448958
152074
453226
703548
314537
407616
538319
614922
439634
200434
493644
696521
725903
196830
671436
112465
974934
13443
77309
179707
428302
217868
44852
280220
322498
618646
640685
890527
548210
530336
125168
67262
858820
542030
934288
870877
503384
705370
30606
145667
489657
371928
606490
995893
930350
81188
317753
925425
707825
852970
948674
634564
651447
273937
58498
649545
476654
227397
282751
639486
283909
547487
678362
960260
345764
2739
411277
160499
403325
681719
6484
968279
314490
798987
28777
298508
527062
455785
443751
704945
237768
893483
291024
53452
743513
82035
421162
10874
281239
556794
71940
637521
514850
782713
213078
87060
618851
512429
858950
12626
762717
947467
787591
346459
888347
936704
242716
726368
494793
316707
261051
250022
307935
968826
174348
29991
317048
293990
872016
853957
602945
684
546079
539883
608140
393504
750602
27714
856644
694384
958943
375053
51515
22986
8458
15394
855712
27499
46936
709958
837388
124421
889879
720163
403451
691340
150874
422696
722008
859870
325785
187454
191920
226061
894964
698466
842057
453322
309016
100387
9868
288815
438906
539066
595101
416296
750081
96385
209867
242047
512128
790226
308835
713796
148961
721981
238239
196885
195997
954789
601724
956240
815079
698103
147753
162898
575464
554696
869083
993194
428709
748427
391549
962783
50686
164075
536901
127834
177424
161483
694370
178930
658361
106712
49745
677266
153979
755783
883919
262345
126458
357296
148585
375534
644063
283655
757295
863854
322975
80051
216007
132660
730198
92940
747421
749043
445709
265526
757176
905491
62938
961044
251048
327093
785191
124331
968284
159205
433739
502357
864336
210395
335700
797279
703139
242286
331750
864895
988294
557462
817404
515445
210065
714844
958669
392700
293680
790240
591307
358829
587898
344582
781317
366705
707298
370687
458029
209825
967110
352367
273139
18812
826725
186752
941071
561924
569262
739523
995550
956981
707699
152958
359972
445667
909436
743446
675312
956975
169592
228378
149661
148325
163662
803497
386484
977269
444498
522114
729071
446861
692756
823782
122905
323663
891090
806444
117393
864244
140045
358241
557165
101629
784697
258713
139130
434321
910733
840215
271842
96504
275707
399636
299559
372274
405178
164272
381835
841909
789374
533938
400018
751746
803977
444605
719775
178403
896347
656210
554939
388291
337861
895420
94389
58601
820316
332188
925539
928403
291656
373521
115462
109163
657724
141763
553484
127464
573376
794381
154478
493444
968234
516997
133818
162389
409707
763881
240747
36299
775621
616871
71092
119493
267034
73224
276892
309008
114592
761723
486978
592573
816177
705530
180546
623901
694207
472219
697392
349851
168677
549685
782593
33527
751448
692077
542794
9627
124092
437212
749536
56859
57235
976414
633822
718286
115280
521210
398852
448707
972874
79849
334204
560226
274892
45061
712633
626529
829961
862544
431480
323871
819117
364125
826920
462496
177166
496862
125798
327206
94913
164748
611681
124008
298633
591981
702365
760626
562091
248901
979219
697304
766045
624795
219445
532504
702364
33510
862798
229323
662301
818069
264456
413192
382811
782456
11720
642902
350799
724558
181747
46027
747198
69611
652820
256965
227756
162694
110550
619908
592494
965021
344363
879011
35549
300805
63951
343153
598823
322001
903399
671536
89343
635614
272323
140266
719156
275962
889859
991338
454559
403311
153941
361630
532919
651055
998172
828615
268287
518685
5676
568602
464926
952502
941874
682615
163023
401114
925617
854979
577903
881595
832423
161828
164019
917473
783630
585432
576252
435799
979134
320306
381827
838133
336303
500403
363183
210763
360861
627521
805062
700839
944516
70342
182591
855556
669451
582632
502965
817167
75517
805792
18744
853782
657330
788090
173630
263376
674508
683880
663415
851203
366365
859330
901694
746454
43110
240798
981099
304819
724026
923656
866053
827800
593922
808094
439061
826299
156953
752139
465558
55768
49111
18654
176840
199448
583851
785542
392419
300511
73826
809452
388969
963442
684612
426093
513748
137924
656989
571634
147951
185180
439065
632494
962753
466276
6793
902772
649123
746960
874242
218547
193331
413544
806372
979855
299233
724596
720760
68444
961575
728004
998259
158201
168661
637337
74520
358599
414794
771507
173113
850693
155583
234104
586845
711754
445245
206846
84413
835229
486575
811637
577705
684020
638930
155572
415624
912008
551304
2654
369468
374801
573068
862961
142756
65955
46528
61355
165947
531941
639459
873176
621661
518634
701150
937149
467626
9325
950269
644955
999683
140462
474555
52832
935410
399523
204022
236847
748198
600413
660481
706250
215131
772793
182808
102874
921048
60222
755566
496092
912914
70682
181923
947239
306606
666036
637137
816413
125028
409261
814918
730926
937535
707065
50124
874692
785281
89043
877411
995215
213155
296290
822480
253805
651641
394662
109390
471348
726964
264350
672611
351328
932481
825722
422350
201108
700752
966456
403868
484110
743983
912606
746842
910700
181780
848915
197733
916565
342969
378393
287133
583366
149986
307882
128248
414649
557178
754351
580403
949363
962139
248599
213027
980651
795053
932314
469033
325330
509926
651915
82563
9219
337455
467219
263872
733705
100903
80207
171404
988679
591808
372296
415273
77960
646919
217483
998718
712612
523778
619621
147977
20683
186418
971837
54193
881
204152
1742
903351
174486
844372
566975
32778
986225
437960
863264
520953
120632
931227
113667
589571
338127
655161
186997
95946
105802
402744
237272
558502
788129
799093
239006
264470
2799
230877
882724
831506
165543
742088
721192
342332
352404
206463
199849
470516
916938
692318
214170
939211
680110
524437
13058
716751
503327
350856
82099
692356
467264
726806
707428
501044
107876
485943
672302
949406
879444
237311
562463
695882
795839
988735
309311
822268
763647
389387
177629
408711
843460
617813
117716
542456
267039
278008
634271
183283
367981
277073
162390
236892
342174
484424
831173
343660
18465
421356
541287
198307
245678
693052
847172
311068
347439
75395
961700
228860
487564
904731
902063
472964
228817
104977
369890
742983
360894
644457
671664
793781
450668
367736
97139
423253
525655
696816
388557
239441
245772
542329
818592
646315
41968
588473
786149
261518
920298
709878
701165
966655
684014
222931
165810
850738
23335
500023
842521
383865
881921
758091
58375
773655
942992
240993
860317
839603
115616
504690
752593
211752
738330
283904
618538
810169
433551
726426
883544
285602
518756
734782
119789
962441
723546
960856
680316
442836
142201
237673
462733
34324
343641
124227
390138
653406
205389
435440
200873
471995
975468
466227
949541
847477
374589
333158
829915
519570
446078
481410
175919
984797
705617
477117
689273
685919
512772
13070
329440
952109
997948
798924
290768
639707
763389
589428
735771
140046
822167
792265
839594
383407
354160
55190
956125
543676
661419
677135
496007
639480
877363
63510
724031
972675
424742
696537
250532
955268
946080
564824
269297
141762
25890
637444
666937
71698
39967
596227
536575
462763
467043
954065
75892
728469
477664
977088
491853
533120
583895
392224
487489
883697
383647
617593
776988
303639
799381
873973
202371
596476
905377
597787
590341
259799
199072
332790
169497
836926
89331
398740
310650
836536
778852
878762
702940
427441
748720
365333
728137
594055
642549
662075
660957
821249
711161
605264
997786
439583
713492
582516
418473
567436
229564
728442
119982
371440
52523
326724
863686
136738
931055
111818
446112
367291
662221
372089
587445
208581
885331
697336
779941
87891
460153
569669
670063
621226
912883
309502
779469
496285
590806
133308
699946
804982
421348
990170
9473
472144
762422
435411
557907
347010
951045
73929
766533
107702
598420
929506
721299
728023
281982
976141
695989
1256
26904
216035
131469
408690
932610
171112
139017
60438
218511
336368
119707
602112
454606
78814
141202
508604
636469
232136
252949
169250
278569
625334
930556
5485
250349
851401
3275
639786
564324
279161
813260
930444
129604
31351
730824
391708
723289
247857
636449
671949
121523
85492
771599
289902
384494
509227
771189
729400
240924
402117
598367
169031
692369
716341
760347
969638
143114
184083
230961
710595
177274
637856
511936
651969
870195
380006
76022
83116
896173
538110
35179
458632
497719
541739
509467
253378
345527
71780
893886
845512
357087
451504
189062
83828
190127
316393
18676
927267
802272
64866
568024
401189
937652
473829
850979
439309
786520
907093
196138
809767
708018
910834
373114
501577
285517
591931
541906
415618
614046
945134
5697
36848
123507
741291
607389
518190
668791
816759
827421
416617
156964
245787
254420
910676
685637
692908
87818
63858
644199
695206
303993
283792
160860
900082
193249
738453
210667
389383
500616
990385
346071
978156
9042
383091
73034
489884
534392
310199
72030
168642
240360
268796
629641
152227
13945
301844
966178
270235
693130
156532
379796
129983
400630
494059
988894
556770
413941
597488
998084
267763
429842
670292
477654
595395
966084
460694
224794
682341
541164
834325
877464
916782
71850
662176
425283
538396
868252
573161
227455
813459
602549
508313
649683
26882
979893
659645
176173
714021
613386
202077
981132
704483
216707
730669
849678
453463
123821
495005
620054
268396
818508
655435
887513
615649
494264
912664
539910
677740
262673
746328
81999
231419
996192
927651
948441
662933
58571
987145
877756
375199
666357
404194
104887
108155
909936
307330
847987
106507
141663
645836
978418
299859
815661
210398
425428
559356
146020
153002
903174
182901
984043
416868
503111
511732
413215
520471
980120
808091
404748
457299
904384
384693
180680
290305
32505
655583
446764
884375
915131
167875
172144
364518
732514
553024
686498
233296
867646
894182
237315
519000
240247
360605
775870
836626
312859
891301
812421
879865
82694
276023
59018
480863
610605
737739
671512
868927
841799
18227
464459
825070
446616
219237
660466
818992
150299
828822
579391
561063
450507
110209
584681
519143
682254
712454
941727
8356
827390
201136
386152
894605
258198
572623
504859
132850
797366
336516
346040
41375
759507
138203
774754
432909
173246
699538
448122
455790
417615
319736
381721
100967
93166
366513
545129
780314
416125
839830
547873
214112
957349
218553
65499
787478
419580
416774
229971
59791
534416
640004
364350
623335
2131
730235
570053
415479
960675
868464
111708
597348
808372
334348
242627
825682
331356
613723
559001
395126
762874
690928
646808
170186
981956
513829
517169
903257
210540
456959
322309
96186
578927
472689
259773
420697
654458
94775
743494
616880
833401
422691
638508
692566
167805
343349
517714
799406
881800
197282
977932
292544
713528
113783
67353
452324
581966
402327
446144
726490
943963
762016
6149
652087
99462
628908
933512
748666
105596
460852
973499
218365
226676
252046
788222
635399
228638
964951
8345
395070
317479
741739
17877
595642
344427
686033
258359
711028
840632
940148
971738
1757
727803
56780
794600
97291
28874
537948
677941
808910
104461
705492
856760
240225
848394
528342
275110
154940
44107
337173
688301
346374
693677
868570
480906
100776
755592
981473
666247
640765
307318
476192
629588
279973
676866
829991
418625
14777
787951
19106
421334
411865
823714
635580
871120
446496
154412
672478
218040
822585
770232
331413
175968
605387
30158
907602
667453
678480
888449
564298
198876
575747
996411
84222
61507
887288
730275
56277
986981
32517
539880
770469
354112
204254
543149
515472
386903
681727
113745
850443
861895
581634
179418
800058
112137
34960
678717
180343
508291
246708
801228
871090
223243
3147
96060
362034
847609
967192
751058
790394
922663
942772
880874
111174
325576
758114
374244
869620
442722
930689
489067
765824
83241
573850
425187
436456
897785
874009
350639
54894
854256
345689
987228
820476
584102
735576
63149
947105
960907
363466
453443
408250
97563
301641
61609
973740
720256
34217
571450
302029
667844
424618
439791
981218
134640
226823
603657
381507
370182
70315
323863
441947
567448
572547
438181
441356
254532
321134
362689
301231
880525
92689
357547
334649
227286
512328
612120
117177
424893
288759
335587
303293
321873
986750
91409
634260
656882
769099
951679
377199
224516
386185
630186
447905
737487
781046
332251
581638
425654
694482
593453
407871
909138
173939
506364
221595
464171
290549
13868
41105
438547
419855
818451
910954
160862
326274
976452
937275
511617
136938
488889
568656
373830
757175
905820
698021
182889
42997
81586
668237
293715
679943
388837
607670
952816
15346
79340
195076
832239
548245
226201
153369
540629
77431
103166
422838
806270
702393
958077
849531
849202
949098
231019
983946
636256
587193
352800
685834
44794
374789
324638
129351
286316
88465
122204
379383
734010
674195
448110
134168
794933
339307
907154
704052
954905
892785
771289
996422
456710
373287
443503
467703
964249
782029
265354
662401
360551
296660
749291
792629
214869
290986
408852
769879
855191
699316
772999
808039
885187
190234
30710
855099
632081
60091
841484
391239
783986
857090
27414
203071
618889
578704
694544
876371
902730
316889
44616
329881
313518
578123
603441
300489
404624
155752
720007
292769
355303
384693
826265
416745
828449
308874
620664
7505
949656
195594
30330
765878
276275
368621
443243
566403
664988
725689
297170
978356
340441
623440
993947
787958
538441
199266
905190
238891
983486
681474
600043
904329
6833
53654
620359
718434
248358
695849
481832
228478
678621
516635
733394
275684
477874
945272
710091
22840
925586
558885
858985
719678
762074
224566
270902
529917
959053
349853
956221
28670
876530
872382
529780
549107
296328
804382
858885
680309
318055
639865
434491
525158
944949
142834
362053
689910
167873
56741
461802
882624
92671
181145
734922
163540
395297
905233
871245
194576
954510
470657
281514
57639
394497
631710
481878
967108
42497
379406
603527
326471
355064
115903
256227
111341
43187
540243
4874
548687
113205
654713
720573
647617
707256
411543
111657
122459
929089
498275
436820
573972
778014
887953
717155
86281
58047
683047
924229
256670
482927
280108
234880
285947
361197
532734
492310
661944
895659
580995
385811
58643
770402
273656
413174
878622
408016
542757
54842
574006
921680
963697
343807
360749
266580
635666
997978
454281
805248
351452
575350
514406
378278
667835
541349
60662
541210
193916
97223
701353
869938
374085
644117
562152
627036
444069
313867
919482
682780
468550
849648
85642
156256
183167
42115
867648
525249
730246
37827
764299
258712
946179
359259
46208
202811
87807
357801
42588
91091
410299
67434
475045
343579
125469
873987
871087
88183
545542
253934
736123
577263
726975
467647
88570
39110
858705
191506
617519
902459
698611
742356
817522
859611
68574
465194
237072
901441
816125
652417
447056
997804
973184
807219
758865
398203
383760
838739
141519
2567
37661
790613
932484
324893
331922
130781
160683
10967
995754
950754
774623
325397
329884
449023
928354
28637
652402
737622
246714
635021
545912
228705
962550
592313
697231
34775
347791
940709
798881
444726
743721
250080
647087
913715
44921
803067
4037
197884
642176
741
425039
128934
544565
122724
941830
448696
170752
710194
347587
589331
207395
190258
761972
875708
669491
244877
807660
388680
835204
339374
233620
873443
607716
354518
383423
924220
13501
41308
837148
984785
260254
827077
425156
6098
931859
429307
256627
167157
872880
492590
989204
793878
502253
279748
421877
231496
355371
650110
364506
91004
104341
519784
871789
22412
15074
288508
27603
317861
251894
137621
298649
5071
21096
805835
63821
499739
335326
889007
176874
846440
10709
496996
606123
833809
611261
88408
358272
931318
968065
254302
145630
376166
208356
641066
162929
153318
931655
787304
998125
709856
123079
30521
18242
628075
758083
560074
927278
33331
566523
226899
399852
918789
13460
38634
31242
513786
4984
677313
889496
18109
563610
436034
566780
361978
380823
552069
861731
685412
721208
240300
591698
928163
882836
744668
623194
608473
849170
715864
117418
619856
869516
668603
252158
396802
369872
344146
338806
162179
220416
633940
733185
284815
359449
665535
864184
268204
885776
573135
387655
843323
14360
705885
667142
500705
61761
590291
263846
549452
41466
382344
702470
810916
36663
810812
911653
988880
580910
557553
530482
744738
370171
63460
677248
133792
733091
548135
477717
495536
63605
377948
115746
901087
344012
504016
285452
958286
831410
738097
701992
851961
543071
674221
402694
311781
336415
626345
980580
132774
978705
580379
630276
886858
833739
891845
906648
564262
391643
650255
762009
150203
281896
782719
667510
731524
485176
899415
80554
917022
227211
780683
573158
950356
771172
378269
729646
331206
373607
731095
151680
303478
990046
840612
864686
873328
996565
928268
218381
62355
421350
922059
701894
428991
951311
537356
67593
566301
561215
297095
233378
558213
420912
636724
662692
1424
138477
498730
295041
375164
696373
556569
519804
304629
618936
59360
800757
40326
556734
239308
375907
233692
606119
869934
602977
286386
962765
638424
933215
995934
854533
142964
209337
789624
947909
507072
2916
56034
241183
914026
220356
481017
80811
300675
855708
703447
340996
495395
85725
210305
879465
864218
188255
175028
11587
129422
753837
223751
804101
676790
980346
566013
867311
304050
1010
869609
787886
591876
885996
69694
470814
43183
585211
993715
882415
398570
8996
929039
413157
572929
177257
453718
984633
292937
506564
719248
936285
565950
481584
582642
549021
994491
46304
842284
53985
572052
715987
327118
498447
925011
116095
846679
478541
492750
492842
495004
999844
640929
338648
285330
13440
634446
126239
377272
98452
317869
749078
968483
95642
547089
826220
672743
878328
588858
559893
973855
934590
777328
22750
17498
267468
453186
889826
372130
710545
262491
723413
914922
585326
943101
174589
790867
83448
880541
866497
320795
707356
33947
376282
438947
558622
873437
510246
338523
202362
793159
331739
110796
749035
444440
654296
317569
822217
232356
203415
110419
181389
931562
553471
508880
785648
663569
437654
449607
360690
565636
557076
466163
855927
310567
410834
788226
662476
848308
494370
295104
717639
540983
955704
417957
8587
509090
638981
809335
35178
319758
18980
175133
351142
468879
516077
49730
229776
573298
225192
185058
884690
446101
398748
534709
267144
477219
424005
56180
967560
522411
926563
517324
917506
603357
948719
74014
653699
772832
40041
553905
157716
848658
441164
916277
691455
442205
843427
721909
514353
923442
973301
434328
176571
771686
84828
684115
321139
350181
566900
873839
739319
11927
677230
750834
847697
860557
18052
88749
76342
157544
651271
468513
750441
798727
554772
895439
969853
753322
46373
426779
468535
680296
199171
143900
572305
176521
660825
59203
888987
505601
519141
316709
52093
24266
136903
272614
70615
481244
648764
301764
199625
893900
357988
711997
986702
432766
919935
892638
641219
66248
496566
626538
965766
309541
885462
686947
33209
695187
534743
222071
377830
926346
515035
726090
838333
522649
665458
544604
407224
619934
622362
199447
970975
960545
264836
206072
907495
880013
630161
588567
957494
983565
145500
632020
416770
695040
183152
986144
240919
449432
347162
490853
729143
378900
836250
593043
10587
532951
467379
862025
518488
185317
535522
782556
978013
359163
358059
616006
565849
902152
60622
474734
184569
530251
311577
527183
907599
188682
985367
623432
555150
107116
639142
706880
661042
196724
316582
959412
241468
573018
856909
698591
100891
479752
700952
382853
830823
803758
836508
81563
737094
420354
597563
857238
570097
385623
604082
923022
404433
762073
786958
737039
419459
44515
667326
590333
798331
211901
247812
881505
587460
773301
14662
562772
503269
876888
499265
432262
215968
664077
238749
792876
2260
94223
286875
506692
385794
906438
882474
929926
701548
321984
349657
709224
982617
150032
696744
295374
562934
158659
493879
927181
836118
619964
363040
230811
474074
533995
211104
828244
847724
257838
9968
865643
331941
694468
718514
81643
302415
414442
836231
377705
952388
996820
685693
419273
684341
462089
924454
200937
984775
774235
358979
670189
762519
291202
138783
261864
846302
44309
685817
539107
927536
978852
864986
61262
526943
43828
830084
583681
192060
693336
181771
352173
812989
750376
814269
25571
671098
833953
201020
835584
658578
208089
213037
799669
76394
779549
682441
53423
222037
58664
555793
969063
566096
806658
754590
224519
773860
235380
724246
69687
328558
462755
381819
881284
782971
417553
385565
345645
529101
563563
95408
38025
784635
259279
256632
161496
278516
476575
23072
80740
209123
461627
254635
14163
197295
70302
562562
762444
442970
484503
594603
977540
113289
283681
14554
486884
158882
1953
77602
26905
461841
919485
175940
284407
290086
438548
723176
447499
593304
608989
532714
225595
690157
484191
195467
361628
954801
142666
791560
193553
66467
127409
312584
610842
551920
604389
246958
951424
570647
460847
376974
21019
719403
180905
634685
767615
968759
793145
704194
365569
523259
104427
974184
289065
29141
338282
73205
29110
73211
323547
110517
156488
9957
318743
639151
302510
871048
754179
343481
754060
810236
202957
1640
430761
439614
671876
62495
61587
799634
7316
731976
294127
381505
308637
618657
77281
375872
369584
876014
81940
251825
718693
858189
685286
906050
6556
483046
802803
787636
12238
762560
467005
112630
655375
322033
209525
871791
564322
730990
86696
153051
912696
148864
613705
348045
165063
691160
638487
424338
568644
667897
106667
10294
372989
859155
394976
715808
344724
914672
117279
434712
591579
451975
657733
212649
994249
456942
233332
946914
936919
378029
241907
404470
208954
652142
424770
151299
213117
402192
203903
752496
247482
949658
411630
941487
236084
810444
770281
970530
611668
161106
347171
587034
345279
117586
784154
435834
879184
335012
676441
615930
570039
983777
125415
174343
947181
756372
393616
207944
81555
856334
83661
34300
590823
241942
467474
119743
414881
849789
593588
870315
984752
905806
816182
314075
740620
625508
628335
565195
933176
332887
759449
181659
218582
730126
651000
622707
517862
718776
631652
355328
767837
30614
881013
480283
242014
861103
460235
824587
421975
727207
828856
883105
690171
922282
683338
129218
71895
959427
174136
676610
291667
944393
866407
915178
980616
303544
654746
886236
139960
29213
88309
656654
863534
113515
759724
568626
894387
400812
313293
354422
63786
772689
161126
167783
302857
175978
489428
402736
39220
442161
637865
782785
217271
673536
1721
502283
464032
348579
832065
471911
469047
912264
911925
667926
729244
848339
284453
4771
753787
792014
109323
221093
324653
787326
606451
210337
643886
776464
509639
885452
533303
218034
230262
929517
365368
696895
550657
421601
499956
879250
779554
858553
255608
714044
553177
326717
1081
400720
543252
938836
686409
781211
530169
950779
923318
828657
64852
55155
442367
234338
654232
528888
622708
712076
784084
649579
213481
913354
412339
636433
817686
808394
850799
538612
958862
915581
672980
335399
948570
616039
163181
993319
237810
790870
311181
782109
865367
984879
172603
331137
176592
666531
659067
187160
492351
866369
14901
868893
527070
246886
116229
636478
651932
853135
986206
849597
90638
579983
178459
133495
393043
251931
771556
32258
75593
681795
131705
388847
700774
912444
450398
454702
450740
822680
791459
458769
2731
673366
163855
523177
989100
787606
500393
858701
795224
205477
520290
16825
351243
811702
906786
880850
313913
731506
768557
191623
146659
675622
938290
467092
744693
395227
234480
13152
296127
59907
362245
148487
36878
133519
240917
339442
931430
283998
20435
458081
648031
964559
446639
280138
691609
165943
659100
997211
531806
806254
996413
618460
29202
884932
769451
575984
970649
216145
583525
906682
909893
40554
785877
869149
213306
993520
682811
746203
648225
309890
783736
908447
230405
301330
13177
519382
3917
168277
333246
712631
694038
739668
818054
118436
64685
519840
693017
97640
383334
83043
739570
88992
187420
58193
381318
976119
772229
392508
676853
817738
425648
397063
403660
51306
544158
548402
905909
512895
705787
718997
249980
788745
140727
851496
26942
414018
749957
447487
918000
65056
645552
219859
728201
131958
470165
406714
786381
445434
772537
219575
59617
55463
391664
742595
876647
125502
375155
762965
792875
149173
574969
701897
87350
269460
746222
715416
696604
294897
715427
731619
76539
570315
110181
996448
356193
891014
410411
563806
666378
499139
664297
37494
130182
515867
678145
605776
751737
784697
437081
728079
486588
308369
748935
892058
858914
133441
189609
392456
567253
472898
944274
578151
561758
899786
455135
477353
334723
869634
176999
904428
628682
872479
351568
628197
854236
881504
110655
545960
447301
987106
77671
334358
852568
710947
986307
128035
943791
119953
767582
158082
107856
251342
716943
413872
232428
531139
218243
51994
897153
434270
750003
652908
573215
762537
312820
679928
721735
590024
393708
749694
611694
133839
119010
976542
769954
262270
192111
725783
177028
927706
291281
94459
210099
67752
386207
785585
753801
414793
819222
725606
23295
595437
180305
750674
37292
821365
541527
676899
227754
617705
137615
132552
493401
836626
574094
131803
439165
862006
419089
816107
640451
362862
820934
680933
747425
853221
362500
570783
698907
964975
61916
70338
786337
382531
382599
132241
330774
624087
709054
752282
632043
77015
846825
868791
78826
26881
964207
783489
486671
717984
707820
344595
634704
244642
984961
425782
37502
479512
721925
539502
141827
593610
596696
225504
603723
161269
943704
940638
923136
375395
140845
341393
559853
461605
615744
711746
576516
738862
139785
462597
862843
615567
618820
974146
531280
966090
499653
521889
369710
142742
876259
545105
115496
821935
149712
419190
119330
581334
297545
810669
195919
534572
700584
598908
506004
542183
208407
715931
767627
661614
124575
623001
78500
884375
133022
631917
926247
680763
402327
882650
601109
236146
595875
536765
643116
482736
901062
14646
877000
641339
204829
373169
302374
773832
905907
969104
794692
426161
427378
233527
251877
234198
561398
19955
750896
706061
80701
409800
445048
628231
419643
391125
686615
355648
480202
200870
666803
500322
368191
274262
527266
31159
697496
859807
679914
430025
50193
167296
828065
555609
252053
312585
396211
156856
17682
487750
488386
701188
520549
305542
561576
667266
794677
725639
277655
565589
944604
391423
98914
761113
634431
33865
988949
558879
811518
961579
702462
616709
425095
765248
757839
32496
847941
984070
891547
961833
990710
204294
633598
824465
778011
670236
519258
366082
471176
529442
836795
895364
523995
254781
607068
529257
115465
61891
464067
855110
784468
206088
149127
698766
163609
187780
609202
431308
861701
303458
881409
902012
419816
354855
730824
153543
786594
947389
135602
332954
351033
797084
173671
612578
143821
594324
718086
501926
540130
845241
603857
161920
492381
686635
616552
460089
216586
280640
213294
259072
489050
313873
731336
415559
87594
315422
433668
273595
539390
281886
421334
136606
490700
350120
176765
145346
453045
962167
524804
409635
50895
674461
880932
399138
965853
244679
780294
633818
269920
322281
10215
484513
991942
861894
402901
941085
724289
620765
202326
718976
523443
806067
435815
787105
207301
594938
868386
395576
346519
958107
260857
256246
936913
541157
596190
217151
498264
69521
796101
994821
409629
123249
889537
329090
759695
655029
370379
308817
66609
164698
793954
494314
100806
795696
957068
649912
803560
173702
590074
119641
196536
255604
60105
38578
101231
269316
288101
523307
447699
71485
321288
625422
342086
569486
188768
963640
499256
819028
789199
547705
390781
407048
608076
38222
970554
52104
486182
626104
522552
479168
125673
216376
273754
384053
289689
171114
95147
655086
31451
896699
598289
966655
676020
416329
133215
187827
827432
15957
2118
762261
108932
555943
196266
525403
825080
462655
577491
670576
924
798451
186682
95324
954835
566122
811908
689043
976525
390323
337675
226007
269286
894787
182551
389834
820908
355273
600939
704468
631806
533040
327804
761965
905359
383665
781949
573575
981514
489617
987349
936795
494672
474494
713650
552847
862428
358850
359991
532545
545800
815010
582033
943283
50664
346517
528551
817171
310996
214372
324719
141989
664452
688859
243870
86479
222484
411753
5687
454017
207654
408793
872197
642239
879014
662765
604068
43084
194729
875220
163769
252852
169263
584393
305601
621622
252551
537288
753607
653
647825
279916
661168
909338
358879
495850
566128
904752
715381
881188
936351
929659
869168
601707
831526
658445
89923
331540
338771
963207
536924
273077
867469
815392
974565
521405
26785
873877
658470
864045
213626
179565
509767
513591
474863
364968
175347
778289
140919
888452
74073
161910
591096
515115
616332
537754
372604
283068
590282
682503
878596
321780
37402
892280
826551
157881
897102
406418
578035
27971
668456
833178
449925
450983
478553
985047
777139
438337
447333
18565
891126
961086
411746
77875
212293
956356
124767
467578
291916
328446
10592
272346
41148
622663
506184
532274
191611
840818
876560
439708
658620
248500
767667
143011
408042
688303
644076
506977
178174
724571
814551
145210
857073
641619
999412
102447
47947
360826
694667
6559
585049
145480
833193
502112
300156
478516
323656
182582
988894
843264
81484
85422
408960
146972
593578
461914
23215
782328
90915
25193
247062
572073
944750
95714
882924
822519
285044
224445
220814
661313
254133
899294
339431
677453
83848
568943
141707
768048
90751
758745
200867
663958
642089
686046
813763
465903
827249
840086
757720
397686
910307
923779
587069
741407
613135
804755
297964
985693
840902
906547
35601
664845
122881
772299
639162
129026
66850
785561
424811
71918
991314
454701
647183
18665
312969
40127
544968
415073
166828
496808
988519
502751
28432
954435
884279
959026
750428
999905
210676
107578
78989
943267
309465
755474
81940
485944
452695
599771
205594
714996
488161
939810
92131
322633
898404
940973
709456
136036
215253
369063
125118
430694
183266
963941
494733
950077
220490
624020
332219
971807
797704
2113
992814
829539
918571
992773
818192
958268
81665
783819
312212
869266
490161
246848
609880
632766
669992
930261
343075
430754
5932
929524
876685
634340
573772
946237
684670
907909
745016
344315
687886
570081
721965
549096
52812
577925
139016
602585
740314
620712
461756
215815
544438
674248
76895
701308
762899
493347
954719
986775
943205
735630
738129
250619
27132
550196
585130
730906
478856
791343
192518
174937
650811
108284
94694
713249
644428
915614
654775
477954
424279
378450
188237
1219
824225
834986
21743
859914
655290
119753
347915
177508
897979
163514
318346
696498
817455
614509
311358
52017
225806
988814
759736
653028
160868
305283
886775
899616
176209
60867
974459
137716
659177
235342
262711
191027
263740
712460
323748
457951
33263
461894
78450
638259
465033
199227
529177
376396
217866
140576
99534
686646
811893
334840
762834
567631
159151
710539
145636
197786
214208
879238
645911
466339
89910
194543
80894
542730
765672
388226
859395
214253
270040
448045
683479
171894
846770
733285
907011
880958
685617
126563
245854
47516
933153
493631
235415
9871
383
976487
530610
27843
900860
37500
585296
140355
813024
85385
272422
958396
16460
904032
395024
401962
157592
136019
872574
86562
257498
931532
350412
412538
583368
49802
480048
225560
23349
552120
274445
92502
641207
33068
6692
929871
720298
570041
334826
352393
249293
149553
134516
407103
621129
640250
119950
926857
345170
899019
617388
244586
887783
388164
651960
280246
810611
3880
300106
871390
867542
524600
777782
47961
313469
11244
634750
533169
580845
959312
598504
443816
871328
808250
434027
360965
827270
222116
638339
589694
231852
518826
914340
449411
122298
49249
538763
592741
677398
887633
160751
493985
322855
354193
511382
28493
457012
232190
872965
505502
956522
661463
412176
63891
691580
450296
901455
264578
579941
310065
449073
986941
440457
928131
158378
363361
360569
230326
538312
832123
893013
355162
126692
180054
888268
571224
535411
637605
686528
265587
876604
682057
84100
531553
820516
819328
219847
335808
995237
99820
943690
787063
335325
111867
647373
729386
353282
377911
672968
561113
189492
821804
411413
883158
830571
312369
636331
768545
894607
712661
17924
249825
570663
272552
735520
792065
573865
156003
566691
389989
874352
434996
208346
764616
242123
848746
640923
460916
318577
949370
674058
704156
856915
346540
744440
566553
830282
996197
190117
348223
798384
485969
645094
634140
491914
666284
307490
933709
332002
992686
983670
792380
673908
85713
427321
149305
194430
396352
251993
57780
282042
436126
551332
549653
694184
264559
746275
515128
270980
680935
964001
19784
999768
768077
878089
248055
985578
348044
224813
61399
502229
456150
712995
325400
505397
129269
90634
897182
605116
166320
316970
92606
468834
401302
958457
955286
243193
755498
865658
592902
44574
908075
515072
53455
598667
640382
180753
211014
687754
346554
177253
623476
937220
368272
175886
132813
210872
726997
714097
894091
492615
767406
643762
792935
559851
867927
547566
707508
764104
609488
705826
594968
704859
672612
642025
932135
593039
718999
16930
783774
813422
440939
866352
847736
481679
404954
623024
809088
718373
726739
458452
350116
209902
591893
675011
597659
588565
202534
446083
586906
70292
346557
799809
363775
74311
431166
529446
468838
797131
534496
59986
795611
768914
389551
299063
66025
205767
946093
782293
310033
474008
529108
84429
793622
294053
557559
52197
408821
234755
623878
711959
259059
817708
195952
638934
826958
516999
409635
333662
374357
124112
705135
919670
664723
192996
683336
660229
23463
310188
938986
829006
123311
585827
980631
193098
763427
407941
458300
708897
342974
182678
98290
638276
747414
922252
218784
996713
743117
615962
318717
714084
333344
546585
818291
568159
328093
133845
120031
863222
546801
53298
601717
48945
383967
816122
123265
156703
217037
738308
835208
834635
528312
22401
874509
52126
370824
840998
792687
242001
992703
751473
27055
684236
722378
384475
947216
173408
556986
194329
229015
149406
917708
255374
573874
971602
388516
818384
203381
396319
728345
341781
438399
189048
25577
375930
501819
415673
270669
229103
162946
439008
90408
846787
809246
125738
74457
972872
154730
605134
422896
87203
506197
709136
701244
764082
500229
956420
850306
182426
479000
105440
94603
629036
717445
43388
433045
922483
160417
596264
226537
465436
884862
191850
859660
177794
19054
672530
277647
102230
154725
370428
343169
33384
733436
152098
887301
479188
472914
407515
814142
218571
874317
792244
849638
676669
474942
287530
939070
503648
503459
926849
395360
542944
570373
217411
990128
472547
677058
506712
550897
608119
7717
520383
157684
914779
615153
458983
826411
187751
361341
463724
521051
98840
321465
153457
366640
951996
941390
378902
276586
213750
876516
193494
395701
287599
687677
519168
481687
107866
34686
683920
814915
244833
396046
367658
880266
217841
343127
541874
283505
442207
353450
349834
768797
220853
564031
414057
801771
898269
882394
424212
157852
955625
630472
815100
929966
909373
410377
420149
520454
530394
954568
50190
454664
323015
96645
109649
284937
58718
798611
958936
64028
830704
933757
555978
189833
863318
33348
129393
529244
965525
257988
103097
29401
399853
877236
531976
169997
881790
127180
484276
594111
192984
365377
73893
698950
114781
647916
197193
781364
802901
427913
983085
627184
708558
105434
5247
188513
195054
251947
675165
162502
920087
332529
208217
19811
56565
208076
253900
98838
473639
197356
362259
170120
846343
983951
850923
169599
506520
985256
805093
223247
152011
206236
243205
689776
387374
16485
173373
763051
993842
375193
396033
288879
599703
369413
92679
462400
685302
920179
417053
779407
452650
530251
754790
998756
862364
46486
410482
949624
837418
950557
917369
809695
119412
144176
588532
948002
203522
797251
876505
339563
653397
96562
442097
19289
594505
260005
701207
192500
268387
722190
984079
579322
179709
567183
456896
44440
749195
921465
808592
788276
665545
188592
448922
50343
727683
496938
787214
208072
142400
867414
43750
105315
580044
756505
100481
185993
661025
221043
443230
550465
420465
915264
953014
61020
358675
349019
199477
590950
377863
666269
489495
890489
588840
401027
596380
790763
209389
483501
800871
216551
760283
454339
125113
903129
230347
945778
978308
642819
643795
491668
198767
479405
779796
20398
574757
638713
922016
888019
637402
393172
753478
498213
402076
228745
477307
85435
225361
785264
962406
675807
311571
317763
727367
515502
902437
977808
538437
665186
164432
573195
809876
549869
747998
361339
868416
528443
14002
318869
375832
625370
905858
2726
596089
143862
384179
86505
309174
984765
421520
879032
779617
512353
406566
843615
603001
388604
33854
447245
631472
914381
177143
737124
363927
361248
202816
562543
966760
900172
686000
11315
731632
709334
584898
140126
498839
200883
818288
542301
13
185323
110698
639561
676563
867353
162611
330497
264803
911183
550297
494739
705853
615062
890639
529747
88784
49107
927464
586510
391745
787141
683954
218201
544666
359082
552365
855298
215890
829121
136871
152680
188661
343467
359221
179175
313584
744299
642768
984939
635387
718860
823881
318694
420515
152546
796522
338588
231987
694952
428459
550555
789310
535305
169678
613705
539020
565498
310423
636501
240223
388804
435563
190287
532448
913631
677892
492244
885099
574138
407247
910946
415796
980376
331747
417994
320148
415252
244061
999811
739828
109381
282652
655578
412180
360380
534742
485255
208441
812266
749525
176796
831345
22431
550482
466327
606404
348461
587884
270934
832313
154219
436741
167850
214657
376661
179194
405827
226436
34321
950076
4107
998983
602572
67280
12176
895735
805955
975839
745369
102037
199326
706106
415961
496381
151094
243375
224513
631892
38647
190336
915504
957645
642785
53446
622534
233113
484009
934626
839062
371817
859516
69339
448762
827553
241507
99225
107072
888282
906049
258877
543361
53012
586618
703003
945618
339319
365422
236437
233876
423684
675811
899733
539495
297181
194241
803622
952315
181933
433974
354608
641478
755957
347834
18254
222994
490036
721260
503310
815214
826610
48667
511748
643908
608618
591138
836427
271563
798226
714603
551193
756819
133768
165780
730046
456893
911194
715374
239737
56653
950642
395618
159095
764568
859229
188398
760937
841367
379958
108557
409921
379230
533235
674613
656776
889126
435851
153338
780255
602822
381443
37200
533520
428609
148180
605165
842768
442168
530811
164237
245907
233984
861661
883535
23820
638414
160660
709245
979392
994127
889946
264809
416262
287381
409873
579186
871837
813035
797548
956838
682153
203593
144574
42881
699084
848611
427741
553620
541
308764
959218
551745
779272
87512
676448
469987
910274
441902
365711
585802
673383
974525
785940
625060
824113
537110
518015
532791
142103
503062
651392
770314
399040
533527
879030
435940
879394
148349
420054
787628
864444
195051
943476
936879
56556
196120
833841
675648
96493
450428
954882
396666
62641
12388
866968
558305
108503
895205
157617
151591
938569
385005
302971
969738
787893
271029
877856
436890
508390
787666
317298
768217
680510
881323
382645
640955
672914
161413
309571
362572
708962
301050
572960
866609
500532
713609
129051
796294
97483
158022
980061
858151
921801
33010
34577
172106
852254
255717
798640
149641
438572
778664
499751
302782
777209
683423
195816
520904
813136
838115
224330
756714
791796
851502
91934
54993
722754
373167
116559
763830
415522
663038
435701
804698
288809
190442
630
114926
264207
764845
463449
973909
185096
719489
939561
724609
550273
795659
402562
298106
780664
424246
556667
5373
491512
472987
579951
198721
9392
165148
392170
42965
187055
898576
886509
788261
661503
397528
451679
261659
970971
610768
945168
830497
248461
608738
495914
782853
127657
406580
634358
626102
520864
185601
218888
364203
197313
904133
493001
886115
682002
82386
161567
705991
905543
528384
53307
579371
69213
829890
225022
587507
46166
284947
139912
333714
28689
149582
399391
664686
554565
649565
858425
83040
141978
203530
106983
370071
862372
473329
674526
81564
644860
524182
500386
815023
111741
703699
415505
889809
54552
227498
662025
574811
174741
243129
338423
940172
621863
703691
562301
146144
822122
744522
179711
968411
848571
626195
62603
741605
182516
496674
577762
964751
614082
51884
186855
855795
335589
568140
272483
74042
226180
67221
726643
872440
768107
753414
956495
430257
208162
316635
529143
907839
670827
686976
724475
57227
905367
910432
841768
683833
603077
44316
910474
842656
972664
537816
267491
141814
683796
435631
495846
116875
163829
760390
66992
197484
392812
16318
976964
882344
485783
327683
383873
913967
852124
481090
634723
27669
948162
214263
897522
855094
85036
235236
920650
719540
346098
802205
614024
348956
723741
128448
590478
354791
541311
126659
696372
450012
764013
200550
583435
528723
598235
18375
650127
54292
713810
436436
111528
9693
874192
714587
300125
934274
699324
31229
588246
292527
607684
708865
246092
987721
143893
504644
413775
287283
248950
958286
297203
488365
888962
299841
825688
38870
42112
41707
180949
300370
145440
459642
700033
643590
563220
428367
889437
235840
464073
559339
39649
572468
898753
199814
161506
842401
63375
243710
556508
867155
152238
795308
497250
117505
69629
970899
123999
684438
748123
177522
139592
542989
978395
89657
8864
939381
210788
220632
113895
310740
591784
933490
671968
479464
849663
854064
899582
576841
183455
690802
159850
266346
882618
209377
252403
770622
859124
94304
288787
62391
430016
384865
904410
689129
33366
848020
605818
482637
492179
668793
970862
373090
495789
990103
343431
547310
397456
418053
677460
659939
555482
991909
714157
604380
329904
11057
365276
920134
877243
832877
281065
503644
688515
860412
450369
596746
818726
849103
511490
539251
207732
982968
280741
451086
494058
104669
430217
668011
353354
664007
645016
490452
772499
934746
261208
668686
486946
220511
430480
731007
96165
511101
586324
687017
546679
713991
916272
47060
843614
888878
836461
441226
987805
175063
95171
978172
984885
20424
112923
298050
887039
448891
876286
906944
162847
786261
192672
146596
224870
190576
981123
730891
632454
377557
812874
389635
962290
199237
419675
972907
146
597430
885615
453175
282848
826011
275449
141136
836258
78108
594864
802840
55108
486821
832315
733515
472849
581146
419320
300161
740686
846056
160105
435152
296627
737463
870908
860878
967879
594044
90230
626484
593047
135402
504123
854430
994898
396104
786812
53998
50884
555934
804733
811985
984685
838409
560514
939609
67837
857902
522006
669002
484527
591755
396407
956016
747135
451881
925089
529005
206025
636142
997877
683025
987456
986895
955974
469154
426887
100770
646593
819643
808431
377937
325430
680016
617550
113578
45319
123023
40504
296852
502315
150562
341021
369437
736992
468497
434623
290670
378795
167813
608654
26720
619597
120359
387809
328999
396996
575591
258899
165932
169978
351833
267064
547001
643726
794425
854715
874958
550078
221455
935701
322064
802414
239214
159468
899873
249111
791254
52486
750219
115535
428665
987944
554581
848176
67099
136783
883320
978536
550738
5770
328684
771549
52269
676786
750043
109755
218097
516232
336503
790107
30910
382569
88871
506321
61009
636272
524764
914706
177059
908520
110466
353792
832558
771244
386451
925076
557519
825182
376837
512935
541319
338112
168484
129821
797083
768434
753274
766382
146332
250504
615530
64274
468993
179591
984348
843081
534576
546173
266450
111556
799963
155706
989401
209971
643911
131246
297948
882604
156968
725664
615571
769653
772073
466441
167320
809454
262023
970827
616794
921118
469341
291537
443498
603288
63290
999556
997043
773257
425774
711270
3847
233697
550180
74895
136852
842076
302505
678402
70709
171820
330443
684588
36773
398597
11164
937784
502286
311876
106134
1681
568447
555197
960024
682037
815741
7328
282767
449331
566960
73542
397680
449665
768062
349534
329441
667580
274805
915951
24567
261180
26402
505417
525082
821331
292159
320588
91141
364579
312392
681684
396010
90457
115246
409792
920050
893514
99941
900382
61538
200488
821144
726708
150553
212832
801404
835693
719478
718804
144322
456031
60118
165040
628774
468085
283259
38571
54949
941246
939848
696860
919819
861584
470312
640374
10282
491162
385807
199650
698023
92166
100249
121912
322222
973191
328206
702617
88901
728452
314503
333675
533566
214880
217578
419250
59079
407270
487824
85320
210779
184846
26632
812281
205275
184878
12149
202237
326391
285632
923474
159250
552326
440396
523350
770678
620790
282482
128819
693310
849437
985494
648824
813206
577838
878184
946518
502422
88455
124110
899583
201980
723366
933361
991466
263884
970492
681889
12659
625793
385306
779046
369504
819758
172488
318756
568703
81142
451573
724522
263914
718884
754120
46999
17389
520104
622484
141353
654974
803055
890987
164899
597994
932638
949449
801818
754769
763946
709553
393117
622344
653718
924374
767807
741980
932234
219183
334275
862006
379597
635309
391714
941914
694239
718729
143547
793353
182006
677942
366872
650311
864339
990198
43544
295863
584767
693897
155327
6370
825575
145344
561750
631958
725841
438895
941696
646443
985018
346944
421467
658145
466318
559012
286351
297957
721731
70565
968758
89522
53843
19416
400680
347349
220436
793390
646306
622665
594549
99625
691346
946240
722135
44011
381953
553731
95173
827433
774621
140016
216146
701951
316706
569251
88590
558174
193253
462768
315364
27744
745917
80332
99411
960444
67406
936523
344071
808469
338611
601987
899348
277677
132807
469776
473614
278198
44752
717681
866759
310857
187145
802576
411750
391472
23819
841439
611936
746525
436055
816158
522838
651006
463106
471481
483019
156648
857342
548237
22080
703344
966720
810187
470510
935641
2835
637557
281632
200999
888761
550022
635754
523538
16953
749870
199561
666774
496394
183675
467865
715047
749530
494035
138221
755138
535035
309982
145742
148767
194155
230080
260499
309443
914302
631044
820634
33649
510314
622356
925984
301376
815791
284901
48323
427336
261089
624751
677457
437430
860371
530842
152652
292992
519202
308980
106813
580338
280539
778335
659057
337766
476106
871176
264788
402385
635616
126225
932777
53178
484352
358865
60772
653959
327654
374577
707044
946800
544372
373751
988048
466388
820635
293535
813325
596394
555234
564581
922521
4944
114198
943584
581319
911807
632590
135624
851479
779616
276314
583512
869809
809783
66760
154319
635582
35837
376914
398352
286564
747277
39463
256489
261020
183860
222356
352752
704817
138603
266319
381449
602967
99872
233504
941445
738789
427312
35949
663205
368
762354
672736
713532
485574
780525
740855
165362
20036
1257
740711
637221
993748
544931
482286
156777
952455
861850
181876
697904
652555
744646
400541
178629
820617
577256
954734
148018
944094
54460
863193
344578
321779
994508
438822
975201
299835
589790
281792
155935
351496
623310
724890
81875
303499
814390
639100
290076
551910
923849
372334
456899
98799
625727
251647
306940
546244
678890
446258
786572
57478
411368
329350
380100
82612
149553
78689
451563
344228
944400
945112
154106
102495
997295
489310
171840
71770
995595
901638
565478
268237
451654
9654
634957
539954
61339
236074
517587
364764
926188
274082
423797
649010
997303
338026
864078
310982
287207
23300
534206
819158
759815
158579
971686
387678
58257
154406
655
826135
810853
333888
827690
17744
990869
797056
49266
482216
855965
33490
164462
205285
342640
763057
31954
872757
861741
585335
218053
296126
379696
209154
609022
238052
153861
903173
106439
359639
807352
947176
154084
982613
466632
330589
851661
907459
520826
733441
717654
402660
952457
712554
463727
390707
505082
719379
875080
425571
192590
81057
600461
232305
807953
777297
452431
186338
246032
531969
441666
958751
976295
226519
596131
338153
900152
792786
700850
471674
76024
331243
312285
195962
205539
322087
297789
68826
518416
321596
510137
397713
787423
959645
681672
839729
994702
987300
661653
796709
275243
474395
812027
784585
394980
515304
122671
260454
8826
784274
289085
985353
760916
600052
969259
593854
377392
336637
913018
348526
466292
569120
546826
528210
378467
388319
911773
965971
203691
545904
958964
675584
6810
633097
13909
739563
764465
895437
510062
833313
440849
803219
789716
14467
318098
119567
843108
102917
809715
312735
645514
399235
138091
768436
973280
384763
324254
732315
88302
746155
312299
987111
268368
643976
974242
895101
34869
245144
35027
991420
969731
666605
237825
567366
862808
494142
959030
296560
951788
915107
252464
752386
606034
837228
780921
642219
469341
13791
220436
202756
482143
358093
266643
499647
346125
896848
428486
623020
243966
393763
738638
669735
10322
178142
136655
799970
82480
43724
428036
96715
250215
336619
918124
209945
392950
460735
676962
476152
573159
449619
811850
925199
779733
623629
542759
903978
216399
460525
383626
940425
899285
58850
893797
908484
605823
958409
788862
111065
764029
907779
328831
607636
510649
58673
725354
122586
731673
755534
680425
757841
802656
726506
856451
425391
34356
786687
806635
847774
866426
584946
42995
931849
583645
424231
479262
964614
640430
156225
992018
297696
89318
519541
553516
625791
849862
757321
153710
269686
109407
331119
579859
565993
859246
782520
774148
404889
884703
784695
580323
928910
204658
884915
968899
538848
310331
569736
832955
96929
757507
463642
871312
935722
337613
690295
523151
845697
226675
240840
869500
701092
467182
610996
485476
837237
73844
251794
247503
679169
462395
402376
8786
840686
402332
96069
698177
50561
720531
894423
685185
37642
903523
605417
687674
645293
258070
584733
596204
752909
4514
507906
995417
65366
690983
937202
9120
866855
65941
795787
189098
209371
854187
729608
312701
477299
79770
801851
454190
643169
983496
628713
149747
732275
406896
976770
981590
746010
835110
576955
739526
602903
902584
935114
634952
923265
356400
379901
371147
170805
30519
192120
497240
845594
867604
338121
662120
159631
105041
971433
500879
95604
108542
635090
832983
631890
137359
654903
859816
716584
195424
121381
367202
587411
77466
244468
909773
690137
657901
59305
496168
679761
819773
576876
792798
261939
383961
147808
285142
239544
361254
952292
847977
554157
606938
363110
286255
286362
749284
689631
617778
782537
71401
373486
925572
21237
724138
763733
382701
785553
591617
74570
388540
261745
718090
862715
460734
988633
400351
789858
644621
791777
420539
724672
278144
891585
500224
92985
772608
104447
456467
702347
603002
504626
209957
243692
646128
265585
578509
335936
542699
477277
388177
75828
496715
995016
750212
277754
91006
152257
757129
495969
137295
233406
121269
61647
208918
664164
678419
333470
729678
735029
472641
280465
283395
462614
952247
979058
659050
286332
37480
521737
61003
95987
617281
828730
971801
318603
526030
792828
773218
280351
5308
968050
991777
579971
437497
598248
262129
245001
219127
344811
95836
327728
434384
778309
72914
939754
791492
949203
78389
203529
245917
5
592913
297157
156787
324018
784169
514860
356940
858838
823340
493990
508507
290345
74503
47396
382441
159004
347988
940837
860305
626674
914352
218469
424357
619129
976554
604514
421807
476389
578710
155723
735762
293959
932482
177352
186382
722991
283328
422497
39649
228699
749730
568524
586699
403802
90756
839637
622443
609025
776771
285100
532037
269513
55500
76166
689509
363332
312847
774769
961372
935226
459729
155513
32041
630116
745569
19439
627508
520964
681250
96092
878835
122079
814727
931330
992623
41112
46494
700363
223073
414443
950595
896209
107382
819970
994677
56137
665266
597943
451909
777356
150257
380199
104298
194500
778312
639151
557682
375855
189641
644742
880851
663379
311845
860279
155680
560447
946348
191289
7127
232121
942193
595564
664535
479433
630473
140530
93998
734753
407281
526888
467472
210215
42703
991872
957093
339489
927121
189565
803833
199036
182962
866185
260631
63609
968475
327542
148719
820213
338982
639375
927796
77651
335037
232795
406083
877640
247329
685102
423549
181634
329159
62379
386229
332598
321245
436441
994757
45380
868138
579617
747643
440714
35475
437218
353521
114498
38457
549681
299258
197784
690752
970288
969912
90701
340843
489161
231243
749249
195683
703432
53412
329440
184214
420882
900215
939628
137980
560326
585935
655522
170357
862063
913403
632972
609231
786211
900134
845794
302947
935611
793477
911262
729182
615086
536361
565211
34334
865484
220724
811433
399410
959573
467112
383088
484036
416436
480283
430333
28627
161627
875463
922542
163864
10812
321982
872758
155594
821345
796218
226830
957373
799720
674642
33145
525413
943135
342025
3057
636729
553912
996417
259571
187379
444585
994893
42916
677428
644066
181539
614751
739267
416748
172912
134876
815542
671323
337798
886270
135017
197231
578033
578937
967467
899981
65959
870941
94009
331285
6749
292996
462690
795167
203510
202900
715017
890711
106774
414450
217097
811506
300821
845316
289395
383884
603664
590816
797170
400096
286937
464086
94096
901091
89358
512662
314769
773245
698119
928512
289277
729893
945257
460871
224892
14040
249112
211008
183257
443317
568841
19533
837673
91832
529909
534496
431301
357905
91369
900270
265714
840736
104570
41586
956194
89616
268183
968091
808020
249805
352567
124564
197782
885731
550576
896429
790890
958580
424745
556395
636295
617942
714024
108521
270518
526279
673349
284137
247645
556813
923072
183099
195737
938159
851630
453896
402052
892553
147726
230907
653206
536208
609465
75533
507239
930915
288888
151404
232210
486729
154544
920712
876854
866061
674232
73850
751638
513395
378379
950097
727136
790422
547609
258681
515211
154783
842552
32330
49497
950628
493495
666027
654908
640858
995027
151969
77269
596025
87875
116088
842071
487467
307182
764364
378506
7728
243325
164660
351916
315665
782282
867660
896626
9662
669239
921374
956972
561350
864284
842668
370310
789363
40216
845213
307114
753408
531656
533890
264515
338296
87446
348931
994397
867629
568105
839658
93480
593041
570618
786444
584091
103412
688199
495887
62134
125530
960096
50589
877087
125944
751646
650468
824430
123467
946547
908615
319108
614102
687453
621412
318806
192118
749365
268290
938760
189603
359140
720151
897780
843077
165108
36340
479241
630640
272836
255438
540880
3006
133270
126890
461834
779528
537602
191716
698614
382657
398734
869339
579887
189742
48661
960700
951921
822021
747491
13546
920252
472802
302051
473543
193425
486944
181167
954274
292825
833690
773575
687229
371429
528382
20254
968249
163216
614282
796365
39712
744193
586279
301226
53839
623053
405022
71348
427070
239033
977851
315045
102958
751645
966141
327594
416174
115299
916662
400495
944329
680239
643590
642067
353615
743769
786158
558075
683006
875925
989267
208579
809998
970228
635602
763406
132502
981187
696826
39678
923422
882065
636074
725311
826306
710479
215112
746750
527423
764304
146971
44600
428317
665455
721222
258989
158521
793039
603682
395251
65006
990013
187126
286630
26912
268466
889494
58813
573476
622454
558485
5304
982991
518302
379751
392885
466970
437494
616216
869346
847599
692281
347683
479757
538770
431997
308080
566232
246575
113196
394670
243912
368956
54188
527176
772988
746442
95584
510598
380474
882926
596808
488771
998757
338374
809156
660871
108363
644330
29174
586112
879195
633841
766084
115554
425459
789405
874301
548888
292952
870244
52563
501285
948863
397148
765766
480476
813128
357057
667106
774776
166858
752166
411615
865433
771017
649591
57830
235932
148292
34662
262451
963413
929579
885050
963285
514923
284270
654192
651283
544273
550001
999501
925545
384157
721052
548161
800175
241286
154318
685881
561435
569279
674865
795010
133213
288874
676264
41813
737960
934843
812901
761411
948113
894378
658776
271998
448911
759764
393410
25793
287715
260847
116328
154205
908113
212840
218786
275042
287244
365915
668051
250150
286511
403246
541683
453621
603432
268619
182919
187669
354927
635768
740978
131252
449076
402196
24037
371056
969367
664496
914099
713411
457681
105927
995648
528073
718640
918683
695255
760176
94335
802542
545497
297659
541531
757203
298355
963810
412623
42217
552042
799903
605990
489007
39533
327360
87334
777623
688645
272657
703506
708036
369066
701377
974124
148733
564293
695081
968267
444733
646816
887085
537492
554983
443437
7035
650840
494486
626928
811121
541130
503315
894025
618331
499675
214496
688802
574169
831604
490225
734577
649567
453903
655418
773418
356695
507635
110435
561093
592097
795466
445913
569063
996986
50720
135998
291632
352762
183674
318080
875808
46135
688913
251335
800550
738440
787050
812872
525767
583140
313171
732791
624487
115624
32507
705369
197176
440503
181231
233271
794364
676411
855981
722158
607672
386698
969510
104292
424695
832933
627413
962965
781879
968154
999351
326539
993525
434313
676966
322092
942288
641283
878102
576813
927388
99534
948778
688037
89350
228357
600948
750332
219295
607516
791432
480642
511623
134786
15035
579036
508599
582943
556605
262424
585258
95485
703120
864546
185001
494274
699812
231760
260210
228507
353681
932888
944196
386869
468336
440865
259338
332965
856407
981110
721761
198376
863087
804887
976328
403716
630771
972010
732643
575245
648518
744655
720748
551811
857905
752273
287607
558425
202041
92664
480223
220369
120153
273147
231378
570242
392417
180178
516662
833915
308843
520170
334263
830658
331637
740658
171247
443637
936480
427794
816240
106770
240260
861948
648561
309330
74606
523162
42194
47023
337527
514471
151053
964807
58818
479386
620987
42137
831569
219644
706432
69676
563588
307099
550677
848078
753776
517015
709680
595770
298648
580697
513810
216275
110795
437668
755437
546829
200794
429763
451695
388843
166771
398434
780655
327522
52894
722233
420403
853981
878932
835939
751516
964506
910967
875533
670959
473457
643059
997193
867968
298869
742831
409858
392317
289779
771823
164042
747860
282776
408905
461264
926530
709551
769281
689069
622457
996871
488644
466013
624813
372594
859518
579403
574076
435882
820824
967108
662904
900111
982161
297358
24850
709772
47864
894738
466660
850647
721923
866804
279194
541590
659919
120131
909182
16287
783925
262732
552672
790104
54533
890185
825758
221117
897314
731895
507477
271424
552634
95557
570212
227083
746592
249640
990489
98081
165639
637963
362427
570466
569309
369700
839988
474797
251649
339938
373848
195104
93283
400578
551574
251835
507959
600001
165114
795298
58390
595180
136604
347969
786545
868179
437609
150474
214386
902236
686475
83865
224625
484787
787448
177145
470671
929631
143828
433600
546291
900656
805252
406485
935967
751253
948817
802898
641902
106570
821620
900740
844524
573678
46788
640271
755537
446770
880377
47663
254556
445550
846300
67737
957065
44494
308685
805824
275118
533289
161904
414579
913400
632306
438069
104419
64828
74183
854467
534275
317244
210599
288129
932808
746489
505985
582913
473744
529328
864039
458377
137759
434226
109985
386942
954884
709923
561246
209007
894170
213135
117254
522299
136682
335780
501610
204449
191918
13008
923549
615714
649520
145976
57436
50581
275601
696913
307112
775
246694
217631
995829
374348
812925
137224
555194
899046
136893
846804
883113
714705
36843
290628
649593
303273
360521
616331
166878
164153
381849
209645
14747
615905
519551
756403
128493
443235
145476
517384
343144
595914
912951
423284
839776
976695
267950
886898
230974
226441
185770
184559
747826
270184
802584
482722
167623
27759
740852
993090
768722
322676
661512
268841
564228
746420
484050
709251
518431
167264
235396
297842
632965
257406
737765
516610
580588
939390
915157
327556
615150
295066
969261
435337
3197
248808
608581
894269
644468
568191
764751
60893
189000
382916
511584
226390
860893
318992
101711
512124
919797
789375
320182
221155
815107
384664
526678
159646
216478
893524
712023
828370
586641
384077
831212
617909
340495
678212
459349
654696
393540
801615
346878
264751
192774
433885
777861
335305
359914
421927
728857
219440
606003
903798
15421
901743
359910
974475
480492
717019
750201
186926
77911
196847
544681
293526
127818
958088
413419
885425
742892
616057
687354
175122
706661
797964
776847
958517
133850
325462
360943
913007
612308
745206
539998
954166
144446
620330
128561
391178
523213
883981
777729
546368
305274
661937
244988
307049
606891
274773
404629
672803
54896
563395
979675
923451
935272
777609
212008
843902
843332
803793
790512
274523
696163
114079
383161
973494
775325
556391
661097
241675
1372
266505
92475
449597
174435
868586
349388
632891
848690
371440
977874
930125
883970
999385
891051
876801
648299
602745
62931
292396
564710
955086
117872
137695
8236
39745
309768
663912
218749
498492
196818
613442
431164
465954
916074
850906
284855
592880
208733
672638
229637
462318
259428
261156
841289
990353
150510
240917
557139
975536
934486
87988
422629
579553
244212
120175
694994
957936
172623
878145
277698
937851
168944
351969
9427
893805
883090
616522
400666
534037
293877
186536
882183
924130
656081
464604
431142
717373
431464
108
511618
588739
875572
345290
670436
816542
172480
881983
283321
772287
827091
277236
523409
221562
170054
635805
943492
927421
299447
862595
316463
892398
958038
319212
628508
762401
767837
258472
718720
441587
143772
488763
428637
541509
215026
613794
619912
688664
3416
461828
427269
603906
2519
102583
725006
539979
522586
656427
610290
795879
638430
904887
286427
926159
814533
38334
590248
919678
940938
597181
506104
690949
21903
258740
241096
807115
316691
948399
612788
881125
875711
831856
914330
802830
201247
575163
305436
555523
869166
595710
116099
872253
794058
725530
6401
810444
864134
433682
26767
618445
628190
330191
438197
442952
701957
893261
798248
76136
603035
302502
808589
825111
134267
798201
254812
446838
210416
212855
49183
734838
688135
159178
489306
179606
55679
437026
93893
442425
401309
912796
529333
611363
873244
584209
780377
430672
192898
18553
655519
102513
596046
952763
465206
114500
344462
989138
498031
69454
157708
585629
254525
420472
574184
988611
19099
238020
839937
394112
735500
679594
990221
257041
894782
178771
438665
774328
929864
26545
754890
614829
881170
777913
193969
279137
133908
481342
763452
352559
984439
842603
565434
759906
137559
154973
247959
81373
481898
739803
274773
204779
636026
393266
866779
57892
322382
222833
221479
953208
566119
249470
90080
368411
236070
970580
350855
380365
216267
300890
10315
93893
488088
602912
595707
180793
680787
548280
298070
474636
193579
951279
246462
389141
880306
471591
279627
46344
806537
723410
181692
272836
214809
284237
136713
996152
435709
896279
769940
273650
17278
688108
193213
705094
811382
201858
679509
21463
831573
77407
946410
197957
433090
491797
109377
486515
384153
735900
871649
835251
401747
454090
754508
300689
901763
575217
495817
709113
719933
737365
738204
315334
160401
992904
784472
917736
122997
314020
918603
577968
465280
396709
218839
327227
11987
421088
211616
261305
388818
708452
417
456665
134352
798316
546585
932115
606025
144957
75683
746641
955848
22882
7460
689402
949737
403202
436318
714461
329849
20123
838625
843767
861817
31389
786336
692514
993346
507621
50657
487898
511874
777172
968334
344812
721124
440140
130473
640765
351950
323527
819869
984308
630212
27859
980143
247813
126826
528494
28179
879003
257638
266426
333275
678753
914148
581597
211530
981614
360371
968823
375687
89099
292556
793537
806189
277601
98163
253183
672127
841604
714871
637345
136633
546838
473107
449980
810818
189721
123639
58527
105597
924693
767328
778773
155902
27170
686691
375159
316633
235859
350730
908651
240087
49791
842581
518397
933698
920365
691234
417048
525792
42907
351335
337696
444604
43947
676763
268975
779679
805099
612084
853419
263262
175999
680204
205825
405965
344493
483677
598208
571217
839749
805995
579860
680467
200491
991425
566365
406161
622467
332883
248299
243726
790711
975618
408856
936234
909288
7295
719875
712588
991854
582407
141604
141691
228558
220620
266001
177356
426039
71156
292684
437878
953
186810
441734
215041
579907
53427
100021
5405
816151
666283
873357
102351
140620
779054
732254
908422
682431
962530
481673
58636
771928
783505
181920
498840
594932
685573
123609
652544
58996
925324
962543
319499
11553
21403
526166
550309
863611
507599
506329
335084
890269
97742
1489
461479
601934
459148
279299
343638
41126
691946
594327
46948
679002
594041
517169
477113
48999
181019
735982
842220
108887
216266
497789
980758
130483
601587
664599
107073
371718
397370
986396
956480
509641
170529
88780
58200
60080
593411
943902
58204
162128
642554
911297
82774
79787
837216
593708
232737
352282
585011
495204
868884
331349
752594
674506
120281
312610
144804
892510
107611
397400
93976
480276
397853
664015
585478
536785
879144
138663
557556
469058
519325
446769
352437
443929
59304
366909
477293
685094
22165
195265
995823
357198
248765
651042
661511
972714
220824
428194
491091
780158
711094
925095
230732
570516
138889
744420
61155
929332
771162
670630
468294
333251
909148
542397
970241
110582
523230
634437
776129
469169
905561
259024
54069
101888
848489
165873
95181
68336
295385
329000
527716
6283
546647
989669
648122
171695
148550
930875
422554
689546
630387
347426
539675
410804
243103
597736
471361
959337
821434
675958
815107
974626
587185
818875
618983
244238
840094
651063
58058
512178
231454
51942
566972
661850
876417
457991
862599
198714
267226
443975
496656
193254
9589
255247
947671
526635
637160
977639
116441
828168
872514
497989
26133
311820
258401
755766
867755
560013
618208
239464
907679
632066
612972
705874
837181
607422
90872
549568
611607
635530
174983
238654
203818
564253
74982
7521
108319
784954
276540
211757
992109
798823
115641
123238
989915
27781
126636
109686
814435
647953
526257
150775
845618
171062
173127
528606
24972
782604
834112
1605
405965
451825
204113
45460
456010
180674
530377
84619
143958
759671
115103
271789
441185
349784
116964
941900
374138
958048
979671
753390
88373
270188
832279
564313
630951
50720
12275
790592
479822
634519
141277
849226
158478
436484
254142
755899
799958
928618
636067
31425
566817
975092
981844
664413
509721
557682
124421
869164
589845
637296
854118
862866
263043
630965
579157
507970
832929
33941
839156
639915
371749
596467
878932
621186
368957
944407
34768
220712
867121
715944
384375
731321
150692
928198
647009
401841
669049
644934
476322
985338
973265
141387
320989
540822
444403
368189
717168
472485
659013
767593
584781
859348
543991
103861
491880
118050
287359
494718
411276
523024
535870
249680
835337
988965
150786
976065
811656
657243
332645
92202
958335
949481
816658
553603
810047
465838
376935
646810
980138
492855
551030
920944
719491
179181
286118
209392
889438
769374
215095
347725
45174
402790
384163
491831
772573
385722
613535
706361
376974
395920
353665
933554
883422
608238
440955
411373
551249
367502
776517
350560
789193
955051
676825
252926
40794
436716
900248
604665
219896
409833
300810
384216
268114
835998
854403
378800
872120
665899
67296
493122
767863
207685
964465
812657
701957
665597
568369
646366
653079
272491
213680
375522
89425
902583
157330
480871
386389
160707
671343
437283
751740
797880
827163
963506
603875
732460
323265
350031
675101
75501
786665
921135
85318
533229
762201
607227
367479
547849
122327
537768
732565
478520
772748
152884
992132
2956
385347
856062
46906
198696
950737
468994
610350
422527
639247
567473
490926
788356
203843
460393
236880
264500
954013
624534
665920
124412
907485
781796
167225
525703
72657
322464
551375
299240
130556
77290
186472
530337
948947
24409
620171
220238
839969
865771
719568
536305
645770
488743
849271
908315
567212
432594
383829
76211
361953
797770
502825
963942
147105
472258
857357
802667
995525
105818
948872
569713
541862
262489
705728
622568
646564
881354
885325
681257
987842
8818
402536
639875
651183
304874
266114
331299
861728
227932
744689
769375
143832
767966
721029
804511
853577
651558
164857
507752
776724
494761
683141
857415
244333
718933
495697
390870
106714
908135
183875
664302
824282
519273
481721
545641
489506
298572
862290
358738
406466
106142
938599
905324
299879
625191
783320
749083
888762
510822
273984
621747
62437
145955
405450
48284
155765
375025
174173
885662
983066
534978
467763
343439
70924
493158
809288
925718
554504
212962
490093
139291
727672
687209
374203
438925
963953
495866
685093
417935
196886
568789
32231
742400
206169
323675
837019
474789
539938
454913
886890
947766
433992
240368
207199
128834
172156
211645
329367
438911
435333
18304
62805
284786
120293
436883
401650
56375
916891
808681
76081
156846
476354
382216
624497
848578
643031
52644
333947
647959
997400
732634
125627
301263
366791
873478
383756
534073
323021
512513
636076
374744
563004
948346
117519
346571
372653
735919
428495
298526
258696
236361
691072
413804
613666
951890
613922
419694
113025
280596
268912
786149
973947
142799
675477
695264
744380
810774
88510
755882
162853
22470
514378
909204
864210
548132
124126
672090
494196
856658
970262
702133
941789
211694
289302
960637
875995
827720
320126
554104
926139
955901
833724
78595
979567
234932
556987
91099
9482
525109
74617
329417
934951
763233
42102
714024
622186
958738
962184
187284
442846
6991
148556
504625
364990
406828
484598
512085
735055
974844
596810
795603
527402
278452
978788
262053
325080
49758
97457
545589
54933
668854
300480
208520
311991
356837
576691
308487
632360
827927
176655
526508
790031
314363
91123
654213
893966
499415
855270
26280
384228
44485
979465
671476
71025
865613
551403
350463
700058
806432
95227
205153
442307
733039
623576
725340
203833
251878
335813
830183
663154
425033
885176
22869
65195
295401
779473
514343
893361
320258
173672
951723
468732
183796
199743
356878
778165
476957
825687
775813
137625
11727
851486
701652
552181
344435
903109
589370
747409
130745
960816
384761
276969
185531
947847
627845
939862
330989
831146
808073
299852
222403
784705
253776
607164
734112
69936
436310
950938
752181
329450
67564
885945
347454
523997
953410
531794
465685
736971
249492
828067
690610
543225
429108
727412
754176
821247
691312
542132
659676
762240
740447
994307
27948
169396
707789
446217
788314
283169
504000
155587
507820
546345
74087
699294
496194
315644
269854
592571
553515
607533
230048
103123
121763
150435
151754
27380
327021
191334
572744
741546
278409
119193
426206
427449
418323
624711
586197
604869
283768
969237
697856
29205
14421
13079
624554
839596
359726
403135
312285
784919
201735
210801
895313
720389
25123
945266
919408
864464
877526
192446
760002
433562
492425
90808
946426
913810
582154
128444
546844
86358
921677
780625
105033
288307
734404
644730
183785
308231
19542
765931
390963
443016
742335
645337
737052
55261
478019
59434
335193
752618
394128
52364
204819
859817
241647
505889
259559
728243
404710
353048
562454
194079
105646
250519
133776
910017
785676
455124
692824
592084
155471
238979
651028
655922
200549
784554
959667
528319
571865
871568
683131
31142
838381
709012
198574
960699
559888
343833
159640
419776
587900
766431
887800
333507
223022
550189
789576
31460
153347
152490
591787
25397
853548
982028
594739
474106
502350
508775
653835
474191
614456
810215
17031
165353
245378
853209
981127
214645
523134
598115
154306
248156
155230
528852
68020
769000
461794
67414
303142
858240
143547
548416
708311
541967
192129
74632
394436
593219
159822
702422
267737
639986
255093
561395
766452
796438
413922
41184
857234
477049
650768
652739
840920
132076
174753
895037
664512
881073
388509
31447
277150
3704
265226
776666
328270
650694
282659
658557
188989
740594
470585
529209
215824
734986
208931
931961
372596
60306
771683
618669
111427
338604
763159
527934
300623
909395
416025
412380
793039
829505
643507
730098
635748
673777
157826
390715
66694
997695
55974
205870
523792
55339
129699
923413
719780
544508
584023
601148
924924
400897
960920
329220
332366
32307
906665
89751
957787
272566
806809
591670
26581
716926
429881
904173
27435
864334
463288
369256
986354
700828
85021
203616
905073
301969
355615
457262
237961
611372
225828
913472
958527
809094
919316
119657
633768
859888
218650
710674
228464
597816
692983
439310
77702
125515
988930
250380
710568
920500
358400
738789
385734
525507
571356
578646
915989
365064
428611
908039
290547
546943
49950
76169
572338
785030
263149
662431
735748
552456
827197
345075
993985
704254
28998
978410
296599
637836
163
3473
696014
526727
515118
849462
514550
643606
917111
989972
447024
159222
161505
234022
709655
360727
588570
594204
322569
725988
198261
173227
393685
699616
109094
539327
732739
252011
240729
533260
112186
410661
869679
724994
986898
607849
557718
751647
409591
102842
944387
861278
586294
918140
397327
570253
350567
870489
394283
331836
986039
906884
184322
814673
334673
243610
695082
373113
313577
906788
567941
68089
510885
987641
975802
622178
559144
177281
176844
513187
527292
715732
151060
346360
976986
284544
955615
829377
293337
261738
173990
7981
451570
951756
94182
944341
345260
845724
153500
368101
610920
208845
693599
838261
171019
779438
901209
106166
890051
96177
544163
800903
78392
371591
228476
420263
383761
328294
991206
805957
858336
629612
780190
252724
63019
414173
191926
948858
546648
964872
421200
295112
781492
241097
721977
932227
634912
880807
942431
298624
776728
747037
31089
17231
290145
800822
517458
517806
857103
299921
318009
787743
759344
604741
514088
64916
639449
463133
155078
955014
723082
193988
109083
948644
879104
452604
894568
805801
489432
809864
187617
359430
735259
585578
129992
472191
174378
49671
693479
748754
910407
410470
276074
703121
456125
674071
704342
379985
848814
350832
268330
126971
321335
439411
744209
819903
967553
248459
785600
641769
264103
296885
2482
279116
42559
221500
744894
594138
804871
21724
586385
562262
876782
281352
432846
291872
742652
389448
113983
38831
258782
763898
726838
676958
601490
194552
148164
220829
218731
800474
751701
152776
690498
478930
855590
943316
555193
279414
135589
986533
584237
795291
356
184190
893048
969564
827705
361168
953055
852922
557556
866931
904607
956509
209149
240050
877071
303737
719306
404736
508850
656972
214011
274953
711899
13187
133586
629284
40061
305021
231250
745508
85518
425767
250163
889230
834520
630214
665150
966757
403228
57107
993611
572768
821539
152512
396181
282557
422818
303961
655031
974446
483529
409862
776198
723058
468712
145196
942922
290751
314750
33204
179225
623451
785184
7523
312146
562250
7811
172648
936819
744802
580966
567669
245656
854586
676062
696709
341585
325441
406399
609659
274142
417835
539236
357035
207625
83525
870620
375666
188960
889322
416113
21503
132494
133262
403542
737141
462549
996343
892524
717417
524843
652556
408241
479110
133038
875526
459782
605968
820868
913923
683995
471621
246547
381817
339001
123935
229722
638215
758955
755127
739690
932455
513098
358084
403141
335104
234660
334272
275857
192664
444744
497771
750393
376039
317425
261737
393825
750855
118605
353158
466499
205895
456296
648090
406699
557406
342586
731400
683851
242428
106761
555168
415868
443516
462268
87908
240018
661942
887486
849384
914266
782514
998475
947538
403571
564791
883290
398273
821382
534401
826343
887371
430819
855568
755676
882718
376249
368605
642011
269831
920626
482664
743659
985745
451305
818284
42172
295174
37833
362164
729048
796433
358915
287687
376041
848003
251179
864447
850721
813556
872816
766136
226313
632258
318582
548643
408234
127413
450322
206970
491410
856131
152481
855950
830979
641902
328645
15420
797694
322187
686781
13694
26279
803231
514016
895517
949269
661154
345974
227333
620088
224677
843955
937201
768295
40783
614609
865413
343366
55683
645833
953658
625873
327774
60397
712563
632775
741852
699749
666095
112309
677210
320900
655192
502493
554038
89222
163384
909636
823826
624488
890059
128341
702456
130660
483375
497141
677143
413768
729975
731044
288172
111538
661600
758284
88828
331178
285723
618858
963645
452636
582985
890326
209556
657904
988741
461680
602681
903944
950490
38249
908088
44693
858069
285867
153360
540310
277750
2150
887806
646063
187392
532024
457748
602018
394352
217976
372994
318060
451978
445472
556854
26558
992206
917972
744736
835862
715978
294739
706830
100730
344521
266553
29943
44945
442729
161902
110867
558814
135498
719983
417959
604058
250595
522935
888671
895148
741422
512649
495059
344455
513155
137181
52844
873632
844483
416229
84960
325003
331243
233402
352920
649777
102984
991592
189683
255344
174537
372883
283748
831311
301488
12804
231543
514460
173347
21716
311537
822565
170143
934003
35732
516559
807116
695445
348161
619542
300203
690747
600504
238241
277099
257177
351292
180737
187547
443625
573138
236038
30523
186636
479207
532990
433643
83608
211281
732171
243909
636994
479726
981984
276038
923113
694761
630040
274663
424765
255707
854450
777354
522570
990221
331309
327952
411493
785500
399996
427527
710193
457525
664166
906945
698702
446464
986302
569152
503264
545946
691065
939341
332279
436090
422257
551
806560
750389
749109
887961
234567
527132
73930
238756
172295
665603
303491
434140
213456
672093
24568
629199
198068
209027
482342
791711
855310
284499
521123
619121
287311
30325
444540
149566
448679
681145
814061
878087
514316
30492
748860
35109
560553
310314
511730
362302
26918
983869
918775
826836
534224
301603
981321
297911
980582
15773
528472
894683
548479
515524
326594
362436
35418
503367
766566
827485
427972
377039
495207
505129
733792
842883
13631
766225
261782
528999
311869
146715
441883
875679
329501
1660
405464
191890
541058
485892
419322
32682
545362
346871
557781
238967
382382
935356
973429
329843
555084
61679
206787
165600
746868
234897
176465
253774
164051
479327
235330
311993
207039
883968
807577
903630
187720
577559
465948
140942
750647
56633
122148
359820
737062
890232
949764
656848
865275
271262
221588
373022
795907
255029
114905
374992
264551
963267
84434
103392
5517
402324
973986
213698
634445
920047
98453
813486
57166
903594
881296
571899
865405
140378
371802
850855
803113
652706
389441
490355
216958
585196
932650
10859
181789
562422
91833
775044
441748
689284
464025
304350
792767
194676
710696
33256
129018
913198
326466
869026
547521
606393
125865
199550
399655
555243
276366
820448
774255
364793
72958
218757
170763
357612
623468
806719
841071
983413
342103
368350
782928
265047
657431
680939
944830
214338
702282
39502
415707
298752
379029
228687
265655
885512
48473
734329
890122
935793
841268
163482
489548
694080
278001
529640
955957
330210
860109
27390
303244
328437
276135
213699
194606
723968
379779
803755
945246
871683
518138
598295
164675
898602
310338
171224
554562
233115
604054
424145
630328
147374
828546
144314
940372
537660
215245
271361
297488
419216
685506
979147
508682
643771
955229
670808
405763
412868
257743
816196
209011
295868
919150
303785
863814
508334
533565
846818
918455
999669
901843
855723
634184
120489
86698
277732
608667
981553
46598
551412
887600
255228
884287
60298
604348
222603
756717
808191
651874
767846
382640
158167
716560
375598
774297
577447
452281
308882
917369
230032
300970
671388
566660
888105
152332
938211
53344
879931
155701
989091
40976
820645
391274
26025
924728
664480
201909
845928
674060
166941
168159
730474
783321
961547
901899
308576
83824
91189
522287
255834
750570
245383
82223
640850
187805
714865
352280
147426
761178
580388
817654
50646
478623
168825
570706
109468
417760
414897
421835
740376
157229
622231
299279
938580
913535
662978
634807
525333
105509
887158
412733
97032
225606
127466
896282
820187
211858
25765
584000
552041
631178
150914
922801
431501
209320
24274
361851
394904
540523
85792
14352
863965
653443
313295
32710
41001
26390
870176
679207
892816
907629
158096
191222
145826
757439
855582
200191
871357
923095
911594
743897
680956
121956
262905
180924
766605
24541
581205
102713
812897
42383
436626
200986
712572
786308
893163
501398
172460
210450
961930
311025
4950
672189
691686
44270
486379
657738
273863
598002
122362
384161
803045
289655
123552
199069
430958
257833
998746
454580
180199
262752
233339
379006
217130
592955
519737
169892
559437
40917
232289
116710
908899
575719
752939
424840
171676
719418
450984
455194
482120
916359
518807
849891
54649
869805
187096
693161
15493
311437
467384
608544
932714
709573
539178
167277
666829
248392
558935
763093
339419
215895
159756
27079
377168
894622
400786
416962
495830
761069
692955
727716
781381
616849
646936
755857
791689
989711
807208
543484
444449
74556
373610
890261
684292
640252
421363
866383
989214
420885
708379
957068
607224
786479
111346
966568
405429
121642
907857
516191
917944
249180
269898
358748
759331
992614
890113
696415
689595
488497
296596
734025
395879
801162
526582
658951
287191
337368
480217
975961
483906
963190
765449
751998
920647
258545
667350
738750
77493
334303
338410
249107
821158
364378
35129
174645
290182
956440
624085
781249
114417
823464
510369
827589
715962
275723
269854
863914
277129
269549
48033
649727
202524
840511
892837
117854
57326
308530
776893
521277
186676
427985
34530
270611
733572
619451
490410
940772
831057
874748
94746
308459
195793
328968
71634
94372
814271
169619
303654
591283
761340
984016
219982
473332
33617
782595
847027
346400
403343
824709
346729
802904
731992
189780
294268
99921
40566
204692
365091
451229
214568
927654
301970
521810
711934
217380
693547
689433
310810
395254
268820
68437
743446
729172
802467
239469
540228
594456
952950
201656
443024
823102
150240
945988
667842
12028
362238
701507
906720
483256
238311
781075
450480
449515
467841
266281
5211
103568
78001
6425
160302
519816
997738
613188
692345
516365
175463
690974
612058
220369
632051
94298
281044
463474
733029
574133
871064
150876
409066
365340
796326
312956
887611
181243
212877
795549
223533
858595
62606
722400
328999
596567
995551
431452
174125
40628
449803
813584
333915
490106
353910
655809
421806
956411
102207
390901
638717
618014
747006
108170
856005
915728
432428
903603
647905
685001
48994
287056
700696
208886
757562
71658
459025
682120
464402
228616
208865
982041
545583
743728
261381
926902
337789
972413
901483
623821
212597
824601
278507
571892
765527
558360
139347
219475
641879
435378
915103
357104
691796
68250
890568
673686
191299
591359
926451
751456
785770
263710
975626
628775
720457
882114
900968
500870
189395
445594
625710
16902
502041
357877
473779
55467
505224
849692
336344
538970
187977
212747
921720
123685
94214
139790
940286
192757
744589
826997
265938
814035
364684
926260
631724
518995
340412
9497
589321
209053
792987
344234
480634
861657
586065
956250
707865
521014
143924
664872
779991
700951
103591
775637
395505
990108
83485
271232
716929
706312
130876
907167
266225
187924
430172
711196
494986
651279
665902
78793
924394
740144
477817
437506
80596
13050
303744
281182
18146
200458
424704
190609
437205
110208
364693
898977
6413
61576
286204
992067
243348
790660
807027
21458
724564
947224
477437
314091
391401
124753
332418
39207
841553
793202
437395
246
587392
449437
764234
244693
179088
844891
198991
413931
373974
415432
162488
902342
892816
664286
59016
625197
950778
25180
221912
451105
683135
902034
118420
691381
640525
171468
816924
423111
894529
786073
352330
666266
439234
967350
461779
176977
911146
56860
347078
443722
434846
314339
934194
142293
812542
654865
239077
300880
385016
675844
69774
443296
856567
238327
154884
500366
413561
617204
82912
241275
777407
884630
991300
165762
698525
285754
906687
937512
929649
996866
661257
508098
976688
814725
57832
684004
405852
863063
30966
13121
984082
626416
799673
442020
541439
206715
707058
118666
729203
414397
694961
706265
182286
709152
433829
557825
662166
628636
128562
606446
601323
715329
367995
944295
431250
634787
822015
57478
115949
304481
484447
205588
571083
495380
580669
64449
37020
536529
15745
527100
534717
407260
530165
780533
832562
394217
173072
150829
672433
553551
408080
955958
760923
695244
481920
348045
823878
608431
961625
389264
123317
813990
206789
367261
853161
647716
202943
244553
744208
669870
234581
190266
581404
718083
187983
905506
237423
940198
3946
114136
641330
709449
331965
730836
299013
765592
151677
264519
539280
262559
599324
906197
133816
161752
764044
124912
504814
228885
238433
311570
259361
949894
993876
414999
646932
45608
768035
202548
818186
369227
725846
712280
808221
69374
527453
545501
328110
996504
131926
424299
821430
366629
105770
10858
951675
8172
767831
443425
388127
257178
751880
399216
15507
145421
889184
575718
2984
806590
379029
305856
625030
74635
48953
615999
178229
863520
719957
655653
669016
96002
534638
200779
258875
556087
980137
114594
553409
374166
422154
192132
324672
221927
238680
306102
532904
668150
708765
497533
98974
803897
244553
699929
392871
40283
445942
482914
742975
85284
535623
830014
399178
755783
673833
965437
520546
124297
649339
9553
462991
852233
631818
949805
520660
576560
564085
523384
118886
936885
232944
509998
170936
868621
696611
139924
900209
384174
625522
33301
833023
214015
45336
162110
139461
498590
483948
180883
822256
208461
673094
678156
948071
398266
374651
593903
994720
868329
260035
942539
856912
721792
641532
240398
452027
865198
962248
511172
405481
26681
984081
977260
769017
928996
635372
334969
984719
474617
188251
38946
316648
274872
547565
896294
262735
445916
537216
579424
109865
828294
176167
50498
365034
217417
460454
659441
857258
186897
903322
484157
850
362928
679158
855227
160880
621895
70439
407617
754539
243149
639001
91262
442768
383679
685907
502900
31434
954532
210558
198226
853360
418108
586563
903026
876281
612100
279953
252011
237131
163369
869502
928788
625264
27079
615621
246230
989354
416796
334318
668973
724253
535950
71179
72059
133674
883797
226334
783369
712157
877766
384024
331738
475516
967869
134332
3694
637504
804391
881186
473040
621856
442217
602520
156828
864136
562673
668131
405841
851945
406935
826403
333646
225193
456815
397140
811565
401915
240173
918961
101113
298890
49397
33715
733197
876368
303487
133815
993802
146499
263012
618045
844788
1774
831687
253644
439978
924637
864739
750900
239168
893105
882668
623275
370554
306964
760996
333081
112680
946567
872958
709359
159321
456151
908071
158066
352317
31151
219829
423190
378715
125830
870319
854533
855595
680121
535607
936063
388817
979379
331728
123739
834358
611400
390608
776043
140741
170849
439971
713597
365439
7314
227129
662526
27196
539976
286413
724410
640447
483806
786771
796734
319860
916686
491070
461151
918280
161988
300395
939539
541989
653006
920045
512700
134921
671024
751286
574597
815170
697941
935134
88997
92040
723743
592403
936385
698294
920159
424606
529966
996263
42784
804813
249108
143017
576734
8323
79406
744481
419412
699608
349165
881659
811763
392046
48764
721611
623023
842577
331295
438213
748402
238602
994357
746005
905204
898881
546652
446044
254370
81036
522867
963017
930427
28184
668474
912271
299898
150066
732758
164168
921582
36211
424498
526502
594085
917574
988415
413009
147206
341655
778715
771107
137214
41178
17680
892860
626003
164853
246643
325826
612564
867403
972205
860664
36529
250086
276246
524026
801767
168513
820157
459219
8468
545903
480900
285563
162408
385322
186856
295792
236476
330812
757919
428271
733885
767427
539802
193999
329280
953061
747498
827067
906106
680913
614462
489674
952519
475565
679178
193725
732584
826465
521412
658516
415114
250880
818696
102221
696001
100430
967580
540986
352788
280050
717005
146429
754993
108857
757048
804771
723521
897348
438885
220955
363414
426320
165325
720658
299137
989216
86332
651948
703041
916233
388945
634528
655702
467482
736291
64688
719475
159205
679166
297092
558225
377198
434763
928354
376928
640432
342925
412236
671384
303174
580936
123575
81390
704253
873276
351907
416483
124979
589327
347675
370358
307627
63944
939403
205434
62385
721911
986489
90562
726436
583027
271074
101368
849253
972860
737650
796173
222619
7038
883358
969291
367584
382199
689250
368646
822091
824111
205586
962032
283610
189222
524447
522700
692028
564429
795369
444091
362681
984042
102523
258162
22527
591902
935272
946061
533130
16643
682623
740604
3118
143983
487469
955803
374916
97878
921200
484640
385583
287244
491828
223854
717642
370343
9356
321990
437296
148674
308302
815645
847207
422110
204299
245064
598761
724836
938537
369940
372241
280966
718495
428338
949407
215939
147405
174287
61032
14089
357686
686978
631261
394676
476891
890847
596725
806261
38453
512360
844410
430414
450062
364003
360941
739641
407100
449991
420503
863848
528827
858192
842350
435432
191526
363122
170272
519583
879378
700842
887870
419700
711943
838127
306888
378125
419228
87240
775057
874355
344046
786999
874703
356819
100476
484819
176065
30366
421730
625267
238525
390607
729072
648838
688789
512908
130407
257152
833573
457766
163408
206383
682748
78651
338552
58668
325413
73403
744203
380460
871889
40903
663948
87926
533538
52725
21614
955311
739606
186672
941842
190161
768270
510333
204382
605946
625659
837464
765110
208673
101924
744573
116954
553187
959061
9986
817116
168891
483304
401185
3068
857041
505065
571092
61666
96873
757288
593049
793590
827324
457056
970325
535839
621732
124543
455701
104535
97200
797330
17327
211240
908887
435663
762311
17350
674634
118078
382829
198855
78818
468740
794916
136003
884473
517517
887550
668548
691796
571221
477922
682666
951229
907860
134448
72606
828528
966020
861627
728625
911979
718288
326453
545360
201768
913754
73897
562022
989415
44713
751777
984974
450212
319726
56039
454003
457449
95153
443113
753223
45436
136221
650486
503580
428472
31460
724132
749922
536377
189520
667220
263102
20273
106088
281934
496771
738584
52795
865158
157391
832
937228
309120
284293
823366
851929
25551
441186
968420
492170
791161
147582
656804
131827
184694
963233
276719
130758
781143
173056
657028
39768
25092
596691
437508
480078
93662
432148
887209
545828
346307
298389
175831
916441
542895
506430
81291
405627
846399
308643
405936
811274
366417
581822
639184
897292
515784
867790
311079
624109
227244
421579
636180
834320
737838
437636
381161
300406
113609
505687
187105
597385
214147
74764
231153
65094
846354
495887
764215
562374
944092
786953
199311
613351
783447
859674
842949
719643
857104
392885
434148
738637
831495
748119
849773
751147
832694
442405
115043
291028
968050
749281
189891
14816
524395
637192
379090
763078
631374
38156
335950
729838
147209
768361
138246
163796
394670
393638
267590
487317
643249
766315
142122
730074
290764
814393
463315
584222
81602
64969
536312
401117
9535
99269
296532
510299
526622
920989
882237
707533
811525
872136
169749
761768
493419
605848
422425
220869
817018
96759
275863
719726
610512
366659
243516
527560
648927
428356
790411
110812
110387
482950
384746
368708
353684
461336
398359
340910
589185
329631
633271
941392
854493
525527
100495
766248
208102
359976
204300
682734
816223
183457
678908
511450
34448
430611
506527
257803
705380
818636
630680
394075
584176
277039
874622
340988
13715
293741
678224
930446
988664
996002
560069
566785
622392
140174
729088
563554
852125
571822
876322
390980
676097
810550
41722
623436
473942
496366
937239
292312
566015
188070
204991
730060
334746
670935
785336
874811
907233
97880
84675
25519
789286
748729
408680
852438
814140
767552
547884
914057
93172
49086
302304
309177
245573
496524
859604
783160
221445
4775
437416
141282
569044
895718
906562
79078
178584
910100
974619
248565
477090
492590
933556
800709
586863
525434
515175
607682
293835
490690
661720
134098
227984
276396
244170
825219
52493
126263
569422
288404
841474
734676
674902
968669
680327
179614
747495
43355
160523
848184
964973
637916
766266
679426
378856
850819
310008
425655
438980
885049
857675
532582
584711
325296
295445
642571
281892
977749
324094
537802
784684
147026
186352
814215
817252
306749
452860
991652
170225
329056
357274
188632
887280
282789
74125
8041
298402
328414
49381
374214
3333
47599
468638
321859
214398
181145
5990
422897
994225
224611
230844
759961
914483
905894
761844
17301
445271
424566
586583
726028
907237
885417
302759
221384
981289
420101
517631
932534
146919
903050
264345
875193
713580
583064
962410
930475
848959
86910
32936
127409
436407
717153
167787
864697
555302
303238
471921
217811
264371
477628
85052
288745
336517
430121
907926
960028
2331
207727
788405
551549
256633
833082
952249
212837
615293
831785
672017
435954
447184
829526
381758
375262
656632
18436
324656
339517
750345
486244
131660
96211
224764
311492
881615
315407
819864
553684
387916
675944
603148
381527
167569
990291
523486
793763
38504
971998
562942
363348
491001
270124
382452
371859
88589
396750
215161
490814
777133
303546
923617
306805
941033
102058
726901
915776
742324
893587
53279
955360
781804
734784
236414
969009
801848
980747
57242
465080
402251
391032
862961
397839
502469
426990
439472
465898
767736
930579
971133
963909
317831
498371
845041
698860
210475
439980
719395
113830
23887
400776
916575
94527
28763
509816
868854
186993
819215
251130
798959
875886
188229
34247
843739
875789
850456
689804
337734
264910
782756
265154
290250
588300
710307
802412
623165
199294
112758
991405
78410
968233
675653
297859
335069
875494
55037
48548
477688
977675
607672
48115
520611
795193
335995
813151
283648
409218
791640
619160
915964
774516
586676
675119
422050
100423
493475
454666
343370
1374
72175
325184
232366
323837
711096
619927
542364
525768
417333
619991
64328
630580
900888
435594
243001
141389
911696
359955
347748
495842
473000
723817
974102
204624
202125
969198
494282
658730
332972
703856
151898
249858
663674
865979
68115
582999
792525
324504
518753
344218
473384
793191
613929
493854
157780
922452
748406
275101
559081
684473
284426
196129
406188
745360
645462
323798
452370
564115
29702
123753
217251
879538
985395
737820
345530
445872
631484
651049
965160
402523
765295
544592
657977
847334
604896
383
650830
186981
733532
859037
236713
183268
147064
459060
184200
191011
40898
132729
299560
957234
661721
360376
102506
241445
877081
845152
22099
882933
109294
81257
791854
846707
671754
616094
253452
935145
784369
103370
332012
646671
769777
85123
205237
513959
406448
845326
214880
45686
808669
442029
319410
954207
241672
598476
206119
250781
679502
42308
956459
877596
56685
455433
735297
382709
801974
361079
651206
421253
722592
477684
505552
255464
805688
534017
751793
305431
842934
62754
474711
568668
580780
30760
930261
615469
308440
717656
141372
619757
76504
988538
94883
550458
971325
898623
71687
475892
289463
155471
820235
392076
502448
326895
212896
982852
960374
852876
66367
151432
558288
317414
664979
851305
204209
447644
274933
506802
433354
74000
922703
913897
913658
195382
643106
781540
47521
764030
790242
715332
601362
180636
168574
177171
638823
308912
424510
553142
22638
934679
469766
440079
620096
58702
191991
73777
22130
974781
693429
766848
763941
898088
328579
769061
301561
350061
668873
158252
826270
648251
187704
506170
928970
198096
448260
656558
263943
518252
394832
513746
946724
210135
277160
597566
440331
794828
909415
843017
325555
815809
979257
380589
573740
522452
683963
210294
102999
236819
374527
692135
25208
929576
965035
877545
463012
877471
380225
644912
477141
815830
471225
432813
831772
212224
431498
69673
721077
112981
939399
778757
273206
348442
710246
237067
527330
376520
65821
618096
127578
154652
330469
209705
199091
120250
470049
409574
713699
667263
610135
930927
411540
19170
451612
811418
767067
318725
419663
717478
552642
122718
255803
311544
276161
183229
297568
458479
435084
712889
313740
796518
742918
96507
123938
995717
678291
356262
893180
628740
879050
604386
835117
491646
145034
440132
396127
968493
160996
218331
762267
950856
275062
522266
509736
16310
523671
639517
207370
62573
657710
552025
45355
172332
742365
392165
674328
110545
239707
570271
190946
5976
127200
444540
424933
845616
517497
381168
987429
313275
517563
169206
982419
308899
361172
767933
970032
321428
169981
740207
835209
765593
33227
940062
927840
514263
531173
498125
94635
410912
186512
449241
478902
4917
926950
822531
148643
966555
570278
462747
959506
655896
16740
915721
500955
810826
30369
768315
706040
171557
113269
943846
69440
249351
970089
6779
921486
463162
52833
963753
866624
310149
480438
944392
537819
667439
357730
576809
846668
15697
891924
327543
944329
134423
287652
815881
625110
622995
531105
132552
467108
615037
337477
977272
958356
438027
95434
107748
910169
451433
713750
799146
751419
758166
381009
598560
371127
216666
402391
554914
241028
536551
808201
241210
321584
820300
305726
823146
398249
594512
957847
74200
837080
345073
558832
438295
164392
337209
36787
930190
205797
949753
433606
182791
726399
830117
784484
974934
908269
811724
801162
837860
756398
951986
289031
618967
264234
267275
31734
966367
993975
625302
416649
738336
405625
550996
788091
851767
522081
399012
209831
715691
923285
586685
46903
87282
173872
181959
226357
354141
210272
738198
339389
223392
832174
40068
19859
317954
558235
542505
207505
814941
69413
870074
176121
733331
861737
919547
197481
724622
154146
834978
772332
250417
229519
177354
91820
114016
481587
565648
877894
598120
239478
783054
631030
62797
892521
294002
738993
888111
585383
684794
795410
442072
146519
258382
3500
216676
587725
782713
354302
792653
567440
553157
133188
201107
110006
592307
335786
860420
444076
662164
657180
151533
811346
12551
983096
225757
291075
130000
288421
752338
276530
357584
254397
758787
952559
850599
296806
407497
659017
480995
471806
11563
529038
526627
111284
87749
329646
437324
622964
398035
592190
72295
137978
857119
495960
669206
625032
33221
266463
561009
832498
665312
97120
216514
296279
993235
657812
542680
624106
849334
828098
389580
863214
576218
954881
786190
584064
151099
394843
187882
72910
864897
290766
494429
834726
294131
701612
249742
568105
351033
36002
685675
888222
68876
486741
988065
962210
991676
785000
574135
673341
132317
881562
610888
314897
200527
709389
230043
302252
275113
455009
134561
535740
234178
797183
158218
703586
545179
224434
375044
378783
69804
834799
643153
457963
955017
912757
393603
375652
566641
368783
450199
641955
751155
112119
879084
407979
72702
737749
802910
325115
935043
427428
750403
914819
484553
604406
510657
339763
355341
12814
939211
366
261907
609387
964918
424733
880141
345252
719100
135649
313959
303342
85452
455328
906157
32891
65547
660992
842202
305405
295915
458354
102334
192329
771110
680550
561290
130454
445464
619804
817787
365156
181431
4955
175649
107705
228912
246138
585035
796998
648478
902939
895186
554473
877993
974072
603582
206668
510777
457429
445592
955754
483222
796181
658829
76722
377054
415209
353531
855876
399329
40163
451675
793368
389789
410025
102796
689022
274193
230980
413304
833791
873472
240856
239845
912611
5060
62830
19162
448268
310091
55981
415019
509632
591987
978600
931299
663172
539070
418065
782414
742243
122290
271818
159392
966862
626000
507100
854341
562909
103470
81856
492102
215220
352627
969179
892949
610368
714607
549832
742709
43745
72917
254861
91016
913826
912853
840302
506359
214371
302554
792480
454456
484184
635101
91030
354047
675114
434916
575160
175043
584635
411547
765682
38379
825927
477645
485353
86101
160870
838335
564295
802243
277293
988713
40695
121699
582325
809170
389229
296506
677363
980615
273180
40236
205958
311671
75211
188330
387088
771182
253314
929720
610427
285292
355870
812954
351773
274402
951492
568346
897078
71752
444466
20153
589462
464606
153137
578864
619292
932157
111335
951969
885337
154712
404681
571167
442514
442836
576813
84438
894628
812546
700093
933977
925506
13173
849608
569287
860954
994949
932402
95192
215574
319070
310924
697929
108479
618693
888766
844130
436667
703977
88673
327457
888119
2594
492585
428869
532384
598152
847871
398072
101770
859506
91885
269273
682932
582666
571251
911718
384739
875018
546550
226435
135786
641621
694168
116585
551243
697908
402467
399406
835256
555819
90846
941868
382130
113592
324290
30609
811411
632551
187847
769027
701799
481365
130007
758765
866164
803583
289188
919467
533978
217093
871829
782158
498261
591233
572763
332940
726368
900606
280802
681735
996788
564695
832612
460216
334447
565806
342423
880312
734671
40069
660359
220331
196445
323452
83134
280329
876902
53864
533279
761866
696996
540876
544146
58478
60156
23222
720473
275238
374177
738168
129217
613538
325014
681730
204853
717560
189968
457945
5933
962798
733817
788918
218755
878564
188369
906045
871078
305761
613935
683992
272935
661112
593382
706480
61745
734166
484483
98120
45718
781803
26994
670517
816772
262643
393983
810110
253462
150688
756346
604940
956743
601702
649781
601742
465985
475426
48487
149868
938643
342568
497395
691045
599554
199079
539970
555975
635190
53371
37260
566794
272725
775504
271798
280650
349165
308525
549142
736160
615243
837220
704722
949851
602985
849941
188326
749920
405059
921434
405636
82587
497866
503826
794709
240673
834994
520717
490974
527652
972006
731921
563966
120402
582299
413959
967763
337546
366594
925765
681021
164795
636311
426105
297274
459675
860631
769006
147185
293058
758414
726270
912970
664353
847758
78741
244794
204001
128060
528669
888412
174172
959812
459852
526715
311154
659692
924614
480620
783625
269894
88175
749848
706213
45632
740945
534360
188384
926165
913767
633337
152646
212454
942212
418462
499983
546083
616803
820421
26106
509731
680140
737634
366018
284116
840095
549671
988863
538572
415552
257445
708700
938814
290143
286540
966961
180232
242018
241038
438333
44136
738802
822946
376193
329103
986911
379429
219259
789454
561713
566811
478590
985453
69324
362322
817066
559067
857982
861671
20878
982911
822121
34
84951
45868
721352
840829
10482
896372
997599
958722
637958
469268
955523
587538
137415
382540
956547
713857
940089
63698
13362
447583
874562
955356
948562
678930
582889
262043
237855
861535
266161
730376
345653
564231
651916
191254
244254
856718
634622
999687
808316
874327
637967
325339
967439
884842
828780
313891
301988
797656
138140
551603
843355
201526
69594
253301
535059
888964
789971
762971
363188
482482
512637
77420
60696
137720
595217
306304
890327
298851
756967
746823
644589
907376
305581
174979
34186
81297
569988
545686
126135
513164
246520
261877
36704
853891
957785
481148
838082
723406
10618
92060
567474
711940
701382
489391
948935
463897
146362
74220
224485
549601
231618
94966
753447
932723
635380
584335
382888
71913
677987
110505
680750
443587
661921
333725
387060
140395
851925
510901
222675
301203
901493
384035
54028
492218
885151
486933
232436
442318
172506
135712
613820
279084
355556
277593
143836
226627
27383
686083
48284
364502
101981
475874
517183
438815
382700
840622
450828
553041
744289
282083
510202
761911
233109
511733
55735
613048
702686
492001
453717
324283
170949
148383
429906
167655
191967
742580
159554
852227
147146
417187
209243
863165
303622
199683
451037
105158
667885
508076
305756
462170
386128
701579
233643
774045
855920
847126
787239
148513
554646
662745
436893
88772
671823
892654
671769
699447
66824
481930
528780
915545
854978
787700
155929
165185
618545
379986
566268
986587
811767
930588
535703
664105
411320
322353
109595
621355
253593
858888
22607
755034
615450
942719
610112
609742
594574
904399
457029
612159
45939
76705
919470
277224
913394
144441
465929
106247
30388
837201
528
120833
357662
898817
601650
103139
245995
771801
436092
713860
549221
157521
949092
644550
292032
713432
12850
454715
947219
932104
901004
163172
389043
813435
36764
102100
116526
14775
582112
688243
975201
574340
966157
515934
459959
611487
406177
568172
513278
828167
903364
323980
451559
475124
293530
287946
322266
661223
762600
958384
708340
338972
125600
306633
49758
770461
128138
217345
132363
141489
115793
967976
591054
584113
807144
707285
750741
415738
211479
400167
125894
246590
297702
453095
301364
674485
44964
342729
967486
796530
239124
345745
208452
198736
780085
817683
767047
721035
95981
53714
512220
836138
780561
66826
801805
868634
455251
496778
805644
563031
750857
403192
619157
814979
454742
217528
959647
496601
31671
441768
262910
589371
662700
744707
406680
48999
436928
876709
522689
908232
116023
264557
635062
137961
306132
821182
558643
773316
405764
641632
81585
493497
824554
570053
491968
94106
753032
266853
377788
951971
643463
879242
845807
708167
389923
280936
215875
658405
466805
986276
753762
538521
666974
411573
498924
873007
48269
102888
399444
49715
477934
692605
2776
488676
409200
44207
304538
420231
922416
74449
944160
999383
826631
33748
390629
71001
185261
898661
526809
65806
690568
380787
767612
343362
131413
910094
963538
838978
193202
518827
35076
781611
258565
912708
551315
16220
317005
543452
816825
75597
229187
456608
512606
254009
740524
8745
138228
434807
144766
910879
477039
600551
673900
801527
42660
212295
422352
943004
611133
537445
429172
9452
318935
523695
166781
698137
875256
344870
917621
340016
432752
172401
8756
382134
723787
48398
235817
428398
933935
649827
46474
726456
738969
658419
602710
215380
698991
926764
115651
666883
869121
933660
506826
375502
792480
238084
398155
694176
15707
465861
827997
735118
103379
835447
189558
43191
73786
522777
961716
581575
457836
33762
451078
724885
667049
942326
448378
513388
822063
965428
444579
1255
554736
861868
521446
925686
64949
541550
293793
347901
167759
604734
279353
253467
986805
32867
66367
667592
726527
584606
229439
721239
996606
58360
680228
987803
562294
491380
197387
22182
472569
991972
61858
30188
165216
425496
116733
797831
769065
103409
621493
155860
962344
137683
321341
70586
279595
58361
548482
108683
426287
799330
635454
613890
694968
959465
577818
530988
17937
207410
305406
962532
33056
283584
565750
52407
753445
428388
639362
335590
834575
583056
961722
963017
314619
712778
285084
905360
576010
439484
722740
693029
931997
248488
891942
375213
126704
757624
148891
942190
94992
588083
732102
433355
371514
907340
695506
341866
901970
448085
371690
556854
435901
38289
809444
244096
358683
63142
534347
498240
529572
784881
858695
296634
355422
868084
318891
457660
181752
620394
334363
3076
29894
22908
749464
146622
47386
837260
356266
909674
315195
940142
427817
324892
577733
840566
329831
599709
948829
123116
57341
5615
493390
606620
277681
358830
570181
525386
674241
342482
723813
733315
892303
717009
288392
779471
298152
236769
177939
335619
927794
558235
542645
370035
309554
513083
518268
257284
862520
234884
567252
869086
248551
274177
946460
212289
16869
314021
73702
870319
580251
678036
792971
545287
349609
902715
602473
487154
117354
337370
118139
725878
239135
936738
771347
925160
798714
356024
346742
861118
596105
37913
478164
496003
47549
122649
996834
826915
553431
222724
305558
245414
836974
828197
284479
260986
864031
546596
353534
441896
455377
281354
349924
946217
859811
856161
331050
803474
836341
826935
169671
704490
376720
256065
804722
89628
431347
281499
539956
464519
192891
755053
33192
337651
750189
448810
917842
583775
934563
851762
520346
310326
939282
486743
283108
560095
155060
121981
686797
533171
156502
717787
713027
255690
883072
189854
270593
928814
936700
823660
75622
996785
66629
726341
161329
536027
411853
121414
551259
444027
924075
463944
358801
138590
156064
965925
102157
482014
10436
626394
209744
934418
710802
778440
402302
616483
222989
65941
798933
152702
346637
540656
696459
971365
277225
279537
576068
932897
478658
237022
302701
977938
783146
877770
293624
407718
425584
85847
655412
94888
329
474589
820872
464944
658141
976739
374860
115833
27243
379530
939523
508879
792473
169482
87865
627303
103900
325395
961718
580105
419456
715157
565404
687976
331412
216155
345634
197458
605174
402706
324781
729794
513271
337832
27400
854867
916266
784912
486528
472527
513934
382690
604255
499174
921941
205150
928387
45626
68368
760273
70553
290775
744442
842128
764603
657600
511198
863009
934500
945700
151397
796602
3276
504624
484672
840609
381157
92670
278574
783154
734128
948395
272170
74879
467260
188166
711733
727505
654396
725987
701051
7117
547076
310352
605093
846450
557728
45727
878522
730687
184337
996258
893362
582578
954917
845237
86361
756330
133425
151349
354333
60590
188590
717583
408756
888454
902318
860275
84524
395463
592505
585894
978384
686893
754248
500599
637492
371488
259485
86409
517342
831705
23037
545999
317905
52446
331532
176215
376375
106281
442563
582077
198058
64231
344016
899392
152543
327324
519498
176049
817583
259299
587086
484103
362371
227667
441659
876496
398428
874558
710408
950018
576701
838035
882557
347632
664437
378531
604628
516120
552717
616192
810797
397081
56650
212609
911912
68801
370847
267875
624611
504068
353970
420234
864720
232010
478537
55077
644593
172447
659345
86767
337587
946126
394635
173585
192932
40775
80723
980900
170515
373181
101967
690517
8387
270989
158512
990114
678539
848792
59880
762113
408717
6769
127336
893599
557265
932978
879764
204101
294205
663273
358470
497431
789683
784112
630524
898039
346439
558810
973855
354630
223323
61833
551857
548106
677913
547741
620434
256939
160269
980359
230894
19416
511389
418235
501894
384711
232933
973188
513946
28569
640371
727089
247280
121243
535196
561005
533252
705641
69945
614957
618381
197037
448450
221570
151399
39109
73093
533262
76321
7043
354754
441619
868453
341454
764966
157671
225984
202917
765858
340420
793870
430084
803880
466748
391363
486239
231234
839753
250520
297099
816462
976706
698000
125756
951194
371114
671333
8809
379608
175459
129364
956172
904574
110016
120898
235717
927037
167544
369993
637406
697307
12597
756452
53865
657647
138572
751155
969926
22841
905672
175850
670209
401371
172319
267932
565976
5816
599494
517664
408089
588712
964576
722269
512490
160469
440913
177400
514915
44853
472946
908694
536597
353636
674269
405968
905902
935389
188711
518963
127284
998356
178733
951216
398063
821364
920263
683559
875684
490736
776090
579978
467195
665416
155466
330929
577282
853274
140236
344506
607690
709858
432921
206171
153071
521296
84606
695686
780406
22149
515024
281143
46799
738857
804030
409245
924089
219947
703295
786211
640068
693206
413930
392857
34354
138637
922788
527108
662839
501923
984307
292926
273440
74969
909233
177867
355600
296821
224285
79034
330596
586747
918348
773045
632952
860107
332669
171045
197507
35670
385609
284164
458654
316478
633721
901248
559458
920522
92850
331849
487598
44610
437515
569208
12104
245613
545343
355227
172123
690085
610238
699169
949790
797972
132126
942751
433110
295757
129902
347132
292913
845961
523691
194559
712275
758332
199372
218803
177199
678547
971896
486965
273995
173325
162456
630490
41573
335411
799302
78399
405492
140917
807524
860654
8391
546211
753994
705705
907210
24004
873687
697751
17448
877335
236584
447816
659274
722916
556135
408423
533372
404093
234683
33595
105329
858838
615325
373081
806557
542782
283083
722346
874496
436153
756245
361557
606851
503548
657620
910025
143739
404677
813178
445352
502090
211220
286213
847315
60580
522185
652814
223054
579823
17435
262334
776144
370884
95410
115551
471530
538707
212323
339472
920209
662243
56390
681107
205770
462518
901876
692033
90801
182026
188706
437789
611877
551612
107093
200773
380883
552264
743361
217540
352350
694315
620162
220357
569640
851817
385014
484322
276928
544427
80629
761883
820072
826304
890477
816035
273857
632580
116767
24723
886037
166366
490864
716866
459137
207587
602989
26412
534717
161432
573278
555982
727690
769044
300357
102292
910711
895300
343156
771818
140175
831368
474184
980655
437090
312443
863365
874952
759662
919953
805839
706833
659818
73753
467587
488301
970352
619105
200624
769150
893701
536888
521462
744624
849414
748729
251888
482800
745784
658689
840763
549195
77072
593585
777809
940916
264698
898977
75976
114502
213377
565467
398460
950628
887903
892655
483172
918438
315867
795187
883328
293214
741389
800091
986734
943494
193213
198576
628892
37703
415466
77104
685848
985448
452646
847939
853828
169297
22686
861845
42597
757115
281528
43860
799706
545143
863253
85128
597417
942743
566966
722441
450293
322749
405818
520930
945164
885694
590725
242113
520669
937010
162813
770519
158535
365467
592366
726546
635468
397103
933517
899188
872740
742147
730266
23440
725486
279062
522654
669729
636033
859704
109332
534151
919969
701141
248740
712671
917709
438818
845514
617789
735797
356899
673814
312905
166089
816150
261708
269811
321133
945984
563499
565524
921289
710737
832139
574051
435132
725046
908575
591376
467824
302076
314715
923520
477256
134428
670447
24422
793079
577575
999792
128699
603242
87439
720472
394841
119397
969679
393316
528377
167276
49464
560924
994887
750487
446809
937263
593695
573065
764299
182460
609319
587258
624790
373485
862601
618479
528963
581566
249611
365771
257344
594652
728204
806336
799017
5672
692573
175134
141241
821402
137849
77772
9612
885954
822883
891924
970192
887274
903771
815191
306888
183256
398268
988770
786556
367920
824309
738201
170817
338869
634146
980624
786912
800688
187590
309753
99494
132457
91047
628599
575432
129362
365382
303505
707248
887812
123642
776386
366248
10656
862632
289901
379362
563032
808993
95341
301857
845958
379928
893387
227720
366586
390526
118025
645117
615377
865532
481051
25786
112512
446796
297141
862896
934192
820917
575743
207512
3780
227425
344486
668695
408566
337436
24908
681228
299999
605099
966815
815866
768085
652295
225095
315405
15726
577973
145273
254283
934435
124995
658025
777112
515408
155745
505180
719973
931288
640281
349723
947895
985382
324204
923267
446224
567310
874187
685050
672252
821329
842927
497084
200697
503743
857045
394003
804739
494455
672153
106725
361084
461002
302894
263463
399029
255166
391672
445360
226012
310639
718470
834856
890818
230031
595055
848991
991366
744973
127944
48506
546851
954324
342079
923720
176468
233578
117783
287922
676896
454713
435520
647377
890565
488811
458002
529242
741829
435822
116902
272116
972743
900695
512913
298666
775020
992674
162238
676028
82352
972120
942183
479632
837432
487369
184624
875526
133566
786745
238496
710441
152021
493271
575356
7937
244059
170344
959042
800517
820667
834307
698239
505965
253084
363509
478669
91942
847850
415492
50733
811807
478015
55569
400893
271041
290349
624663
403029
667131
414314
400400
560580
792506
931353
883894
153378
87928
201073
77222
981842
900204
450060
442337
811479
653855
514830
404973
361039
398559
663664
725017
772239
90700
436648
65437
784541
596751
403511
50719
565956
615147
148686
110482
966424
966891
114718
936505
266694
711099
199675
696522
363031
393683
345516
227373
565633
754702
17297
101731
283626
353689
461233
927172
214970
421127
967904
374305
113243
654720
302025
274184
232656
215834
261982
803045
582063
116544
215129
718277
29372
795342
318957
768374
330084
724479
466830
854475
719507
10174
622042
341308
177458
690456
476450
604329
541440
240787
174041
212351
626508
453144
661016
646836
658061
246219
487500
929580
724510
769467
12285
74685
759960
790325
509179
657616
71566
53939
312167
143582
830559
340658
302875
731738
423804
853089
899447
79470
712183
45109
160713
160157
268419
433305
97304
792711
399182
210371
904014
177227
384632
532898
306943
790470
535022
117748
105754
337786
183720
488243
872043
553099
750843
673647
437130
722530
870747
769335
283364
493044
311793
436401
167907
804637
174805
23625
510141
967142
204904
258182
609046
926886
569169
541304
95955
919748
915922
199438
590908
89050
22662
591172
730317
817141
833209
477433
103642
678777
161572
827742
48476
403553
902787
435531
819483
685477
67733
677420
890810
473076
290736
514712
982362
829729
112894
561922
680876
288730
8920
651592
573783
324818
253053
218793
726978
609089
804718
608980
776446
650241
338794
161371
987027
464345
485569
994182
429350
51863
331864
325508
663044
40022
929656
751229
921741
753375
898962
728578
197247
651244
796627
936038
599966
968776
80352
639910
153469
973266
284911
505219
508844
577248
210945
685425
347071
754943
231487
285992
40694
811609
350960
698071
426894
711216
329813
466808
734371
199302
354
482110
12032
598623
704665
792108
146757
91422
516036
429375
673332
168461
265614
492299
578584
707896
93118
310500
884306
894264
322001
165555
5505
257869
9908
741224
266125
46245
442779
958798
516881
671673
811265
910138
992674
475223
472380
27421
898816
129722
711932
327033
259033
828629
908576
536368
492596
484783
310260
556920
558336
455527
799307
824555
297146
635417
554997
772027
360949
158937
960542
673027
707337
419292
968771
973304
905946
113719
775121
671038
307652
686399
40092
738711
756000
953679
951801
628662
1910
610343
525176
664818
131519
326577
817409
164822
297813
837344
103370
277269
327801
776369
373874
124635
642241
357908
362557
163582
910428
739555
634221
452819
366083
75856
725433
137437
495550
831902
982764
644833
574224
98054
345629
236117
895873
110266
773831
532022
900806
523077
412612
901625
799054
747601
55915
967833
121963
136707
967618
434575
244187
851777
578530
63392
182899
998803
544038
655760
665831
341543
254927
740468
680440
404142
272504
437669
433402
986597
325424
904657
87681
817774
430329
628651
115304
155292
21596
316162
726461
385166
150567
531184
587852
83698
593669
871145
223431
185515
205048
290867
19087
406029
822069
253556
284129
741381
861659
507367
922720
876566
317522
25449
271162
982078
554812
904762
131767
712283
597210
426858
300313
864319
271139
106531
909148
855529
936177
899379
978492
830914
973770
951401
89973
830385
692197
432383
342574
808605
468574
348261
838834
629887
635202
112934
146905
610274
179658
291577
55941
809082
592421
594471
250824
832735
611438
101715
812195
186084
801405
471723
720234
55832
349401
435114
881539
546649
196555
115015
324365
279567
729294
484733
735388
321548
485538
172600
469539
598590
57279
795033
807531
333007
756647
272998
786943
558233
84884
825681
884202
842505
195089
943139
80408
222543
649701
356421
804890
60479
537002
355947
278725
1863
209787
202398
777210
339597
35851
449764
936511
198309
326483
570253
467532
577580
461155
717341
601827
933828
701402
585745
753558
512236
575921
41488
286252
648250
950577
58479
529694
271736
200965
311329
137724
215129
969386
449466
855277
461462
314690
273630
6035
458410
569544
274378
428813
779238
130846
424510
447766
547313
88643
782086
589899
157728
975072
225508
645193
668782
169025
355100
728948
453912
434209
828764
929493
447256
812702
137093
71707
186683
628875
216538
511682
272033
703460
176132
632849
332753
821276
718591
69245
138935
711827
817189
375595
583483
746212
36309
617875
588350
509530
397120
303040
168051
821762
431504
421940
987672
427739
734196
637992
156496
371626
609740
242096
110367
529642
54382
700221
129985
173537
958611
927357
332967
136654
69666
702685
721935
579775
183638
117998
407551
36159
780430
48357
301725
954091
247409
428733
799790
954341
248507
169591
679529
63970
762985
912769
372983
312927
176573
991029
345546
776241
300462
104568
875607
51321
27120
935171
321521
908853
461595
297150
104131
759348
670202
512264
876778
83874
911923
552083
581741
666305
852046
955181
497882
724089
335395
813849
194558
746182
713317
304348
542016
389007
434565
451795
277594
364311
130564
282305
320885
128396
202904
687271
979425
332029
35962
972492
433070
286249
350410
784028
331689
534770
409184
465645
659318
273713
148528
202844
286279
427875
651097
409494
574902
187520
73802
268659
315973
799660
712465
851708
978095
722374
856962
246349
204714
260447
66368
406678
344508
707781
18155
348283
996023
356221
747238
255964
466323
305166
961411
602286
102822
594426
141134
667272
882562
321032
802739
971322
169515
895036
679052
64408
300467
622505
361163
761748
465973
658909
531329
717129
96618
286202
183241
335188
589419
376228
731539
910621
211139
499926
7888
646068
756592
12687
862711
32086
543159
844267
709811
162702
700705
301068
769897
533368
811157
23991
250473
705825
645011
650043
421936
494794
496394
42507
503575
355211
463191
314285
566685
159893
438620
309707
463244
445200
224824
676263
339018
144035
749288
125292
348094
657553
404090
901727
12700
820288
452841
432820
109327
867414
762522
759933
54082
874940
876402
392893
163148
822020
110930
113307
373
392487
446000
772722
836649
887783
591379
916677
202040
769171
533290
693200
511752
975337
115658
563002
435224
106837
828163
653734
532849
17368
375773
377000
319083
997444
263860
451285
367833
606947
475245
377651
688018
339064
794132
141519
645725
105565
810324
580014
508088
427851
361170
849179
373765
271609
806822
408287
743506
391323
322550
75151
790147
833611
205489
787519
561502
624197
929509
449812
851379
617357
340862
633912
976294
184811
670108
645990
598683
325654
504207
454884
969660
240431
140722
782801
341225
737188
590369
205716
322621
919925
720408
763956
153529
827539
315497
242182
989520
877476
32281
568129
289999
550180
777881
796590
782054
303845
679580
67962
993174
725303
571545
347629
139833
26466
869343
131573
853673
435856
941839
92892
850894
725128
448955
955353
609672
497237
488858
664706
777909
906501
94692
913375
661727
634765
671376
809369
20997
69834
941416
901905
720837
966178
25221
408845
160163
653961
826861
300429
382648
577119
67461
86524
40441
980471
250037
385282
720355
580147
542295
326070
154496
452939
992282
908977
579801
550892
719417
785597
582648
59517
259220
876269
390425
19132
123752
943622
362989
544007
440752
838939
890634
776567
873047
994870
121970
266279
930520
403442
348797
565266
33332
611750
695590
795546
904591
350460
472688
237989
33768
546399
724275
495970
464371
60947
540295
668458
635349
316510
19019
490881
147323
127524
393107
751291
792024
344016
390508
815227
57017
26990
986508
43159
774918
369047
153947
848471
231127
353731
418008
592093
372528
207042
723690
601118
868635
819014
649348
470158
427553
496792
324851
702938
859876
990571
110791
421135
83612
445326
11740
668888
827308
676730
43844
609828
226400
798347
946642
449382
436166
421324
594181
374134
746533
324459
271120
24469
404638
828236
975682
193486
320478
796601
568471
544503
47294
265718
175962
575831
22839
476722
405621
650593
755269
468442
708375
510303
306455
375432
593728
186794
858543
531929
33132
522325
723100
896797
767130
893674
392274
979559
455351
363660
36707
445571
181868
498555
870556
652871
379905
849846
11646
483138
825196
445499
532504
186706
87098
254314
467902
964882
529369
802760
548392
700720
23423
257631
267048
54940
745147
196034
992969
345372
716246
189741
61953
63996
808101
444875
896980
617507
56174
295826
647237
580097
676213
915210
416056
617637
825250
553451
776233
768299
700240
363683
938051
595666
683636
44278
50142
24300
716392
76160
191768
992046
217491
659094
184143
136039
288183
511819
970488
90062
423255
716686
260575
174580
803011
970545
465787
793048
551106
263108
184621
529049
987354
228512
56277
788166
767934
827007
395921
327633
753877
202952
147155
411299
667491
500650
132574
897801
629718
407070
496093
605131
161135
727118
699552
36189
162379
744276
536756
560815
608078
547803
845341
218975
644075
46690
223794
798031
92817
156063
274710
225424
851637
667200
356110
697725
756792
282060
287940
160037
509814
191208
560279
851232
349162
442934
327581
189378
529089
838360
88566
870446
514682
83986
650382
334466
844982
939022
128622
936304
810529
556216
254143
462700
88445
497545
350429
992321
914888
408354
747156
62079
210698
13902
883834
176719
637821
383466
168745
205031
844120
773025
717014
130136
130042
100687
226707
609092
283632
610183
931805
975150
689187
881648
663395
188010
501345
576266
208276
57715
316422
738126
393635
211355
24198
456436
512474
310045
945306
198030
653912
378510
823493
608466
437289
180914
227138
712373
226112
499115
495628
389426
269267
452045
690505
751337
647507
113421
992596
787877
433479
635735
394982
682998
133060
433982
121632
706045
52491
781454
159095
860166
742335
274365
660732
768399
336641
276864
91719
351271
553386
569211
648831
424946
735012
480912
750473
552073
919077
42905
619403
18494
846281
518448
573596
212029
356620
682027
474314
303886
480673
944549
976775
333110
997041
124791
891824
454461
880499
780550
143419
877451
921764
520246
993469
35372
940324
34045
726806
587379
400045
478226
596922
871674
743728
787075
84572
84679
569742
166310
625016
822922
531951
117543
333630
186690
3011
143809
968278
295168
555347
315464
549844
173892
248579
182690
426554
535043
727270
861782
967588
695946
626238
691324
749460
784060
522446
829780
940634
857911
960862
227635
26400
603093
726731
36952
289616
136399
804552
629789
927266
134779
812213
150025
830149
197302
443610
733826
134441
379932
768896
882976
791975
597748
943916
710684
995086
824809
701881
461927
995403
638195
37585
171927
844852
383701
877831
751100
601201
50239
267220
598161
802567
56723
183405
554958
642
219588
70333
782491
767935
205595
709252
566046
814099
578836
567180
970421
925596
894821
828163
472384
220578
156702
6650
170837
200488
927659
786169
826071
785301
910455
811772
555296
67194
416107
281614
843163
742592
688596
399873
743023
924463
538595
559304
878934
858909
550989
361969
840652
838129
126099
713025
206882
523411
942236
31981
897329
421618
255550
481459
154988
802673
759387
589012
417039
947631
270312
972270
866612
432177
312201
239737
429572
417518
792408
377950
811402
270264
417349
458223
206115
378498
648215
265927
348498
231826
529937
589375
292144
219012
158960
488138
916224
266104
534800
124782
52065
671641
753261
395552
842908
905227
598151
187962
652189
16688
27999
529051
884479
516631
682079
752155
958784
701570
620310
432297
127636
217939
636897
601156
97941
456402
323621
799826
167639
784413
856632
889504
839066
38637
331423
710711
508057
51393
813490
792855
967871
876841
646044
354387
101433
548784
562239
7752
636838
661607
15732
823099
983852
689226
373552
896399
975268
160914
477122
813599
138805
249494
834040
174334
110398
570782
970786
657352
500781
463238
687150
974629
720813
954252
7346
226394
631164
226166
729225
528267
428570
454243
835732
966865
140829
454572
454690
254900
451618
842294
852074
423749
675614
840919
274805
120795
864274
372194
832729
773608
883741
110993
761055
901686
630059
726350
206918
180356
351371
77022
552417
877879
224543
66410
912283
736703
796716
570539
446235
842119
288785
437618
837378
206168
768405
489938
333265
442571
428825
634283
233704
111145
118316
523155
288169
161505
822973
218530
939771
991780
927915
94490
488747
558881
198201
367217
238060
883416
96797
880765
11647
776925
944951
499387
879534
565996
330591
995644
626034
751715
976471
751085
617460
959904
758048
443713
426224
451575
546920
498109
36726
87952
48288
382816
523530
484316
787564
104876
369196
743602
237876
321109
645042
541258
291544
205317
637457
204820
609856
567818
851642
224182
924752
211549
438240
36961
111995
544272
847576
852367
359471
828179
26522
68187
609518
421282
626404
660860
368893
675407
322494
635615
387701
314151
18392
457185
359414
448004
870991
871270
104571
152751
747150
640856
703817
36399
442065
299584
659458
514675
742853
234810
447766
386711
818892
640024
314905
916630
454749
765270
618863
117517
61767
750645
736099
347688
168277
202102
954263
229931
452109
496564
923478
120351
581395
62238
377669
442903
408043
738768
885560
888413
273436
896974
975458
645566
61103
418845
584932
632943
908695
512829
248582
493723
544042
895174
328451
28106
911181
646045
334078
269167
822383
646164
552467
701518
632364
682396
632073
701384
771409
666151
351843
148420
156095
655390
944341
732988
550056
339644
164436
97441
417271
723141
360710
948588
224076
695847
63577
30339
516581
890667
690416
910404
958680
290968
868407
754096
939580
283877
714327
23415
641192
14104
736773
469532
154323
649215
247093
103172
219739
448586
76653
218337
788705
890499
629364
153205
184145
623020
957609
842822
223039
630324
109935
501405
719725
960021
272646
893562
785897
35405
157941
256215
830419
260022
562211
872151
243964
180804
71174
509451
315050
77787
822578
458465
13881
320779
782995
910442
369308
476713
572278
507142
397632
616715
503297
885487
864401
114655
587907
984990
807125
759720
877414
674141
182839
232983
471553
561642
914463
818178
624650
415365
591932
177859
829097
822871
895587
838320
132071
277247
604561
207602
192837
152698
538380
543748
399849
261293
836456
551306
427700
221778
863782
576907
244143
445565
461239
544589
95715
966346
758878
403084
180487
643941
252915
386518
305940
434870
885635
961222
563253
135143
528149
200411
268506
911571
501768
905140
775084
962380
704600
411306
910875
343625
638783
50570
885266
713195
48632
483949
536204
641194
323422
902710
344640
981216
261811
705896
671544
893362
911294
712033
192832
924951
757707
343287
922681
791942
573270
468462
260237
414784
450754
219347
332349
957623
317380
676791
12694
415194
47517
471435
886978
902654
121860
134293
322490
632426
40993
112141
485849
702271
925942
511318
225036
313346
259993
690396
856486
349960
148508
74758
704784
818173
930061
627032
211677
736976
574808
941353
926012
236094
486347
976571
438791
67642
778610
849724
696504
854454
64161
577496
435642
95697
769168
510393
633117
958237
731424
779676
838436
320139
871868
570961
866361
521334
982811
54287
297793
886344
260641
72561
660041
233101
629733
609169
373279
750802
205902
725760
398462
702585
151830
541023
343201
804381
980016
39645
594360
304092
18694
60173
522040
462469
836699
584226
806413
219359
447056
617610
853483
582932
710978
460453
191810
494073
75728
929313
106832
569531
105850
648820
611152
888103
858533
504372
260176
217877
756155
659542
551648
861618
66543
72641
816806
80617
693918
978126
511375
681646
806801
439839
994144
553383
339103
353369
824874
248887
956847
692223
738652
391015
473884
938092
250163
652083
13681
298221
872204
651567
898899
163704
159769
615508
971006
59853
685298
626027
51111
601704
56067
981461
28289
312160
822628
77365
403036
573727
682118
816250
764647
681150
534152
666892
714518
863229
153129
913554
190623
571868
283096
813150
969566
701016
440040
367478
461720
526405
9951
325952
420316
654981
672494
707273
228101
606818
36602
225074
920733
543886
761433
422135
990620
458804
61592
80989
569166
100346
71097
237624
590994
84310
11642
472086
882622
431562
656144
240075
104160
195517
657011
224410
685216
510840
262738
479421
529345
542073
364712
554130
892998
912951
296102
631650
710769
804915
396752
480910
492774
933560
498148
725144
693743
604015
720820
812171
193817
236193
430997
50376
865531
202761
937264
985455
666070
22549
300918
259238
102488
894073
24304
458633
124987
911920
449140
390894
633674
941521
366387
991891
777092
525642
270448
271399
803097
995707
323147
503410
374161
992625
682939
909857
335180
464765
34971
691122
40548
804017
826395
799992
41454
897462
426199
428555
839072
793421
443140
296720
26828
58848
474183
414497
253579
352452
552608
1048
492021
144782
785731
940669
164428
388815
704839
210505
472184
154029
898999
467095
944045
577439
597127
824870
908009
43844
450080
157517
337241
679649
540444
992828
8347
79861
898190
451754
226590
92027
77112
301025
297446
970620
246048
201634
628076
753806
95228
222645
360290
799660
618506
455890
442260
362867
465084
510309
464234
716151
483281
881026
651082
684224
360703
761061
913178
725412
7244
89316
920803
357314
189308
964275
925457
146712
441893
138836
88471
7618
865054
209817
555439
592336
744470
781271
617855
316930
9921
532841
269527
688163
481132
595806
979671
703871
179570
206336
926574
752641
14279
805058
158909
367214
727217
415109
642841
720376
870295
256391
313584
694016
814706
89960
956995
831531
128480
762074
594769
995231
198487
584805
334868
845467
307062
542293
794916
451313
917623
169473
693946
722912
828481
415352
684368
330450
190554
45385
178595
112238
678842
688111
683098
387035
184763
97303
173441
962515
576556
568208
692974
551327
335300
355470
190660
902389
610611
600923
702102
445418
724884
831771
394211
648661
266367
881594
1855
382210
293628
632308
844499
629776
547602
960320
890427
860264
511613
572314
91661
271962
765501
838636
390073
522901
751435
399256
77260
274947
501543
402532
386127
53247
739212
334915
142348
300596
43461
687996
509936
684563
160282
899769
714700
524144
525474
339695
954166
178938
240444
654244
777164
304149
229017
963554
60504
70870
973680
214646
352847
498842
180117
803493
476468
776771
342180
239789
888154
8272
837463
81523
184134
595992
66231
95886
828146
815779
955248
482158
921070
423973
124861
167146
545186
354008
253506
492070
5230
642165
377400
464925
703858
705358
461570
722129
752553
624203
235999
16972
742320
892095
870393
948497
421413
521062
241690
779492
678955
310462
967550
215859
525641
887870
351171
375776
624370
98999
778236
302188
611871
732614
672486
991361
89112
740403
740402
692700
529491
275050
919809
278037
86131
784915
594926
135116
533169
796496
221380
73778
147864
802387
867280
527089
188394
869849
351186
418617
729696
438662
688845
569256
968847
106206
971134
549973
806630
857821
783465
297018
737044
813429
503374
620283
821062
486946
546875
339223
850574
806443
771195
710634
139871
533111
768812
745692
192757
557320
986862
192554
744338
923929
246008
340111
609954
434576
139652
275342
941312
441376
446506
477151
662609
287807
436491
695924
336590
677566
687396
896934
445728
486986
878594
444033
244708
353853
476500
900712
815118
892130
874396
816551
506985
328708
227584
742163
65788
974641
666685
802592
418953
850064
383035
13183
1903
191836
575803
829297
552495
774908
460396
173229
145035
772417
286942
737770
136202
529211
679374
791882
313369
490424
982047
645091
28235
942042
304042
732778
127361
313620
495340
181822
924773
906561
62174
947471
442832
967841
167330
440297
228428
419632
790617
396449
413107
881701
60881
469402
929078
342340
456540
780404
606970
227168
563644
762515
361500
420785
192762
163463
531029
472333
691861
32477
846521
312774
680728
337473
171546
333281
100996
499470
831625
808366
280557
580404
659708
834121
375521
294085
725579
341547
449602
230172
848213
194413
169589
510762
386623
362843
365747
318942
675740
592241
143613
842993
729257
806645
96812
177099
813551
597168
211686
756629
253643
684042
27949
341340
966282
583105
42321
24606
832110
388358
992966
119221
364878
389620
575312
694237
862489
440941
634331
640228
827003
13459
642663
608493
689304
860512
494176
777440
846069
897571
303243
1138
987126
823064
380445
286156
72002
732066
971366
187674
838658
699815
813034
948787
363273
810440
819920
105504
712462
773308
385396
53387
353172
1928
965975
999302
823530
859101
649846
963188
961806
330958
55480
193816
635245
48556
441664
426296
459270
901119
435747
112749
695276
437539
168947
724490
35370
730494
162298
793511
160576
822170
563779
998665
30220
318499
243089
514671
28740
564350
499515
903968
584387
432111
467004
979285
675033
128923
548436
116987
675821
461644
229834
455120
160207
725733
686063
844565
381609
565649
168997
715030
176348
273483
967184
764359
822712
451226
683677
398154
412696
191387
883690
703630
328728
291830
61649
797137
159029
720691
610836
305157
174079
347557
834406
47249
241021
672772
272724
797294
366109
615833
885135
740786
116374
772242
868822
834090
631068
230581
473348
126111
680959
932401
14323
871995
860001
500304
263372
821701
501266
668297
161901
709833
776842
662067
995893
781395
279426
640083
706287
991385
442863
98966
489944
624760
678172
986778
776846
328087
146466
147174
71000
211880
451975
762875
29132
642189
207409
892482
595681
352087
501957
831972
202642
952233
411553
305336
645866
268027
26866
925335
260850
437690
559730
849292
370293
497421
146433
905064
20077
775475
674847
890354
259340
351560
867076
737979
634792
969703
202076
474190
44867
521064
734947
432070
685814
971850
483032
245371
195322
684844
594209
969620
379155
707510
161659
805376
984026
834389
301275
587392
233573
102755
43814
466908
34965
727204
858186
950518
154363
262252
430711
768379
156519
346143
760510
522741
811791
378193
873476
572733
651801
425868
820386
111246
213894
82223
908701
434677
383674
392435
709053
956325
756844
881225
579532
264424
15846
238751
585004
465903
386937
188418
600917
720778
32897
757022
155115
82675
608272
62048
655288
942596
108986
580604
988107
104649
179197
234378
87916
719280
544650
829259
315514
205469
376116
253898
216420
529498
543156
763998
220992
795052
832023
346508
504011
233856
750981
21129
328894
210052
692270
357149
356681
786195
23570
697698
955502
499080
861677
509100
886141
608116
952318
755779
985000
601578
479539
701963
30530
362359
441267
475845
124313
130671
693447
77614
546092
423714
714086
596485
94666
869166
381339
912298
809290
262446
348245
640290
929185
651600
974347
802359
487459
448581
444490
504892
407385
258321
138204
39790
323963
126338
602903
442294
324874
88765
247999
360908
654604
341747
875096
349941
442917
773939
503437
630253
646671
109786
550070
464223
457014
214309
153738
39568
351667
499111
927265
652892
918370
434198
952931
700441
34850
177535
748819
414552
814568
827994
509938
114762
204096
935608
409617
882622
231842
823128
908855
866120
482925
852634
935914
969726
94978
674123
283550
603868
997312
355743
378999
453575
687511
671292
408637
700654
378251
754610
398171
446925
702663
27081
129428
31052
735707
56692
293443
475460
985236
156065
393356
528993
545975
613746
863269
857698
391898
366789
177851
11901
867614
361519
949634
959584
401356
72648
510812
27155
296267
574304
627877
672121
690748
338192
815769
749878
728562
255978
264547
240042
121809
309138
708931
155674
605442
993766
323546
977712
901072
674265
790805
88345
151906
675165
126132
991052
667157
904126
380534
604331
426485
488972
944547
326593
896473
698353
831029
534764
164888
913825
722084
987668
292331
894702
953037
305881
420577
105723
730878
696971
91513
532809
367712
609938
337119