101391
953499
739195
873445
931140
670558
152199
145314
326139
986752
496486
820407
672272
59688
980505
185840
181647
654038
85106
117133
342908
57017
758051
816742
892524
602029
264881
286521
891664
73493
545864
562770
568018
938898
724969
750293
819351
968669
825470
242283
504805
708999
72719
58631
511134
183370
891980
441428
368811
951114
255242
795005
432308
69038
320523
477592
20811
655574
531126
298608
389160
651896
821669
725101
958031
539930
830685
620834
825230
866606
672409
580339
643170
513733
536191
315553
522490
438769
353780
162932
682579
886460
743371
113348
641858
899006
206104
953507
158352
19743
443555
707178
879871
124522
568120
538591
664555
626121
836700
419456
271692
614371
728666
312815
697240
808847
312763
684857
514757
190067
107731
952644
318316
181118
281592
114069
923529
744830
39886
658876
46559
762654
249406
473308
331384
336960
257221
410587
923146
363891
400360
673890
542582
648785
244741
10001
993130
361528
253445
658691
109285
567651
230190
930233
874650
575844
774549
688037
807918
453120
478257
181589
955740
438502
637898
346810
255288
354318
809935
351189
213905
985835
162183
753277
663791
886732
596640
586575
161147
1556
939172
772850
858814
193876
169225
474885
537666
787266
104423
258088
683540
189081
187140
771492
877163
229900
674123
973048
65123
815784
402332
623233
408482
143749
717821
294212
396060
530728
545133
913883
119409
700088
901273
607227
731315
82075
238824
764190
495366
565869
934257
59985
458720
587741
490700
835548
733681
624035
290630
931593
605212
71713
665070
961811
789346
783446
171852
415789
770592
95929
447729
342571
397871
700344
146666
752529
86569
966988
861006
47799
997195
917753
604279
17877
151670
735903
941773
181553
219920
593408
216254
873698
977735
270223
821834
915839
101366
439793
426554
530857
652704
302291
270192
524530
413784
376615
631450
99561
920003
644924
715904
266884
480310
297400
641021
668648
666937
798965
431947
464791
628333
473910
495351
624310
220553
873477
835571
988090
188224
20842
117898
560751
264639
802633
746990
563429
349202
726937
39213
709239
730086
908861
705154
761209
922665
95040
712264
811581
598158
413042
903242
866882
370220
183961
895221
899258
250566
476310
559087
151991
563045
724758
286528
680817
638306
259505
563310
431862
750976
143138
991400
808942
71221
493284
692440
387402
779210
95013
227483
625161
766232
205609
501325
363110
998962
206398
936637
503330
43361
636311
213568
232297
465738
667848
630561
953060
223404
676189
365878
298842
314566
683735
562382
598531
311957
417732
253574
273899
563131
228730
998586
476480
234747
663216
363033
836408
830113
911416
263506
627169
241919
457181
2283
244294
148881
357973
205936
104059
680194
756387
278984
542150
390344
271372
226595
19178
13290
536307
589263
470737
559266
618771
448042
230485
28125
513241
780018
681707
63710
674972
184696
625068
419843
281658
568563
982402
806944
780944
832497
510123
23879
289109
700264
220077
157354
778644
659435
331862
963223
969540
349304
203311
247969
662853
295534
349949
908767
518137
29404
322355
216014
854589
71348
277111
224594
6915
974494
149071
413914
332302
307369
974888
404576
725768
118044
777091
617680
71171
453867
338557
962240
160458
364741
504633
246686
343523
471882
782699
726120
783717
227738
249604
275475
848048
893641
826549
273359
91276
654702
667682
269666
976545
676891
681445
140785
749776
241126
594428
996638
488110
76326
700496
199626
329371
578874
484259
478331
479618
962435
319445
20953
512623
73969
359698
233555
303815
482235
174491
896223
150697
792744
666544
258526
539168
734091
355160
519261
489281
150156
356364
839672
698152
836448
448198
864345
585545
17050
492065
955486
752501
197851
222509
521689
173740
295589
395793
568688
832601
288910
496989
82917
762926
705296
450668
12784
389660
254589
248178
750281
755119
663311
196008
671682
574725
194206
719377
281360
404905
857194
435047
209642
706768
152344
677991
445001
149487
532858
720182
294416
190775
963079
150254
407686
894127
681642
275466
592190
257324
327222
687466
303768
438254
305334
271234
32928
413978
917346
525093
995091
862736
539118
374506
303554
107496
858493
198712
270224
413518
729972
576884
124181
644791
172777
187587
896101
918719
281913
657278
748267
372641
972152
509938
237294
448786
39940
22032
626422
106554
92595
809208
698440
585232
138090
374364
619468
493969
531407
301524
703568
71836
160534
782655
167589
807469
692472
942416
197031
908852
123330
773244
188251
676049
788298
93822
584816
199983
507452
308933
580264
717562
568914
634172
108944
521470
580962
662579
66923
351581
723921
553647
214253
836205
829157
392011
292387
40812
669945
575880
500336
935328
543433
626937
711281
581199
51757
728068
606466
248344
607587
396373
664858
602093
221829
914853
788625
983278
191961
461922
713603
447522
640199
409724
145996
171668
572773
725260
436146
428808
290798
239584
727010
89113
431186
688871
605843
609392
647335
610678
615431
995043
456637
719028
912496
798119
133455
540329
845551
891059
146452
650205
254007
686516
414965
548720
14865
82022
538074
501366
100024
349462
942174
784652
628580
161457
771553
851836
337700
62151
516475
119688
247652
445282
336973
460375
642766
889533
77236
396537
62733
934691
639895
573529
352109
613990
420320
419774
349791
151160
842311
137597
857624
420585
937610
340671
511768
430141
874297
279339
368264
761193
36397
294832
210492
61738
537305
495984
602905
891843
983800
809612
6864
325905
579238
787080
18056
602828
283467
157083
170394
836828
544818
350230
980534
241045
192056
702574
486883
555281
414367
117928
976035
597609
333890
75488
572340
741327
472675
599989
866803
993547
678816
406420
949916
14800
407748
367200
597228
589435
350266
416315
556519
856743
416349
889332
595317
505775
359914
972941
177960
810177
542039
684391
44953
279259
13949
683916
884016
820646
858736
434521
848961
91243
569263
846726
286931
432438
968631
118292
989565
878918
147122
998290
822378
892525
502797
894731
473531
269066
603111
12239
152843
160097
902757
869660
921230
403732
757666
830186
4626
204736
231172
63952
593448
121911
52650
554326
413852
795669
567489
900056
932191
695809
132086
845139
331462
484098
904965
582287
320491
163387
691376
144489
716913
741509
144972
115708
237094
147751
80245
95083
726529
8180
388578
474126
243210
345538
619923
254391
356249
454402
426407
914976
930550
738497
731722
889138
399712
562042
901771
518644
729769
831893
183499
219919
877694
385472
919441
576442
770309
831209
212987
3910
457567
450325
664143
198152
686284
6688
419696
509790
21614
604881
500396
985312
900006
897433
183538
208613
257691
268521
289505
677231
152793
185645
169723
318580
771221
312552
235704
851593
852367
581293
694455
409069
833232
582967
218895
45296
964115
528166
516164
96318
718912
274327
136406
855756
808787
591518
729587
585566
715484
965218
613580
533682
468767
972630
382532
974477
710235
871888
473541
420959
197992
354887
732781
14485
935161
370286
131046
354684
307713
985511
353620
925965
719923
573478
512935
1945
96801
686499
517520
435794
337542
915387
485520
106035
86047
687844
868587
426189
177779
648011
169852
618927
381428
610124
113634
143410
374142
84877
990552
803038
903228
244407
202083
96509
87850
638738
503972
431930
677556
64253
532685
493556
320254
251014
923248
870821
709245
148012
676211
838953
540738
448302
395104
342062
668631
368911
846617
295223
881346
88745
322472
835340
416166
666347
325877
783490
129481
38449
774481
542563
552433
774079
492398
385081
395815
32345
227569
722044
121437
54529
38624
782165
512555
690894
68726
329678
496245
248741
586262
363865
345833
381335
933788
100474
81509
640727
231438
578641
49205
221590
398321
870728
557114
351229
483832
185557
889766
141574
881943
289708
501283
221047
990967
384005
15763
705917
184194
530309
855539
565345
111581
547147
491097
467113
121718
26138
650588
201550
89011
605278
710226
430612
93257
481245
400244
684748
949614
537915
837534
301602
472102
170409
435123
691171
64826
937708
310046
888144
620232
721030
388531
371927
514803
81219
834355
186420
969018
915105
903854
405156
135462
858140
663043
238465
11101
282326
572611
568895
417045
434976
803700
347201
596258
328168
882225
37145
449263
152255
323887
312027
247243
663621
643802
471132
710299
665906
252189
735052
239150
82628
536769
243501
930862
993153
699373
451631
177649
363240
613964
771178
705839
79736
178508
653943
442318
531228
835010
130412
163930
272945
415274
198130
201616
866422
757068
10755
358361
486287
992443
98053
5588
711414
480760
383870
530764
54206
287795
251828
971401
324933
962929
333026
101506
892662
242505
368600
257584
253432
899720
93168
665981
493559
819636
776552
971611
661005
807790
954081
338098
219468
645296
770355
881009
453418
211766
993195
865094
617162
985786
121954
219368
665571
902935
968827
399697
499023
126671
215544
838282
448050
121128
590969
534494
591237
977777
34451
3952
590206
437026
617609
504361
474078
658721
375274
915209
76247
75617
807046
745311
740055
569957
977998
848020
609973
123939
403271
556449
412279
606083
202731
722272
818877
276742
404444
654080
401998
67396
475014
769171
758142
755789
665168
510146
182264
780401
537150
158304
143790
372060
315942
561819
10394
404313
732364
733071
510319
576375
617757
340212
828321
821769
256516
656312
578254
284231
342061
312488
35335
963665
531604
831303
106047
481940
587657
11137
136976
462277
684546
892665
774180
135499
163612
831679
333254
461305
415984
6301
141701
777401
453326
204240
468610
287044
886873
348244
924375
660109
464703
862808
478500
788925
189586
343633
421175
949337
704584
739499
154711
904129
42188
981082
530094
158034
662590
829006
783760
868330
731854
528516
667052
376651
508208
513593
534158
723928
814140
559161
397966
607997
4134
914134
358105
505900
230613
516085
820569
665666
651233
672387
128836
314504
684270
334597
706494
578388
168928
804044
651308
368656
814522
433990
947862
272402
973654
541553
224760
863915
946307
767915
114854
641788
756790
406950
542361
67329
4719
25015
647770
389681
805866
487949
773769
876094
96637
692798
463306
393015
345300
350333
195341
758734
290183
292008
491577
987251
829781
722558
16245
46110
932288
502638
976018
223916
138756
831434
96856
92769
602869
492763
164524
757132
784308
534285
899995
124680
963853
876619
675653
951326
381361
909606
43816
592776
91787
823534
261128
45137
365248
936163
757689
648920
647496
466629
949769
651123
585252
781448
401100
585455
910139
778788
204484
844342
325525
667656
739693
803594
916083
771822
727139
791341
200584
810314
656049
961827
25688
718620
153847
607887
89644
818597
173815
900858
575535
880310
4348
340851
807529
716835
167655
692688
510293
889623
621911
313170
309984
152705
188724
131751
402753
981228
537049
590280
460847
640109
108123
605507
126020
107061
891578
629459
2412
588998
252772
590315
253001
264707
341600
267026
263463
414240
622045
571687
20055
733112
186008
9990
103594
366525
517476
259779
205900
174921
432473
390163
155962
439380
426331
483787
826017
966271
383942
269696
221781
550412
293811
572684
545002
859249
248362
541746
969203
338817
683364
200857
889236
942410
852027
178741
518086
950270
96176
910787
400423
363913
836121
971058
978236
326849
145061
746847
302596
829564
699021
374841
584697
589115
585625
594692
500134
801219
667148
884729
171680
57292
625774
296522
983394
60627
412596
29890
711433
26250
523661
790987
52136
747888
282699
466633
700233
913531
961772
648612
736001
431664
958149
603108
312431
701525
711882
210421
166993
750207
933628
885833
198658
22853
355183
273180
566932
278869
944055
505235
90246
699044
868719
315774
911778
708417
185573
94653
964726
795907
100069
309310
128236
458401
740001
715108
490568
617568
774842
171139
630398
627047
266093
704392
751406
113966
166813
760182
846717
116693
796537
882251
635857
523985
667721
327681
683304
441665
95514
260592
61142
92191
384324
68880
134681
978897
88661
443933
451162
517023
24156
70355
467011
183296
389011
881753
891255
799757
601578
96506
170866
74199
829996
57934
395903
37652
132944
358711
935312
834676
546207
645383
979389
704978
309820
460479
3548
916549
867477
628210
903865
744215
240229
495369
93618
914125
875875
721439
854322
288229
717962
931020
337096
161118
546822
188543
203363
994097
182584
368197
103084
366685
391846
182630
31936
659680
987970
3758
332297
38977
265941
310345
649080
648394
39112
368648
632928
638228
207887
298880
239986
588474
593523
898961
105297
593776
699322
459780
691921
310252
1588
377870
904849
286722
927717
569009
851378
71245
603402
36482
579059
699337
717770
646789
843883
873406
513722
828404
286498
970199
904781
940639
864011
686545
143767
724013
368738
721871
662972
827328
989726
168010
38649
229623
142996
299877
241230
213197
374504
703006
549895
202398
940080
514849
873894
816202
46183
871159
665775
717234
930826
943579
600400
431328
599890
151661
687018
494723
365967
639488
284544
724311
709470
792782
17659
626019
788679
144331
476759
38108
554677
219222
856174
755431
851346
214924
84767
641532
99071
831671
821211
289830
580333
42724
510540
108262
335771
208914
892065
915576
133100
574982
935341
100516
519548
418029
457015
353279
480823
429043
885187
322350
29754
545267
872961
823535
106383
290408
857151
473287
255172
672817
816179
844575
450742
845557
716503
854200
922181
759216
601583
611277
350631
403231
757606
530052
822808
453124
213206
255824
352751
337814
739303
692134
181260
898185
269071
646425
544750
99637
959095
933524
522529
469862
567358
801396
608148
713343
700694
441920
294472
376587
961996
830981
333733
853218
393958
708050
313895
419444
783397
797389
344245
658165
490282
405425
4050
683877
333237
664997
55340
695290
765768
982969
107730
253165
598698
831615
405827
901662
159175
938820
864034
284645
545781
816938
293957
83510
182097
495971
669484
642032
920456
164172
857934
483074
96818
46628
289103
195386
601688
39463
558543
863212
529046
344267
272348
688123
948252
451414
950343
732615
849358
837082
250580
910323
74315
20814
686731
13649
990347
688203
494763
339693
895266
652000
123390
490739
221601
531410
638984
866750
754203
109683
663129
461693
788549
636957
885698
590340
181687
171660
316388
83885
724559
950293
909860
962216
354101
605319
71802
364262
31288
311837
536041
471966
466135
305052
678089
929595
817885
970447
381632
81634
943587
129053
514703
916579
259961
542276
243336
852987
254368
511540
740765
260100
136558
747210
93076
411706
360340
125287
277976
509226
678461
382829
991529
22265
3596
776022
775282
742606
154568
617776
658043
595421
552468
717241
293941
738577
950167
746195
978547
230293
752570
947939
32440
416512
536911
993868
596395
565979
749583
576515
252071
515279
864444
147791
622511
877232
479717
182240
715326
212896
341768
547465
138237
214433
897233
100634
302670
549883
855489
853470
553925
457350
66346
371950
326007
669269
778582
707504
198954
14399
92296
456048
137708
685771
482010
880280
864575
462391
965637
601487
907697
683237
196799
480300
329355
539555
875647
718806
117983
67605
304988
981818
780548
226049
778003
284903
985823
535991
498087
451529
374615
830299
469091
993984
103722
808209
719483
580956
837342
170243
91729
596471
601743
378641
192403
757039
512039
450646
463489
840703
334189
112852
984972
6970
884532
79099
14938
828579
984371
932123
97959
876907
888437
548003
656069
560264
853351
36757
497283
683182
837903
381128
81388
895340
348124
721049
778087
592486
818008
204399
187580
292139
921849
191082
543158
840690
931240
632547
875062
849529
399475
260664
120939
339848
9738
484497
759323
817637
864075
420439
375074
216406
309242
616635
584514
351003
779824
136542
410724
386847
691234
513235
676652
141962
483661
357692
843319
405171
253819
714321
401716
86067
86773
30143
452444
270421
373318
44332
470799
709481
826215
119705
665357
219000
572236
891809
424845
361617
279754
993054
363069
245762
371043
109995
576855
593570
927024
500291
949149
649547
337513
65544
540273
682406
831572
71968
774355
316447
538760
611130
872439
16631
649693
304879
712834
761975
422451
368259
745505
848130
679451
761866
90694
170436
917029
97191
314560
816519
703046
151664
246454
57636
87590
278893
943744
575254
510532
337599
372707
697194
670279
482206
245542
116946
229730
657659
448725
173274
767138
331588
461202
608754
774551
163782
88210
785193
891229
684140
691387
576699
817030
989029
335769
58369
544485
55268
147575
264902
523769
5377
6688
911482
817077
954429
729906
169088
632424
854946
266395
734370
817614
149897
536307
791972
920370
409653
311926
226038
775294
175709
320860
26562
184993
280647
142807
323046
838811
514768
830377
806652
31208
309256
310495
220884
982343
309370
508461
76419
248229
948041
683815
385749
174571
236469
219482
360029
812065
142525
905413
493934
418493
503327
424631
260706
612364
83259
25990
264279
453436
115734
716073
469242
323012
62521
987187
341243
160240
809273
261549
422560
34764
552146
73422
167349
313388
778861
725209
410465
786135
527425
169747
272853
939086
572309
187488
681309
994556
113827
273210
696793
338235
211097
728460
834821
458368
265465
732593
920819
213541
282144
763460
800283
525394
679203
684835
142729
120070
205141
587717
359156
261191
132517
601583
461156
167332
92843
627832
245412
691493
958597
878638
913677
278205
689063
951456
489298
662762
663788
194049
843162
266704
519687
210167
730921
348318
898491
352530
925293
383824
978163
693978
249127
859789
309246
493953
853876
543408
267947
45495
480248
484644
253950
230621
345318
589736
12684
508945
501869
515634
215992
3688
529154
648368
160906
336249
3270
133865
837545
120854
392853
946498
792309
844694
325675
281565
294531
700238
338930
222172
973110
803550
57580
615619
387574
148711
739833
172539
299088
616218
242438
938163
223914
965868
178066
404129
492129
342374
661470
745895
432705
260120
520689
89424
119712
852397
285829
477497
798295
194970
936849
473676
453470
888816
679220
701352
254019
749394
193723
756637
406023
987584
12239
637715
536917
421777
545534
805770
69664
610943
63268
482811
106968
308700
12661
817950
450696
508003
840426
211973
929999
675114
10438
872677
869368
543347
28932
317045
89465
289761
567327
848624
516485
697863
728765
30196
40654
146716
979705
248332
531354
936971
602572
461643
331521
667047
213847
637199
879297
773948
317711
259173
355133
235584
999941
154891
334552
695593
756881
264976
797994
102296
340442
24152
72862
575283
641029
628604
925096
296720
939896
602318
552741
213580
439946
622458
219792
86716
416585
881799
429534
838459
536871
905021
272504
185955
288001
598689
320403
106775
747917
749980
925293
73596
62432
50490
287077
934343
858778
675597
875383
47153
803375
576690
909332
121864
289746
379563
639834
286815
762752
295660
959413
256806
170214
211249
963217
880980
223663
772172
717051
72384
604846
72637
603347
703183
851237
38841
1264
11848
888432
892749
378256
148740
931025
671004
230202
148673
489369
726724
750387
276181
484079
832543
639192
855935
662848
423653
162654
855833
890627
674863
358628
322537
382823
451158
338802
288024
101340
263226
608081
324666
48379
146783
565766
495691
119251
622001
406764
804987
928913
374696
637037
802976
771403
223046
7389
177035
353577
626110
389683
426101
387376
891951
558244
797591
571436
524493
674206
7256
658874
394657
321566
567137
440047
781543
76462
160333
179945
21077
45695
492348
459184
408187
241246
575430
432904
696965
182806
681485
473429
87838
196963
10732
400619
45039
623438
786124
909682
500485
209258
230741
238386
212561
56681
142784
216577
612232
519259
505227
939398
262699
224197
667974
61993
975137
36634
609995
730329
602880
490777
527435
829049
725610
443906
919746
454120
255444
610294
872780
350507
370786
945898
276882
790394
953518
528583
39452
956324
258344
503842
180043
947039
696407
773075
756062
498800
430014
449076
285233
553267
535961
892600
528007
559944
939078
294501
577468
123802
551169
214639
248477
825549
901640
58803
845203
594243
268061
124108
920506
333963
884138
626582
744975
86760
855038
764029
612488
303417
58486
507712
104894
91529
846647
312840
294598
933429
495639
335903
981597
189878
992091
647183
379521
355659
76955
55128
316444
367172
749378
443916
624859
281964
146994
637451
662558
767252
559492
106519
382856
638584
739757
690707
552245
976401
886460
704413
980043
664374
173951
585412
597802
722544
65861
63976
940989
183641
866303
163437
374578
65967
135488
518747
235910
194938
36964
13398
399673
629400
197836
316149
979361
45666
222983
132736
784411
469053
922124
11531
239580
403455
620515
742121
202725
973883
122148
431759
756181
449003
477912
242695
979992
639417
566972
278093
657405
395434
87715
294474
930662
865383
77179
908970
852888
90922
308648
412764
836211
568769
754124
452198
791675
201154
866792
719394
933588
850508
528540
628504
804109
917621
387530
469497
952019
22421
969113
242038
339974
675310
315157
695611
383336
473078
688244
32716
318513
872195
160372
736250
180353
521171
232479
149505
98541
623924
608432
742145
384314
577942
61008
651799
945640
540843
852281
930904
196965
179000
555004
334698
285667
294780
560157
62910
438915
122169
591772
44077
856112
938531
456271
730350
829833
442468
280746
17074
391798
329738
112353
594140
908252
43854
270756
454880
554155
749378
716745
28215
865620
223446
387656
567996
333976
279046
558943
72871
522044
955556
897494
970083
349913
521149
801565
51789
731279
860075
333585
156811
556186
328503
369565
724423
516477
300328
347261
112519
897562
60269
285790
302699
705315
655778
128482
232578
856683
852482
548415
874248
228374
649642
201415
399168
270447
210054
431682
771242
765912
656666
413367
347298
940188
250927
6666
823893
851873
646872
277823
647264
71993
804191
293404
104967
857815
224401
779373
959054
472542
621347
370209
842039
960469
697344
115666
739993
409911
556464
529442
825114
492391
159526
489537
77193
122817
171430
697802
162906
824204
35985
954253
381759
457931
296654
69096
169951
302707
354007
225614
933557
883382
377693
789545
257736
383038
531737
289372
393602
494517
342897
545313
956400
79041
953475
477010
316437
58253
504912
80579
177003
451779
412296
805004
173431
826134
96814
898404
421064
295675
167975
92520
271052
82871
200869
763772
265230
53779
454187
603848
776976
284845
557052
33636
173888
781737
453540
615438
636251
13124
72034
41624
133787
586120
537776
727263
855134
580444
128433
835701
810773
386867
625078
50080
706469
752101
663853
311228
622173
357210
755943
727995
325332
200354
451588
975565
602335
905507
684862
454811
615981
626922
558478
22444
466175
588514
619710
446378
41798
3234
502925
390975
939418
81312
799736
398618
894549
642307
239083
591438
276042
646807
291396
880729
313125
301082
144192
167041
981793
82867
305988
640154
213216
699650
659082
211301
383018
307794
842982
887827
593988
88683
139124
603495
63276
883205
662112
553401
445744
366422
423570
807638
186600
141068
81268
568069
104726
891607
48801
60773
459800
35869
806699
367986
773575
873681
779465
788070
80688
944606
999452
394747
414765
91261
52444
54863
880863
113062
67171
217993
923042
96214
451448
554828
609663
47340
298339
321915
416797
265372
189595
65434
883814
981927
674564
134584
951643
291711
989714
133926
315017
276371
827209
66963
14874
571576
687197
904709
592391
243573
919031
279158
596523
979947
435289
683785
780787
228063
533656
859303
463474
153638
978440
541627
156689
612908
846839
754758
781476
314848
196047
618463
484247
141887
768671
527563
333575
544700
77043
866101
519469
975177
793183
543562
909621
368773
370715
376755
407789
896770
972360
332912
635608
545265
301201
212174
1443
842669
632492
969476
326575
212897
515968
863856
734349
520406
836193
827881
136584
153116
579830
352448
343451
766036
270204
210008
697539
508697
963427
901919
318639
36873
518678
409384
470037
140019
746328
886887
61278
889567
638090
821128
466625
388788
714121
323628
418350
65034
745012
994369
570272
616269
282891
477628
247829
763402
459123
808502
71002
178137
423382
912544
412095
974375
681447
52005
774763
893151
660035
637915
64136
258933
591731
16036
819998
959375
154382
853607
279166
523664
58619
31846
671764
406081
541588
719549
115872
631518
928551
499382
533438
471291
893462
129931
636705
916433
725470
614649
909662
168553
578100
712317
116900
456292
564875
357550
878602
791717
730931
329590
942401
914715
496987
50734
434089
130670
160503
307029
621759
634373
175740
661037
52595
813682
187592
818355
112727
196283
55712
401593
169652
948550
690001
315809
577975
715040
254903
371320
615241
642474
168988
771308
4732
214752
544760
756844
393760
149383
190423
806619
901814
152883
929176
984752
671804
49842
769425
539116
557031
777048
968592
107961
848623
260392
757052
918300
250052
62172
710491
955799
919774
469266
764077
387486
845234
823059
133941
601523
868160
988032
952151
258720
187913
123611
961116
21649
755551
410351
138579
794699
334548
690846
668819
529805
183828
561285
259099
143169
667599
529293
19610
159519
56846
648913
268938
447327
385127
152551
528438
327064
198988
518157
996253
931898
86397
166642
439343
236773
480350
452894
6516
853923
943523
605950
587916
900105
817511
470928
700881
433061
671836
185319
87512
499940
370653
367643
891927
334723
603168
801425
897568
139760
161863
289315
969483
757309
949973
634987
534131
417151
254269
399025
330902
983561
94614
780207
517344
428992
138988
946237
826817
979291
433264
765405
181114
860026
76687
147109
90232
134559
195679
80069
542359
892685
447414
788916
933511
283195
633493
98428
15372
685109
832706
994014
590559
442704
609331
240611
945202
339080
242086
254528
511825
427768
56014
154276
210532
540852
751463
666274
121745
114310
214251
922486
810814
150852
726749
822390
877748
858571
571650
519958
6815
251098
650223
729688
500658
236429
559486
283726
854695
268531
115866
388877
880676
168655
433530
14832
777017
793832
458283
562502
548358
639629
978885
767449
116922
11369
755711
690076
331638
271550
626079
932080
861263
451650
528521
623059
33906
246675
644217
751333
111714
522071
646924
831000
365022
82420
104312
689396
376286
541673
538269
881349
759547
501575
485171
340514
197678
707856
259746
582554
236464
231338
287088
322044
545729
363328
149524
743491
620357
671478
775338
626908
895944
336902
626048
723606
243682
287868
686029
246245
950006
611658
4737
407443
931028
775945
86904
307652
571967
453517
112264
354468
785800
690403
193849
500591
311065
734505
773780
910108
398478
161546
31060
825575
139325
931158
762681
873914
284118
928314
917244
831479
527270
92256
217309
356645
389238
348966
672728
346100
8528
101171
908086
902318
74529
10300
878399
212348
257082
74898
723981
137747
612144
846949
203579
435705
975332
501849
605629
199352
318109
828931
539146
231581
214225
685696
28531
334829
25347
753074
438359
701286
424710
525592
379439
920749
200159
647561
893509
164313
247560
481165
244610
187738
477137
675608
747748
23175
940898
619812
504270
37124
820507
806697
268537
159564
339100
863740
308361
141601
16992
538242
996218
579213
147140
790095
141625
262803
721766
970655
295183
877751
138984
71215
512248
932647
709908
511097
807250
969029
927514
476043
410609
281490
651124
302467
898255
686392
912682
274153
326689
840628
115889
920681
335364
443166
86831
133547
732182
809494
505818
113361
312802
392781
424574
383500
989299
276781
42205
25883
674569
837094
884976
139490
303593
450326
538060
632931
299535
526804
244192
564827
644543
256666
857627
483451
86138
309388
472426
676225
594187
747113
511391
155443
439296
796365
257453
90680
608246
890656
947024
935635
844814
840415
470537
502716
519676
193861
404039
662813
806526
954069
807202
73062
346985
608391
206528
801613
831326
848973
301658
364326
320348
484672
380505
110810
225327
668396
176538
874503
103111
17588
801361
61684
921571
206820
868937
402543
927660
503761
401481
966149
568158
20079
842706
703582
137505
215087
639046
890354
140278
488722
416355
345900
775821
462735
484204
857433
42547
285789
407784
582349
753192
126942
227588
571027
665679
257768
459731
363150
787774
527920
208822
87664
380277
338965
761303
802518
453996
273735
760335
192127
2373
867282
262952
872872
547233
536971
322812
391109
452750
810069
835452
414173
339422
606800
904333
658947
928723
869984
171852
448748
938678
52885
617330
64306
387015
888636
635347
703780
831758
644545
228544
452167
696016
708479
825613
667182
688669
867558
800173
922865
611526
102152
516025
652749
898541
237888
621391
990936
245813
552255
398039
353183
439767
559284
830113
726750
746070
630552
555626
369499
386187
739603
794046
453151
442522
664398
277559
525586
924677
187094
499235
947378
761439
684137
313092
162671
722584
386785
673329
874663
116855
584890
334873
500985
803047
977602
666087
228360
679592
827292
176130
990286
895334
518064
646380
867162
44583
510259
674186
643303
633885
835982
151746
24219
177947
230189
623936
47129
672549
784167
78868
871107
241440
578117
980789
483471
516776
16945
796265
739652
652480
112957
443452
261330
165668
551756
294381
254220
276923
210913
495209
209027
93416
45506
174703
13760
433792
720776
776146
557085
286422
55046
237085
70336
246001
740308
141456
440885
675039
161463
466761
566440
125603
646894
128766
298172
932297
517467
884839
792586
712475
568077
195896
333241
216492
341222
466316
705782
370833
158702
483229
223632
103279
30259
115056
224691
331888
16090
929614
746879
95312
723399
835884
720901
181715
830948
60780
966686
427929
988562
505276
671975
464265
575658
25565
182492
1771
455662
752382
222864
488466
883090
388486
177350
879862
581024
650289
775536
193696
868876
886738
220801
182206
727316
667126
596209
660886
750291
63145
532621
715224
555172
794450
636792
650252
323117
953273
963330
410474
746895
577705
881890
523144
26920
249649
141779
892398
783811
651908
508489
466053
547741
631872
576911
573550
589333
701644
512319
619568
406703
756378
594525
975305
243716
216844
741328
486437
254090
311731
46781
53356
28284
462386
346689
509878
958054
793537
679307
294426
190031
269453
651285
218660
449666
34173
499517
467236
823739
935696
299908
397283
610027
835298
917986
239537
297704
579469
738627
939418
874932
613804
556962
690999
616680
670459
689729
936736
60030
466202
627522
429055
876984
25841
181861
430720
900719
363565
824223
115940
995579
930407
918995
876149
596668
374502
585967
913940
192451
212667
230374
523566
818529
472779
518469
642061
111945
176105
810356
963082
267428
598369
304332
229921
87282
999698
62735
448221
163415
194035
861448
682482
151562
157302
952192
962473
953429
125705
952346
779574
43785
393209
868684
272101
358018
760625
402490
455795
911251
176801
180337
214457
522765
884602
321788
707395
682225
55509
103847
420607
764912
121523
473230
99537
45978
376159
747104
679427
686635
228656
493302
949082
832431
849643
900682
271044
373902
935429
460629
525229
134584
287685
76745
994032
667821
663304
135976
229162
118249
59614
751679
302059
535019
136338
677827
904454
877665
434184
884294
63560
531186
12030
363798
619333
440615
673461
215923
850702
607543
992361
777578
415550
539757
962747
945938
332340
929464
706672
369122
664027
884495
791186
735790
799460
579519
71796
909500
463957
723858
195603
778055
639675
953950
626136
15439
263867
373543
247099
187547
889095
982514
616513
529741
616812
914023
851941
451104
322759
552481
713365
835072
803735
299926
871763
765509
819566
865182
994812
518670
788418
1441
925286
119094
117792
11554
831010
872246
301312
587426
963296
663447
707507
728690
475634
740689
659001
167769
32297
552773
197167
608669
729372
108052
870053
771570
357063
378394
928270
223740
221775
861835
736016
821315
671971
515432
799292
771698
649023
551453
589144
355212
575754
587642
627031
927020
231071
464588
36970
126839
174953
240216
850863
142240
951464
89139
659592
157591
151120
257089
825415
582031
407184
919304
708357
559466
687280
877104
107026
523460
9363
338457
295302
108057
922908
418841
731702
569620
688621
146320
399618
608693
971723
426602
525900
302173
811678
468849
61315
264441
409748
116173
249949
512969
28644
862425
252323
451980
426096
482722
406374
263690
904195
945150
791375
994365
86778
564743
998292
360669
151232
376883
228807
360711
177458
298833
910984
163721
960737
703778
695451
612364
53749
220946
449684
529055
108142
886993
251503
86620
353798
920659
368508
841593
85747
267680
309175
898221
990344
646232
345270
65340
846203
661959
266171
988001
264769
543713
14249
987799
663318
922074
572244
884037
787801
763620
212209
696708
329683
545222
442092
173070
531096
646678
173657
797636
562502
231379
200642
109979
560810
810017
597470
246693
652355
363745
782499
972280
276318
381612
387187
365757
961440
728493
774001
510743
392610
551320
133367
25837
295094
958347
34720
209750
38409
834431
256576
56864
316193
249579
281267
939901
651525
322101
755475
387083
385339
976085
725827
680254
674988
25545
56040
605805
216996
167215
673336
72501
195702
551490
257578
180238
241596
815219
177101
174568
948924
973219
859317
218433
817895
736891
489423
598406
627899
791465
598934
364835
866568
56503
679390
266857
522447
980425
902478
553883
553221
838963
592939
704917
175224
552885
341263
897818
413897
513172
457208
850616
337431
660502
191612
634138
568700
720025
14746
888554
711985
60112
307181
544353
33933
589659
731002
796908
171946
153282
235368
237948
126248
306703
197775
934443
562507
363845
939048
248006
348992
855936
410789
790267
321469
690730
784090
181280
217478
535767
226072
746909
958347
305086
315675
476216
319790
974997
21465
130811
158691
450824
713722
332228
713841
171989
681639
938601
44949
158855
243900
729797
331845
508300
324119
463268
556498
371637
63570
791815
23334
77451
231949
596628
988589
774152
607972
341533
652497
380409
818880
512331
120797
638894
140617
26663
265027
309082
686137
783684
16697
682510
102860
43469
796477
556877
753683
396071
279738
6027
88488
159490
895171
259399
462716
934465
873532
282498
890700
6275
176151
301850
402803
502158
48636
591176
961112
749016
701506
449587
530375
603761
495066
248942
852126
219280
348876
115029
275678
109624
873433
764543
990049
268678
874046
768224
146794
926234
257690
244990
40536
205408
12135
488974
598197
97210
499364
930603
180203
645004
130899
343090
722134
659043
19358
49596
360437
550658
251669
811897
887033
81099
944082
625829
540800
970375
94526
842794
128667
589010
213164
567570
146763
49574
935075
494951
929931
679362
9017
994602
984775
492854
409882
137516
812458
917326
633640
191052
859093
237208
596029
645709
701675
373268
372043
191314
10697
27064
286949
628473
711891
14493
172310
525138
145962
883593
410735
690427
943417
568154
698719
709401
720175
957643
53754
80757
851847
63846
15452
237424
947586
381254
288167
721188
298295
385928
942503
214553
601536
590286
660567
625441
778390
211823
720637
498577
535927
245502
548336
836252
916867
599158
431290
337229
250663
181951
12248
794849
287984
419743
106718
770238
451265
759616
337527
933012
396064
725913
914122
743567
619818
212476
360313
194934
383719
926140
984835
730979
394296
497529
127369
120351
870509
77386
161966
969049
510963
683589
308119
806019
112234
288942
374226
1930
938261
883513
24979
533360
534699
715517
685401
723015
875146
840568
853487
741324
275787
142009
717518
910301
763824
73966
277215
786072
516474
919882
388575
570066
441688
236818
992924
876209
767801
860805
605020
21287
539394
317350
143772
63755
762332
633959
398710
176661
169892
147636
341020
337654
176966
562585
689664
254866
891428
15440
362070
741019
440239
140651
312177
254411
664921
897114
63690
361534
757601
894042
815008
478057
427341
285627
316729
171003
196918
819275
125702
104398
530749
558884
65956
543370
767643
224591
165311
974359
415639
956564
67729
208316
739088
975712
31752
465433
125434
107536
82310
986685
726374
505440
143426
964901
729593
636843
869835
950930
693566
732190
990381
319301
629656
517565
744620
279962
171536
605393
102189
750015
793357
563501
497461
391055
343073
383196
482056
483279
308543
399594
304883
580867
595339
223499
507686
224046
937162
30123
651257
463653
352697
913106
840847
770319
397561
961587
345944
767995
691495
382226
114480
975838
838538
810449
182309
113768
374758
150869
921878
936193
554413
241113
546486
360485
138389
728655
145968
182105
812485
348014
86629
358408
519656
188509
22224
837695
278500
556410
928075
38402
276005
683527
96106
117129
271251
673329
100485
575194
642402
993151
132756
959236
818183
929556
523186
493493
290696
727584
822084
325945
825772
593641
16243
284367
337746
450354
469333
663082
676510
73221
437609
603265
941838
508770
24385
862739
574890
858628
349562
45371
204634
575692
684455
905771
173714
599629
380428
308616
702632
95859
81606
743202
541509
334160
866632
214798
629178
70404
515008
870626
206378
621513
467992
635469
541861
575001
5976
780176
282006
785916
573032
124957
3154
209329
459955
353546
214096
341752
313128
917042
91512
671034
653914
634665
17044
661270
120391
171673
427555
18378
567222
969918
391948
928825
45945
726074
70768
848222
986834
829845
19224
507406
72370
530645
148685
791715
600029
950966
97671
918475
823081
602887
969469
732331
807396
40353
765787
214385
956885
863620
707474
565
854683
986383
299081
23947
893427
797724
185137
599591
188117
349430
144310
724589
444541
828344
242257
549141
870855
139715
621626
559032
937267
18587
391163
196153
399625
808542
118048
204498
969174
175267
896459
785914
786516
871659
681572
581744
70439
46726
326829
564711
722436
28230
978803
898510
68524
339608
800672
607803
451222
782980
392046
900915
808747
534593
339254
47256
913387
40117
597414
17072
790189
635337
584017
716110
20675
592358
414561
377119
322300
492110
60711
78675
1475
671769
665491
587941
633636
348682
815423
38217
430191
153677
505189
493234
82229
165071
580658
838589
122287
128698
374642
331965
376895
187084
882218
723235
989838
64211
571716
178570
644244
520647
15717
895965
611381
472707
170523
946598
386057
97250
317682
56115
436916
730162
292517
832615
223988
523992
964338
492186
323962
276096
671686
789678
334511
904766
663256
80495
521559
182854
142738
201830
34131
235076
523881
469755
241152
751897
426702
350148
547965
530739
109436
631086
980939
868296
740466
222534
132813
611951
967867
783205
137454
767067
596072
141942
735201
594228
252320
242277
236036
249044
41806
774182
109662
602075
830008
981471
464327
525871
523312
214963
938535
799635
115171
571820
277462
444515
261390
419908
617187
117033
456593
445136
900912
908704
605276
79434
9531
823171
160966
835513
365175
974160
756348
434943
299224
468830
97430
117183
926510
577176
135237
979369
153065
610453
670761
248035
364859
211733
721023
170517
317019
193563
371448
605329
568037
507106
336036
863966
332382
286461
210381
740384
54934
880142
57825
984997
380902
379362
435334
274126
196889
416552
416850
211224
558439
717260
80083
109126
288924
642613
915208
662509
262680
173143
14899
227227
302959
943285
63686
284965
212464
150199
662458
322316
285187
345123
163519
939787
693228
710395
656782
579456
313004
747955
200602
427060
297670
811918
206948
486665
383135
518356
139630
607103
623871
753586
749191
915619
90228
204590
526405
871380
863701
149061
355217
367795
207460
912674
829532
643943
595981
254141
90992
110217
473163
661903
693089
4851
659818
620269
73122
95520
295527
37576
855988
531712
997683
120128
423544
310363
330646
548064
863142
911519
394673
793210
166166
40648
453020
828512
731260
658538
668141
473468
257137
638110
36570
560589
828652
390087
942646
266239
655183
335168
111575
154341
803997
987684
239321
577237
82826
712313
230203
184736
465515
211961
878054
263084
610829
444031
702222
840816
585761
260939
188593
236684
428885
379250
89341
713219
734909
748325
66191
939990
752880
805979
994773
854526
857008
35870
93652
530949
437889
944879
527685
530433
877978
697111
9179
348334
834617
562636
413536
744359
365393
831740
674109
257409
93151
948600
383640
444996
855835
41856
842584
317639
409161
625703
701188
726759
741678
712227
205897
79907
166432
284275
949978
993879
677367
780525
259058
140051
27296
450851
362869
122840
704271
321585
896308
14062
365012
803046
293647
119845
154055
36493
447733
768678
401694
26327
546312
20724
435869
640422
416795
956933
491884
239864
234973
364023
851652
511470
230991
865265
845251
931960
22449
416791
75872
23328
923195
825385
682360
209263
144647
175033
519751
601663
204
282247
514994
554911
533316
451002
175872
238940
567727
948477
880233
403186
620529
603828
674439
525967
799063
245786
387177
608704
70135
58873
581703
554875
541557
438276
620239
380104
42594
982228
127966
685900
374654
246526
557002
751027
195230
906509
298460
558841
943145
828129
858267
532630
548220
472227
562307
773060
613742
162851
915925
770414
770989
98257
413000
532918
769351
804373
370461
103075
658565
178699
649680
324006
573426
430622
836138
362759
565817
552640
470259
134257
353772
669891
171781
386646
865825
356311
9660
45568
840311
878817
846346
225974
38326
343348
87015
6407
748948
819886
340901
988278
964628
374001
378593
934081
496201
303229
964566
72016
184505
773607
621131
496247
242652
126456
130605
629096
597444
480741
859255
704312
682646
368422
832141
902540
334326
411829
741865
129952
246721
737828
452780
208435
375540
941275
629910
744339
587946
521069
409361
111232
360834
474775
813928
346560
948319
799828
973461
581247
310472
909152
330103
919392
270640
985095
249506
468196
315537
331752
722321
982517
17137
641611
492214
440144
423623
504156
669298
346253
884918
819524
533408
69261
22008
257891
301900
649471
154326
380715
608962
13198
115603
759260
152128
876011
783913
458840
747085
753074
187115
82658
838627
240508
707785
976567
839623
682752
257714
57353
848442
442918
102484
556692
802439
588650
238207
956319
424381
547049
783335
847569
89015
232908
132872
922542
203479
595470
357412
876332
29201
30891
867368
753142
236387
930726
694317
691900
573539
409271
257050
880949
689008
272784
957478
626930
547210
539531
749243
75872
435390
676146
110262
630618
974714
796394
623435
350441
123775
237052
870470
541657
967027
713409
926444
23993
553942
5034
554432
956910
919565
947754
436513
441204
402138
97792
663184
544179
826413
830180
881552
530233
941587
727053
483494
253786
820173
64605
620096
328801
880956
982378
935986
172082
779511
519786
786267
718718
625407
92986
275558
487649
819018
776459
483180
732251
160123
79466
11703
894761
361075
47018
852066
281983
854913
501999
585308
778085
548853
185242
223563
900587
961234
949708
191309
621642
25889
313561
112857
392217
85666
592523
683332
382440
64734
114896
486112
22525
319960
957761
727039
992681
602401
829391
397013
343621
438219
666252
365755
984526
45941
535700
913808
244122
865478
559894
501818
808951
798773
996290
84362
306975
906564
709713
120126
633241
720076
265132
911903
976686
497204
830458
954635
355334
838395
975689
853005
684192
898293
482712
548456
194987
610515
689086
461747
232323
359514
612155
786334
721867
147062
748698
851474
963747
351400
98175
926135
694918
105114
896147
306191
829443
493587
637192
374463
930774
466629
800587
628462
397795
71876
304518
228102
348942
623761
161486
372376
882041
449109
713392
238876
724507
634025
99539
742742
117882
409682
865802
523347
534149
935178
496697
44690
353104
205753
744032
65024
14572
273091
805385
512860
875810
110010
502090
203386
816268
946164
296760
960931
533457
43448
384616
884825
293947
190610
891043
858488
317431
617478
83045
785719
481512
190113
803922
555470
877031
158827
814454
441842
147164
877176
50423
409020
142898
255389
566426
172712
269690
243328
416238
25912
886878
539529
102681
820856
641023
685685
719229
213405
796078
358025
371078
175751
916036
37795
400466
427238
584479
766379
617342
12280
569977
182761
356937
1328
392934
748849
359400
279794
554922
459001
7846
958907
769588
964235
986420
756574
179067
726101
74580
365865
51380
31582
697182
618214
785645
4691
803694
956157
443081
600768
833963
557687
14872
28122
80180
199837
427090
148984
376808
620159
391537
602274
892690
647504
858216
939202
836336
566959
523907
42872
55711
177665
745116
320009
511652
493113
927351
684343
108953
291257
830971
324459
605746
295378
346702
358287
424555
36648
971723
846328
125712
450353
653283
845505
718504
716892
483981
981363
498559
786766
243691
303392
783375
864263
223547
575311
510154
529315
256054
307345
288455
822141
796553
311602
179142
435246
892013
498123
715553
18035
865701
56052
710738
907116
60883
903704
463259
597249
458872
397345
451542
181151
41863
928017
903833
822624
392484
564530
639493
301065
334846
653030
495148
681645
595653
250712
291292
101742
71818
980563
697356
216291
29427
423473
822114
363861
290775
110187
461855
348068
50108
513552
167976
519879
984298
816337
243506
749553
244971
756857
343304
494350
134050
953465
924092
137964
731526
535713
201832
232247
753209
122731
368992
399069
15881
657138
514422
9680
208898
871808
665000
988138
812013
663620
862954
100714
348906
626850
3916
923164
227429
319909
567497
939671
302584
204560
809643
421856
919389
605394
785629
389868
454094
444631
682639
414787
598075
709307
936128
353088
226087
885849
101035
418933
729696
864386
435600
123563
101145
417290
304157
389319
160293
370812
391161
832904
660754
756909
914734
476012
972064
620270
435184
36274
332189
417499
9422
66491
69342
114832
817140
915594
589212
540283
537242
370026
187432
281933
698829
879215
671884
321994
583768
762132
709696
805633
482639
206211
9158
444565
639607
819380
544739
506105
23957
71789
765498
603770
336530
856231
580038
230262
907144
627985
146739
722858
827755
36014
634394
516969
482454
108953
197655
204393
353137
962153
701065
449016
246461
619759
871590
575308
139004
621084
964344
334839
97600
515392
978680
643065
650062
570733
703429
664047
41133
638458
919233
362602
395537
637347
722249
418651
926303
891342
514191
215722
418781
503208
114581
233125
631928
652526
521351
844373
124208
471048
819958
752045
126116
386575
162797
466268
729077
286639
423538
221442
384666
888872
504026
183934
48128
738094
41993
913958
64924
503665
194118
877904
907086
782327
373495
245837
828787
966756
778045
560630
59079
843868
572398
996510
565685
210751
608235
2791
27262
766099
515678
909680
789953
200960
859667
873068
345708
422196
398063
881870
863936
941351
403345
105376
213882
401976
765251
710131
461027
335030
734940
894321
655414
808444
604726
31758
465065
210164
429128
148637
482138
304636
669087
457855
520983
614309
218878
875254
204810
292056
616270
395927
737279
895699
736195
685662
268820
429969
769934
963547
184124
142856
773176
502667
180527
849100
128418
949570
234482
732817
719190
547779
379198
740429
682121
576946
416528
587132
348591
571616
283276
776573
438075
658758
195983
775130
803826
764302
823696
822501
488811
336138
460273
853885
473829
464455
515112
997872
563141
740156
704388
752442
233642
797853
176287
210220
817775
956557
356767
30568
225916
734000
855592
843273
465033
690526
977826
831903
834097
755827
924770
719447
882094
446723
57207
81466
686007
239659
703188
627340
837619
497859
634133
541076
182424
952815
899247
452156
617317
198037
618745
852942
388216
195880
665681
856350
607821
258403
177708
299655
188243
775442
441726
321037
172204
430346
659586
361186
205378
519801
154214
325700
647745
928088
157655
125251
967732
351805
497828
208096
652223
652
953681
624977
404790
383054
204667
2338
134489
658074
604195
570997
627374
914991
846040
218538
121657
198500
981957
791386
961561
841718
239189
243068
86722
708033
580990
783978
451090
810378
191089
918142
890834
87929
167580
820374
153484
994980
351642
796280
288708
507333
875129
418638
659284
654094
496933
855378
443751
434323
249013
309253
881362
353702
153362
840152
199754
410241
116800
781294
779206
654299
871178
383801
846706
615965
5454
759105
833356
676718
570210
671875
409119
555243
772130
289270
635098
664626
209432
893225
473421
300445
210118
155016
293567
697869
689298
526397
106990
469276
101519
755058
157604
599348
496612
207029
596402
191102
342619
544309
487948
194354
500744
619433
585984
52429
112147
91920
828116
456033
199205
610387
36284
267334
168299
716998
362421
77614
760202
929421
756673
423830
436959
791259
248447
990041
962161
746966
95334
885919
712310
636503
558942
215474
43006
424141
498811
6129
550848
91776
360599
773725
473024
852339
225034
686992
896345
950308
226184
990350
702764
439469
24536
587444
743461
638220
483437
237197
474599
303488
42915
380932
820244
617610
270551
495027
220026
952147
111395
963674
517533
782124
563701
125739
112349
981871
177802
552577
632772
692741
98956
47217
526510
803394
796230
543737
57621
122666
517248
908758
986809
400215
882236
137329
715624
494194
593355
731641
728559
586014
645964
425996
147293
894453
250754
578830
289968
799594
312913
323484
866783
5262
528533
39835
844547
608110
330592
619306
823331
640281
563342
306870
105050
261631
898117
80939
432743
26996
136974
345672
238097
642580
865675
527947
730229
804929
260180
813644
408686
78536
631026
197990
399327
475106
199287
94031
718112
780886
318520
533961
911042
560700
386665
632817
956481
324252
900627
480757
34309
861300
876916
829603
729301
874776
603507
897692
288729
209844
107966
736743
358601
970989
408258
222434
545976
510758
407430
5203
280631
979103
91877
192156
930343
929015
146022
834445
176991
490962
137785
240596
798325
101845
620945
634639
228141
668430
279384
462786
573692
582961
778964
64292
380087
578493
989396
429716
66845
148606
917782
209705
628413
480491
429881
37286
636166
761583
56857
492364
761193
419397
113868
319882
486573
74108
564344
564240
546767
192218
918415
755457
672467
869149
725865
815431
594411
910428
455740
363392
918211
786061
721850
970582
687079
479200
195400
128940
464786
89288
674774
290548
549076
586201
349471
731101
272990
144588
166463
736554
354669
111776
804524
648222
133841
672475
425234
326355
689113
940335
360335
565675
83997
942711
497544
101213
697448
398688
52390
684913
294272
46053
548529
107463
640210
352626
334599
568272
237311
694762
697912
504736
321981
2244
635201
719516
639339
451664
592164
239502
172918
116248
468640
451031
810721
947937
519250
452356
677172
545041
366056
444281
367427
319274
689982
626185
346521
289652
37975
612072
387778
670393
461881
978872
658482
743210
762597
984255
675221
791775
180913
398970
785396
936060
403076
758154
791489
721967
367662
2509
632639
875221
314977
978888
824720
31036
184592
179520
588956
988099
125731
449640
928987
800862
784212
54836
44864
481270
935721
254412
299843
748653
782542
753756
57929
9599
874766
642248
982385
417988
893742
162621
550397
491282
120550
276835
916059
46655
233341
15982
447184
193668
638208
236436
26112
263037
677598
946649
541468
738508
645347
831813
395368
138782
939343
716279
931303
153029
819155
123668
204390
59589
695015
69656
302371
380330
553802
758028
920664
230358
237079
800792
506023
426969
539649
940080
134371
178681
209131
742122
503736
23185
2727
380016
14841
549077
856264
12369
688132
937267
602469
13362
279572
784533
747885
290721
330595
265987
494114
143498
196730
513830
475828
603138
420310
863079
529787
742593
86521
40054
123727
109165
827978
586343
704647
677457
664553
128566
996429
470188
745683
334123
132059
678310
247151
920345
937812
417949
49523
221952
830721
756766
873782
10002
216038
53040
309202
696083
375488
342858
614773
354585
589150
796452
236549
680627
950553
902506
263533
263526
590002
300621
312585
816466
553926
963636
368554
117172
490800
41233
322182
560581
801659
64526
191167
5119
831042
49893
303502
344895
889831
999247
16268
283141
229612
931924
442397
965017
27761
865217
489273
452745
510794
251192
69464
39757
370492
209441
343162
959627
622869
226174
875920
156533
322661
780189
610058
348880
127452
542502
438782
78672
594754
988820
30961
13728
862733
632001
771270
444477
914146
385433
833281
484482
66219
931313
968182
912190
47441
71472
182226
570497
58134
173675
955525
856118
139026
624975
440779
271914
390409
991607
766934
516203
867621
773982
117786
677835
877908
794158
310452
973764
901760
454071
493816
42485
704039
363899
734869
827979
687960
469222
424295
595323
26505
613659
948633
739947
516503
651881
276341
601328
700186
289436
231754
479474
320420
36656
8633
322348
932503
298337
802588
877904
270624
122525
494802
384775
116116
675611
942507
772886
516197
207045
459757
375068
286593
765969
535937
307768
304199
808942
392253
501703
196582
878105
697551
819339
728276
936270
307778
620327
224040
326300
745904
685894
81557
691601
674629
540
644484
693333
689195
109253
689741
304467
680535
885193
340817
937298
591664
229185
856630
483618
83351
966995
803968
455857
36119
46296
576137
398781
74795
55583
563869
155236
174118
752139
953780
465047
901123
470615
764300
933997
74889
651514
143331
32212
804314
313765
675726
914210
863577
434794
589433
319177
385142
903286
34940
169577
523352
900671
285590
400576
263590
813433
706696
520252
610033
703681
928848
129649
607361
207965
221952
794982
505850
35675
376059
108362
376746
987733
63692
861380
534066
740502
197987
463144
117711
478807
352749
525957
425029
793314
445391
832475
948711
694296
187262
483818
796933
324238
868414
405605
37298
303633
348148
359878
993776
281162
367914
18491
611707
421885
569696
142511
844971
509705
702210
608470
548440
932457
854345
539410
120295
787528
522130
924131
700769
641811
357744
923798
969684
938320
872502
943051
448920
26172
19279
249953
712045
243588
659434
860480
232320
906908
527250
643458
860236
679102
898395
443135
345501
595330
292024
634675
480817
617942
156650
736462
262007
571291
66707
889945
231033
77469
712745
861184
413973
220652
321414
159616
37926
261851
590683
353581
107203
693589
721157
505952
182749
787607
377080
477309
182604
109261
484695
104797
318179
574541
396326
345372
419007
40298
211479
318208
481695
618422
467072
873348
439085
259608
408878
731201
794203
388677
896851
604216
740137
444318
332250
432318
995715
949670
165339
588868
66950
211487
743978
873090
914915
774464
470346
480064
261660
399508
959231
222017
606828
376433
321985
978636
862275
160660
816013
295000
941999
810390
403029
182483
239062
495245
127895
85391
530080
307266
18635
814858
226609
350154
436469
95960
196500
255939
898203
459439
941171
362093
666257
388303
878594
792098
311152
917580
594172
259571
434149
693049
376518
448801
435813
471347
948719
729077
226750
467911
342361
334460
526729
7169
34865
344419
346172
597970
150873
907498
209436
642908
221672
685384
811407
479710
653767
222300
146831
607863
378236
752139
641275
234776
46019
965434
322759
473227
944856
521513
147988
244954
645458
873770
328091
356381
910953
148926
654018
459940
343960
110027
789073
155581
221662
141115
694654
819938
478878
153971
383524
64386
283814
120174
730386
709290
430156
349494
601024
983888
811188
749055
947485
267580
427375
737312
403524
787219
4414
987758
119692
83650
83700
931575
655998
851651
243705
123608
930018
800271
985002
115196
727986
898336
599006
85297
18608
65314
243396
249640
349971
300598
506344
920137
84701
523169
622932
490673
158152
320279
535699
789001
684318
795104
745489
969604
497832
330149
179486
481140
187262
100058
575633
927370
812285
816967
440009
636136
607831
180468
432399
118437
749317
912048
128023
785884
925591
836030
753254
546865
902763
821725
822285
243490
759100
891699
262483
778693
606034
123477
552177
665124
793367
979317
2294
269169
851594
218729
596747
910375
55052
265492
914833
35200
859352
108083
832550
623245
910800
478342
905671
246773
90802
653848
346575
327692
131049
227949
162846
429327
453056
291144
101461
873530
968305
385302
700541
97926
961244
691002
938375
503042
465299
488630
514030
308813
495890
185650
4473
63150
294476
367853
279516
864144
732704
779005
189182
934429
874795
794180
320918
717557
235127
898865
136686
192011
986000
131184
13706
219292
358519
734000
244386
564237
141424
587790
864010
340705
359990
443747
130610
107412
195535
470247
621386
917206
271546
731712
503998
385959
495940
317419
353439
923979
155193
353797
785505
49387
2296
372343
177025
812424
674656
870908
595583
35676
107430
219217
346825
71567
811465
323640
924152
461715
605084
75688
644531
117404
668738
527764
678769
120319
916985
855254
82525
739942
540684
10680
526994
383406
324460
671135
738565
201565
569818
369749
1346
382339
155963
392049
385807
949868
413517
436197
185901
286270
255353
280036
370428
108406
696318
474222
217342
809081
374669
960953
225460
743066
217780
666814
202020
990055
667826
941021
158780
935984
621801
998637
743377
724565
383793
573988
549120
353291
506696
570976
948277
295275
477480
987408
454474
580598
628593
883713
209287
517545
643526
678025
634888
621753
818612
975114
275388
34092
50187
299299
330505
599956
386897
229241
119245
367144
571596
366493
362048
433856
652094
723226
192949
77805
789998
535646
884799
19250
852960
271363
553904
845411
40038
269560
282173
334553
214159
549776
993469
455696
706046
380967
408400
94621
832599
153517
386077
630734
731602
851088
864179
161248
71153
37258
531089
349271
156046
712324
796033
148286
814670
292517
320670
207995
785714
777020
274807
18510
978188
153542
408076
760358
376974
659292
9781
551776
360701
266876
104034
276509
401413
570610
6141
11838
471079
767714
875500
489727
324110
138933
492658
975021
782655
810270
700533
967109
830637
182984
551578
28587
460524
446750
295820
901123
301694
162102
110428
105072
718602
833819
163587
135015
622058
599797
242178
84847
383203
157207
559018
430967
902896
398437
201784
144979
145527
736480
355288
800597
839709
985104
258954
882692
276917
367053
263842
995004
713107
613033
893545
554785
599103
897981
696226
713793
145861
348943
896871
282438
756138
913629
477489
928596
36089
498312
2805
315909
397819
290016
96172
307070
573956
439432
223468
148462
120810
619974
496306
131747
257041
968489
875457
693768
932194
162071
701667
205439
844890
842418
309454
786135
290814
505703
744418
568426
262189
207763
453775
907286
623693
224721
91348
947414
310631
633188
556258
653884
828175
767422
72799
984077
48764
608491
402694
977913
94262
544925
558507
859957
414637
246612
784988
375159
866789
25514
690339
608781
6927
599608
976425
770907
801716
474601
918965
254191
716874
645145
902673
992515
731561
361641
829389
26638
232983
210658
811357
119431
129407
124803
800413
306615
147457
487208
708661
263097
161379
32793
537368
367825
228068
597165
807078
786023
508977
56153
83698
214303
958385
698970
340381
32405
528827
709818
536865
72762
18087
729025
219498
279366
920898
374268
546846
756441
99355
50467
499646
940018
556282
802665
902116
87050
274544
562277
869740
22734
929930
649560
444272
83064
876127
371482
471595
137865
81353
364006
392703
419941
828336
252222
301905
764682
505538
101436
42706
957998
810175
808439
793497
532917
138928
653262
810284
470604
767159
535508
51550
19237
395394
855256
555410
822479
201817
728463
483933
427633
439511
914657
346570
829474
381238
352013
632503
840936
207363
682809
139932
393548
835376
544538
464108
40790
827784
611388
317587
831595
308093
935726
14880
856255
579101
482190
371709
905528
874147
482668
568921
713185
895722
222046
935782
565767
431933
827552
754430
984116
881545
747749
822625
417797
27444
117502
743385
251562
403078
223462
380734
685306
695621
493608
928150
378033
224416
191341
513108
326407
40961
726566
276417
440749
454085
984018
790776
720743
926408
874604
588811
927937
624793
376565
386692
218799
367245
260313
311301
402821
497967
639105
14609
112911
869525
997364
53411
530638
724814
654570
826876
976784
998647
72815
710331
444266
589229
578096
650532
310485
174556
330342
218371
372323
497846
848348
48553
852252
741248
435742
967317
589817
815238
872704
52335
572092
492527
919560
481581
428586
38315
937913
896728
613542
850184
369469
176617
571244
323620
887086
113421
944422
177341
663233
362568
716270
198116
527
692021
934433
752336
941313
723116
982684
245967
370328
806012
314646
713368
823447
593623
87834
422971
14669
495629
356063
198521
404675
58097
152262
143152
817278
316248
783087
424751
71217
842047
902839
777128
458306
11532
957586
796611
489143
509421
627394
788559
205565
846685
447218
951443
35925
218437
370737
218883
19291
920319
225934
460494
87988
337781
892428
165780
283796
930472
748290
102581
488490
316365
125010
889861
122984
957073
780291
984475
649650
271422
88638
82313
64354
5110
17250
124709
779894
967643
15620
320454
983895
367633
569030
699723
686598
250907
90130
115733
503013
152034
309300
515284
889888
749396
938002
441727
432054
379241
805704
484317
122984
227329
421732
225025
924156
269738
709371
670227
991470
750717
492774
597064
511796
963623
716253
694515
54509
520069
663277
714293
653989
746729
135897
950352
798215
344250
970827
283802
492640
623160
622197
455757
907020
482844
143049
590651
973055
94813
599697
491615
465778
630543
330603
749262
351911
579750
461221
426636
785819
366233
666353
228986
330632
834466
327429
78893
991060
205857
175122
469211
855897
224416
626206
405487
456594
841458
692992
159932
255902
867316
520568
960781
432884
663093
366312
400794
779364
203762
711219
772376
40838
455674
98609
537448
911937
663664
443340
314095
861497
924015
607802
394245
230166
70216
394903
387398
543086
421606
995613
589447
527694
202259
548611
552227
331498
626579
950384
142515
73182
515886
53211
294363
198176
688204
39553
186177
755653
608184
658753
869401
945580
818695
816407
16988
351435
309714
41075
370583
654292
953310
216437
440800
833987
233309
939720
178787
947399
832845
977496
8346
218442
215935
944049
39451
630623
954034
271798
127499
277319
121694
721530
192816
267232
236620
790974
26085
759851
918882
997704
418918
127352
45181
493020
664587
363952
993399
834521
159954
880447
762824
34739
706901
221852
810440
266697
986394
470518
699218
100387
484105
754621
947269
34377
486456
268170
412004
322370
570658
249899
341597
555816
456759
305615
385639
85732
662733
899658
692548
345356
826228
310918
718822
212758
285159
619079
379630
641463
114077
302681
976079
208540
311935
664280
382545
538436
765749
875356
476658
639736
424026
193919
138087
995560
846222
526668
45312
566692
121961
701509
987561
479155
821452
127121
849932
648660
162260
79168
673620
972430
988712
526717
236813
775286
972402
711567
54823
689213
905771
513227
936153
356275
675854
604698
95139
437852
132334
905379
295403
494317
974691
859092
181641
311012
557536
737874
292382
182785
562656
266107
704799
781604
938879
966996
128432
465988
568357
810580
13355
750345
776285
508172
262655
210503
374468
6001
605301
740184
534364
111624
396430
60629
163776
659948
612105
608113
236338
958847
584897
779954
737616
313835
702130
909068
978470
799188
194396
815579
956700
338908
200768
179708
396624
856018
150023
664905
312063
623928
311618
113008
121372
8431
902924
740528
887491
325633
222732
769775
154759
871179
617239
515514
651495
943941
45298
739225
572192
208111
381365
968334
242972
343066
176266
915114
983048
643409
205717
169229
563843
739042
54062
845688
282994
604940
487561
430160
713776
380166
840567
407154
576995
884778
533637
325869
489066
778557
11714
54688
763442
780379
419935
810353
434344
436547
930542
621543
826632
734077
304973
412005
300884
490148
597852
236676
753633
451540
830313
652684
272843
385776
349933
631502
242825
257552
71280
421920
111259
844998
85127
769078
562976
628364
755774
876825
574596
746763
239888
354311
351062
945482
512595
687656
389623
871537
245233
535144
62702
415225
412560
507829
269977
598451
923731
269527
188350
172145
337338
819814
201152
595733
142501
287469
863469
896116
674870
717402
521140
489190
693779
314590
419188
719276
536203
768167
585199
18367
98320
250359
538269
315377
990690
466849
945885
834178
53837
754592
973831
79298
86472
181780
38236
832669
391807
876570
415
865800
946475
167174
687677
623111
359772
890048
662887
667672
328856
824952
191296
783615
238110
374407
122290
907055
360195
329508
471707
477010
802302
75839
256677
788021
855103
159805
930228
532307
547833
499025
708088
864317
274625
232371
396194
650915
892942
787840
218291
548225
739488
437038
248431
668584
136318
874538
321009
822823
831960
444688
889688
312279
851658
788678
479
436864
210625
565750
109643
575211
111736
173798
48893
64773
201948
208693
841767
433581
962510
34484
98779
827099
116486
165790
221439
914156
368917
844150
966941
829390
129859
674812
275927
468932
161558
148619
218487
793750
693876
109714
549541
376345
790496
964204
959794
793814
854752
381663
19536
666074
606655
68078
71460
507226
286127
568795
600948
11008
660614
759869
599675
526422
320681
525753
579612
703374
973574
822816
967603
306091
40059
964837
15110
517840
216340
877561
870234
799203
624049
697989
715426
499742
904518
566595
7891
512242
738877
460154
134867
886935
649270
364564
690959
360181
263470
184093
167979
374184
971389
659546
556693
577588
543865
285892
648883
635461
642553
778016
420794
219489
655156
280572
720672
595692
961927
15688
901801
400727
190549
995470
973854
480423
563016
787279
390493
562973
25782
138108
531401
45767
240096
551757
227425
13539
88596
136066
308142
856555
553714
923572
835094
735938
854987
849111
848463
488697
312421
947151
713901
250686
547547
552299
799643
991329
551905
158274
246824
440132
401126
607977
694201
462751
380882
907598
147549
474606
482990
400244
821502
106167
154211
418187
228914
73723
126171
468011
788849
898425
148356
400557
949089
161753
501683
402598
998158
66876
448613
42753
350837
66461
360608
657848
785599
669668
941176
182319
491147
33671
396653
41069
644836
735709
803890
288055
187026
718081
151560
650827
216716
704031
450953
120950
609803
509406
758017
213330
848185
566634
183671
402400
519752
362909
540361
182525
349088
854217
483829
500804
700528
257508
570484
923265
789222
281425
430080
440269
342649
397959
921911
857419
803427
996896
434072
397949
783661
947712
696042
339076
173090
877280
178811
728434
354661
550006
310342
961549
262879
884867
488110
341475
867792
656952
174759
333573
279047
898246
239604
794721
544749
817345
264906
347648
932475
247664
305172
706328
672651
418803
278352
361039
909964
708241
813078
382349
822224
948830
715385
620604
882432
219205
922438
343519
814383
14712
893161
199756
882123
308977
988912
331079
642416
605027
731815
395069
867862
584130
536225
955290
740267
623468
876312
65223
403452
18866
899756
977347
357068
707783
63047
111261
441223
826756
34466
175499
773968
528854
219872
521579
141047
690501
5144
210899
308038
610145
321968
857174
528378
634379
771940
55574
816527
916701
343206
568897
904437
361079
268768
170
259422
909607
481813
261572
444665
547956
460069
527293
806009
317575
417199
337333
3598
493559
314385
396569
608373
867120
630283
138336
780011
448063
829697
546210
255549
598972
938975
402576
826107
902611
810839
22676
776970
22449
446213
714182
2137
434889
935220
65287
714540
608832
718970
582206
74516
519675
553534
279981
385471
906370
930714
25647
432363
146449
853147
669904
149110
279611
567845
158537
368402
833020
176180
55702
416532
247513
370429
320822
635819
593590
843123
158079
377517
938420
743525
449499
884557
578820
374916
389795
581737
669005
551939
302998
524288
3446
492119
311861
11009
21456
449310
291071
89150
450275
418588
172548
38080
759828
234208
735016
315060
40815
11397
983671
417858
967511
505300
996511
42558
985991
216263
75726
342135
898116
254376
852521
509741
739041
268888
34405
582817
41262
356716
385158
654276
146495
712306
45810
15057
845588
113745
232241
876342
349802
566542
439876
285037
792285
283179
416799
175850
24056
14378
689668
380653
35931
383087
17916
634743
374536
970755
975029
528665
838538
67189
897011
920231
557890
661467
851956
758796
350863
875702
244645
243639
539417
300083
887162
841907
938426
538382
557102
786389
663754
865937
325591
418254
597574
472954
455140
279969
169372
261691
258487
833198
716630
182939
206425
515628
228320
67834
703710
858293
608632
776177
188630
263291
719601
993880
760109
714904
298659
689121
420768
26052
446194
631969
121692
172512
665146
276911
146869
945391
701524
287589
305023
572196
313992
262020
912077
598485
142735
323828
770308
35023
677187
608360
941594
855620
849381
675360
429553
149472
689738
418440
628426
224121
524388
776894
474151
935077
694889
82929
518786
684197
513122
467876
168995
804606
494994
287762
405922
400104
584897
845612
507321
196768
926052
853246
258693
650264
316586
930031
547801
694287
65061
838823
799743
432059
285523
929227
362188
315297
26441
454052
752351
244167
415995
862493
289974
484418
799978
414955
370412
395497
766890
935239
123411
822826
645839
379031
609834
69050
211892
176619
30075
907048
150503
189986
761620
753163
812148
546029
199199
506266
254221
486123
68577
109274
747987
627124
725195
814066
705795
152817
940352
907610
717504
879080
58532
964594
391160
594518
87517
761775
359158
934069
68074
758256
670468
491549
390044
42351
825979
299015
115316
618898
719145
226924
724635
765089
387293
592844
310840
330259
478289
759306
787570
272705
975093
409908
215426
61180
282068
700257
865715
103994
458341
985779
845177
252779
291504
532669
663915
554346
405211
597118
864159
701967
378833
194762
595937
348065
364750
999433
821007
235112
802569
490457
386580
890465
55677
856207
267967
886731
620310
328283
918911
15007
631861
150153
87549
69532
443552
463716
254422
798464
249865
248949
677364
797458
314489
91177
954696
34972
390745
287696
88230
8759
456157
257282
686716
449726
241869
720540
722800
247397
496818
861352
488406
321506
50841
981083
578507
484361
342406
790327
71665
54389
335097
457937
710599
583778
132630
129453
670435
881624
209011
947333
990863
947138
505219
974184
547006
457181
114329
879743
959721
940812
681308
75372
874187
892360
801286
427595
345269
376436
471576
191514
634254
414670
399966
663029
404651
86978
454426
524538
221447
205529
446800
587339
565535
170574
183917
831281
963053
941697
404053
828638
607102
818053
437704
494027
326898
449876
575408
456128
259920
387042
814409
1778
461571
4558
405933
973702
503413
45237
881659
17012
742663
130401
997603
61958
921066
270111
74833
905408
89373
494318
619892
382042
896067
722579
170730
66601
298080
537738
504778
795484
992624
809047
833037
484577
903460
826682
445273
385127
986938
374080
435820
238335
655543
92854
645538
171996
179332
457337
841698
466105
151843
451177
964203
518425
767948
949884
547383
41642
339560
681774
622409
964547
764585
530646
426520
638988
730948
201300
488408
907773
79628
604967
539233
979327
497900
961883
705918
3438
897473
672095
263189
300160
992082
412085
23726
812671
574957
165890
933217
680178
844767
805509
375456
939034
387855
677092
603103
412184
426039
896802
64796
738796
206208
71789
567438
816280
270330
218644
743982
390498
935285
808150
982556
182073
600062
516502
781296
167087
985081
264298
172702
648421
890136
675026
923461
199108
301109
953861
451796
379687
101714
757671
364505
249750
637290
38040
714664
673006
15283
167270
440612
434204
673139
380386
747629
781320
344060
342608
337382
425870
480198
682680
331553
700967
983847
696729
36266
866982
212401
7933
475245
864159
637352
637160
789700
917986
951902
571882
561377
707813
330989
722324
601621
178111
420369
891719
144634
362705
476256
694568
566915
255103
992998
304687
299486
239708
881953
809823
973699
676324
770582
137680
803677
71010
509774
696616
312337
172466
156912
878248
53039
169121
248828
776354
601460
437680
43361
928969
822393
825400
80956
627360
355132
226343
202543
108437
224138
450664
860889
117223
768709
613409
458167
988161
57559
564438
676183
656683
379892
699627
721524
764374
566469
59654
496499
562325
134006
525139
202361
638315
883293
502369
134951
549119
350469
394665
583091
531820
419863
283823
442916
545781
557668
841026
931113
947862
189458
792989
348951
833397
110944
630960
334078
274935
256599
769272
510182
694255
397775
905994
487851
929714
157083
462000
559538
339014
296466
400426
398983
551289
9595
788886
610645
22925
765076
777770
449217
341521
589055
988253
240547
93451
522442
125221
410401
813457
785177
28
996010
653686
522802
620220
518476
479138
961573
341193
417395
960891
266262
163598
969151
542975
139688
65087
187072
420980
466248
492797
531409
931958
971155
596729
602190
176111
14117
446832
291763
851558
649983
208916
175122
372590
882900
118731
36656
459774
229808
327824
519357
510689
221382
101816
622959
177412
862420
599631
410362
17901
538997
288673
989102
545035
141315
84820
928876
868904
433638
438898
972358
869754
379646
244741
545331
909273
329449
479003
933035
103756
189553
740073
757797
406780
695125
326540
664043
776458
140530
703850
223190
503676
862478
83319
733484
389138
511746
727956
294610
615351
398913
296209
287471
722579
394377
633491
875424
122621
179748
356113
654161
541902
278427
558904
849918
850577
447416
75503
607239
220182
970359
952437
985769
692454
468553
849254
575327
399696
11204
387292
386708
878370
717482
994481
598467
686196
215955
25123
716077
53790
545146
960081
284278
408585
389346
171874
742237
77219
309667
410693
488918
570668
110677
687698
674502
878445
740311
15439
20762
474441
777853
688783
817477
517484
481300
888758
101972
577504
892690
641687
561647
560958
675359
252286
846830
240961
540922
586441
908629
778422
288522
734385
319598
56464
577282
847014
53377
962968
948655
926425
902963
21121
664353
124435
906041
405337
807667
484418
54135
6684
93753
83093
143033
439523
897286
586428
665612
61561
8983
305554
473082
348110
55840
152471
806177
61381
998000
600598
363695
192552
966851
616933
297213
559483
9572
203083
286596
607086
288253
828284
102720
570412
163773
3391
338719
697232
119076
150320
239974
951479
915758
254498
513441
332912
115801
525020
471173
22992
446037
181636
502884
668195
159624
323610
271883
603004
902395
457947
248443
635566
567908
105030
50627
407443
715984
275514
151478
667593
608557
819518
499790
676093
763825
722843
320669
640031
358251
429540
237804
917237
584676
10390
688946
883916
97393
665050
569970
529480
32280
987367
542706
400157
598877
17220
276307
531350
603880
863019
819602
539859
42580
262729
541786
235984
427734
455778
388163
982687
838216
262418
346667
103672
675857
141486
64943
167271
477747
108041
897607
764067
548273
368659
51644
813183
475739
527259
454790
525626
111287
794741
157318
531057
59662
106230
811036
117555
24976
309596
644006
148341
359909
383883
672854
142364
547281
325298
952623
83768
126786
167500
372060
951185
119225
39747
637229
377433
625619
193646
582766
146752
971891
813755
251750
540007
534478
186536
796521
370732
760979
442091
576794
340964
319605
721266
538177
618599
874326
523333
817157
226884
469329
794503
478598
987925
388004
184731
459865
12974
448313
254690
304289
609775
476367
96547
101638
959737
257546
927492
622805
968125
267923
165237
669812
476912
418413
546604
211264
971931
355094
488650
44549
4686
13590
596125
121433
13620
175975
87231
770709
512258
246272
724763
311601
429002
23424
777295
547195
422828
983924
838317
123060
376811
368517
201948
48903
136605
52161
679836
66279
653180
749316
832999
979204
779355
657538
79858
797993
711858
565108
209683
625077
38298
251677
401532
824564
941204
274808
313445
592665
254211
723584
619720
389978
509690
137371
801350
536808
659120
571172
833639
396810
900240
424852
93567
545237
617773
205964
926059
318218
85011
763073
100155
971340
283832
427012
754922
79804
187730
721517
885320
183539
340546
80675
809208
226267
373102
714379
61909
888490
219628
282571
900208
822972
390873
539130
351861
807821
166090
611110
735916
98128
90266
296896
443355
242670
353443
199208
308808
218590
708040
304913
473499
82141
190702
219985
616226
687499
28618
186760
727535
465634
918933
289770
346972
451795
416221
375338
819503
601918
298869
940356
160280
96526
813581
22311
161175
742512
528668
679870
322682
929710
659449
30810
68356
8556
961865
816894
910954
844669
349203
772166
740599
124835
823152
9076
266831
983649
414942
829912
492496
584703
23027
67484
151188
809626
759854
494377
500819
696421
435945
688250
547814
843904
201131
89403
557350
749107
62298
863453
592243
351687
475085
652217
6288
930497
15487
654302
144876
251836
675232
956665
772412
773602
796614
25568
77891
261638
909954
22971
41651
966817
581197
293007
734317
199656
786080
872
679077
399366
399586
745379
854497
552699
227516
943573
757280
146832
212617
816732
606679
642806
266665
243968
90646
671547
847669
246980
449226
282216
861260
253071
624219
885049
770892
673074
761782
809593
815453
201430
138725
869050
42023
691523
866393
492462
26019
999311
482570
152678
778703
947681
268597
335076
590843
948577
663108
747038
6017
334206
467788
99986
120594
364507
845168
393536
383402
464599
455394
265545
586405
236791
404746
259810
558188
174130
603263
950197
927048
749721
776754
406484
787671
99938
85994
33242
874459
548048
568105
952352
208111
717760
739502
771993
578774
731089
278100
690763
977772
492401
992920
927850
602302
879745
117880
603027
900469
452644
320246
343778
68013
406121
80507
530352
130276
990034
770777
69740
150349
896961
503721
341845
776452
361278
233235
27345
621213
297319
456556
768109
949013
856693
709754
186034
176426
757030
566930
470496
770566
715469
146402
206474
716374
105970
661643
444237
505914
221287
190502
387246
533781
501736
933800
466767
372035
451822
559328
815950
420138
381776
484829
384123
710122
567830
716844
503731
12526
96540
973118
494173
692452
881632
156073
984961
403977
568168
938309
906624
491933
507538
483959
921524
797430
303034
397066
484645
8817
6529
818297
787812
830147
132672
345481
479688
182253
438218
596563
702274
948046
722198
259423
144351
436498
287825
241068
507995
921160
206015
140877
883356
112146
443210
478445
381266
45366
289321
172147
594216
421073
948142
317504
542823
498090
540908
547285
481576
327972
489538
395090
577588
641486
947145
981338
998650
732821
846038
427410
31083
43289
472364
799623
675766
417436
274049
856239
428379
620311
552619
556679
54126
525479
809447
21532
811115
543588
523526
240934
563248
149266
231605
45582
657627
684081
518375
971537
302144
884847
341281
411132
827911
84350
505825
603799
778849
918399
279596
237214
804325
822493
142707
84074
592587
588919
95905
543471
822147
519285
499268
773278
375795
637436
907477
833131
456652
779516
459686
596905
338439
475878
814375
87697
547074
699323
878356
955681
793073
291712
123647
945249
177026
247310
879861
354368
982545
556422
55184
196957
637061
425377
648985
225699
56261
24229
28439
577932
706523
158643
195000
16902
869859
721149
84827
365874
180975
964566
996728
477769
771899
258658
267373
559961
195463
418220
933350
319086
909719
601174
941351
458316
251523
873067
217209
907351
385979
370385
457007
442005
666587
382362
759315
348620
159655
265721
744306
328070
447203
739665
867009
345779
721042
286441
932203
897517
552265
456700
5624
533014
424366
351022
718683
391325
563730
465816
302360
218080
193577
168004
328848
3180
959650
444916
937194
735071
128743
78813
519136
805934
585843
856369
800355
345859
180618
978010
576300
645951
319386
825410
602401
507165
947564
304335
841887
129270
112903
845868
237162
47969
744481
600451
391919
854514
323011
847111
554289
640291
676216
473837
841752
302417
732785
490874
612627
823005
181048
219255
888101
847795
873551
330434
908435
544999
115941
856959
312425
254203
781044
245995
235684
677373
571322
914193
282623
503693
49105
741013
631005
309309
3565
577709
438351
132881
578162
395888
216259
484517
994416
178246
907914
200750
480316
262143
461764
581720
246316
682049
523818
233487
101678
419097
689080
402906
774469
964530
670133
895969
759457
273507
107424
291407
168091
474914
641849
723346
149834
414166
640553
480191
743236
832907
117519
591187
16949
958655
721063
539541
220565
106521
637785
818967
760777
556665
55004
925531
599960
775146
403141
73553
417288
419572
593904
710014
156373
833551
655625
931577
947405
655601
607736
821200
157515
481544
494311
994759
321229
246276
464177
136960
892276
324043
461928
372598
992089
872528
297603
399203
167431
853310
426658
40322
124376
498062
13056
563183
735983
591672
542580
427178
619535
668357
890276
592058
901782
330883
795078
642542
777178
15123
661524
893887
495391
153692
276492
285521
713713
437090
855777
659864
893668
518897
733953
312023
156582
144499
463620
705284
598334
256417
714030
905224
475427
142742
707617
148450
821499
485183
673506
456171
363183
573615
664326
943604
992871
635151
162680
741835
657191
127795
776490
213085
517125
923655
735702
573685
849030
64488
328560
506467
90453
263439
143914
613623
154079
576424
133091
330156
439310
947457
510957
813923
133279
138142
769593
975172
427362
718633
214626
575817
172430
633862
761874
853014
465214
149701
886293
87936
621836
662385
88696
95214
41672
269253
17437
230365
480534
152254
729566
856061
370657
217996
630044
585785
997312
650658
230755
629844
826339
595116
834683
88302
992441
740768
28558
621735
691746
965550
923569
726874
953612
999633
609489
762314
146540
216455
588667
668955
578011
864861
875143
799671
243979
741476
639714
466769
483300
215104
63287
478854
560191
833886
10490
760287
673918
767109
884561
203699
373510
694086
365726
173098
913754
112014
773613
464284
187925
299162
636087
651991
199747
23369
382993
468736
383645
467725
293940
160976
864096
796347
263273
455232
574921
160387
897361
605568
644783
535929
798286
824096
175100
705361
523538
260626
224265
107498
881026
69958
489302
505089
28998
729269
669539
904774
549616
594298
833965
875531
383814
249434
651784
119705
984494
801572
888469
328797
127733
387892
698657
596544
86971
164049
209371
988628
867839
615798
298607
688426
296707
641134
436163
803136
244700
64024
172813
299799
791576
472906
15119
946595
208651
457746
554480
283932
448568
119000
732728
314802
876889
797279
227112
660701
129932
518122
696948
930962
330586
241851
326430
937937
833188
874615
677552
809499
258156
180069
107350
758466
63485
123925
498134
216984
949688
189277
768172
640201
879037
768575
540934
119429
8562
719782
447896
994901
201267
648527
386781
658767
961174
566981
917100
47077
446169
225476
331315
33879
218923
444351
333586
662729
282707
210685
666518
295087
302657
778270
214608
835492
168496
439292
548049
245914
205748
950061
756485
157868
278309
914340
381418
4112
130792
337975
207339
273448
83159
642683
483933
735031
16908
543115
902805
64240
764239
813224
144099
842602
882137
688378
630576
23857
635077
682997
301936
434806
17874
801175
139011
792294
567639
417549
501294
132056
477572
977333
11312
840543
394256
855103
563268
258303
733508
144429
684915
832829
466084
481209
560466
603791
466549
333013
570527
471027
897520
870605
238452
39388
376833
320713
159462
179974
392380
103982
537405
276459
465181
916773
467535
519566
628666
47859
554939
982516
785351
136071
88575
955634
793862
236563
533559
381410
916809
841106
809651
647023
904997
344167
101939
528528
258293
371430
73665
204050
411528
364716
846763
5965
584104
681640
309980
831800
360648
343805
673367
297881
182345
17088
99151
310485
314025
627356
153381
577253
517384
510101
692990
261161
569176
859433
109504
760662
968481
867282
452138
303564
135151
396137
32462
311043
715417
598884
988843
286307
819438
708032
778347
225970
347517
766586
859957
589927
830081
58423
970288
228446
56423
655299
721494
785061
67390
289654
280816
966963
354234
743155
27827
318776
222565
805770
901111
155792
333475
772285
513616
172753
212128
788320
762635
488963
18456
29721
702151
19631
563650
878919
98861
863056
615706
597375
280333
434407
231690
136242
609814
276714
540404
145386
954610
583516
723550
845939
472188
138232
511355
66774
596767
553095
68754
564161
201420
155537
325005
166466
587095
358256
84064
426482
309999
211199
746836
144367
22392
606002
609007
137153
820167
115392
8770
970462
225273
718970
939023
442248
781104
909695
477780
458132
519723
259336
998585
480775
5505
964959
883153
650265
546426
757101
924560
213851
787658
473840
422666
211828
295915
322635
639908
878343
642518
628599
400537
395568
245533
994648
773803
333550
734184
604586
558564
359067
913930
57434
599431
842645
721919
580657
65176
845825
632708
221355
332549
170214
808403
545190
211440
806644
423546
67830
926682
19304
897495
847893
947757
953543
887666
390776
872357
908615
855479
447484
407901
761613
67982
784575
745458
724753
34457
423884
253270
620447
671561
578286
771891
475958
569246
792805
775225
796179
378361
726519
685446
260040
362143
111389
791857
17925
667468
293278
501363
899576
372913
952378
369459
486737
247949
685308
446253
692382
199075
665778
851198
850838
171549
530681
690062
903089
454653
209522
721882
459316
343996
268433
352989
667403
794945
546388
316634
348750
982591
922896
797001
510438
908843
684774
29211
54025
674585
335509
698860
973216
260978
603306
763077
698058
2836
602770
193930
912570
66310
319312
617798
855548
220822
668233
730449
259221
776978
872188
401052
48455
506911
749712
373529
533171
928185
910278
349001
887513
768455
601678
845667
921659
370074
357109
48414
876065
717250
269499
382876
28405
561229
676995
354163
459598
950813
568355
798104
202506
260709
199515
300970
480404
548160
739939
133081
447941
692845
413597
57265
494438
666411
671722
925255
451796
34733
789721
109694
622972
669819
527353
328886
132166
170853
383503
870226
130447
304804
498723
746853
14734
771406
280949
770809
342808
659701
686221
83899
314686
620894
465648
169542
398356
71385
833646
561802
344333
284610
811096
88921
214978
199954
34064
779406
34257
290146
31481
968474
313186
37502
617165
517292
313797
126882
176204
363196
443639
633812
108562
712629
877764
152029
444738
118973
823174
275429
645854
298402
489483
157290
68025
698594
601236
712221
206211
637975
867514
67801
699139
683005
91628
988544
810468
490082
956563
966452
270310
66665
761750
716399
500405
946810
880185
370624
376919
663753
902624
614179
306302
501634
323954
479547
661117
843406
163161
784046
500184
905989
273893
566429
439860
158064
571856
936831
865197
396473
889628
478105
419206
55922
725337
432156
498171
736830
427395
265882
490163
822816
124295
414694
125841
775454
432806
750408
572714
192721
561971
623962
3857
114828
577014
489283
238285
530727
403955
531725
417388
314727
290564
451236
866481
747467
194851
820461
945000
580917
822276
233216
458779
555763
495327
570948
36893
815530
345419
540838
56963
412958
194310
622198
760691
702752
35217
862494
527572
3605
314552
10239
717285
657758
454064
494889
156713
484137
695960
928887
877952
284052
384290
630981
112594
601849
811851
63632
239012
256538
267398
126056
60940
481578
317879
251796
502657
751350
629530
512770
107724
176430
679428
860265
944027
90068
452226
967101
918068
74048
389662
880974
893063
78157
994560
709246
483548
932388
35632
9501
912491
221539
235513
634467
287818
177321
654313
480329
468417
797569
30262
755332
141433
280232
205051
818847
335379
239676
539743
298675
739606
409412
841494
841862
433856
74326
984833
946750
284349
460329
552433
753152
36149
53623
659529
880170
774720
972174
694785
146601
179381
939892
549447
8119
649120
55925
584768
881908
30929
339339
333228
864544
819729
5160
298983
852531
425008
978210
556171
890713
724538
265147
890419
455629
273160
880460
639899
293841
563570
328526
646371
749831
399138
52805
239218
550832
917956
535498
714871
518206
83161
760883
800843
184151
611243
486625
62514
463785
476635
170149
476097
339428
627798
173007
189465
758169
961062
426517
901265
439085
337572
267229
852210
236537
370892
262695
943323
275650
24553
16666
467077
541904
280111
348010
960673
963757
401063
546082
684574
173435
237509
113875
534407
27698
50197
754137
843080
877366
784276
11014
338320
208913
314203
275438
466898
265298
885430
48399
625383
99137
787987
423770
504526
607613
5078
256674
258579
624372
402889
560928
229709
826751
933361
999137
48512
171416
716028
257229
309475
291833
805526
440724
726525
993234
907610
714294
638377
371109
110758
119535
68536
169602
189319
345790
686901
815002
587795
561233
981827
867843
71958
320975
75427
172935
54116
360065
225554
482281
274702
961054
95247
442037
859631
441329
561530
239043
811046
821097
297880
607624
637790
886781
786419
62680
352264
526010
839199
615740
561834
819114
90583
728555
161681
129954
61253
384873
611746
796649
123104
74361
22415
364992
359152
956224
855269
630803
998061
752696
266945
374842
201669
219789
451235
775340
436349
510744
55770
897985
403951
568373
929823
950305
601521
532483
355198
114254
760470
349367
775983
253708
884878
422557
928515
927593
302953
791405
275578
482284
48312
976646
691633
374494
351892
663561
953016
450479
862072
636885
611522
105863
744521
140826
367606
75371
69175
538076
220578
62471
583675
887942
335375
886622
607744
500328
577583
545931
84254
129359
168499
698162
232641
590016
200249
347913
669224
139664
41699
696957
187786
435299
338755
767234
299155
262719
919858
151930
874123
804620
740928
315585
5016
68266
634309
484563
934682
132847
416214
132058
483700
540540
819603
769880
555179
985531
773726
837038
789926
154295
695398
432519
443605
978263
567521
507748
131375
794488
151000
86020
772435
775142
102748
573487
202000
740471
433494
931423
893504
45765
529980
897548
806735
804870
463712
883539
513497
619338
391394
866562
885745
364944
94342
924354
373119
98436
493984
705569
36801
557017
787564
92860
768306
250303
575546
170373
654471
516929
82886
773303
912470
965886
45222
284179
245394
745730
646300
913109
753329
622721
387403
588856
157294
34927
795975
303139
739690
150591
727685
203823
242542
951030
266801
81557
117131
847914
715103
848249
837026
297052
716185
889101
401792
162735
159127
570019
670881
106373
74636
373908
855446
548341
92893
461446
866625
452906
835244
600156
684028
765019
141779
118400
146649
816866
293101
354630
266244
984252
625294
450237
223429
111644
725074
587799
871778
813100
860051
572594
369825
792353
184116
980034
898411
84025
930906
149789
559628
666772
524603
663779
744023
843884
447950
32008
35687
916723
882402
651584
860672
824648
961803
726470
417171
283349
738678
972360
806176
871879
661662
641906
145910
385323
194327
31253
859158
31906
149896
348148
376694
346048
146486
82667
376801
254919
459835
512509
907771
977403
349013
121784
719267
723170
157914
928967
724849
841242
948170
730324
653918
864022
27325
685143
397891
473783
331259
501952
534714
836867
460906
358461
840609
475012
214690
471976
659389
62399
695581
337617
855482
2704
747722
674083
908560
696991
712320
551797
143106
931393
871183
511151
739585
117357
390067
932183
13933
91672
539234
959543
236347
249520
993220
718125
510705
592562
791747
798991
328078
259241
217976
11192
423432
179012
774660
223028
656173
324434
346176
376580
951915
867100
526796
926478
30635
334751
346436
314532
889495
170148
940753
668591
423101
571198
473819
840503
467083
444576
793436
71762
774394
134488
650192
600360
74760
403372
672521
246430
41821
645007
156766
695975
688719
207808
952195
555363
954177
705280
896884
552370
614374
999086
269708
491674
754915
517120
888818
449617
112019
601248
832946
34471
699876
76513
494506
896914
664990
986524
110875
788568
913412
130283
575007
260755
147155
26753
162618
572452
652263
420133
860040
404087
299645
218121
888982
41390
437971
792395
721549
380396
964972
3271
666633
709441
694768
77015
692041
768749
508463
527464
456382
389203
31686
42298
483078
19323
338394
76467
67442
413828
639554
531297
915267
9444
122817
850123
494004
47325
87728
606322
221681
689471
578555
87465
532261
43988
155394
154382
452785
351915
903071
315812
599864
712964
119815
281038
521431
450005
477065
273834
698738
549431
481268
862152
721002
460656
496534
798790
302570
555933
302430
513994
316385
680572
127971
710426
637898
305812
412861
896091
261222
596225
312977
101924
205964
751712
10731
881086
39574
234835
380740
533946
428669
195057
357154
195439
694079
532493
20895
905039
446972
345377
401473
647141
970785
724120
23304
618926
608699
99573
880327
83985
217645
906211
460586
747643
872509
858073
666710
768411
301640
173289
959406
923511
466646
810790
63985
611242
930248
25840
863104
565626
819694
9758
194365
723226
255861
991430
646224
430905
502589
197419
313475
209668
71433
815492
141901
277503
941392
573989
911148
682683
786672
143181
987691
646709
443458
473611
132995
455179
203912
368397
600606
779740
670467
3590
496310
123642
251170
368635
273052
868878
332884
408939
573205
367113
557310
240153
885727
843267
22921
904887
450833
490546
809106
530416
679648
350599
242437
905618
607870
71080
560004
698007
40604
790534
140544
224847
256145
619356
785835
63211
24147
798275
127108
781416
534241
257395
809105
667413
787203
23514
720747
36035
610409
82642
619507
156873
350065
812035
819491
56305
101188
614805
181311
399363
757792
220047
482921
525547
718320
583889
498004
95881
417878
289258
41809
355862
77707
701463
370821
988718
446814
167385
652028
298302
971800
112562
956310
160778
976449
944123
851935
758683
27771
116197
684413
927108
321035
217290
932354
826320
426168
500911
634465
99594
532684
97945
915454
318761
131511
330440
507230
817173
174931
909844
20990
92442
45955
417635
77823
858856
331188
53381
892542
488516
436613
236652
658370
180431
656515
714187
934287
642161
677453
410121
266839
101986
937239
687458
491792
127829
729289
38683
693537
834945
112519
312864
651254
709965
464012
281659
983602
11927
948975
63603
868740
550241
797704
562239
311891
196760
132524
498469
252499
212162
239443
680436
698873
935044
901659
21210
48587
935374
764326
457763
986320
690404
101022
727183
989799
14409
168088
732302
508532
235786
344278
506778
956213
13156
642151
305009
716083
298835
297065
74286
468371
40440
581679
656067
773964
759077
540349
124949
631411
763657
729328
447924
959089
957939
272187
214582
20631
921092
670539
327599
344648
233782
318796
800846
928468
656067
255301
409047
188390
658995
689951
790712
678995
491973
884611
629899
955538
664825
883040
741159
758219
748920
602124
643171
68168
65761
66946
658024
699144
449841
247434
493490
484722
11150
231542
490723
880807
367856
772232
646468
755760
186029
987569
241625
168663
930463
631348
238815
274961
906227
583145
301284
212632
104721
684510
595587
132247
384483
392472
465019
361599
445381
716855
703276
175351
689031
744439
612653
299440
301793
195411
536396
373462
992756
705796
900771
860962
263929
262695
186323
954188
694984
299580
957600
307998
415559
201482
875177
176868
185581
273697
540610
589888
838002
151415
338928
160986
653077
497844
734400
152180
936713
978249
835652
26907
153469
621115
60907
162489
581383
62462
387132
994056
76716
68732
612783
240161
420878
304565
834344
843506
793331
577600
755472
469646
637294
691951
877970
600991
719980
392400
857135
807926
310172
883664
270655
785347
362236
782587
138949
38112
779005
753246
340909
470023
532434
898958
747492
427365
162074
770113
393300
843462
639336
199257
749051
467183
531563
328129
664103
532362
834815
768112
673040
814204
805647
990283
390098
124115
44580
372839
474501
92315
113871
930028
607867
211792
498095
387925
343765
906157
201632
134419
326594
780131
543232
967825
64277
601637
89503
198483
101506
332512
204547
26232
200950
216072
915476
973662
756944
166030
951786
963684
272383
816685
943410
47626
350009
190372
125815
529781
253588
714430
107155
170960
635973
81485
699761
334412
846260
752309
600253
406407
465592
982436
864235
860938
548788
151327
237729
920685
966861
805816
12354
751573
456775
843484
745240
213278
490555
870792
577629
28819
983415
846812
105638
59162
6130
915400
186349
976109
807146
261219
32057
290179
6620
297242
261164
352077
864735
921669
834345
164252
816670
204629
215136
220383
87600
881706
322743
755082
618902
690497
913750
319315
923856
713547
937231
26134
732316
84376
948137
469337
107788
670834
178376
888809
767875
251399
820730
569571
768011
438270
404960
938575
201110
167594
331383
587814
401104
175580
905474
955316
801181
536082
160534
124568
93428
655374
879233
712617
861655
321346
336216
10163
185454
273383
922588
665695
147647
944301
464840
267824
837581
561549
272954
989354
94218
309690
668475
875341
85625
580149
337197
847039
169061
345728
358480
140359
876535
478250
2289
946485
126456
342857
803183
752992
949284
278982
493931
460808
724839
824082
628427
862873
325751
913463
638123
331601
742669
784521
531746
245432
959553
741051
675116
175566
544961
677262
789945
839363
13869
495011
80465
273184
222034
107122
373922
483651
307330
278995
103656
347847
828364
584442
744823
81282
315230
453184
772392
184360
590899
605212
848798
831500
819066
342320
942131
554055
231045
16384
801348
399985
848682
103229
766230
828300
392890
214975
18980
172481
708507
393618
474310
40066
755717
156199
131135
957198
2965
656108
416739
536723
320081
142646
920163
416877
589945
458393
675831
136781
867334
887002
190631
207093
309122
419068
321205
130591
265283
875446
606954
698301
48837
616582
683836
233756
898851
51743
506008
919394
656370
423550
506706
636022
618874
248539
397863
671934
779986
523194
695915
584643
453591
283488
221907
411762
433865
930979
193569
471868
53570
170843
406632
419676
330963
876789
484539
696632
421116
222438
325622
775521
951048
464955
328040
845685
518979
425039
906652
625764
621017
305303
250115
32015
891277
421399
238079
775500
346386
627639
667598
423558
980233
49968
651793
113282
15000
944225
387832
483196
841507
236222
653964
720944
660778
574311
321049
105140
76927
782679
246006
212354
576930
598323
665971
796756
787387
326466
351581
860904
674419
760188
359856
456483
167791
104507
41306
563346
377385
307534
289256
91211
268077
33581
596623
793842
630894
379078
347801
177623
104323
815926
881963
665789
574017
917331
93679
607926
262005
160294
282146
637609
967102
46006
173051
964726
64517
8127
916343
67248
208219
510338
761150
261513
826093
970998
523571
903948
685670
852508
255197
434627
629857
228720
986989
826424
15562
779707
656683
642073
403280
417029
207297
369268
40968
957736
161956
598946
440161
902272
791131
173953
967552
524607
951021
71770
513336
442781
404523
209441
204647
331180
90199
108122
507888
479497
253360
910552
518736
122863
209691
11808
307871
922149
308912
915821
258214
421144
504158
3789
13591
183043
207995
240489
182061
484682
180267
386146
537569
823079
580460
583830
698374
459451
421629
432257
758785
179974
221865
707392
50217
855410
471732
30257
317879
87754
881568
349495
348266
794440
637596
668506
3258
496395
233354
286667
45942
523751
566828
369988
113852
404503
582314
45454
151189
442893
216002
834588
23147
573162
482124
559701
620583
349001
799337
91311
326891
133494
6152
986103
579881
60221
182804
410605
309598
454556
925182
602443
484207
905562
380898
942182
907550
271409
705944
80750
167209
777702
721818
885968
198719
87162
290125
634
540959
645369
367470
96830
602640
818735
883354
730064
476535
331578
417465
390954
751064
142523
957769
751631
583724
291302
424579
423339
191898
71673
346859
93657
497814
354506
6009
979839
354707
66296
24671
108820
173030
283907
925175
663170
456760
401976
699723
220263
980456
185285
601088
696501
833979
411179
54431
681080
970304
850768
177281
23543
331141
755828
574871
748788
339631
5436
982483
221135
181626
94378
773623
323463
77774
99182
991672
809247
267642
980693
186318
518559
996431
112928
368347
36209
994267
247920
741045
906092
69889
443292
448722
878767
396466
731045
886735
760867
112138
392897
92829
848354
234889
462611
530121
821046
984620
671676
627174
972985
317671
509387
677208
435612
515074
995344
874432
455556
634637
613774
907519
186831
152257
610254
248617
155765
107509
15184
198728
806857
358586
825245
446410
159581
713939
196920
551304
606789
930388
428339
676851
960245
147094
296157
311517
366660
115860
113241
656225
229649
404709
390730
75633
248260
971414
768170
680314
640238
488419
191226
49910
720842
191954
544979
645325
357221
133229
844380
490537
618649
185946
683797
458709
673077
9688
628431
349776
411769
951512
181118
631028
644092
276598
599335
507518
605552
155794
598899
632889
844414
267727
459878
594380
909707
864232
296681
101468
765852
979690
720963
528607
324054
548882
494886
88127
999390
590339
491686
84774
875231
144867
335620
811116
634346
994260
890025
602267
851255
515274
640430
431771
81545
509134
976216
222463
535216
880718
400161
423978
648680
131230
369329
311135
616607
776719
874092
729957
122196
562794
639332
317651
147547
765194
794351
704893
698365
252883
272020
584123
564284
810579
721951
222419
641587
953395
768148
3586
786076
786713
717824
945964
298988
425246
706859
401309
689177
902503
750889
291067
833659
89186
17232
493899
868432
151583
952771
950236
635034
284744
599597
413395
197027
825023
854218
476052
417441
172882
938911
758090
112628
401117
931018
707156
795595
439101
89396
604237
821415
207276
422818
302069
72504
159742
539371
339201
537827
168631
504388
52667
653989
76999
779575
87063
584273
447715
160434
64916
50613
920896
451388
918027
969755
755118
874114
608536
451563
420624
745104
192162
110958
623988
270811
625032
433517
227091
505594
736937
924279
103526
129845
2896
245826
577698
219830
162107
913897
993682
229725
41350
109204
679184
229167
115001
489718
510496
112174
88299
25007
397865
124035
34000
504593
216529
284376
219558
162047
360628
50370
556473
888625
782848
692956
770254
489109
50096
613487
570418
319376
633570
413005
19103
268962
112791
257661
942535
179560
115719
576336
838976
525050
504287
552402
723853
518388
639256
981852
996485
277203
48309
168199
239459
455989
879833
489275
355369
503298
349762
833317
721841
417706
994854
672262
676689
10308
945128
616424
994538
581142
310839
959149
176717
812594
901444
802560
933963
28861
122589
173228
566424
925323
616619
286411
304219
401190
957700
968918
267797
952942
931758
227228
898795
18202
807217
306830
895697
834780
2008
446135
594645
439395
17348
651272
353606
894330
433452
516753
930175
236750
53556
19916
559571
764044
748905
996372
91798
17065
154391
577331
784902
665083
198855
958552
971733
776708
432025
651303
537492
997456
94138
781355
285309
767796
995073
470823
620253
298998
526123
62922
762780
996171
435249
486144
938475
576635
654596
70437
560904
396193
217829
521236
962737
232526
96162
394590
340771
438926
207024
330327
338509
693378
388706
448778
7766
552876
334980
319628
100616
408522
72598
113454
70807
989337
522984
87308
267602
949626
787727
964354
677349
510002
84481
168894
231944
312076
628562
376433
198152
127257
773260
903264
476656
407128
430116
831255
459988
257840
398879
828348
547897
126105
243521
819521
594404
397467
372077
29939
73982
148015
281758
409200
917792
572354
775744
891893
294721
424983
461036
53397
82297
151371
249919
934918
674545
69236
453590
468374
341738
514275
398823
314043
847270
662729
734655
642951
817014
966326
947860
132282
197345
119164
351942
5106
367982
880370
968439
475837
90447
354261
638019
827663
719978
894984
325982
652367
71941
408444
798857
817163
163148
31210
521521
628492
366978
627901
357284
685573
315650
469838
761776
652837
35121
79815
512090
486284
418947
456104
268664
70681
611430
76904
254828
503778
94670
193651
265213
995133
85982
208914
812947
234875
842288
306729
692431
31541
187073
107993
778629
355966
659196
666438
520663
932216
456801
846259
693487
857026
541330
518280
225176
160911
754618
358390
280825
260946
417498
337841
729840
637013
491570
148828
205895
56489
964360
975171
819478
340728
463960
859521
859765
468278
211032
39042
269403
328502
96806
649507
145496
911577
723088
885686
497067
526305
958016
333025
334657
379235
775298
83365
615691
950299
685747
92989
895546
476058
960713
473245
290906
40538
385145
97561
274376
547634
283465
642215
161233
64036
251314
308093
369129
879700
403569
145236
793669
320660
552938
262927
578517
657754
681273
90868
640609
523411
812503
417752
403391
424656
204198
439834
887343
282398
194394
628037
692307
731125
647427
700249
557901
431110
186298
271396
668791
37879
136360
784393
452410
526635
704750
701090
662603
135802
204660
699714
75144
555520
464018
888083
674091
415697
638804
205790
882600
295242
676269
189610
793001
359043
204668
697979
888292
196512
500467
569659
835093
93383
748522
88247
821597
208428
651199
480256
690487
505991
682855
902002
513939
739175
46102
17873
864273
321440
874695
279054
140443
784928
874600
263338
327391
63584
753573
386034
287848
77558
513872
150888
478552
886790
614122
870146
732100
911641
78289
40459
300076
830342
463493
650984
854805
150732
138328
916982
267589
953346
752114
207182
432794
998949
786686
968042
846152
129553
433845
762465
963757
802507
646021
640782
396243
801979
104029
777679
323009
508151
695640
451561
183742
497402
581827
984073
514723
563379
714573
203301
529180
769850
370698
598721
172155
492573
578852
292622
770744
319833
362910
805293
988105
242468
754246
391441
622042
174439
19191
137858
890794
220873
47496
487037
789442
835175
115221
349432
140946
251615
260136
368836
512745
420684
587651
423884
398160
76620
6668
701498
934596
489212
369429
377657
38799
225797
559687
534869
58882
825296
716524
894014
674193
897301
425110
360043
944651
128593
21998
459738
75380
734678
232924
759862
71488
222396
14032
474066
178351
270453
774764
18514
434368
662974
16654
753066
346451
776818
968125
874301
245534
593657
283695
310823
597195
175517
596532
281814
726701
776445
912131
571539
863134
44122
388511
462047
791798
535822
512614
715128
746730
165533
519542
775163
147582
387492
108412
378659
974568
651502
92891
100463
254467
412902
890165
574818
947756
866278
121432
943972
125117
722030
80264
455302
579748
348592
96421
250595
386079
721927
63033
86946
605590
147016
378656
791
847764
545585
66708
291273
305700
748415
976404
74574
109764
32475
56305
679379
661768
64052
385205
823160
499406
121384
339760
340120
71770
717211
422176
27110
796686
385131
742972
876594
816071
25914
117981
91595
116758
476586
210186
575295
795481
365671
693662
756414
466934
734557
778648
237917
732083
153995
930687
631606
410613
285231
570032
385580
565076
142049
135174
837836
596183
96892
560292
570511
768337
611062
263585
376316
789143
44817
518673
800362
96156
267754
572588
748195
263724
114479
56862
679653
517121
966126
280234
851650
117509
858504
163003
259111
800997
215556
31369
313209
615054
86656
819428
535003
140487
142594
889313
891532
742891
431020
200478
690158
317185
81998
279987
97953
632826
470486
531574
661006
625478
341794
637163
416192
610067
208182
666503
691436
794915
165193
861663
688785
800328
863994
502258
921018
820735
714272
442063
468129
254823
552062
811172
450926
655324
86678
606117
522524
752885
159124
916373
23101
503894
880043
175668
760532
627698
663165
777734
621152
318880
346804
280763
312888
818009
193646
503360
364561
567372
426517
124577
314781
473374
40076
593369
782030
743553
845125
533112
471800
26800
625391
213615
964885
346500
998157
628347
765410
763830
897058
500972
899174
72114
324104
499857
670226
853716
616225
494210
715140
566593
659108
832266
461670
299557
398937
433390
480819
787716
133344
518366
743386
165631
947562
855224
598843
60262
753867
364083
907918
235124
581224
884270
451491
764843
727051
672341
408579
255245
870869
92717
788790
793524
74579
229310
897438
221710
752873
137050
442113
552825
648234
61773
225956
18039
376906
725411
467602
551694
498091
959760
852668
959039
795219
560640
616250
668000
794431
139964
914160
307928
216401
178037
83723
205687
643172
280689
304747
878576
223360
511631
924955
908148
336361
102392
840187
501547
6546
297700
730559
233297
772975
647878
316240
459564
289256
678934
906448
559909
178985
157305
373691
851914
203478
510734
455145
772383
980252
956183
70831
386845
512611
94018
475621
418184
627231
953683
26627
83120
566022
46321
925861
589636
458716
676234
175662
597645
726057
475683
397896
909903
854989
927615
836105
483191
410666
47275
269041
885568
188927
972068
511120
782569
402773
554214
601541
976075
483345
813459
980192
492377
83370
193916
402409
675705
231093
288782
628154
548025
3676
785692
91847
753263
419182
953476
310014
210994
82448
429057
129609
475823
949712
24909
753393
128936
141594
745009
905244
835727
838403
165226
947959
369659
836419
348089
680047
93189
300480
422344
947736
117122
74053
193588
902897
672284
461457
509499
409855
149903
280204
747523
922133
673341
729877
259269
867701
803311
711094
877972
132753
398953
270521
786958
142762
728489
655252
925214
741402
899004
494271
24491
645932
823676
646310
607776
654249
854185
714426
168217
874286
635619
771618
65575
494904
526849
723472
96704
624130
516050
884590
411014
263749
237806
259830
782066
465374
418295
448481
12125
572046
24433
908215
185387
523675
902203
261
508052
51091
935018
403565
480720
378544
859073
629271
84254
238359
398350
231174
331378
45371
959523
362949
127673
738207
355568
903103
407114
64504
721658
178798
466026
50544
528442
130092
276348
996487
872980
815461
582915
857556
338674
827182
390357
957418
989629
534958
565727
237845
801336
516090
652367
554436
607161
986623
731746
437376
362820
859928
248778
352538
49925
996928
968635
832100
492394
999585
582226
147349
747419
848843
40546
953680
918231
620608
604957
885694
365676
662380
999644
676439
398482
484914
785419
949888
306213
575969
829876
833935
794046
854021
66726
440874
289709
341210
416642
934925
232596
744284
260641
347178
152803
307770
793125
14186
125099
831976
218459
685586
978081
396371
542154
105729
704434
812336
708571
492565
857021
10862
364068
216622
692146
758922
887635
351114
280453
130176
4787
320207
23438
429855
827742
955816
608768
555318
445632
747143
866051
67754
428104
668209
597801
2076
770422
555626
472569
970865
656294
516821
775082
817702
731201
78771
755178
928643
743968
844769
84279
972291
142096
785514
655535
68924
492532
886662
380163
412710
172682
502516
966218
431049
841286
684207
672306
263239
284570
546832
616017
470467
735383
424639
739993
67693
881453
45399
588266
222892
907662
949846
977090
296614
638449
702589
465679
377967
50547
742666
827621
134347
363479
21392
838795
340002
130606
788336
184688
753983
525138
751094
951163
917636
501644
885330
929344
912046
977302
279281
447054
525441
715002
36087
81061
697744
528089
803547
637445
70187
148359
962720
399073
125285
356116
282732
90291
322112
122598
722567
826217
352823
164609
693809
471613
306152
103721
803615
137826
694493
493919
210132
943002
921270
3462
444121
59108
491700
597865
87641
700883
58596
276054
199451
361594
319462
556898
53404
741572
371353
538896
421448
443936
243173
617165
773717
557529
938788
728530
682940
981699
153581
730796
9941
546385
262719
244056
361871
18052
270919
443400
934857
269758
602190
878402
604559
942325
764546
605992
954100
280195
678559
789714
968776
292057
269626
976727
487094
36692
75690
374187
454205
574248
434259
643426
377033
384888
792656
665939
517165
40584
531965
105303
157695
588426
933598
32945
769553
214804
415279
932232
355847
678899
547976
152463
105306
992537
243309
950341
451688
619953
653168
385048
869301
960340
742147
844133
493378
302995
178846
767898
423112
813684
966601
604349
919825
454843
729927
146629
461940
190173
505823
282598
640811
127578
726728
182378
872722
135971
297840
299771
782910
296310
429161
196349
142776
561355
611248
161048
929685
283750
472412
154771
270899
350029
896416
339420
67218
261524
724604
765668
186124
731156
341062
746151
249074
482170
947537
410185
547013
108027
128951
147612
818830
520613
977097
677438
740059
732049
945167
78816
592918
843893
771837
891553
375363
675030
174581
737240
522389
59802
646067
403953
539758
703611
314074
948846
416754
459736
15192
657295
642695
588902
219320
955149
615659
877251
393860
848127
315697
556715
639060
57568
687001
980675
712951
51624
267979
188627
296573
444758
640176
127569
35808
33743
845741
787352
211725
161056
922109
517752
204370
965088
984426
180198
110565
815665
471912
249044
921550
611877
896270
659164
876978
897148
715954
320981
49982
913484
957087
992712
108844
126138
364981
76669
687605
529508
579678
655342
811859
510561
621097
479581
37682
814688
620548
901057
562354
321389
928730
102364
865115
378450
180615
186600
108062
881498
951156
338479
742468
286192
737428
893306
562934
416871
29434
12833
835303
839443
720148
844865
317666
271764
474568
327820
440491
26227
385769
582779
307733
327652
27798
539102
743904
154347
84719
323667
149068
386524
39157
995093
2430
385210
617853
270252
100238
482497
536273
137154
478123
561088
214564
866262
985516
162269
881263
743818
825011
144828
273068
747158
48384
872443
529070
432159
935312
104468
854875
143906
998447
980710
975496
777546
912801
461
396463
236130
114921
570925
469071
530917
487220
793678
367840
552688
622693
166625
567858
429528
2110
793505
487457
383320
758695
829653
738935
713315
454238
581554
490910
827864
809468
858397
702720
994708
457056
731149
837565
179041
80186
849231
233352
316555
718966
878243
542879
196499
311298
432836
137637
495677
440638
578181
858013
240964
98944
783127
527109
842734
708288
496039
221325
702266
960423
184036
237938
502709
701871
283870
979708
496491
654582
685002
61136
452923
589349
316322
587634
443012
2039
212393
241627
214011
550697
25036
768243
440351
686333
216164
659628
430851
388778
349913
772155
743946
832931
965344
744691
174514
809218
66404
480127
745863
33425
663107
111291
972087
589685
256303
123056
872774
752440
840373
473770
901272
183601
906458
608248
598699
958802
274657
614912
9192
370190
931114
236796
872142
818149
222964
683413
764558
685133
295747
253786
502326
796606
628765
400605
334085
165339
543918
655722
824861
449400
759051
823141
552790
123084
311891
712511
887790
314932
976498
36052
404511
327201
770047
125093
221897
834848
139973
4333
681359
105092
238303
436258
182398
354354
884285
183497
772263
182921
791299
322422
137613
78060
614288
850207
673210
374957
460124
237724
960812
42839
896506
698878
909037
680280
805693
627849
140416
108105
638711
288143
926263
279836
225948
837418
476834
85601
412102
5845
625761
211445
690066
270119
836059
89479
297319
420142
824135
964360
321879
558948
941223
361647
879389
698000
890517
324262
133958
60604
197238
656084
839341
961807
70987
512264
157087
620870
781862
943487
349597
913107
760697
810194
146751
922578
867594
151103
706485
192868
983362
433361
885737
736618
215461
284655
679168
952416
296477
816319
96448
424723
433711
292149
527500
494848
884943
876540
224522
441483
821518
335231
424805
816217
527537
212308
276718
980490
882462
610501
356253
186518
908464
846141
881526
822019
222249
78732
77575
223424
81927
150679
33229
729506
691695
465887
340151
736184
550406
242988
710082
906764
104799
854677
611203
789753
676366
80495
736771
308260
415323
440016
222532
934104
959122
207103
565282
749954
660216
676217
92437
674117
14936
156258
696147
398907
18043
586759
673106
551562
913013
488716
71467
430942
737436
420023
292442
298952
906452
978583
269090
488883
595270
83986
402574
975230
407471
124938
412625
717051
692116
519532
501519
72004
922004
317525
358837
471989
279126
637600
208642
216009
869152
152144
899625
929236
486729
682455
613455
842650
759239
13313
780079
363595
936802
113920
625629
777500
239882
438676
553576
565507
501955
423703
5400
82255
762238
865442
685398
822561
302084
917919
66667
655947
854091
527981
848225
355779
717355
872681
406918
655875
374570
773727
983374
690561
12083
106381
512792
927558
832294
769552
305097
554350
816009
355246
738517
40571
206747
291647
295772
303381
709769
429880
772208
864546
368890
918677
884597
179838
547525
885667
724322
795671
812354
826343
675876
788328
622398
328814
524065
948048
215112
838643
837529
234254
842152
261670
902889
980188
79536
936479
958954
196964
413226
459487
715638
134051
189808
195518
414666
189337
941531
352311
942407
253866
917331
991564
512531
781973
145222
811607
981660
802446
178932
292079
95357
807993
722150
850035
233657
556741
656446
229174
64676
303523
568938
735047
945568
526754
34739
32539
925573
618217
957234
949337
121370
420368
716577
790338
865088
866715
151567
482812
67951
378643
937133
742969
15383
881859
336838
285320
70952
259980
440076
936504
271981
753765
324429
395301
454483
744691
10245
64544
273352
699201
995340
598015
709503
89756
778352
573950
375823
625166
617181
852624
834235
372981
760121
935366
64653
800831
75212
452315
328987
941572
309085
998169
789099
360703
610392
502124
378803
41770
384810
70786
651833
24054
170927
999195
146777
432868
299907
340402
399013
976515
182005
793224
929446
571270
2906
477769
814145
956481
505469
588253
38773
793280
529012
370638
26433
408900
106702
715729
44514
149083
306216
180851
755642
878299
555935
573537
363917
897210
345951
332052
202788
532173
839962
704855
110740
497563
137045
829494
675609
64158
75356
28037
755355
994069
268310
621258
266387
237448
222259
194312
58055
242650
230657
524457
846449
801668
419998
672647
467838
523316
110408
607254
58738
616065
644304
842674
572136
8969
274030
242113
928887
412905
132717
738437
571377
258520
910471
752833
640901
522016
346827
139844
177348
473402
230586
452502
274944
57606
851698
162686
551504
869796
714370
654894
124593
822194
908700
226061
87751
225506
627624
502815
461441
182774
975349
95698
478810
381211
355018
72807
772987
88992
51291
986554
228093
376081
759575
267440
357005
106484
737886
958781
592041
674463
994640
303055
181958
138740
907521
381659
874964
406011
467656
730946
380121
636762
770103
288607
337018
740915
696357
580336
144217
624922
658022
719198
865623
487537
66972
910442
156538
660835
541671
186614
407850
156857
861175
637870
683478
478620
104579
832401
402996
675432
980050
780256
204325
961896
952247
514017
287094
95092
727962
463376
577155
336292
112496
448483
218486
811248
618636
157881
138861
940518
274959
425630
318458
736710
128764
478141
73283
38205
815654
34723
241546
730876
683722
308779
94920
886837
494073
961356
609010
268786
987950
695419
123613
439186
806782
567230
639229
974880
749229
389071
149001
477201
498588
161193
347003
164890
983008
16754
64051
415340
948527
349188
534715
333645
721012
970777
501029
14036
751874
327955
541393
68417
629988
578726
355275
828214
736979
581923
591633
234070
771521
797921
489457
20665
386194
187530
510993
619337
855146
214079
56521
522812
144097
524713
416874
296366
188627
825373
457058
993818
18645
319595
740343
188085
188418
550724
190961
280999
547123
106757
226901
620198
219148
594084
61259
190641
881075
186934
335585
827943
898460
939930
130088
326529
544064
797958
570172
256114
440236
605612
264866
216794
335030
649160
988298
791713
299530
806089
60851
70838
423394
114841
710765
581540
258964
811531
251642
34254
302341
906912
291598
91015
455291
122230
77750
895504
377937
989966
305749
491695
233347
531256
244424
28072
809769
373341
90987
22299
251649
312809
672757
435065
391141
639315
559679
637604
40603
975818
917730
910755
207563
964541
521469
265279
641995
807751
979414
276541
274711
603510
41304
526903
527708
818487
516794
943449
361907
407327
638912
801461
40427
480408
599003
98756
978559
378790
760620
526842
830118
411477
404263
347268
541194
117953
555346
196513
277328
713218
48491
517210
361174
15794
113065
130783
62587
216987
306523
289280
423447
861186
277037
39749
220235
352970
334538
686826
766836
752711
579867
400250
531769
506208
951660
541958
686660
844896
184304
211842
575950
204825
238875
742461
503122
639157
369645
267388
618275
342042
145551
877042
514713
907065
969813
490077
293479
970676
404580
929855
725192
828330
442797
122807
961176
902624
425559
518076
222463
323021
454523
380791
669000
186370
256009
346810
431312
209844
936776
442528
474713
837799
792762
166977
361918
115257
290781
757202
281537
608969
263630
536280
46848
213954
51721
875527
153799
359368
985739
892731
190
684541
138712
450450
308035
481200
811993
527588
493971
561122
992861
352864
103393
146231
956928
433732
240265
804726
543977
786808
513502
833405
858476
727496
318943
692996
705553
28860
228553
474379
141932
198422
704518
672611
106475
549416
945091
606422
382894
646351
744991
426357
584592
611856
121791
878332
153541
388365
637246
215331
73436
477923
498434
334020
851747
988387
931754
118627
177641
382124
933923
979423
650910
401058
408090
604788
910295
500429
512459
524587
497518
447696
273144
242783
67847
130883
350262
725612
110317
835056
814433
923445
855450
356711
466352
157138
640277
448062
148899
754901
860854
478057
618393
511223
382213
421682
771902
287268
335873
483541
62241
853024
175548
393658
670755
665108
425123
642639
262283
719097
528604
718785
402039
948448
311624
406296
90862
200347
1320
443309
704272
976588
52571
897864
563246
953864
476101
985498
756918
105382
847948
758931
105607
468906
413500
568097
906915
334537
790026
428743
439042
414169
40630
822165
859267
37207
273865
408906
847806
941396
919102
326722
576308
611708
441533
664093
92520
126980
535554
278383
432135
646640
706141
223901
262786
604670
754642
114906
372861
488434
979104
58814
901023
324799
39007
820544
836618
802959
300994
894992
39204
757295
268157
326740
903444
217626
120128
558588
45321
274145
979680
996100
842932
565427
688855
29510
743574
339151
906722
697145
586611
341763
936392
980938
123814
930783
603963
404501
116558
395003
663639
153728
871462
699362
931719
717748
462451
392282
543815
515577
639766
151761
45636
880877
361409
267686
421791
645857
556806
62736
960016
588112
913163
211055
996007
509117
701978
319917
400942
793320
358037
153617
517227
915884
460487
891168
391362
107512
320661
920880
336118
577000
84819
48970
919248
356351
227826
98875
798168
823491
903192
887287
234944
717942
649608
540971
861217
211180
311616
533982
643228
381262
288546
181315
488547
483625
596746
545949
366160
871155
600126
245135
40754
308508
649155
473471
579561
362445
24972
704742
618023
68865
107790
546424
533782
384828
707567
58922
401560
242731
870044
418852
992234
774810
379897
481093
705122
532684
568052
959757
661463
800570
382963
578668
850143
195947
961579
539428
608563
223212
794578
829981
541231
630381
23276
77061
701814
405432
856770
315937
297267
434382
346994
694773
522810
831904
4255
945612
819916
8615
258632
156773
263417
965792
146871
148730
117536
698728
703056
799278
329298
132847
701129
34962
70293
736860
489208
638484
559876
413565
755271
551812
436308
972201
903749
210628
207985
706613
812247
429708
642375
80975
273228
477655
643100
693690
472654
665838
459994
185574
177459
548687
490923
870891
272307
39674
232381
575522
811125
661719
597285
598048
737026
750279
126047
315088
651099
607685
886963
379436
369317
222905
535860
126168
886530
983577
175587
725915
732860
305276
677680
559866
659483
706237
20512
972083
572374
181960
709386
6035
262950
972932
519803
654260
353397
985757
992121
607255
186166
428972
752549
709402
432398
88902
35897
899030
370479
574366
866737
75927
503366
563672
551431
636537
588554
198955
648854
641755
148405
535665
765344
366915
707344
345230
590699
142158
122982
221755
404486
393042
297114
540014
419945
906386
321301
156008
685754
733084
859479
20442
711276
614339
570543
143797
718274
339381
703430
177293
857714
158584
844053
528616
72804
632453
43127
540841
441305
959873
133464
590164
976233
343188
446733
962493
318757
41576
708414
890898
609179
798720
429950
839681
293175
706162
14203
452807
294406
715331
310225
95703
217430
55581
353465
220515
885626
661999
901470
199945
929386
838241
204624
318429
942406
283443
391185
601039
411643
592625
306893
988729
398590
520853
783207
342792
533686
707193
467887
939396
994358
89271
203695
877373
758568
788447
126373
597012
45317
767060
267274
834339
663232
16323
34193
137610
840515
652865
610347
801175
556304
347072
977159
732113
93258
505454
659032
138081
714381
865131
3982
913566
742903
101220
74790
428211
504970
534993
496989
654511
431914
854407
604032
53289
540864
192570
839455
142094
5633
362579
389663
865801
743177
405866
379055
364557
989281
560161
787155
451906
131488
759708
65372
656266
554221
498528
538744
914862
138978
129095
843941
337642
117580
919709
551041
410577
340495
402267
498046
424542
301798
600574
615473
886489
9161
708674
427849
449123
154023
903616
634844
646878
508882
533089
701789
77051
936507
646910
878378
261153
762642
223830
745090
300151
997455
149867
705876
614542
5967
39801
766258
449902
667990
873428
287269
435195
161651
881309
746842
594372
190593
723616
659705
170217
558729
142925
623766
694310
211013
345553
146304
957632
405568
262097
777847
551178
803097
761411
750268
712148
819942
356264
283968
688305
998516
157610
874238
250660
342125
735758
54628
812711
641363
669269
874924
347031
268072
85557
241162
65407
676656
459183
113150
958719
46990
970765
798025
957656
364235
578426
857468
636055
919222
618237
820587
183260
805285
738644
127105
719815
589337
255849
999917
696958
354112
44787
403387
309404
947539
298476
35645
572089
819872
690666
574695
154578
384482
80541
831483
50325
220428
281124
926681
372876
17957
62028
373048
731555
567308
192549
381426
674007
52765
908483
898297
712957
258284
388238
827879
966637
326126
892678
205172
753929
820984
817752
472321
734381
665951
954901
58769
202229
840766
361237
935447
330917
120149
352487
824937
449401
91022
924339
897940
758218
591196
669423
432906
375834
620220
948154
595575
143996
506205
900760
838642
898915
7708
488587
888718
58885
653800
190026
765391
176235
768325
846177
798969
394520
956396
575652
6724
113811
459727
528657
14509
500627
439801
341953
257062
411463
486484
348875
153198
631807
579077
240438
911611
600314
866802
30424
824211
718733
848611
345807
385081
12332
568902
148251
281989
210584
279116
252311
480653
792101
895730
93010
400511
857063
425882
491982
593489
899705
762775
284564
685519
952105
322760
471794
550547
283267
708507
202643
397395
291384
197811
778681
188564
767595
318948
682649
417597
612633
947419
950803
465094
148514
342427
774092
220943
70264
56866
839530
186445
951907
95402
336555
519135
35630
821963
541026
314367
83186
536317
610128
826387
414588
482108
703643
418147
530526
603460
159533
462246
309775
903164
469804
130741
300607
442735
578321
821217
553084
836853
135847
283168
272058
551856
335714
162274
714498
555826
416026
293570
112122
602236
60962
285336
656589
194569
67819
967926
798346
128557
841347
647790
903954
973175
167069
156528
655697
572086
223544
373925
906359
496923
419149
703154
325966
848143
591643
412634
858785
126701
546784
240464
69243
388255
90596
957597
974152
413720
658222
466282
346393
648427
245530
249579
630979
825607
360899
269352
383910
943376
856602
511401
812491
320730
363544
337086
987431
689540
44496
848104
980029
827951
485725
652136
424671
928858
696763
613281
296340
975771
559026
420140
121493
307004
70317
113272
135538
863984
804969
303132
657362
623921
416905
96763
667735
562743
672198
995283
592416
79254
606787
384162
450664
685621
15806
947829
484427
884454
571427
731406
666345
312103
18747
533233
466339
784692
104577
687819
13251
755079
955093
499648
828088
115566
577930
327440
569982
595206
15258
240164
371228
339353
822905
261371
984071
268754
723270
570796
664484
339545
494238
648727
258731
300431
94795
815660
383783
735655
980634
824471
564122
403423
251914
658759
886653
295386
765536
80922
182244
588188
210520
371815
407872
266081
617846
223719
782079
797530
236218
649856
745102
678149
956721
468208
602046
861992
643816
110162
140036
375849
487612
222096
98522
478221
787469
668518
174980
137611
264785
552590
639021
245452
318788
824654
700464
882818
208253
764186
341618
348450
632156
844839
98540
108351
666272
458381
781894
758661
55637
798103
185055
225358
31978
781099
229033
343268
340129
646992
884530
832532
7519
626593
808573
676587
543075
614733
344334
545296
293203
960520
150853
595069
117554
445714
729634
618268
249007
638434
132455
553850
269526
969135
582875
557546
994025
483866
373610
720377
68810
470331
303658
207753
527823
303366
620216
656652
255224
768794
63297
911967
299260
348710
434845
728000
590399
23224
779861
621614
344225
127331
249477
511708
148528
835981
562909
682385
362365
569363
695553
272159
542860
494297
883024
709949
761765
245745
329282
440323
695559
91366
314539
103106
421628
386663
176220
590334
121928
464011
73193
871178
963131
744069
393604
307262
168806
194661
130248
707670
2730
816008
705746
238442
431212
178398
148298
74502
400548
577942
912512
996261
963477
175272
323440
404943
105111
922878
316200
992332
288656
844672
831105
676355
853633
470075
378696
772980
787196
384557
411393
781583
884660
635055
367105
286383
527213
387135
816442
137398
55250
639593
401108
828677
550245
70290
659318
129816
935632
869793
714275
110717
292763
304779
527489
355887
998583
450169
170614
678291
901751
71895
993579
813134
491550
690491
926706
152577
949075
44784
759300
302306
687537
541727
795171
735480
613691
646169
675678
890547
422509
816707
157427
812517
678061
758815
559886
543713
152800
502835
69104
290799
212505
402264
385067
59496
541421
943904
119305
596980
610594
81765
752525
117214
623046
710506
301329
473745
507675
359089
654926
743410
223984
200217
807866
769177
121739
123440
929804
599212
513538
652701
149211
421402
387817
878435
116196
289330
440101
578707
98539
214237
965599
603729
522744
506238
347092
167488
897026
139749
857226
999885
621354
581802
681757
708565
53150
175084
854392
834612
641246
517734
495135
623275
605915
120298
65512
836141
961403
812990
110538
996486
353978
458704
989965
933993
612778
725462
628321
863060
119899
743750
986571
362082
473045
333103
864186
563629
409282
256371
803000
814621
337257
912801
55356
384594
521813
504051
528796
448938
671188
539681
456415
594607
839515
43231
371952
845984
479687
326778
581295
680986
536638
564747
376482
538851
782068
249621
983881
971411
244425
769665
682319
957920
974800
335091
642268
693828
603435
200840
896839
912781
504914
934191
300009
164993
440434
35297
489165
701739
927218
394814
318659
143302
665872
765381
409108
976261
880874
126640
193167
613693
39257
970986
423682
386992
319416
441070
725509
109047
529922
410429
441072
192395
110041
967867
888940
106864
782627
6759
659239
747710
869199
373621
927777
524685
417014
139658
723876
671804
616988
712660
270288
791838
631445
411075
970452
96194
510916
818535
849977
28638
564671
551
899800
849240
267598
34587
811756
97136
929555
586631
79042
316620
780163
519285
487885
412449
564882
284334
860886
809084
393901
242964
781584
382827
767841
684511
959945
274442
768985
661810
19197
334701
230276
381529
336773
496679
500437
311906
678636
254645
741476
230997
488546
702986
607730
40401
124298
61560
223945
321348
515374
825208
978370
903750
585362
258134
804321
201491
837414
656124
947802
652899
274069
284121
115639
835560
645242
369453
547729
570851
596466
729332
285947
494051
268492
461036
757759
864476
325149
195269
809280
978528
916145
947045
848638
583100
779036
900372
131576
815282
692974
132619
968940
175950
764804
716180
844474
558823
563259
938589
734951
979956
278208
687135
845181
803720
968387
827238
123023
92203
975050
182524
578905
352151
560354
807350
87046
519820
471600
319258
781260
276112
628709
6507
783155
286727
665423
573268
175987
223658
170957
156973
530234
259815
691931
367020
425612
836501
464523
81579
184645
495890
134933
530193
113786
995068
6853
882592
682750
657352
613842
910619
823488
835074
914127
342866
112337
917281
254395
443787
299652
835334
127987
881167
708783
28113
213319
853838
478797
429600
482921
615215
91653
287526
473409
882872
379206
588579
346014
526999
346121
993669
39432
267
781176
92699
540977
126770
753069
384690
583113
196143
582291
978062
327537
694967
154601
815302
801479
86841
575461
92285
654176
740648
846005
963705
960660
206694
240160
37985
957042
442766
798667
152599
596436
298206
933848
899440
631822
936128
693033
684044
310528
504115
738178
839255
643339
556378
721229
787099
743648
518625
192758
956415
678516
953544
14774
289375
311952
95182
9070
151881
327300
582970
58281
820306
522427
619464
703684
500820
280682
355311
174570
20101
896675
12363
902391
786548
740422
879020
213438
235746
325078
977019
101862
940666
859241
289923
966063
940206
46521
226403
61970
679728
675481
105103
167303
501322
360961
482558
832928
898011
600266
2228
250963
639535
256693
876972
447317
43193
978853
855201
427937
679983
231341
759161
352407
255810
615556
102287
697474
865529
361493
942171
905266
482217
669491
240960
981320
721491
187050
909171
643536
322266
430193
812547
93640
385503
610235
880712
382271
563387
348524
180716
962201
282840
195945
830417
693743
254509
658120
61918
155603
662740
202919
880425
212849
608969
882776
635394
851729
321537
243194
199578
153592
892068
120995
839247
955630
101865
242297
537813
979931
424205
947872
635778
951499
910832
962125
320886
305617
7692
980473
449316
115399
188626
955634
376834
542707
861859
894411
248585
303621
361064
596980
843881
210556
31310
880996
858381
336873
243361
172018
257094
985868
835716
75396
2262
992282
445578
104414
610396
351200
160053
964124
801623
648641
312969
42811
435928
376731
847435
643985
80009
836360
596827
463965
990739
997633
390315
427897
522865
191324
786395
471276
912847
891382
896627
316060
288030
124587
704124
386400
743799
323202
290107
913972
201001
54182
261899
13509
726177
774607
129430
815789
554037
457856
120496
264697
953805
138729
724112
490661
773422
15788
862123
138409
957732
534716
288238
724140
967436
582562
742488
690839
369339
310426
771379
158341
534478
959066
201645
572630
922575
579826
157783
190371
210881
923278
923513
216203
824713
78425
77327
746924
862969
849724
271909
687150
623289
634756
197578
615417
783636
375074
669812
551366
40029
442955
687216
95699
911100
783296
379331
131568
491416
527208
428579
345527
961058
321945
137803
690329
607420
995125
991743
127058
23685
738545
176028
610814
982595
620401
342363
292294
214251
765263
878434
994931
554447
355899
926598
707875
821605
957244
438754
203160
175407
418901
420493
324654
808716
237826
432506
171941
426395
218146
733041
390236
780232
75182
82982
208863
165940
6887
577971
992727
15173
612878
751863
665696
111495
249997
104650
216184
364221
502707
940380
964498
149897
881757
245801
785354
7667
807280
341274
787764
903321
14466
664124
197965
618228
888792
77461
190611
438658
420618
89896
706672
845973
550147
337735
808722
602680
3493
278608
40534
820537
268489
376453
49570
264984
964260
979788
500946
751690
317701
294655
729417
444138
781306
350193
41386
939133
11731
414335
223071
948320
334462
880782
765398
555217
504081
465958
855244
71190
397223
553898
385089
977357
660449
553843
542475
827921
511054
351881
407623
330246
285157
164797
567210
727298
419055
875814
437109
599320
160961
769526
190535
785026
320743
548600
331020
449258
117725
315496
482196
955669
940023
773102
323134
798637
993376
439289
200467
798441
246207
147893
906415
654939
491189
449832
360025
651414
848387
246574
140340
317305
610313
856911
463695
227421
112809
39290
495383
286359
517834
491745
306028
951722
160184
323952
312272
843404
206505
176170
910268
713683
117723
163299
874317
931260
982232
454228
884891
472
707739
584478
626538
821780
966477
734814
815098
850851
53480
272297
442681
319690
883389
487140
469017
527303
78992
415747
241532
484703
913441
374364
825162
156867
481606
292775
315749
152030
126323
723284
564532
921278
907548
342537
975900
227548
699377
478519
827789
304905
999240
962584
737784
385784
458649
685063
376222
317474
732066
958459
974212
874521
652203
408097
219011
504621
998116
360086
174140
703413
567018
310078
449192
347387
135912
927556
157197
505094
776282
993326
597452
404036
545901
511771
31127
205396
367043
714268
873985
911406
225618
8365
906286
291504
18732
888783
635497
538181
269465
665987
430996
276276
783648
394660
445498
555395
351845
694946
165377
112645
566636
259031
280571
338503
160956
161159
471067
697107
287838
412025
30020
198623
971333
685548
536893
652885
65927
374776
107137
627584
738761
956355
266996
439184
385274
284764
665007
700426
197238
482551
525820
819983
301578
198597
903389
910982
768215
501296
16455
888873
515407
588720
838700
42089
808989
239693
923574
958271
938977
576241
251279
419984
526617
232233
510557
549436
723547
121592
470731
549380
363710
418392
136003
694741
222425
429198
213112
729973
75619
890600
554783
5833
881273
368470
109693
445120
987583
136803
313115
283168
907038
345998
468567
395307
652907
307145
697493
678573
722919
32525
512530
644325
427235
816472
604633
215054
29116
702852
593678
847113
937092
263237
273383
541608
411585
880255
732731
208665
903375
647042
591730
449645
631200
747235
920285
827908
490532
657272
901791
39447
317188
603375
722120
180002
637639
411915
797378
610092
788696
164029
605540
612916
555679
166171
868900
87610
625355
590463
60329
918887
663729
551615
394495
501465
730702
292740
673572
517455
571624
855369
112063
362350
815955
666738
100720
795118
626832
36998
912770
261540
209168
362251
688125
231148
8150
832637
107929
596786
790138
338794
281101
490525
604105
416173
99524
921754
650826
777349
141873
89344
945884
944721
993593
740005
295675
377194
499023
561405
71905
185565
797406
365673
438793
598019
675615
629732
290766
517503
611466
339973
916594
564628
911017
556913
434619
754337
350599
753249
312696
314617
111496
449868
87586
364131
65234
487025
436957
217067
738857
951875
375070
600099
693209
721776
648998
376569
867852
612048
137452
221878
539579
427495
906712
367569
628097
448471
405164
52078
111691
879333
97469
548470
128812
843621
322015
747539
909069
402821
870112
223624
210818
941428
716714
747180
903863
617645
142732
874817
201993
612196
744658
777717
48945
990667
532112
529524
323163
887041
100094
518696
668181
142232
579709
905550
22627
131073
669752
405494
213167
565334
999654
728599
329949
603012
59883
119372
795197
554003
344542
385327
430234
959572
497574
838033
36143
863142
925757
567187
108473
883172
284182
600548
159976
301871
562459
571607
172719
53907
308495
99487
781690
626328
787987
155627
336575
450600
691396
138072
551214
902488
250689
871575
980034
583892
857738
645341
235577
471212
289284
680640
313504
316533
829081
417589
610376
668381
475964
123043
429909
720527
550858
432739
508916
441279
534412
460823
667756
467026
132633
366436
591118
402541
662872
951181
918535
811289
931876
803821
54100
707600
48328
699665
85780
235623
756457
413616
937785
124311
914563
235335
880408
759209
210763
631957
222497
913406
678708
631280
543080
754744
972494
192451
480353
206345
529160
957733
435947
633558
136726
698902
374723
497863
772526
409816
462489
840622
230828
380264
495871
402257
184405
144727
679934
462485
132984
461898
556035
525129
501936
244938
572023
158861
298951
371145
117100
213598
617589
12338
400435
454015
512390
567723
966218
448388
543513
457962
498098
87422
799876
145649
531167
621374
407573
121383
732105
279048
176692
465493
690912
83670
884516
219194
255516
513093
405608
651403
445490
921632
551682
559306
209954
339208
713430
667969
345453
56189
185710
670299
444517
654667
617175
767584
783580
595667
186088
695819
18366
682421
165922
336778
62011
833943
994227
908306
894620
439765
129557
680156
248055
16325
342163
558719
388542
845349
517676
483115
409137
32995
199824
720895
405492
368457
167111
842376
389883
564676
789617
994903
641377
354447
424872
652094
899992
40321
515137
618470
262587
740015
882482
344016
726528
641855
378701
561382
643081
285194
176299
189565
838425
289261
820772
441642
43555
571821
299258
736446
544574
532420
804949
765727
585334
941772
829161
250436
966396
582855
290099
406284
945661
305353
476579
166268
514704
313154
172564
375252
729928
504236
150774
643852
436457
868941
614797
966384
342968
500905
19666
64341
816555
446984
603511
927287
255168
447263
245704
906672
863658
956958
20525
614999
865509
103062
578316
494131
996011
925444
755531
195995
69439
679102
272883
468203
558886
707704
750064
901989
359797
409715
657013
991457
353990
315396
459964
391794
118212
259837
201131
719319
119718
869306
863378
472155
306873
813769
826193
643274
569493
569975
247959
910800
915633
141619
775237
786991
124499
276514
355504
366300
544352
446846
916485
848567
228625
832107
586952
995558
673798
237464
840693
242125
462005
204494
85447
261483
774011
412057
288918
577876
671443
316047
566747
670087
44836
708737
130384
126955
686132
917822
422322
118443
50747
149950
112296
505642
537490
589938
435390
85029
107082
559398
83018
879268
186137
6159
647535
72541
385072
464631
940415
802661
810856
897346
916924
279635
679322
907292
473015
804787
983565
296065
989978
490596
102474
143144
869697
541135
356620
320973
747394
147012
107284
147929
163469
991667
877528
410609
362287
608259
29851
273432
24305
437650
425944
815490
743261
311562
864536
900854
150880
125660
752931
475358
162251
961180
894163
66606
5620
399481
739588
589103
456505
806615
951911
597735
242532
201483
64182
78567
302058
184690
32770
867121
951566
53934
9191
766147
112675
3007
532258
729668
440558
905594
305529
915274
538601
496808
451224
160070
460580
500669
764284
225101
889607
705842
304456
518147
533618
603970
869557
579430
107461
690559
128295
804788
54971
946894
315098
678586
491249
939077
82747
219963
908293
968287
461267
355449
508314
535642
156510
111203
278391
985198
460986
500762
685327
266281
729019
154082
463195
981291
531227
855394
735267
124540
425231
762647
843997
366661
738356
430619
468396
556210
103784
755406
321225
933089
800566
36510
280063
223175
685801
943417
153488
607328
821377
176396
79541
397840
434756
1654
703171
989083
919595
892814
237801
419390
716157
965645
247318
284136
643898
176986
908343
749912
255853
652529
883550
330260
205477
679023
486846
387523
512189
332092
607827
936680
852374
771029
489119
58875
639142
218804
497230
377701
406058
735071
79803
516761
775735
467466
224971
303562
678062
902186
434295
982796
483534
496408
859560
687243
235620
994973
395515
603618
917405
313056
219044
355289
965628
640553
364654
213310
324582
932497
179552
120798
763930
120905
708796
376032
906047
144643
368097
339583
220950
103104
503440
464290
720079
531255
619723
425882
695223
826463
208025
644087
121102
33945
380071
944775
58999
827645
792392
704556
32072
471744
471133
643993
451521
882495
989968
782889
601626
186218
515514
473564
918005
663376
167461
732526
271027
494914
8235
599830
780259
849639
999997
469976
786260
348764
724480
554503
901003
235973
979601
559131
531856
431797
582953
477226
829859
67126
214684
477447
847052
166709
678012
861812
483600
792141
38362
438724
625599
959214
682668
508306
220459
938538
783690
26392
740659
389916
534227
759853
723581
576181
521836
76253
563842
664164
998632
876390
827970
818593
940804
565773
632345
163671
77577
986587
420330
318060
390740
919288
626999
761390
775090
731810
452371
545115
110181
225162
525422
146957
296772
99595
117840
505344
357438
477960
873249
65089
678399
999456
510116
400437
955691
447185
617284
105732
977991
475366
75719
884192
854903
584862
390623
359606
492578
429723
983519
288239
312305
634307
643275
859299
793655
72567
556360
799835
183787
214382
995890
871617
328080
535533
672332
978918
685493
345061
817298
289136
597656
132073
581931
112606
24422
966282
195643
665082
588254
674321
173140
9818
417619
903576
248332
481042
789392
27909
349289
976377
11733
25764
207865
723414
573056
306656
275519
194984
530887
288030
667207
66255
911906
151031
198299
571738
909254
191951
26382
543598
157259
366806
687669
39887
505903
315035
921142
541518
768179
265544
128888
528271
149091
947070
126778
650422
811699
904270
842431
397870
263557
21712
524775
440982
923079
510180
987802
295240
335994
605763
766941
81030
950413
869632
921862
510595
416551
135137
336204
365388
270916
997524
833272
191569
838647
683792
739000
473428
424717
298441
789330
85933
865490
494735
970358
836087
852781
965252
863660
619931
808166
169272
816684
132727
980105
188131
578316
330090
835106
157246
694612
401022
378151
101374
185901
662899
874293
446702
849528
516004
663987
416360
270588
107224
330899
955183
709879
865576
801911
452140
133397
444424
764592
749700
6142
571507
545761
253970
663562
590839
566146
398470
918352
359386
48064
119833
576156
27112
289922
543340
88702
245722
348231
209916
278079
583653
525419
719428
626735
762652
398281
312240
635034
904962
199673
545017
450137
852208
67898
372385
257028
834079
512363
568717
126085
846739
829300
667066
180936
989413
542786
141021
759758
324843
787247
790683
900705
45829
393471
773410
986082
812679
879302
507746
566974
504638
812584
329452
472383
823905
537977
771237
114815
134230
578370
726758
935991
938653
363429
81268
291125
915421
351384
975895
275948
910409
29325
439513
805989
356911
804658
824285
820756
761885
998740
372505
975429
627120
485663
966897
859765
178810
580608
215729
13629
72143
862443
126759
919273
666093
196856
836571
330023
159365
962408
527852
503899
43690
271814
683529
332752
199957
781033
537352
953224
74450
179222
574822
255668
405643
709954
777436
893759
443183
549812
306714
994948
495615
805705
284515
11553
540917
545874
332164
854627
553041
39512
527026
565728
674561
176639
345855
420324
968748
748936
739705
682819
420059
743536
164895
827150
623684
987126
8257
678816
375989
48314
393715
382040
201434
47489
299565
42209
862635
142229
989762
438188
928180
497481
828027
645503
356994
348954
48272
985319
287527
720753
874562
559945
493483
457094
30424
986007
389135
498654
706739
25886
327806
702900
975312
82747
404691
368950
266202
672558
679041
646310
499370
182790
217827
56353
811996
221756
965025
557245
301071
749404
803387
566667
291512
472734
711797
181884
724259
251539
872864
914911
345096
371259
367232
460936
459526
214195
613279
662989
554815
1035
913645
788010
667727
145910
394898
675524
25577
304347
694290
312778
464080
514632
607580
85496
950960
689862
661871
808885
249303
20871
788074
406109
650963
799612
589550
724697
731688
111363
806001
705001
698478
995454
277794
780867
218821
815231
767732
576981
282294
97375
567690
641447
294888
340718
27581
845404
800956
215812
425485
400087
829893
135862
966753
760443
353063
265892
643836
810634
664075
494064
950463
753711
953660
788489
767829
660119
648033
46501
982014
377465
746135
666445
128508
633207
884587
718930
15380
143836
731761
684061
171073
863685
960579
725476
644219
220445
452953
241529
671262
893633
949378
115900
988091
534594
662397
571313
463288
410376
289974
500588
797924
678931
732256
581033
735771
314717
213419
517112
841106
770012
621027
79061
74048
584164
55845
672982
906154
524648
575358
592189
298313
341600
228769
120685
962713
118791
837637
932218
393793
853692
211033
641689
835290
251592
104357
979446
563421
619711
610302
182949
481006
82879
342245
316272
601855
69206
442622
515215
778338
471232
295528
945269
590255
822477
805437
168263
714382
86497
321127
407847
223330
523477
831965
620271
283283
289724
389177
59834
103605
878784
668728
973084
696282
80938
60045
330865
94897
387968
208482
777363
897113
366856
479788
739877
92230
932395
391081
529420
265806
618549
778937
250494
35921
167993
506007
782578
225283
96529
873202
739063
922840
308803
295468
473185
388042
500096
456046
991774
548682
691590
654246
125350
84161
448421
733918
282897
732481
628958
568698
852098
126861
839782
851278
153281
389633
723339
212569
999463
26399
488942
645410
508722
504056
472686
568494
823736
192180
452454
627099
459001
986174
655884
53213
371981
273102
91898
217554
487548
427668
603913
353731
249516
455230
188697
525497
511541
988326
563182
206458
301649
623579
49717
942367
458991
661643
353252
244051
7846
735882
282431
946794
431686
802433
359094
785883
431499
889462
673964
631836
585323
452211
10002
791640
772175
520662
6194
245136
740190
589045
54472
364427
72692
558251
615818
923003
663153
205891
332041
138350
524654
650432
290863
213805
806731
281223
81832
559285
513444
615146
24478
638479
553122
58770
61788
235598
169069
90760
954388
111333
545535
625248
4348
421858
711892
780738
646802
327499
631870
115030
233153
576660
993940
794700
160092
116346
711818
116613
705607
969086
912092
57249
695285
353985
579173
960870
637835
275065
352908
87689
981539
983821
834845
451229
347630
972179
920310
295317
313137
147619
62680
923959
402864
298776
695389
234912
403624
81571
498057
975726
255541
950091
388024
932173
754452
307973
596983
321377
76995
180971
867119
617357
953541
641564
96700
884126
209153
709233
678749
609752
399114
435863
241028
235035
788858
850126
588108
467824
425591
924733
623370
230006
786967
183983
694331
474211
331424
960302
890781
799353
41448
518138
507803
433032
700699
163110
771936
818073
853851
595920
692237
280190
991106
805947
769221
282036
957123
429259
199397
236658
441262
301532
331985
145873
932562
558975
244010
457559
302076
747729
448859
102753
155614
470522
267603
575213
960011
111871
742541
619585
750047
759429
330250
554876
529468
653859
914209
263351
755631
900834
26477
237592
360176
91028
486308
760243
466312
259662
340231
959132
142925
656643
192181
468685
162761
523006
728859
60400
150969
326651
262086
209547
298481
632867
968025
15110
514973
292259
701530
662937
882978
487016
742054
968086
824674
483640
965957
182736
920478
686768
129560
669415
23351
227222
918191
780337
275725
568602
66103
713415
530504
968046
487760
279273
511029
568767
52541
184207
709704
518030
242549
758733
38400
271536
560022
818593
982120
548766
317305
99101
23161
392634
52640
525867
419805
730847
865164
62402
561678
372195
530540
597668
116061
300908
486639
742225
322447
568171
373371
878988
927073
93178
226102
831431
9453
480270
241473
822445
510629
474777
2884
734028
639803
781183
566884
796254
582499
746226
279185
547762
717232
877932
641981
7228
85915
634568
843559
966965
531683
448894
574549
300336
734542
44409
708832
397179
922829
829207
842601
779950
345789
288636
803178
982483
731530
503507
301223
33586
491374
294307
85314
737143
681367
873161
248302
89538
431271
450072
161468
435083
696341
260170
583889
415344
941681
941473
586297
591581
785668
361502
135636
426199
660885
346013
949102
33125
621192
421707
548269
546395
148194
502725
757603
513668
605991
528719
841411
29931
118308
848686
294193
474694
271177
456611
988978
274752
870126
510532
682883
773858
739062
319224
640837
973085
64465
588430
243349
94838
374363
464571
704890
675214
423330
861742
613432
86861
311493
361170
740737
448555
887543
122015
373579
804443
85283
482077
912381
843988
892522
742647
300483
151484
216519
340664
527745
825843
567764
799844
559587
197114
455334
338933
952083
453567
558802
780785
855748
253190
518163
424228
565931
195573
595844
479872
569038
54972
194119
80141
546100
933023
302408
690126
157052
559585
200156
372210
447626
444879
769475
48499
781468
511782
498060
747343
948667
369506
36696
965409
105036
322532
628022
52956
962630
973246
326574
645027
772286
362526
488473
400007
923614
123478
453101
986909
882036
973380
865495
389435
267878
578339
163201
997392
86788
813996
450227
592221
280630
315434
776789
545812
64724
779417
668050
739019
780948
388986
427929
23965
334622
162038
710973
476189
449276
696428
776573
344248
934381
462809
873053
250982
384792
58211
440243
112588
155102
464578
152382
875634
891592
573067
379439
960348
741728
871835
849228
656839
376219
155420
286698
130050
794803
634103
196824
372838
730707
237334
875099
417587
946604
978324
48531
361672
774757
548932
686140
609342
818607
949851
388304
847202
817974
215611
763082
106958
382195
738589
352390
255395
911518
950361
62916
229861
757569
482261
571148
381683
5032
561800
721835
132385
171317
611562
742491
566516
140176
179642
637953
845113
87419
40939
919503
782210
774467
832492
69002
798654
249810
431507
115430
951860
298786
776613
774413
143836
82892
266052
621502
688410
998910
965621
901458
701272
706635
589069
996890
788542
891933
776120
384357
417681
552710
477862
409182
393381
175027
318483
771409
3264
315521
639729
880014
570765
76330
530739
727782
851834
422104
482616
94290
125359
964186
632147
763508
910826
824052
839027
423797
348475
644816
41780
544717
710169
295059
240385
363041
552736
36875
854563
407622
707368
757124
694379
788707
172419
572090
555320
233845
220306
901224
818534
862573
105220
402047
494739
295668
838061
271410
709263
923662
159039
33134
109407
472732
206567
490791
860014
475899
32646
640142
600337
964491
342474
206751
340725
241610
724969
258006
400168
283998
468986
667521
666560
723441
314032
60913
805612
458806
934643
900362
290965
566731
470300
137402
205488
906359
123341
719750
867811
897042
73323
750400
414673
983044
122810
69845
208964
688933
747475
651778
83382
60100
889988
812199
681788
828420
330436
851764
414480
562080
540817
948800
959097
863054
71400
682168
685273
93249
975073
872948
734291
581257
936804
982373
902358
835734
10763
395819
536139
297562
633110
246211
528663
758092
626565
763870
282573
63560
455190
644748
531571
648851
316123
131415
936751
679293
977911
230445
664079
427871
390773
212597
396082
911428
418180
275586
38037
107428
142995
852901
331966
69900
41477
18652
84223
277849
900497
385193
543719
127970
368826
761214
520587
86198
1701
287124
10796
995066
673692
861851
921221
531445
700702
613772
889140
439527
761568
60250
403586
698067
237029
320071
952401
222238
971061
549778
87137
841232
717373
925837
1726
660151
581314
797965
274122
452650
66691
514492
951331
371499
256619
167496
14640
876262
584560
474814
568717
899158
369803
404273
231696
127175
720148
34132
829688
597174
351737
42600
607410
861908
922394
645902
81223
350185
193541
48830
586341
694934
915145
118736
500679
742963
622457
343032
184516
852823
261247
743951
206962
918261
213210
399564
415732
363811
544437
419281
61095
368246
350117
630690
786533
776074
446655
328368
753588
295966
999828
872916
9999
230108
231755
759319
968078
404661
618009
82093
369460
766891
772703
98307
4309
872552
450335
692974
423906
87308
887644
824642
154131
647812
260366
586628
643183
608597
642303
945655
718651
730809
320517
562066
455997
571424
18908
860051
557419
323415
232415
404397
560757
959238
874723
304541
798636
988179
35185
27611
597965
793573
540189
42411
114094
517955
460679
590738
185988
49114
553454
313318
112911
544157
208300
802175
982947
30407
190802
572618
202579
676988
725024
94908
236475
724493
21857
699170
639146
683227
732641
961495
905258
848530
661644
348432
688110
448279
536997
161681
477080
230845
628831
734338
28260
690032
835548
404764
525492
491700
440639
747902
135800
683912
726000
783324
780793
418084
377516
948630
688835
445858
185797
760103
42605
550649
674301
578100
49606
38627
505083
81924
806494
19361
402856
179599
40878
290453
902569
861359
845349
682380
632185
297203
996368
596446
404321
765459
237924
845934
950871
700093
458987
212941
678897
335438
542601
460731
526212
888220
377642
214093
650782
854256
562635
971370
200219
106129
714145
241071
612392
70011
643113
514035
915346
495855
155981
663908
92170
79396
698416
293200
857079
675547
790487
540032
115704
358992
715379
773503
222133
554188
236431
810360
534048
767639
599122
901565
547278
164363
431858
995428
84716
302853
252534
468364
464223
938356
133477
161021
362236
996499
118160
933869
540769
238387
232569
468063
595374
453937
978335
505510
109475
838664
620775
996872
447640
59519
715944
505022
515731
928707
852627
786007
81673
25679
266622
22843
357428
206983
95435
288525
110477
610597
540857
264938
220967
174346
750151
17871
269160
44854
766592
790231
850404
59091
252648
639393
235799
40300
316865
653072
995135
876859
563770
56620
427476
795039
262581
603557
629925
675564
126004
720568
706257
678493
851295
19563
299294
141156
83316
512242
310969
835746
86155
309620
861514
79539
707205
16743
953139
314272
566673
228375
799590
65400
3546
298886
837984
621816
622096
610798
401734
255655
935442
155170
984410
42303
546549
588434
22298
234437
697012
460397
37941
880186
262260
381921
825195
615850
757234
476926
432576
126241
273739
149816
513948
152253
452071
263563
509570
346911
156099
488185
276267
565307
370586
798895
402815
852175
874480
338374
943535
705969
801147
753637
308401
279744
879470
414851
570457
317948
481635
865674
693457
190130
141604
903895
559733
729872
806933
830686
19789
418007
151938
831851
717416
556590
978497
436355
9169
370834
22852
569961
803313
412651
379133
554236
488065
56314
269806
687997
770729
345327
559628
25199
644282
643287
974799
814999
288005
743667
558297
385379
20054
940068
545152
510439
761680
729218
143098
499330
605990
127563
322916
208863
724531
803384
319535
717528
209975
38251
807079
147764
233135
976161
516305
338192
417365
90177
789469
553567
548203
836133
434238
207408
316234
931890
406930
709049
90363
20281
589904
626706
425086
758341
267021
695371
669340
137923
234267
637289
18520
232911
113292
717311
33028
814935
279892
875878
931119
133422
184076
799769
303356
336815
982099
219119
293262
451212
622223
116213
896799
915186
166737
340775
555632
652122
102935
433483
948507
252783
526315
650603
893956
305303
831400
796653
469998
397217
783452
795856
36265
846345
442633
428421
73641
805482
927366
93800
146419
311809
267843
219481
463344
941593
521833
704508
75556
724249
190176
20681
777272
269862
213546
923664
11123
897142
73324
85581
99527
671795
845325
824739
834312
494087
595383
327481
881975
266954
86907
851566
203517
254022
785809
790842
851763
705251
18557
540898
370910
582068
881228
984535
661688
467740
413950
472684
624105
933598
998718
287219
676949
401665
623820
16755
713743
275804
108283
716551
688619
877827
657750
542614
573808
623566
373982
874666
207724
171202
620143
365167
412386
326687
744961
568714
732255
742790
318729
643092
944427
426628
610495
443570
441818
405631
185979
573394
323586
75131
595065
568388
684294
625226
406459
931186
536145
445966
840461
343102
716575
136812
97700
22967
572277
461263
154144
31991
798257
108182
464113
406363
335612
152155
960597
908000
118043
890977
790271
346647
734629
30617
879188
864580
279567
515921
393422
615257
393635
79994
596163
528330
17871
921492
659520
556045
827034
398968
159183
5168
903857
364866
729113
290518
165280
38809
913892
265487
563804
710236
265276
407891
987965
380522
951280
878171
342984
193870
195892
847005
824042
806405
690916
477282
558850
14958
96360
266117
374677
920014
579186
974794
651045
261180
931876
489880
671067
650287
728399
295316
362145
610914
455127
685916
961996
389217
694706
453981
397111
466356
345807
305362
159205
307859
963097
890298
7598
27902
104307
317675
581188
764780
890200
638799
726330
733752
673909
614898
411988
677307
463300
708525
89193
506226
801413
430553
802675
637438
668702
867102
873015
684612
922188
32233
479627
432180
988229
515836
610185
50727
160684
80799
74447
192738
733808
505588
239663
691000
942594
885672
447610
389195
874673
689989
105764
540850
486947
668389
967316
824887
939634
287169
549003
416503
340384
552936
859822
945452
11577
585483
275825
438408
544772
410805
119778
634231
829221
767959
110287
65159
997266
373953
61910
360868
854640
312237
438343
204732
72585
18870
26999
751745
774828
657702
647396
725837
778466
898988
341952
312543
445256
175340
493020
939331
464270
790961
339826
834768
47179
549886
572367
748363
457978
311426
931547
188394
440533
500073
510790
601522
171468
688911
717969
578305
677538
694863
219254
864040
174245
173690
794422
374000
999304
444260
164605
414078
433118
208472
21619
55185
782005
369835
659937
430951
814541
464110
458430
323583
985268
780349
146326
199354
463743
989748
274646
693211
790182
263553
391286
480557
87805
442197
821507
51140
8587
343925
141448
668635
873993
16621
441816
706077
440376
106019
962811
14847
203999
175881
249395
163146
705120
520044
895465
477110
967862
576042
933369
593394
856142
153792
164695
357889
498046
951489
153884
738366
124006
689571
423793
676224
882850
986292
79063
457752
406249
52074
96592
171127
723653
749399
725677
245037
789743
232379
418869
59148
155526
974196
481583
273963
626732
589520
544333
357958
260413
558659
105269
608195
371437
784116
935596
380495
740733
615729
487969
181991
779738
314435
602836
77939
439698
324509
538593
581260
620019
19822
765037
302302
455874
396438
503084
771753
298581
80821
674572
354338
39950
494878
575361
570806
673076
468330
417454
469102
653039
47913
798573
147309
108512
38516
596027
949783
160347
963230
467843
646924
253826
52425
702917
560658
570623
876820
668707
251537
945245
459506
821832
343095
421892
239574
602549
695356
187471
175370
56041
179584
785100
697119
139053
947920
115151
689151
291641
165383
773747
781278
93318
185617
732206
215759
80177
549771
727504
692979
624969
278598
201240
290828
429237
957739
334067
795695
881157
285816
628306
378648
584979
624680
976166
64856
618517
522673
195003
578089
248323
219623
866734
286178
145759
991166
718861
310533
687334
486764
646537
626166
477201
633965
685594
17607
501576
777248
326704
526126
926564
320463
885521
593112
703967
666316
684307
781334
69531
652982
811896
445750
40203
208667
941089
729197
885634
473015
731121
290991
598486
199067
673535
572449
870641
799657
96055
382374
578740
489148
164046
522006
688519
676708
657887
769869
452993
694543
805927
738207
128689
968963
664346
806377
225095
171847
845215
729283
808034
394210
351407
185809
985207
492667
881157
312313
247770
953887
624579
98287
908653
878369
626209
852331
197858
621468
322514
760572
290350
504212
497269
963190
298956
852795
233268
347463
513898
32143
417789
329064
924852
229472
997467
25071
570556
521712
886256
311297
89155
701683
363601
928868
855847
89397
171902
410866
857640
635931
913916
44329
903704
723777
1361
749472
546271
883011
67484
27156
464808
877079
183310
904609
144044
146839
222153
515148
941785
64797
798291
646333
297822
315464
131703
336650
509526
295963
974904
775150
636878
22212
307315
236952
397941
145593
476944
814432
361567
274110
614244
324052
764277
674692
906791
925489
520509
871019
990221
523437
405058
90024
204163
832305
247008
129282
453575
638756
912814
127670
592484
433891
392328
811707
864329
699213
412279
124704
251077
294906
677184
791697
74978
701323
581830
42488
651291
150364
891484
457727
968314
507222
444139
194036
349522
421474
807932
992070
115990
764088
589603
438764
105685
673621
190985
422629
544531
960139
130516
591706
720901
288114
961269
597535
453224
27004
962573
869720
178238
123814
448957
917048
471846
686987
557577
173221
840151
437715
106344
390904
656057
870280
627178
448288
473312
317385
178886
168294
315877
337431
606079
290699
999203
261837
617523
151885
78731
953900
809920
443592
817893
592340
729299
878586
196131
614799
150798
76447
572515
165384
742741
633275
360066
242137
638198
156982
194263
606338
934259
580001
932883
176693
980204
474710
307251
395789
948461
496702
741983
641183
455058
526893
297059
770665
474515
556583
702535
585256
453872
102534
700748
576773
257722
732083
129222
951727
696699
619218
281681
449732
14147
868090
857073
516712
178448
113633
176842
439417
522137
210583
17464
435609
202167
841449
455180
494506
459761
273190
270628
376088
428770
979262
734694
343119
93705
153413
855961
283598
702509
942615
94495
785107
821867
975574
701779
693686
336797
43279
203387
853714
102377
97403
484778
829022
623907
52065
819573
256345
676128
248985
890895
282276
669592
474539
772484
869737
638263
561365
281615
470713
719680
338923
833624
274164
184286
57369
851917
469601
222473
855876
837147
51230
982481
30351
720265
506289
218187
705338
814321
545916
512405
435300
590749
610639
841350
232497
282426
849304
992759
229446
299259
679157
161577
771761
26381
239658
380753
584806
418802
66862
31495
437349
561981
985504
366087
758583
219177
185879
782497
538134
148437
720854
259395
162860
97312
402527
46305
61876
150237
551838
208126
965373
156147
336262
564442
8461
126484
356218
267384
6562
526552
727073
468363
474964
661301
158812
569724
640342
539293
838292
280347
871771
354036
18540
31455
864917
604589
518870
859675
385816
177472
854849
729600
316893
199434
125744
691273
563107
585920
484070
303943
387696
515281
176061
784265
964598
920600
659223
952423
371408
858747
926059
810795
826795
503779
679873
690461
2242
491864
149561
645738
405569
714487
788165
275888
127499
521491
358966
126057
880151
75110
485620
355953
186869
639410
96712
744565
753775
335417
968787
19834
770826
820693
374434
586439
558060
692789
246937
88881
128023
244596
70731
125057
909267
104343
106348
574467
20330
664867
111326
812782
860173
625881
472359
784939
429909
970192
89796
358596
117027
788589
415511
804458
365736
308544
694459
661667
957568
85374
907192
217166
670969
548567
260946
156692
49331
934196
924860
949549
650207
546959
571242
503052
789737
20846
132740
732136
636018
440509
995446
55080
301622
765639
912804
453099
778765
893585
189563
891377
730445
660819
560611
415529
858316
331796
396112
902359
542915
130336
998264
119009
851150
189609
736031
181175
449871
523832
974029
370206
558579
512142
382498
750679
621965
523099
662848
475952
685598
213146
896294
352550
4086
236551
351581
228405
324339
430654
670602
42047
193832
638706
931364
621972
682842
86662
934848
979620
210404
274955
161481
250302
227642
534359
718603
782404
491658
745918
794606
850094
640510
250096
157631
545335
343134
994159
538218
486823
342419
171050
431684
502398
353862
105659
614149
291834
758119
278330
436883
359366
819274
288380
271481
100799
741611
692268
806326
184099
651410
239555
547506
235544
602898
764903
799628
762647
232235
380894
277390
33459
324367
992045
721922
687498
287298
791377
975198
294534
502106
128921
566490
460496
628646
885790
92962
786771
393323
130144
965415
924904
171081
980351
644496
496675
135549
759827
71439
82681
513664
30376
165390
995725
361548
664409
53127
124310
795006
548935
606067
408493
208727
393143
452634
266744
515996
183494
375497
106671
94366
246281
833890
975432
680276
913157
374285
303491
434724
644743
606925
784660
227328
444322
857837
479528
582317
453507
153688
355797
454303
905202
155080
222627
447105
887655
121751
744049
823761
342279
109297
396934
68391
64698
948011
205109
405781
394665
444716
201772
999274
722521
633289
518297
987409
307935
314415
614840
485847
295359
947449
470718
987530
821861
461282
576027
945212
385791
839380
825776
379495
511157
366367
424717
875370
392838
71877
819813
953906
965760
316402
181329
615220
670364
815753
863805
761366
17268
155545
538291
674029
596897
956910
44610
762785
492853
686724
13834
143533
862802
246167
600871
83651
697381
477334
474104
155788
892611
626037
950795
383309
900382
921953
65959
463013
144483
734799
612917
571123
905652
192942
276619
592468
402237
3387
750166
5130
305589
541746
870308
807736
186291
258978
603404
126922
395754
900250
400314
320241
68227
512895
365659
990028
272725
479935
114081
638370
413444
515808
989491
694732
34931
457650
567157
473328
248551
717027
215279
492775
871289
24945
498908
795008
804343
799098
370450
193438
980697
876015
230216
795452
651035
492071
912393
415697
578939
981840
859316
632271
147537
705728
493037
822917
816582
565481
644580
483492
387954
958251
164928
545502
284502
739780
515111
330346
944243
154722
166764
842596
988421
841177
312598
862866
868447
305392
823817
435266
844452
904598
194452
904399
204127
589554
394390
617986
713984
449112
735757
41876
149940
114455
359805
563473
804575
274927
153529
83673
547257
399456
363345
360385
580098
45597
14744
504598
109859
162528
16720
649665
638627
112471
80884
768582
569026
917372
625378
743975
611062
943938
200740
727589
767935
46507
171610
276518
348073
710326
833989
142450
524702
281590
597234
822039
927845
443838
903361
260205
25723
681913
702352
759860
156812
402710
566857
437081
842894
620256
353350
913624
941947
289643
479964
455355
248297
106730
53195
60160
984903
507102
162048
719704
586550
587625
36164
42444
363457
856833
569925
221626
409147
355840
377151
262206
275124
756951
78343
893228
916375
224163
662260
759417
421603
518232
942314
823545
703428
355738
612676
380354
565517
686698
171165
921072
874965
689149
940796
319618
253739
309161
809562
489890
674167
954488
706576
823298
607214
785439
789793
890210
477681
416200
140642
270510
504771
143308
153858
500547
309093
170877
680506
501202
515344
910238
64722
665501
235790
498550
750028
549599
834806
218361
124210
220937
502082
806951
272823
428966
468367
876977
849292
327263
905136
792533
739650
86427
445870
703115
145559
947262
209504
700695
300639
157843
662179
650879
101584
599556
262263
509975
594730
101702
158518
243512
383105
649553
51762
766479
764713
827213
5097
959953
748988
104841
541223
209612
505290
389348
668985
899161
905438
210638
432137
129262
780073
525033
198107
462608
628686
812553
525731
798181
720073
614234
546944
404071
905661
833249
501529
372853
933336
745307
584915
550852
484517
69761
639020
349746
548013
38701
157047
745211
484171
406166
913844
335556
858699
216311
870603
276629
93630
447183
415077
135332
950749
485185
158952
472460
799767
661659
475149
764381
571642
753651
384287
897484
343354
824877
820945
373643
951904
820698
216508
959028
357841
853179
922229
297310
94137
448035
595592
245138
720661
78266
457491
614744
933979
316062
966720
669610
977222
716707
930208
754314
259777
550971
851233
860655
580271
596017
758956
754587
823125
587343
614045
462600
338725
964512
621024
471680
595816
913872
365092
776204
911943
601455
986303
261764
523509
116116
556958
856262
169852
881950
832487
173249
519907
896278
686253
472305
74553
996144
236239
846757
925122
895921
284974
830779
292283
174506
579784
920366
490378
660642
158582
370758
468807
275602
806526
700654
941409
361609
629462
870626
975598
769968
841782
924999
867603
962152
795992
166676
521484
428559
495759
438958
256857
472546
348289
724498
304070
170428
780419
797100
89173
772733
985423
781508
152777
856838
920036
874008
433682
299104
902139
747332
938000
997052
816417
693981
821765
138581
797942
204318
540188
772850
552064
140602
864976
274311
595308
10768
718267
645883
796963
194045
917884
992453
94533
72075
262787
402671
52229
720070
448956
718269
262433
886511
204693
112423
747452
980554
582190
3393
432473
801810
701276
742588
593718
302157
631706
440901
415747
899962
724237
906699
759614
768806
317427
214366
766060
834526
806887
487923
238325
702
631123
452356
227101
431208
637554
472852
93339
755153
312832
743248
42264
356213
216129
525777
28869
87978
133163
197630
582937
867986
167538
998799
106470
861163
37806
850156
172183
856193
271914
352307
858312
989122
884107
701017
230146
849650
599963
320871
995217
374965
158129
995942
959044
538762
415167
678806
39681
861591
571512
164311
607298
530334
908956
492331
86832
775951
435937
132883
950746
977592
536703
296341
600722
406424
250584
727967
670052
340305
97603
710278
376308
733883
283252
823143
957747
352469
756937
139630
296254
945366
810227
746357
334483
333729
506111
631172
535856
6616
404800
259063
815306
399624
252443
459837
907751
119746
313775
864636
817880
892745
661791
151570
503703
60519
582013
718903
167033
575322
371476
141630
212111
372524
417810
251834
177183
585184
443088
909757
466170
755720
168192
437436
845306
600116
562802
77646
865562
154628
576707
790547
1010
687647
520930
137394
336141
498556
506816
970618
981800
716445
3668
213994
261066
980828
363656
803340
526203
494878
584515
982588
865442
428836
323156
840966
747262
346816
160375
372717
543233
18084
651976
766856
33284
668950
96257
453320
883243
916927
566257
702932
915735
292451
458172
951957
450113
851436
173321
812301
376954
392927
661324
197282
310908
163760
486383
883769
508651
188912
133855
57214
874990
106916
43442
532159
567973
422450
302064
205112
350726
306101
395717
372202
37591
714863
26113
135204
271946
834718
252297
666339
586160
541735
693534
715029
789851
111087
351815
48442
793877
561353
282334
921891
343926
237449
320181
667805
599014
259255
490339
696743
846128
116768
11950
682270
798462
399622
864278
838138
395255
774071
701884
789745
343986
573179
732142
483513
467861
717414
999376
842091
863758
982158
671272
549891
790766
580631
620741
690884
950493
605674
912461
188408
223358
570180
673378
245141
959136
4010
388784
51835
252893
816699
270870
171738
341779
586782
538031
699121
917756
498265
385980
917233
204397
149955
622896
700544
540456
234898
811287
67673
914397
532558
243555
694608
134916
394535
375316
466739
843024
951073
104899
330573
851472
938733
315660
300548
991719
807316
776214
539874
976166
173388
571329
386800
163203
396141
464618
621374
621113
204413
908637
889344
745787
172839
558488
440211
190230
598411
401848
210269
303650
48751
934979
721105
609636
73682
412561
565266
21955
903393
918167
34799
609829
62851
838545
107789
843366
390095
744588
709986
333493
498717
59085
598941
437066
762170
468641
258468
223559
604853
741570
782773
952299
847446
982563
527213
319661
455215
364057
677991
58235
963594
823013
622269
664270
878209
935138
322538
874665
551853
656200
555088
814703
317622
331162
347924
931423
502346
677618
516199
831533
36969
298343
503072
67518
59612
827288
644421
105023
563269
20760
949289
548322
486418
928694
328431
818422
356236
110695
268652
671649
77580
962450
229291
83261
546828
678648
338570
870093
178651
181374
726209
889435
733354
514969
830191
979396
772309
246333
115757
251803
464642
67579
738316
642237
638331
216362
487023
673254
922068
15736
822881
378158
96543
157271
529330
51363
554011
763233
909608
436465
403643
39702
402532
415038
20814
506624
691411
120915
40783
688311
605325
512564
360779
797249
377293
516368
931051
873553
183693
865555
867997
401584
647422
712345
344099
72185
337249
763390
692088
409342
187333
942609
943066
393225
754397
229415
332601
470397
164029
503755
473914
50202
261617
420499
866600
213407
604666
558734
422712
686473
478950
801497
529591
162490
333323
814801
103506
580149
451360
502434
256770
279494
160759
140542
837394
150078
937435
298538
840782
737180
67138
320626
210762
543560
566639
166141
546124
240888
16807
145467
429079
218869
653
839546
867284
64888
596188
555160
744223
845678
310593
171731
961708
648347
660499
406652
824917
298139
565936
726155
816385
887683
841397
859787
287858
74277
697753
884086
972522
795314
883687
798043
348091
279034
349526
38011
794730
878288
697734
788212
92287
885193
838937
39829
488620
43427
415148
316752
737431
658497
838641
576397
88966
733396
317290
234779
835046
538902
72068
437633
302968
261104
61134
318131
430105
123516
155220
370848
974572
316836
755484
71592
997414
948777
622908
45483
108533
884736
142678
797309
275982
297687
480050
729461
843154
59189
907062
623653
27612
374463
981444
64932
410985
506134
602160
456070
579813
447902
596509
756781
54670
724058
510579
639993
527303
26355
632319
220507
567931
48280
211814
354183
532588
172734
820551
421511
53591
201992
962157
799149
830854
841987
190765
464929
187314
782408
514850
233432
448018
866884
414851
414629
733764
791637
903070
246889
694487
474826
520499
939687
367155
768269
804528
767858
829350
208733
633284
465351
71179
312435
907169
331895
370137
14470
823059
261181
300165
614314
702968
217454
522389
181396
490203
966542
660035
54072
941809
295486
875786
704211
206191
386771
179791
816069
230278
284419
270831
60182
77117
737081
749601
583385
539305
953736
577032
531245
109770
938171
607640
121952
602181
325643
606178
363951
975610
161770
60989
384681
676161
771772
215251
50161
969478
494693
82565
501474
192318
305725
744636
174029
167429
827168
886669
383453
686102
626787
559048
89500
944230
541025
578590
782990
933597
673459
616044
553083
830514
54013
10024
751115
717025
466789
268775
123721
640076
356575
180936
565194
623980
640740
922689
249063
581938
473858
42436
102693
479614
805324
696397
87734
300283
978545
816587
244057
251029
664746
996776
864092
10968
348365
620535
972225
441446
615487
632185
478271
5332
241798
372236
795551
156899
92541
455985
382535
994326
611936
253880
288788
988852
337991
429642
620832
905052
475184
108691
890787
89216
125237
324298
757941
123968
463452
909406
832561
713827
144909
712894
590198
892340
115550
275589
601799
61111
253643
490177
31378
63047
752897
642719
528142
985037
595545
323444
659773
391327
208098
610026
565521
742258
580695
460165
742827
91517
370736
875473
518334
872493
986132
583146
287570
84222
181675
913831
795301
268029
604306
440036
307820
111447
45864
370731
101111
516060
820677
272127
354034
671382
642187
585860
592711
322880
225300
606926
503073
795173
861578
410884
509132
200151
446486
493169
976184
263368
445361
594919
261917
897992
270102
117456
56888
430363
440984
488210
414835
679158
23503
595806
812962
626902
853998
609622
402921
419197
322096
202392
942460
893835
238641
492844
889215
561589
96473
884166
699148
788836
815475
316408
424018
936108
180572
987511
202906
690279
827926
228039
144805
719150
262652
147526
329970
732915
200784
998291
915484
32318
6256
780185
203935
458498
42600
979323
951035
656091
847776
610270
124657
696935
775798
696461
561002
379966
756327
974285
910583
74063
564262
545726
186739
677720
955663
761899
85701
965121
527477
220078
36098
529686
422295
283651
538351
329312
46578
815975
767396
855327
415152
143980
334603
339749
497790
682652
468488
502929
513595
263944
15091
486567
11660
621420
415296
564489
411468
9088
941184
477716
620705
826909
43904
911962
747754
698890
149583
354999
704148
461475
604894
270418
936716
23269
508672
665074
71310
852696
361552
72954
426140
592153
848497
484803
76427
836803
573232
497364
72056
414202
481031
244480
651671
620820
929979
742813
616235
624803
405028
642012
701522
495139
789645
691914
657976
700413
441969
10402
176876
140150
698406
752396
877583
757687
655318
252278
143400
386937
581863
266574
976213
243661
342844
404953
480541
665285
658005
679667
296096
809410
506130
496739
708591
57435
799829
987866
225208
730599
925444
145865
424922
341352
280814
420636
501911
940500
567941
875670
46887
46849
981961
966090
801641
724268
731270
573875
982389
563173
474484
249137
981068
74139
589692
181216
554289
87232
555802
727639
330001
362264
476189
511098
5789
308964
209548
677693
777913
245989
138467
502133
434956
122127
730555
114140
678200
633036
669191
339361
554788
194089
526650
288810
156660
622625
674758
296487
149850
130308
708096
296532
708422
336388
930527
217419
170233
894044
83876
270659
250167
602782
332307
27881
203483
874391
193567
259353
677636
64992
531683
240697
745069
522116
562637
535602
78491
253833
138389
208396
385455
108125
155691
850598
942299
185631
936047
113102
889841
992966
735962
701123
634775
919410
176314
503876
741783
777933
978010
10580
459987
22685
702656
451213
673686
542826
4751
429534
6277
57798
520653
421155
258420
755966
725695
533343
517013
324188
208305
842905
864331
793813
431314
788112
518940
78166
868667
105499
829765
251238
927312
650466
80104
987447
128703
908083
930081
751631
523238
129474
837174
917582
793105
58752
876652
792411
887072
179798
263158
473967
235527
709054
290505
840189
349424
313918
43403
573373
510587
368387
863017
605204
21605
623638
114376
57634
897542
147197
231955
104231
466804
515376
141939
75602
54598
712374
791773
405352
723891
831517
538372
430542
780696
690002
461744
614643
915992
207202
47911
634012
267101
857422
598599
531661
343037
255812
267701
486865
779065
134016
171504
727335
924447
729535
985983
408073
76111
591899
240201
403929
458970
706248
342083
230827
315270
260649
514691
423145
931694
907088
199540
990759
731398
814481
359586
390340
44157
569537
398773
691129
241915
799504
241403
23361
513226
442688
218654
345573
887377
814465
648500
236067
171642
265963
6901
144186
184885
723159
620936
962709
101590
2907
231222
996562
169178
559455
211264
938029
832263
494368
960203
303053
530801
957569
816953
460011
797336
208201
645524
436315
147119
611582
497636
220985
582264
582939
502816
483505
255754
568176
325889
59242
681204
218455
515953
424336
450236
451790
596067
274428
456832
337206
406012
596931
55806
992999
516078
302872
80303
220974
407270
137310
104142
255076
549596
451086
96246
575276
285319
788738
874793
666760
718195
572188
301229
319064
267562
814421
376400
56241
423823
975462
745613
738262
563019
477260
456903
94422
999134
614652
181298
935489
986839
666467
727569
156296
400223
621400
849433
89520
141871
928545
146933
525427
909858
600223
261731
3443
691620
721175
762107
901851
202506
214365
578384
763285
838780
387103
562223
963425
597517
582987
551877
154009
357803
631646
526045
945790
361714
430283
980294
918141
680411
378180
140626
920964
248785
239271
423227
979964
599396
156488
813217
961506
9814
684695
507503
834245
975187
779950
276251
264926
512894
631226
573067
39303
662887
753347
150549
562714
802137
391321
550623
49639
848911
546269
377830
82001
809350
641577
632666
60421
102765
965149
742117
691992
505273
994759
668940
214525
671317
380590
525294
37344
649015
439547
545706
597537
680846
200837
875486
422832
552983
765559
496842
467969
31567
794208
284882
766700
197123
176151
426146
692965
772163
266313
360940
827347
979381
765857
19981
561486
170181
140306
714637
229562
628602
134596
795717
987579
176356
250840
575963
530835
519025
421274
876969
602847
594272
471746
346108
756395
598925
922983
455864
257773
679274
990337
165785
183653
697998
463577
769300
255567
231079
497423
530396
877569
57292
971208
185216
398567
652717
396146
165105
122201
774444
199605
631842
394774
235652
547063
800072
990624
663399
203212
390017
187443
197094
285497
595281
249827
865546
605859
551943
992977
647616
266777
383870
244361
711024
182651
91391
139452
987566
325829
814980
445589
344905
338556
478487
912825
74818
867507
5849
889184
77847
861306
53279
333771
4860
699940
165687
789857
948843
867636
509256
122218
536850
801827
266007
181287
166699
290257
274854
460299
889642
420806
219319
394906
508623
370147
612078
717981
642779
112937
319252
413695
459231
328485
360376
741000
784943
684471
845744
231027
619766
627646
433853
146093
272228
334755
531788
936301
258178
32510
797529
3818
238565
473832
672558
249214
685249
494174
827466
648405
577877
85390
737180
865233
170372
209218
719150
83710
869892
288806
791711
30893
927727
764663
303177
98351
122231
170954
741889
183663
106359
884342
764604
890541
343780
22944
772430
458515
490914
6881
900238
964725
773939
952982
953814
741610
541514
747075
63207
576577
868862
793124
740393
444706
672730
26706
590671
504067
49169
865295
983321
984195
294734
614126
214131
81383
53802
458402
677243
439278
315703
238945
99936
884562
650681
215668
701286
592350
893172
780958
870405
483367
760545
434982
409521
75368
106362
551555
769333
763710
697332
965348
181945
999676
233485
881817
667170
824812
719227
95905
215640
285027
518212
966608
315619
862592
458603
657949
567598
769793
284488
613382
458094
646849
612657
71520
941660
987346
120788
960255
109214
539187
639399
605565
763140
186862
669046
5611
472749
897745
522395
703186
551050
682886
240652
266724
313594
423377
673422
507076
484565
563430
546504
401839
67973
101605
604402
133253
937230
54067
478252
249080
732717
661686
681387
635728
533278
33068
284110
638936
780664
316585
242575
829352
535092
679787
710229
590224
189259
707035
359589
94558
823805
41059
688121
815053
293101
707750
257257
735178
432937
836576
430470
58276
447496
492444
425862
763855
294893
983948
155673
714068
210984
521864
806042
136665
746491
138278
291873
83272
402041
953202
303221
239519
613706
44234
874399
375828
909004
932953
968729
693923
567444
793774
764069
771957
902546
772600
573563
37166
133586
961888
9178
747028
314911
934915
271680
116823
186242
492939
994549
577793
422696
312297
336129
971835
266337
857840
941053
487033
399749
942801
205383
316675
610673
344047
497551
191009
776623
24094
287054
533731
634868
265917
559639
376394
634242
439085
215941
711574
690990
261805
630804
58605
610876
46036
756300
820517
72486
779242
481304
176878
920828
133794
96949
416287
262117
938360
775366
357275
100547
857891
325508
744992
445684
889272
583442
361516
970421
363803
357102
383244
904546
407458
109764
603714
221401
120647
194205
598482
108540
616266
854452
527337
473364
262113
526185
647211
247379
919325
544335
885335
964658
833243
339616
685337
92921
571299
560784
265581
964765
262368
258750
24171
516675
387708
187143
801203
379171
574872
575541
432437
976904
601125
799509
207389
580531
80418
816038
649370
183711
875378
329069
641802
745696
256985
904934
725252
983077
201619
16085
16321
241116
774353
625402
832423
707188
441488
446818
319156
960766
378776
791450
223747
441901
11151
134079
885630
77180
119479
298097
29217
809198
297291
404198
317734
45873
50225
584538
733267
142556
154843
494436
766044
310615
830784
357220
124533
595674
276915
321177
272313
895630
34653
138127
903472
833807
329372
280309
682304
950739
330678
412941
403443
415524
180731
967484
381281
758921
522359
893633
327034
753603
330385
268738
629298
202419
231364
33346
467337
27353
478199
695856
323510
726775
603322
111065
602031
446484
275423
105020
337176
746268
102259
371646
541510
677092
29272
226100
890734
109964
630720
777118
335086
267325
57416
35700
138104
758418
760687
154327
844951
462676
20401
69610
516447
754589
636036
583162
63989
572317
23470
521496
129400
88187
940225
702024
538123
683731
254388
549202
720513
822366
860128
858293
694755
992239
901140
956987
607520
653914
192853
493032
79442
6831
928181
429388
941353
858404
368270
592184
42870
243345
545180
790989
480534
249812
39348
454128
470073
304340
910501
468249
614862
513123
424554
364043
233741
129085
785160
205598
735136
49581
220618
8440
868399
673807
231703
582426
550215
868464
884525
675606
392038
929809
754172
749407
146021
774155
165985
192377
148418
852236
957821
259983
203529
542271
572338
690339
567711
346570
302586
242911
627243
583857
240227
966027
527137
757656
164651
621784
837612
262821
577715
331161
717368
395844
808227
733713
769689
306052
816539
163303
805979
81438
278481
860790
812455
894614
827980
676929
816142
737979
637564
731780
509877
931208
224307
555621
315101
954669
241156
528777
703822
251111
997815
443012
111520
257868
631206
753640
477670
246627
589623
380734
43703
353839
155062
429139
236442
482765
272077
169513
434189
867763
28387
663951
931954
635416
385039
781259
499607
10994
862264
843443
601761
699611
544139
349979
482708
20237
141783
461224
802625
266252
644552
272131
999756
268131
149566
657641
823192
678726
208777
29472
411858
748054
291971
927300
6103
574148
245514
397568
552835
768333
62937
373784
931607
155747
128643
846690
63174
264556
701899
529173
131036
672547
13794
693305
359243
943261
412094
798590
937556
37862
2195
110953
40143
356106
988016
898089
886870
247599
377465
438280
53460
120607
625085
103869
653861
386852
486643
441246
930410
963404
755670
49074
29869
22412
747034
86052
652075
665537
775497
857364
933378
414929
202239
169160
528120
467184
160894
244096
574053
665727
154735
438439
558015
303311
331126
9893
797248
730947
589360
545809
126326
915026
753420
985604
161703
138156
327427
36873
293342
353780
894197
597424
276630
723436
290338
186946
768770
708271
139457
818190
18807
412375
434752
732386
536631
355454
132633
787670
505179
478114
801998
694786
952668
753378
102657
715983
399358
884005
854066
913195
9945
740954
103573
164118
823301
505305
910799
148954
923041
894504
398221
344535
620288
53274
641281
412732
435121
685267
492218
259154
558826
384038
849311
892146
282640
46431
567688
912855
594406
863068
176506
417038
395279
890198
872572
520074
183169
307390
460442
750420
21832
4674
541878
999007
377908
590126
742469
816057
481313
292143
58733
239454
955105
926708
853753
600807
48776
2541
663479
257696
708691
292917
82927
183478
464629
41804
976896
499407
754688
737469
941848
553524
98797
439455
416591
494825
630344
193142
859105
316766
552314
772217
515718
246398
928564
564462
952176
17764
230646
461298
400033
850477
403513
383381
87526
878312
207807
212833
716339
640810
427509
843451
913244
12991
726593
16803
697454
964283
253934
626838
408424
549550
269682
816659
861273
958005
577240
769914
50519
801965
116942
99983
184537
384451
540877
925662
206130
242407
273312
94969
369067
221215
759892
270173
381883
80056
600315
250099
635429
345687
578652
888882
656110
325549
319034
108065
795770
676041
834303
516154
771522
440775
871174
251562
943220
795174
175106
671094
396456
217015
649741
254071
239098
35634
536337
608582
761352
544867
491661
167218
894921
533697
279813
509486
738440
755103
703241
644168
540989
406652
174495
186004
827846
552821
567951
323815
884615
863962
423820
666495
339419
564829
282490
111616
908021
312166
152928
522521
641560
22660
799340
641285
387311
100287
791133
63854
994505
867977
514385
459628
185333
12499
51883
770026
235382
476603
500192
764585
613348
910050
894687
379166
81311
794012
465691
260535
981808
471297
415606
264124
818877
678368
953867
680592
325929
262739
955160
475990
899398
440174
959430
775152
656696
498321
72407
36642
435623
82909
309739
824405
336288
568003
893423
516856
402569
421368
456867
46593
270783
954949
813317
770577
524494
595002
902239
230198
727948
971330
547882
822986
274770
350930
421022
577400
606936
884348
93975
572766
258220
69216
585125
87246
288399
941249
285680
833583
981996
440373
932230
902401
752118
899831
426115
149502
461980
331415
28764
350939
105004
564176
524360
94190
518594
728058
419147
142569
342250
598678
250656
182084
727194
347079
151938
27577
930821
455328
525719
695849
157
383064
246458
110492
514536
429594
53411
360166
428606
672889
992245
40932
666140
188929
203940
869094
661352
9001
829953
892647
795970
555620
649700
735607
772739
493270
830325
753786
786901
119972
437079
20233
341999
462884
434993
639158
100011
725876
362713
185196
425733
636518
130143
950837
676786
889753
143796
531862
539547
306595
848822
293461
30901
818410
894553
798107
237630
712146
499571
294259
50453
360080
676387
873266
271350
82461
988127
87217
696850
848967
225818
528950
705799
924129
811790
479985
780993
199515
533803
822818
115756
272300
432604
52696
235029
718955
247986
804947
887324
410814
48047
4427
348312
902697
302001
704330
802759
938696
465722
21684
246128
624792
206296
842855
373783
473391
678709
158717
577820
593484
567165
410222
563185
682377
35175
876051
730422
758189
268387
916677
616563
867294
48478
98212
726065
651123
254709
560947
447093
558184
949108
555169
464922
412331
652681
393763
474314
711187
30217
117244
128281
350128
110366
446174
431358
5181
534733
425258
89966
479794
889952
554836
143319
831606
998452
784098
918902
98674
165281
388051
719893
880897
39297
832540
233829
68163
393887
371854
469747
421521
481662
873427
134666
887882
636291
913879
27238
305868
160064
997763
71056
510079
590493
452004
513691
801611
188133
976554
133049
794985
786666
505869
925370
339607
470358
528394
417635
431717
105744
547211
851047
479213
284295
403301
148549
378208
489374
187963
557373
34106
772084
342848
918768
54871
3151
997529
996051
846240
584164
677472
824911
351966
785733
491909
350329
307695
301799
97167
50281
367381
828815
478528
172345
1900
499545
785239
934812
900020
61093
738991
740184
632844
177054
35909
257057
177024
615720
581143
302484
972665
471590
867559
925388
855123
898021
372383
119269
853388
882728
805134
920267
196503
510160
688720
505725
982288
187752
774028
798948
386763
650315
632791
859146
128197
115186
799863
382137
14588
815774
134146
715825
459099
432094
682212
898372
527117
187326
603262
459410
117106
238412
547756
102109
39087
343560
843615
32264
822368
549415
915881
717553
500393
266692
75864
769767
958634
477156
155769
340106
165136
186916
413758
609406
476808
792833
417466
506059
698575
602884
426184
725013
446181
679560
965260
790130
290656
68265
544721
536941
347869
629963
560658
719511
526929
86212
337364
732996
334333
163303
53296
661481
625216
536366
674351
225232
30598
764419
434893
793973
449375
575979
981280
249857
930666
637776
859922
627360
943408
517161
510602
359937
175629
329864
996778
717545
969992
947903
266225
816885
770436
523568
928511
494442
863248
173680
245369
393914
574041
49496
994691
168342
237055
12264
376618
442666
951236
370903
460644
336762
329953
770619
306926
898967
110259
560017
352533
139517
747666
953642
504977
575628
699523
54579
545291
427681
447555
986207
45184
676561
753859
754931
209725
373058
515828
774445
965514
743397
742648
927250
825699
847571
489335
879891
144993
600707
377363
767899
267256
781158
120051
560056
11289
329567
290684
710179
74744
64802
775134
216621
903528
703144
18378
127432
222114
9932
989890
495280
900580
887878
936584
881588
256310
207617
373880
810661
196232
470554
467826
994521
198071
203831
220143
838940
79982
657154
798773
952757
696617
517249
355557
586256
852565
63636
2290
207245
853587
376778
210156
11748
771740
902495
538298
395442
332030
56150
547494
956133
262597
875247
622419
851201
594613
321030
766345
197068
836275
553288
87537
287196
889667
968914
359132
473339
710187
911976
324541
756212
896631
914190
968823
31421
710294
21702
595217
532800
342498
268199
437383
804872
675517
707223
91002
543493
160278
784613
345607
780859
647755
315973
748340
182797
571049
642921
458566
665954
664654
573752
482673
620273
75632
486509
455591
1775
675062
270159
619474
351058
890052
224840
880988
243584
99796
96549
581099
265881
981439
854121
41707
340446
974876
1230
909123
961468
663039
552665
516649
522745
667811
350361
905553
300922
67042
206076
80896
629934
753632
451341
186048
829147
503176
738637
291756
432899
337134
33645
703083
709042
775892
451366
954297
229543
787336
671734
508129
41181
508778
360696
280007
708340
731532
392286
357281
91905
124146
189773
355142
572655
31224
898900
448351
538192
773651
186762
250938
965252
681776
154052
448125
905156
943864
149040
128503
446476
190069
213714
970450
596643
329806
799832
624549
401928
130862
736155
113958
326779
309891
277109
689660
972964
121827
536377
698611
116644
569928
684819
554697
948599
275772
205053
982885
669443
385424
475419
957031
294655
778630
463925
120410
124291
499918
973198
970502
982440
477677
378213
73379
675355
367034
680584
835432
454467
652483
216015
845696
520652
774220
984700
170910
855888
467319
419629
895208
347042
858815
473211
862030
986102
269598
904883
111230
6256
311759
380015
216432
317703
217390
544272
506780
132758
614587
630297
276236
60415
958909
431339
519499
627964
546755
511257
298429
12932
750470
925095
985480
770582
850474
705316
965808
478884
147811
572065
204993
880543
559732
754893
810149
948443
479827
545134
292565
24671
128745
467198
645100
617740
185205
694368
27351
969896
179152
959485
237929
139461
577099
91776
829131
6738
953268
514730
655761
741246
203064
111122
308263
944772
230114
600189
887658
843544
287746
730390
759379
156140
270249
214218
291406
594911
176656
417410
420649
947651
474968
710398
430632
561289
848363
465419
368437
600907
109250
698656
556404
184246
116353
112475
37877
713298
843965
629971
32643
148272
250333
544025
43865
492911
77982
497936
191412
384746
194864
394086
511620
176705
686654
676590
145084
541059
762059
508828
988040
905205
975096
887708
362910
70146
419234
981455
542382
675198
521704
259875
620339
438360
65290
776525
639531
600796
590764
660710
42147
917539
7738
752223
385836
733784
430630
515554
11690
796455
855821
90759
423562
257411
152056
921072
147155
638356
920959
118530
788246
307516
733191
655744
683840
934341
924139
853381
780430
3113
355512
27102
313183
960764
736403
538690
930277
597306
224182
305391
754357
555241
340823
685922
121215
661483
505897
861362
492567
76322
123195
184137
601713
603839
540543
279104
11948
352554
340582
738326
114053
230728
27110
909837
318252
101931
560605
776098
857139
441372
582223
973799
442851
314109
664012
354942
110377
547934
834989
587188
134190
273375
37116
59127
757188
409085
788083
926006
671356
552890
816669
520147
790804
953709
605593
417223
375565
352611
762814
216851
194139
655921
56024
352991
302006
683416
426255
402737
229070
355923
693800
476363
329435
1279
922661
536993
239506
753255
268680
328117
309427
954028
932022
32465
679167
223821
183286
738465
955272
115481
81752
405546
852320
302190
413554
340715
427187
386668
947270
816846
862385
195196
48191
601419
381219
779638
659098
613594
3679
991412
91938
279890
815895
130929
336275
157091
579211
798620
943712
910316
817503
125375
404625
634938
594951
581767
343556
268959
376734
927663
153747
514986
1110
878797
987990
630216
310026
684345
292479
25014
104752
40726
741348
746210
863274
827006
66458
676702
627195
92750
605052
577983
301079
269707
252427
563096
18515
855407
621359
895118
964987
281556
245084
110936
362370
133756
369488
689814
645652
291835
796152
448330
194312
743873
849651
528823
224433
17736
800302
327444
534995
694486
180782
590189
471987
997359
153004
240471
131016
855323
511002
953678
736077
835343
100548
751277
346808
19003
64274
935432
949636
729903
524522
303337
772651
976683
532338
396902
1584
872577
48947
884508
184152
993129
86745
752010
487928
992481
774486
412620
360618
152895
949223
42929
121945
384981
947695
823292
57788
37631
974463
49972
391968
700811
428919
380712
552861
914822
537477
874499
83370
480927
122060
898567
472973
887994
598113
346473
822635
953108
913775
618377
932669
368910
580218
490445
510051
767448
288576
799129
542675
554491
268732
997677
542122
160002
901316
940314
900707
815814
339218
812258
644197
698389
515999
46955
1910
706367
234539
683104
640846
634684
310810
47333
585862
900861
990520
455476
184623
163917
603549
402073
226943
875428
933804
257414
828839
516169
314741
250388
968192
189024
243834
812247
257187
887895
336015
103004
77399
39529
880730
160513
131173
63822
834234
807217
329736
131136
310981
559164
890177
37865
345577
876367
537670
599150
866867
113876
665178
905170
387758
47849
386552
415560
792292
822581
467625
846554
814464
36461
521269
820463
449683
257826
407862
467900
362037
917891
672136
635914
666052
882487
235868
613471
130376
742671
236204
598028
479671
140972
595145
50707
49428
374061
136592
207090
626289
970706
274363
561936
542934
666674
765907
901379
150522
360277
435843
309500
197102
584431
953416
587536
212185
877562
74949
87075
766110
493550
325747
402355
196378
710432
785462
649790
161033
946165
978442
96337
781640
926209
777372
572335
382133
995904
271349
905626
848050
807983
942929
683841
530569
843976
405326
510405
768809
32217
503040
927977
446223
840000
831649
566358
528512
529093
538918
410377
418162
773076
25964
152026
928779
142549
831377
254570
275009
128106
293536
899559
157728
582660
420708
206590
538218
458978
127325
714015
940312
742248
569873
330534
363583
832600
58489
19435
625422
848559
989340
64743
396979
986910
44090
856321
491550
210083
381982
264820
548318
351492
425431
953247
403431
282920
661632
748330
41012
184210
140410
661263
797897
675322
740667
722892
873298
180874
719872
915492
689255
219890
14366
518668
846257
239208
661878
108601
164070
316928
389639
776196
535664
192099
940254
37494
506859
253871
672232
790198
184205
698411
743912
464844
634209
891621
5571
41489
174956
283754
94073
336693
28976
371618
231726
976365
639950
894341
439334
940791
469382
977726
756240
934731
590875
343706
907577
809696
608914
907181
416865
44439
778712
40514
662379
351624
179715
685052
836845
964072
994481
556365
986984
724244
11597
567378
598865
815676
491888
336778
849934
842670
36323
99186
454012
144830
488259
372542
307757
703312
204477
875317
257711
81666
144697
612393
848263
673336
989972
756050
179645
6597
269061
467911
368081
450994
5281
184984
906763
308207
331001
428362
567856
282388
499937
829872
657040
475026
762252
880098
173949
357114
976467
160029
643542
484650
617428
718903
689153
16080
294647
497405
872311
931484
864396
777771
552056
186502
285072
258758
66400
540665
373263
275674
252690
902363
185507
485132
9680
23993
335834
473435
281517
929812
594230
245815
756377
812610
973581
739838
256348
241667
886609
480847
67550
117857
327722
129869
766050
985666
995903
210610
387539
410062
919572
467533
508023
328631
285325
616025
512064
308777
637393
677244
995841
238096
342026
658585
177982
542976
134280
675666
957980
176838
54533
409501
534071
341257
607747
230785
262546
6299
529170
28014
264617
656610
784942
171639
402915
204637
433540
408109
411684
613269
588117
587993
85758
329123
581044
972949
128711
568920
821289
488711
913349
783372
686392
467323
638982
286406
777660
902492
687053
179205
858476
761551
240486
905065
133503
832173
265371
773057
675628
773275
293823
457010
881611
953479
629991
196544
139607
846464
660793
961788
261012
752690
502876
296202
671181
134397
949007
632974
855863
784242
89558
761907
485170
273130
960910
907287
650477
79362
940578
329238
352296
353206
178070
860722
297557
256089
954624
643548
922456
404398
973015
838370
586926
64999
253732
587700
118697
719351
159637
808980
48025
360022
158064
492058
728583
401873
55973
211489
832539
723659
706684
575506
541533
19668
231917
412042
307608
345379
245326
158635
29978
684147
163495
42108
191705
316408
933793
852798
877552
488445
741213
349900
86854
151516
579554
624493
495248
478809
944942
32698
647852
576347
367917
363430
153454
129799
588552
513519
584504
270586
27092
487456
129218
979235
587499
380096
261434
756220
883160
487579
354885
60835
716716
474474
476835
138521
172077
986209
236208
546645
469934
66262
601926
289350
521594
435081
263168
402148
814442
463508
934234
244210
900502
733744
785780
628498
751464
706721
292213
816708
586700
935871
568908
720637
221891
619043
869394
24736
627927
464042
88972
575515
551145
986217
369356
21473
191782
486829
31030
743935
252184
686637
582368
92957
145497
58191
14803
835668
66786
530387
723439
733030
65921
82144
601258
707742
262505
253993
859384
181957
511587
59324
240263
932862
638179
403047
765986
189247
414837
166727
409973
731756
791126
346222
850736
35986
163423
586288
792836
417788
434140
466890
749706
602294
897403
161456
216771
294620
704864
305906
395642
727069
836054
277130
636934
653074
633887
989956
221547
397045
740652
8906
374816
945407
898792
106251
220972
819682
106734
201544
919594
453216
556764
797627
955051
525510
181375
313828
432122
325513
430765
632881
31098
604475
442994
147913
270508
124778
130658
552181
723533
582614
391438
301547
422300
987852
498321
242617
370170
212451
896010
711178
677097
472914
986148
743640
805687
770477
907920
975791
735540
123386
307476
720026
466846
56052
477629
67372
326238
545179
217328
395628
196139
341878
597855
761054
756621
325607
237527
420266
429884
921449
137205
315436
904103
34984
92921
942615
997776
50236
51314
14470
673620
310212
256729
977185
772232
227355
667450
752360
454847
726650
533133
409631
801385
854698
43619
270614
33110
429731
538556
270548
766296
803910
131893
998432
933317
358836
606622
92651
81947
273417
898474
280605
220031
27705
655104
609658
866206
128645
564846
47729
908788
284825
277821
96193
191659
637061
323935
843208
434587
90070
555525
732586
147248
467729
951245
706266
296745
793547
662425
315336
426493
410152
589179
740583
445912
38702
833420
221978
969027
150405
789788
816506
252129
564493
148675
862406
782549
796124
741334
263464
724097
160914
363701
162144
685162
264731
537602
315855
940983
378561
449452
234658
39064
895275
21225
576473
488516
228983
907522
994675
504538
97199
621960
230072
484009
463338
168292
612195
428043
628034
468172
790441
146668
898157
703826
139114
813992
91450
935190
201715
112531
689514
235228
677102
628946
81705
836536
963175
272486
989735
257126
463291
456457
612504
592950
43551
153969
640644
406564
215690
17905
718603
79238
121024
405567
178809
729054
42493
42064
648002
64783
299130
302111
874522
122541
120286
625933
231091
837613
748164
111139
65876
688891
484837
18611
703635
460587
369314
505308
911279
109767
696177
542827
419468
32775
28705
291358
475531
503262
3851
157189
439045
463985
314327
859010
426533
633379
311848
439791
554655
935883
226597
962270
186897
960135
355557
855803
690356
183338
468406
93966
639103
723856
876427
696221
794392
841747
517695
581679
582711
985622
399370
756714
232858
218622
110911
599006
48031
959873
120511
480091
373057
112150
949822
694780
712625
339596
887215
273095
671824
760503
360207
304620
315655
873925
226251
780267
457412
357038
332303
495699
130257
53962
785773
295269
909650
376124
79782
180439
931675
722188
557399
194612
711980
359891
596546
879008
94218
12495
929016
61114
482619
556118
613537
473114
105565
172456
38632
181306
397475
224541
981637
870256
848941
308733
472936
359321
506371
451886
652607
924818
2479
197192
898724
770016
598516
607941
262950
653295
219246
620756
168178
151672
101703
37708
406943
873403
642643
16445
519635
280300
596809
807011
21460
537834
107103
268596
991343
943082
879681
450329
929599
405554
641325
635833
207642
203906
727854
658736
528030
114253
284594
131166
859795
531172
615882
966044
770429
794484
145535
147914
108801
154662
282955
476036
433137
295396
329723
281203
614454
16636
467295
560703
934489
481245
304618
51298
343022
686333
863469
655000
741661
266909
389931
740595
417102
317156
603480
999754
612720
30888
12979
850449
549799
74892
392765
303365
194320
173187
910868
472766
808626
677171
667505
236774
852994
548020
174331
644936
785618
418103
705733
463874
120600
14916
626283
239957
931031
354267
556164
234587
864556
397756
993348
261976
551287
47298
121009
991528
979428
163563
270144
314712
385109
363507
382476
500305
545646
850909
285938
637552
114684
58643
748747
687601
263427
677925
597767
317129
517474
744429
335458
739282
989285
110419
931910
872609
420071
635181
328125
850995
117282
831550
853457
261830
350677
849951
16195
210181
946000
465212
425124
156699
171167
708789
318162
460841
179089
581732
693139
802258
44772
380094
954823
411635
60430
417490
772237
720496
251754
989615
901749
565674
64062
516259
114269
7501
107493
238045
832426
940869
314974
271476
313061
758288
969455
6785
597231
521710
930615
175590
437666
48246
336079
673330
559942
380227
239260
320477
808301
576523
838965
544238
493740
841423
682475
152380
635382
261358
384313
211280
250966
859221
347849
665898
429641
840657
164897
308251
219381
585797
759720
738639
111178
24695
39385
26349
185524
791748
302979
710423
419642
23220
973562
17740
276406
842920
101662
813357
649457
758512
837061
836765
791322
792377
39304
231617
961763
660260
917031
913958
849017
732273
695770
999042
799262
63386
201333
530579
292068
13180
540214
591076
475463
489840
950062
851438
8808
709753
219786
456411
700066
725781
511550
531750
118219
130486
80973
243550
716617
854283
792247
348872
910606
354615
423614
22116
357809
480739
345175
87048
399274
834031
729834
104617
254506
50819
979398
248889
187669
762756
434533
193002
152413
481379
40982
191568
316284
600399
402573
970596
414734
15818
382275
270756
855048
90713
857803
880344
745305
270037
285235
42736
630235
567071
68819
291082
517494
827569
934709
3407
926610
626063
532640
990077
491766
138779
542083
449727
619394
743368
729211
876792
13445
743271
191041
979102
410812
252189
73779
592387
301160
605238
59965
379056
384970
985618
954532
519530
29950
571901
811247
378582
469041
268317
611122
733240
791681
927684
344120
517655
885552
780070
864012
783357
410115
356772
106532
906458
921405
716742
43563
491144
326387
447240
888938
867242
761228
486347
494034
783725
917463
336428
132776
874800
945737
861490
935501
720704
100753
521057
900201
287420
591834
343147
437876
119000
208477
892614
173728
226429
831136
319705
48550
148236
192078
543504
444652
775875
300852
277967
187920
538745
791446
973762
555732
532419
217004
42515
117158
617273
450108
561013
531466
465042
993109
786397
417254
327340
413797
444561
501610
574889
511928
839449
511258
342003
717517
915665
533817
61663
385302
377184
857555
951151
772749
559171
419880
88242
508590
606979
744048
290054
746709
707141
837199
835966
866228
623104
948247
977054
929520
234121
307700
338819
885593
802122
20536
163680
527044
322257
642500
596002
858631
859460
812239
239157
253073
125683
980374
603232
99491
409414
944992
587852
418223
269205
970541
757346
999755
24662
187643
218450
309778
929585
841972
960239
903512
43760
226679
970871
291015
725778
956161
391153
44891
491903
227064
393647
652342
518869
69972
139763
319840
793760
374634
2286
231135
9449
31063
233443
523887
252133
823109
622635
182559
857550
735709
873169
174600
928207
929993
126365
298346
571353
498276
345838
764068
464339
244353
956480
332112
851502
991701
746574
51641
361238
33858
854353
23929
914820
388352
636070
149428
344304
998570
948877
346987
848740
360547
488397
163261
936876
522915
35190
11265
265962
38178
55871
324216
986182
318495
245069
955890
208706
841677
525973
670400
555819
608987
682840
97170
204203
57054
557197
312364
156924
157662
647389
155721
9015
30714
327624
888460
914315
207352
967013
17055
887497
503021
947974
126571
687131
251653
503417
201714
436629
513328
41451
842444
168867
130090
838056
969596
789218
35620
790270
129390
691148
645204
323007
22415
641035
731798
590948
127369
587502
467453
758542
249434
610745
60859
256616
436176
727062
956520
695657
176355
567146
131762
709430
246766
243139
82658
244708
340172
420973
245575
509083
193611
256804
677697
966998
730640
25699
274476
455494
381767
904475
866662
588694
286788
781439
322303
160522
674299
578940
40764
95233
763544
973254
234952
243993
897852
216078
452856
271985
285333
421200
238265
542665
795673
826760
719001
149766
835167
419652
843950
291027
87386
417749
616550
346337
403698
838047
245997
213134
582017
906448
438645
483876
386407
644141
836005
373176
131402
207752
611680
870899
374765
935822
861872
200557
501420
971389
126927
948981
897425
461618
105170
155757
684118
748704
469939
521746
601208
332573
64569
63578
454645
761814
413382
793398
344162
60131
715900
640951
740075
319157
747149
237069
407911
838316
303455
972074
56854
755205
205016
354948
362363
147633
89291
176442
478224
416897
287678
625230
488491
700988
398039
406160
829099
394707
704803
677404
308318
834476
662723
127930
386611
624218
520948
355235
970902
220910
803833
612451
682350
246311
590631
960474
622319
829572
668621
45148
750940
233978
27838
162168
110557
328898
518524
769430
242104
766857
498690
205689
360431
405963
875950
610597
552502
302970
822153
3802
326800
19224
263860
972158
726853
118820
950130
997144
820418
717168
361868
727352
338957
742417
473957
167925
45603
170609
155226
886607
310511
226815
959637
874099
607593
916613
317231
155612
829449
403033
778111
26646
962727
93933
458116
56477
260401
769986
657514
303269
939080
501433
244221
574131
748727
55306
189479
266472
644624
277901
646951
101790
496933
890422
167377
737067
888544
271006
840699
701699
262720
95100
797003
293882
503024
511282
623643
17574
830406
13956
100294
89186
882773
350755
573266
96624
808047
773672
891130
772534
377146
849500
856918
292137
230189
730484
649321
371975
573864
347994
73543
76606
390126
785638
449313
799082
861056
444139
656111
507644
836118
290222
66936
19766
74812
126514
68801
824466
531336
821231
401296
382850
802868
190240
631323
145939
63900
790395
669394
998891
489493
844988
239622
936241
496423
76443
315572
412747
175273
592028
295474
480898
66872
30469
794229
323203
950291
455017
973885
695679
776918
905699
150173
296497
263889
223647
52906
800063
353413
656018
760256
981178
770810
209225
667948
269696
563328
614111
673017
353985
951232
639945
304602
258526
760381
507403
30833
537133
381293
404493
220730
14169
216110
799432
289623
87847
202855
365147
107448
88019
323708
51514
560870
768921
552621
397830
760557
630223
304140
851767
664868
253039
602329
46837
604698
722355
373883
292934
793439
248345
710813
247330
861484
102214
610659
312035
578800
361415
38152
948696
661623
565618
786454
660729
119481
452139
942528
659444
612541
611970
24799
53542
341224
997434
614727
62181
50854
993509
875334
198330
106420
698731
555449
631148
87495
873385
401994
598647
143132
192053
795849
497692
402845
990656
182630
105234
247213
691413
895625
464794
156880
987262
438734
891184
149882
619909
111008
752093
517235
50456
263793
889130
499491
672262
733139
384175
127936
35046
125174
62089
70480
961494
396799
712809
672221
285857
208897
631561
853429
160186
372570
655034
379675
24229
438956
152602
298766
519029
70711
671777
720499
152176
544464
916634
390753
764558
476032
762158
606089
440224
487484
721499
69952
267662
922492
107908
63275
504889
449401
471459
651846
495295
333576
222682
125585
628508
791246
75238
19223
590765
498655
96564
836508
651664
998328
5902
809506
64296
768404
813230
291352
454589
984302
109427
196832
942912
281365
846513
44603
379756
395109
911331
979220
177415
630247
695867
940966
436360
686471
340442
315402
856274
86638
866588
208096
810782
455484
694922
520794
602744
67811
217011
407008
309280
597859
53652
607459
14225
272093
938932
348290
838558
83031
485645
952082
436087
569803
835044
539918
960779
377516
594554
65435
484296
953718
790043
173173
809213
732272
197587
391612
764193
504129
659904
751957
246829
484204
634627
863870
805028
14634
960080
316850
973811
639331
428581
703349
666418
573384
220440
726269
558218
511824
212744
510589
146225
912588
758197
140495
852881
72105
166892
707900
948168
429122
717339
861867
522120
226720
27651
719333
44381
294607
193355
532289
661007
344221
282352
22385
739549
892274
250074
552935
931946
646663
138634
259749
994740
167365
641008
465632
992830
946298
263706
765904
159824
156474
853958
566039
647381
692304
324440
551755
470626
824480
713447
501794
111382
149786
632945
74937
341148
901853
159343
388161
619533
976358
286788
583750
229811
184627
286926
541917
978153
146040
945887
414314
401182
954237
316294
485579
106680
905042
919302
663525
89556
869040
575080
527433
395052
268654
682412
428418
334482
969820
189531
121021
722649
627776
151800
708693
850
414123
525333
658875
368436
816118
193793
805375
539605
64222
208799
992701
183637
457145
423762
327334
345306
271316
293524
116138
610933
666540
817766
706111
20707
934853
523170
986385
431664
298601
12972
464518
347190
215424
273159
722796
163908
328841
972483
162178
362650
170035
429652
144032
324048
486426
884159
698436
978453
940897
881965
90041
863509
560232
565474
644837
489140
224938
688455
816560
629048
947510
763811
416205
343875
568840
873064
966822
178749
936196
950442
173160
110160
924750
855338
944232
742541
256456
789329
309360
796844
95529
376888
335211
533552
532023
444452
618024
315689
389921
312271
559566
803923
179963
820769
317533
932956
90390
274174
235740
964803
523835
700281
533605
323548
698308
737830
747145
818864
205144
799500
692705
68225
514177
240441
119922
773930
838892
433584
209404
383973
371836
374974
125983
561767
333066
238571
563819
927398
314685
58827
809347
445754
398019
25140
499884
590561
613481
30409
856439
836317
79645
683509
873801
472760
739581
381620
149444
233960
148827
625163
154004
538253
836624
232024
535128
928918
288762
388420
483562
635076
700115
344596
22541
167111
756143
185311
107058
58180
703442
377050
812839
156984
154155
140751
122269
30198
965233
923628
92244
656012
759321
9208
297061
908100
563761
719136
487915
768582
855260
228336
563663
720795
967338
499613
267375
158540
771987
446783
13675
422761
292497
834204
880844
993829
952279
118878
442640
103262
35377
171815
391766
118907
792057
639931
632802
515823
348211
409820
42830
991642
393158
332595
644366
721102
127384
184106
46558
928366
233732
948246
781002
139251
211003
583186
738393
266760
568628
663399
421975
990165
776593
360487
164094
637210
592
638745
99521
522929
156522
119950
365748
911669
107915
898834
433307
149954
424815
787006
925261
684882
411158
242859
557444
173062
939107
662401
915076
88262
494999
812077
398310
462527
82660
567601
603201
923659
808945
324693
36275
341103
664426
401211
582865
296637
554304
383440
538345
937050
872388
639710
214256
75354
410203
387391
452109
389255
297247
206509
720705
202177
562131
374068
240817
23231
658048
277512
282769
56563
192112
50611
559407
316812
630342
379686
576665
662933
741816
441649
754092
842555
217131
108558
420539
668203
756714
608024
477080
968026
98178
254489
667714
633822
836988
335616
647019
462522
449272
791474
285732
244919
140322
715767
371751
378541
519572
66965
81217
200673
517448
234298
965338
204488
530616
78930
331170
501930
951188
931769
80730
137378
633183
548298
802172
809602
217383
568726
986312
166739
538655
351601
164973
14841
96026
500582
106128
577781
578854
983690
524283
39429
967683
39278
271461
727910
263359
121838
60826
795449
867183
41702
315143
186819
766988
416773
914148
338895
884007
362617
242302
405166
471242
269194
993376
526431
811117
696067
585181
788873
161618
353738
299581
949029
228670
909521
145986
606776
792596
215653
216213
823294
957199
65124
627282
445411
899547
133771
885613
781802
515217
29229
370623
107889
396941
609920
532465
279243
307694
369810
131843
171789
405482
930969
302202
642405
250187
537575
980644
589475
565002
84924
246217
403163
883974
422006
22640
540835
438433
296163
205131
111864
908280
462327
239232
752573
194877
236185
941332
431843
710002
995863
247094
310116
840323
11067
214310
317288
353345
552245
501056
442443
765495
643383
850409
450230
90091
835296
310484
590122
138098
806864
201842
582875
683504
254298
213108
840377
962028
922711
865790
26313
696268
19287
403753
759154
570609
174067
733877
832660
3697
668990
632330
873811
352045
472282
697193
405426
949583
303398
845492
155033
80546
845013
995286
872441
107406
701146
92496
219142
836910
345663
289825
441315
789008
450005
658514
491228
166280
15750
553691
738508
632817
337798
785333
887839
361858
435624
847485
468850
184904
652749
416386
63703
875717
277687
33707
662324
384293
495995
244616
741003
867417
79573
930803
521172
297939
613334
347298
12742
513436
224184
668941
227764
224341
532242
11126
984916
452744
912486
618842
772572
316842
699736
278130
774918
52335
804026
544422
815666
1482
147266
637967
701865
566528
565917
913319
64319
134056
289564
762384
247635
791809
63373
984125
203185
595632
101413
608769
341398
781268
2712
828082
489363
634503
410955
716665
797962
733876
410081
892793
703573
771856
699826
619162
484487
93943
24090
790577
602250
112803
748589
683918
92583
91915
881928
797601
553829
796758
459267
150345
900424
116090
996866
285051
200954
41654
189163
789899
687816
341480
7026
336922
997763
184779
664463
396125
663303
158289
915793
589701
243480
873689
722636
573072
320360
511822
799918
487340
128245
721435
575216
828547
377167
157262
303208
83112
300343
645128
157563
19484
841187
294558
27247
468924
645279
36112
250334
976395
731085
381732
704646
557400
618701
641822
470270
521484
540471
409949
518851
688786
433605
384341
367537
384995
658702
254244
24461
460909
202669
899475
504383
906015
671680
640236
72989
692179
309260
464691
740322
713689
803710
65026
267325
445916
178380
56836
935110
862324
89722
719246
957003
124871
998841
894037
77897
263004
700074
329872
89718
722494
942976
911915
472955
362313
487683
516964
39231
97748
540848
620742
751135
276859
914046
349568
116282
564743
173307
974562
257448
152124
12757
868339
164490
346368
496437
59569
819772
857443
749574
523174
36135
597903
680660
754467
797620
806605
43727
357660
419931
893105
835374
871583
54553
325220
251248
779890
241280
339916
52989
270665
347880
199770
325355
731361
423427
771567
495518
758076
689743
439980
521159
201657
313060
629397
107149
132623
301485
337312
81992
279846
408627
550176
936041
24786
446933
508169
636344
714092
762516
540959
318070
100687
232075
433536
498529
250156
431611
21834
940886
837963
85380
795882
343248
692447
752304
96258
727566
283204
972714
567734
30931
51799
764172
669204
570951
604978
467286
269277
877819
683778
202554
662580
117642
743815
457555
962466
192667
52456
638582
138244
361474
430257
102369
470802
156550
284778
44497
834444
12925
941333
137264
509635
373908
540035
19882
561921
921259
278931
261728
327510
716317
183688
569846
457664
522589
739526
853383
877686
245180
160681
861432
512337
804743
148354
40106
212759
455564
533104
930633
758310
426301
20246
240961
534970
495086
52926
359697
485147
39033
719818
361911
159142
296513
181906
61067
945141
158291
287839
835496
215342
293736
892931
340421
214309
820615
212307
535585
56815
144519
282499
785245
179076
450354
713052
597219
968271
744390
714716
935876
495574
800021
521642
511712
509633
326220
837748
91390
347145
578768
360679
450492
708542
718404
207434
172448
198836
367591
592312
387532
23179
369691
511032
45584
276314
874368
405434
744090
338936
528767
702961
239240
249318
714915
814471
440606
906204
984673
744001
394515
821167
320312
76849
644934
815387
866547
690130
217038
581299
186636
945923
394351
170594
168043
410787
516072
980637
17228
624773
348712
67943
622526
32720
525409
644672
399431
733622
168950
814827
746981
893199
548750
88795
892783
788113
142282
274361
335002
181934
831123
602324
129944
123531
398668
968806
608603
318552
904295
460351
308024
571280
270163
978001
922214
269583
228179
475031
968293
73291
292650
699810
408699
299056
507443
990273
319577
396188
29005
615692
149469
885620
10930
531917
957489
951201
378409
738892
364624
721643
297682
986614
868009
816368
457119
140009
518684
658624
945250
539487
866017
957656
316096
760500
379400
243834
457349
353877
647962
995301
79122
781831
99295
145078
493489
712849
990329
614491
293513
896328
614958
342320
486188
435253
319363
99384
167438
124708
599235
829369
411089
116428
229151
81972
382715
505174
470703
115455
877577
372876
524439
131201
722525
893215
838661
220554
781586
190804
813462
770572
397424
647437
507032
682874
578491
199792
628010
709820
538918
41590
281408
269516
525797
58322
914243
938416
119200
132859
626261
485012
828355
650136
773170
902083
653618
482887
143154
768962
899418
771211
933546
261321
271523
70352
916339
518495
915137
675739
722306
66001
351146
433938
244150
21838
403810
20581
573617
677346
426418
235992
891485
323085
407671
364783
457680
257728
247254
163829
547210
738419
816973
375400
839003
201893
455141
616644
120354
694193
987779
639722
564016
813834
334750
91949
257930
535379
994955
991482
266061
986013
187765
114785
194412
743870
503144
590148
945621
526090
524
732443
71539
582321
539694
790753
982284
408629
184058
128286
546953
993414
8197
363410
93270
572987
410119
591163
995872
223471
110886
21571
729787
20918
636781
92298
882662
84347
613659
701067
554918
170808
847256
900973
233294
305872
736067
7592
811680
882316
306342
497298
790094
23280
999755
909702
593113
366649
669736
879791
841947
823222
121973
959798
608544
906688
609502
990278
718702
929496
162452
546936
202981
906971
432959
818912
793409
734052
226702
178995
176253
663486
241262
618707
569170
171524
505944
261817
313566
567896
355397
911486
398431
396412
157693
650758
438110
190480
808909
442186
304168
956200
167383
485184
441079
818889
327875
190632
270320
390017
462292
650997
714886
579552
599189
371735
635516
998294
403122
183713
744199
947883
768354
974172
441361
1045
715842
589607
422426
91833
117630
948745
838585
304961
951720
344021
237057
32342
200490
312824
92735
882362
150488
968547
651167
11141
975391
796175
655278
732346
363035
815281
400953
18630
501380
97020
738773
618772
455111
972686
166328
479119
340979
319736
561861
672181
310218
794669
496037
807061
798328
126406
100560
353765
198688
148079
186860
968514
757649
558642
875916
685764
223319
64286
941337
248701
440238
957267
702478
367439
945554
238509
67101
190503
481906
727499
563887
479322
166658
38395
845833
601946
150832
671875
684874
667412
609518
180558
39568
219882
689518
803314
834491
871176
687660
700378
761161
606181
538020
61397
837217
740568
922533
4474
178987
728660
60734
244789
957788
278978
137620
935731
774799
789434
285205
657254
210639
974941
692231
546421
873329
729809
898362
37828
431326
890330
933916
794907
756143
490898
104171
360757
219569
197381
145733
493927
834631
71083
803291
27051
609583
754178
620420
901449
354525
113672
811502
298657
111171
22162
808559
346519
677170
116812
195385
789211
947354
90574
904748
248339
310317
92054
539334
559784
610722
975976
212598
875306
575958
984959
504654
848225
976781
791086
787286
372529
929429
379608
118780
371561
363467
450760
852713
379560
585655
486446
422192
229548
394131
509047
637024
343352
318505
4296
297465
989474
599002
479062
427771
575286
940090
523044
195865
895434
470681
890202
136397
460128
874845
918591
244293
952945
471755
739668
880315
515420
745508
250892
938530
284267
487404
150187
790076
222013
435590
269177
810120
108054
539770
980963
725081
471296
71065
925999
486274
884507
313144
487450
949166
141832
838360
735824
902796
988590
413670
175112
307943
335079
427997
258617
705619
546635
789833
854716
565571
937687
392551
773183
958136
83257
845225
587043
129172
607098
702933
156660
306957
950728
15181
646466
657213
186975
467881
16096
319701
969492
611008
525752
908786
680894
318214
8649
576072
642177
444559
149119
989755
463736
441202
554798
185356
452734
104265
703722
622512
787737
805140
389829
633533
245956
350013
242534
828157
105880
237430
180546
126245
400726
314046
550266
797152
859027
631875
142225
48580
13761
757794
202952
972838
309654
578250
370009
610696
415130
166718
924428
748273
213906
795513
781176
289942
507204
882539
321498
479348
348519
145186
883467
476735
993897
559492
438945
241780
915740
696440
469989
327307
123902
306853
733932
279816
479523
701842
199572
684145
748353
443181
524252
36826
864856
866471
995425
698908
684412
542332
695601
395940
559808
640080
109198
842279
4865
542005
473281
951667
984076
490569
891031
395105
561389
700989
406397
343847
554261
63792
178227
455562
194983
169209
723376
135408
116959
748036
13651
582547
56031
236691
550785
5842
920792
806182
78239
92002
458577
10294
619565
190689
606295
196955
233021
227915
48770
161997
857423
827525
279711
817799
204043
903767
187455
983239
526491
826807
463643
780274
379746
322240
501922
56277
323612
579138
259041
742919
351571
87218
388366
560426
856827
913794
773873
912
984171
670156
870512
110458
667256
124839
598645
634427
133232
263964
393214
370747
461808
653107
503681
324439
46115
588774
100537
455398
589655
951671
179537
432023
711485
79453
995052
535478
955133
150234
845135
745741
593460
836840
234732
539047
342923
192785
737676
91952
171445
513566
566935
454840
379716
75623
612611
934486
207593
180810
563287
475817
286918
802039
801243
55034
306034
268583
402270
338749
955528
441068
827619
957750
433772
791140
957481
456889
893340
160135
770774
101257
203374
274592
386239
136738
20204
141785
784407
899987
832712
715374
895089
625090
852605
191108
324851
346580
890117
517650
717145
738852
100337
40061
341859
956976
562216
683266
244125
604627
319486
331277
205001
459436
515056
939878
45418
197150
287098
622795
639919
680241
19669
912216
310331
151255
760336
851171
879181
529032
526410
325924
719889
588366
46858
717905
498946
337565
496187
648456
178810
305946
761479
581670
75543
117308
807310
764917
120076
518608
192963
821761
220033
546262
696803
279243
571240
488393
938003
672215
427678
635772
866582
893216
891449
730592
884264
166316
139380
435746
819321
715322
245620
909937
44361
919447
546614
608349
601884
536336
484120
948571
125275
754497
912896
564901
533319
973580
450861
131262
618778
807014
404504
513939
696124
409739
586438
607293
81054
685329
724077
200164
352247
924250
688640
984381
782681
118500
988953
413555
69551
755067
915907
799844
652438
484430
518689
568834
776276
383838
585725
197146
491001
169554
247217
634033
772049
600744
445996
119946
621250
405062
266530
82501
538761
521582
903698
230690
80011
1360
595893
232994
152794
526970
560512
893646
683783
444651
644694
207057
781471
986117
649358
835008
928387
35936
469724
95355
858792
300475
54046
191979
103847
208909
851717
330474
43969
298426
603614
920835
140083
695457
508732
709646
561394
837330
859140
723646
751172
717853
139797
13942
888827
19333
621138
936341
388302
358740
886541
85459
540629
379016
866193
649923
645473
322027
679820
235704
986101
37952
498775
604996
440165
637273
898916
896412
644362
467398
203843
711703
62815
950567
891984
205973
638844
721699
637629
144252
406700
347377
860984
306526
199597
247507
636728
740150
582787
19491
278441
333009
347577
74630
751218
988362
979573
968125
141279
789870
200183
40090
993968
231742
711406
257999
116221
849874
170039
99106
292100
66138
859251
278269
900881
437504
835331
585441
478025
931818
978083
97851
657874
103643
601504
510991
107554
947833
443255
259601
395043
25449
999884
446098
516032
398294
621763
148695
587087
823825
153663
156550
549211
915410
688309
407482
147405
177629
534060
228085
189110
937152
120851
753781
118523
48185
1086
546335
92829
717876
22271
146968
243171
221105
313821
529971
290727
401156
685492
472516
230971
666422
196840
14291
722358
873161
477831
727661
211422
711257
263163
341396
667571
952542
636328
422358
550422
747022
469992
397563
915924
248991
600288
612375
419347
515114
700351
705664
47128
506603
635155
421146
793843
153317
397447
297742
804552
264419
977789
441881
935674
754073
798532
44481
786869
149672
106358
571490
966680
904960
835505
397350
115774
800736
596976
339539
298984
588857
798213
152189
229448
539312
138165
551901
417644
761602
916464
248570
90886
3395
509227
987460
955412
536959
526556
64832
775216
903809
944401
194332
365494
768945
531822
168100
722893
576536
242817
816333
190420
981824
249987
167663
327211
227063
983022
347728
30619
992690
571254
978715
154531
336973
155301
521968
799328
403952
829846
742997
961752
239438
102989
937738
858787
111687
744242
424185
194422
625773
994472
181836
906509
989732
309134
390873
476340
764515
197842
702393
326131
968471
544429
190902
950804
471654
610943
893794
658130
315152
412999
939204
606048
496690
649790
26798
776594
490277
859985
915370
446252
885763
218042
566546
5574
174986
996346
795711
949080
435992
130421
170778
686248
304214
531881
911246
856525
367922
105932
9502
726111
996420
597634
518354
225725
796882
176120
80141
841850
201519
39776
31226
109604
458302
241801
242469
378163
9300
357722
134886
111051
908283
878826
497207
948526
19
137215
655655
451905
352660
986594
332903
792121
928622
688283
606146
713058
114385
492303
368490
451724
897800
96050
899565
884690
862592
160490
4743
986824
808551
403074
411216
423744
688
945159
843478
666617
863731
123587
222789
525157
160624
534419
68355
305430
49076
725799
423577
662276
213012
188182
931275
545725
481430
230300
276680
118826
751664
780145
559356
500729
505448
113350
961731
208492
804954
527263
909369
344894
115928
330183
789997
983149
48683
312501
639284
240041
259832
311610
892569
485847
254142
578595
685554
384130
594108
436785
931598
965279
474352
510706
593354
50619
910649
579131
183811
874115
53534
517253
269221
68783
911911
60578
250274
435725
920873
199834
850943
917542
164512
401254
918088
126990
138548
834120
843940
142093
384862
569157
691331
831973
133476
882816
302067
813184
295360
757301
128850
291576
484895
334222
470174
109122
627525
168421
335848
620664
107981
633303
250280
112065
579278
587009
310569
691999
36314
660314
775781
381396
3936
975341
627307
829170
489585
528753
729660
330238
364255
842438
803382
246784
522562
234831
960936
471274
94676
967846
368324
665826
994428
374016
235442
179182
821416
317087
417537
547963
781267
96814
308152
657994
662566
56956
386443
23352
844538
624024
919529
657320
197052
158277
17586
556751
722282
621594
847622
352859
371770
972025
409913
995713
430489
546729
362402
401506
288400
702035
493651
438425
839043
283158
339299
170723
549524
749831
81638
239147
352420
989320
910718
50866
416890
925507
228683
714840
729148
280004
218494
546249
307225
940081
41227
206023
442761
269030
368509
874575
167404
708657
100067
999019
139663
573415
473640
578516
862606
863649
294208
151105
114067
71382
675006
197392
974524
320726
480771
133968
937435
31585
975634
880489
408983
588642
958398
33576
246319
873739
425860
609451
631519
490190
954805
872805
549147
323189
420172
695247
598776
440798
348318
407148
444202
67863
187439
13943
544872
862674
986720
115114
660396
995653
399046
928109
474390
422433
294871
326938
38768
884588
46206
208297
35596
522237
132558
160189
591178
738003
477842
967562
910198
974355
984771
9185
791374
480157
51987
245273
637473
867594
544870
152156
486418
70787
825248
365835
238652
418817
729817
563343
63279
36060
411885
174909
664217
842258
780913
919461
971329
361367
235264
863031
415148
645267
888563
274451
732386
228477
358767
828524
704842
453906
826711
190935
726898
639473
836258
600182
103787
994902
674056
399035
67985
79217
547607
896347
930217
291042
251426
165458
769571
9748
324696
394124
362238
869619
583090
537655
881162
260299
932870
505571
95561
779518
917625
610194
403311
8802
628498
916130
886153
861301
536937
798612
387194
17213
147198
226808
674400
177857
616293
238967
337236
478045
939423
166972
363984
316038
276229
950208
675884
302811
847453
686514
939841
279395
695887
673087
907758
492585
532337
603267
775289
511281
358143
66956
66125
224918
757542
193542
366753
496641
247039
288713
993082
175624
954457
147708
565447
945761
942255
52964
564201
879809
844793
109901
781718
586709
981086
733267
817171
262236
587654
925133
213214
211039
487758
140055
443950
998222
388565
370427
441554
565881
131635
640444
456502
918375
196170
724670
604229
326614
904692
315221
197544
668816
119708
205032
372652
68711
586216
329793
668417
871757
139220
615093
985054
592658
343834
713003
911170
503802
742029
308170
566678
735866
351750
115075
916335
782159
347957
69944
783535
969660
720409
512647
441738
122654
880138
701944
499174
399021
73779
651071
501532
35153
840926
829869
262812
780894
505640
12409
641645
544110
735571
697575
432337
3290
265722
397459
451270
79573
586591
509340
487529
70564
950176
202288
396726
202302
753737
74287
70058
875452
866499
305854
363849
496188
908777
917035
893180
24536
949819
536824
335442
304574
645547
589446
88487
758636
368021
903264
602210
332683
821900
446432
646232
691877
844943
389313
265294
701251
618779
680835
753883
257895
709210
463285
582252
830434
750009
803682
474978
25108
236695
408858
67158
14142
94169
249436
252604
761029
370778
402141
198117
434502
536320
778679
89886
382736
304106
225457
681846
484930
182981
609063
294365
220930
354558
365398
479976
176151
95698
682694
393201
90276
126912
178964
177756
326402
40992
200347
198836
958456
380046
498751
464627
322778
907646
547477
920160
108667
363955
128114
439251
321616
921227
478991
957844
973666
632562
659606
279778
962863
771127
738443
577295
533662
860795
822682
173768
424734
298565
833977
68467
953690
843187
641145
255345
293466
466252
14895
803523
815033
343664
767609
224776
628415
408368
654767
625828
10651
809402
554600
680573
536062
485997
751846
117919
579222
220875
26015
670016
619109
470668
145001
794461
184766
623695
536065
147650
793820
970092
359863
216041
267871
103205
926074
557882
972260
461882
645436
986993
317439
748315
927041
391518
812312
517112
679433
673349
766751
289845
729688
986853
732333
316601
197919
930966
12792
879846
157000
144843
469619
912291
997283
610360
848512
507860
937064
933325
773395
614187
364392
439648
936164
359704
637205
888616
379536
607132
660842
767077
443725
89787
641400
45662
43336
152528
68879
580546
844445
907258
512005
210096
593906
697460
836710
599506
789105
324803
800568
100708
312928
911176
865449
544595
953054
435125
860823
743232
13244
239452
33020
907747
823669
720611
712629
115084
372748
162516
618669
840837
645441
916113
749546
439444
298927
483301
196660
513821
394629
457077
460509
65699
40990
589461
330034
737519
166080
221431
48124
558665
186990
547390
158387
887715
98154
575984
263296
404566
987147
746634
126125
669060
586806
804974
762476
131996
640508
76472
338369
7419
25936
609646
208588
194992
672611
628885
203959
42712
403486
797024
997176
994984
515131
181252
808771
165577
533569
993063
103696
214302
285850
262390
850820
847713
533074
705750
260863
819307
531054
173618
426241
456018
265511
776499
316025
10220
904322
20238
199788
497266
907981
835446
38078
950976
255223
809715
945057
361913
719629
397963
108055
194120
600717
770524
488869
982593
179625
205131
826582
355493
472281
74903
689512
51461
680733
192519
307992
183741
147406
555394
965125
740130
855456
622013
266051
801654
546487
931918
19903
642776
835362
983136
497930
158777
713080
206847
910852
405768
966541
304467
953126
450160
123857
644586
43307
556791
417030
942894
335132
641607
816477
267254
34743
664458
972076
359671
918075
243822
904141
520091
996307
994376
903317
364138
479132
332308
836527
140197
956373
176283
288789
408946
99874
614893
220842
391280
394557
241678
290423
233516
318586
482861
987521
326701
644852
300239
769539
407786
798425
328011
351694
907484
183568
705646
708409
702894
555778
795966
996678
341968
830860
116636
835730
636970
535359
265155
843384
729838
890962
707309
193604
318918
643045
293460
840207
818285
602290
727509
493180
97561
429522
484017
874509
925078
76522
807406
155939
973870
812336
332507
295056
876356
755229
783472
259674
322369
489329
72211
969807
395621
338462
48247
99520
862271
623314
989087
306139
743992
48548
736193
942953
160265
604506
249157
929568
414413
44885
235756
294246
918769
258330
925006
602659
231111
152381
474044
39169
124218
381228
52228
381955
458652
143509
165394
313087
730907
518901
470835
50425
905747
507646
32885
752542
183037
730532
506475
276506
374724
673029
821261
292886
922104
657395
750140
72209
838171
890335
814050
605914
329497
873827
905400
435687
588246
842091
834145
287701
93087
805761
711668
208253
695874
50869
194263
926895
63033
639205
458374
544718
551617
720942
231283
20040
993545
517103
727880
178224
53062
905591
283144
699129
410531
650443
26835
150929
884822
637205
374600
304343
884878
28779
433732
389371
151816
327099
585673
256113
718081
573265
593851
827410
143686
899141
541891
706255
507623
948676
82006
961298
654986
654201
772752
950835
742555
886487
832890
585107
380449
588486
691435
584665
225452
460455
373066
888519
402474
840838
640817
733048
566746
222171
809389
207928
401624
748413
377378
560256
762774
687460
522444
865612
289323
943065
630624
280347
928901
928252
210192
140611
786427
359345
235950
332078
104381
176809
815016
843636
895149
899592
106609
134679
846662
417592
137921
378453
508794
202698
97586
20142
265051
630468
405707
362418
849071
719755
868506
905221
900774
215086
861882
573875
197031
936396
599413
755882
17350
70308
266114
920152
46802
488823
452911
607202
800396
361436
598746
962045
158066
936672
520153
87469
183992
854807
968121
3224
864088
111748
627620
194118
722753
506912
678428
3896
236523
37195
250596
859874
455626
796364
847613
524805
192288
201798
58125
62061
536045
997434
590109
57860
959170
847411
919481
100498
663988
734930
53498
840722
861995
5942
872672
685170
943962
126215
38361
589670
547849
39328
68127
959273
245837
75095
694653
545553
342426
31594
781681
477581
402543
947975
533549
555134
156783
673591
815352
106672
856848
606185
11698
795764
606060
328535
539892
495323
818485
734295
198997
141649
659206
467008
17034
184147
808916
926647
724261
104654
820803
446933
475902
978838
908885
143542
381039
506815
15613
977697
103672
903196
97298
847311
993539
843026
468255
897882
102915
731671
555095
474819
2613
81997
388517
515360
521993
972789
720290
359904
990746
837841
808544
166653
884759
888539
256163
821181
537414
468187
679727
585892
525919
931561
995901
672761
383892
724479
581191
494067
337968
326458
854466
168000
770717
77229
527660
746675
599232
355362
221947
445704
180991
670318
55221
185300
285794
105200
348126
509902
580183
698918
84427
939955
931664
840171
158549
311259
761927
867089
608873
919702
408801
70295
57469
486530
448368
797639
450141
242605
619731
325615
552099
228961
278904
667897
144901
595472
813250
805161
963592
672541
361925
428211
309651
488645
977902
646199
208926
828776
352384
442778
361737
859192
601849
872834
580937
567677
485651
185582
194749
895618
314726
2863
194015
737887
984235
868614
895638
661284
844507
20956
440103
269151
8181
16088
633100
409355
425247
820256
502941
435861
618468
534512
514155
212875
28316
738000
382764
90788
936489
817845
858192
254502
477917
783926
426098
119544
235129
640425
314090
590468
2321
707034
872255
336584
199819
628711
410426
369210
34438
519355
178837
341270
829399
993701
133522
713285
296622
999380
328937
340011
810967
940401
947353
861965
844572
481561
823840
35998
354248
19382
134534
623013
932935
936569
468435
64460
318186
293494
236896
100102
576070
840795
350219
573598
671484
952782
795460
950873
282579
851939
942724
830536
644992
368311
655006
858860
216392
191212
95726
186821
494844
253760
527469
916537
85539
200076
840487
567198
554614
468247
772611
594916
309829
609877
183809
94498
448311
898303
125059
878075
353582
45776
735682
272876
741705
835993
447969
367926
763267
922241
805598
379618
128633
550685
294501
2934
685832
416872
66239
832306
719188
604575
529063
601351
191398
803004
538365
520149
324461
562700
309780
42975
141477
810799
306342
551630
859157
983724
709543
725918
956338
728558
945334
439465
317281
675871
716464
754318
841754
884832
972383
521342
562920
61794
835600
606115
934413
890148
553730
814189
511170
180361
522042
268602
769435
106965
471668
722144
791753
859908
596276
626074
390522
669127
361274
666382
992987
821276
469587
887543
777917
524744
386444
659700
831893
113204
21954
280236
414558
361762
350101
236060
142681
758602
960635
774398
725620
556373
813360
21655
528777
157685
498059
847326
42109
464095
710828
900
120777
645990
678546
396260
751253
612021
92745
695433
187648
237481
42304
865686
961404
724105
997561
966486
127255
131171
671001
96161
510996
151876
191519
153063
372088
254739
745266
541020
546656
104714
494866
835776
869903
297618
521201
37898
62662
221243
110299
832432
670220
600533
249999
474070
279821
31853
792050
151888
41695
961255
435289
382742
97439
582133
607748
328451
16442
765425
272043
202505
846536
453213
783792
986742
503442
894324
839411
329947
168116
190764
805508
281694
216734
240715
450291
359326
422644
118051
703492
142270
549590
141484
637503
138385
192698
45756
551971
3488
621684
634469
755578
69402
760663
247403
84808
309401
407798
150880
595869
52109
565635
283806
810442
336007
788057
993569
332656
586148
974677
165119
646708
115348
412127
45316
616654
341830
54023
969326
862209
338866
331210
422849
31653
139330
734579
997128
739360
540574
422174
399978
140787
225042
134552
902309
259568
297310
198178
54505
632074
770523
26324
522259
957189
312389
55327
240836
798796
298473
337579
378014
355489
450732
945823
553499
18863
228789
669310
867209
10811
753080
628078
692134
710137
627680
832405
480916
733947
260184
453532
764665
473668
536119
103829
929333
558843
823814
82681
539585
127739
163630
561930
39265
102535
257347
233175
200133
500891
716903
577758
903170
800413
936860
504203
3432
511730
791146
262367
401023
785518
198953
762348
780003
675235
173612
307389
372665
16474
372042
958674
56845
111136
2634
345672
775434
375479
663786
621527
848468
770286
199500
450678
341574
439051
324350
123097
227523
912036
47588
180058
166715
874509
9029
537590
620156
167723
48558
824110
478130
247527
644102
121357
927101
583487
38384
389961
713005
788406
408278
594499
206237
326507
795353
106793
132329
656328
874898
66043
988045
112721
506563
354538
519003
50460
786463
749788
247704
340896
48690
263309
987124
471397
686894
298511
743525
313435
50196
366002
471839
725383
213883
175806
498162
755608
42624
95901
578303
658136
790859
510550
686232
91454
602681
819636
295604
530016
479979
44549
125323
474245
943275
784894
188052
399768
270454
122044
70873
197177
312938
318501
938163
732398
503693
343917
527976
278647
767607
971637
768669
734399
356254
3341
368953
450670
152572
28506
359833
952924
493791
824403
688873
191199
200140
148197
496101
828037
411985
76791
649708
165341
301926
621255
879486
393008
552191
569395
674450
932685
641777
519124
31447
687874
839806
824197
250181
14247
368639
365825
693278
149268
499373
611690
265670
998578
682059
972134
86652
206127
253428
747556
706740
421259
389052
415997
274067
37072
651078
602293
589062
322398
711138
966752
310591
178660
687840
166113
700046
397547
382134
595918
943128
937740
648969
826735
506806
653122
447963
366758
480748
675802
230610
269736
440132
778247
788321
537961
384198
965906
743957
447638
344023
782254
64830
87420
366060
824361
101688
775494
272873
776319
370197
668515
329498
82313
194281
363398
231948
391251
786353
939655
798665
316298
465120
208999
676335
779220
492616
88241
511340
190394
944673
238139
863704
880384
25082
349324
545583
379478
133881
23127
719146
596263
28688
878694
974712
698190
408766
96274
755486
306024
869887
42926
547304
13060
513170
160900
571083
46135
557989
780279
625881
325773
171678
582408
159263
300314
861960
956211
346718
539630
168856
369785
618212
95910
681692
547961
429063
267103
817023
152568
690558
620038
223931
427712
846748
280075
337179
616036
129066
731892
764716
63969
64287
293710
666048
908511
977470
260606
742046
773655
517901
825013
209865
229904
347757
188418
318571
379650
265691
232705
342238
148315
619970
170929
267224
655647
354170
607203
667056
708650
153313
365583
593169
572945
166292
632001
11066
799399
187339
632496
554735
373723
80590
703151
262975
360703
353880
607613
718643
949923
388295
139895
277072
672928
924860
661997
633801
368817
175957
244753
551493
198075
562308
283851
772680
218669
881356
448042
617216
290946
613656
209910
456111
383907
628792
209121
461871
34922
561720
994716
954343
873090
309855
805189
107209
221738
251329
288957
599749
865688
830017
127512
168141
202810
653159
775726
432646
607703
929626
757902
676040
194580
91962
644754
290450
823635
294940
772366
707981
222646
282915
798370
596475
939009
660535
96431
191036
442270
814693
33702
323901
117305
778067
72508
601789
880012
699806
558842
924733
785653
481234
174832
644804
833474
421381
469194
892812
941263
411408
606394
633165
654855
649131
984533
167139
251846
281060
743546
259294
697695
341692
817836
193382
860537
491742
730689
652489
210452
529981
838324
280035
591722
644809
114197
585577
352368
153357
430367
73042
456891
805672
788714
659490
314304
993382
592375
327443
13876
447162
209577
770851
140242
203162
806867
335925
811451
55991
812332
193444
761591
855448
697055
206507
438041
186898
511359
133226
859201
180134
715864
29910
756603
823799
387297
668992
873541
371878
165453
443712
441454
581388
109120
186558
389210
799123
254047
433244
988450
437105
484608
75203
588824
195458
101313
433929
281384
27905
245300
801468
271194
191844
655160
61134
557939
471249
793635
417693
527547
33664
545243
757661
907802
808558
817860
484772
366108
617978
814995
668497
442964
575457
75585
30554
500380
520785
688732
337521
274362
419883
755063
852435
927326
416986
762754
507309
494088
831051
69620
75947
708102
932680
892772
386014
21723
449525
335160
144008
701691
97189
336564
811271
812467
339097
597556
707484
656614
876503
269749
588952
903346
449892
394637
569698
839858
296926
740923
671591
234716
501176
566425
414942
807241
253010
654382
571255
645717
678708
115744
301855
751068
478183
378118
83826
732005
203952
315164
539326
918491
921578
980560
184112
609654
127103
366201
611166
777657
345666
791463
391536
911060
891052
8149
701291
233385
427506
919099
212764
235564
283455
572672
995485
213411
142611
527181
230279
518989
794871
747325
971892
948703
800028
313072
589487
930153
409936
940863
216379
537623
492700
952457
586685
626708
86332
298412
205062
476553
267707
393104
34625
86595
103531
967645
62070
908787
426494
898444
654456
134735
669637
844763
847921
225493
477954
83802
239496
219247
849643
290467
460972
949810
192894
293095
425600
370752
860219
438883
415907
506254
521731
511089
230042
515904
507019
587066
473629
61488
366653
590665
375163
680910
963819
437819
181226
711009
895792
475987
923503
726764
977701
606890
463654
103340
306877
904579
566767
336765
481982
72636
807221
596699
478044
132001
644316
787718
62708
207323
462599
322240
375970
228806
180931
943792
376703
408928
702611
916009
70074
922524
876632
904388
924114
217943
574941
887785
977389
43426
502589
807661
639320
557693
537329
648213
128028
757221
303610
203641
150777
911237
630887
780548
916354
464072
307844
506136
240084
102670
631967
749902
141236
94844
669048
35291
943044
186990
518404
559118
112610
874632
297374
348277
445342
828906
371659
419616
825365
980289
194856
223485
998894
677370
235186
617826
649585
42834
94834
972266
255167
525897
320259
119990
174706
183542
406593
994197
842322
196595
95440
366398
996272
367224
140998
80186
853731
724613
287222
511519
438812
844601
391450
300022
493096
869568
906716
430526
455043
447914
998529
244426
116115
269078
117682
832389
522504
350349
893417
428758
32845
563051
162677
555870
406635
469559
845609
296926
995003
552596
265383
554934
67206
981713
201156
391496
865019
368539
776152
546875
572491
461586
618277
945052
350757
185016
46306
340254
938121
471878
138659
104066
514571
51289
369126
886738
378598
240777
314620
128775
855547
702555
54353
19978
280549
206668
823323
959127
284729
152717
836763
628094
513631
366351
178835
726788
564295
821492
764293
211942
735563
891173
243363
54013
351584
624449
616920
204221
23735
327410
798129
64279
590326
948828
512426
229887
276174
730415
610065
322247
846264
168348
680025
132394
582353
616485
859710
440998
867472
545868
334607
479168
119904
304429
729565
444843
116446
771816
85566
811715
895345
879798
22526
37684
14848
283293
495779
544184
822612
541822
156892
433021
295244
968972
247430
579812
229175
565591
196634
95910
740434
521734
252597
737809
241885
779427
118789
278256
823644
26129
823181
645513
58599
944472
41110
824064
730798
987553
137715
616345
340557
759613
579055
976091
214600
193183
595029
876047
498019
664938
296987
575144
532001
312101
245355
448828
293207
589004
501775
806704
963115
706432
155961
986995
123950
616478
475245
33057
12692
202604
574348
49543
836940
186608
100990
920518
632256
844507
870394
724560
307179
783202
127349
923856
525457
400046
428069
253478
293152
823401
972080
722832
343009
850297
148278
624548
887515
667658
541944
410297
811844
770499
898211
897958
205029
382938
380541
912994
341641
376835
916779
97675
306273
996995
582300
584578
410807
688740
199446
874163
595789
425217
952795
93810
97938
208065
77239
134721
98240
647456
922921
737454
423253
508073
918059
180633
599659
876160
146272
672403
676854
163739
762650
508515
534682
371985
723461
364194
36135
115147
846963
866054
310514
879319
289028
135227
22801
655387
827057
351469
315698
263462
420086
39971
433304
818082
786842
273605
211187
923046
438748
513086
680540
544424
59
531260
237738
927375
734370
834260
983667
79591
636463
830467
737507
710894
913375
631759
555762
53323
716119
248973
247493
234462
1553
393403
715939
216050
632097
700109
794450
891919
779363
614725
562894
580589
48388
900219
484389
427459
947497
946108
392242
87101
480767
119247
36659
925899
179040
713747
603145
912278
440095
783620
824461
586765
986928
4764
644233
161822
21815
897174
14682
229377
8555
839181
618784
677358
627047
759107
844511
356527
783309
144703
702581
204623
92631
549966
395064
684786
315003
378665
13483
797822
316922
280375
722781
226807
884742
957865
579359
904937
400014
314883
352224
47550
888039
712187
886951
882415
211672
325626
351339
818967
630658
984703
1810
599204
651306
939171
656901
526182
967077
721335
344428
246026
647839
229257
558475
538784
591175
168262
378744
954839
390491
41081
118520
197643
437835
599153
234614
729077
313741
582337
752479
590017
671932
23265
905245
88253
116973
254002
92141
438317
959121
7135
893279
35131
994752
175263
626922
389387
888104
2198
214313
212077
521233
791451
932790
611180
102732
849621
929441
143107
63800
957694
849806
509935
649520
116938
553768
639968
960660
196320
856581
160265
623795
486663
340504
581207
377426
920284
733005
895934
818779
268671
991685
273390
398757
294222
695534
29412
104476
364745
826237
311709
650829
294997
546187
159654
93393
315420
50378
918544
25683
568721
205154
585663
706303
373521
304044
461217
99592
367525
598986
797819
813782
581156
432288
652510
237707
622005
604468
516793
74353
453555
622750
296136
712385
327849
726379
814442
973650
421052
528660
263185
869981
844136
69526
527059
99305
825187
539310
739933
331351
808733
395699
525958
178252
288681
952655
436481
389430
500021
249051
460717
936893
177653
410071
57415
384648
763679
230275
97279
748777
563407
307612
293672
141862
197194
650614
33672
438245
374431
853746
842511
902259
108649
269725
391909
845745
358322
592166
275932
127707
881586
100281
93701
524918
533749
63228
94878
401366
4570
78565
557417
518729
825143
514870
786199
18404
641050
793622
618851
44200
363819
346957
296316
883407
979437
575644
474970
42425
49059
123511
163698
15214
147151
693536
828868
60175
542869
573537
144978
401758
927103
372518
883243
377510
497434
214516
822949
742665
593277
763530
459176
407012
576041
299987
403943
733025
635980
587908
563562
636120
249632
989592
292679
76194
54256
141286
954352
718141
177403
155739
911141
672853
881265
995226
7626
968693
386650
879405
244627
994633
678038
97446
150427
819727
89343
939222
399956
878234
122923
852393
409049
10179
640461
710557
538528
968108
180219
822493
559243
607474
292938
231486
435677
133487
133909
856149
945674
756776
168861
942898
147815
73562
342858
530366
755328
586012
910544
202284
989768
860337
793645
566623
1131
458668
323342
633624
537920
926784
762897
532698
465626
866339
299813
900189
920958
883551
563982
584298
328750
887029
410053
407705
914212
881326
260732
194021
989914
476991
447615
542057
888582
785432
173558
181434
541220
688137
922375
767520
457067
292305
517848
130929
392161
657029
355826
122700
709002
282330
384065
182959
932540
957391
52408
599542
735630
586361
546833
823729
799790
695660
563634
732704
226130
436675
942635
351437
51847
4237
636316
312518
290405
808404
271796
229046
476580
793803
847700
810592
193991
206547
982866
34935
254198
215338
566297
748956
572777
801201
211501
238324
846080
574360
182860
66661
886065
208232
655088
721390
716761
277868
729457
405920
365875
888125
154248
959677
193254
170921
328303
857196
540344
419263
924835
581909
952737
183162
601035
397855
707898
662600
42291
893508
642900
779829
314673
135373
423717
635449
807208
643119
758942
825114
941227
46786
929432
365567
990969
655770
498860
536467
840742
459780
621153
405906
488987
256223
698240
257267
268660
666900
182148
719602
42439
577459
891950
833081
178693
550059
656884
779434
929784
499430
598361
550348
948780
588927
903448
984975
451818
641441
954874
804733
18335
769021
311239
33728
299420
21351
40921
735882
991863
151374
859532
560677
978254
827030
566737
38743
780459
762580
482146
756913
192195
638437
514960
905012
199257
543979
626232
990369
720576
516197
627220
394268
800381
574890
196781
63932
723979
197506
336174
820786
919543
841441
408276
216083
417516
355393
226626
761923
555593
630107
396913
510016
900270
882177
107717
724040
147862
534491
961658
485224
435486
903292
282877
39075
760292
90912
861591
421819
619339
994052
689476
14750
422874
670882
745250
913776
811396
782024
466053
630897
980866
276116
599847
754059
54876
129294
840701
263483
610888
360866
710052
761881
348009
371320
527162
174533
565880
422002
269834
548528
942336
777985
408223
976644
642627
410341
77689
577841
649146
439551
240734
570966
221050
178836
927815
328776
902386
499296
738043
730241
844689
283732
3642
597224
441604
172783
205263
214712
666461
65268
176329
830928
322191
402061
55171
870359
698774
999740
924318
65994
623604
737658
165520
764132
775381
490606
854870
498601
415060
636299
747653
882190
354070
34630
3262
838216
997652
221299
646336
986159
464951
578043
600600
564047
237340
465212
459763
556940
304183
414525
504852
280431
902163
349132
820064
472657
708855
68343
713303
238178
763301
37987
802909
283926
328508
394956
416118
19118
55997
853081
335377
471327
298538
409691
877563
671520
349386
50850
265652
796885
204106
134588
337823
83155
343166
436619
542482
723024
268676
767618
172942
532328
266889
929596
389576
985742
840485
84984
576422
268557
822626
343413
329541
806586
387994
639014
739255
860473
958014
430163
17866
459176
405299
147020
108675
339371
883158
956234
34602
402837
569184
545955
262655
595823
919845
359337
490570
407273
253431
155745
118160
797338
504679
272795
520481
524470
595563
686130
554959
501707
514907
694242
335225
511543
747286
453441
778885
961578
353218
361628
167788
734484
407216
633519
715502
140331
198045
224384
3239
226138
744596
821784
792506
577993
445425
33631
870057
985093
667841
701011
922503
493389
258630
834853
524292
566520
845015
307376
965352
565382
884387
574230
18587
579969
884310
160185
921504
495759
603988
34643
887330
791383
684706
633267
524519
186830
431844
251989
746785
280733
254529
508252
581475
366385
457570
884846
245873
404958
275546
694572
495408
478832
422048
517453
588604
736976
708407
850006
40536
844176
494318
58040
432640
254483
485379
154373
803803
805020
73251
317200
399181
551601
444877
777569
193960
340395
322900
860050
753858
277341
168835
674186
297505
108767
665883
433427
852307
451638
884151
41241
984475
340833
448273
785345
740997
512579
950493
79139
59739
349480
999699
859238
464432
970997
14602
136055
734617
589041
849728
277157
121212
378794
526198
610077
983872
980805
118776
600189
260132
504294
82682
904598
781484
733304
631454
260163
295221
581849
513555
173728
337962
377253
98711
850281
97615
494494
288604
604273
526267
37493
40841
87548
521954
69175
40983
968633
219792
554583
241180
543967
831154
995604
301925
470690
358607
449479
700539
695762
742420
652299
429960
270609
314252
439816
440980
105007
750702
958366
681448
908708
688592
336363
960531
638057
500282
619706
967050
719283
268501
39688
969130
521101
602947
672948
271770
790288
840
183682
539788
957058
215205
507275
502434
605513
871301
890757
473325
888714
892241
811243
304592
248867
748702
335433
105603
916864
328390
900902
652980
752478
420820
659789
533959
462362
56537
440826
666110
936501
836059
886238
152948
878503
547117
820623
146884
624540
267610
561616
802503
538639
474939
613240
251385
679106
828328
217281
220925
957143
351435
531631
91383
802254
469584
48282
63895
801372
94776
58714
510710
688804
159949
898319
870616
414421
797040
171402
475089
683103
869262
276636
115461
545938
409329
462649
530568
723094
313011
712519
883108
591233
872141
453129
552184
66136
715981
641187
421949
281766
381350
310345
430628
477234
917601
294024
196635
559839
314994
968945
299567
280421
219109
13662
853964
716264
170871
412130
644831
439474
646977
7633
12380
715410
538895
866024
780059
715152
857167
103451
505566
452235
716837
974906
609837
557489
763484
982207
519010
234587
51510
644534
155265
956931
21668
707721
25663
372770
445841
328807
752484
301930
93656
505489
185290
421533
855255
304897
308549
68489
503899
301559
619037
271136
291771
335073
524982
446200
23360
15525
361745
872475
473793
688015
145323
21580
301902
635346
122371
957847
394307
489149
539577
981395
719996
23739
424658
704696
578471
945030
789272
240023
128500
793194
340382
13434
140265
839794
940385
38040
522003
659249
599307
941045
176407
918318
869073
294868
257703
121453
371003
873498
599056
323414
158788
393601
797359
296837
561431
70453
788484
981293
986873
965838
512031
961321
493702
90987
659958
885665
193556
597479
960024
634581
662964
715451
33340
762441
239511
100016
155443
761549
895500
589631
402685
574760
427815
812295
328119
719712
368126
103593
394993
886377
756365
223748
719902
436392
132345
207880
528741
720354
225586
301561
221908
605382
258801
982914
691764
604819
219489
949747
370167
384743
891290
474649
545102
542502
963720
600633
570583
205763
682410
485544
635124
741166
137142
811786
511287
359194
143898
76261
269561
530026
869342
690017
906122
388471
979493
903198
541762
210560
94547
834034
83318
695599
612616
508414
738247
740036
191241
73643
755028
606624
589696
489670
787151
731888
560218
38838
375085
480884
218830
787350
983095
616107
333502
215475
178878
923677
944118
995875
478699
702725
631761
334272
576052
493272
307002
652096
926763
218678
254352
364402
699952
664492
890211
957911
194951
464676
41307
308827
868868
874730
55417
357423
408355
690651
689652
733700
621044
418412
527941
120101
174259
613460
677119
723953
631030
85847
126101
616756
165759
109936
834496
166562
103089
238811
945208
689903
959456
865148
552543
13262
166145
615855
26429
863555
20353
810093
777254
414055
398705
702935
858616
581176
689182
70947
802433
895770
562495
510880
369213
707055
373831
578983
323004
251662
830747
901984
422114
280738
587998
764590
380041
735586
422951
105400
885889
787048
102868
525717
177079
818929
106744
956371
533171
876784
496559
380324
259963
856975
903891
107750
768597
161795
513863
833038
351146
928202
849200
874864
255302
18372
761604
332781
143740
214827
320058
362681
35687
495665
792865
476295
216971
756212
190797
349076
552345
890145
461292
420301
51985
567522
207414
59742
42050
118661
100035
90008
870573
340907
56310
880318
120264
615208
962071
484845
286750
71998
359103
380005
315923
835441
485548
811896
980677
268039
205748
833741
541135
304606
681047
851985
242663
215657
402989
451452
454567
428617
903678
85691
813417
580932
918704
656704
254219
966628
380507
618402
776017
524718
981497
445489
904170
377661
858233
125274
283595
588796
652594
238387
637624
530557
701621
110693
482977
385336
367291
517939
843497
610850
697917
541227
531713
799785
362019
618343
979443
358154
587540
70016
756155
184720
826796
110289
189392
324458
254859
83619
749696
43175
4682
409978
184377
239312
175561
791739
228900
791906
84900
441912
456555
788198
717508
234522
300123
552431
48465
561450
769253
601456
935941
156668
316479
261815
330204
156536
656680
618634
623912
84230
789960
495260
992193
856149
55413
958380
476953
270153
590866
746107
921389
120639
769682
214056
542999
966525
852698
13289
391104
418939
533061
717096
888436
452872
407425
596024
524942
13467
8278
999538
267922
225015
747399
704944
526937
306745
334801
790053
563239
747073
40016
735384
4888
702907
215873
681659
667385
615113
309986
199404
988148
289615
378678
480711
881699
816346
223012
965349
52933
886829
550143
557494
793550
168106
845473
817143
270936
773466
630832
158671
473080
431961
647618
249868
752299
579361
344797
590261
199664
116529
493015
870283
695855
352729
142748
417825
795414
34853
699982
607253
576581
238372
396551
5354
324191
416404
368506
143875
492481
594731
127351
230270
456783
282308
632205
692971
569386
437220
409737
926376
54654
18089
529501
434906
186871
56910
816668
891018
310355
737949
679202
244698
718994
913202
489297
997666
233291
868775
743606
144555
984217
945953
499593
779142
291826
846454
570707
183818
531991
408634
287210
385577
763367
540197
526808
149870
245263
259874
773338
988566
485980
380854
922116
162376
405297
813451
853186
265073
918164
919001
592953
182784
301410
818672
338251
275835
714595
114852
819194
666300
921016
995989
503780
376652
965873
78809
922668
193883
801723
642505
471161
472729
161655
558629
51096
852915
961317
507236
731517
665517
996415
800669
400167
30424
545890
981451
19809
3825
69927
441728
113956
106198
25937
639913
432026
715365
361182
798970
419005
131507
934400
8310
893470
660326
28326
457884
632258
713264
351731
514737
408807
697832
895696
344999
147044
82759
470173
409639
150510
750459
11458
89664
931254
93035
514660
318955
142768
586120
372340
119738
175279
220556
511777
922653
916140
715795
236397
475281
763942
245650
724637
13222
462563
703224
29578
148139
949908
804575
643605
696887
391190
10223
1528
328215
412949
719312
522871
53583
491851
356745
268533
355599
454118
625082
833890
204660
992392
7346
379730
522615
422120
955886
226409
153782
636886
307119
850419
118685
248091
952759
906000
935537
306686
540255
829196
540985
763363
544344
662541
794697
797775
628476
67813
249260
140935
373904
333832
758893
249429
293849
695703
662210
533484
10967
573914
829718
759587
385378
939277
369265
442973
546144
432337
578759
243274
584801
796995
501210
466758
482647
946154
667404
786591
459189
766026
13765
617716
388258
408405
776060
353208
7514
674113
199974
616150
372002
282549
89337
117615
721830
489181
4700
121855
481072
52253
771565
583517
99079
736481
74030
557793
515298
950227
860941
29536
50759
993510
462222
576210
156869
727311
724439
850453
367306
300372
690520
919114
39266
233405
65812
974109
837325
374502
319633
732387
541371
664246
663576
127260
223846
365482
669033
876119
874892
574411
579519
295093
478856
383550
548731
668933
931084
606074
841136
729743
6397
125780
14410
776492
707179
961654
289819
125522
928364
966510
376388
325486
537684
937378
641596
268266
628562
670370
86784
177742
249706
941782
704727
844738
952266
434006
996929
648626
698252
570072
734204
976202
626567
651972
203954
362401
727634
185956
329922
404146
526294
698551
345129
814212
161359
624037
191117
813356
170655
564620
82918
681449
748879
312952
747785
94061
598307
47986
339730
763771
609752
269743
582702
861611
970428
477033
857475
144267
287018
91788
652220
384224
618913
344710
936820
621258
712961
94785
481406
793413
808929
23341
842575
249995
984911
853942
669961
217559
163301
84053
628452
609861
154564
619586
513019
711766
886000
690375
949297
449359
506056
855792
742334
935360
721568
949983
49433
554978
930877
516988
259396
40794
127404
657609
237807
293786
819071
254355
672714
667879
468069
618180
905962
883893
271141
451862
925975
925614
709111
127394
613744
919057
720639
440407
191931
44919
730790
153798
310733
524977
178199
320921
303634
20238
753555
52196
348154
243897
903986
650259
503168
187774
614967
51715
898264
980141
335630
681518
549237
406231
319908
709374
808500
756214
685475
80450
818664
455017
276489
387070
612291
806364
213348
178844
768797
975238
583212
222977
895012
9228
274685
109947
369569
605699
884527
192726
149987
70931
506644
600270
54986
341686
902733
421150
468337
409312
475081
138103
783353
568505
954779
240588
892911
405189
933431
853322
704729
648037
448905
255973
971874
257719
638707
777230
666399
640472
161633
52545
567613
414217
364617
747322
239369
332335
863748
596039
87260
853492
274884
2681
322337
718604
314098
157876
396933
809042
570533
107558
753465
831440
365952
660
524838
812509
459944
577616
760431
136737
756960
1223
635548
727925
71236
680311
381672
417061
66399
936637
307368
53655
869673
973260
993429
93061
532640
521402
763705
355173
442497
903220
86195
141419
516323
592082
227110
323108
512625
98373
906564
662339
339714
285357
39922
274745
176279
551815
583513
347837
675568
490052
256265
828203
571211
218805
889865
603721
169210
4769
10175
565540
123935
78521
99960
556121
64967
445475
620117
51503
359841
31474
937171
85538
461850
904823
736309
46395
493590
37041
836816
894042
319564
97375
152819
927574
326846
590326
15024
476027
56340
507567
344652
968562
139028
59064
354303
528510
361088
46986
132263
515042
753165
404890
81232
514145
899259
819177
203160
592925
238933
936246
137218
329697
762695
444756
497946
127866
718231
26902
559743
653120
430338
872550
553554
18610
689012
852725
136826
94335
906467
315020
331601
80737
956808
147841
328046
698148
715259
996614
8336
16901
589802
259164
130019
885045
575541
654117
984690
892093
173737
493590
889450
919867
556440
865355
474055
436810
770641
77300
366813
455616
225089
626861
605189
30800
509222
58860
633314
343312
722796
727187
528655
30870
441702
16870
448743
60923
250410
795606
189552
242753
103689
284284
786724
37713
172649
740321
556062
682269
394754
952058
127774
494052
983473
546737
39673
612307
425596
238622
153440
790153
570851
458452
597002
212403
364383
848472
651649
194902
150970
70509
303239
391340
667530
503627
116258
854181
428683
716014
804427
197454
195800
60426
988975
309007
528646
670107
244896
459983
288733
245723
707739
283762
713204
248205
655286
485954
41960
453367
203686
504683
168696
948588
224426
873504
561920
364807
614424
972252
610897
938740
967106
45635
108777
272808
54021
267175
258580
554929
346030
584870
297182
233575
883336
380080
34099
805058
965766
475238
363926
825605
572745
415966
599034
263320
692943
892099
408064
84660
101241
139673
845966
904824
201656
191647
469832
924184
183955
11405
214062
547125
435095
638013
750802
875655
753499
41126
421684
113398
779182
827715
712636
326537
953120
818514
109907
72245
720554
904248
578206
307223
915066
354753
139607
370877
183903
494854
216970
537375
431054
334055
150186
398699
740047
354488
911822
304574
434887
997497
900235
580782
495842
409596
738158
592260
70556
57643
609814
729927
708333
841442
752172
444723
89807
339256
943105
624713
884269
705179
383618
899200
327018
820185
829274
845465
253258
723387
401444
675984
480257
152652
193803
998638
430678
825783
362305
115836
65460
919310
142872
242386
149069
697575
814976
547021
434731
374945
825950
956830
498837
909700
855813
165951
767386
642694
760723
206337
914045
272746
324779
426178
855357
672708
495818
280122
924095
424791
335432
344180
6746
899679
134382
30361
179775
946218
814
670247
291395
212896
937923
296321
499019
15012
324134
772705
619539
29203
613225
680617
963163
211242
94836
638166
653166
314244
22939
76693
154896
563200
407960
867952
549251
821121
245098
745121
202870
358543
959881
773895
676811
542682
60932
629110
286915
327327
982905
437353
639497
240612
655665
732243
236887
103069
952150
421586
843273
437617
356625
302661
233596
936854
636420
675188
541922
347160
961569
140270
292070
872505
424421
568048
587382
567027
155957
547905
551025
939417
5907
1179
79599
378012
354045
688387
665767
850536
19938
564602
340353
513006
987201
309516
30521
106173
787873
883461
426732
843850
475047
963395
216003
804174
477463
405415
238137
456462
343146
100837
645898
411510
736647
167931
990522
799391
931681
6783
196607
857008
283822
199632
75084
540896
711040
197167
833338
604569
911553
182950
522965
558328
132943
289254
181121
234225
257266
574447
946376
72976
762550
353576
253889
677274
106090
824718
246877
11858
667187
626569
435473
366743
459917
192026
416859
448938
812000
127793
608564
208270
459835
208988
200337
725576
695215
36313
323157
318342
813514
251724
434262
24604
286255
537548
972746
211049
346703
614231
332558
395672
155718
53286
713938
501443
303828
26204
17189
788785
867062
809304
706969
338304
27360
461993
806675
508702
777754
924833
754353
485361
530036
790018
808536
956311
660199
173269
734360
67335
319498
121498
915070
698134
693550
527386
810935
88150
938838
931096
103004
991065
565142
14118
656607
205651
286663
483923
783
187549
969891
938434
39115
297686
921284
149270
893761
655460
13748
99913
214754
468952
268208
377372
885284
195760
240382
894185
777715
20342
396072
52116
92533
403973
986580
234848
367032
310571
894785
804125
454331
409770
753376
358015
29206
297561
256972
146891
824454
491688
897064
963626
9817
849217
153748
263968
29554
44553
21324
622742
189498
992133
853725
313363
242852
373658
26627
440713
388442
463085
210852
723468
344457
141161
997347
364574
774534
64670
527779
949093
441691
605958
457304
808317
736882
606308
768651
563882
3741
560198
124842
944422
598336
831081
22857
326361
619996
173627
214201
807335
680120
641275
402883
965987
764462
31292
254786
567201
244431
161481
42970
799784
432244
884963
306136
961670
32866
82726
693416
166078
325145
941066
224045
722141
510777
556932
781313
472683
2642
877836
60169
227132
401094
109114
398259
972582
925213
576522
798479
616333
91813
904382
48967
441433
886660
364579
42429
958217
412828
289643
836607
431905
993369
19257
392041
341183
919578
653436
888792
582156
722809
599154
127942
244045
144697
182798
190727
742105
758283
796405
713183
422053
358653
440802
496189
904315
887296
124329
819096
470218
476052
536216
333221
397654
802066
970809
7922
912464
392917
33396
400994
301312
923782
253265
273862
703454
711683
609436
605524
249089
760748
576673
890822
712367
995401
103063
179665
438674
227867
905241
212288
144780
619710
156623
59501
875617
410423
537579
207772
13715
364832
667727
393844
475659
656941
687948
740699
375475
909018
45190
290221
859809
921587
943859
81880
843693
1599
748098
609686
782563
64842
571544
102024
932436
903822
76661
604140
587911
654589
175605
942651
128653
688814
554931
92450
222194
461217
174280
68122
809807
403569
276593
163686
939453
177173
300815
751721
467684
413138
210375
837985
56241
667649
746698
822468
420070
620024
608879
208757
198795
69784
264187
647011
238530
137907
609283
506367
630200
363223
394024
660055
614903
856188
475906
221588
326809
981062
815896
574860
803096
230838
806090
399493
541312
198835
5842
290951
975429
364465
152671
197469
699889
103292
725089
448680
111670
200675
151075
469599
603233
712835
403409
685350
34095
405039
650587
120138
581818
599097
903858
668759
443852
777440
885168
693270
602773
43990
948244
472039
641271
330860
893994
924790
406461
570844
120713
472925
98220
78386
184758
23382
165874
21209
766055
249819
847931
331198
224929
796253
616995
838947
795010
145437
157701
610370
48987
60777
946738
73499
55093
369398
161214
787548
991797
663575
175796
934701
874970
720792
302761
108885
697378
367225
173294
666956
989325
901578
220639
975389
234041
800544
3608
472247
228780
559217
253768
732114
383216
303313
988381
133945
394585
672842
787935
480375
476642
560337
269337
596194
711478
106923
196721
6143
424778
120028
903833
957584
482663
695175
709278
451457
199045
535911
243486
156587
333651
482984
424343
840002
225556
347747
686362
889570
981539
580341
288477
899441
858071
497915
985968
657136
894337
973547
26888
395684
539986
84050
858167
255323
237594
817958
282429
610973
98283
372487
231928
697265
435292
464215
704630
455368
112105
867762
905707
311626
82424
824268
117438
20732
509558
541862
324606
662987
653536
731245
310898
132984
842078
900719
219469
360095
291337
258874
148736
190117
503374
668179
653546
30909
632810
815184
874027
575767
709589
987987
149078
164967
756667
643683
467140
813517
893029
712424
548741
814886
347511
623043
547058
15855
252754
111176
840286
858769
101401
392345
817003
854861
876689
600160
503800
745092
434018
659048
426296
173860
409850
623512
496350
560747
663505
706126
256756
640857
430151
20116
682187
163446
843049
517186
462093
181693
525970
723120
504878
444132
383662
186325
96961
330313
902874
836545
641575
770746
962599
64819
563042
219361
393854
287832
363527
506378
203229
844641
645586
138451
245887
179711
972180
787759
181402
790526
87687
94934
585410
633339
136514
552973
894123
390851
946055
944717
145292
149834
918394
512467
806046
470917
756077
613060
874307
888996
855510
972538
956676
227951
34338
372143
591539
522428
283682
407108
945391
855050
276836
441391
107718
458430
214813
973888
510645
252663
158786
806670
605706
870544
404085
380546
500906
877489
202268
62143
324143
288530
519950
637293
361001
476686
910695
924705
107334
848160
297531
494250
814604
709628
114407
809019
831682
417420
916035
355952
938223
726661
771251
331583
674298
119078
607325
15612
527984
32973
527157
383944
367269
168694
309427
467415
749105
81936
346406
359389
731803
279678
966818
403157
919700
520423
251157
210158
15066
40826
652728
138066
67069
795201
537185
466771
950207
590369
759925
78517
42964
618348
831994
816402
171528
695203
715786
493166
690752
802571
240547
514648
581528
475114
450076
351161
417516
488158
99250
390204
133746
251739
401729
313754
52357
637055
472014
651328
1469
502292
226817
602016
51577
876577
826032
175185
503934
939245
243606
2020
50169
848529
279714
790084
797792
587705
466220
62729
283511
31479
983938
559513
728495
534979
627745
780155
46760
67731
50175
638138
446423
31443
947077
554866
934659
657986
531163
533882
739050
193065
604891
925869
378048
657336
95335
165463
494423
969342
158998
202233
808666
806212
607689
715513
75827
445575
348124
424362
974797
731345
437752
436211
458163
592563
353478
869598
286935
976225
490046
783551
562351
528490
154781
98111
150842
325778
170613
760004
156193
523277
736030
370239
379128
557082
601290
584273
359331
976378
178743
146778
803349
563853
763901
115168
688564
441799
519303
650009
622041
496531
899422
780758
692147
667268
532129
606092
213643
634804
428241
641087
40290
931451
297225
601356
476662
354382
223882
570516
730467
10289
717300
948865
43303
524186
656530
828150
517246
672676
718284
38551
489388
50924
24895
662386
682009
159756
671914
242376
103062
376754
51391
75132
159166
981916
725210
778455
412791
81330
731725
359798
664
49855
875033
728977
329125
596749
718650
17000
236469
634013
564634
969099
359156
438528
861029
428806
258117
810005
891708
469608
90047
563232
18179
191407
750105
803587
994069
999378
701984
822747
928599
980075
993956
998777
447722
175294
844019
643579
138170
581162
77309
93383
827827
775851
984535
383651
7508
177481
900635
572724
899035
771616
102700
582481
869408
891789
162647
619332
892926
56242
881108
537117
254124
482727
661741
769842
733225
334141
724918
847990
369174
999920
204474
887924
663965
236648
950326
877097
470479
23148
731070
16764
938188
812452
303614
270107
189787
820617
461660
504499
167834
187371
837112
113611
766287
246494
374421
363006
322908
922562
247633
622355
495697
110
3344
287995
5532
243513
796919
380902
647259
831972
258132
776834
178066
399911
645339
282129
740664
645910
801100
631077
725676
523568
999216
745211
949317
253701
393409
417074
939591
701825
671721
689126
568881
340696
368355
462637
433139
169232
232510
710638
39996
347942
913216
735257
468402
609822
80359
446790
953403
557290
29771
484590
994744
807030
686495
39616
997522
989390
101782
584353
547500
46125
734690
913411
110264
750371
701847
43425
238373
148578
535150
101268
930678
394853
509798
995733
173486
878332
167430
967760
427112
500409
198589
533921
92611
190129
287273
224237
22586
927215
866230
444319
861585
219387
773215
505022
170219
923522
561424
757416
321465
637346
493996
983278
105229
503252
877994
201611
406988
222263
783386
122433
434178
399157
554566
521042
601616
19412
44851
827352
24256
507419
174023
756609
259641
232798
657220
873963
519822
440297
919666
289304
927216
533189
925916
589518
22596
318633
455728
613454
376975
878401
460234
131758
299342
598035
116170
621909
471779
85012
707745
486035
497065
283334
852203
187611
544744
926796
187447
822686
881508
646924
39650
147268
215760
763583
862112
461641
261856
212568
153180
498418
648380
70862
664184
237739
786576
874056
284461
580095
792960
273508
269910
459187
218681
10916
692616
474495
12387
699190
887641
38954
293170
205407
28226
692609
24412
148163
859167
146995
87269
60627
10323
377036
450262
779155
601864
370700
555724
152455
355732
489572
14572
267961
91831
5708
576180
972202
512001
964740
564141
392339
227536
278309
27388
21718
554167
787554
627864
760902
849275
533473
3927
255952
258551
483696
449569
536196
230111
442469
881669
791940
651681
321303
67242
716807
144295
565874
688413
692746
166969
658491
446154
310101
273152
879841
676806
163494
629605
57788
75017
952188
147608
472933
431353
856897
626349
117233
20641
808788
80352
425546
508672
991987
100153
262508
513790
900866
18571
807865
131706
892986
585814
77370
681342
975601
767884
520627
212884
385153
39985
256802
589554
354392
515227
42579
785936
937628
598105
688867
46619
375353
868336
345615
414401
449544
917057
185272
20397
222045
190086
477493
298125
317229
108027
701525
479246
953370
91865
819824
243497
609821
517181
761320
30807
678159
895464
578561
648608
719956
753439
692954
700241
188004
434803
158152
29260
425207
157083
895118
824377
419085
466749
694842
389787
829271
971468
651358
470397
444997
135754
17898
276619
338797
913967
135843
902012
394069
271266
412930
504877
744605
288612
924139
207498
428108
406092
87432
914469
705973
431020
221506
136617
23237
239827
825180
692903
451052
525484
551980
336591
432806
183620
701750
731900
246757
605289
410022
614
205021
483437
252010
439291
438187
971274
453802
656071
915363
734751
784229
477199
461109
8217
143017
475198
991930
403117
25710
258935
20769
173441
446096
749321
564337
644842
88616
245760
573690
472656
359750
452440
436700
817006
323532
402253
105139
277302
467370
204878
710366
476434
396849
562703
445546
52932
368918
933694
549664
9262
333894
578061
343080
394030
118560
867630
133913
696993
159636
469661
702558
598985
468374
969687
767814
646601
714238
13032
929831
91789
409983
920162
652464
897734
75329
50793
547338
278547
20830
380652
821355
725179
784438
594350
573239
622807
854896
915202
386770
326797
32077
31061
599111
30198
506090
656293
714894
170081
992594
320656
370941
912241
411261
529031
960270
336673
839914
943777
846153
637544
90900
44684
738318
442872
715028
33374
446145
277920
62418
447689
658642
478289
697577
503917
921063
181885
691351
226440
620393
717531
342109
231817
951528
230407
502073
185090
381932
910471
366334
393339
917721
592873
163597
710626
442365
140296
551666
882208
288378
900781
972509
182920
583179
272017
900923
123625
407668
476225
986800
483011
362634
795674
626931
282198
153948
867252
110407
184213
408061
975963
135378
669818
100271
777912
848603
72371
158766
512079
266405
469306
424214
604450
9250
4994
134833
527666
384854
766221
4065
460453
9930
725531
503655
60483
33448
656572
96013
35610
996410
339591
936310
920962
499258
168547
621376
270523
444629
311234
181779
301234
314689
762158
299209
218723
919095
596667
59706
423128
857167
31772
331426
221007
561912
738194
707953
541561
997008
3263
730224
355999
786662
627033
580363
708255
694025
293178
523263
386517
445133
380051
616481
335317
859546
715777
546824
546708
501488
598456
723608
744422
742075
395804
277420
344609
254798
903598
50079
892833
188287
497379
889655
501990
463968
38609
397871
234199
605269
925122
677472
407337
111447
898347
782219
910747
730116
904375
190853
448921
67808
43196
962559
370176
719276
785039
997873
495169
240545
765747
723939
345951
497353
763820
20440
896850
103547
739250
328215
21710
127025
737281
401751
343517
404167
785933
921414
234409
412306
236563
405366
6166
533979
284619
703333
961420
47287
646329
456999
766546
685572
784163
477426
108245
881154
434589
499270
39753
982987
464384
951095
629735
241264
512121
748056
828564
145458
122045
86342
213410
159322
822938
345038
444527
725046
586921
586428
271467
60016
80160
993281
487608
601868
504580
546880
528810
175997
180347
251957
301485
258725
638783
438594
913478
625192
467567
909144
786994
925163
579392
814910
14698
101615
992592
16641
302664
313412
888219
38968
79363
578411
565446
423923
835862
70796
953433
284160
774528
2384
794506
22425
931492
826972
187380
475245
66512
11819
587239
165449
945370
656071
632792
886307
260263
123876
11065
286339
681349
518105
126884
121103
906936
495356
428785
11441
968786
372504
416230
250855
208827
922253
784270
295590
50769
620357
812578
822508
480936
111054
180516
695841
953970
36505
924491
996457
410426
545230
398169
346377
317067
888650
192712
920435
810349
661174
94306
615983
832911
409925
956080
168616
214976
270346
563274
34193
725271
474547
701902
171378
324019
349478
773996
248787
965917
531254
305949
447939
109770
729986
947251
866629
319612
333610
539084
785368
922567
40495
790560
258850
654129
554726
832442
558648
336563
237977
536708
422348
672348
594106
251194
384692
998293
941701
651009
95635
277887
357937
134416
792422
524920
854418
860684
638253
53885
750094
387250
8372
553962
620665
972590
159164
523996
271504
78280
466251
313463
81871
886142
37517
433219
6575
381676
413094
899889
460288
42664
589589
944636
475358
82474
971206
997803
767635
521384
804084
267442
479689
75264
348152
76536
656938
266447
345267
85492
745686
624607
841813
434993
716224
697789
480135
309296
615782
258087
84347
831404
769963
712228
908685
455096
962834
365870
859222
501445
943065
576779
679246
944000
234544
515386
648923
399000
87444
547144
837370
961949
773325
936258
359689
272196
266304
823172
849902
633735
308785
469872
599016
425577
362265
511163
240944
800535
499616
967969
954315
698666
393208
331769
609455
337289
882582
247074
553295
192748
317644
539037
561541
220027
7431
776821
122459
760020
554339
83225
392311
839532
596646
842378
383136
674445
538144
910255
866097
800509
849757
635334
241049
836031
387588
781173
903179
149107
317327
212926
992137
708696
723623
66001
129289
59506
146075
484796
541441
691335
161405
106686
246548
960963
308825
645689
745368
854843
23699
567813
130435
108302
218140
549793
396019
338791
519504
787652
866903
51232
539696
999378
800765
763265
877687
405802
832120
537126
927962
829852
847853
397310
774433
159096
559867
735344
337757
851713
662212
239256
48325
676737
220124
572270
644657
706230
684046
142983
59634
833706
881541
704374
824396
382112
399518
962379
754449
163434
370887
99003
37083
929368
649428
584928
658277
89738
88862
916119
437062
821607
596632
555847
176140
995814
474800
793025
498481
385098
450589
728515
207484
631722
483851
670039
810871
787182
345953
578265
848521
797718
865515
983573
782127
712372
84969
648270
478299
589306
650867
891932
618985
557806
895687
266541
697914
208954
852465
552875
781551
428767
17621
856702
113348
144586
685212
466601
417222
154943
787897
17103
468914
797682
534103
112984
234028
443764
671521
718703
600857
761738
742125
680547
23705
451802
58054
241453
227236
321471
32788
310289
597568
128955
241130
754077
830812
947980
164588
674894
260429
72535
304475
70290
977762
734209
848639
240553
269093
344989
585968
803301
358769
490431
228096
745104
904235
498415
809480
473388
889886
417018
704398
148373
397495
336226
243152
673603
458009
68661
149808
64108
546718
858235
295163
207494
493164
190409
647511
586666
775919
791346
221001
884180
892792
20509
462177
603463
599538
38514
433667
901261
299196
615086
294354
951900
521384
696919
387194
516628
725776
778889
852890
21925
722959
594222
44237
751438
797987
501836
273684
377920
964125
860472
208225
884065
663746
851816
280322
841644
688642
419174
329320
757237
928402
643873
626900
227658
385896
210270
75357
963062
421715
88843
946528
619423
278068
751476
947716
898255
516573
859086
284136
645775
869572
849905
617516
945583
285923
397027
38553
789539
485808
796751
84270
441032
883444
711829
893576
349572
419082
233083
76268
15114
64951
907777
78260
914813
756384
122833
415701
750380
46444
802005
21449
26556
863287
400547
721629
609507
965743
499540
75417
247888
880207
275634
965063
434281
654518
674447
519906
930796
386147
818
838237
49271
514895
386797
589324
375586
921063
151946
486259
776778
339685
363684
338410
435433
840522
523793
904361
855777
745338
69309
472054
844824
353140
255314
54440
291132
653612
205395
23318
555175
717190
949064
751457
412638
798001
832276
591323
768436
580382
54050
434835
56780
341212
835006
766527
643643
478930
496192
552196
396300
351384
676578
15204
345565
470578
949619
484164
185254
181737
360997
473305
250138
742280
100480
813679
364006
384880
866297
829334
258774
113112
463453
775081
663831
342117
113576
674044
115223
725922
428850
736673
510408
881564
779913
326999
689796
69597
310490
439632
434955
345667
828936
720798
188135
673788
317535
990201
141041
267167
157730
419183
788716
205866
291072
255208
734734
408148
607781
416917
943199
191631
769773
749429
66683
514524
363060
714052
982193
207562
58505
586880
584718
789900
857729
615320
678580
685366
489895
781108
404899
772180
916689
338459
664666
191399
108686
16837
162454
788669
274299
126462
496249
450924
546357
42420
505670
671914
722472
634269
112521
550476
536198
656903
144724
861785
870420
958653
421027
869003
718430
933779
778273
857185
377867
824399
194436
664291
677835
76404
7123
982516
210732
293740
33991
603853
959052
471761
107087
654876
598249
13784
492398
909624
798933
386970
723264
755391
922565
511681
499802
935886
819400
107915
695438
690524
178068
911038
279245
83123
718011
256489
563304
71756
414397
506962
712623
294215
264248
815937
701562
601796
135611
567144
258118
282785
914104
684653
300790
859600
229975
672342
705275
501011
890663
456912
927503
450711
75439
553116
440795
878954
106915
923351
112761
810459
998130
698212
461075
601005
426556
310199
150506
247543
509921
934913
655539
912923
112373
181555
511324
183073
991696
821233
563884
791471
230785
194454
485064
674023
144674
823837
737809
870429
869062
854258
300779
177587
637647
314262
731161
708116
674781
906281
754180
127881
931297
537111
956443
949563
16399
526114
934675
597894
962610
658439
629392
520245
738393
240976
450780
238304
862959
568565
281171
152479
178216
747504
230690
325162
541336
480348
150948
512335
859998
933833
944235
330638
378173
433374
458848
193044
270666
320811
592258
996562
157761
371531
31946
954746
729843
659122
934639
280790
573787
812249
56773
422469
50062
378563
181953
252178
488080
382378
633879
558642
939331
68939
420804
77594
95994
160587
18792
761595
379627
674565
708427
300379
789955
762097
870144
798033
655380
783538
926438
464733
874217
73723
248843
263585
597755
980703
79148
808384
551036
798709
711256
881106
588880
188004
90419
434881
955675
995473
764181
4803
267061
170594
838930
479284
18938
105325
279125
781135
815359
74242
140133
467465
863647
302929
550858
767562
526771
722682
486408
358408
274976
497520
451274
687426
811529
594120
866714
854102
479077
96548
758349
241792
11052
416758
748540
292272
286700
66227
759916
969927
7672
213398
271759
464429
446847
437582
395172
180049
61818
894534
999929
390206
121343
365518
601425
367319
575795
514347
304672
645743
240605
718200
329331
811207
561813
691254
74028
621029
464347
865272
864683
881229
11715
925668
445449
318303
785934
451942
621182
918028
694805
706807
2402
685750
301471
722373
219344
926308
678481
518528
195751
577631
1221
206017
479658
880491
955251
490902
350791
524133
134155
402542
528757
280758
167077
9246
393142
698673
388368
508686
611260
511759
913927
346947
429992
952388
393858
562697
690541
808765
893096
241724
865747
274873
120481
646003
765656
116033
411274
789258
759409
335429
199554
664011
791278
208533
239713
90488
822395
841401
991049
700984
348866
16877
655700
34652
384878
598204
898669
271180
38347
433783
989242
28178
982601
614034
250039
196931
388064
628956
91358
615557
654093
515674
597570
184450
613562
300606
350140
621928
550587
16521
884220
283225
42549
351034
770817
465206
178585
386289
510883
912451
235214
316517
5069
813495
583277
631359
821513
625635
268517
167313
257204
957948
490943
64694
790160
177991
151485
338246
189112
571168
892635
341494
580526
106406
508599
453515
245648
153670
868044
167609
396074
59491
838938
869660
907045
928351
610594
359826
815836
74505
755597
780147
474191
405795
472684
621422
456112
208974
641946
962625
844379
869524
298750
433812
989283
960402
185005
49267
921223
167040
607980
688998
570372
451487
564819
175919
470084
787582
120077
82144
294260
384744
349435
531734
248627
534509
462392
738902
445478
693963
645239
780482
398568
616954
565833
408951
870495
604561
969468
203206
451498
371736
979677
348942
962934
870123
699101
538739
28656
304583
29457
577981
694485
397108
55891
785807
258853
709327
293574
232705
836469
264179
966903
504477
105444
366852
527840
168627
859493
868695
590598
315417
242747
454593
234178
28483
870020
878011
899292
69435
29996
321903
603602
885244
986562
63137
791993
56305
987431
533501
702075
187973
836643
991801
451838
66278
337297
330662
803430
132508
156859
148057
901296
651904
181312
8240
446463
353562
255090
161091
450228
372699
843836
218089
834934
441139
430400
115620
904593
362704
947199
231786
334202
752437
335602
123856
457905
764338
692469
662357
277311
129413
919779
263049
123551
152717
309757
808217
100409
97895
956867
249527
808905
850280
21413
498026
206430
155509
905619
131311
642175
700929
759345
612939
729512
810084
171174
483758
103666
802645
292244
531909
965904
830084
253282
614813
499061
808342
356788
317999
617427
533630
63548
391628
154111
717493
131114
657638
768369
576533
163135
538424
936103
18840
956159
98323
798056
87976
596165
445831
261030
929570
172464
893098
420477
274028
870203
542024
22104
797103
84779
738599
185074
340787
293089
838965
192122
441686
206927
933968
597648
374249
681799
630834
971501
241895
537711
747767
566623
176403
105745
741005
969201
984045
126159
523959
965545
3344
481844
235197
414698
288939
523749
318772
209210
497178
670454
186406
967198
573408
191769
911389
87202
883715
61233
363537
551221
417860
704132
802475
706864
884090
687439
57525
331895
25482
313844
212513
703672
741573
628431
721395
798481
395742
735526
791563
484366
178054
14718
123347
542608
352358
477258
431425
650697
64121
888895
351049
478371
329923
439939
839651
750656
55793
177027
570932
450332
305614
521060
764188
192015
744928
18257
341019
125231
820765
170035
973344
438611
316109
272191
370672
424818
255101
503784
358703
257321
870365
176054
483534
986651
712503
306671
411474
832627
724940
938929
981629
421253
405837
667233
121819
819858
51379
77694
942186
140586
654587
133519
5543
645676
942274
757499
898097
636201
382968
391607
297692
251047
171396
817049
327637
672897
484532
473100
230381
956395
245023
554396
187396
756244
732826
412721
889107
988708
565651
107993
952725
269925
935565
496062
791571
476990
768632
109879
392651
465497
242668
697657
518396
130790
630082
584750
177745
255417
101775
470110
355047
853391
657918
63114
77949
415150
48841
82584
254071
575146
976660
202024
718799
521091
291430
896580
109144
373804
232004
255542
942128
154215
850732
621620
800130
164107
417259
600247
761141
605608
893915
797610
537141
783617
753533
532733
513500
228087
40175
8664
610300
901895
994506
636973
237516
211178
763610
605350
786988
873691
936250
536190
551446
38773
165260
435820
131427
347322
501779
436857
240759
89008
938925
59890
888907
510757
621104
730874
843605
513300
273119
482743
381974
736928
419912
641452
123456
324605
425278
80231
204097
257134
816879
876305
906672
497768
554081
298979
746259
133782
389197
149304
257355
826806
118424
698301
875036
702881
989930
125060
675421
469159
188077
448120
30328
768088
82276
605867
452831
113504
985893
16907
271628
817674
89909
534836
775730
354981
877630
228383
983685
737476
789295
420855
883747
619614
546800
539788
527262
507478
676225
985121
149543
860118
710126
704159
427416
523988
610161
118125
390621
296695
771236
125527
253696
432018
570209
510123
303952
669262
222712
135779
65582
557607
699532
119292
520372
922509
697674
40869
983234
519402
655879
846227
465254
895043
54325
45489
247783
803128
906882
991669
146287
697189
271694
499470
70802
171947
545158
463801
11711
751241
185570
439923
632386
596771
580855
552585
153843
416933
2233
380171
346239
923137
276049
525343
429712
981268
376407
430513
792860
581990
720173
635208
261511
798416
837111
612404
474870
667128
148602
814308
72433
926648
805840
612052
745972
712669
334981
68003
785747
117515
79506
599234
705671
609726
674419
498312
223833
605611
585511
339299
382313
431365
720708
898410
226523
673563
652468
907469
608799
91486
871888
316654
776348
199425
213335
945160
101497
216249
374027
350925
28232
592100
340392
304463
641870
369926
239170
863060
675763
607470
387834
357004
596355
829879
772828
710238
846686
62570
311064
47454
84802
318721
313563
360860
823667
341318
631370
772566
190021
303386
40667
132493
837126
200338
936207
188404
826314
611068
342032
212485
398227
160639
237603
946671
568669
600224
681417
225962
519428
207777
86776
789802
349139
799492
909553
756657
836202
848557
805502
844863
284555
414757
55242
949797
91713
27259
950172
824760
40749
117445
144753
929952
269934
434628
708278
349456
744748
144485
65567
348560
777794
255460
450983
940853
16582
575051
640356
655091
182069
743257
854214
639817
311488
331133
895148
511130
181229
253633
417058
184604
840748
432516
998779
492585
264503
226336
450952
837747
592740
867562
355570
595285
129866
546839
92345
451268
622094
914427
300489
570852
437065
889069
767030
863351
930967
844039
717525
950256
954367
704970
618486
360934
285370
88414
179969
360676
786978
624054
638380
317725
361464
916050
785878
469436
779282
409566
861123
688794
793183
218872
744949
476105
740888
504399
520803
399821
666181
481959
501656
300202
224553
870008
690027
79833
533260
653494
987607
547860
743395
609132
832694
62801
176477
974402
93151
144587
641612
355037
118232
270459
806767
517157
246970
511398
790040
287970
392480
387984
274302
844608
996299
790670
572833
195953
151126
485369
152022
594481
792912
457278
117934
337125
855099
214739
732359
540061
661216
170372
78318
743480
557901
490347
50351
646375
734701
219006
725564
709258
210178
393410
388342
188982
788609
299550
804634
173336
936137
129354
941195
342195
968194
463910
315832
676741
275471
252135
421161
190471
854767
359916
220908
920276
402357
535727
449494
670753
720930
491479
43000
911274
447900
510378
727712
394542
628941
373343
540616
763024
609819
718481
592416
720927
700095
181136
464819
559087
158660
37266
926264
747302
898078
895047
718328
336403
4709
520778
734166
822456
595372
460851
593408
745512
742210
658313
448881
761931
426309
590997
592224
227327
83933
131729
255624
163161
199836
924416
613141
68361
12464
535959
768744
79707
328003
31385
689031
427546
52784
53952
704100
294863
544609
135767
508488
999
605385
389477
901212
707186
950651
209219
20372
107016
289382
129743
713529
255238
830253
375545
206225
277430
639463
213946
900908
255757
541040
439461
194382
738957
403178
492118
751284
557835
481748
979270
85957
183755
240388
178625
849942
773127
885636
53102
815322
798671
127431
916237
527525
453898
597127
574848
74395
890266
445244
753408
219641
202078
947386
792880
785919
292625
163432
211982
94009
427343
858456
750854
860649
39416
519624
485537
875411
568941
810292
237274
357797
147127
663894
325969
275520
264584
590012
499481
699239
596569
330371
249772
28803
907890
637301
378046
90320
422216
469821
150062
490088
755200
297411
191065
439658
626258
104
103305
755783
896137
145631
681419
468585
605542
667814
832031
277567
590628
754656
453320
376553
233239
940625
761410
552253
555502
785269
983635
500916
661015
767997
810874
308789
324097
878183
133892
137659
549629
69689
763134
575077
515262
226329
260101
304794
90431
523916
794169
446102
897028
582217
75664
854166
174392
566393
404998
363228
97077
402958
844338
423263
32227
567229
60020
663699
428151
759897
363595
245456
877597
776910
770179
847394
484528
10358
426827
779180
240806
326043
461029
9529
774025
260874
194230
702817
528224
883984
320125
798932
470444
895380
798945
110918
679694
50320
869154
708087
495238
137197
317554
713181
636246
210107
601565
301041
41093
77194
505123
826131
954047
795304
180710
491227
602713
97079
264254
194621
78771
829737
597802
389592
64951
580315
600802
506203
162621
640779
362184
638356
623761
787704
762492
466711
986188
462037
698958
162503
217758
911145
257614
674372
711406
124486
397952
496497
718552
948259
135532
463648
420053
283352
594577
690973
924473
363766
893562
703892
508949
40129
780648
310944
30396
599948
571438
40624
11427
372719
739676
714776
969634
113510
769299
64434
860119
418249
859640
271279
742313
506915
954628
174078
482282
949426
308663
647702
167766
378683
208492
550692
350968
124359
815752
567308
314156
692797
153932
426142
156735
112477
906122
773783
970802
677847
125173
923793
103390
157702
188689
68808
180017
498060
813257
372361
283158
48202
429087
392761
662323
910524
888702
89663
434060
761456
794155
623311
376709
999009
888858
784660
342788
190388
477149
341049
404597
710414
303927
405013
816167
293456
470031
255345
980
662640
629952
494134
293246
139125
741197
610488
399220
638927
806002
336665
109556
135248
779477
813851
479146
374859
726875
696390
598999
335623
58008
854322
103757
17504
415070
446962
314070
199547
368502
223837
288628
366884
745197
907962
353476
302662
459909
721287
670524
747974
651853
418086
233427
473980
945803
271077
987712
755662
828181
921768
21274
91627
844799
130805
422558
268769
668462
248092
268239
33820
226123
177473
836728
899516
717140
711944
526861
938577
984716
146203
398640
385270
439187
491547
147215
638023
514064
957856
255978
321024
304458
763375
182066
577523
560214
646711
171405
994726
138219
713736
106038
664839
174929
74001
432834
747724
798072
583508
567741
471531
196901
73064
653747
891507
61959
446122
901258
177734
313256
700226
745036
640563
159679
646285
799939
733428
129442
254700
185277
709313
840792
750056
106736
652430
196492
374528
87158
757224
709598
234898
743481
58664
465940
622626
166570
378833
712750
450953
658282
864908
420887
509692
796492
960189
557111
142328
475890
798401
968870
204935
954643
284870
542010
179186
966687
860168
746049
214724
850553
689316
647626
634422
339107
818970
394334
450876
702200
243236
96460
381483
822930
596269
624482
2629
963595
821680
997752
81955
172833
886766
171558
989565
922931
1227
361941
370201
510440
990662
872371
184270
126959
727443
775360
186228
645216
548311
722566
529323
945602
862208
796389
479620
318950
737854
635276
11407
675056
953633
374020
430146
696437
535440
370918
105282
846464
879907
657773
73041
936751
301854
222374
496021
156731
766283
338564
675841
269077
825395
390736
648866
993451
710072
240189
858824
206793
874130
351897
808975
456989
881252
222304
27913
402771
643962
664683
606601
304607
77986
188166
386511
661465
213412
704991
926923
830913
166686
72601
723280
772388
832321
760320
36246
128728
822114
367255
857579
285345
547070
908942
590584
454838
840205
432528
516076
521757
705665
504504
544519
690611
181531
104675
27333
244360
708586
72480
50533
807207
489378
649988
34644
566835
886229
705179
923003
783404
512848
895993
139682
583121
883605
546606
470847
866272
23792
287383
477471
642041
496952
293009
195888
130656
9636
577481
667881
880161
495367
448431
208598
891470
916521
132297
579523
423716
201860
52004
161604
783884
573912
808869
708320
448061
631275
10493
352408
386622
487009
311419
924951
746249
508659
881083
243575
974796
867087
411708
91309
391753
512140
485776
355987
302684
266504
782700
632273
19357
979681
602591
81511
300891
46220
19104
183320
945033
631317
125311
179126
499893
900275
449790
491463
571187
351879
256249
681937
510424
693169
716288
415367
532834
709007
406085
579280
72629
311059
980976
157360
447424
110464
21905
654037
533054
700673
993517
377728
721113
281702
415097
642638
233257
58172
187685
351459
354905
487623
196687
222130
280362
240862
563416
133610
14802
140900
21716
37760
394428
5726
466459
673045
250675
689078
46332
799045
62233
962315
302289
235660
440209
339507
995438
822484
789821
107022
319539
7903
457761
316488
83649
390029
329126
250282
282313
741643
973883
885406
482624
61720
752982
153469
683439
361013
1368
824598
917478
484073
622415
444926
641233
553134
38293
680527
897762
665147
644885
174655
338798
163439
435758
141213
130452
574935
799088
423593
63703
115356
195203
756049
129933
124108
644518
334468
454513
687043
852053
547061
390867
965301
893188
190702
68399
92891
417161
45390
149274
913016
4118
620897
830296
6215
922467
489242
900683
385347
520234
524975
394822
121362
195340
225809
754048
583951
437777
465287
789092
333043
151373
43238
519237
853663
641374
324143
360367
351368
285841
579397
448473
486719
790628
141193
32246
710684
479590
791828
595818
922823
622779
347472
739738
266850
127228
825971
573980
655958
209851
493402
921742
992953
448483
734334
592514
806425
50750
411029
131927
883176
695249
489671
949155
702915
412194
654475
15308
575072
256090
455838
632054
264788
404997
190432
435734
745151
961781
206155
843237
799061
592839
688400
100145
127177
242365
322960
237901
11224
367242
329715
879209
212335
720493
946985
639996
461817
508341
396987
318685
119113
615970
324813
699122
963553
322028
752882
31231
520733
139037
55212
824096
167615
758681
715711
86546
999128
21630
361904
774763
393679
601382
265759
15146
202897
934537
490430
447081
819221
222848
865773
301423
753034
25572
885556
395746
237920
804757
988444
192601
195440
299799
846826
519248
677769
349398
659833
343413
703000
885706
857587
115167
486643
677045
800619
181214
728898
29513
422042
833901
979210
161768
935413
565188
825047
556675
962087
347082
664646
108451
441584
601576
495917
650310
282458
575609
5671
61857
960915
932573
440959
750853
297196
82733
604792
637468
25581
35144
607478
196690
508050
575244
704077
524048
889831
961441
854565
518307
253243
996911
595206
893371
610820
454256
58630
825680
689807
978207
168140
628895
620961
713039
307904
6739
194160
113625
680849
199422
815159
511150
347682
39622
702778
224779
595858
950365
529238
604682
594854
155304
194115
881812
523350
187969
47978
852596
737969
902680
602269
465287
133293
36724
519607
121488
874703
143383
639058
473960
374451
946432
125726
778130
875001
958538
760932
593004
893196
479154
290264
666306
183312
155446
661140
547389
694311
214872
196983
411961
375456
944002
679449
217140
497278
73283
417769
284129
697248
24887
819814
375709
842642
870149
388214
866617
842671
518851
774438
886197
41712
704500
892159
527374
317398
92529
680897
397423
632112
83109
452351
728451
379465
142833
455831
847914
674610
629233
5451
325705
173031
35414
481921
445500
332065
1714
24147
928295
918712
578323
663060
502890
296050
524870
930784
744690
936428
227069
335391
734124
72035
343115
924502
513237
962271
531595
914153
474926
56510
878945
219185
813643
807193
322904
37814
804489
367381
940331
23049
164255
339592
627295
524161
458638
644485
773581
162192
441202
798214
177534
154689
247675
65909
309871
359376
70325
122199
709235
174373
221762
911765
632376
152687
562858
826089
13153
452761
952073
310433
922771
61420
451238
759763
403916
67073
337508
216158
243885
603169
411602
241432
498264
222395
696861
656089
961396
281217
572133
152291
328909
818015
380652
26669
83289
557272
928555
749386
521621
845311
580799
548347
306446
748496
473089
14990
526204
710377
2675
43568
628489
837736
684949
810134
742383
415650
6296
722244
376446
969532
96746
639353
375293
197290
328752
669239
310121
99010
172242
178866
188441
315196
424047
856149
658817
511688
746417
567083
46293
960012
801020
791344
886405
656953
835200
416821
718823
194441
38382
749674
394739
946647
913928
309643
333095
699738
652752
390634
75083
689279
119522
192917
723727
583907
936798
166307
162256
896234
537021
862432
505145
835839
977797
840274
73286
970088
748759
80232
267044
492740
298214
999358
267317
299428
49154
913999
661551
324676
190930
20024
441316
473957
891105
408677
328924
280968
492815
381978
657950
668040
605095
19104
327694
546325
232465
370314
17328
401929
74526
70883
938442
871528
927681
370613
464040
707833
227229
410552
545657
535291
538233
463958
139223
477766
670865
100823
112100
526528
447622
466350
587023
814392
586485
715167
849270
375202
255652
184395
458662
324975
712729
631322
482877
512008
436293
345347
183793
627752
446750
801339
535145
324436
115978
379063
750857
874551
187383
537056
859147
774110
685191
870035
407177
249740
457449
569105
617047
620027
603523
178378
165132
963312
437195
202241
307298
150585
335669
526811
727475
213382
450502
717450
492899
301346
704584
551121
741597
461772
494166
370227
386357
302518
579479
972924
37357
1113
217223
139691
257363
906227
455153
519098
282632
931358
523705
59788
223131
919438
59797
227250
769939
459303
892124
592666
882060
344889
442807
49365
146360
695513
914292
730820
347015
582365
406969
445854
777953
614963
719509
999711
683472
905886
707314
886800
341691
942415
126247
105904
198477
769116
43690
813564
527413
533023
882339
618336
297158
663278
420827
734330
750270
478770
734675
859719
619363
709990
174065
692140
644553
494574
41877
298339
934577
562833
566730
974720
531340
886677
561241
37151
882717
221878
996599
905644
627644
843586
682398
384847
981110
230996
190777
475506
891154
928491
548408
990384
664942
297766
895492
176219
340744
975262
265740
495466
257178
173408
316222
85758
916636
46341
339666
117519
619565
27184
941184
463543
555404
235236
777106
173531
971776
886911
773011
304306
592984
26711
895783
738611
435597
399088
320244
766751
448259
813783
114366
584680
785006
424478
643729
953597
119698
196531
205271
846067
330658
17119
643465
145553
735306
564313
258562
418808
267080
809604
677936
80621
131829
668684
69731
225349
218146
791640
526792
483180
452381
415532
485103
422801
75731
868895
726983
628210
846287
457779
273516
810303
175009
92886
841431
653229
673626
721332
295156
16986
652403
817399
521681
290904
154765
78748
154546
256153
125843
975219
63937
387573
402939
541363
454114
646170
213548
260087
201189
134864
457658
838105
242005
754535
791564
313130
668205
249216
253791
650763
656554
609078
997475
882091
395708
810791
813059
655901
327126
684642
429378
880660
895525
200047
312449
719486
77213
111733
735837
971259
111278
746572
289845
206521
316117
30176
735881
80622
102800
294718
123581
397744
258538
775678
215549
81844
575540
701133
611836
219809
744340
381654
600085
875088
956215
641229
386066
38883
728610
924888
576650
593855
550950
899226
83620
341671
42610
162908
467194
914422
968258
508826
686938
374521
698421
689512
273830
702375
336253
132095
979675
621117
823728
290281
159982
478266
929339
80068
341522
262260
235765
992118
448727
300502
835345
752877
161900
895543
891118
285457
111365
483927
88201
633033
187479
915448
392082
712743
251712
777303
172508
177137
750916
752197
561261
766477
244019
244455
635829
745160
560870
804166
454044
807555
758695
740052
7668
42874
103344
595836
776334
785330
643404
32164
761832
13823
462043
502658
636164
1007
482993
325848
158035
382231
884253
987597
758800
325687
969158
584298
743338
823180
946673
545005
800985
535411
248224
729805
585106
864565
908693
683532
909845
105587
493045
93682
109924
296111
655111
116779
820942
372340
876699
996991
29801
557796
963207
508585
739549
191388
548365
72343
537373
637189
995545
895742
34161
940794
364581
126998
965743
427729
950719
170873
912777
538568
20835
281556
255615
329102
283138
970887
601077
346347
576612
345567
705951
509388
31017
508333
38616
962223
727787
727299
947219
712039
641535
312970
184872
649101
873499
203139
362192
130115
900561
334552
323500
558182
351865
140062
147263
568527
128941
820458
569853
448262
28334
161997
783163
827589
207397
764845
65221
786724
321667
810625
731982
919653
284169
64680
120962
704734
70628
524647
912568
567999
117552
447549
529667
981631
629085
164581
445032
593192
2351
9384
538473
585147
737887
852188
500480
682049
90655
708989
641895
303791
233979
114213
339668
896949
586331
380971
232771
425699
268005
656470
899947
545720
917311
426045
866386
931337
173298
952572
467772
248715
847274
222804
318847
236029
503257
838368
362418
321908
458044
278512
227908
639812
545078
733700
959080
739848
489496
404519
911726
139279
460866
241189
149165
891427
721571
551466
204125
979127
964635
325560
654593
872876
747714
8708
947905
197824
886530
42798
999637
286036
235103
267164
823454
589784
19671
330866
859215
322773
966117
976943
923144
697238
236767
293543
433987
206388
217087
656664
284519
90621
63422
360172
668474
180864
247516
391883
611636
726968
479101
876057
270638
32211
312301
459795
590777
338717
228868
365313
143499
443278
505701
290329
284245
290348
766944
510704
94320
100382
879927
354525
29557
817295
999678
161260
949163
68603
503644
838396
428891
622361
636398
922678
248192
243429
663370
262570
737819
948809
642592
331592
53155
141223
788989
825591
938264
624198
170793
347029
310968
713494
927089
345164
435147
223329
774975
609485
489881
821265
916709
279724
385852
769432
842168
418776
668816
520447
147417
668213
86086
837839
688911
31000
169048
228630
193936
705054
384727
361622
897183
366185
361504
789392
633486
151097
183341
641896
676325
432739
965191
527285
464219
36464
744729
592807
91329
74196
979552
751445
259902
683656
384703
474275
398197
267079
901039
575820
457091
233762
687572
959122
995236
30721
599082
518655
723445
414647
708126
584470
22548
572160
115385
544731
27427
670874
988663
970108
418732
752061
331446
900635
51038
576375
275978
710777
530550
575784
686509
608256
35961
469464
439444
737197
885597
932528
124957
417240
996744
303196
849059
930529
689968
584570
96500
140473
420897
386175
724506
701514
446493
263911
523158
924932
927645
34070
39851
654533
738998
830288
861910
10596
339351
948626
554779
861019
53871
493451
373242
589454
29163
698682
801857
950140
250461
757733
825211
501825
481080
321971
834374
113413
560888
669415
571138
142277
204190
306553
538917
274108
699609
142098
661740
190509
527872
343012
84460
489616
211836
492325
552903
764439
140291
756582
878841
25179
659903
131220
67346
731688
341261
298313
388862
512161
75104
789776
615488
728018
406470
613812
876925
641233
277379
277059
505013
982415
149721
919460
244812
482560
897193
160274
34694
527845
468531
634676
50002
588978
238842
393627
423165
568993
634691
619415
259975
739219
636027
29494
936019
695646
37048
503578
290551
131127
757144
596598
860084
947453
510150
897509
533567
111648
24731
4327
948158
130796
764320
976824
6478
895414
170866
718095
409089
961825
14911
162480
691941
896525
969708
444526
500223
907486
897113
704001
205591
35748
463100
997503
880621
658668
196330
512123
707337
428194
908724
330103
952496
10401
774190
828166
357491
522777
162379
728899
697825
529372
636964
624295
440924
369477
903575
282315
843465
118789
419148
180539
42785
4747
606867
729779
168997
837136
917673
523321
68078
184380
171354
911062
406818
502008
924800
109106
833346
576273
750889
700683
709665
909253
857687
20242
938032
856622
923552
604706
611892
633544
621430
786078
318872
383009
327937
376549
310814
604124
534248
496309
258225
181281
253167
291417
8599
99493
499707
37072
236354
690705
323760
725244
74757
830162
413243
373763
439460
344124
197227
899078
19332
379227
524282
115260
268353
474008
609834
679338
889695
649605
335243
463105
430232
981637
678745
399124
667987
70811
697858
688820
750646
411661
621956
561898
315730
684340
332085
592848
716285
54243
328156
870476
868797
142322
188157
435690
924000
634342
388659
525397
18473
869630
989173
903730
310309
820381
375355
694425
915739
458063
152121
961457
614369
500793
19658
167975
884939
341730
357864
635083
894911
240472
543512
123847
455268
222784
246179
405116
201721
712318
988286
67835
736194
501820
907659
10780
152924
396251
8440
563071
30642
596340
296837
641309
634440
430282
386980
683977
971125
365838
526009
245257
91885
22093
612865
543627
65788
249274
444046
701958
862415
997588
682544
916590
274349
631603
535664
371667
138563
90101
624822
408599
86108
918975
744458
936906
481903
219634
597751
680612
726098
536684
897420
46942
813837
65400
651260
112493
524361
380627
870629
56284
543592
384028
231213
651525
901486
425495
218825
934251
662236
704541
861784
825783
494237
732516
962155
119821
993370
847207
653096
958603
646376
808178
249604
755678
733537
853388
202477
878400
523472
184448
65098
292242
700678
76362
444890
922705
120713
989851
29945
292024
967148
924617
12929
603955
207418
925270
571981
531515
56844
232988
966425
995922
923898
441746
539397
615325
67566
769405
239288
909849
229332
483701
716641
960251
3629
59090
723673
69032
831107
538420
9061
834446
832631
234412
143575
295133
450102
63819
787475
312486
85386
567172
845999
431438
468045
770624
421236
54126
428216
638463
313090
850379
608345
298662
567759
758637
224995
978345
755536
644190
842015
283477
944432
249537
927361
874810
95613
932172
755285
874036
571938
464739
140568
308118
459023
745042
798627
493234
726325
47591
826050
795078
267693
944938
60004
142406
66744
545018
648682
465921
410529
460934
482082
472243
665215
309860
864013
486120
960151
56977
465756
208200
416798
571142
127418
42435
91419
72307
806403
80857
873451
217435
983186
510662
553438
730891
189239
189641
321855
424568
773960
229072
121714
673524
495758
761346
260597
527117
853792
726440
472328
800642
441934
814841
841641
462563
508340
14464
19961
503044
704686
328876
11770
539229
928042
882036
72762
684545
950616
602853
905
75193
769087
164233
716645
796733
936425
736566
777911
606478
578751
476784
939318
724595
299887
660092
63402
411085
702985
485186
902091
161561
913897
989597
578888
433282
900815
210307
77027
499617
931979
215436
238201
214994
23955
138401
350048
730292
510519
639810
461673
802236
598571
185459
476036
779062
437699
19076
740035
885466
72510
211452
457975
287175
137209
417825
721718
849759
475012
742759
274686
837566
460882
502963
650420
626775
34122
474314
370693
301677
336506
404890
889838
40492
73259
119333
388502
989858
977551
86086
530520
865373
360855
434530
186591
932897
852769
494252
583595
802438
22415
970516
859888
226220
464947
296973
425245
939292
998310
423417
289466
683517
89464
384180
716394
361392
20289
885178
799504
746120
45206
936566
180302
423529
465688
309096
792297
376956
29734
496177
421448
347660
426802
191102
719707
881216
442417
885007
290009
514613
2028
924387
648929
41911
240372
736898
762114
840989
240498
341542
905558
398142
448860
909767
423049
291795
568260
325186
678136
538027
260875
566181
556532
528261
559346
273945
110885
224781
931921
205997
265675
379638
627232
833083
510432
863152
968434
155449
129882
87367
491010
198942
541580
390744
695398
990382
407852
917168
494816
883172
182319
586946
569940
971516
286032
311749
551827
76314
96944
360040
477973
595418
751768
41715
566342
954421
424474
576763
847991
155276
380757
379905
163381
141396
311446
674025
471415
898271
426396
18066
149488
214531
816052
45782
635589
667113
497411
944415
413273
545844
840354
177252
964867
593099
814883
217599
596897
62021
338738
889645
593990
317232
120151
350113
757838
505470
575320
715077
847187
340685
165564
245006
466168
841169
211818
763258
271842
231073
309039
750633
248199
604314
138718
833813
740638
653620
357201
282992
724086
588959
152910
834777
614755
511705
997574
240186
895443
62415
486519
787073
527166
456237
292720
759800
562684
93124
301940
148611
776048
685527
929912
962550
981794
103554
463175
62416
880491
566536
553990
446104
553097
567928
694801
210899
656018
42554
378115
801247
609990
325115
303381
277552
790717
388659
599134
500900
381247
164815
429624
863556
17010
624576
931203
962265
170350
595296
560963
303913
789357
811900
556645
478285
280286
948162
728799
991472
703192
387272
845748
671206
628780
474486
979607
921254
963027
503250
345255
138342
498502
484390
272025
870801
874285
743952
449460
423592
220527
624102
690997
504818
460264
978435
46482
586913
175800
808947
967388
739075
7608
242487
698493
6753
514888
777973
767969
372280
707076
798527
229554
558225
487253
850558
342971
260799
450339
128699
540014
546165
308328
997769
874560
903041
104544
698771
54066
557929
357981
531646
147691
570849
338295
165690
471617
464165
700192
209258
716951
864313
616853
509614
206368
324219
382384
849801
144194
82210
182938
458932
658261
156437
157855
868222
295370
445546
437850
163678
14825
295353
739087
737495
45682
547613
939479
234886
969061
532359
510710
461963
697118
595710
795144
776018
665688
86839
763866
975677
379858
917900
664982
71728
774798
286556
970710
404344
682038
194240
174489
669720
770074
859365
811859
634866
588116
581323
33758
977423
192077
632985
500943
164555
320408
235354
732580
566560
592763
715032
329497
512141
466767
915603
815513
359330
971261
685534
280593
340715
839912
782039
439201
615095
189865
286913
411180
295811
418485
798912
808975
512968
325148
219952
166062
652766
872810
251490
73130
250443
187760
728371
215535
733421
526109
564107
889001
990783
317189
873711
507606
889355
714372
955268
740087
143340
708540
361825
545504
309375
462585
457167
172783
514726
135478
998816
257433
714296
525497
616040
811680
261961
785369
451549
807072
318865
89120
22215
737673
986235
227595
547747
790567
789004
119854
231642
309917
849710
612916
781913
7153
233369
46212
248589
638080
704925
462464
112892
181650
989133
853671
142595
730888
509451
816218
469480
616434
953517
964156
578779
461181
680073
487090
45262
584458
135651
869514
866605
623065
775663
145079
177468
183204
521028
110586
289101
492488
332064
22621
161818
166430
989330
306842
487300
851881
426952
100952
321065
363879
307189
686869
247260
276618
536734
303775
676356
633985
187074
668732
745938
248111
858468
325097
141216
579837
762486
169215
816867
484235
535268
918962
990605
993665
447354
666676
299778
673284
122930
637047
558964
28229
715614
615439
425949
743155
724526
676853
565720
130512
628511
474664
455901
810657
956353
202797
462487
579967
401122
140472
122020
439243
370268
884067
860200
950271
94584
456283
135054
842335
302526
718298
949917
67086
109275
223374
692722
370556
189293
499673
492448
663357
845037
488818
181536
873589
812409
313128
20023
881648
182973
888903
383715
231118
42621
743955
937601
829851
637570
271665
966462
130685
737823
579749
557431
254150
160671
971958
279920
837034
904334
270830
76910
419850
524256
132030
527794
411182
273921
913406
264530
235154
113721
962385
443765
362199
417019
132007
134762
733914
131724
580956
877797
842274
27979
858941
514072
973555
842785
282155
69291
303551
103813
860825
547095
826940
749356
234224
390820
167953
672460
522257
359869
279082
246860
234234
651117
250347
733834
456386
234360
923904
134536
478526
519960
525907
841971
33542
127059
229399
977042
798738
234357
239362
823240
886781
884719
728983
553285
206572
948300
95009
270095
920328
110220
158779
881321
192102
675615
159500
503645
19400
462463
341969
158123
874173
648746
701651
549326
289763
706171
759479
839655
139405
17316
762228
808969
306239
936331
39775
414240
264918
150910
252898
637438
576581
218835
407307
557572
66426
712736
901376
707113
488478
668179
829713
515754
153532
329008
728422
784398
301753
208614
635287
273813
838017
637004
784218
185724
422787
551357
94295
179568
864530
267404
242904
163213
314348
594406
445212
77649
605656
402883
180939
107425
970024
179144
917571
435000
789918
997949
816208
365928
860011
606182
998907
213070
452690
749632
279737
623959
725228
554329
278468
381928
538948
512588
555784
561071
402978
956313
859187
225540
821861
494493
33135
933499
918537
616818
442988
434056
394697
900453
179478
248271
574302
102096
998758
906824
737189
73300
104405
683468
589534
874869
907690
180094
433809
696210
96116
860760
176651
807615
881300
60561
252294
672641
132338
159400
746726
871269
510288
644560
202720
514365
204411
180728
778421
4728
600605
877110
75292
81629
1584
238607
847038
348324
514189
463077
375579
987441
427875
109118
340426
419502
581699
911085
191325
745923
160343
605471
140067
133877
508275
364868
545350
380504
953539
562071
91221
450994
211876
159244
429405
959278
381776
432598
215408
288634
252337
644306
569863
602173
293718
359187
574531
85368
294595
424906
569167
482488
818146
635666
621410
507765
404120
945366
758561
922635
487987
905056
728545
433810
697599
339198
454026
364956
485880
327891
79511
797258
163737
848055
703801
671307
469971
950924
473052
870003
274073
319966
637441
738932
190616
774710
336394
290619
447812
486012
13204
57705
657934
947078
791550
999340
726002
227649
868745
234298
870380
151034
102360
615402
272842
328074
906966
646318
150045
80028
329910
693809
968713
675356
366933
754697
140476
307006
670653
639001
930875
382248
711171
345094
677976
50685
18512
781012
407616
461575
734460
743068
145585
488320
702294
424876
313416
187262
501888
173243
892472
658360
997623
846727
140503
471737
750321
353805
440722
377119
407967
35876
577665
683152
607506
573303
654357
537659
349498
350493
845806
160774
669001
277527
35786
853913
974709
110501
383639
231430
547677
52997
450217
495188
854979
386249
151622
672039
620856
632212
648927
522957
301973
205041
638106
199847
178277
173071
897098
476466
503584
643805
497152
60977
867858
794046
790587
528889
316507
20201
297466
444249
271375
382689
197298
155555
265725
416075
931996
937115
572237
650609
556454
161468
221507
730642
162057
73313
132640
682403
216698
337879
983399
982374
312442
669180
580669
309798
336392
321811
560489
55820
733815
341544
841468
521633
534810
721242
629834
281569
212827
561546
230934
161912
895915
219615
258572
58204
295251
510707
170663
521670
489385
71261
863283
38414
367391
379227
974572
593378
844470
665628
845190
892450
729168
717864
832902
303772
698018
326957
409421
194911
473608
397223
727797
213374
754354
939882
762772
815203
920380
915663
885342
271565
108828
598073
233703
264423
175860
707715
838853
502854
6472
472584
445588
544831
255433
501326
681427
172899
771792
402895
263595
678937
56998
513446
554832
397846
597504
478227
854720
513147
287048
834283
492137
359242
935318
726047
814823
561350
460093
908390
741867
164007
661122
554378
855607
898743
886504
320844
411205
15244
459943
274293
223368
473378
29883
8315
457738
397908
65176
225612
94836
536503
372410
262393
55532
214612
386139
447874
644568
698303
668862
125114
480194
188440
226473
87767
798804
785694
386543
247064
90114
333099
513835
532755
295622
743440
826761
327706
393479
760909
795966
791177
336787
513133
394200
572271
641227
736700
703279
209623
648414
970918
952635
635890
45485
633774
966975
776226
621646
375431
419684
827429
787245
213907
111136
150108
368780
397941
992149
866359
974570
934165
252022
807104
350786
906160
505380
127680
481706
295576
231511
14610
152860
193039
886647
988290
850834
291132
33419
991648
935114
177160
279560
66023
676329
124056
213963
43909
383996
513575
672611
11143
363929
465662
795141
846051
245988
601811
994018
773089
452974
658812
455574
496998
215223
927054
520183
676894
474836
9046
370382
612101
769708
907635
511330
991891
125020
465423
975279
640194
193594
352376
985782
48189
787255
13983
861038
643942
917470
202347
893720
11204
244537
773627
564080
379912
60626
47543
886335
391994
665175
664785
331150
970437
880663
837150
847861
943195
479145
989323
608337
18694
463019
779645
262931
28557
528680
589129
999413
533439
586643
733197
1160
799967
193392
538985
158058
354219
204498
896413
223507
679499
827199
172097
192846
753683
664687
584155
842180
505269
283763
456864
689907
604358
580147
948042
397438
817899
831376
53522
848671
84640
104616
87883
689720
194468
294903
498779
100678
374533
231322
483926
624694
139395
870128
783544
477138
209508
161497
936831
265044
262612
231904
640355
155483
892278
640821
996595
132219
235467
543059
755790
139951
989181
963456
952570
326442
386313
975795
877796
962571
343176
291599
699444
980270
198936
891086
265740
556702
303467
183225
508830
944041
106668
517395
87463
564749
718921
474454
564940
191438
442529
986581
555535
406889
118860
135808
435694
903330
6145
142150
767704
673722
760424
222357
437261
283133
260861
863933
401873
67255
536157
77682
487372
171590
292145
948080
259137
993611
468660
647737
806121
580090
322018
608122
464555
437265
409407
491595
79099
657510
143744
146133
910540
123801
246362
804111
510131
260072
459046
100513
981594
605344
809262
455977
731869
5425
179927
463131
881220
425435
473770
639235
181918
662469
591232
464934
129974
364972
337034
592134
672373
651000
925627
805701
213972
99882
414546
804897
248955
914546
920007
134942
987387
846174
984209
299265
899493
399596
728530
861688
186181
572608
382433
926679
207678
310385
971185
294461
966531
954813
252834
610389
546799
594077
195748
859384
27586
139892
813508
62640
341113
781217
919253
92888
784649
816371
973372
833631
535735
966332
574039
550059
368535
262718
523978
245145
110495
993794
23592
586531
581734
142088
859003
628635
927231
759065
139249
310548
405676
239800
638307
805536
198337
608247
223362
254963
573655
619493
876704
849510
544745
601125
407641
336728
897678
804122
823900
790639
855123
875774
626265
236924
431924
52434
863049
866044
378039
654064
558357
788475
745510
378428
895460
206996
687143
947577
745156
203219
328889
381879
396212
821947
206413
451242
425291
344035
691583
818007
879625
529147
599599
300839
599801
491436
738497
54430
68159
610717
954157
688997
287556
282579
928451
543171
566842
400624
35967
394986
351886
194460
451204
4078
132330
959041
573241
551249
656740
549424
435325
598905
324422
451105
453192
771267
358202
732951
53279
63536
379922
852706
249971
699709
515634
958846
836567
991569
998043
958681
202972
352592
150036
149362
456396
361549
641782
436765
446655
769244
268565
698083
342236
458052
548294
62150
794864
931219
808914
526306
214884
460556
347318
170542
186014
915324
312403
767650
790327
981099
383800
699763
740692
539245
145162
155834
827555
49304
24526
307250
184052
550928
746579
590432
641649
627901
125247
204813
828668
555230
858548
760879
405156
875895
652766
318758
726211
750950
160411
133794
976246
800212
59656
574433
735802
892550
639973
333462
936543
772051
624996
331813
470828
7088
84947
708299
443856
18663
564834
116507
117888
766503
520851
796259
563889
810356
71039
68909
365620
109055
527807
19681
246569
751248
308925
265608
729377
284191
458391
597739
710996
245571
844204
134618
701115
602690
952775
503368
331660
666823
835494
818452
35984
619313
597670
189282
354594
416071
409932
849704
65094
538890
126066
972613
294435
950947
877772
383243
195934
45116
646230
301725
690581
63723
484380
830132
643637
803848
187557
253244
231033
453919
212157
806299
63
715009
674718
326033
201096
499509
952506
477114
309260
257420
594408
126961
430008
984722
652776
471887
453894
402144
455700
293841
377846
371023
335270
225943
650862
908167
298784
547081
269995
615413
411996
522644
751971
698459
43184
118866
162617
553793
332029
716296
225884
126409
836373
641416
601277
25696
79302
998071
781995
757137
414087
754985
690892
337331
678526
859112
800442
218499
461932
208020
654967
421708
923638
614884
938255
304450
903441
255562
396041
725679
908488
580661
861257
72773
397549
542064
950405
193041
578842
765032
803618
165009
323427
648011
932650
339996
99162
764491
63596
367359
875453
459649
117105
100201
722624
524015
574230
800892
76339
866334
620171
713731
94161
331942
935206
785219
979108
680396
229221
473194
288919
627397
658815
915940
409754
783001
992805
144333
666028
789155
242266
664641
91784
78325
474220
642062
245742
277016
519502
981963
447564
841072
938259
84802
180745
151998
301193
435912
828975
900928
266608
749550
318323
796723
444245
152912
272545
494905
66320
209802
386664
57045
194838
367051
776768
593298
148220
170177
169843
773699
674057
492660
501327
15398
407798
70767
115559
228194
853316
743832
981376
421872
647866
493153
357599
996054
957178
593431
49133
551437
990143
961816
227396
528772
634422
650722
992152
636221
281781
257222
384133
80918
251228
834107
456304
908834
772359
169102
328349
863350
654765
481399
792269
876352
60440
78215
739474
427344
576577
933758
412017
640635
874503
254650
146161
162580
732044
440137
259334
822107
425004
223135
963157
319346
320283
536739
589028
142474
489754
452644
860000
966557
29526
355497
806793
115732
367965
176869
789118
882248
128125
161097
748449
925157
541691
218228
337766
137771
390509
391174
244285
230606
239541
513554
104346
41278
811418
210481
192221
49025
536708
454259
189027
666683
326484
782705
340840
706192
801630
844158
304215
567648
886340
162748
107505
437873
841200
845066
524565
842795
225069
344923
289137
967804
289059
475874
680710
266395
855789
17513
8017
125866
280921
760705
359963
241333
712187
137044
107231
540248
363502
133206
743123
427388
782632
792282
943893
831617
484921
26497
328755
696888
796512
804813
885079
681159
847178
248980
856205
910448
104296
218255
106803
294955
907627
508434
646012
782959
86943
277462
425184
272336
896225
949682
444708
440386
593855
552809
596545
584699
464362
681884
820916
965303
969306
498976
606369
932949
791743
17898
603685
839199
414111
139943
495671
227751
168272
130728
226169
500556
578644
645947
343585
385692
815628
920085
654398
735059
205979
384427
465834
560578
635096
435231
502987
179147
587567
384151
18373
330632
213
865770
965376
27852
317733
571252
270609
189569
847196
784777
233095
856624
61805
612678
158229
985184
542402
466627
647319
229205
243793
617828
540034
408826
399574
417487
631021
712345
243378
283896
464950
933958
896800
637911
85138
149532
637776
644923
530997
948959
1378
30073
429914
888769
319744
810044
613936
188736
145752
412288
10465
53484
455605
803162
653119
483782
975417
485423
939661
512260
362937
935621
862568
164274
435317
657910
565009
752882
204402
760896
223383
592036
787382
55930
708709
752096
879136
360866
984294
957280
71649
341521
120080
565755
882203
966671
928276
957324
892884
180675
59233
209457
417751
220995
373775
827055
201063
619338
658927
483187
202145
382983
362028
983604
355693
774802
636189
577076
127968
513721
516139
876132
632114
942073
745370
116327
231767
30024
567221
580143
365243
589007
981722
191812
904607
223414
603743
185699
562891
394903
529120
441667
299247
777940
113319
67826
554266
366596
984566
901022
949270
623432
104499
760432
611806
102460
265649
887699
653500
820937
374295
22675
633603
423384
153967
959648
483302
50593
676173
83121
878900
308641
150361
359365
210161
889706
806012
881092
281234
335956
178787
996805
474708
153105
332275
957289
635641
474207
726409
1572
102752
148374
946476
897244
53824
458209
234194
249001
883137
451529
250508
729085
719606
456365
113358
105437
622331
959822
288991
404429
777640
824327
310745
840586
386671
955930
871198
824817
621016
338788
378007
700349
719317
469043
761706
941614
543428
252782
312248
246596
418114
649522
32975
437226
661094
70910
43315
977328
39777
315716
149444
611761
340400
82144
553484
845972
889275
545828
567655
907885
441998
455698
922447
795907
182769
232931
965828
785645
581285
709572
793172
925781
369022
584032
679884
93214
161048
223064
81147
259938
56375
454224
794911
775956
138815
712163
527919
818949
515276
745974
504260
388866
292591
600746
988069
709210
630022
623915
312558
428412
272951
921701
489755
376063
392457
303191
194742
539900
972062
730816
299995
115734
931473
227573
591973
68826
360
393044
298487
130177
961654
711699
328041
38866
261968
732658
181516
711780
98985
142927
580060
200322
583245
920664
84097
449831
280374
216090
233986
111848
88783
887928
249799
227505
726018
390008
90824
484327
554752
53944
576024
140781
15821
396670
776392
705602
928900
202732
851257
307080
469039
553490
460674
115552
216251
670
896250
755504
393755
495726
808418
348486
715964
786374
18930
288406
93856
730525
404606
375839
543514
562066
680389
394540
445092
975228
698582
621879
364384
207263
42848
428200
927594
637114
541716
611387
949974
655805
152697
33279
217867
21591
56780
562298
417531
621614
293073
761002
247998
17192
805434
898406
36874
566886
324787
932771
173009
962705
373128
734355
55351
315724
453172
481128
966191
245641
661319
579767
847345
610167
398386
393655
755161
825753
865970
134696
188447
977266
996567
901840
582063
43933
762608
614112
168997
217081
316437
506422
418919
69889
928273
16444
785630
980089
838058
465965
386321
359684
904398
14648
307424
715539
441307
324093
72475
947768
948938
895860
576765
125336
447353
120429
335880
619711
811989
969714
747838
870606
922337
329096
379129
75599
901733
605268
437992
996009
771701
460059
383846
764143
39068
239010
476600
720018
473318
721972
5987
54711
318279
519682
506472
305827
94379
152804
112478
431251
449307
388350
579562
546665
569609
210942
132956
982464
387192
569921
171689
716192
277706
917461
545025
278861
396967
264025
16333
322426
272584
630273
667655
888283
897373
2678
986997
538264
703201
438682
759363
462621
142072
815273
85820
181518
982017
880635
508581
256216
542078
987430
102838
150243
8157
10176
921141
639075
939299
989505
779953
868750
935092
417799
109401
862568
265601
256116
425399
412602
124046
444018
199308
419169
45279
295895
988424
331842
978110
41059
559334
250075
558188
2854
327586
45621
228898
367487
243672
414646
86914
176767
362363
210450
818591
727531
657966
70626
704613
684000
54146
313933
704295
539985
658125
963042
319363
589613
450403
329096
509300
96732
712372
229004
182900
393319
29890
691546
222028
758967
858300
546375
317881
458997
846204
8587
499261
418577
571034
23500
280575
37790
863467
790101
956383
539931
227482
83877
955739
783245
800800
946852
392279
713031
331555
611761
350412
534412
768553
736726
109072
12043
577463
986525
529085
124040
747978
585340
875393
727196
298609
150891
809218
60755
34821
254999
131755
563827
890118
313775
531608
325788
617748
741147
863130
563531
567175
878220
912615
288760
430635
762734
156769
683936
637275
374650
583553
385629
964408
999337
865568
937776
967559
34243
405922
474465
9765
383829
17535
207869
847399
495681
210735
808063
427986
230832
145906
294665
587187
530978
767417
976849
978589
805797
889076
804633
572989
883044
719929
459734
787931
406743
639374
691122
667631
114072
140627
885741
158046
229590
475727
8862
472784
945122
222549
967448
248302
103783
39122
194856
95293
336694
864694
106490
700242
732351
681789
308827
780593
646557
664025
547609
314886
809672
57086
868102
797119
417134
637513
290460
237700
162331
852302
148346
789652
165332
750716
470220
292477
197700
451311
244490
714168
105358
413459
217239
252510
464897
228783
735113
866123
649449
471701
303816
595790
90370
125541
241423
242698
274184
132345
210384
781420
464234
96112
615028
222216
923036
554778
500736
520147
637580
340029
674131
655543
749292
999362
97932
887831
94318
941823
901576
295583
909198
139234
498376
694662
720137
630262
441138
200675
155691
827413
877806
242217
329222
780395
378033
968897
361278
615714
481046
769410
133314
796143
936296
869904
331029
485177
471996
761742
907914
771041
914043
218113
117326
559474
294718
170306
48351
234727
368146
250655
949083
900371
922395
352784
420275
219633
698324
485265
603710
645384
277236
313120
48426
851707
865324
770453
489037
207147
121293
4953
722137
926281
830599
269636
897326
81979
172685
852183
168138
853994
888724
103315
837596
777958
302073
858612
249526
103479
901890
622157
748768
390977
921724
998913
530824
80274
472836
51163
270552
536076
26786
491019
98336
470058
397136
869886
166770
451632
16408
5528
198605
979123
427995
567889
104305
514562
121646
628329
410385
258736
258398
422409
838951
868735
822292
231160
963745
371755
611156
177206
309561
250640
784223
172281
510370
425848
86329
532609
83806
416645
847237
372826
823597
177847
909836
226478
152223
919323
695452
425220
370827
215825
354317
605465
416216
556216
36127
602073
995064
336184
821375
805946
59061
177323
781928
209526
780771
176233
142246
799971
130549
165998
558006
604528
730668
193194
563018
328062
318762
820774
981417
539608
700453
615886
22450
96145
856247
317599
997888
397433
272338
692717
336809
462075
721296
707985
424673
186262
952424
376367
444732
542966
682749
468960
554001
951662
692112
120256
41082
905685
422614
178133
389943
762298
858725
422362
896754
823045
354247
836584
312797
202411
436081
58624
467319
561549
814030
584055
734126
116718
494196
190014
542943
402383
749048
644045
231737
962153
258781
631852
473855
531590
686759
101214
833388
120765
933326
777002
876400
979336
689614
847751
487385
832963
687963
272547
557261
369540
402098
107408
511731
440337
425739
40908
665266
210242
392747
648299
331729
922676
317973
478563
832702
877287
328480
396852
117674
407349
906980
823858
182417
749424
191182
777392
856087
916374
166291
150475
840654
110963
448641
487056
747349
973524
325297
653963
643674
937315
930713
545069
776255
271524
976702
841432
129306
427915
558214
56651
254359
568311
390763
210405
585209
752719
866892
797271
216573
928184
863710
226923
837279
629488
380671
677931
851958
200714
576811
611823
363514
621126
174535
706567
282982
273356
759963
24449
59000
387077
663645
42327
918614
786775
434920
909496
930315
567739
864844
222449
824430
132988
868543
543288
645987
166413
741616
937237
292731
104455
212604
266670
964215
950847
834362
747757
430890
115905
36273
516047
346812
383147
633449
241292
958474
8295
191710
816543
998571
71430
33361
256625
612942
596086
246458
257894
426111
106272
607256
225731
313800
818464
380904
101945
49076
636450
317812
162323
600175
915733
954434
906745
636169
686159
800877
170783
17305
676669
753874
151181
631806
597189
714337
245067
608705
680762
984147
884968
547158
103931
474170
973735
993985
754281
441652
449351
842198
49218
920505
886190
848089
498783
894996
626737
80323
971462
994287
303170
625766
748845
328774
634167
611176
653388
897214
111539
768555
518301
384014
420723
24717
818675
976987
44919
259403
230772
203490
237514
223680
744629
313551
366896
978892
540912
47402
88684
960079
881380
256561
558059
54165
149002
555456
919696
448204
460591
344621
884573
881520
447283
841008
451195
755463
258716
692607
679270
527368
831959
174585
416055
162903
994957
357240
174991
360427
228510
985481
585053
389777
649981
489720
128141
503497
338216
641028
417422
346702
787650
176753
956797
441140
491022
103165
278003
260393
281738
609706
150184
978141
431206
667194
123906
128190
465888
277113
604926
254940
566525
917684
107001
696748
205733
831943
373724
154984
323292
738068
755426
593747
384473
943760
786440
99163
287941
881591
993168
5143
993297
136160
171825
72431
976436
236203
951262
345498
739328
231638
170801
765698
755616
288495
564980
954437
591984
378020
920204
976533
977401
559606
665603
507071
648263
189580
946352
507849
511017
9572
473733
548660
399365
66084
380341
860256
261845
455054
331328
131599
529282
78738
418652
108545
216731
734462
152898
894655
577906
468689
504082
453108
21907
686061
59043
524085
206562
438378
164267
325410
838288
500167
456264
850724
87546
790459
303721
855702
591454
287274
738267
363712
809338
213811
306548
270334
266563
776934
375638
751487
5503
585043
989216
8617
934463
273277
425719
265562
511741
607022
514348
642762
281614
440356
531147
891468
482563
16425
438207
153971
10914
435648
335077
219857
436988
443067
515691
24987
309611
353066
572964
386216
712618
681006
582572
900760
714513
321707
104051
93777
705131
36379
247143
442597
197301
496256
85954
384336
195830
926385
911469
826909
202230
515926
9424
990247
16604
59183
911095
434557
262887
214350
623138
860255
871881
120869
154793
872805
698971
863034
96778
325183
427201
301495
836241
61527
589596
705821
234018
964563
400229
100505
670566
880950
110252
175471
859408
643046
415854
886867
835147
642504
497228
32598
241026
740039
356590
54909
440139
49396
13299
191598
502001
421192
511827
156932
983452
717252
30612
751810
855583
307577
946150
526179
322078
42596
683035
971023
34586
10225
684293
14378
67099
570208
462190
889799
808761
366277
940782
432762
759494
850921
40045
111371
941467
735374
142966
293703
422462
489744
36659
751152
264429
239271
888267
821844
398921
204425
376661
322235
59618
113325
207159
560378
99099
36521
860255
573540
866298
436924
107997
487584
8271
53800
875612
195030
473213
304184
215548
715011
197354
302048
446541
812013
346815
874305
139113
64112
344732
535115
322990
511734
996828
272829
581462
61317
758015
296904
20982
641842
199930
456401
694224
727155
298200
287574
724
411410
148619
226792
936762
439934
288659
551318
223541
721724
678730
746282
827732
763834
957641
799053
250
924484
91387
742981
825400
443216
300412
325727
857156
326259
8941
14888
557785
493878
896727
259669
291946
961284
504761
957634
886275
309562
583472
543255
873855
402401
984641
769735
72544
609016
486214
438066
893582
882729
771763
162923
826415
548574
598597
681683
824671
302509
702918
482916
665164
515375
722175
449674
246897
383406
668474
835243
414957
572028
774834
93128
190591
366624
836185
939259
459297
160428
733830
346400
43966
524010
100090
984208
573520
378485
865229
116361
209690
586787
195450
19689
203775
605728
136515
465881
714046
868886
428418
7431
535243
700808
88846
159115
195979
202430
45190
729643
31339
412187
717117
662522
456284
405578
94146
361819
660975
726359
691018
635107
837770
528538
991997
414940
561605
677453
810266
871334
672676
911231
918855
461945
568240
410146
490105
798853
311028
796734
714876
265850
886865
370440
496351
130276
591999
184589
15616
341677
543520
592265
398960
915526
77570
798101
192386
891681
366514
453180
983093
704854
550135
582958
787771
584293
864242
321997
165797
903579
337872
686181
181614
193997
870249
300793
945441
731585
106488
893880
13607
577069
579319
86991
31793
694615
717463
987160
640318
95323
876057
233327
214793
987915
621964
631525
427667
755632
730915
509966
390024
706415
87794
179125
516753
740423
386693
222768
177525
888503
671005
424334
250796
472381
889864
953196
721410
382712
718492
753127
281829
174511
943312
487403
917515
344746
400246
849002
207042
59582
467609
14889
895701
486503
756527
605044
304536
184333
180155
393138
8273
649385
104706
988371
319427
594113
327719
674405
724184
260559
389285
445510
474538
433856
300521
697524
58222
190040
202954
646593
797245
414642
509222
884578
463168
629029
174170
236966
725368
289603
332701
199811
460328
117371
525882
920843
787103
738142
6504
201087
740134
903166
855559
505146
956802
660147
484153
156366
158758
513527
646107
321132
983672
331889
839711
152508
532734
364751
122503
988493
202597
215564
227136
332006
919918
608273
329625
846587
319861
166136
291550
715515
545183
121387
886165
665542
931168
471403
528724
657596
786279
199469
251517
271729
539622
778142
417048
726205
33921
381767
10571
685743
485458
34124
731064
73569
752855
83471
766451
218086
131257
530930
221983
530080
776442
130297
144548
861679
775034
339405
752974
500484
439397
492060
42757
646739
166268
402782
835109
312679
820415
535027
683066
564815
197428
464232
278809
258102
89047
50585
183837
736144
426974
422000
236861
89777
514216
333387
764039
718904
734785
216828
929275
223464
473748
413994
387526
71703
364462
968148
62426
286270
256299
9846
103334
507697
886143
441604
789239
830890
582755
968083
966827
689726
110041
599895
71117
10033
180574
268167
283154
520357
894316
256093
512687
102829
325161
945401
566613
389375
987119
307109
901514
44488
826233
66803
652837
372890
87782
807683
350630
719809
857709
84961
239664
531635
194142
465227
988260
251429
620177
618512
35546
238138
479853
583763
155134
994838
386711
541487
236421
768145
723444
222581
41419
789896
93149
724304
788875
613517
180447
317514
806842
51390
346219
169895
70272
987827
150496
569455
280980
911505
915891
937481
187378
271931
668089
781123
344636
361193
601617
992302
683499
986064
649265
528678
281776
316353
11
55216
286059
441102
513627
315900
724998
453862
911248
838985
984816
951618
740820
458344
945010
506296
615610
469592
974639
957037
18052
936656
460476
186984
160973
104860
292762
50561
840025
164639
866444
672248
100855
355767
901465
858594
195857
699773
970144
574525
862480
609451
664979
264357
234798
8153
333458
450720
464921
167200
940708
492435
406273
692127
724500
631064
15423
211036
3942
928359
468129
156034
537716
507952
684950
510280
623530
689995
642099
581555
988442
102343
624543
166386
210045
379103
982817
94503
853575
94091
132740
740933
308454
89202
781925
671252
150102
889020
8025
948753
301859
709190
28349
975795
667389
104047
666715
646409
762865
995599
844725
656959
984778
135688
930034
806400
196163
845364
954978
303029
127655
307326
540912
485995
581511
989900
745379
156690
518168
403034
272016
967073
809383
363362
465824
7255
526649
116471
564986
18909
208579
902066
789773
920968
841602
571651
181051
643386
882168
840361
217125
390952
712709
723388
572303
77110
116574
741031
12144
698685
154476
898804
151641
420911
414211
802304
981183
472402
279997
584205
568167
282024
10163
916214
309357
408368
579351
775101
172016
442116
983665
743360
275037
855843
382388
78475
382871
721097
408508
303751
151168
102843
864871
605839
584103
677087
416589
147427
254606
592967
568925
72117
852246
826894
608533
751777
850441
413275
296477
654842
660868
115843
888001
18176
290239
320715
836874
10221
92219
696330
411895
32110
273926
153325
122845
272111
873774
104341
308952