160444
298490
103523
501619
159333
386943
644623
690420
277010
312629
721244
758293
417769
369888
210744
767838
925187
302810
918433
285386
294447
494511
881908
996910
5904
997655
627237
950084
135969
569616
841288
285780
273433
496536
848139
180542
38442
698884
888902
625894
156835
834496
964907
296380
360629
640100
195096
285159
59794
991535
403084
920077
226225
16930
957621
733313
811311
234491
829287
399754
573647
905165
970537
213580
529250
640440
976490
895382
338754
108427
798161
60295
461432
826802
690162
443933
464253
626077
426780
507804
801054
133104
470671
198039
383416
363808
737547
719325
492707
750449
292739
846787
817515
708105
999024
58123
868986
773551
537603
191534
293905
967462
44274
586891
903989
875488
538164
631852
681382
786593
281479
846897
933834
774641
281070
169947
43241
313341
181945
115255
581265
575371
463100
56484
873434
17688
721954
496451
859908
974737
400218
473083
286716
53290
222255
854502
738110
40861
668277
755996
196564
874754
981215
711130
542204
137159
618350
36814
182823
190989
838660
108545
712158
15712
606103
912609
3072
344464
905088
116330
809062
249648
733107
162865
238183
792811
845897
601421
308727
71870
80697
508898
192426
754773
425638
129931
617687
373574
69906
424867
631767
823140
422704
992369
368045
209729
465110
661678
49791
17732
303249
365491
589058
201954
736723
204035
606261
868220
914055
988659
841860
963157
436549
550386
948620
359279
251425
140665
538046
166913
589470
578512
607325
390358
222912
316345
895841
281924
97599
252605
615294
413640
392279
233938
466942
415675
891261
219814
245707
495091
593132
712715
352777
400505
535516
938815
302688
561698
803092
41430
969111
753932
669463
827654
563291
438391
142906
785807
512800
387581
625621
193413
18143
132783
367000
509244
801853
650190
234037
432974
812300
180067
633723
934027
407466
196219
905411
459710
156167
189187
848259
244376
120773
788924
642495
973116
905144
108890
248992
880358
4108
650879
452765
503288
488582
574799
787222
183139
458339
197295
858943
727150
191644
314463
903481
599398
388043
678321
49276
378531
309927
401574
786097
445554
909676
18468
945053
462756
567958
560597
370615
57458
729931
215134
558618
50891
792408
298938
940693
947453
572116
985523
576032
566011
727073
953149
39658
965649
160528
873455
771725
705313
762980
759902
600227
689624
57839
959896
26674
485683
42329
126586
625986
740712
134656
219311
710672
184242
993017
945157
533979
455804
417011
493677
825883
54249
733756
141903
865041
549950
762910
807112
130106
621805
373217
177345
592221
391359
967156
743533
221316
824476
34150
112926
229191
507642
853007
148293
237379
99680
642508
973892
420394
962070
238822
280818
139636
692907
132052
364650
276404
863139
462871
48528
595717
231163
530691
10658
153891
415513
111582
56758
780566
690901
252257
947862
928136
382302
834715
233332
267704
502410
143669
737420
688583
371774
641296
972629
17328
472758
399754
506467
994453
373490
835808
823836
676340
175806
676462
34004
156664
760668
139793
702792
934444
221519
862637
357940
952906
974535
647818
971537
982770
104228
541017
566127
435318
735656
939029
184362
737426
563902
807109
34572
302649
449697
794270
439295
297866
741355
252228
69677
863393
458043
175409
294006
434186
54913
808879
894669
980497
593257
735103
662831
334005
831073
450012
186369
219067
959945
578841
965574
2910
278006
676391
15226
516708
50659
925107
272781
327115
894133
109996
566591
522659
368617
598754
494548
802485
503389
675274
651637
126305
788152
398238
967843
838790
965878
480737
506072
746841
89619
560768
795900
747480
855699
120468
577537
155545
583788
556036
9947
494012
575826
770760
704863
485503
646173
607944
462903
33008
839000
638178
70528
50109
898088
153291
163136
744487
321367
217997
928135
307221
292028
796718
455457
98437
781321
838641
566004
646685
418929
450038
30397
781984
127923
724988
578977
488316
869704
359623
425523
382912
690405
992733
617473
408938
929837
879338
155739
335390
995319
728579
835362
338547
929847
632263
511688
48744
988235
227938
607273
733108
341860
745515
973125
635963
424271
484013
808922
392732
201503
692803
156058
163687
939577
898652
97358
555244
992572
371167
940295
124399
672139
690344
250364
874103
719928
691631
648133
834822
238670
715210
12787
643490
147067
622409
1033
958738
100696
673215
197211
706149
469335
693984
945410
304875
441928
635974
609530
65607
128072
652366
717400
89500
376070
401311
85226
475301
628659
951242
675053
409057
648838
306573
513893
669547
300905
83250
179293
153831
525443
39637
526459
10201
274275
583746
248447
687183
50053
465404
854040
482047
533188
594395
389155
409451
901533
574093
631553
139968
853212
652797
316563
232511
617510
357648
251093
252050
96866
9228
618196
924032
801284
854227
206605
620796
669814
91789
337892
215768
9957
645797
530237
916567
341542
910506
428475
727903
113348
428565
91219
149581
343080
281386
195980
645987
285411
659255
242901
826781
44762
880249
278914
920225
155598
679454
546341
770580
735814
637094
314757
440905
726300
605283
20478
319252
764770
971999
765877
818621
440431
504476
798453
407952
603721
95734
597675
463185
816304
96741
43450
630094
72133
770015
347516
858444
682262
662362
488662
343075
756423
447471
315255
722598
383773
7898
166189
125946
113130
450270
442468
360904
788433
903109
646139
816973
40501
174405
943492
273038
437826
690175
847000
9705
574039
423328
919061
3591
536911
160298
970614
325486
874603
549645
917645
877171
839389
235503
459871
216652
986356
232139
51484
632452
613151
216181
39929
365831
937567
366971
562028
898717
591437
306280
330243
466164
856837
92066
348066
859733
647534
375731
132695
747769
736167
182372
967580
531317
985360
699781
714984
926480
663986
742730
429682
247029
314764
302032
572931
617028
107835
924669
590710
500418
940229
620420
941519
199537
685058
616904
680118
972347
584103
774680
766927
209544
610416
981977
766903
409071
866538
955073
119068
694344
567834
541631
817145
358624
989069
298105
875373
127878
596157
3309
268855
481986
518557
783033
378768
99365
869442
653238
815269
453500
107053
95998
549168
638558
114745
238094
648242
260837
653981
772103
862863
633401
120159
744847
554373
910407
401430
578836
570378
883281
151706
747568
781762
459552
576010
336104
63450
10900
539833
110159
916100
422748
5622
627912
510095
859008
834102
889129
265890
790747
569312
947130
119957
124775
608565
301788
927659
801137
670554
204550
306608
245739
655428
378347
593899
34016
759423
350456
286849
26370
844763
282681
384038
269087
771635
10011
388544
653042
544411
457100
632218
709718
985317
137407
569729
78293
381200
98059
904575
161759
985679
610099
93233
622294
800369
796096
718663
592838
440177
845771
868696
117938
819548
197015
564000
926730
890203
851546
59991
952248
330844
402076
412526
786841
575457
301241
852585
536649
146789
847873
632212
967703
804646
620990
130019
41176
439636
219925
509930
948375
248724
366021
422773
181226
713777
198157
631749
324767
318688
424234
429160
587734
375470
801534
776115
993768
123272
811532
921311
462917
506854
812256
760126
408540
569046
611148
423384
183731
827489
244556
37350
587286
885212
321291
232938
518636
69068
652415
176873
883365
549878
622319
495879
719247
25283
482004
22141
712840
831629
141213
422840
936910
658185
437709
526033
397106
612817
766144
897573
875115
887820
547531
238161
658375
137340
99456
670732
184188
125411
408593
870369
831005
994259
899020
688839
143016
595025
992004
983711
521852
840933
91344
106953
502184
843841
657133
698914
966814
358987
742783
808158
62982
663177
497908
750847
989743
141608
362505
190704
219104
43177
923174
958656
273933
782953
633765
536126
540261
999435
478193
501101
944456
312580
721928
454692
889174
941698
692962
317573
292067
291642
48620
134295
222214
242125
382509
172483
73296
819094
47306
547176
396058
486418
693220
776795
348280
53293
475807
538238
408202
22181
468222
509691
908016
74205
407146
46302
987101
736128
38930
672141
596869
797776
785132
306020
345776
194186
500953
285361
431408
521912
714534
810761
239727
407379
189742
604485
608034
40594
406046
828829
997146
28691
556817
262430
650745
862885
331673
697931
28481
425328
878623
146446
621128
169922
110818
877593
165384
90678
943643
805406
401875
566787
503937
802535
974243
806750
745960
992210
783119
136205
36869
652397
413722
119434
318668
683370
205478
777295
307642
174335
702278
844484
748079
336029
40561
511363
100659
568586
154514
180292
271257
648925
952187
266730
888705
360662
492218
211497
364279
528279
34948
398930
983032
531587
730190
923324
967957
241266
528955
131601
549041
219406
414256
277426
602468
510669
993347
351176
227394
734667
728529
314088
680950
41283
781294
333474
650631
312105
570807
964903
994493
526951
836804
901908
921500
800499
358010
347935
950351
52362
560573
649117
635937
711755
312450
598573
61412
352562
880514
96453
919028
591663
514570
247255
335701
340130
516080
457887
72633
440310
592992
397708
796127
542999
64276
983816
918549
343953
714914
257254
314334
568647
410287
541351
501550
687180
270529
937961
770962
391841
502002
194349
574636
163660
112897
386499
82268
151505
260739
163028
868411
739728
646711
778764
322945
519930
645110
597154
831366
121009
868809
753413
211237
815420
155861
312356
641853
806307
923697
807386
198929
12077
753880
745781
172751
173684
862586
397858
685102
127778
561005
737078
427568
921034
31105
565019
109831
699237
321008
233813
362452
927143
377076
418672
494730
312445
605747
128328
315313
819942
662486
37044
95943
440555
857463
181776
403457
756540
353400
129318
96047
993065
819377
635129
601661
334009
75201
529133
796309
999787
583302
594902
835682
71495
69991
612315
965360
642527
671310
265351
965167
479591
260851
336812
135127
792174
986068
391476
909413
310456
236353
8325
305411
832250
739667
862736
903813
755570
108989
637367
652432
321760
655162
968664
690581
580196
127654
662395
747259
991093
802793
704148
631835
929339
429454
635316
341413
261643
972721
109011
534239
843836
715031
237746
614350
189226
59032
697520
863725
882887
518007
321451
575898
353433
196754
640081
502032
478292
2932
694146
858959
464020
969224
770275
522456
26550
519593
978242
928404
205780
546324
523105
967253
624348
655743
466721
939572
265229
792963
686861
665432
273421
466676
951679
7896
622633
507857
524915
849016
983273
736023
385958
334608
441871
702064
404970
283147
594861
86921
367945
957578
472224
387137
243667
304360
904876
607356
710919
153817
508149
414936
238362
391403
88152
835959
802086
352879
247268
67899
548018
127025
326264
984209
231194
604706
516154
231843
579547
199447
253169
187569
867965
725162
585536
455994
523805
161918
370048
341844
813078
425953
785593
483611
519116
196554
667260
731654
635093
800705
832415
344533
533507
307614
582934
574055
891090
845481
141866
623144
660587
615840
529753
17703
975891
651224
147019
44741
773427
837563
12460
788169
669316
113200
948906
139281
627606
957784
909005
756067
810942
620019
517421
652194
355546
125283
935829
252444
889986
620489
322995
35264
82189
479692
101432
252781
97597
798328
706386
34981
877320
56706
540163
486880
832196
587562
13662
178685
812782
984249
30110
784915
467542
403050
751331
279206
248171
597029
593610
829238
983391
621670
883495
948529
936310
908028
866914
697544
740785
343342
167275
976158
190353
184248
984923
470749
592138
130739
214761
319203
161990
621394
129349
540314
323218
232584
734676
919590
695849
34632
76297
133239
966491
473700
32860
130750
804762
427799
112490
766523
908001
842334
828137
404661
115138
87360
841734
215171
853834
410415
96221
172232
270674
333959
648980
218044
805
931187
524181
700452
646601
487727
673766
392484
442924
284967
771878
889451
25644
820734
930150
111756
692611
350508
407905
367789
997070
881727
539930
851096
876536
730690
122769
987695
348231
911675
992225
361852
876547
3661
320185
317862
658686
614206
335669
362432
164805
778195
658392
227772
266850
59928
342504
728189
557898
269820
608934
639690
830762
976024
863785
62174
5577
674576
744342
878812
821977
408658
234814
242975
646560
308924
933332
735600
951614
817882
603785
362129
365722
36877
93126
220726
501293
785607
680133
140883
786410
149746
828237
436496
316553
836336
221064
342554
202351
324413
884290
465171
475388
852657
476224
650217
738224
6882
917627
188612
456122
591463
557560
58265
50527
671173
197020
256516
36143
83986
455442
677848
732082
791529
12740
950432
114219
828363
742672
918368
390702
142121
479705
953635
171644
539708
505374
86312
522149
464513
553128
572265
963272
285716
222621
376200
763830
217064
337458
233305
518261
260193
784574
400838
367136
917326
822377
856483
76460
326150
975683
447631
566021
158302
761265
770691
308502
155396
889218
590522
913576
283451
570527
573629
632930
920115
753761
989514
776110
434564
464445
878560
354492
458055
727194
44202
673952
956689
240964
874757
267671
147085
273528
623088
107495
308085
309215
396303
200228
263277
154456
584924
776974
857980
568686
268715
308888
613927
24937
775896
660484
625580
699008
647311
213225
184088
354476
322103
186391
526533
656215
358972
990929
542964
342003
827895
226105
590082
560104
648317
781705
315594
122213
472449
520957
819096
324504
628582
669519
598405
627064
408485
449690
89204
439743
186264
236128
975719
830198
60449
628775
402239
668776
523961
152062
750478
614520
30617
188189
262107
824463
262974
919402
895345
496301
691421
143256
916132
71073
351523
42410
249377
888851
464999
625814
557169
111167
919087
348164
107274
890876
853532
177397
89362
694074
208627
274817
652081
186635
4424
256504
704465
978392
156105
500458
7157
459124
141476
896515
268467
129677
779542
190862
650575
824702
508305
908826
276726
266690
389706
12154
806548
541956
789340
966053
187346
190738
803100
945086
935407
983855
635642
310767
579578
217159
993104
190062
494953
289149
712586
970914
731098
104673
235507
851294
748451
376125
800216
79179
293463
977358
40026
104293
338264
97424
606742
413916
163156
708338
107753
393306
420766
675625
965346
340452
153641
194401
482504
540442
419427
356237
338884
615320
508332
383071
359277
861503
873009
917396
266414
608974
701673
993447
745686
430441
630828
402789
274172
477308
786091
627104
323725
571321
534352
724477
156788
518973
365555
92521
716708
219088
693109
40424
220997
177163
364989
902670
217336
523476
562701
767302
323529
163653
578304
322639
786224
396076
286306
499591
967492
43947
456172
749664
40701
818366
498586
214063
392100
280924
286827
78691
79705
588599
126197
446802
926017
129886
987618
2863
960458
40706
10059
932440
342876
592150
113391
999308
89629
153487
682767
375162
181921
381899
775466
486644
676333
988814
471952
426818
47654
980711
34405
855571
940315
405745
697269
207375
335852
19125
721198
478600
320277
804525
942206
693070
427290
722147
162442
237665
944017
33464
779976
670273
981511
181953
45689
927010
141840
234444
634886
4284
864111
325312
238006
466814
526877
806754
816522
13602
826042
363764
226934
37148
974029
107768
252924
67692
406394
545682
158821
390483
401919
839755
762719
472034
513514
654706
361582
51309
861147
215773
94352
987871
878769
231821
993074
648231
620180
542639
166728
686864
358367
57471
31885
768687
428072
772871
709847
636533
693997
824326
382677
193572
119004
75180
707625
646431
660287
221056
695964
829658
434434
484260
767170
507696
352610
230193
237419
564563
813364
918972
249283
528669
385679
659706
548743
725381
769560
723648
772964
596590
716776
601058
106222
815834
81628
416061
120313
641660
956088
257425
711384
880875
786040
326278
49328
57522
557749
290767
227960
510148
688177
436652
344463
692429
408895
187209
503801
128739
773393
987844
841079
822747
335904
517260
95555
260473
154354
151013
594149
863807
576011
983432
850869
565414
891378
614438
529454
810219
265246
327821
375722
544256
9150
235236
693119
416739
156898
794960
867766
816268
8137
28921
511461
644096
774535
618151
439784
539075
836435
384390
692160
588714
720619
240776
318791
155790
504548
316905
939215
774045
2129
546126
246359
508554
866831
269959
674345
84005
255084
957619
998547
87493
813554
90371
496384
11873
956499
996055
383858
647806
165298
655044
81374
831747
425548
225271
177315
473512
981313
497715
115176
924045
681731
947190
788114
77351
289882
62394
655520
853141
484113
89495
32163
403728
695360
69
840284
480705
96119
791295
325172
930925
149124
385156
726802
917259
832226
233975
45533
956343
971966
295207
812046
952255
650406
162152
372464
189978
871633
995488
289271
503160
174469
664990
420218
68979
558889
725540
924623
581477
19367
678085
330242
148309
830077
228009
115825
809737
916257
627118
299719
355583
954831
587689
429267
764086
591216
124234
62212
319719
800104
953310
97284
818129
27708
163117
35629
568370
72543
3715
707948
491153
670744
126284
429617
897592
909329
213144
764240
275456
127870
256063
229111
314628
476135
571806
105356
142583
294932
773503
979683
419218
484245
54231
853849
862886
655275
577896
686544
534863
641238
819719
237319
577865
965948
631800
400148
936540
35443
274101
269057
289459
6379
7950
536193
512139
681467
962730
274637
224263
418822
830123
164000
571616
485514
343280
903435
54841
60357
850932
518645
857168
542340
378387
9395
210256
928393
820973
711040
598404
687256
638947
970009
207655
255774
463551
498168
268247
168063
172464
977258
561063
883834
534514
946703
154643
594747
898060
212590
806415
353662
739059
891058
350520
835098
826700
988422
572908
942578
392783
506312
303733
7539
636103
699948
315040
630794
540981
538352
649964
612326
142676
278775
26590
521189
906936
201989
521138
247070
57360
806806
898155
765066
636874
173339
183115
752719
148821
473874
98847
422122
516802
914560
99762
41849
683076
470990
491874
996707
801686
589566
654095
234533
90236
893960
341167
644793
104801
246101
996286
983972
448863
556183
938835
601757
867038
434307
218254
482389
230291
206764
457198
111016
618026
166205
198143
182878
370367
118739
321392
617821
774981
671221
209474
907951
423625
305713
408477
971180
554129
545940
809533
900612
721310
182533
523529
855083
409105
601022
661188
813473
29418
292904
739676
701405
421227
619795
318240
601749
695579
398607
348175
5229
395814
938281
420235
203257
604770
735365
721965
530673
989420
142229
637554
9456
494001
295155
511378
721193
63433
509601
268849
755431
532285
299418
555055
215422
127465
210260
669018
15635
261884
72917
196291
673157
10141
362159
530286
175479
83624
91738
713635
762556
522390
300140
820257
654557
527099
615351
517682
999305
569960
458879
668058
605658
265904
749974
936937
572736
719304
93654
481776
147980
339272
901051
936208
323739
944462
785371
677869
890013
825346
673474
74498
699585
233587
907182
769615
293119
272800
33380
427565
142145
776531
8749
752961
758127
45928
276912
126799
536597
881836
361005
665126
237620
210273
169427
762425
71202
159325
320703
887694
789278
812113
431891
468367
369204
825575
680302
84222
876745
385669
50381
803846
765764
49519
993918
870828
674521
380617
139388
653989
780211
85113
948652
847296
822270
960235
542771
370820
414606
466990
476978
722324
347503
653884
987103
348111
702346
570071
440385
791285
599984
195598
601799
152962
458694
381151
167878
407199
47117
560310
947470
807342
298893
766036
35943
253251
341982
68427
69677
712115
380819
833061
112965
916420
951683
690149
622907
132547
691637
676389
843130
876085
699495
852510
585895
85093
821563
706438
996890
192092
476991
337748
137785
854703
524312
769759
253875
321970
566026
861924
476758
445067
932389
824038
765070
892257
652432
651568
198459
871346
606251
241270
144621
873476
718628
655706
322815
979507
904152
400458
731341
370985
540195
941062
334995
268524
300870
243391
733923
674898
35956
319387
2626
249423
447545
458965
123296
937967
657351
910722
326131
885023
874399
521902
390575
779557
626392
153061
300516
929648
520079
50637
561715
515081
336556
514097
883054
633961
917004
854616
65932
922661
103184
319380
651269
354949
497794
821463
979088
267058
112543
227326
146039
441997
538821
986546
738387
476316
663482
973924
334890
709791
631894
278581
470177
810817
779279
536568
647839
981290
129439
946255
612545
273905
80852
591409
985267
348463
763059
141262
837809
126191
626634
17161
268635
730881
994385
688356
490286
58221
362812
366458
402277
472389
940832
935013
781227
841492
14335
57088
185787
898930
726002
113862
183638
786169
506546
144217
723936
778706
211714
956255
970392
365993
246461
762631
863026
484287
586104
187881
488211
639069
297107
501388
500648
630502
383457
860609
440676
546246
547953
487788
20372
619847
532345
72098
583648
811330
937566
560302
561184
104626
803683
423918
129624
543780
462699
365275
397010
930570
136428
576742
154391
479023
131826
545597
699529
307398
767565
470892
313824
287515
471193
179105
382719
241387
538984
493192
969842
788751
20558
22421
10310
277970
654664
647840
123845
38372
248905
574505
424717
364392
947427
402813
762828
239080
757967
305906
120475
971240
27545
907020
859123
997720
908970
974402
60048
500258
341427
715930
665249
716644
381108
820785
311912
734712
108966
55511
251508
565998
261323
38167
287609
430747
372496
696596
552713
941258
311963
289870
106289
833169
939127
10628
271986
48895
566169
740980
675547
746354
831439
295934
815232
716421
885828
206694
139800
602534
240754
922040
978680
388165
294116
233094
52392
224040
673639
931789
425567
605275
791821
983926
967969
168837
2653
897272
69489
70743
563610
201050
527027
824541
135982
524566
818851
46326
338867
497946
370028
219041
845663
912424
379302
724397
157001
148316
74863
518867
964636
570702
98788
74591
494935
156109
305917
534152
851134
837580
47107
106081
174881
288153
889710
769768
840006
789128
251039
306172
871029
177838
746038
382380
344481
286089
498257
504107
161134
299197
186210
685023
661795
576569
228460
969880
535790
154104
843482
453534
663310
220644
159996
714723
114657
352597
524959
344727
907850
287222
559559
25946
828734
795017
606923
977997
660844
505537
862733
806978
609159
494220
603349
479505
216817
961652
21258
28108
348869
293275
481932
969674
814081
825124
456176
865696
80718
859633
940569
939886
888494
229574
187376
576341
355585
144332
413695
723334
978292
154418
981807
544374
828103
932718
396316
326509
422648
367649
913746
307390
558865
11097
802343
502289
882763
205296
221685
196124
265694
420305
922417
316080
950246
331611
18861
815984
22835
961118
404070
870428
20397
194306
445259
476427
173730
571590
130635
539831
386990
67430
126297
875570
934214
242391
272575
313655
415073
417516
792092
221979
351427
347738
366716
644067
519399
211736
186002
609647
119752
831072
594324
542803
210252
530899
43315
273926
806670
822969
681206
131379
497030
646246
833458
44461
806039
11896
933864
701376
141045
665404
125051
399138
276849
447984
383628
968393
297379
307299
845620
181270
894771
31801
713437
513902
803971
918923
420221
144810
112957
488171
672112
300452
248052
522501
176242
728050
341497
829408
243446
667119
783165
547076
810277
456436
37534
499830
119734
353766
12688
435615
571302
174441
652777
237131
778645
5363
968968
627404
330493
374651
576227
55295
604303
770767
965164
82598
890860
189765
995104
753204
945852
25162
451244
122984
134895
258902
324156
936465
433614
168320
904161
454448
461629
129453
123293
22266
890703
606692
803534
639868
461702
849981
843382
749465
994725
324600
356195
302511
393844
266539
716351
641560
616592
790675
627510
905932
939052
910282
676287
19876
257576
304089
389962
247417
797708
700517
750212
297131
186913
116678
301194
353278
696428
691829
627431
848606
366856
341283
23115
401667
320095
334758
302603
817839
620036
138638
673039
515093
428784
385750
860637
446036
296152
632503
213183
63584
286183
256854
866898
991490
111965
473501
223662
910005
71556
806694
836525
399025
703626
376212
739226
467206
66368
112764
639096
727454
419566
642497
858988
506917
491728
273086
862728
861060
508849
44251
60596
731016
466019
707586
47547
799074
748440
286444
434927
126663
660385
900565
56506
614776
202688
744206
782979
692316
885803
394545
953401
41096
654752
952622
631743
837345
355615
207556
652084
808153
217097
429836
690718
420757
700755
677807
23794
460911
14183
129272
307458
474199
184791
573892
776003
95060
977726
849046
972154
388713
857077
201735
989699
298898
54447
885339
788414
246189
233266
964334
462742
552822
740723
957069
600431
506795
850892
522913
293932
787534
435676
278597
746138
138505
386683
912313
481404
405291
676568
778992
656563
423888
986354
448580
713866
484512
313135
984458
788124
11182
794012
950271
847266
371584
44162
805601
651869
172654
466337
112346
715612
671331
239244
83095
95019
99585
325728
445752
298136
410785
463586
615776
123683
687223
118452
894379
487425
172820
123316
264447
555405
271366
752434
131195
376908
267994
297739
34893
237851
15874
658983
418912
242103
256017
18251
581490
563689
938402
854619
315843
828876
359641
886192
362409
348348
980865
529874
739713
674205
476757
654802
687744
33861
720154
669063
842215
402695
21353
226659
523669
472989
431819
560752
491958
289201
259773
332589
111129
405640
15122
20607
713632
825484
267320
171030
747984
89972
652050
912797
961096
297618
214917
288157
209231
552056
253263
835695
353670
109832
309905
629788
75516
792535
577133
912723
621664
663933
808330
720645
452753
394236
407732
95521
41938
25163
762977
404263
134937
948286
421262
812011
224006
548883
878280
311401
554865
554139
633479
503487
967260
214787
101301
751563
465160
191358
399948
272417
436259
91217
905373
159913
416798
756346
320172
630164
864349
500222
459513
141561
656136
733902
49946
132688
116095
927637
621507
838153
534762
77280
495848
64842
835118
694059
568505
438148
265339
903364
962316
319473
190338
367710
576409
652652
96708
534389
120030
137196
546182
524888
818083
804062
617953
764696
720408
617438
377013
200779
798618
525523
672190
561149
435092
708900
276350
384565
822018
401435
98010
8479
731281
263124
986113
113627
584547
482209
563783
53217
878446
602174
165712
439374
248900
634860
67751
509712
738925
296108
644654
961003
974192
775065
850672
84069
433457
416354
881938
550292
683892
561635
633449
741698
678527
446176
218469
602682
172574
241565
65514
488370
572288
917405
731839
710868
477567
892405
561951
642539
885629
904843
936365
101670
733673
151728
146181
218636
821729
911512
535342
222461
310770
817842
464619
598881
865019
952680
887537
673647
24111
48885
378034
833500
337592
947741
57559
795550
729465
55374
811085
893147
702060
859665
711991
760563
845291
187757
906369
961191
580682
633560
803220
153124
727904
864475
860261
79216
285159
928449
586025
301808
800121
920827
47587
838355
254458
68243
390813
230239
310485
362571
747445
989078
360095
650258
933518
761732
443095
953634
818664
698984
757455
985209
176458
25917
793956
82865
844188
871587
228648
872574
582993
702959
763681
12740
204353
764172
764971
817427
413716
721292
195128
298880
149594
682511
435832
271905
314104
977166
143379
46692
807166
702149
189651
600524
197651
149435
658527
380618
22481
612207
450914
805300
837102
130016
496459
820388
526927
887609
138925
55088
319297
136088
788934
383553
173122
415738
879324
659410
792633
833733
796675
895815
434758
365936
246268
570023
504308
989523
970616
73400
449483
537095
763130
210678
688066
653113
768858
797615
1170
495056
539877
235710
805670
269752
665570
519009
823791
203339
758447
28346
197651
961948
395146
320287
101317
781535
974445
456030
111344
249592
226960
361680
594508
287582
463506
953688
608404
632300
985522
648121
444174
821700
589943
670097
598665
932704
314736
478454
49509
989239
231318
349100
555084
768008
975309
568256
230783
57157
812105
912451
772811
208095
838606
235430
412762
577962
318991
939439
339045
173741
784504
706134
338951
964617
633031
869886
989997
166275
544597
666579
545770
834928
390963
564732
134375
533180
381807
27581
287031
614871
542902
127533
517513
604028
722899
842958
451575
499806
126614
779534
379579
925682
146384
671065
983297
642516
496826
945689
903895
491735
731509
339211
278016
549868
240428
686911
654761
789293
608277
899948
262259
590535
496919
674797
165743
812290
358982
163804
158951
655727
54153
684170
280601
628973
722461
980120
302207
543959
273330
55412
848457
771021
920499
63348
331949
571294
56483
439432
648212
97679
130083
129119
543221
274890
346512
350489
699775
501670
590729
818724
678384
576975
462350
812342
643523
105490
189251
404069
523526
456840
408852
906214
9929
904668
609524
446816
735474
867962
851070
747116
47918
195413
134268
710700
700930
657749
213317
419205
550080
746204
573056
216442
231508
290612
22791
494950
569662
582871
756648
313685
680666
535385
1861
306624
199003
239542
417179
683172
288470
675060
319455
517566
966138
773940
323140
288741
592798
46043
403098
329667
604467
422935
432976
33713
732312
719569
350042
687087
816781
777262
767789
718397
233279
766656
57447
739608
940033
526351
15948
660564
364188
573184
337068
457619
599485
108640
164128
682911
35405
203216
353651
707882
812830
128460
492253
319583
309312
912153
798633
522148
372212
24971
903545
41007
162168
123632
531424
600258
444993
743581
334445
853124
653063
12947
877639
927933
454394
706317
98804
55342
658898
529768
890420
533003
900356
479983
368330
31062
91984
293762
3226
480666
700727
557667
478701
886656
633098
466846
651154
774545
148574
151058
606944
129160
329116
118239
610838
766867
20149
516206
230883
204262
495538
510423
433537
910716
290793
804340
440635
709356
872459
944256
838352
79204
408987
695658
924528
907588
232953
550844
607779
78937
677085
242659
659209
472692
805919
516890
757692
505318
925618
380919
104209
366491
520945
908114
225150
160145
523729
276942
809621
554803
645943
446597
317550
402902
682851
479060
232227
400527
578569
360960
106933
910254
927552
346883
557965
72732
849748
449975
756316
779789
27190
796190
796195
114017
60307
839051
991823
949213
365569
415985
686588
642368
960982
81287
330330
478213
559507
20820
164525
581621
145086
391388
643694
690982
515213
159271
463951
358611
667838
228650
218140
972889
300548
779733
617597
922956
278107
725432
947352
129076
578044
91987
80019
470439
50349
206520
220407
972932
939760
748575
944496
724809
16027
482502
185073
819154
331207
824579
430388
403055
33698
231271
14559
150176
441632
48913
742210
222127
689422
834892
426877
394987
216903
278118
76223
846396
967999
500494
365288
867240
984189
80936
163472
650721
623973
952305
223905
86664
985011
212426
757855
205890
805764
535459
301257
126325
591566
405637
344791
48608
630832
475579
377762
835541
620836
963038
416483
876563
375825
840380
597139
870276
798526
796389
166194
922383
674592
287121
945956
700251
906132
513777
425397
861858
999464
737616
607549
893037
738067
299238
185247
830065
974917
745274
220139
471878
512345
157360
955939
423744
820136
527094
494171
356780
986551
451079
720442
293353
446800
224539
62749
934432
683374
965483
45338
223521
187217
374692
961505
758043
371634
178344
733759
225016
935185
674491
858556
783379
756138
128016
778725
185495
756038
179441
996964
434805
812333
874757
582155
182785
178168
748417
594095
674538
259589
157294
894321
833812
901
369874
949272
616916
269167
537086
193114
24455
630935
217971
448826
445327
582297
824370
416843
625515
963439
39455
607890
115250
942563
846417
861385
599148
506334
156025
283648
689805
782238
368812
435358
320975
544006
342158
326534
132203
16015
717597
611029
693171
160796
91095
217863
765647
212268
336009
725305
623890
776361
267254
301001
710584
798237
848096
865497
607230
897540
841013
193075
280222
145916
776345
883398
193958
775449
292684
211343
12660
106389
308728
340627
423376
501604
291162
751304
300902
269734
189450
573588
947742
703862
843304
851501
171866
871967
253093
96031
563916
131183
795691
85868
653425
485027
500394
458125
34797
319425
605889
149207
650756
396677
497285
172665
344370
301491
110768
137890
622313
176075
611113
448063
473445
831579
878443
620962
171309
170990
468437
886334
544423
320546
312783
800463
675352
194904
392211
451350
993336
345028
107295
341314
860270
555364
433718
201450
760877
210893
319693
196087
359146
330720
629209
550623
163833
65820
949554
696716
286659
625805
250148
578395
20966
375075
792019
765823
350953
354013
13832
981638
391515
290148
239900
745012
37575
898548
903167
427915
998357
944245
773478
459372
679552
145256
723663
259223
346031
289085
973810
839823
185843
271681
521798
856793
150108
195060
942444
440930
260408
772728
684220
341504
433769
687846
878955
337425
324898
673019
756246
612736
826046
879600
772269
890918
310397
607719
216830
986508
227931
809089
559517
16143
76942
715916
914926
170909
443357
595290
344271
609307
496472
926829
940900
737513
125112
287950
879808
734973
811731
823037
63404
382956
519675
3394
813656
742471
347381
988066
244956
531170
231633
621101
411881
88816
740203
377972
780048
765194
399292
608281
602670
917582
786269
484862
133108
172004
328026
313823
2511
492380
123759
590204
832824
457843
822050
196910
481306
626293
571452
139227
954074
278332
16485
61893
149960
577494
563739
695228
468578
863109
133391
483764
377471
269087
81500
785649
495839
397590
347172
596127
831116
724882
148041
178814
713516
259066
837637
613178
956518
829394
686311
488408
309359
409023
900843
277005
211248
677093
324788
872681
921814
811953
453032
453296
259509
75954
685928
778825
839066
817058
881835
161872
938924
958979
113014
737926
712893
640101
563386
232040
51123
775428
447753
74909
161613
860558
908022
595976
749204
277889
40073
310846
825185
577587
315740
387345
784517
817196
498454
46347
652440
521453
408065
831287
499361
790036
190281
343513
285087
450903
935315
989309
248818
728878
295863
761836
829097
426829
276380
590076
3945
761487
914543
930431
258870
69230
896128
635739
228257
389871
793465
221626
857870
789915
346811
335383
855393
219367
712854
944505
982789
672757
576741
731261
947736
646899
813636
43403
485558
125857
430064
685163
698593
830833
391929
142512
77194
330503
487014
629778
408382
864352
18661
38682
592048
760399
341613
696054
723871
896289
620850
112684
996196
970146
996868
612395
613338
338873
204805
509757
96298
543726
610117
907994
974193
534348
950844
944406
333457
109602
394787
863929
947409
450915
130159
262575
407922
464045
609707
872150
136399
941543
719856
919989
804527
361859
556420
834893
681579
159139
114445
874695
95030
27543
966256
154956
252174
873157
773771
432116
753662
263010
283403
57430
927949
935836
75882
602686
153287
95834
82568
53628
433381
708379
166757
70617
649243
145595
687417
380389
339711
105556
952432
177260
190545
952897
80069
692359
668075
635134
776058
503886
935558
538347
94385
146411
41766
296111
234475
834314
817379
648889
38106
221676
798358
157730
539300
611483
119836
105327
174327
534392
541002
902194
625091
95280
332397
742223
177817
982925
498236
812060
573214
496680
14813
125346
670187
70396
647440
267329
2501
576087
956476
268720
522292
422314
721620
654689
976514
446527
561318
324994
42193
984777
962496
4192
671577
916439
322751
408614
709246
972771
608693
629124
710090
79175
507446
265835
117068
258511
772799
155572
239052
890153
54788
36512
295145
175161
677077
346362
190290
396681
110636
448473
375325
614814
131285
586754
808455
6822
201722
465002
550601
90125
798922
739288
861075
397806
233862
468329
420391
8166
124072
988013
603925
185349
78832
308847
17103
791902
826508
26451
933352
161790
71139
866007
488237
837561
10174
939964
9824
584159
566291
809726
671757
671822
880368
128126
775820
642849
837376
297985
184978
14406
392637
38353
7923
714222
418035
617281
541496
150045
584237
450382
730840
181025
948670
510433
379991
370079
784557
396785
348472
923145
826238
944774
878496
683307
453593
987288
712329
932965
417050
901974
660575
340787
699316
109186
87547
954792
502466
706105
283897
925434
431212
817041
977014
178546
514459
540781
738324
592344
52423
437988
898149
393646
203111
18901
284649
518331
461964
99231
260029
238662
881292
859683
991857
303552
221926
308160
651576
806801
351996
926502
378168
818429
635646
684697
398466
644979
863272
656388
352667
906034
147681
668599
892601
645912
857732
748543
820873
782153
752508
267169
177581
527288
610569
574963
378116
901077
514591
444374
741345
15059
616173
552211
917405
319765
79355
234641
830151
375028
169836
501360
444922
923247
727331
429510
143880
600304
141698
276148
494802
769335
188174
278564
353337
468837
387950
907233
62447
219175
579858
368786
290983
669693
747633
48340
415787
96166
18346
110131
817739
508650
183884
311813
830707
609412
348017
255780
840406
584041
698949
217094
13255
661049
556901
859195
767206
129665
804066
627650
686455
716779
141796
603463
934542
883331
420779
168957
171943
485350
441521
729620
659986
959625
38060
928727
696843
683491
708335
445350
203303
230392
462448
329291
46571
321284
439908
75322
518647
683264
751751
246697
792736
65811
362168
245194
871451
502168
336704
703330
622612
706632
845107
703175
834014
221764
325871
257338
697734
804930
713985
469790
934720
52049
930408
454997
497987
799370
933169
883702
566960
5973
942273
655724
441517
704661
779761
39022
265809
495537
544403
688534
284600
593152
755155
264737
551477
160336
171513
111490
11367
219987
981451
469667
421796
176999
418896
279609
651731
272961
661103
557954
662678
128821
160437
187870
879844
303716
232117
54471
206836
117250
60233
55215
897301
700866
282359
255413
500635
138081
327728
825027
769715
60236
391218
59974
987160
825199
581708
296395
614622
49372
758913
53235
728236
58387
477126
218835
783111
590452
475686
215722
652169
358526
821766
55871
246000
732355
451010
530455
752018
740906
298229
764496
899694
165856
432344
187485
862366
816925
619202
137247
636394
72783
728909
534684
946102
322981
200729
539870
130907
217401
272042
663402
866898
754458
939885
708060
316556
402805
403672
949980
980832
452640
226542
674303
403932
495684
694690
232764
626108
854628
107219
76680
337977
424398
683702
589457
198072
116764
367762
466836
360867
55079
558052
421276
361813
900298
121762
503768
549103
653518
281885
760663
624008
282295
620095
243298
470337
29354
603444
745846
979830
418233
482278
385500
556880
812109
947040
922663
761079
972975
325204
590666
738597
396979
311032
731027
843734
739521
170058
617352
292315
274881
851764
77532
517518
373090
193548
216398
86880
387016
235890
942943
406350
852176
277660
923118
845810
602177
623279
769585
935926
616848
15555
812946
783587
105871
334345
953572
599639
241588
391369
26816
683733
844162
1859
174976
402935
80342
481975
47767
903422
875728
576705
255052
165898
516828
917660
965073
72037
840412
426375
438980
867129
896692
706436
506561
551458
253937
221629
491298
507358
302423
146306
355668
887265
170885
371437
525015
496006
547463
220455
229842
245919
253432
241027
702992
724205
811538
328136
883675
441067
782676
542924
311027
713925
731150
521019
477803
619366
671500
339575
244129
381935
838365
988697
406104
469315
926207
367382
612084
826367
718120
846334
680273
763207
272435
505245
258943
34363
65830
523460
547486
366345
414876
271074
195283
626845
298131
445707
537188
476787
375124
440283
635574
981260
397179
717492
765600
132094
943394
344226
331563
671974
395566
447776
59432
644410
267509
1780
616174
185337
916683
558837
926767
214211
449576
144429
110582
75461
174519
942425
388096
5004
616893
292173
754356
863739
348068
83188
104831
356632
538788
591029
811984
248320
156365
671474
989229
214203
745523
205226
461617
355178
553974
8062
712099
280413
475628
799121
745075
432641
299310
750728
156819
74550
649532
456817
386159
872511
941582
472383
65355
697299
536568
579507
370040
557776
343992
109335
973555
902479
568735
484389
444058
294418
321178
708548
328268
256346
871837
907634
18075
877270
658603
745469
593264
387957
661763
567979
840828
20764
628394
730489
904023
404275
961170
19008
791159
461018
47652
226100
769102
140922
335855
429319
455871
532406
896812
97195
608511
894143
4461
888500
805701
618887
539298
853467
560237
218445
945864
723871
571567
905495
247983
831749
178102
984958
237286
41921
677472
326819
932037
667821
555921
117631
480662
907766
414132
48408
216672
297174
413071
128784
156050
35579
735618
989848
439241
254663
291484
910273
686398
447025
491482
169523
861711
916360
605373
354934
221032
875800
801223
551086
634062
176677
329425
556772
444488
782164
289868
731071
878698
795561
810002
497169
189055
4971
80168
728589
480658
929700
62227
497047
13849
306437
409171
877492
521215
978662
612097
927904
575181
449706
394752
7103
206772
403009
902819
741803
435449
257927
414683
368044
935805
839177
749339
817989
71592
270568
333066
130411
996402
524695
504548
859665
261197
845695
834606
940126
197554
471489
441492
832
557319
716187
511328
495834
803178
676516
352985
531033
614365
637553
806582
744100
687694
3034
234109
397490
458113
322775
302717
585589
684892
242307
237156
936820
838223
16771
936766
34230
129310
692416
531851
405082
282892
711247
773499
62020
152549
387250
207624
845682
63657
509816
740464
949292
246160
378879
599182
397914
263038
999386
954516
305135
388805
853773
976487
377027
825105
756277
616855
505535
266036
857221
938810
838322
688591
362667
192292
277632
178521
678609
657604
823225
601167
410175
534046
730184
648440
518109
705184
633730
838356
396118
220708
884830
926113
835353
674753
308612
314569
452921
504334
799998
777835
635124
412789
364299
3332
232529
955695
423826
376954
266466
765281
253940
376965
399913
931283
469370
227706
929367
789321
726765
398901
425648
526528
802181
93923
527626
975814
583929
407914
753651
68534
328885
496757
822194
167759
724202
534047
681062
189873
189311
982779
701132
926963
486501
347774
149212
282979
404296
80650
395922
649499
9249
313239
636170
931068
490024
175616
964
345162
108839
894184
195592
849316
444074
38791
894755
821534
815891
959061
709967
206013
750858
184017
526512
749582
133137
985326
938939
226787
696373
275867
298673
550763
949280
576813
416841
271853
506572
202540
41964
935969
613714
99575
176666
574379
199968
341332
897194
831157
853897
772760
677998
301671
723063
321007
45621
148806
858299
411401
584618
746150
517381
642978
209881
981389
611631
470827
658962
120358
216691
39130
617126
63838
542397
1739
202958
10079
970908
299473
464491
328743
311762
368670
146985
433284
235530
34698
499644
926766
836073
701379
893580
277697
371709
237138
721453
582229
386258
697734
287687
610428
85987
451519
555605
581143
899054
481624
958409
764309
109920
915890
342668
256201
577840
790170
600098
541287
166728
367446
755244
54876
389213
163537
978887
935943
305055
547808
184210
442071
72268
989872
602318
143042
969760
385103
356382
212894
245671
840211
298413
593952
77426
516842
76654
96624
746280
21504
355967
164645
152436
910983
405415
821794
715164
852262
106430
211596
610610
735744
492396
82599
778659
227423
585225
447628
563820
676541
985572
341257
526637
838319
967647
442389
611286
481774
450807
224686
219581
528196
773282
257041
169106
357840
993041
399061
375466
893493
915157
911077
192759
130597
681054
776664
278617
611269
633822
3375
268429
589182
896267
300650
593027
164832
692740
334407
334094
940914
423883
951832
962677
272346
233009
808832
342758
550885
66255
592010
257674
174900
170480
700453
42740
403908
921484
621568
951667
763416
32239
849790
246790
652101
71225
88790
233839
427994
64574
968458
950880
248106
104077
706818
52242
75447
894734
121605
78069
518076
840133
590099
464194
331927
890803
988705
437228
290129
74843
847537
957364
398667
9570
691854
27484
937032
255375
555617
645299
862545
828147
748083
302287
610953
767586
296576
844825
907021
67103
404852
85954
972615
722902
902533
575508
464
7234
768236
503587
113855
513007
946625
800610
472915
505114
525234
556177
671608
760244
942751
505236
788857
863941
445269
655328
659715
917229
982310
407502
389970
163078
25250
862162
314683
932134
227892
258565
979860
363713
343770
253342
348739
981227
36802
644863
869986
454778
392574
954795
577932
811018
678820
132694
304263
609562
884741
587989
271630
384595
923336
698165
944313
524009
659810
744231
549515
8154
123507
896728
695256
799380
534848
884191
433553
793459
46473
664144
16046
366248
790663
213614
260022
596341
714628
441917
948398
303700
711126
405748
523292
54008
599673
426577
82230
861227
356360
641479
674348
933782
994392
532179
890383
87711
315761
550252
685340
971373
585130
979417
97961
349895
626912
558108
218475
893466
695955
759564
346018
990489
177053
570176
709153
950143
86031
599655
243389
180912
341289
474165
694290
504125
463670
764472
234157
859782
830978
466249
986073
814138
699833
150109
725577
52922
343070
781435
979423
781660
872420
403592
340183
346188
981420
430526
906323
594636
239132
878331
363331
679323
22040
285686
910832
498932
448096
510604
739494
449709
848006
832761
402876
928256
801482
897186
99841
885735
170004
702606
752581
480032
33293
412789
390337
462480
612250
261745
925604
693636
187382
520529
498490
284818
704170
580301
257531
490526
844012
721235
899694
756921
683858
226239
777976
73699
895153
701482
206597
249649
902550
655706
301714
306314
375584
750551
238740
255883
452280
56413
554120
610698
930095
684781
635224
523064
601266
301182
202663
970656
173100
925713
833273
997900
536249
777378
186818
51846
111042
731706
65290
56828
903545
6689
278777
661949
948146
142961
63812
382816
643869
910534
86068
556163
559196
836306
620880
578097
559429
484941
470119
661981
354933
798665
499196
442059
673935
297891
784142
377038
990416
131350
839810
735212
693328
832041
286831
301661
348184
260297
65350
911602
716634
875825
112348
725395
172241
448325
180758
676577
74614
138239
843632
50362
217308
6336
502314
553434
228009
744712
681743
538975
523121
635265
618723
9317
88560
526901
439336
465807
542820
180001
602061
754855
170629
889505
598324
88093
342498
838538
57118
249644
410073
823574
469110
232602
355379
9082
420150
149214
678810
50836
534330
983323
456439
28800
90335
682379
991916
607754
615511
395319
590251
545917
15693
55010
175089
72474
736815
61062
894819
817189
430301
287158
686531
336345
945964
337826
179535
307131
785303
480441
492854
260875
222466
232233
420920
936599
272684
259778
861913
477291
728434
160376
838785
172515
752762
781191
255411
170401
736386
381105
624104
437593
782021
502243
392583
640137
661831
395126
606404
28038
40126
747792
488082
262194
374429
173995
294854
3018
236477
926638
735498
220316
591082
871671
58170
763605
42056
730170
612062
814136
574177
443139
319556
656363
975372
786327
998650
24108
367226
676728
258725
924705
81632
572232
832769
140876
821629
74373
836662
304093
366599
915763
832659
139809
507702
303511
48809
977945
935148
836767
329607
504805
429311
707615
411405
899871
456869
343670
507503
322373
895483
69199
759304
362254
7602
933443
772760
518813
376598
691676
523228
798291
34812
876917
844617
127807
332296
703293
666916
772849
837272
241178
930240
869164
80849
122218
694485
703929
609796
181796
944826
420888
220732
403805
115584
68306
158566
546791
410602
260906
191709
564436
885068
845297
876434
505624
320383
809145
154325
209036
942014
61985
368514
829263
621216
574223
273738
645575
706994
808765
196893
281413
433520
924458
595761
716806
165600
937520
8178
257110
925580
614325
342342
566352
818522
345339
576315
107904
638793
520019
615056
420585
446858
69423
460637
431650
435833
642964
310943
752539
865974
65582
987044
154941
175332
13117
93327
83376
212670
83182
447561
707510
100369
521669
539845
470324
878426
528309
62573
522641
627964
543058
302062
898999
308765
63261
489885
463095
133727
396607
933700
74185
127158
576401
405902
470064
499883
942296
678282
348732
74284
943054
721823
155817
870349
627803
454477
812453
744031
650851
758683
12591
770219
824376
774371
532187
87820
752816
161782
351474
380262
667154
9709
372214
819783
514666
501325
127299
304664
797756
715862
916560
352447
181333
858664
147797
859413
264380
782611
379591
18239
539464
955897
996671
603499
750923
633058
763320
649321
549036
758940
792567
332387
800019
476749
426053
169275
179133
834647
49752
144191
377967
945382
983696
732683
612167
781849
658141
127740
193453
22026
415101
200076
492521
433340
103715
61071
926159
738848
103731
452169
651989
264772
310826
889130
345157
577881
58139
445863
244877
654047
165268
62965
782196
988207
701279
890020
788455
335012
669988
102295
975922
148071
833708
121308
446538
361942
747392
654892
202246
24209
155760
831488
223598
981025
194991
348557
570988
450180
555548
735646
796639
640921
166171
241102
707791
255716
978402
907294
390202
88447
705872
751993
772045
841310
867127
360065
632174
5117
989882
80917
998006
321640
305618
246242
583676
635686
256043
827491
150477
906947
746155
853942
493879
742137
173970
285660
387780
391547
565052
882189
532869
409053
829892
298422
544772
34275
104323
249424
330971
572452
795894
569950
455138
499034
442557
521091
942147
272137
280128
989565
637291
573450
667372
11906
969113
738804
985435
818293
721304
146533
261202
595653
457033
476786
601315
785699
146074
813481
929843
863005
768979
451903
320726
758556
396559
415003
897110
857014
187271
373949
81811
536049
179530
699789
111428
429205
5129
384572
158236
290349
724238
755225
85063
140122
752525
982514
950355
604115
191635
934884
971244
562812
627483
562306
777984
240098
573952
181278
823873
130513
177356
574711
56072
103123
474478
7167
894039
798085
847370
600583
906871
28887
812907
294153
371264
838047
669524
772370
38071
938331
433012
949322
330129
524097
494391
149793
602966
217605
299193
474008
417825
281703
474005
603497
330628
823797
542684
982356
65032
791588
360609
501576
674641
91911
284081
927210
377248
87530
807521
657156
38451
685710
369087
588557
854983
757056
96234
541009
130302
738648
750526
923197
26139
507339
807783
495241
547817
845358
63191
754626
129788
677896
673618
831475
999567
190994
980902
329007
917708
302029
211385
717310
388267
201088
387707
244962
295730
785421
987194
569156
920090
97455
760723
67392
995410
608146
403654
840522
632348
995087
724323
100731
474262
207747
798945
648380
219859
102987
507918
282765
925480
71517
328928
772915
991811
93446
597545
580988
820213
142012
887913
793328
278160
302687
796349
517334
512491
75665
358966
947423
254018
368814
553861
770740
670010
509866
773394
164311
793475
567366
860971
587000
458711
188783
924633
767511
893407
849011
673807
944848
543220
619296
644860
423368
875778
712443
739135
103090
762505
849754
626490
461055
727229
133151
715712
621792
917390
775825
191848
638137
71682
90904
57155
653091
830717
995285
822186
447774
806691
440860
524976
752466
901076
787855
192310
70720
563478
218584
571038
197450
400593
815618
468248
862427
89139
766900
384088
39988
434163
403852
229096
423252
72243
983252
48793
215427
87999
624868
668565
277116
758835
314004
842576
224693
38777
786203
167581
106700
153518
81929
795997
571856
373542
553245
416274
490408
196358
352644
51473
72100
80400
30191
120406
682910
353788
554575
251953
543116
29185
887152
526943
906790
9779
389679
988340
90798
944582
443929
143347
624736
141744
963938
699968
944952
767725
146495
867692
508443
967580
20064
848688
492579
281607
470349
195509
194890
340736
544092
358992
568050
153894
310413
360331
70222
570055
863362
346142
163569
211615
512670
382397
584881
718207
347640
896715
30967
745289
924476
572268
198118
612056
824990
815096
482278
253564
449788
207819
307468
618594
455952
151161
900072
217939
693326
925791
747434
59027
87392
429588
364337
128681
877564
209471
889330
717183
351262
711874
280705
539359
164455
237908
393727
520349
263826
828077
758817
492692
473423
798810
501080
392392
413438
340528
601890
103979
201737
141149
785389
612667
247326
421658
619619
554696
392904
519997
58455
535827
480169
885482
122378
250066
727062
126761
661913
140945
289103
319124
384071
117170
771993
323047
166691
235605
404154
117626
524054
814866
170513
764170
559499
615395
57487
117171
240379
31135
51094
807802
256084
697889
26220
531014
895045
954311
751131
285615
524200
519126
895017
649199
892493
408187
452655
710262
826335
100333
723417
375577
79542
847854
385017
576938
803640
95919
250247
682850
558444
965523
390265
846075
595165
647692
568955
994651
314599
230818
600972
537962
620833
370770
818549
368836
227367
816403
242790
720778
733890
134324
128750
189011
545718
175136
485910
817281
899561
718212
215323
820206
692715
503879
718855
952708
981990
607416
222315
872939
116003
580678
585851
888350
335734
720296
130694
621143
899784
554077
19792
237993
401663
144781
741646
387692
191436
507151
951677
213522
334800
698116
883743
778712
88876
637728
29779
712665
600547
566537
754255
94204
162670
1559
735677
590286
297373
171644
590448
815082
537317
587005
737858
986901
892746
483486
307595
901286
160426
293020
204480
233570
620003
184276
598309
804518
927266
869249
346032
128125
255561
14435
582716
994834
313852
235386
996070
495615
857097
161649
856200
572483
622705
55512
755216
224275
588247
545994
941756
166151
467268
421998
711988
420981
472853
15640
326851
857691
565890
725455
559668
382261
224843
608938
160837
459311
275521
555219
930570
329077
508782
846445
910817
912614
73186
121042
172814
920294
334747
692149
396403
434066
331408
211111
277933
945359
716122
590453
90893
764987
916991
634286
414769
194309
264669
751554
689471
284057
627504
160197
227773
950003
318656
133779
925904
161429
591593
568846
311824
879124
903112
715267
395780
430412
140095
93803
295935
207027
671270
915597
377366
321035
982671
878656
918396
820977
444595
33231
702589
277971
834109
273205
493587
284479
198323
119431
725288
680150
276349
319921
431529
769183
925652
830744
231107
626872
233032
529375
741118
819559
298861
963654
896562
47054
651107
363372
732009
34685
135297
37749
45395
815713
78174
650374
37728
146523
89851
284013
785790
671340
134032
953758
487919
837644
595570
213336
651909
281818
348637
129767
59581
384941
23844
144898
2998
610568
135474
747412
187084
329900
825852
630104
208982
611336
366021
473181
625208
631628
804749
93865
869925
33243
170967
467386
583604
789343
361110
890343
468446
448054
793907
588902
377426
810121
183741
472550
135477
837246
477230
683420
313913
622659
675798
988060
959577
748427
586663
37917
189358
595542
62428
395039
32369
95400
485510
332648
621966
382619
963764
961449
385057
558928
308606
796672
993167
514305
932782
490135
698052
801970
371980
226345
298372
80070
347589
151397
971504
708590
390967
344107
509848
607292
600796
80563
872823
886166
521104
306125
940047
287686
274944
429187
577314
203821
816561
657370
287818
399640
768938
892088
345718
642859
961600
931039
533633
508409
573820
412439
205680
492918
345194
29354
819528
889348
715265
648905
711690
575849
156522
119052
858252
178274
672942
905111
500085
96464
158721
223576
885653
425233
164069
710252
711007
938154
530685
151713
681604
452960
423087
93462
677356
709094
584372
686783
925331
928240
255423
133829
430399
59301
22279
887178
561626
438644
636595
90122
988464
265342
262369
920029
232645
911857
169812
487961
535316
224308
71160
383188
263904
627518
915090
165383
132921
398658
576520
979853
225294
974213
984714
696523
685481
877647
719644
851563
381579
169279
846530
385216
7844
789753
873863
246478
425583
384571
741033
791073
692072
527886
365668
418459
262571
317272
916121
867788
115946
699086
582939
172473
690571
596870
946839
236287
950812
992042
200413
872017
605428
971465
84879
505310
245927
19591
178468
374286
942501
244149
936922
288362
327215
783932
291958
613467
217591
980530
605817
653898
197012
762383
98529
972839
907103
842425
325976
663494
253741
536827
49278
833251
424744
252564
93518
543622
870220
562796
467375
320129
689212
845601
355993
201559
629886
588288
293218
321015
399578
725712
420516
940645
919818
122951
922765
792570
918750
865184
150211
125698
837487
104580
894258
672835
91389
408293
165363
588189
545704
887338
691802
78861
783623
987268
514140
710283
269481
254624
36699
497300
930214
216117
633296
896258
231200
158461
406932
319574
646427
95232
456075
961432
582838
10571
785133
354581
663302
721920
857714
952456
716110
723591
96986
686291
401436
388770
907542
439212
691843
885279
74774
477589
559600
319142
665328
98371
78379
647154
135786
375392
206828
396701
492516
574444
708951
121811
798053
12799
925270
911529
307840
663657
596306
499462
710562
855610
196110
350591
567675
605789
787488
165057
472263
924511
744204
601511
746488
902606
686334
770988
948994
380604
774436
860346
706115
551971
749798
632801
313804
558306
997571
845155
703312
794213
395593
190380
976232
961956
747504
664158
170368
479106
549780
234251
723618
945493
512526
797884
307293
943301
806190
829678
331601
810381
728662
521308
863834
121695
456886
726007
267543
324516
956063
165619
354582
469153
833862
973115
143709
215093
715608
507333
767767
532031
654196
637439
734490
866460
598666
347497
523857
828366
258190
433276
497099
356216
24152
645768
924319
532613
363163
506075
523129
306089
787328
468765
438662
232895
855966
72441
320312
565778
408472
172150
107062
642871
413076
965988
27747
756439
330899
616753
274058
900875
863922
209435
133859
724960
166332
557248
981316
62010
724137
655249
153511
986708
289848
195173
345044
92069
89892
313513
376939
316574
153350
810678
892240
670160
265927
609019
46579
444907
788159
222553
214010
194786
803951
701774
131598
366058
57303
482760
119167
109856
283701
264411
460181
465098
826588
336910
627316
335925
52205
703568
417579
564478
16628
915016
796121
658733
63457
67274
231100
453564
776929
230885
749399
424693
201176
201177
3903
581369
446974
873190
209603
370269
737299
516159
251510
46254
507264
341405
171483
712661
580940
431921
684971
217174
810615
913521
833669
288114
370806
473556
577587
806381
977932
266841
94420
300522
227714
702784
356204
948722
58307
456092
104261
475923
150614
92544
441919
901989
771064
85079
904571
703464
48469
382928
382624
390153
998179
919414
518280
403139
662619
225117
134731
303138
11349
950840
225574
778147
986560
410376
435335
579000
514043
435695
382967
464808
10194
787683
975332
196690
300952
338429
719946
766929
769117
387377
63806
475579
916940
177368
412055
401348
504612
659114
335353
769344
155473
115463
53887
634950
204198
366452
888068
850480
970233
203299
399630
974654
229596
845034
422296
478618
952883
621014
877499
615798
154039
666713
969592
912146
319558
113438
844580
702617
528868
389053
748785
57067
820370
446602
812117
981302
508681
917128
954072
878589
322323
129467
432959
423227
369223
212123
483152
242080
434847
613284
267714
496762
158967
15691
803075
724783
168164
566603
156517
526503
526447
396892
348582
636614
969325
905221
725786
613335
257020
597065
449591
881156
346972
703101
618429
785473
680871
807353
262976
951369
517167
474669
85203
469889
832050
497995
34387
830776
6524
140002
46285
751824
268314
8139
521037
455478
33654
508028
964612
367052
13460
718394
636501
409896
801960
13931
436028
487350
980433
187913
190939
784633
90742
71347
300707
272878
350780
560157
92827
501265
357409
315560
925200
51257
894520
171661
719834
969886
422465
437810
328710
666555
707876
765215
398437
928334
429130
902026
626416
347453
763544
425998
973078
643283
11273
888250
124324
86823
479143
109382
671568
105501
181350
8417
924770
238982
678877
786021
730688
214691
976738
94444
633428
720775
281536
237372
851356
288666
627991
999774
499341
504505
665745
804364
91365
979451
602109
621832
234508
435855
611977
460617
337702
75905
589536
48272
879736
762523
747422
683354
647540
176680
469292
762990
959779
783508
78397
70870
679405
973295
672612
891818
186824
170640
263695
40327
721723
19798
714148
973407
481934
988298
690486
345642
836624
606816
872804
67835
963268
956700
688718
725165
40489
787986
179893
902332
119845
676422
207406
638384
970637
300721
926211
781939
484820
141605
573735
41668
459981
513032
58835
254084
940894
426300
704961
209646
570947
541343
850180
736420
330620
441774
601602
6628
155413
92100
901776
83609
791568
826305
715752
293710
228976
428806
533641
696125
861668
649116
473259
223686
721487
684468
516446
26747
304752
896841
232190
20760
839155
639073
180693
982416
898579
250995
67469
140098
17898
579043
539664
287563
64726
16233
184062
496308
435082
707919
882634
708940
218542
133657
303090
612881
46772
518078
299225
272200
210681
785941
200322
530604
928659
352011
314859
44547
35261
200464
141764
359691
372636
209490
204618
662356
74541
781794
550789
963431
734414
929586
320922
189732
849381
646847
876301
740714
597233
245580
540760
879790
973867
270468
564512
884271
641560
14081
442138
479296
98286
824874
41082
443460
592544
542646
318611
960440
79176
357712
940304
885994
690545
892307
544013
72136
989310
305076
282515
258579
491449
842879
223854
178547
603836
95034
13805
328483
354678
702374
176182
29836
719770
719075
594755
5680
554154
134835
281341
952253
592156
400343
850995
786498
714726
379221
722487
725181
242411
405403
869717
761106
945986
988285
665457
505369
746591
126491
105148
654734
61344
283038
654290
967468
939702
380129
261236
835667
253806
41836
565021
649765
893275
711515
118147
793521
995298
903901
750891
716871
950818
945560
185065
461483
675069
707946
78451
617508
588744
715275
494049
191540
365707
292430
309252
229153
184245
938822
876256
312370
69983
977477
469511
728886
856059
705536
785875
107325
87001
449742
850623
728426
541269
453391
191330
976992
29345
966697
984842
142106
974891
703534
945201
309655
942442
453850
284319
92978
961610
326264
645659
963599
184690
223139
305423
88754
793966
910250
368311
947434
581886
395725
745349
975466
329338
638628
631637
482935
524320
298975
509576
968125
617788
919976
217727
633021
948979
996837
258934
133345
50027
9817
157434
748209
200026
95402
41352
446365
368426
276669
954436
109562
923782
952125
608659
99978
686660
837755
415125
558516
558831
548656
591170
158994
489071
608925
887008
926185
517591
612051
48414
681396
854220
65999
220177
803033
332045
164605
706120
969981
482914
391837
218509
520883
755301
397059
264123
150991
698535
379320
667255
270297
523201
583550
72972
676829
139257
476913
819111
236512
585549
823177
647084
48813
606815
240956
786162
396428
865212
678721
993506
176788
624394
565678
143335
470040
859342
110403
928658
552381
831704
160575
121166
45740
64716
635184
194874
339938
107085
706185
418280
131108
837831
830891
430898
420368
967193
446022
602740
993743
733214
476505
138345
640423
837975
402837
878053
704685
280310
539359
437228
643032
379913
177269
820846
751600
259137
613224
31072
461092
316639
487623
76088
704891
438842
355612
450693
280931
367151
273552
13736
45734
196837
818537
224051
191674
501755
535924
661596
334583
39825
543166
363677
236835
566832
166652
616300
78761
521303
496138
713810
620969
276387
36944
975403
683368
942106
17729
205049
609320
106836
849725
521892
627283
811718
707543
467154
765521
931116
556336
397023
85881
770514
22274
622905
656931
910400
399865
421467
99228
774592
729211
184932
900339
782349
195721
899795
296560
570714
520381
183650
188388
8187
773043
305084
27996
944116
381316
645851
675951
70621
557422
291522
230135
754990
410319
583636
887900
564653
456720
394960
64140
941233
280543
700714
534855
841425
482964
659398
763990
963183
598645
243091
100187
622426
357077
238850
225796
27492
138327
891106
315097
113474
744400
179994
544373
784793
614090
564418
169490
250027
117157
752734
119229
756893
57241
380855
479528
680612
633430
260568
67166
904524
156812
851298
271953
896933
926215
774604
599823
367114
656050
138107
18515
241295
336508
947002
815096
777350
652759
840214
191945
415854
333213
52633
32371
258937
45005
543457
173788
361913
331764
855516
235020
588134
623015
197090
272585
592398
95532
742382
238914
332633
543865
522042
969249
258744
437780
436087
889667
441834
875929
515878
765572
507691
252250
143574
838579
697081
389665
18746
405541
130308
622672
886694
47653
248433
106410
939430
839817
643019
809322
140091
874911
902471
101265
336115
268039
315762
167357
268132
435162
539513
266485
41028
91912
81300
353409
553896
627904
117712
554934
248791
22984
236601
262224
43851
703980
389728
706295
632515
781779
619790
141732
814600
895213
661573
696157
933882
911496
73711
889244
885461
466626
807462
387662
526406
443737
407007
86263
995300
701726
337908
520242
431373
810824
42380
679766
899486
809573
869480
591093
627022
387243
816717
659838
63911
594605
216394
283074
808290
230761
893733
538068
119455
746302
862310
931273
538110
512059
18815
269854
887709
290194
593110
22073
417134
50731
148913
233800
258867
491925
61437
843718
516377
177559
760251
679644
614831
891877
63240
770404
516929
911086
599815
658760
500245
50386
800045
295689
405889
194673
172136
732316
999719
285215
58157
868078
101839
893363
259101
791049
351967
803198
905875
945998
902585
585497
956108
502754
234289
802072
710323
749542
718570
119067
133257
574942
959116
528770
873966
444851
492963
404544
311694
939795
44567
887433
140075
196598
637316
316517
547010
566780
158197
54183
523357
127602
961794
492150
92021
62324
938179
471626
933057
752940
252144
341619
298207
75000
985559
193939
737886
666218
816376
515948
866278
349609
424384
850516
62468
972468
686561
927557
727766
92103
573066
697361
166543
288598
231304
756146
347048
131446
997369
838336
799396
808667
647144
489211
463997
972156
980810
404744
898288
126099
825108
666937
635426
40128
962679
672133
156270
813773
850361
351959
798540
155084
158577
75777
833631
819229
7007
84561
320347
293644
541222
886908
50448
40215
323622
586935
325848
18701
196858
413925
51865
872977
848843
281323
470264
359230
686991
251423
540187
989477
654434
531550
832728
836145
899071
41148
703487
509676
766043
281687
870272
57562
794782
692868
127227
111875
60094
17259
589667
210574
773818
41327
762829
56457
900721
446981
29915
136902
246940
173030
89279
460575
420654
478047
928878
353753
860935
183046
101604
291622
199887
970311
703757
282820
175093
735004
323735
555844
700100
317915
264274
576933
428191
763689
574656
692319
470873
964620
897471
981819
767987
261407
597008
412255
986227
485342
794563
298728
374109
280161
418561
684272
789009
690854
974133
201007
341313
323207
651608
173821
322892
727690
394073
680181
755836
93655
814437
126837
706649
834628
673432
691139
340584
408844
807168
313226
790595
411551
1353
868162
313686
362643
108363
908653
53363
923960
367597
133373
620307
647688
732980
156819
907498
574781
268332
182754
571365
760893
446129
916402
263491
283569
977754
129793
559501
190131
672003
694979
490164
772646
809334
135114
158021
643679
959414
320834
762699
392832
328935
548947
418753
845478
84765
795817
977266
576568
234431
157072
542127
149728
518295
86264
797228
424982
945722
386520
18680
554712
480206
196591
293592
905846
113661
383334
277759
833225
27125
611538
855403
34308
423065
106773
43422
884514
333063
459684
384951
851135
955014
429539
178734
702403
275212
706476
225129
230905
632426
719534
568829
18045
694741
394866
857604
591764
124178
379641
1367
484502
937277
546690
382568
537094
574197
653031
409855
399618
237224
712999
529231
905621
138294
184063
185588
898986
280708
363313
177420
268508
878368
877030
817967
865064
595148
547183
485132
99140
552617
227687
780769
722633
752897
670581
448022
614155
87985
169582
224631
797001
323889
537623
580940
401728
359426
985159
266071
850074
689011
947883
217578
329220
567311
789092
525538
754717
244134
439819
204100
204681
532855
126676
878770
391590
179191
549968
951561
907671
584000
62924
121435
728891
683545
308631
304260
250882
289630
773153
189611
335318
175500
823871
89559
626740
959723
405516
755819
49182
709592
763433
312063
799017
48750
809572
476701
714097
364689
464438
713685
464621
96726
698919
139901
131037
958802
423052
403977
68320
49086
664496
248003
520162
785540
377873
446375
502002
287656
101249
310429
282545
29142
12270
317843
689766
127748
820859
754806
755375
138563
23244
240014
73874
119592
499937
223668
819634
880721
552154
238768
989533
451222
109721
588083
183810
606734
367108
23853
213376
425211
195049
18252
550361
626323
459581
669139
703301
123820
441085
556370
497955
229699
391926
645192
494026
948328
320479
28497
781950
225802
128292
256781
845631
821723
569086
966352
10939
391967
166077
746687
135715
467606
3047
271757
489626
240388
173114
524306
983626
537242
549070
442821
171281
405570
896343
536598
59097
771148
32390
815019
575430
575728
938958
829940
53896
774335
447748
216429
910992
325995
392351
345072
691806
255023
423775
420724
114233
438556
525067
277414
910073
603586
32786
365282
126974
207351
105683
606606
305795
156359
323128
135187
838732
595896
439037
647033
514429
594104
999567
269278
917573
357285
816847
321875
78199
288697
737973
445075
855289
223633
356562
160161
924693
935896
719662
112637
165101
957652
521807
217346
782411
352205
605531
21599
878551
149397
170261
119984
221985
446585
555843
918968
795294
222466
202288
561213
690736
689896
841741
387009
326110
995156
87539
982616
331299
321616
241092
23211
209890
11662
518639
79559
75511
787922
238737
552290
15528
929788
513337
865261
851194
808950
722692
461327
350624
486966
975207
189443
991630
2096
629068
643983
873837
220380
866707
114335
585959
89055
63545
440255
469153
731865
116822
120178
371081
615946
893312
918385
424196
347553
834701
584003
540618
727075
386998
725301
711822
663796
211672
593911
10837
36038
938516
602771
372072
589595
863125
957130
10085
726712
872113
332941
557615
124392
295849
247765
298885
840873
580363
801823
84848
968056
580407
566344
584790
163700
174654
9920
894636
61105
554662
210478
674505
525276
67530
421792
800149
685062
532446
207277
994976
39439
55248
275626
456783
780720
723211
888453
860337
424164
537429
321345
523760
301300
346392
725262
488610
368798
233726
250436
75455
544353
510581
952444
414893
857320
883602
768971
932600
232400
893970
191132
727069
943000
221819
76265
85893
997348
151841
452438
992399
106414
65796
255850
469126
496010
765079
542058
347954
144787
18971
737236
731978
609015
899434
375541
574663
746077
470352
838695
429715
800174
978580
343019
757472
442631
623124
664991
94934
102713
972942
538268
862180
139963
839035
417774
262648
999981
401045
704881
559945
362889
754106
547588
687569
335208
945769
131501
576281
136495
403176
62665
620076
147348
123976
920046
641261
119184
287104
246303
268741
92899
633335
551339
699444
288127
162974
107618
866697
59346
979385
560757
859436
79987
575293
399337
794201
620136
39637
961463
369447
893906
559807
747012
36998
567990
87955
695672
519176
995496
893988
195069
251286
409174
659135
27478
941571
120302
190544
398361
463613
667757
139492
293387
717855
651909
254281
864598
551780
423274
909394
43369
610935
627450
495031
985068
130598
203975
878169
955615
638260
165058
429538
601678
750221
442565
60299
50611
851028
122748
88055
17384
232345
936241
37885
463495
650022
414516
602755
5408
529592
93155
628037
559062
769611
651035
481141
816534
380942
34811
432637
603317
847606
964434
645152
240869
257839
827429
792446
146580
994348
301470
58230
829346
651807
363923
345638
176828
203461
681330
5389
205850
978841
870407
580434
771985
316712
758250
498078
244053
5060
221000
147556
306127
98450
907980
197440
58903
507007
396649
115901
336463
128207
757382
543601
243611
79702
529415
774723
196480
953791
505205
536013
655064
443529
923337
67868
102575
357650
618458
922004
528894
483276
189920
59633
979970
403020
519140
176424
117111
57985
893126
528363
796854
979713
466154
123148
961000
276287
650369
900857
133798
731673
723823
333285
830511
529742
43422
553352
648837
414477
339679
647228
794980
359272
591608
941128
249312
666919
120270
247802
570138
267385
408304
111149
516126
531910
546685
523883
194140
203616
629108
482539
649025
274071
187478
461371
697522
575147
807930
511545
90149
617180
299821
971963
461084
245022
866243
631183
565758
627433
355519
700188
584211
93676
478874
383655
623067
490913
636147
5554
874316
351484
482772
658366
148775
107069
754333
579186
39926
25957
598672
304980
232484
529285
111992
852019
915960
583089
361398
214439
178032
181716
319401
590065
290102
964701
557689
153148
260545
454487
786369
762181
168395
240727
96023
640534
493226
402062
696889
94637
761678
779518
375317
344764
289686
447690
792756
401994
537999
613798
446533
435959
433545
657389
803970
857116
192472
998097
44737
356433
66148
196844
466777
696712
564013
2294
70831
221206
814624
96208
65244
29330
483086
168956
370236
81366
773455
206000
711638
927907
539570
230591
177251
963425
513119
152887
635325
53635
97548
800074
110565
798729
616088
589476
670449
761567
715783
650011
800720
742371
247387
339077
141435
48132
108043
429795
185083
443397
799267
66554
514641
912993
57783
909442
505861
369289
562693
205752
259534
848073
529894
904526
308698
15240
221361
219970
995900
57838
376109
363724
576688
558432
220464
818033
334219
101094
169496
743221
96323
73774
353829
148653
541592
763882
102642
977395
525343
25620
741838
79730
836137
855249
602107
986720
267924
964531
490946
646860
348334
598489
152433
15181
48385
733361
308467
991578
99519
99422
531466
957560
827915
399413
978475
265614
152097
509920
718902
151380
259620
137125
636560
314410
32003
240705
406303
815429
271686
844590
698209
836100
231099
411972
250985
286049
651575
459516
546936
939778
464843
498127
516468
624751
81989
112765
28551
461535
447200
681129
619799
769003
938185
268641
556189
24484
904526
906428
407588
652608
917349
257052
143264
102767
591191
80915
79657
316107
841800
998434
339091
384302
317731
134749
873130
845855
536678
970538
250639
440548
579527
106600
387306
773243
915138
429036
809034
879779
485184
294118
293921
653141
629861
977762
155029
528720
673206
817451
935492
590738
425125
474122
761303
711074
978043
654636
103809
562378
601953
553313
903061
146723
811979
440576
726018
970888
7170
231337
214956
769516
387020
508195
344295
195784
771641
657251
56530
140205
558157
875502
806030
907639
47941
188309
525466
613474
83336
126880
665101
911350
544492
629766
292334
720094
164897
190743
799923
593943
443262
994812
243861
729092
145190
121751
253324
501598
574166
931332
900716
45064
645327
16065
33244
968384
849242
657386
921838
901682
594557
181404
495648
607974
435960
710716
852910
119706
975292
827024
557394
905835
815081
54090
325722
132844
130498
916710
990499
477913
247536
141481
104119
75174
335343
891208
960513
49200
337369
367531
738921
252693
696589
467526
998608
490143
19388
207783
61097
220891
364688
490703
204466
823176
155449
461175
688399
436779
646933
659764
115841
686272
846330
981684
785607
126858
590883
317544
409489
943755
847478
120700
163805
224592
819118
19201
769649
57828
915306
585644
408627
932389
651729
300408
568232
98675
304928
345446
563207
834436
504081
361573
613881
503188
346153
107916
650160
653690
829407
148291
205409
756246
158052
615170
953887
146087
585043
72561
812310
43513
98807
733359
275808
853115
771507
94895
255687
839726
184466
731964
754776
528122
2476
604445
184032
953947
927409
223123
963270
308216
595413
871295
983237
162708
400728
616928
745668
917469
813809
110266
982547
591970
749078
427411
798916
981474
541547
1624
88228
169919
774404
919644
644053
651666
746649
836928
49289
288280
437061
706605
554013
703369
81082
452798
173071
940873
932934
431035
765726
490616
968634
521665
502397
20132
82428
333949
186227
415262
999915
794967
364306
807978
352362
513963
137361
102864
354764
187826
704968
745423
770202
686207
39560
937265
975491
776358
972053
451898
536545
865719
711490
358522
691364
875304
55655
571842
845213
749904
962880
620467
8233
80208
397733
273265
117368
339660
819682
380279
28665
828887
283890
315781
200676
556781
431197
623220
998691
941977
822571
5097
226526
561847
34179
338344
781217
421716
50789
752704
757548
752497
729793
141604
475864
881639
400498
845210
425697
975268
799258
329740
504148
307859
214426
51709
213270
72282
576238
715861
58702
611325
295204
429277
123952
815135
809783
585990
712103
594089
465868
823331
296798
185731
400456
495415
947116
409280
124876
763753
92826
880214
109262
895188
25169
397514
109461
662331
252261
786026
432401
842457
831736
598708
249044
337751
749708
698325
77617
584087
593833
255563
344368
127405
850087
87979
690154
473390
580697
811455
300999
798176
659926
529287
349842
811921
887589
529504
366454
75715
69636
679043
79960
463044
998037
286116
658384
854684
88230
774202
315973
459616
286363
591582
356643
290724
108474
243981
442812
464142
688403
171400
480888
893445
210122
976155
952634
820551
719427
129722
31122
612122
375208
522118
278936
503066
613530
506031
684075
616881
751794
526836
189126
111397
278066
519943
12283
124236
993677
988620
497680
413530
633359
809855
481715
184923
829162
718580
489434
757948
847007
538490
953979
764867
151813
909593
149605
363871
842745
862779
764090
367706
947555
416359
209417
569130
364192
425768
487180
979815
244689
873484
360955
190168
673023
929800
399051
672358
870570
796473
799558
234290
783149
479429
563336
723074
272399
190368
783571
758550
507432
554347
563216
48473
316205
651958
958115
972979
89371
832422
552425
777339
53309
716018
613457
72330
841625
665287
153940
778603
577789
289740
128658
154414
866657
400576
29258
149212
716793
939838
207094
89156
512794
600034
458305
710900
835014
621126
286758
588483
310422
364646
634278
902731
261443
478754
377957
222005
64784
825249
93602
436781
896344
950865
504466
759860
507503
494989
462231
534995
672120
779992
627810
649261
958595
535878
333602
377966
428960
939002
109991
925664
719429
294794
394200
973532
287191
14783
718797
182237
509784
106808
609610
193008
126638
786349
640345
678727
616012
142673
633603
263021
200191
387601
33706
204373
226007
32250
878918
660427
744368
735735
597114
926156
454428
217783
185234
762865
547310
741421
3036
459717
618982
454513
907808
804856
446644
387332
624829
398125
55979
384817
698017
893934
272195
817870
624548
593919
232971
560994
746946
903504
532521
145697
85939
287243
88591
858194
766825
670798
444924
500241
710245
516211
764396
438129
730295
789962
948190
431097
171664
646312
896256
884751
241413
159320
403064
369011
595554
63920
665297
337570
762473
23807
293888
773082
748198
886627
223379
587837
928688
674231
147957
443407
269246
426985
167200
358106
131043
84841
353823
258801
557735
877309
104511
470289
43588
500273
104082
409443
753530
653932
859935
894494
408975
843743
434217
71945
559015
696918
558298
944670
20283
954993
154828
204490
696313
529836
503796
107985
432504
523033
149164
395151
637846
632496
490396
130073
682673
540605
484228
778626
903486
929143
147624
27897
367113
279665
779351
768016
83337
964393
982874
509335
807583
39166
363446
964775
391147
995839
195038
58811
72331
521567
265017
177016
612786
841156
287115
558605
723360
909502
702466
19701
198531
152277
913120
662809
330602
413051
536511
933331
853858
779360
596166
586830
235439
967461
280295
254985
250665
586920
349329
569658
82032
70398
887545
454799
841549
161534
786177
638927
296102
646010
921602
702112
613085
218889
82107
706017
4807
833664
614293
782519
794820
910783
879314
925670
451840
558567
765522
816021
260677
367849
970626
422068
135610
864762
171041
239225
406844
293538
159600
88453
743703
854836
276598
190502
575584
745048
743917
883061
219187
545604
970892
670944
655557
614281
181170
758530
835877
219914
48940
162414
634324
408839
336675
593163
99325
354967
111461
35353
175698
652084
917070
977042
240645
9392
246355
438187
560992
303942
848106
464697
738818
14540
157529
101937
391799
122628
938714
586056
771250
884113
536744
524921
781225
606086
27690
305509
667790
357338
871608
56596
678757
142904
419726
310105
865350
473459
589004
645140
777393
782167
455079
461138
771529
294170
119024
648463
687535
142322
661503
707291
907132
329280
150780
724761
823386
427497
674313
932004
82944
66246
652623
125965
517384
266289
159716
131136
743278
153728
680662
587717
623079
950350
544215
287522
174107
391988
960644
334813
908289
32663
650900
231646
131862
821275
745946
845235
105338
841782
454134
726574
292199
659999
696990
39081
942286
872357
514628
656554
577552
920027
868645
198433
943382
604401
408750
929870
256013
99806
70218
769215
678593
958201
32396
223031
34005
525351
674614
187819
473053
74607
176676
893542
803928
373226
674328
516300
607117
662486
267683
831867
734080
607369
228140
366541
607057
986498
91808
386042
831218
128987
755574
965403
760067
789082
908253
717961
239756
272423
461893
319972
292374
64473
149639
868335
465766
32297
747762
165657
977239
825928
184563
600022
877715
818380
947808
570412
496878
711301
441889
770698
482015
645038
720891
816978
782619
909376
470395
548792
459727
611104
948027
694850
170810
360120
182676
165807
940262
639010
88480
34932
299009
69761
192490
878497
384924
307562
504373
985443
270719
971904
693157
727970
325670
623262
476622
195338
661789
805996
684568
73640
91955
148949
737868
362730
804382
586831
856061
792713
70635
450009
940053
76418
355040
136835
295803
895743
536432
649575
949790
652693
955097
767349
116129
377319
221982
767276
104675
831207
836508
81957
353001
907644
566988
277577
601131
836096
174996
386979
861496
711456
394825
973648
261766
462439
681862
298835
61082
752724
937314
423941
601872
639399
407312
508010
258568
599803
869208
986974
571629
205261
709358
217518
330083
815642
118380
605251
532556
46439
323825
27576
156856
867994
229525
109773
856295
2886
122632
239221
675259
180292
102598
880010
200319
547644
610041
995361
256782
988355
373611
537463
266401
287774
456293
755658
600185
286053
360681
322372
795557
356611
442505
253138
774832
852762
771683
141524
592747
544323
940345
74797
253139
168819
950193
438457
146078
178425
252774
263262
639015
974948
707368
913659
667699
254657
71575
751806
508511
684417
292823
725394
854696
828409
540336
583541
798359
158468
671877
804647
81351
118275
553519
603646
652500
826373
812150
189399
558946
27521
694763
957159
330055
138112
123749
562479
203222
117912
102294
131534
854089
88146
658057
190000
513674
865837
527418
726372
506270
358332
886801
856012
25262
744042
381437
273453
571316
461982
451370
292455
902142
904057
247518
509374
147938
785468
460661
63254
205951
234375
814327
345213
135787
766332
631187
917155
523902
211714
742971
787109
365626
561062
291035
621510
409558
275035
573495
925246
603494
413794
14880
857069
137704
348165
773394
754216
821997
683901
917805
158452
643937
728883
433422
930641
144121
726307
862346
415853
980345
869021
964998
920826
481696
302630
84278
494105
432752
317883
521072
61301
60381
814901
476204
692077
154514
818504
669147
371881
666522
32037
238560
89102
849074
959232
366767
790860
706088
519724
495233
889556
57135
212065
865137
487399
960003
583968
670454
574794
308211
613293
835261
150102
332560
358779
210531
84587
439728
482662
616524
452037
324831
514970
816419
944039
117475
732049
532398
478067
324843
533625
411084
908379
726675
702259
395790
779058
758742
927224
972528
616540
775377
6038
754291
291940
501040
518744
346392
931756
473783
842820
201466
657279
972719
797502
722505
699395
792491
527754
538271
160010
906998
90095
381696
370503
589595
662903
753267
284125
518671
94290
29879
111123
415487
974810
853284
921572
357938
995953
766496
320115
270683
127814
398458
88028
206782
419767
206694
820966
88508
156304
616341
43412
933821
30898
677105
749339
302648
789391
626034
425005
687138
242130
449632
358836
775217
751195
798181
453274
872779
876136
499534
72261
354448
775183
792670
296352
941184
164071
87119
73172
528203
840263
308198
94359
170996
77990
386097
211675
117473
554914
51680
897766
266753
387548
460670
452161
778458
318656
787530
864842
970158
596642
728438
257445
135561
294084
281723
903119
407530
922228
998807
309138
185995
565138
971108
601237
371343
195376
289494
86987
566344
416978
591697
453260
407266
112532
148645
824064
880623
131435
103847
322103
203983
654915
607853
989654
821691
218184
449829
494893
195886
903297
275987
81828
865074
151382
519269
67346
65155
694130
864500
462448
611617
17539
664025
796194
393143
709854
32042
324725
60131
844288
901904
709671
808482
127280
247110
869471
859225
472128
905200
476989
366210
956273
497301
687244
629681
397430
403707
978772
114562
920529
325470
776268
589346
118554
95308
474797
768694
601951
884640
666658
585131
467812
8473
620444
678491
380107
535126
680705
712857
278927
871600
337092
600921
167786
697396
995984
401791
944407
958203
385566
617154
654642
57384
634854
34813
433019
379966
790321
597266
69241
899036
594509
551995
181755
508053
898522
177454
558585
647152
214466
790444
964570
677753
283270
75047
25679
823170
684147
749518
826332
434810
874547
540918
510263
758695
497471
302246
773193
93571
729842
54207
349841
194673
710649
199046
770152
889114
993703
325648
431391
778984
217189
91465
303556
500895
292551
105888
472068
274643
932473
838035
160234
339978
740952
995858
627077
525934
68381
164563
676072
660206
435252
88497
499659
568819
738027
606529
321999
812795
483845
881524
333087
112083
178671
680610
859762
40885
82954
232825
5933
690491
328615
55873
5412
492991
715217
433163
429569
909330
621891
560118
731581
659669
793658
738269
172940
42999
824357
459232
299030
121995
343418
835981
593247
136965
727714
786860
286471
899409
979732
11236
577069
850895
303039
705613
878959
32175
888609
964691
481933
583142
518517
417603
420716
939594
367753
874741
130486
783184
734509
940631
934430
956575
379912
250706
932481
11280
606148
629594
72680
987845
672361
138455
111338
406819
349832
82539
505839
881773
481421
544608
56911
215934
654072
595247
656408
947299
996645
338415
635630
717331
731399
9817
737037
461771
514547
476724
476011
923338
61144
993
863033
542118
931149
522757
761863
14026
68547
388750
192519
846477
489882
336740
833321
857455
616207
414510
768934
186674
449234
536382
159641
592083
246965
326298
588103
700836
583681
749736
152383
326791
685091
640885
125917
133512
116484
971810
438696
973400
318006
198763
369755
166626
241033
329621
660353
943692
741182
275380
390265
992908
937363
980950
425817
177764
725309
204752
845423
709948
533556
231074
226083
409690
641064
655305
493304
449984
680401
856866
933617
243298
380452
662454
758928
86594
597409
784422
581370
563818
329033
964276
135798
432261
361389
773035
246676
428891
804962
54125
425578
724647
684817
810967
280697
754839
884907
858322
866991
942624
657017
494521
708934
376443
335761
743138
838346
981951
749541
865164
375415
632732
438837
880035
54208
421553
964580
59570
699820
760267
673321
912101
57051
901371
423068
906490
237863
718163
256560
706628
680230
726269
236480
471516
124811
443319
576834
905572
867692
467118
625560
487353
292830
325494
646149
17909
201724
136228
40060
337565
678663
409417
727508
947566
995111
472139
312025
570879
826768
260001
600700
993875
23872
476074
203882
588989
552612
331051
855161
512048
597978
94500
823231
159586
472082
64525
445949
551517
722893
990962
661049
895714
683719
751080
956457
91130
325810
198123
214475
15770
154840
618325
723922
301298
378849
963773
363578
396946
443125
447018
114748
413689
703161
968691
708126
167484
903542
670580
715874
845776
121176
425199
463646
422772
21458
214396
531308
600957
248094
805422
384887
26559
794402
631108
348534
109973
180463
40841
115893
701006
927970
412425
659983
151732
315501
468528
550584
463162
590832
550144
145079
813057
617793
457454
452912
335239
276427
832026
764191
756653
461394
785130
20769
176227
741588
31426
935596
767474
505355
973921
862624
306533
245072
709659
824437
870357
282585
982319
312467
962448
873571
562948
886912
151269
602283
233861
828787
337231
92821
646677
144520
553852
596720
561137
818381
546744
636497
162785
602681
436283
106651
547291
786940
636939
762721
57972
908210
904911
560802
620099
956337
802354
751475
507669
562753
343408
687674
508998
318955
52480
392854
913090
292714
396062
687836
120344
307326
216244
208445
699896
747360
60132
604483
1225
109264
556661
311354
553641
34442
918167
814123
971778
920791
267924
115140
705989
71423
120790
922771
219078
629660
568399
257393
641076
24137
368969
653243
461555
32890
737418
982460
920472
798117
344803
442919
417280
717534
231829
81215
858574
372481
326433
665689
391359
569160
483115
298297
623083
684349
171402
510938
340250
789001
856046
308810
868608
781418
610094
818225
990423
222915
832622
308978
884375
769101
44266
551337
743253
593579
483041
860437
186101
149404
339104
23887
810701
902474
869161
471352
299032
462655
279233
784114
773844
608183
782035
239748
759609
176976
515652
578529
347541
400542
694676
589378
745545
909595
424813
804912
814106
908219
888396
871710
367924
257118
189961
839218
563010
696735
916036
650724
653154
90826
741422
101567
229321
715114
865521
811397
78963
420287
271677
522352
535428
63246
438960
373778
807744
542867
583586
58718
143396
167186
182410
400319
652831
967947
400144
674022
186800
355404
8815
320545
115613
737952
216390
36583
585101
993381
659836
128496
845059
437116
673294
530433
962295
562457
644855
974789
294867
646906
265210
660823
128903
640244
536015
504413
168329
664040
945448
801102
886764
767957
861470
604755
746396
597191
817085
36939
50868
658990
977321
736681
392252
193609
72043
177848
13634
892865
564828
731519
577619
42770
147308
989952
348886
808420
132431
32986
81350
969592
808134
664270
811594
818238
260294
796830
485363
452803
700614
275217
454929
775175
575274
963860
708978
326828
905671
303227
344376
486091
455570
626021
755030
873889
656810
308604
50535
610791
944255
307867
389163
667967
465757
704267
505054
964298
512857
276390
85879
180118
321238
71005
431162
888629
299573
829205
473210
496489
708823
526827
666159
299579
27727
484569
855856
627563
673385
287920
179981
709377
133458
15301
409355
21634
764514
808233
370236
369918
304717
267088
597755
18374
245153
888466
600194
169212
173052
967248
141544
526786
189838
452399
385977
138772
501319
243968
41971
996466
247325
913408
375579
488182
358267
761530
30843
7812
696905
895627
594488
689374
516372
79486
952019
743767
46875
520277
68412
474847
908853
635945
506702
236733
304802
687081
223596
725468
426924
606462
653686
282364
335353
415247
280743
233865
252016
354336
918669
826121
178374
676757
603878
469294
676900
129813
774868
451851
414583
297866
150141
148835
852179
870660
857730
511518
397700
741309
33178
352277
916339
857783
453258
639820
936434
677570
172867
305279
37796
330330
225112
452757
113804
162220
625498
491185
247024
476409
623570
887336
657193
37075
727770
95181
994186
107653
739416
225895
403243
583248
865304
414084
704401
524751
612229
313063
245499
541500
944516
746268
504396
593739
123758
852204
979344
181428
583079
410925
669676
132046
66015
899569
551207
330263
384101
651742
636303
469840
150883
794142
984969
556869
487930
558316
234745
261419
478715
778255
788938
783393
917054
207460
765210
366361
849891
719123
210437
750160
296675
306212
86477
279481
633170
863658
621987
319096
689011
257757
388308
587465
957879
22982
932243
667137
180436
581395
413215
993005
572158
362570
447184
339671
941125
344026
960196
183590
629259
73998
137888
512613
884832
455579
370757
459100
647868
259992
19537
715674
741976
337421
267791
564693
646121
721891
263612
516264
699194
558459
417911
353786
227237
186907
655300
206847
427693
620548
60924
267032
15035
610975
664725
352598
954484
123477
990026
561692
926515
670334
90343
173538
483368
43249
969843
350294
837388
34618
170809
639773
770944
104809
340405
866422
661441
297991
810776
751680
633226
461028
265848
975890
727623
128396
589208
661000
156849
929752
890639
211550
259018
514080
543703
135924
483639
633742
918004
417777
728437
560782
348990
140804
372153
1441
687373
349830
561000
829777
375681
918523
260976
322367
916907
536824
869953
646104
537820
870494
334828
421414
989896
150916
925142
717442
52501
870387
213848
939752
903686
784202
645495
165987
389631
978946
954427
886887
713396
715660
606830
583165
316850
657495
996275
760152
522698
885293
63872
892871
126165
515709
134521
130692
10473
818547
374634
475625
710103
46083
375841
138114
539549
854790
37926
549309
690479
302587
652120
313150
810397
346158
133286
536911
142305
504565
808870
770741
335687
269015
962005
938462
246201
109704
208236
188214
20390
478672
427419
78744
339919
497417
484837
842913
301358
573511
267351
630113
493570
788626
690726
835243
532027
409678
530724
809548
759359
415164
574815
576600
970583
126425
393302
770655
515962
578596
881625
684095
249907
707581
284732
896147
628401
948585
609783
954954
802027
948530
123357
143186
276782
58411
875575
497522
223748
306642
395325
68855
445315
11342
530800
400518
223919
432919
687831
147729
470093
381684
863251
2405
163013
685344
380449
130143
143410
88006
398828
730750
268618
818220
716429
373332
953317
133740
928480
451735
902316
987740
520836
843284
705247
689999
662510
35907
673154
67381
53483
526709
200293
418653
48
772714
773135
975963
108767
22463
626950
956485
778905
838660
218814
992023
646522
359916
810268
903670
577653
291997
544741
918930
375949
731880
693320
889956
278254
340562
222276
64727
393574
587217
449143
909699
526147
860435
729797
178068
6537
830135
271393
201609
842320
823839
274939
795417
450744
142749
255110
180464
338954
103242
273828
435030
685229
163317
939441
736433
32962
722745
910569
339681
529180
445544
604791
95433
292191
137763
165851
867821
132084
959755
688310
293047
956518
821970
759221
793492
908444
863467
817624
282683
886899
742944
436830
740110
364856
537090
835663
164505
235583
870842
438949
878327
731554
366206
50904
589587
618842
548128
733893
124940
931379
198208
860794
858802
642607
551010
393889
918638
592697
588122
541510
691070
986180
352676
998918
296477
12864
201232
231702
583488
959673
573466
672045
819133
502668
778200
548303
355271
581702
565708
83127
154708
464218
905561
337441
178591
29887
584403
298865
456713
730148
403503
16963
649819
339985
553881
895184
827750
950427
557477
855609
471243
84548
815837
374196
132567
338797
272376
841040
817670
855032
562924
263782
689321
470590
886170
893470
281825
693610
418664
28891
273803
438064
201965
802948
4150
704494
906181
213808
259599
105053
937539
974381
993054
557875
770374
274029
543017
840345
740004
424974
280182
84996
762308
833605
354414
731634
254664
917158
555549
486979
789735
490002
450518
171634
256344
621245
787060
50990
468138
821402
209147
542937
992369
618086
550428
72476
357914
944718
565655
451877
688672
442686
895227
272638
907031
695687
265865
499723
816614
230700
604151
305440
300050
862730
222288
999420
65141
776673
238584
994151
784077
754115
993806
843235
499696
240151
870826
579025
957853
561866
916421
835812
666671
289940
807672
653690
934059
736482
820701
477852
673016
185445
619026
426963
778030
921015
130972
252581
889670
996261
476135
235243
842546
599965
672427
605136
619142
490229
543659
49448
721619
797206
971543
974442
250261
315779
565522
137164
718786
260554
489358
64378
110530
773317
418258
588402
497342
808781
260445
806014
77841
847421
531941
271503
977180
745054
991416
829555
532918
194292
548164
141619
747648
818852
953010
905612
270230
783232
572396
273480
469473
963889
834751
48951
911753
332736
447196
219599
579528
244929
3641
413150
112602
222236
656021
636775
771920
931129
526680
884577
115844
578119
743896
212872
114407
878314
359800
735773
954166
890943
807275
683265
225867
547340
179862
475690
369488
303433
677972
544383
772750
218693
397203
574550
479716
786295
469915
924679
908626
742434
148783
829165
474613
312483
902156
136697
323981
258778
608718
639538
536954
990003
651442
564749
844102
639696
854966
251876
622939
288341
240989
192150
413909
564367
569359
427452
96690
9985
836892
310339
469990
567437
651233
451435
385548
89148
634627
402843
185462
104490
822873
783774
74405
57937
466342
727230
700244
877232
642435
629563
894127
935447
504411
709032
734177
59090
722704
816291
273611
811504
66556
854639
250256
679150
800082
985328
281485
600325
379298
184130
625254
578701
862459
205494
757820
622604
729578
572329
945530
907360
833889
530819
399055
610372
565492
63305
929654
367298
295612
187936
137008
37046
966750
307039
37587
535610
964902
156303
555388
179763
832653
621250
806369
739191
470489
516173
46145
106778
921827
215779
218620
966996
386804
843983
224511
85136
379209
50381
510039
991891
495030
315078
552935
167175
33639
272679
224373
133540
171073
421789
864030
102010
373734
943471
207338
291421
307992
174327
168250
589933
553653
491582
752926
385024
307936
400051
363267
919534
44033
855560
928777
653818
687778
811626
513075
507544
168954
198170
167160
516767
282503
442541
428278
223181
450836
519900
173638
673713
456986
68169
89962
925305
910531
96719
712035
110424
103497
534532
165856
793300
143229
254734
974864
645673
581476
410847
634520
860509
920956
917902
161952
17697
89308
330515
588168
279905
992761
681247
716153
503721
361989
150166
171350
921331
356017
683626
952912
360721
907091
780373
16153
79923
243300
70962
929776
64662
649504
649977
508123
779210
801616
953621
201843
842846
493220
545892
485401
366249
782713
792266
396614
160696
722939
799922
419585
714831
934884
544163
82601
550814
674403
662714
972594
403970
964311
916170
133229
19572
639930
219469
160511
949714
643867
243717
964467
202120
147011
734131
516972
814107
242298
872691
427379
441618
310306
369778
366639
208577
534400
208654
877298
505651
670107
690120
469679
440051
625597
959784
85130
298871
99542
235054
946440
828586
969664
822000
483686
167700
158942
15957
916229
506280
374365
788972
858178
804075
313372
942378
575268
413180
861928
669118
27631
920580
407072
284115
632277
597178
594168
113313
87180
496467
432792
239856
973051
186501
914468
311723
18381
462199
251223
831837
39656
756551
985160
543562
42616
617591
577999
623788
351589
140789
366209
550281
795363
458373
361430
454253
101159
108301
175788
274570
969719
500476
172068
31208
536218
907288
293354
918154
703599
139940
499859
206687
846490
622442
999903
167714
28121
550762
279453
244815
340660
152159
73070
421121
349139
388266
754401
156781
922281
874398
77950
857013
711054
988711
233823
282922
957995
947735
994615
687329
882447
197519
12150
85424
985950
588742
319301
97350
905512
450489
99180
983396
590296
720943
397524
407036
626115
632744
44582
39076
45408
681057
95377
444151
789207
417991
706155
508616
599666
814454
194863
296068
573168
913964
185573
56035
240824
978063
475167
832331
49323
906071
320287
944257
883410
520537
321238
589708
487094
839985
905223
547560
304719
816780
785674
310820
328020
274895
818477
271449
661425
587048
868917
140871
394967
218287
969730
692557
480557
535928
441424
431620
154212
239992
877914
77881
22248
124368
964633
707590
70514
576635
559145
486796
557818
547409
785741
455055
975690
16565
958985
251246
706734
941986
990381
859965
334664
466508
578866
285569
323520
259254
825981
808199
842008
699920
393728
154849
413853
148874
622464
996926
701561
800953
598641
713125
790374
312420
314557
562254
159421
240237
227043
41693
940588
722775
255932
768700
651974
820920
305562
61779
184885
948412
152585
441639
581194
593747
34487
563148
574709
75320
259440
529608
451088
103455
934081
57478
830101
940859
636862
381812
523440
928361
33376
321274
179760
125308
304070
662678
658327
947622
784988
471000
706640
2687
941785
374071
980800
109493
583650
62735
34741
263377
854860
109816
766011
260641
521855
251908
608141
589128
294966
650516
710441
85982
915042
303319
256828
782341
555694
985185
405373
152777
811294
413156
605910
906611
979984
976653
43900
110955
657189
559293
29664
29063
141881
20322
135037
876340
90189
954482
29778
83967
301446
461124
875434
290177
300110
978059
887254
12197
967385
525871
508669
255383
669954
467273
68938
959691
453011
744699
893635
69159
67044
89962
690810
45263
392026
105562
374940
466955
513489
974116
778086
150806
583636
981462
26680
795269
839945
666471
584706
515665
53674
836565
233883
578628
375086
60509
948912
246076
38854
601687
197209
2271
74051
991787
892487
741212
496212
991796
148378
732441
962541
626479
857743
851071
356292
814943
99030
935646
469173
882497
555778
171709
691206
178343
750874
30594
651652
737268
58508
782202
93836
460851
676865
67654
624998
798484
276684
475491
509259
225795
742524
493204
507015
28198
522704
101102
811449
646196
337994
600704
804344
474349
61212
863132
191888
767481
166655
368966
626410
302945
168163
453433
248905
197540
482369
96976
995504
705463
386252
257048
170786
66973
340869
557999
10177
751070
427694
269208
703768
946343
416214
7391
917428
590525
338259
204835
223341
552671
209870
555077
394562
35064
197176
128684
935842
781054
454235
848882
384327
344938
811915
337838
209725
67220
555835
675998
57665
381866
163563
337969
736708
610573
958783
159343
317199
957640
989548
629062
481984
193005
210507
291954
197042
350798
143248
498631
552507
13461
215764
688350
11599
63873
611278
673626
239681
49469
258336
387158
80362
893086
16461
340909
942306
557241
637449
891045
919915
433887
318633
595256
213422
665335
633018
553601
957149
476470
590381
157312
394487
329789
868399
467274
135786
642830
290711
838160
888850
645036
413433
22153
609439
853903
692632
102783
149206
742913
771768
762099
195182
874328
811920
189614
969114
6992
100894
494502
656742
57093
471573
923657
356603
139785
352370
831721
992829
354152
863021
870915
553491
327798
16714
502509
627398
99216
168910
868700
156866
786104
499151
52879
235707
304519
887397
529116
693993
236942
360188
219541
712051
931405
991627
824663
237290
780111
377951
214062
719404
42784
598801
963752
902313
490797
618518
904757
149378
722550
959797
851319
448973
778034
902803
381356
133045
405951
887850
875381
534015
412291
152728
385091
483367
585317
837460
900253
460008
138914
701883
833552
780123
579148
402633
630195
357239
536037
465251
759381
351415
879892
706448
987014
482201
898306
323016
231999
630082
793492
439013
102062
654527
248773
159094
307682
169894
418015
319603
120720
881179
694613
810890
865408
698990
236544
686744
746327
37666
974004
712179
630145
830857
48191
18724
191866
226762
119485
397426
458682
628549
55579
725145
872059
589
621862
785882
289384
805780
817295
62828
642212
367972
808829
532112
905779
909257
87759
131138
8905
550285
85421
253323
944557
159003
62089
639155
277578
602437
716600
578964
601554
620449
200871
5642
782735
231630
370235
120839
483464
223060
753225
980803
174796
626154
466223
501584
932254
940241
679053
679563
363197
275101
76388
590127
6606
336979
121673
474435
981672
231790
480005
153844
825084
745596
769548
401917
992031
663462
77976
536066
9462
534028
344546
316221
688573
797774
686717
75983
880371
75368
756047
585464
233574
497013
697644
349922
424150
92884
996688
883416
526793
88872
536953
318996
121003
838457
416479
278133
943391
672056
708177
138959
575846
678623
74222
63068
199658
694455
482748
135121
682984
27059
816040
242828
723833
890
37083
843177
104123
212994
365300
734516
876064
46872
7336
824952
681491
780988
93620
637494
669698
268200
247994
871218
319372
909489
167039
290855
508681
833223
423488
778650
56432
468375
744940
354444
816489
610319
645571
786888
146032
34369
153097
399517
33890
157729
300838
998310
922792
550441
736989
432517
32509
133915
525223
743022
217437
309350
845292
498143
855628
206050
711389
495277
586048
130550
149808
564922
796523
575385
352377
1347
466793
553269
653794
967702
362947
412455
150151
558561
260830
802083
69232
988964
572995
215285
167148
976904
717132
893218
779206
769930
592615
237485
545575
579024
238346
659189
906824
333020
255859
936828
995665
371166
611291
760386
101139
232867
208247
782480
285599
134636
537257
114192
939457
860122
330890
391513
730908
672324
355532
612105
153827
997035
903824
508684
703217
181509
558083
167161
306758
399541
904053
771931
195423
197916
843320
10124
473457
613257
922929
159933
492993
641228
648446
604435
615139
114856
856900
216748
8845
830886
662099
941567
224983
964742
830776
734946
153041
513169
292000
62500
448577
847370
377956
416794
172279
817026
69429
583991
331151
295307
586661
644373
83971
387524
439376
404752
840234
284947
480549
25553
341841
370
85013
502569
360884
888992
410198
895187
854106
647799
213780
376796
328650
273438
341237
53982
92397
188052
977735
804392
886849
695853
838345
663033
429431
463962
604243
925867
198187
197152
967714
372781
787518
697643
134212
620009
991057
370876
764380
163972
423199
606845
957459
81155
949175
199989
680987
727499
876501
134742
813409
538753
526748
729908
721551
19280
421811
959504
531835
463944
692089
301011
884527
771684
747366
515798
999317
495332
204415
347742
107903
93593
700085
981605
888529
288191
900187
401555
379724
788548
633091
689292
114423
959719
48244
978658
226028
676476
255177
391531
608572
662283
891369
528558
220160
86552
801566
461111
547773
218686
189268
880842
288627
467893
17841
286132
597954
957939
764555
85693
582585
834030
457674
471929
51261
793790
577691
499517
390995
19105
461198
449903
949962
184345
935886
166135
461256
452528
846138
6930
699759
75035
740708
521349
277739
373436
952805
331694
15643
6146
29274
989429
725465
330540
954304
207394
628776
989546
393768
85449
940985
431076
34006
19040
524314
888980
884540
676337
245372
751822
496270
377386
634271
526304
740738
382098
645020
622292
812326
528150
368846
949202
401501
296770
956446
541794
574071
309451
492010
645392
627180
813512
196050
187752
392693
997825
319326
184289
823176
81120
949711
133462
151726
966276
921025
69231
124034
951221
983161
744990
471304
977970
538001
402374
500071
955557
683581
428982
643204
85944
175929
487698
833277
879168
383697
246930
465407
332119
868236
785572
284293
229641
440630
540397
681262
632933
548937
220205
849144
62451
350007
851457
593695
529860
126679
81985
115276
913508
121641
370889
273532
44588
475464
59413
375598
654388
159787
935302
963912
877798
786135
750017
975111
758063
791141
796471
187361
67854
298667
859455
322618
476494
143498
676574
621054
821265
961684
242665
196961
73730
841303
20482
929841
655788
128651
524478
296788
809513
727380
919399
492324
607218
182195
399133
817443
319638
577423
315223
102557
937222
11740
382087
377625
782604
961830
813852
113339
84252
339964
69473
992633
816579
604731
268674
428664
928764
750902
51887
353282
913634
517375
39321
748198
900927
16661
1562
263213
990402
143337
688689
718900
678927
236431
463211
189163
878513
994430
748189
471209
423915
25795
54157
397545
306412
621833
959024
430437
928352
467901
946382
635469
131427
950753
525058
459684
862672
562671
343645
921784
75960
25703
577898
16316
208302
221175
695309
161987
705152
234631
76741
396123
990976
805470
228176
389380
586688
387252
742318
75660
908891
930452
875133
900680
45680
442477
173699
545840
719658
518519
544011
44696
446715
700413
803494
505863
562791
415562
486867
369590
592444
903028
528889
346406
110560
46976
510672
322078
754307
610992
67616
49024
552307
446192
128482
877191
896398
774425
614914
463968
115281
322847
304966
191393
888655
652830
803464
437290
972670
671676
186079
998615
859884
110778
559836
83935
723407
817180
266032
689804
242425
475059
894955
140375
823274
460548
721951
281055
592767
775383
733539
329158
68873
800157
375219
334121
917177
736318
454517
792569
66935
436671
465815
148090
544529
668173
423187
347608
783248
232936
590868
200993
796967
852911
60851
946212
314117
252676
917850
418403
494538
984539
213129
671799
893333
263972
965751
176513
606460
724243
515280
421704
341717
841928
548125
797620
449201
714912
235394
584742
64745
591704
810592
2418
430800
338585
267355
937210
919367
882532
104501
918824
580720
942170
138521
901895
714363
48425
827956
813247
947292
797263
14910
735595
247517
70860
75543
614041
121871
528360
421068
194781
829468
383262
156344
49810
202424
434852
854727
215342
222070
451032
611414
54209
871351
78280
268406
542154
365821
530206
834000
152438
89629
125990
361634
155638
88019
754110
338279
345275
802415
55385
830037
543505
558
629999
69760
210261
906916
773061
99548
637013
889620
996884
333024
672322
203874
293849
301509
618836
501151
29881
219437
228155
309828
519758
265889
153085
152186
94354
213619
216177
816918
171238
104450
842390
580962
944768
400668
478480
558678
622832
780094
109441
330406
320973
321078
330304
778933
394752
943594
305017
113639
203564
811697
177569
633684
974521
481503
947027
429016
985788
428510
166284
873927
211076
266679
314816
129406
48132
585456
892119
433621
15192
914320
671303
163760
382006
185598
912078
28085
447218
837256
237965
109207
895725
953535
657276
864017
450395
812414
792142
202735
412272
985292
769442
324614
64999
622679
711074
578052
421423
169313
724476
157858
90162
117943
459195
597878
619714
529883
929345
316324
469602
808899
507171
935221
351535
830586
989665
231360
64682
872037
55872
779716
356515
976032
28038
357592
807362
657223
691986
878969
66357
21713
630997
68419
443314
618774
294833
71995
365671
546929
502700
933832
365830
625664
480017
229122
955750
75656
650339
834723
769240
271670
270911
866907
504263
494592
685581
92223
660682
538922
12258
221217
687882
150501
236662
104123
827595
538322
641725
871940
148953
748004
248356
889829
391375
356962
716329
457669
396551
228044
936535
836288
286745
947093
460765
376311
779666
584463
512010
122945
526515
969957
539752
494976
598050
856385
160818
321294
403186
247886
280690
944533
703882
401687
106619
544702
311860
376782
73408
641409
741444
535017
205520
864411
753315
881511
538735
652062
904567
88113
172754
576546
14448
547483
172598
777241
141234
936969
933853
521408
179098
442863
289446
587250
741807
425200
428808
11543
512423
937896
226987
69753
454483
26565
581411
785015
299880
581136
881865
221650
690858
597514
907000
424228
292790
698673
396001
129969
578733
296610
900364
601686
617273
324248
290091
82014
875901
182418
973212
428660
832413
903187
55612
101298
423654
448643
748323
34135
725468
914419
625471
518808
840415
920638
371472
502861
699001
480266
514877
354380
272711
991342
497810
886803
395713
596462
418903
8030
87975
185121
323022
1497
932617
48884
637192
889328
380531
567815
859108
867906
174644
89461
387365
999731
59850
1969
391535
111136
942892
435403
297246
123118
682356
745042
972611
699900
334118
925204
694844
531447
21281
570113
500719
301067
355104
943150
76259
741622
199277
203573
334203
722745
390500
642233
392527
263657
2976
424391
230632
445730
716740
864024
358872
68570
626664
449715
504436
463763
27613
760687
463216
21226
495199
610390
717013
44365
501142
527397
812577
438154
849545
664753
972283
492994
873696
948515
92881
213948
207956
881444
250704
128726
800053
183252
56767
699990
973911
522547
382392
8606
479450
686306
336133
863870
878613
518532
185427
935076
432543
691199
473045
150382
483449
946335
303864
853344
911387
393817
474942
576369
378521
681900
287162
378816
153010
635939
960423
793124
532342
828856
360484
442720
154385
67282
659088
316917
488951
702383
38718
633426
74734
549917
590485
802087
274547
363043
256711
498711
119754
452540
26092
392460
980005
192003
284026
986340
20912
121898
962723
92297
883895
461796
261195
680670
481973
708387
23397
626709
78842
312955
474473
622813
694199
297702
800308
515449
972649
877921
776763
494316
568992
810675
290605
131728
310252
22605
996453
383046
347427
409997
386825
615816
353744
571613
176578
567067
100667
360696
788376
374240
733969
859085
839017
885448
777648
116027
34885
596775
530769
867709
401129
543202
36371
724767
149718
963
852640
892334
731406
966635
911422
342127
281771
528551
53684
986245
884764
141531
748054
237430
551292
895962
825840
950791
522256
376664
734603
788419
163101
993015
611422
66843
597284
331261
96468
679143
724156
519527
620342
268362
606666
487318
223542
65204
197726
297704
479575
12290
994797
15586
342843
862464
306919
834569
441163
207502
241781
759184
485373
305312
13137
353323
616005
595423
472577
207938
921242
730349
353521
808129
299043
944838
69996
336332
80958
255041
633591
964816
633581
929206
143370
956149
229342
378874
940396
84847
382486
811334
236010
583220
323385
724150
3955
561416
462712
969581
86419
75251
15383
862421
878026
12756
799130
71876
747336
732944
300107
688378
29640
504739
314923
212935
468934
868374
482867
771914
893342
745617
547333
192531
232131
563016
277364
954218
61912
291217
149164
293929
910766
612502
563392
414916
349915
121958
671759
769385
518451
878822
918289
519362
301734
431652
320963
871000
268534
181324
573869
35665
712339
106995
525773
327258
806740
462737
68002
345759
178772
680460
350998
952759
148007
127535
744648
972701
112632
755769
483446
773209
692672
109010
762564
355134
567717
975704
980331
605132
768493
665688
478529
188725
287005
774553
380256
716605
233842
947986
277046
203834
738491
380411
837865
417915
844305
260032
692900
942981
826036
413394
407363
986233
157380
781336
69271
839633
349977
539396
916502
150793
561471
425408
566306
815322
421393
959622
323764
461601
980273
46671
914661
41055
969057
821667
23513
620826
794945
311375
776584
495968
375717
274293
387626
676267
528466
424061
118015
363552
421141
593769
143416
633522
419009
66631
744645
906403
578627
644863
31164
19435
270243
706316
813667
918577
261209
856072
686106
892150
794186
975583
203432
709137
113886
778150
36640
546197
240831
942084
687343
53582
191343
985166
620485
978282
443398
393393
955486
226165
573319
661256
783468
572029
846366
829902
454755
747989
965049
237
502496
47348
611712
213173
913207
205949
598834
921768
490968
32665
738973
81394
688412
371456
254970
681782
910706
139415
176803
313347
739616
76660
822769
25893
310712
526781
250742
957208
487770
492142
635284
636952
621920
876344
280888
878931
729322
769223
633271
785792
647429
797148
476803
599241
71290
672154
929929
832676
847217
801820
311339
302912
120129
391619
29589
642138
918677
178701
851582
424686
782076
614304
787069
949003
537292
909927
375237
656127
249524
96147
801215
680242
226909
92739
148354
45391
392893
241086
956402
364701
368376
680733
480306
17068
324786
359174
70279
358698
895989
472019
324490
203541
107580
8016
518729
32907
610394
139299
753340
679229
642634
76999
271071
716098
734740
323313
145969
379911
690264
290451
704455
826469
812218
514750
912013
105739
670890
955554
635354
874714
106958
21297
395631
601872
992015
175266
710477
908571
763837
397906
390064
397647
668000
19268
129963
799475
412316
896649
733025
489462
499135
950907
541149
737535
346731
271907
550287
429538
511067
778746
722596
421998
962899
519437
39552
292195
496296
303609
540955
323329
441385
663702
872437
324219
437481
140785
566007
666315
372714
786289
58600
736351
145128
287834
255560
864497
957631
114416
488525
194676
923321
22067
300087
940458
932024
601417
520658
137618
296957
271482
645192
641215
218706
638165
818336
246724
530970
812015
320215
339660
243891
969099
272217
955142
212933
247509
28828
322429
55594
929289
648410
454533
592826
67825
822377
383505
140401
94923
823928
245282
170303
872584
8616
337306
584365
762097
345348
69423
403495
132773
346079
45690
741162
22525
513225
220399
353547
562448
527533
570536
961121
232082
347018
399578
692688
868055
465484
33000
831603
563190
282118
563734
300005
1160
535183
381078
953004
377360
691382
535870
15043
258100
444451
617755
452931
983082
267
741855
138669
750190
123855
978421
721430
603823
919282
144757
185391
847242
665973
140403
917424
816493
919249
413234
920993
154462
933329
773878
299717
874452
336393
934583
784675
156675
720566
391858
653810
77109
511732
79769
285856
456788
559190
541290
288639
984708
712485
305245
992397
592109
927928
250422
583518
846678
245293
305275
819496
347053
112513
73536
673771
567779
145041
496670
414523
438516
565422
975682
461803
581956
966295
873249
94360
893733
832661
263881
931855
17333
456248
4243
100764
677860
835881
145205
273520
566804
218092
564212
718446
760537
995701
942262
137298
491360
592227
965621
260094
680619
877533
639888
310307
108474
361736
888763
473736
201350
663906
144279
494202
246694
135358
669149
119696
117973
499164
307507
793498
941131
467172
205409
453606
870535
940543
198045
132398
373166
42259
506242
315745
436365
841753
968479
927692
883131
846556
163372
379365
774810
402767
957272
498228
369724
238092
259774
643295
532193
38693
520757
860304
600094
325033
779014
67781
407194
831221
922041
887667
660723
627251
883848
230104
579326
883060
196853
17244
164011
182566
919095
873443
163782
225842
23119
63538
792537
540084
415738
128635
519855
119640
569855
155782
231155
865614
339432
630334
145783
975209
167565
89622
561810
531993
720971
191382
945313
857283
357972
542790
558317
209466
22945
847605
320237
681821
710466
607398
851682
583821
872405
161816
71520
428424
13461
922993
454637
168487
347722
621958
498114
670704
528862
273417
234542
525209
220560
136976
727066
220570
952705
714686
342951
831213
381612
181712
485300
105445
637235
390278
244987
373544
279636
592171
833115
293707
57018
68291
475440
975752
346864
397585
613918
931806
409584
831298
607021
864582
483034
734841
232590
501197
108160
901624
948220
488019
169246
335336
907902
314846
376743
877061
159113
798492
485306
152552
342978
186291
980916
190962
768800
352647
922783
312658
734000
498823
667399
223988
568370
448180
159021
41991
363425
299184
613013
988072
764752
601086
637050
989872
620720
628444
58018
426839
573998
526266
90828
398723
637753
395734
734789
733169
992865
446517
19993
796735
889819
6335
23719
973331
436513
274232
277710
196396
972918
555543
88003
526723
80839
502981
239621
574301
244141
812403
307815
765680
296719
853464
373324
618479
863909
553158
54258
57460
935319
962088
59364
253961
985668
887322
136979
727059
444510
180005
894527
589788
395378
316630
935312
820220
506501
857081
244993
325218
167642
765879
668604
853380
721297
510089
126976
707041
94569
879832
711102
546479
784934
604275
312388
361831
776334
984108
604560
170217
791053
987151
398087
106572
469688
800832
841342
928710
946222
177136
275892
328629
275547
555068
456355
918728
219798
323106
969131
815949
995370
732896
351279
211991
208242
753643
175675
65995
645597
346313
177314
877895
676818
344395
734567
392688
570285
960363
320017
861399
411238
574270
301986
481544
697363
864917
349024
535918
808452
317430
238546
33638
786828
360498
851911
358814
529119
723875
185615
169578
796567
251972
706509
727203
133905
878573
127844
190588
263412
861737
547855
471907
707537
833013
46989
533455
389926
119768
29305
287724
961405
290522
620024
421281
833714
84898
913291
627258
66321
121072
384196
520439
210142
481075
15957
570672
710318
206535
266115
704163
454386
12303
821306
406812
669076
165740
297723
916799
391289
636119
270640
437109
666791
308065
812129
465841
465536
531460
653502
188574
992173
817764
941340
760231
564374
197800
826685
534306
882125
222704
147784
415322
94730
54514
436695
659895
332113
681652
791535
271756
390064
960680
266827
734653
597732
542431
404945
986507
842268
351019
209126
835262
61781
61462
677469
671406
438308
117880
737610
642477
418770
182073
164917
610388
413025
373540
479850
375785
334637
246755
260398
276394
482862
77021
437580
783481
140122
195753
251853
392931
214695
20845
632901
191694
183534
197912
260810
765887
960363
382776
193344
903942
959713
91576
460432
710982
738330
556282
652791
677541
995276
313101
282298
589388
83672
26443
739319
441883
953580
184018
567703
913197
968391
106269
732064
754179
958236
947134
435751
726415
159440
620858
508003
920927
60574
380544
555548
445540
814618
345480
42817
161887
813523
786181
740249
549031
733905
717574
706642
267097
389181
389422
168182
140892
389344
568206
523771
149455
26820
424988
762425
154962
342326
199059
425206
279470
352493
912230
636509
694498
707781
379810
863246
516491
2276
927007
376015
697390
998974
215586
64415
676645
440371
673746
690283
133669
500629
629461
278362
706280
353992
135751
485443
853691
206530
275991
185022
109990
752755
790781
176984
208819
719998
912731
620192
804893
56164
579760
762142
864535
167426
285555
37859
954613
550641
74450
84796
830907
588043
588806
277824
180033
869517
193875
881161
667711
914008
398361
159807
331003
337682
992922
834192
133004
380329
866377
832764
775369
868536
630347
237900
110611
167426
735565
364066
40892
19802
630977
704364
342995
443941
710198
900466
404878
561784
65810
799503
958482
900315
480623
382525
579425
201391
147920
451785
721568
442667
831487
597541
517316
237058
176068
649052
326105
187681
726531
354336
714415
168916
361075
434623
272289
267336
641527
617012
968131
314539
24666
102554
188071
161008
876972
389244
405772
362350
436595
918215
441764
959912
435088
288225
945345
16103
442544
698706
75483
130180
267307
207008
461248
201922
63548
486330
872984
184087
777694
280202
361236
392140
608575
265005
101363
306170
738467
241535
992432
401076
409688
328079
786124
398211
105169
517810
696307
239500
509858
585651
164430
636558
611095
920168
900196
178760
107505
910432
144557
5111
734974
776760
734709
955389
373652
67596
502762
543133
11562
863051
816706
14819
925266
220964
954891
794721
235799
784989
984848
693843
204207
221058
417765
978980
66077
873082
664336
365066
531686
61557
247764
571980
351469
521921
31579
873060
938093
190780
81791
943679
172691
235876
287861
205280
718070
221386
666518
439077
298292
350373
192012
625698
700650
732675
246357
622761
413007
556570
519927
562540
293806
817149
534080
373241
53566
767274
724793
14947
582495
130304
931303
155777
702387
714830
165437
63184
826263
337990
550625
631092
738365
313296
445081
317596
454888
998331
293906
588098
965954
488462
424909
397650
117405
875837
283239
780834
493764
267511
965827
807904
75901
333148
114581
334410
746399
299660
147790
636821
297290
565723
440095
962161
368390
500192
28588
346980
878843
597741
3535
869075
141898
728920
693958
558304
168584
647928
472442
426412
456405
858604
402669
855165
796444
720789
310591
647739
418217
25187
274588
815701
718433
179981
278341
156545
611043
390042
237498
681248
116346
695517
715202
364351
673467
97214
266646
858042
748482
355954
384496
263163
34755
715020
278187
687840
986511
563629
606231
871547
484838
792983
754267
814514
542835
399136
670983
469063
656296
916802
963446
906674
209782
826127
682908
767019
395945
504705
16754
575236
782943
661936
182203
865650
526947
616476
230577
775916
40874
62890
883089
108075
530409
288300
801664
286674
272913
59161
209304
544552
502505
923356
403028
489664
981318
224520
73684
868026
513896
989288
66572
325474
458740
406580
387087
800693
217738
991840
955956
475204
994754
767311
704034
658546
52168
887590
384254
972759
243025
336507
634349
964551
910841
845291
401032
910253
559803
895178
500828
465936
703692
382390
822234
725304
460756
685893
291682
719914
297354
227292
56678
331918
979435
344481
506878
856562
66966
167624
945865
880423
37511
934026
772794
190345
727470
562548
333958
442397
236715
357660
957160
173906
466729
579310
399567
269034
519252
679972
628966
621426
698872
464212
653693
323181
41335
186979
167065
185999
133735
823447
489941
613669
409862
798795
215346
225938
668122
579003
759299
420979
614953
97855
733486
218532
383954
56597
770975
415132
525383
982743
953359
284147
523624
112267
184620
906117
281468
693273
834726
425198
853838
736983
705686
782644
124706
753920
381386
579268
339603
304516
637809
959381
275978
146681
867872
750377
686493
443695
884606
271218
891393
298337
566291
354897
450541
786822
194791
100985
841998
546951
755226
846707
303712
487180
35520
882938
660656
244016
744374
8774
919915
115859
641670
251878
452385
462605
514738
146374
629468
923391
373729
619472
544471
860422
735075
575407
700829
59657
536035
735727
958464
88946
782312
155905
978098
461753
7431
386202
607043
994652
508905
699002
977207
101867
166453
908362
284227
310783
328410
176734
796388
457611
852858
507931
616221
479818
972726
309298
986571
19544
656530
339018
466662
753501
358405
387068
149206
443172
319328
816632
437871
687370
834072
992645
300171
71121
396274
161317
851843
544148
217418
392662
559561
619989
287743
247605
314853
667890
996606
529086
47370
195190
880170
711086
669525
564428
351013
538313
187425
247183
573822
973367
45065
679484
639287
166090
677947
211145
621809
752283
439605
430159
309494
698706
118240
606626
403043
811971
9349
937281
944240
684917
40112
418857
646174
528575
658656
146052
611004
196684
847015
835583
634197
589693
583524
641337
374649
761389
462555
559191
62438
755984
576174
150580
542036
662260
111034
337270
647514
191338
365521
211132
588096
582398
778383
274355
836322
725281
766939
376200
1469
869416
62396
612343
343385
301677
140885
754690
955539
961747
80831
542782
843142
920424
272961
75847
626773
138531
773358
832788
811352
862156
824860
762469
323873
593083
47036
747353
29738
808824
188379
521180
762908
436162
611316
546813
216958
439147
235439
377629
79993
39776
492410
429955
704452
526407
6403
228813
574512
50881
316303
519553
619282
916878
135290
491010
353992
292304
897227
845598
812586
149416
212659
12804
636431
980349
255907
996627
597241
642459
975239
270605
161246
751159
433698
300202
670931
730321
480199
777801
594071
839474
137969
104449
910394
988629
192000
82966
382952
76834
16593
905096
564374
8341
496120
641989
519496
650302
946844
390398
683324
236193
725232
674518
806583
382845
156938
892407
67177
8106
98657
431615
165759
359643
936104
500696
408198
221955
799361
926502
671415
111765
628960
415257
782819
989475
529213
525218
199804
121512
374581
708226
603965
75809
435582
80765
362295
328405
20677
38894
910585
533430
154598
314804
711068
252320
136839
36874
110120
169214
4561
655477
53095
322636
822028
948246
852612
41206
205783
938527
236190
670432
936512
593058
333679
602175
798150
304261
841427
670756
960872
460114
200696
42585
310121
777579
731233
731492
61219
363930
103702
183976
188805
285319
244972
167723
502699
287171
418157
103411
458009
826240
983075
882121
894611
939747
586310
238239
711323
248434
113855
775693
911496
563688
68952
829815
308287
38824
476611
556299
538641
769294
616708
60199
664817
395424
832891
422871
813072
945891
167506
304828
58583
824394
16639
871304
171008
114953
715318
673445
573009
489545
446447
56309
622135
283956
341391
163957
363195
894575
921397
642171
872547
934248
977572
11806
744488
616261
288840
877300
592334
985787
671207
518070
553958
828096
417125
849856
915804
40280
977075
424885
431037
487564
174742
617408
228874
729658
478096
737397
846385
357701
399981
601877
475054
647468
777067
185456
149310
64888
794438
394789
332027
773199
730464
785157
684953
171687
1930
397014
261883
4372
251826
671731
667379
198145
888233
168913
967445
453885
794767
118108
266102
552365
614044
794815
533702
347360
522062
415619
407303
19776
128811
467599
726249
903011
682098
67982
167364
352833
185890
821294
270193
723776
709414
562628
415878
794796
132699
688460
57900
113922
289984
783054
830301
801323
105081
306205
412543
38790
876032
741754
76376
609438
780904
135765
617134
226427
761871
98227
247356
304020
890464
676075
611090
361698
514434
698250
866634
792143
724257
418390
633442
73485
74711
56560
949691
968004
810230
434514
823725
234851
489780
618744
634053
289432
642548
850076
84316
881370
6381
806937
780373
175267
694585
236081
985202
82940
763580
54122
173075
181296
998703
644627
971597
558370
891144
179108
742755
827899
952712
723267
27748
723963
837153
660515
964704
202353
507713
249479
27784
41542
17087
468005
986721
278707
419937
323749
633189
17682
625927
627656
958262
129810
156216
326310
671424
689093
462728
732047
62570
243796
466530
886611
607992
165778
222712
920286
578560
424301
570756
849467
633094
151745
877369
454009
247031
577094
474251
998379
199486
23082
650008
9097
744007
79290
123121
925555
231182
66937
639177
839894
976547
17491
501050
730215
372028
839467
278062
475085
526326
643409
181808
677595
173354
300111
513487
542459
639784
621602
596332
497062
234003
722886
790177
709391
691801
440298
509006
604319
22988
720643
19841
15963
735266
898173
132801
162147
794502
442828
466616
579604
947480
44960
731962
336332
431944
174710
110454
579661
387914
680715
424504
750970
884278
665003
665176
862911
521280
233960
466435
170446
53455
639207
953827
400068
808699
750933
869742
486506
521384
174583
887688
706070
314170
275742
279254
365874
494708
124344
422752
15124
694640
834755
499490
22605
356413
51421
372464
170750
838608
167352
293187
841763
866601
148969
854948
737651
731652
496415
911795
852448
62967
867504
376468
55353
825134
614991
624567
230512
326401
320090
172675
760885
422959
261520
927199
536640
468346
906208
214620
800622
322270
917212
806274
857475
552879
393165
926134
522062
212814
596127
458565
633130
450119
339325
321551
52192
109707
642808
873618
55914
553093
922912
507026
666643
582618
389429
155811
944314
651778
397623
818003
43701
475390
102170
40246
711377
900469
139414
296782
558136
438575
956058
453207
796524
46573
827168
72685
180847
336546
147868
318043
375493
61522
482830
828865
58193
340614
790839
347361
650588
333865
49256
326982
699125
497091
77749
233617
428594
718095
656969
53217
623508
575034
212435
955230
173449
938939
705182
804451
452042
861385
81663
769861
725797
837118
795111
720324
924373
192006
491928
249166
942157
800259
556213
859626
26132
171329
968946
525127
431433
332817
503658
518562
34888
693700
468495
204174
331941
868294
220283
35555
112213
697748
170278
829509
283693
168027
471665
371280
363522
654255
539102
888669
109038
634148
686563
104372
260340
776653
329363
101646
285243
677582
317180
138309
893815
182816
544208
959386
381541
772193
412987
702179
500404
428566
670803
992783
738113
440638
485806
484631
998587
769043
334797
120963
687142
924064
42549
178134
115899
111546
815902
376024
745964
4700
548805
968126
655620
615075
513500
47031
253101
482722
317986
756117
212875
136995
654477
789462
268998
882875
883170
171087
684454
931401
844263
901620
857943
629451
70577
592710
629771
507996
777431
296473
589566
352590
685063
316417
861525
231776
401590
150489
908512
322396
88179
931439
800895
614608
565269
695439
342560
964390
596819
418667
183910
206178
604466
706532
903717
165944
865561
998967
664842
993352
375360
71431
194136
89399
379143
603587
292045
719851
522659
807987
705827
19618
496563
937828
874354
686896
756145
560174
933874
195475
264963
35359
201247
808308
505841
415430
336245
730173
256754
490269
435035
858641
749023
993236
1948
562732
135689
630774
185424
638041
10342
620922
981721
5642
976038
822441
673161
718039
235364
905766
696609
484758
250999
486623
319092
717587
957929
407823
532011
360620
655231
363565
754657
440588
647543
775412
185134
957058
872592
228816
426433
815805
668419
734818
436519
900262
324495
405616
593512
363802
488562
643244
560080
59139
215219
16735
809227
326418
246108
704370
557226
58138
666502
178073
597186
793740
975692
537821
740403
355339
101602
349380
316550
172459
752702
949214
187504
91595
45940
721583
181939
889228
994527
693172
142628
811693
143547
919700
346631
320197
337616
222564
564758
322396
595593
500567
541793
608997
35171
592833
656527
714012
789697
954566
281794
541752
236636
714659
10329
341070
971351
565720
502479
250818
234992
539825
821248
760874
804051
126704
15756
623361
878665
143257
831828
715268
521037
268378
496610
956844
32703
526548
641701
336521
68210
283274
161945
80184
975392
627813
993989
998849
319357
595873
102430
841615
979880
140632
904969
552140
849790
73961
932606
832793
640841
326085
369608
323815
392150
937110
342440
826037
734500
146443
890970
645734
40952
144964
404719
894
288270
911767
704025
309881
618409
540221
736773
353608
99276
383645
980835
292905
931201
272626
544577
560289
544150
450203
624533
152089
662504
827839
206041
970642
649175
11482
380817
356807
825625
361257
972136
989406
54058
910830
275640
781322
650529
926496
756585
950208
3678
253107
592561
207891
618336
191807
349881
66158
292851
7696
365984
59694
430342
513737
784664
552538
29978
573941
785582
628799
439511
300332
21032
428588
126585
890654
531399
738695
642087
885055
707052
941579
258148
124815
313815
496991
521950
778244
621770
736467
587940
283927
600268
145529
696949
667816
332873
92254
85364
191119
273879
2276
656823
173632
263059
240061
328638
81754
61546
198150
443456
55052
654900
802750
242977
253220
252282
13537
518785
936246
872472
531301
723502
961637
605566
482064
968441
302929
602512
698932
492518
912285
90349
348360
357501
712795
778701
181989
733373
897559
361604
705434
184624
982717
692707
727276
537306
904680
13757
177773
44875
62535
354631
694903
537684
293742
123993
941958
622678
923831
961297
157679
602870
488338
370263
87425
847660
837808
412666
83447
524091
461256
801785
425558
625339
269893
139935
7337
800210
166092
547973
678039
460353
443245
786107
436830
616730
997989
125570
407918
70543
816782
13616
779684
466918
287524
870262
902881
122442
509172
8831
633287
625147
241763
202734
2960
144740
502104
437194
400330
440141
883335
454454
505267
547687
385691
628633
325933
820933
975039
631196
9501
682346
473226
334545
44326
518333
884805
866545
339069
616857
734809
873726
687337
943937
482138
890247
384922
523632
508650
286282
903651
683727
340491
588339
578964
48704
597829
138883
171704
161751
559088
271052
677736
508585
249119
804184
585802
110076
524585
936490
247082
931742
146517
595932
417522
384017
384289
127399
415497
555555
533039
934401
515974
563741
970765
806113
902736
884113
335199
875294
265620
902742
879339
320245
341153
733137
772801
473449
422691
611689
322501
489477
663738
949596
698459
512253
659190
502000
922605
156467
261873
228481
604635
704149
759561
659257
873600
847779
213177
346399
311902
9998
979028
77062
237669
404476
955997
18917
941349
481129
564741
71175
693389
115751
87554
539993
164127
13445
551304
804769
995634
167310
643942
186254
304291
733097
868928
853098
879833
489758
674661
7915
797300
645560
73868
745129
760658
297413
47024
422443
632765
149562
862597
758170
263604
717171
606101
171223
461013
45785
309436
821288
173988
195677
994428
662541
763898
795616
675134
390513
873996
219765
583846
569660
91223
936830
180625
603461
486053
388083
664238
880741
235583
549825
685686
239015
846000
423310
551177
431643
453617
1243
422439
749322
335350
627843
324103
727235
608980
46880
607383
758932
115597
149709
120081
490644
635834
635845
374647
784605
109139
76458
366571
685400
214430
729186
392109
594737
350194
838492
841841
104425
551463
189041
334748
458505
346653
537061
599323
136180
102501
750988
972000
97878
13775
228553
40122
525241
506000
474546
239824
720822
876112
551631
588794
463560
878542
408065
626685
811196
369969
557824
404320
701060
752748
277565
683183
453868
84300
175398
661132
748068
682657
833160
316012
750075
221063
817102
967797
492077
987280
35943
259571
35347
973839
883718
519025
760504
513283
404675
894650
541068
705951
981471
894252
901106
548402
768612
404917
195700
181432
748331
885613
257238
283644
546871
970000
473544
180520
308031
275158
16308
597803
397705
597041
464696
132037
982002
941219
63790
2034
947402
898105
619750
16369
881564
881319
516085
657327
507403
498049
125159
949717
377431
738644
977295
468651
30463
388127
696768
573735
558785
715185
19796
197782
780541
235360
906665
721830
932216
973795
945324
262030
780283
311629
626061
854042
881819
852583
392338
236502
159508
620648
653767
995478
378511
555539
744403
411233
749763
20269
983911
222200
304311
456666
635599
510214
452645
474388
917611
550373
683707
322310
161335
785034
123515
706187
523909
929551
108034
161854
772621
373212
239909
211581
120283
690224
113399
862271
583974
172561
477351
915919
124865
373198
997126
288869
772266
761902
155303
271135
15296
184567
50335
526369
321234
508316
394348
363142
217939
760644
169522
895873
178409
568499
141664
227797
678756
237399
287986
176301
464332
827057
706895
56408
173715
824606
463698
64869
847721
670274
366310
551192
653039
356368
126666
524358
547075
241399
364788
883730
575674
966060
507666
39364
201899
470032
684011
239875
670312
44479
791204
643311
715656
334837
956959
255389
922720
663132
151678
125360
42128
132278
822917
167568
195641
609763
566941
343242
250956
841360
14261
525124
625278
978300
911875
687707
269656
596200
627369
980507
278954
240347
882162
957338
601311
811599
607995
402097
644844
612539
644398
150424
589538
710014
758698
510429
50276
833125
664895
655233
288562
74713
851797
11823
23587
949864
435372
9434
897713
891374
289533
61938
318254
14367
16320
600450
5397
610740
177863
142057
788156
609776
700807
155314
301093
851150
621943
698835
217395
98633
329042
295999
845113
227847
900470
426472
667054
13027
609198
707284
918333
174294
677837
15515
785721
584385
601585
12987
919854
639385
967015
547735
36882
605551
628077
946898
545243
357019
24338
907012
545642
419780
858810
747864
632037
273231
184062
576002
769186
282146
761712
810847
649150
450324
911804
918442
998990
986419
131817
501592
884269
101105
240319
128530
677173
749419
146947
593293
426825
618199
851038
756295
890446
783242
746972
682655
299705
914980
875983
84369
917379
144089
512404
385998
1274
633180
37869
440756
499697
493290
962830
979695
192536
956208
876659
281643
427622
675417
106094
935925
972210
130488
437503
456045
74721
98831
603035
724266
742650
157498
434063
346154
145302
872955
593214
706740
627891
97827
520134
446797
88231
822233
14849
642002
281137
357770
326247
311224
541803
8685
238289
631134
964251
680241
940440
330380
589738
489222
586588
434379
555436
655365
848545
141344
533725
49277
393235
663974
44525
740955
443306
49607
626162
520501
372200
889687
204413
158067
264640
110413
440967
325466
151121
685150
332361
424566
259151
708344
163498
817892
190531
99672
831955
749817
6761
758152
179743
107283
961719
251129
77230
676410
620605
670776
838744
656306
489319
58768
775103
488863
390944
58813
487934
177493
424913
518600
192382
608188
798151
297988
618343
236700
821683
513251
795250
704715
105610
777013
341597
431920
87309
868479
962296
634419
832099
69556
114013
622339
293986
595411
373629
477507
955436
131932
389268
759058
977910
106160
827134
44341
616676
113220
112420
520740
280336
237441
123598
80046
49898
133692
468253
969481
868281
926349
224848
414010
869888
377422
105731
793693
315131
452658
455353
422418
78536
62527
771342
252932
22307
31273
512975
461271
354058
727949
506853
612141
69887
828102
9004
370325
94700
137904
790113
355282
457120
561335
274362
522883
909944
683674
431056
716595
322329
417730
628472
620735
86617
328377
737519
917088
705789
132361
188915
481941
319965
854066
280302
310894
89060
925830
722637
296886
440884
156581
310832
169406
165286
36945
164602
419522
43631
430253
590279
282363
826334
660759
397181
720768
220929
224670
213692
137690
925671
227618
873647
371235
131585
377543
569220
494745
252322
472213
167416
299652
460198
638192
392971
578690
291374
159151
554131
877356
652233
521114
112109
883111
189422
763141
671694
661193
428773
148355
856695
386405
344902
686025
572295
678005
581082
652961
108330
904355
714910
727559
421167
715508
971621
448868
326520
688529
858525
605284
543818
16564
490218
273526
306565
970923
211246
934624
747309
651404
978730
999804
489446
660342
31614
724114
382015
899327
17292
256147
460325
170111
287675
348272
979512
672504
114583
549589
360442
731872
977110
522566
2339
876173
95158
920404
759763
213245
546497
128251
632095
804030
125426
927259
844236
179136
300530
581649
87322
137717
23099
995250
47671
822434
489246
847460
276757
187014
724383
854360
749781
66147
731134
654439
768674
333677
906385
52680
501723
437262
859724
23916
392680
677780
82019
25078
734638
630072
177926
226842
921565
329612
639755
412625
22694
380224
526378
631542
455562
362256
468001
560257
814862
843854
591800
285597
22475
819655
95839
645415
367009
301333
197491
811653
652428
119617
689375
374753
19215
284818
133855
751169
850828
368695
657952
61509
907061
684428
591492
805628
578141
404236
318593
625762
950632
654612
903849
682106
884257
27088
401988
925828
479338
689988
515929
778140
885710
886457
745804
686895
59251
533378
856161
483034
56683
349545
266526
659041
585897
662587
604751
169352
308240
771757
790371
139217
713511
775466
382708
252115
150761
382970
865252
439540
543481
286928
621859
274691
668339
115248
33484
187892
902878
289659
775407
954553
875965
255192
604394
693945
554949
273089
207920
465135
747240
13031
610283
999074
309328
261827
233470
299772
456359
580027
664611
344266
712083
937005
687540
4815
789503
637978
103557
558469
995925
363314
795118
103537
455752
601464
88358
714338
522381
76625
202762
235142
257385
801775
666430
804392
224165
973717
149866
983370
340703
739910
953830
967130
645307
153486
15472
144213
319862
46956
725210
731381
586458
219546
93057
230488
349006
754171
356727
684655
394437
856544
273922
512415
144791
659895
229758
187959
609132
82897
98589
415758
840532
218254
217103
138489
890677
996072
638461
263975
959388
703128
478958
675609
205108
123432
578764
256192
439892
39575
308929
88116
837746
866402
156348
604367
722037
428725
99664
294244
971561
711534
885499
870879
85836
557578
591619
142203
710469
447022
522556
184346
988532
847508
693799
39684
355428
253968
265525
250686
711645
44030
309993
934790
454423
126410
505435
194090
67016
361436
990168
699970
103774
51742
23527
132560
223945
532971
291303
573234
843759
772501
605268
984513
982787
819155
946792
748810
665584
235334
422493
230119
729647
772326
72785
31545
468408
928845
375235
566723
448788
931296
774586
544934
154769
551254
415173
47541
27855
411046
415709
778996
297784
865681
502054
622834
934349
245449
841108
591936
348187
474365
223019
159565
712332
929794
639711
902879
57305
810591
784921
88240
809437
326517
650651
7331
652037
129033
754938
188065
185316
138160
409162
691669
361379
509654
466329
33216
817046
469738
928273
148153
670505
13353
402049
903621
219193
677574
976757
162959
97343
218291
827905
325636
782119
693647
869789
603789
535487
358892
360810
169642
853898
487163
970451
211560
778549
236567
599502
930046
74721
820459
425218
637642
20255
254464
180803
186723
295802
766374
216056
636634
102893
738750
516382
550354
85237
518499
132133
186745
141505
362931
143928
78370
962247
486269
449242
563201
242224
975753
732780
89282
487475
183038
10123
857222
727040
166772
200534
83003
432146
470423
157965
95190
709927
956532
135829
203248
649036
173859
545688
897338
780881
509457
490953
102495
64733
773737
307525
169781
335578
396191
657109
305374
895952
929625
413072
262465
864912
750458
338013
581280
363526
638283
160022
995799
125106
327752
753161
775472
151024
251909
22296
815653
201459
886139
415424
273523
720272
816435
551414
434903
924342
456206
443117
889768
885244
602543
699957
297936
810579
81733
497405
614184
684763
609272
998009
450159
216913
779183
300254
265383
636645
514364
15754
886605
193705
610341
941954
927923
679270
21520
195283
140795
513033
294666
109209
230770
457659
20980
187678
873990
266382
614922
218458
613350
372370
926609
983065
778613
154184
807197
778426
469610
65134
561916
500499
321158
499257
783874
857522
598515
209185
744690
794366
204790
405014
165894
928701
476753
854416
526940
150703
477240
555268
581629
359191
561453
603698
105482
599961
646266
170331
720261
587326
333771
71441
703161
357845
44261
411430
997512
761013
888071
744582
642511
395229
535899
22689
716087
601468
764377
562432
817947
609868
591097
962297
614353
13144
217490
902270
877719
983199
817300
678735
479388
458449
137375
555216
961064
100918
199869
195061
800040
316334
190851
126745
921306
5651
315071
933422
16017
966522
602846
568143
239141
10649
553757
217330
401787
50178
93610
645497
105837
168973
138455
193703
100373
963989
320121
453167
442427
261848
284451
747368
717081
934594
200122
749534
962823
711299
793781
486530
157255
160860
737780
567489
825647
401914
922489
89649
699375
310073
219655
964008
879358
512009
362709
151655
235750
663022
76975
469300
615976
895649
108650
914629
430669
110804
557954
98584
362826
631955
32658
254112
800910
286534
203822
521049
222572
471443
209952
607421
306144
66848
790078
388879
25792
198390
496485
439764
769472
306689
529236
308641
84258
99188
681767
664336
796024
222345
643821
458380
830103
491814
740201
17548
708122
556699
889570
198045
806224
598280
963303
421783
364099
80476
820579
890481
705766
276088
339864
243057
42266
778801
311548
999675
329565
65076
760877
11275
502735
367492
923729
332798
400290
709216
469774
106890
223070
433536
193123
65487
330127
892669
509665
312133
172940
239440
399690
763348
390116
141234
452228
246146
220518
480995
185850
269318
273805
895943
708304
21116
351110
829226
150720
549874
673632
453284
465750
704159
770447
696088
288068
649843
608733
89302
815459
705226
876398
150433
950087
320890
84654
247754
23485
153419
165017
420603
456803
326726
459558
241040
791716
313190
911313
62751
446032
727211
785796
670936
737108
630350
272737
598088
996442
662095
274991
9912
561152
433578
500382
24562
372269
534248
675256
370851
105302
916689
574054
357532
544972
765055
528733
242290
145407
608077
764963
79366
747987
159983
337218
342431
492765
965532
98311
824883
174010
209765
222775
330117
944332
89449
477200
59752
525010
833825
749559
675617
617123
961175
946499
686570
845127
35572
224292
368083
527026
610870
391153
648388
788702
363904
251726
412957
189891
185355
478390
187518
735222
739643
926955
431970
18332
970956
136055
766822
293833
887659
924509
594216
293945
988129
982753
182474
160553
843498
754993
974742
513491
651812
955055
797308
791365
811875
848412
83574
878557
228769
840354
50508
706851
67475
481022
175219
439043
689174
868936
144593
127077
222344
199584
351580
56043
324852
289335
94944
69638
599845
264951
304799
910581
564507
675536
450130
695324
391003
6304
843598
773821
467681
675326
398658
986709
72945
126820
8989
583765
851020
557110
864076
741755
624573
299507
38049
575181
884050
390519
753551
188594
507560
19050
245650
889133
739744
775241
690987
683510
667758
542287
215177
575095
607824
838463
317444
516576
128795
403729
263810
660007
403120
91255
719932
519008
385230
493578
363227
393588
572481
658070
195516
464577
23801
242238
910547
596558
580405
911566
420651
204969
709982
551003
821067
45663
556976
383513
47028
676568
515347
757241
587848
735372
116872
955964
738181
429094
454911
502617
571246
239411
923397
580743
597770
430343
472858
772776
78086
462253
517537
641042
605621
332424
782448
88826
713656
790410
773447
830079
802681
675472
667294
963217
661585
659289
87319
267644
420362
449762
860243
300757
4542
411295
596512
337407
601054
874839
551568
205850
937679
749405
427493
528138
247150
516838
599272
303455
896372
810060
869337
834342
881397
613470
504000
749899
122114
938529
569442
615145
193007
383336
515279
553904
247279
712267
650840
258994
405595
475335
599839
949258
144465
95026
257415
91241
66745
709721
515273
842174
720803
220920
890280
554114
502220
24469
363133
882781
20608
537273
148396
321080
542617
461516
875447
404000
400933
648972
168689
143123
922342
878185
83786
834859
794675
165569
822857
523876
526075
980531
176089
738444
959849
881954
849978
704774
220196
607176
664984
447226
267374
147316
828921
767517
225132
250785
339407
471704
103044
631157
136173
875799
950498
871955
425751
929521
546902
751709
944562
187695
726871
952777
107226
126203
142123
23838
294034
276839
884702
919436
180118
561238
930223
768358
491405
880715
775371
83901
206042
557708
96369
822042
191250
971186
606836
780247
595976
647120
761951
495066
306435
978814
998066
153455
310929
818049
758603
883458
733045
722392
942496
810358
511355
835045
651241
823844
201709
811063
58266
217139
183134
758704
959438
603408
595555
385752
715903
561354
436705
863805
370354
184909
38210
335108
813872
213881
351042
841937
50670
307679
588645
508814
350542
783000
146379
613660
786046
201345
403995
255700
669119
735638
221
151160
936576
626154
688228
734140
517416
611264
878760
948778
13171
555978
601074
149558
464500
598331
282160
776350
801208
878923
8808
272189
898955
545799
757386
162478
694164
148626
967326
910935
244827
700860
703964
373401
511083
57340
400026
361170
138323
338893
759712
347405
688454
656291
816215
422663
704994
569609
263008
494943
608974
460953
647042
338009
12924
592663
38651
54094
431758
126954
697015
665460
689557
176951
345118
873606
463412
830939
314824
201104
578275
862917
632652
334553
507471
265135
261750
206444
862367
166071
915990
324101
166034
848222
859893
776149
128260
906396
340195
949106
268431
683613
503532
374302
925838
852060
544233
990706
286973
644123
889522
42088
459772
964476
692913
65538
440243
881023
845266
869273
149775
513689
240150
544581
665641
802733
901063
953958
415112
690793
839366
94477
835325
85440
781440
373579
912941
218431
318143
184851
441771
891854
606876
126926
128195
743238
531859
797308
301652
759849
195695
70529
340885
567810
48292
240660
82360
612698
952059
943743
591659
291476
443112
314003
613627
520614
798711
543276
707027
602164
817893
649821
96483
928779
737675
609975
680028
463926
172149
727355
79703
973953
132689
88794
167637
706312
310339
173220
484513
169530
149461
624597
635026
530928
744524
618233
923565
643236
230678
208952
821287
431631
876511
591362
642951
785763
715714
866711
759210
655266
479132
551923
667872
70425
151549
441621
627252
817853
439096
804139
480522
17568
63194
958748
98528
330384
775479
757425
802871
620749
384224
460641
660555
871908
370096
305719
182781
50220
991302
44962
281682
883036
592077
354521
743380
717640
371190
244393
398166
143414
580359
959068
566741
856737
73293
576712
228026
229577
813549
590193
451133
491445
468505
925148
255907
83399
552286
989489
949863
880954
981209
246795
444407
226490
960457
435744
696725
500063
464960
344392
845086
161992
910836
608811
445672
599696
648626
987916
750020
644272
854194
715308
981858
606577
555909
439196
426580
395531
5803
767907
927019
605023
111617
657735
760702
461582
916439
571516
190793
152244
701664
390182
871345
713221
809602
289101
572709
398274
720334
649180
7905
54359
235338
951894
707724
382548
73193
528790
954433
588294
698204
134337
562091
965490
826689
953802
151114
496621
139834
827105
705810
490139
256857
447289
622002
745922
37367
220724
411634
609930
760996
593262
671861
478803
25336
631843
446110
6899
48264
51070
538575
154250
105652
928319
743565
500228
820958
139527
707776
514731
822773
636035
713878
167143
346927
98227
485190
623699
469141
839126
500402
831612
442168
431604
829605
266680
301697
707911
63484
68833
338086
380743
795234
668397
924537
724817
261172
924459
622874
147443
161475
721564
275917
467478
453815
290988
502630
768713
715280
736331
573089
318694
807432
840941
775630
15267
683477
756826
454825
739447
719946
208946
63176
922534
135901
458625
465581
441899
42371
775163
918523
933953
146104
414292
70854
889359
753819
799934
116355
309294
99573
635520
671710
277592
767386
153840
989611
241134
112040
802637
284404
530277
901676
13627
186736
168207
10853
96603
472277
196098
357472
542854
840965
107751
460162
303015
205795
540065
872676
85362
390473
868567
279512
829253
818386
575392
156491
391385
601298
810634
288963
485605
989989
356807
924615
510415
136869
948789
678109
156559
236277
827144
382382
65251
352570
930711
674694
793705
356522
110335
101368
86236
716028
636280
337438
296749
972607
873010
196414
361213
191623
904811
264521
373877
248577
684752
971325
973443
573416
362189
272362
663665
555344
415667
730001
342883
658400
40645
411239
817901
536157
233759
121594
433743
197793
230852
783147
47566
855978
23810
432281
850032
729166
393668
55326
453203
375692
992436
500979
264426
394111
346955
882991
424789
570028
274038
175724
165660
228922
160998
227850
107593
971009
256629
837261
682271
27898
54896
256930
950330
8791
554053
839231
196100
890668
510922
114920
955729
736970
762599
94413
483736
140077
931426
546512
16143
893835
897477
998757
194082
337420
532398
691475
820623
770777
628979
930199
74209
940430
713391
50663
23878
141833
712878
284884
670927
603620
448561
927048
992005
792319
319134
352175
673378
255094
645383
600947
235059
171186
519125
582943
818696
206747
265745
411237
742100
847531
495118
208955
358376
194462
465271
476191
128839
74309
742449
154940
895653
298042
514924
496165
80833
710702
963147
162238
797340
809630
541677
20025
496084
830757
109016
920830
925154
638058
97026
323492
934445
759865
970747
427100
658632
409136
704954
888238
539855
32400
750338
785627
197465
380339
179888
346144
416922
330076
535716
889884
290200
915114
962122
109321
403784
815655
427972
991718
502917
281597
351094
970485
767212
544200
652269
280160
879766
123399
26348
685431
885555
17579
154901
157396
164223
736466
683569
932576
585444
524429
83740
649838
981228
733789
462416
182213
720801
607101
976332
141051
643204
905817
372576
449020
493670
667484
779992
806634
778022
593319
767746
933151
550919
568285
347358
362765
328428
169755
15778
726791
981683
915973
632359
369752
423212
695164
768755
663185
381813
577771
612068
170273
413299
308545
747509
967196
756207
967033
117168
98462
856330
346772
73776
931785
931038
525929
410514
302697
729267
737234
459000
889
710299
157960
446009
935935
178539
660873
573352
974738
98966
220405
31040
944380
54695
193785
926697
489402
474971
130018
450217
866528
22296
8403
601770
955865
81870
743314
21475
738892
636713
20604
567526
382619
124272
915481
977798
679493
993661
910602
394339
564203
882393
640671
302164
389808
57587
657861
639791
923961
377917
160092
968312
701140
750756
783847
163427
356853
222378
313757
992775
411099
55585
942876
128354
693009
974278
416893
725763
944720
479863
592770
562008
132417
733970
507052
977300
264737
140972
706602
194748
144318
750571
932715
584271
900126
714753
345044
461840
967614
313541
644494
383025
706552
424367
323446
590942
324926
99632
768632
326499
932482
133356
930870
498362
2296
92629
748641
608885
966899
527333
447275
568004
258540
892600
770323
134820
377442
51907
793055
247461
772443
776181
665256
729621
296328
577640
560591
478734
133318
147908
389709
104729
240321
345329
410921
57598
623859
165494
160898
776874
630154
671987
115340
510842
392232
794103
975384
234730
41284
648255
21963
765653
846061
351052
332080
596264
774767
34079
601450
753191
800974
548692
497026
696731
30383
300377
757279
963671
833623
945161
275667
719654
95050
254313
390417
766612
687061
2365
514109
781397
448936
508424
709340
943317
172635
97759
298987
948188
880273
286441
6731
192285
134202
836149
906585
842268
508530
315832
307804
152187
217735
14690
655512
859807
946136
107291
677887
853187
263640
741023
625351
662361
316658
143283
642391
350744
152007
84994
819482
940327
653778
678745
204790
237860
932141
356540
434583
570513
514924
167587
824549
496795
647719
620500
452308
933833
612566
539742
901721
472638
949076
154287
31098
211370
855366
527571
703358
484307
534997
703241
783236
147644
178583
121924
520304
275695
687883
677371
320064
168940
327683
660589
605692
341806
567132
16629
939212
984022
215337
400645
426468
584247
968878
836290
39450
252925
830536
75004
739671
824378
464170
603400
178796
44878
741506
978428
294204
868083
510394
963271
58135
29859
290586
898410
418536
746342
803658
593239
627012
568763
59573
117924
555874
490274
403530
67244
961770
993476
644124
732419
511590
246784
41769
290579
44309
542932
608120
301656
680094
164387
231067
184308
607586
665448
392212
764783
479018
207672
230228
309199
615487
736877
579103
126480
513497
454261
511307
203905
709743
952053
558950
607739
524589
529627
3127
892862
262532
643839
284701
564457
760859
937077
796501
513046
9059
247601
832663
907984
154184
775959
853471
810802
816579
736735
736777
459997
549004
691810
11989
809557
641197
155779
330635
37112
521010
893500
237368
552541
523709
864964
714390
520453
178230
442906
878601
717568
443039
832625
58054
133408
580357
615480
881998
338194
477970
38469
713560
26334
559168
599581
40589
36411
945576
538338
694573
447503
340088
669786
675215
443267
583683
69208
607237
841856
566195
491337
189150
325000
83929
881821
135429
298995
651429
859151
189318
63236
643889
509203
53361
948583
867255
938524
709143
133065
402084
21575
96945
494932
822788
289767
893281
507782
75420
162541
704464
504557
595478
690932
44406
584769
73815
212199
791671
4381
922861
654800
76715
371676
818212
999485
162038
458892
869943
771665
724054
204370
840996
250980
797116
965466
183128
532632
503697
239800
230218
262969
594841
851616
305508
1104
183221
849534
63387
726725
629314
364659
787680
694062
208735
838381
662894
468280
229453
54178
489796
807088
644207
194473
977645
112431
861232
82677
489722
192416
907395
219182
701394
475183
14342
469422
982048
912784
318848
690453
585130
345769
555401
28809
215362
645597
234185
48781
767893
649974
22040
106493
946208
626286
841797
89571
916867
837402
330994
28794
450286
356660
832733
625853
617784
529091
148857
807658
355022
418089
813434
430104
928264
430665
419952
348146
82839
489171
899851
47951
103579
129133
483965
251631
815569
154175
293245
729365
611882
889435
865383
323260
404470
71304
557888
703223
321471
729706
34648
415720
342003
190671
315144
475164
133368
957528
867483
724034
650148
786754
144073
799430
897477
22672
954078
199695
958938
628951
367162
485393
313765
955429
590257
964047
619672
264463
82130
4145
982508
803606
863749
635517
660945
6005
870798
452277
913920
437898
398126
138317
759020
370846
552232
559112
873366
135187
962529
872942
124480
231849
376993
482668
687929
267245
904566
360968
278807
23742
497207
520959
185283
220285
387110
296252
439534
823313
935727
758135
854114
269523
510989
863017
914483
871709
243020
520487
234836
623594
192233
481954
64582
733098
418133
720890
757674
897317
461720
162554
803768
485257
693139
408756
489992
181138
739038
865594
628366
205524
571727
847350
566307
350312
286044
320039
801982
759921
665688
146041
560257
585866
118105
830975
262319
928590
296763
640847
612860
64451
623933
293178
740029
272419
329544
880166
933055
795913
457488
635530
574259
786421
862355
450886
837319
958908
401087
669213
138447
227855
828081
802704
605730
806245
745751
176024
623554
896520
514230
721215
912947
766457
124423
269275
689516
931969
108669
595240
18987
828694
729442
364609
233891
206630
581727
15931
505425
643714
521818
546334
860781
553770
468346
796033
757819
391857
995206
246785
811072
626509
375851
4189
638802
422973
104476
954737
124745
436119
895700
451789
749330
565933
930231
438514
645665
515035
80662
141736
907974
633264
388625
464127
262745
206711
75671
897760
8720
467681
184138
272206
675183
17744
253373
4351
155230
492290
38239
980945
316630
714648
493617
772715
914101
868482
551475
970673
41906
39050
877277
622435
641450
869497
498505
912275
985625
662953
952814
468289
195684
828329
286918
366100
581074
733254
390097
193527
38619
451196
836147
56910
208985
187705
461561
828372
132891
312970
579577
486611
637529
720293
628439
67582
244993
595090
65444
153070
277424
316086
29536
72568
599356
680893
129632
138471
963438
325091
859659
868891
698957
265184
417854
9469
275861
459374
424208
886749
93063
824
40815
966571
157146
951840
60393
678735
778127
530989
190407
101669
302050
549584
266900
592792
388124
762833
877307
412122
941381
764699
100174
531645
701559
803424
45539
229937
390990
332074
908313
467867
406780
940288
931576
537294
456889
880881
894710
440232
903703
575296
178966
549131
200691
1131
361515
416247
872328
616346
136955
66881
768157
924065
602046
165298
46687
711410
995910
269055
229129
596194
866488
740448
959487
128790
249784
489359
466427
180234
896931
113182
636126
543293
650294
371957
6952
473085
942540
570919
88131
270474
156612
890993
668218
167722
622081
540878
501703
162953
992586
903802
97737
656906
80978
508353
615572
208302
476883
427330
160291
285279
626195
643653
274664
690458
695689
633462
608516
34679
101336
968958
871122
948887
640186
207293
992734
26345
633016
356325
923828
651608
140693
868854
365970
387157
189259
921042
899135
788348
30189
294524
365749
616102
471083
210545
551097
916874
926580
89891
784588
221328
511990
565198
514297
283508
821825
22905
17167
562963
668553
566347
668137
79702
458314
27208
225897
817848
753158
839206
326275
374709
976490
465168
83637
814096
902799
883894
282581
983553
572060
686479
969730
974714
688264
205292
79292
37461
992573
339258
318928
206300
83672
382932
986156
533940
459213
172739
181841
21478
851688
211859
385445
449419
356270
809299
711144
349332
949154
308392
853311
893812
335075
941902
60780
196330
27634
225389
677535
399278
417362
403859
215333
374839
595976
499028
444287
678759
848770
788283
806542
447444
233748
272108
332841
156468
416349
243288
228497
724132
951304
546395
619644
672085
461678
257269
852045
427348
893657
421283
19109
73844
606180
965785
134483
888153
676926
531935
914599
418020
722125
50117
676388
352694
59951
260740
635859
204195
616667
736755
254900
531061
926822
462498
823888
438618
503522
146199
644394
821803
936353
703715
866131
722585
942871
178591
340765
848822
420317
173512
101799
207134
457298
591732
671576
200384
40796
870385
133479
177164
702092
870521
682838
656187
379040
653139
202622
783478
777057
971208
933574
631652
614445
25024
237485
4179
831631
506938
331655
860674
597130
560101
479045
117192
561461
128477
357228
186597
360192
733829
40936
359076
810004
334589
501754
205929
549209
48576
234508
567261
483281
986717
239717
952434
308449
671824
99831
997205
586672
895101
138198
939632
736680
800200
956163
516824
695834
423251
892967
702362
831806
731029
926043
187165
642904
977172
847268
677300
729397
994495
598972
308547
622292
888362
48779
46218
635618
149158
711861
870483
806878
4604
976652
473460
361436
819974
858598
989698
719141
367787
245450
923730
487931
758517
144260
864813
29626
244689
756120
400783
501849
38690
659923
161564
52048
250689
895165
957856
970196
594198
520234
190081
559038
1164
58543
455876
346250
719348
122418
935160
262522
666616
191003
853507
754010
735737
827175
154695
584287
721864
983131
579440
940969
713726
323861
513308
178408
471161
490877
675816
616474
650611
127003
121171
562418
57920
915395
507922
365844
125796
898155
855472
35581
989454
72157
974686
670144
786357
715271
133918
851947
579150
720112
215112
388936
893863
210437
7352
18303
504419
675730
939157
539993
937874
488588
815614
665567
375276
332810
337234
950369
960619
723540
391580
533074
242626
180756
904602
181905
492989
60458
842281
552003
54838
729627
598158
644891
827825
459049
317923
796091
168277
185149
850716
45876
13960
990017
112629
193642
917029
733834
984570
596499
104797
719539
431026
923678
825255
58501
628073
314608
843237
954642
245337
144777
909909
413409
684276
596933
647728
102595
834321
847615
789027
886212
521968
753680
285799
783421
843435
816885
663103
302470
508220
584718
255309
387978
62501
986563
69906
907699
149504
743937
314561
564547
672355
626658
401214
910084
518511
947563
521144
208088
481142
155567
771295
314922
909638
584784
92996
132613
645206
675173
29517
491075
873932
884855
354001
268957
602537
582886
20822
886754
338450
955689
585060
439747
503676
681139
678341
931339
95410
316528
926492
100779
645062
643502
670752
583603
331154
693465
190259
407453
248170
409247
935779
718852
348128
22514
435836
297970
854386
338604
527431
934102
710484
899980
964836
275988
431062
927582
764223
274551
651891
404409
375346
773378
590261
133858
93239
753060
139143
214286
788616
117001
272025
709637
425045
486925
129322
811746
16993
604555
569845
215031
126394
156756
787066
750925
838803
522812
869351
173065
443071
73870
76131
599018
388876
927839
496760
548270
129466
444032
74778
18580
577111
43405
593624
27005
415352
298978
384734
950508
189782
879853
143268
774380
173506
616479
423415
677137
895494
93628
457442
631126
666650
629651
134713
544421
921216
169543
536449
222838
616125
913419
714751
319951
950452
996332
60444
930985
69024
802248
655922
867891
166189
702044
377717
529264
476724
680571
329856
201339
400017
469147
775995
176299
965987
492682
234023
283601
971552
415806
572038
14750
899858
500617
695210
837922
439154
151787
455192
81391
809503
315841
473367
114012
619451
528796
65051
307301
917411
384749
946697
472688
703945
354204
605415
729066
897775
741239
679778
200208
675841
325959
311930
105610
493072
924159
447566
647089
927399
946062
159039
913329
407308
710228
569028
452618
670484
65840
736266
699696
670819
197112
447174
324435
283008
662530
367832
898617
783633
447519
921757
697478
554551
109288
186129
916254
134472
883056
776671
682529
818661
619481
680456
836565
229752
928770
199723
332834
737741
237150
62262
655734
512905
892320
839210
80777
593483
571282
658436
370490
778397
238789
165837
127192
370838
158307
161728
332734
355920
737376
434515
545174
662018
282575
300900
665150
10745
56657
454017
325255
352056
694760
941204
579482
628264
859561
417257
698101
841917
517968
993502
231891
518696
211437
618406
874026
981234
739773
664953
560142
904956
748244
921820
701811
373392
148405
69768
692111
882467
450116
866170
290014
933033
381138
367126
539711
471701
422616
476473
204476
638956
169024
66010
296615
165957
325276
581723
722655
796767
445625
155378
705842
608223
76942
30446
213980
433828
320015
112425
830894
894409
896671
366409
927434
530422
500386
370674
982027
745379
175472
893324
859073
180971
363493
250668
916697
644168
699797
567201
478364
432817
87197
577758
572302
705037
728981
868415
796086
133650
129569
927737
983614
212543
933799
636387
289584
592434
672794
806491
685024
815143
297333
321366
257001
21453
930244
100168
891791
977734
357980
906796
321348
773180
578283
629552
597574
523739
289962
789249
787941
826350
163439
874798
476066
871257
584158
251899
994547
986480
14592
598277
87844
307827
850476
449677
572311
599144
676513
188962
832556
151123
937462
767855
800060
255571
130664
840671
136190
693596
155475
156776
136396
195660
806268
420219
137792
787180
249227
230790
917944
275782
270230
994020
861754
696798
122903
163875
164656
937678
570112
301103
40020
388737
816549
764191
656359
669452
824024
468892
691482
699492
3731
694122
676944
597760
372877
123668
63355
645900
183023
851768
652579
699334
517024
729836
434885
904953
404797
416972
3992
291284
158372
63714
871659
505639
76783
388848
387818
77177
200895
723868
168191
390408
245870
20985
489812
318558
373606
416686
51383
214092
928016
394757
928983
244230
340580
524114
211947
994074
358815
551869
844466
158222
278867
924527
237909
613078
658328
75797
961960
247471
686944
774100
494735
928795
751720
807817
490621
487865
851147
87035
463192
426432
363825
766624
804089
617560
549860
225544
714383
2453
275139
104746
732706
371089
261583
444234
454581
25700
122978
599683
333062
310338
905472
664246
782127
177394
102278
216399
62830
875943
367167
621745
569858
381565
365270
786814
712684
761617
10213
258756
480917
607229
887660
289031
265294
744175
200861
645479
258417
941796
610003
522734
627239
342534
948067
433656
336196
461536
437771
793791
120972
314234
413256
575811
155353
243670
975107
103634
450516
170565
787115
527609
372192
131238
205726
894855
180631
477564
6208
545850
178540
194411
79470
143241
162800
625423
990413
112525
690096
317946
577724
267149
19451
612936
602472
93924
157185
438623
55293
188689
954774
364872
636794
812315
119446
309157
292573
254623
732707
183694
170046
231160
103754
618892
617592
327689
589828
964209
896961
50090
137304
619026
605787
275564
892126
971939
866979
679883
497694
272109
198215
380207
885398
650862
709461
75167
728218
816397
59310
271235
366550
23480
216217
661779
656687
196956
996852
426210
315976
614144
72645
22337
990561
167295
628462
486417
33689
437664
756415
733481
534612
875027
501990
651679
749047
488971
50369
678327
256912
786226
620052
963366
659219
13966
898134
19265
312831
300846
428966
38983
215008
268112
434267
220807
635629
214355
711160
132400
966545
369619
291390
884147
218631
538150
474908
331287
144030
147122
862530
673753
319580
860713
15443
106109
78847
478243
626745
269685
293726
459286
441810
898669
876271
585780
628936
955505
696546
384610
857342
965756
680298
436496
15846
993950
706715
341369
614639
30280
613294
479161
83612
841655
545314
778950
530032
741499
590973
666892
33669
299939
688689
576361
949181
87431
431257
398594
692303
755250
446626
7168
164995
600490
105799
138347
957369
539100
394996
852065
305890
103913
69324
86514
724498
350151
729158
597211
541550
464277
919410
939934
378624
689024
932442
90426
157097
820939
692163
939980
117366
829310
396371
466946
91595
369901
147340
309240
466235
562723
760246
340081
523642
288620
343451
408691
972970
712508
906924
380991
735121
28479
752513
283819
542956
84990
896830
684062
401308
730475
900241
169640
363071
697545
545367
349499
831002
859514
949406
760458
766194
169638
719045
290749
920250
322693
954240
360526
124454
881930
735992
979907
431134
663853
153039
676360
351118
896723
887489
999464
854042
966747
916966
672104
191727
279943
490964
670464
798837
184261
368737
257015
482080
912538
181062
852762
620006
292266
222303
865560
212491
996774
636494
339901
892503
262162
331648
433865
27305
748017
869063
290413
423590
965328
377831
165729
995274
252781
521068
866020
295198
326594
517432
667409
977290
785585
701787
969627
397570
477133
833115
805349
15324
910466
852947
963713
33026
789667
74935
889858
914627
475406
366453
628735
163396
66494
387063
102311
950355
184301
563717
351612
759516
218852
60424
577518
890100
691168
362089
256661
629267
889187
164504
61129
729503
371860
308969
712417
301347
504083
216984
23303
394846
953693
725421
981941
586552
182233
109563
746318
162255
584189
284290
907099
620976
951968
649396
979616
839586
899612
198165
685466
562844
310687
996731
873304
52310
826767
251637
918771
416956
495831
601928
967468
521599
236307
147348
943456
38854
834004
420118
24618
55875
667152
908679
81109
322848
630313
12961
843772
36055
531096
760193
242881
941857
992438
634407
293286
898502
582503
237979
841611
118291
484707
90027
370180
886890
170530
403471
817686
748339
786724
482541
306767
951792
513946
677751
421823
426031
418292
314098
895190
642840
546888
384914
430108
334054
949915
345602
436807
591283
495504
41919
784892
475435
326379
283684
667429
684707
294848
872320
259563
129602
86204
386083
792272
176797
11919
642232
726956
370145
716725
967628
273923
722473
213728
80557
507391
912496
853892
114669
862286
73120
923838
641734
270362
182217
519586
420887
855521
491565
792927
805709
916082
215544
627409
646365
540995
941261
578531
925357
152881
313851
563679
855762
269716
607182
110228
511220
840510
391618
486307
294030
783377
623507
915366
905938
195002
314799
226940
799273
980366
309581
533493
434264
7871
827543
60759
312638
594171
300035
344267
5818
342945
698112
99687
585449
586400
82699
155481
659021
345646
416032
372396
700489
308450
243726
13626
712520
558447
69667
329135
753150
190718
744711
363061
719751
461799
873061
392769
939563
542347
363844
922298
370371
833168
241524
806465
980277
615994
545443
565217
618394
487011
718735
396309
865217
96023
901398
783024
217549
855054
549865
90861
644793
57606
996575
386451
979644
434557
898022
826628
681671
380168
12436
284707
670380
26195
305755
326368
97816
209654
744091
895586
519105
569072
470418
174736
859099
4418
376622
566203
687939
839722
628739
696619
474111
392314
950744
16516
191197
969045
701212
780756
703287
226310
890934
127356
280728
57085
660346
473593
194105
523751
658039
47183
65060
450729
627117
348625
271738
673720
164124
346255
869136
958360
534903
78108
855411
912302
82616
560698
102348
492676
817933
245413
260191
362970
522416
923065
846317
547491
552212
342464
566394
813731
411195
323996
332649
455970
468964
665613
282179
618317
878882
422880
80470
348330
259976
997045
874170
242166
594561
929643
152943
448478
252
637418
547682
656854
23812
881676
812686
284376
207213
287337
212223
852156
388074
387197
988659
935408
490108
431480
817881
702677
619653
677027
616507
823671
302011
903210
16567
507814
135736
595210
555624
284469
82861
705495
736741
685263
134263
663850
780703
917937
669130
254311
693806
261831
287113
878311
382181
893479
545144
334086
321761
95012
548553
67722
523233
913936
839250
629678
142543
553106
402336
23371
637981
26783
780133
351970
841995
341784
617868
34440
525253
936896
37997
533614
40744
956761
408988
871820
572453
684762
444828
152682
189246
767694
265009
331851
712942
18635
599315
863286
113381
298766
804159
323810
187761
309168
417831
857917
196024
696135
142409
40665
190818
761116
111261
543668
923475
498180
947559
546210
681622
488541
161133
610777
198933
795687
395779
399769
806788
66236
60610
321462
201182
821869
527959
54275
634184
855419
694135
769949
239121
719151
565168
489617
216475
562518
260763
355947
28563
623837
868654
553628
216155
688964
514286
408710
678666
267138
142849
883048
446857
288758
152929
351457
898142
995845
85357
627170
944901
549012
728153
543285
529850
294627
14854
205284
954132
203332
392429
735175
959435
659640
987700
804206
196826
549797
599971
818023
632512
122805
334832
990636
819552
853773
166390
752300
925960
818344
290244
256436
457166
890256
654098
879162
972950
678073
511439
584902
532529
869946
76374
567485
953440
6440
471678
301836
191926
892881
502288
808365
668571
796946
18004
804569
583084
906326
832516
790218
514240
365035
851554
219244
613958
524290
52005
785824
235338
78787
414799
549291
800022
471243
177946
222145
640693
189059
638032
394602
289875
940382
361338
350671
789568
81390
681648
631268
522643
722980
646351
182065
689707
947618
166601
559870
445009
672959
22231
882906
542969
885078
829513
694408
94888
536331
371773
752199
135599
333276
79790
756541
426005
742495
791972
318271
566035
725662
310473
196031
126008
341195
655068
206803
991021
283297
409662
624734
371027
637530
867562
978461
985928
849287
805762
967696
225225
974863
862404
159490
621105
270470
702107
489719
583328
768937
944594
433458
655927
96756
685795
298656
501311
948000
644206
268644
906985
548348
239365
974208
105648
303399
517220
209500
818843
497704
78142
833079
982046
918506
216882
302375
265632
70231
19613
735630
412888
53199
80649
844699
641424
803909
997442
508474
502668
416950
855817
6490
707652
763271
834018
707352
978700
970363
205640
135053
720468
16654
149633
156977
541836
712432
371212
129450
632736
167905
848822
243381
211745
16933
371915
880111
793923
252197
737130
58881
747011
931426
816818
469478
384353
127446
513048
647067
971659
413801
147867
327330
15898
749005
233614
33906
951349
216886
134292
810686
939795
952825
359467
963552
353247
814400
436510
686306
639860
644776
353502
10217
551367
141751
986668
838847
629796
750781
686381
905467
527249
787782
698655
366351
472399
846712
704555
718638
436478
611600
512912
776344
842144
918771
873727
664259
944118
455156
327622
272424
938374
463009
639588
128487
499710
826890
613371
117783
410739
785807
971683
375086
38530
13797
795610
430794
959767
886629
857690
694170
727948
477584
887043
784107
33513
340515
606136
572883
679114
832339
709894
308724
394398
911590
45437
738093
28363
671726
794339
982051
482607
407714
90494
502183
792002
723994
500496
259588
684311
191399
595616
650024
760129
610700
104306
181421
822866
381789
700440
941890
660863
78259
939489
395770
430751
874250
592368
101105
673682
32567
392745
500503
13055
743880
285060
534938
426677
624634
955395
611636
320051
80913
103744
727182
1155
883672
457440
359567
76608
441909
109028
189382
548089
309224
880862
55472
146606
121888
196032
672422
305591
399994
126031
598118
278276
684055
775671
119164
363519
963096
593657
710732
295310
926969
772800
156991
959924
323527
966481
272136
235287
704895
867423
61842
218076
730373
78142
643656
687790
325629
689200
816064
539742
653706
379100
323525
821093
541921
91548
270783
914372
866057
92725
221313
231244
40369
691938
133999
422522
15469
93001
276042
950394
25359
564175
208090
626700
678814
728647
180727
966980
126070
671621
979123
586475
145531
385873
859047
230852
760827
893175
728537
165033
683104
901884
562247
313747
393934
872555
501010
447287
378783
308109
938826
508238
631352
369334
389906
731758
797832
461948
293168
828436
40157
157699
261427
343811
639842
4724
916993
934149
274681
831692
683452
537808
397745
610000
333201
170116
177956
75423
896989
409425
498096
576159
233915
873910
902352
192921
71150
711972
927382
437409
818408
850049
555079
887726
991925
894536
984019
894984
845767
541965
11119
252575
404894
840798
494801
339127
628116
162757
675207
368513
4610
418731
244917
77766
669459
326103
225833
820220
94499
634835
60253
698235
520531
818863
798152
84105
217132
280031
87265
738257
507757
174911
598897
452723
276082
284087
764371
429045
363139
802106
33803
190038
326071
819560
454529
495683
223363
424596
281817
889635
834788
871071
785583
458445
789476
745795
138996
387481
98187
96428
211232
991636
481510
992064
119443
912653
79021
48064
111244
762124
557075
962118
228804
240290
607599
965806
409512
990940
440834
470482
406002
553041
858212
186861
125091
580955
549200
488417
818655
525282
867144
883859
118052
103956
133798
599796
128040
918577
885121
884059
980751
248322
175352
764046
117894
911401
210462
78112
862271
225492
625538
782708
28041
756683
123545
321055
693131
923177
247435
43756
380188
872744
528343
17913
432066
649493
754339
82430
719174
192290
580772
619950
593840
146714
697574
197365
940517
898735
712440
506914
913241
624175
644216
81823
443122
41045
107446
887323
151355
455484
890888
351048
740673
779055
766186
165248
375310
186331
723919
76419
796095
590822
449544
861595
765892
318232
575632
605216
623668
513719
874034
12312
813643
36018
668311
10166
854913
993971
537200
728579
732487
247191
260156
829914
613729
73402
499894
790477
716699
319595
777887
368230
417257
519551
36515
533831
181919
896705
186475
161715
465737
531143
416894
802597
787432
798368
685652
341022
719114
771817
531193
629053
895172
741759
170074
363078
860879
401550
161008
292613
193085
554760
721286
52107
412374
94962
36520
35543
288211
21912
159082
344593
45238
385057
101586
302191
130628
749437
981859
971386
776608
659386
830471
929579
466182
768694
295320
47215
422368
938543
715979
741834
13192
839478
304761
727895
42651
118978
784651
848750
895094
278369
457730
916062
89360
801034
133921
96473
362548
349325
104375
374767
968985
861419
987085
435123
175328
8194
721320
486458
660457
703009
215291
49601
349777
928186
421292
775086
832524
475893
483265
278127
625052
843297
512423
284543
83756
744325
936031
89671
268875
560149
149061
419361
494600
234752
29054
421751
481510
643430
929598
592394
504188
829351
283892
902607
12780
984279
110866
568819
510973
667917
998524
997376
39256
823963
752780
21784
293084
967895
598848
323293
382174
736536
13057
195315
328768
702973
762000
805021
791468
334759
573839
221060
366382
441542
556394
646422
979884
841553
369632
902923
255170
158863
713586
824131
929598
722451
770854
662732
522805
131077
862840
556671
805184
628058
519262
691017
720983
742565
383863
858759
551431
643207
141327
185611
731283
484802
504529
769468
787941
634028
185226
322202
814767
758335
212950
367134
550755
187917
272937
177151
840779
296081
714748
57105
635077
620960
474385
445768
319775
420734
801701
709723
182411
30604
372402
975172
350911
675231
274782
500195
36524
568685
892931
14594
585688
977569
925340
771124
886938
281806
143944
273046
942002
798911
381758
439543
599682
444652
114958
986068
725549
570122
261584
833596
921099
923450
761515
176402
824646
374625
467331
422833
948564
99287
823424
357866
48209
262264
917880
883048
793271
710425
398904
273717
636669
498133
752372
461141
327370
182917
585032
467216
605653
613325
196906
261454
504411
320723
71023
241498
271163
99595
761654
788105
526769
79598
787701
862644
572781
876937
877726
581408
302671
923314
214317
924735
301506
528853
900369
734543
894322
233516
572916
353249
368235
262669
324393
500148
694224
14493
508337
220544
252788
472226
614250
678990
87256
997559
690069
286340
237314
19096
212290
912447
192886
80861
748506
225497
36179
820100
584521
461450
390989
990759
175814
883946
267523
131404
572992
868820
678461
805403
46631
742183
824899
255978
835732
485926
166940
672500
625493
659775
365026
133993
755161
938537
817150
247455
689012
223398
364742
215526
531280
503144
347696
123641
890801
678288
67889
122063
645987
712849
926838
298257
245378
376883
484926
349479
109222
335156
546514
386156
588649
550089
622818
8256
590614
458818
162302
126843
490863
767179
478637
743038
46043
471310
663086
544230
219242
928758
786504
628122
448711
164751
177680
339652
698105
928393
115575
996381
937173
146651
359757
672928
634628
654597
905622
416928
98285
376621
621447
23029
923646
321003
90142
4114
341980
352032
359003
291762
44709
444673
413022
225393
698526
422770
657374
323127
659838
427917
762243
207823
627606
645185
671265
347734
716763
565527
199506
745614
985618
906448
59503
121362
727702
123243
474539
842852
360969
339395
387276
852258
591637
671892
93382
496856
335006
452510
751029
299886
170950
769058
84534
48130
28892
164489
173219
872977
296226
578276
747114
100622
89529
976782
44234
766229
513707
471406
828393
552953
795733
431193
295636
812089
59375
12500
937811
863570
177785
977335
873064
957038
844356
267500
543844
714874
983835
822807
899623
864981
308620
507024
224562
747044
714902
988811
402858
26242
33008
933529
78188
749973
891508
717895
265671
332604
902375
218980
292954
679844
802853
924513
17931
754234
247213
574032
748705
253242
434183
393423
26879
423206
451406
27518
704318
682003
644190
738283
944166
419549
978778
973135
906952
945019
259610
270194
173434
89517
818480
572009
540080
720018
764630
290944
732787
25942
266101
512306
52545
261000
695380
193749
691842
664329
83035
158035
80482
633952
298307
693266
506191
410283
608861
245941
133137
751024
725243
883324
571136
33362
416063
616391
422823
929503
905662
752056
966516
856582
328336
73717
341912
195046
28918
87629
863489
530049
639145
653042
861809
902799
921467
951396
587643
352559
95660
564847
52762
241401
285324
387274
44334
516590
909383
647905
417364
83793
659282
402861
275296
692367
959601
82302
11706
86809
803170
538906
846546
865170
111401
567744
943489
338660
113529
36677
952062
950893
83260
216544
388537
457623
649599
297409
490199
307142
139965
791003
17675
809834
890823
78659
806413
340468
583245
853232
745338
891941
886411
261858
675208
122241
527058
768032
583140
743203
222769
375770
266666
619114
455233
495468
816704
552849
277322
965571
418448
550429
691605
892826
259424
319151
633679
906014
351183
286649
368471
103088
834734
281549
726437
406536
753272
49041
523862
62263
486384
566223
569816
195589
34070
675817
858734
295032
68165
698921
95328
686070
75244
872503
586115
811842
511782
666852
978400
917026
594361
720354
705732
788321
919720
584086
146020
406385
868021
290054
892970
794792
678391
384557
211872
420523
885715
216302
922936
726888
189082
433189
580853
236733
524351
693272
334330
268086
475187
238732
823917
795763
203743
9076
763720
228200
201853
619717
824956
295359
417812
650661
700865
126744
288782
578113
407295
605424
939255
624829
233746
183007
244948
932231
754686
374843
198430
99141
953391
957211
610522
18988
298155
367862
959638
880178
673558
705001
593986
168987
948897
654615
46120
693552
895633
647722
187913
42959
587751
966328
484950
247003
970161
844034
765895
659987
342829
284502
825820
827584
757525
128020
127086
413064
975372
91469
77361
986593
278243
766919
442377
366687
512072
159517
456581
350701
623051
256515
667324
493978
128846
250728
415875
898699
911369
761268
635464
942799
332152
527920
343822
392912
245921
718149
983749
138532
344645
258653
471493
179971
960227
40934
955623
279059
15715
658101
183552
227296
249062
405447
808059
542951
562919
803682
372690
789841
909262
352218
171561
402493
858065
817327
605703
873014
280455
142548
867121
252868
42379
878026
958437
233118
165065
264747
435056
340797
75112
849859
445548
594187
320980
548313
474906
398906
139367
506187
213975
30002
444275
371671
716286
865442
904430
839862
270427
255544
713339
254562
797383
700203
786897
104313
73701
237173
421450
312314
81143
942687
389642
528684
568670
719476
235082
435613
416748
442007
761728
811272
37607
319921
999469
427152
385245
162370
270082
615657
773535
928729
886384
574294
162075
60383
175179
316428
121818
931725
991898
438454
183122
460797
948477
877074
525609
823198
130363
227832
156359
288898
337704
750459
593110
322962
517935
420840
809369
240609
896642
32811
578854
346077
161947
42386
730369
751586
83565
971433
226519
226024
216044
707
302868
919965
272246
971674
783009
887502
201244
357902
306429
378750
473233
521609
990327
869657
841966
470468
3525
814274
561056
628130
93125
704905
645615
41082
905997
402552
512363
878066
515440
136780
739317
432966
423760
549761
955751
627496
591451
220743
687393
629954
740452
919952
30449
949015
439326
515147
555678
887495
391159
810539
765905
642865
148879
380512
136801
555187
699027
423655
1722
795213
17658
982461
597737
696355
512028
556527
893830
2529
387562
164493
249789
361593
320654
422908
225915
139335
384736
191339
325747
536150
759489
288414
27146
644348
346456
857830
623909
18528
485351
387825
458700
31708
15881
379709
671739
498237
75786
657064
677445
286311
187811
168932
23910
919062
702800
77126
782051
977087
932944
211965
776416
766101
468857
219039
72190
938983
382517
869663
556462
267622
132189
806555
621015
371077
660528
45330
930720
341305
718319
959219
738330
821856
127129
11152
26445
459454
959678
714418
880478
783266
248578
692486
764505
725991
43569
222132
75681
616534
270393
163216
694513
278953
166024
748457
317518
350442
620227
531199
661067
53370
525535
120467
500344
409646
891104
832790
853609
196628
150636
649091
586782
911635
570891
937352
123284
799664
147710
131231
67239
902125
448825
793340
636898
980748
535486
820191
45221
962481
863382
503113
805042
81829
578479
108107
573716
692151
907469
418681
151212
579837
258862
38846
979097
311928
134015
274825
2563
325141
229876
31461
860548
623184
429704
658535
606644
266611
285841
924544
179536
326012
508862
697843
446662
138013
267313
80864
276128
73245
914803
713086
343626
192284
492952
639015
944322
710579
543600
310093
481435
83450
716391
675146
507245
853283
752442
80022
686300
149059
893846
348178
50116
99761
938575
260609
343038
737031
214009
192214
33170
201798
708775
544231
199929
13334
87038
659265
481933
791082
769908
109590
908047
423042
357099
788178
886612
383498
960996
558155
22990
180320
448801
371799
780723
348403
364700
858871
86348
120198
29213
384304
498076
120980
298300
135482
175275
466062
367091
464594
289902
730240
466463
770922
413908
670417
505171
303297
369135
756201
952921
55565
836221
914925
526662
948371
216723
831654
44345
660185
409381
942143
63344
463348
289204
850925
337350
406587
7700
246697
315789
247964
374553
544729
454212
120204
704286
823501
229365
474
935985
60964
703918
72093
944478
639567
492121
420108
329175
196589
726843
955564
958205
438614
671749
289508
381389
669811
803162
963436
606506
873994
501662
743460
844418
113688
14903
566081
88544
367703
680420
492450
19534
972767
142390
181057
127269
693801
297518
48772
222899
880430
35893
457587
339207
326254
375986
928133
343963
475468
597260
779795
294175
216726
859644
878382
760734
462563
866317
113868
655759
923797
904371
231837
316154
421503
621509
193788
424197
541664
905945
323137
490331
210892
633403
851571
84216
150379
506441
46298
650899
551067
262062
829171
241767
93937
450361
367741
753696
500957
914009
183537
788383
51179
877303
314318
156522
987430
639408
145234
916659
466839
145774
628804
718403
86187
383586
766766
373635
462834
773792
943657
674087
672964
751126
212432
257847
369662
554474
764055
146300
694698
750320
489716
723075
882941
503365
205307
77136
476985
738635
646215
250339
436979
607617
309652
890272
238127
167933
66026
743069
317031
419913
24820
428621
40874
249560
202863
803587
702177
713059
998590
745830
322734
864485
660122
96752
818221
768815
942566
204066
289948
973864
24032
254792
107927
70821
26228
907364
787452
347617
293867
998906
723885
617753
520512
33911
484787
982663
499539
426815
173248
37624
476023
757394
733645
534604
530470
441690
693538
441098
131476
66835
352500
304157
993248
885591
644264
488751
956711
6277
316854
295009
90163
601037
810472
516068
937681
279643
75970
205559
234624
258718
120956
178749
431621
946868
154283
692346
177820
116788
945982
407594
965321
61015
357987
808190
533068
550979
967177
405492
360242
197878
589057
88977
376712
770892
521342
212990
307435
456620
498363
115645
156283
543957
401595
819078
423598
664257
916268
175170
499584
835059
673637
493987
38216
857314
155342
471198
811238
440962
400415
513094
466457
830187
462465
730246
345901
99304
506192
14715
710993
808799
791362
880620
663623
749784
822433
988455
767860
312683
267316
82105
178135
980106
851388
20425
117654
655593
863450
762193
347252
659142
358030
91194
178335
9944
419162
651348
640486
879704
968452
466415
603464
315622
369339
752856
533608
159514
905425
354355
879004
226856
214887
549746
92964
616943
764070
255535
356855
541982
649513
233836
58553
389699
717624
103524
264778
566194
708720
583117
662520
326670
798334
21101
481044
997431
412554
652182
401890
12304
18032
785408
586410
284587
791145
533697
183851
742740
274888
189995
819567
985271
298785
559746
774970
350766
947972
176792
104860
585131
620711
330247
746342
166975
732193
898955
568057
518468
567507
351354
1018
709037
187809
504672
69153
574952
964702
624699
761585
748269
729414
44432
26434
887335
833828
332840
21690
733883
758612
301866
85338
937913
471139
354326
107892
599646
51090
748123
690811
992835
18682
228054
119858
531814
735049
319785
922631
315860
908266
739379
655225
151983
531331
325809
232051
27553
23256
79089
237757
593374
536525
286510
164296
699855
684872
782285
207143
14048
534581
430579
524125
924519
255267
37825
385809
913199
334475
737197
621982
762849
462129
976510
3143
446670
229860
520035
338056
904668
390943
417841
844871
492874
951954
512184
277353
726113
428474
320448
206977
142393
888300
576741
442916
317669
791026
737164
186456
251772
633356
375297
568171
367301
888152
315183
651679
349566
919180
653179
987843
841801
114719
339453
686301
281652
638727
958747
204355
635107
600670
299652
8712
35676
812318
232454
360916
633519
226315
392973
414029
146624
913136
876089
850993
474930
884993
831322
393798
517874
313055
815947
748264
325405
974587
243944
348801
579023
141842
467821
115096
850313
176982
920300
900416
924990
804909
438250
174448
270394
485266
658519
447411
923440
856538
181161
340022
724638
926545
468692
782655
831263
647811
844200
505661
836301
641366
162374
338298
323152
488596
339456
91884
631560
461063
79437
101995
808147
829117
737445
160638
792251
9579
172223
858830
965055
194670
626341
845308
503996
698092
746480
621646
41656
195097
995430
497924
332876
465814
92076
203977
93355
445235
102057
912901
66579
755605
299642
86607
52494
845555
681931
882560
425573
323706
202840
907171
621026
139473
596865
671432
137793
502839
472323
709240
408243
635720
813977
11842
160974
771678
514606
385332
45844
429843
713725
714278
150173
874533
239943
282480
239396
691635
234096
277755
592236
164196
701111
206901
281421
663463
903120
626846
616863
766164
424608
743935
477761
494193
443156
683771
230407
485713
674719
589374
492158
110744
322382
527442
339996
591129
923017
420240
377737
376096
199144
541107
841540
340171
983343
765384
833396
401299
233256
106434
961868
961192
556571
385898
490265
597883
158829
530995
69099
820693
427603
923499
607389
661156
522737
531662
69123
927447
446291
456885
6256
654558
135302
289195
269153
510804
370516
130400
732938
594873
777307
498551
323578
566680
686025
27770
159085
302535
447991
586413
594798
360781
847134
42176
493671
699358
172026
796318
800647
346945
442041
981730
599502
987666
65504
2665
269816
563108
557435
906050
139267
594814
960895
665282
38239
60678
641470
238517
141682
585788
596229
714862
764421
101789
951445
434816
79118
368744
637181
287429
169882
370172
21392
264411
313559
911072
830472
266415
424123
201053
839287
378865
468181
340102
481254
845287
517550
495576
442892
916446
623067
129084
434668
32762
71778
959209
705868
374639
568263
136102
247949
716744
406962
28269
467308
817573
198910
140843
341396
738754
588256
938788
486493
577713
171570
492212
223909
531754
544667
879984
971657
147961
269981
398379
693889
91157
857531
682069
496022
492369
629829
213437
534272
785900
75969
739511
444192
568899
524152
672472
212374
467429
215898
272478
689536
927559
837775
514669
63440
805646
953883
338228
544265
644682
781292
229614
837462
14915
820355
332677
107207
880107
168701
148944
702312
175026
29053
89085
792960
966073
246712
648010
488675
450974
268637
387053
37620
206198
518111
374420
741115
676761
683616
76679
622367
468054
358203
798505
600576
85191
503854
41373
977715
950848
416995
172356
443803
959137
578969
384741
137056
854603
78068
151398
722063
932463
489373
943479
985550
225666
923287
672270
266874
847373
180384
931468
393951
430432
90816
291327
459219
179942
533745
876225
23855
828180
380394
94973
434987
867068
984714
828241
328661
674110
81502
222863
527470
102109
649743
466334
985249
332975
845995
525950
692513
385582
757838
501033
392670
685549
911660
214740
451619
559588
150910
53141
320655
909868
897927
382302
234286
288326
704642
782823
771251
943829
962474
932330
166612
885100
709605
811912
605506
53762
453390
718729
794756
599234
208670
212865
86447
348287
949238
86477
184964
256005
109195
679165
739814
27018
860782
592076
738742
253316
348215
721866
98701
648340
375181
122842
31189
720032
499605
138519
669188
104318
158581
666066
613174
525195
51460
327927
504231
630876
448528
699662
390602
610444
869066
385245
992392
195381
593618
657834
719064
128762
362523
822621
279799
716288
405371
696644
571269
487996
766738
55409
542204
481127
107284
229566
512461
233679
252404
206321
799320
812167
58798
800698
82760
898431
57905
910425
46986
576686
362216
668700
782632
286507
130020
110342
981190
628251
69352
473164
672311
236037
161232
757561
890877
49602
629022
218161
837915
846032
778210
314386
301785
76165
172038
824438
265748
783456
389683
222677
148863
515771
109028
560136
931450
938461
153861
894632
388429
503148
989255
818581
640897
665727
233603
306386
525659
563153
689032
252942
938678
622290
623875
911294
121916
576088
177738
977509
342784
210484
236805
976693
600123
140575
347769
653711
64418
43026
7282
174439
350880
281076
149901
200131
410165
514222
823967
445346
327722
246875
49990
450041
104304
540187
122570
189656
177365
556999
768302
509740
844386
160958
661337
475613
977299
201438
638748
755032
623603
312271
213984
884327
402964
999161
701101
413883
903016
536917
912473
528780
98368
426017
689163
336343
254622
813101
697707
932102
254968
154899
644456
686574
120012
363972
131109
100530
404314
956924
772289
486212
119427
257879
663617
494924
141948
549374
906972
482529
745839
898938
894691
469300
171182
424745
56204
66892
288212
285005
929818
719979
12602
646849
238570
564048
734803
836232
178843
178518
615717
684478
696411
725562
767140
952304
409227
585466
482093
78407
238798
579480
492828
848095
318131
798397
397962
804022
651772
5947
504294
993279
131019
592619
532079
952406
419752
13813
280523
476303
811569
285742
493511
852071
472735
379932
133036
214236
196016
737812
265338
353176
935031
590276
749892
84104
76412
843725
282919
804364
217873
27976
265000
994055
587122
291434
361129
716885
569688
805442
407944
291420
732250
989087
106837
398332
943936
486286
793837
541984
757606
853504
715639
317430
835658
765707
874555
409275
999154
856071
556058
415151
477948
633241
280110
806376
470852
921868
942911
358531
836459
167707
920606
391157
409802
604619
29026
59199
625652
940277
522172
471168
843616
374049
347961
97636
585595
12238
477333
820730
932233
867471
25654
459492
972340
881423
386892
667944
324595
749237
665410
886819
177368
374434
893793
31900
994038
329175
739266
515638
146412
455924
419822
294784
465683
309788
590100
618215
275968
757812
48165
622475
246454
48073
706384
625774
181867
107153
763093
475081
214261
445129
847432
815481
448913
194878
403941
330070
915472
905128
334346
391652
977439
570544
740565
527715
71025
786451
440922
698753
774539
3998
351617
593456
771179
597913
742907
998417
73814
904512
53279
919823
485373
271468
664613
944777
932939
499473
930429
222375
42638
625568
194189
138766
710463
462541
79046
733614
156464
302187
325089
956792
526737
273651
496188
142765
672734
784611
125451
633426
805225
991555
215740
860288
157567
944066
724587
74968
459002
697407
138879
898579
877091
421733
186399
868919
43649
781742
118421
808805
38914
600392
500541
349199
176645
6548
256041
69896
372226
32331
815317
51380
266839
180283
995329
437214
19440
368432
353265
170792
315729
715118
533053
128477
756867
258137
79317
844899
962713
390711
456597
948684
925
703950
113409
231691
495068
719720
517789
763075
695563
640309
531564
389691
947861
939215
633219
874734
649218
473304
242824
973504
823813
453759
841100
512330
359266
126306
108547
148118
532026
406030
925852
71142
494580
565281
322049
155055
258378
1296
594157
486307
710061
905477
398564
792428
928790
414241
588116
445556
430123
530911
680006
965793
665289
787608
368513
527390
466804
411619
850107
454869
848217
863124
311165
536953
334907
812389
682962
885183
336322
497971
531883
718956
825949
70879
418258
41161
973071
558421
10761
800244
229917
927785
652479
464145
5267
845213
85422
661405
516142
662527
985428
859107
767273
99311
888971
196359
435303
208831
860551
356031
763321
605171
319212
420514
420941
612775
705162
619608
1524
785488
811638
330097
656910
585818
149958
384211
690068
125809
549800
309515
639106
412764
150943
450884
565215
727683
619355
281685
499754
275089
311349
362740
51427
601780
669380
929672
409587
288129
611486
626845
731001
634165
867503
894129
110961
252119
147183
166315
754179
669561
761219
594603
774118
922269
999666
326844
19439
845555
158658
240614
740730
394944
292079
605921
454067
134747
638279
853987
721218
651602
484197
935002
859345
570665
435591
743158
698363
439106
428814
537501
781586
95768
236051
663618
335117
807589
929121
3536
939980
899172
205394
702912
651978
246769
162313
992458
504158
50124
269065
979383
239022
202108
410288
162837
636592
220240
641236
30021
588894
266113
30777
688430
667126
858419
464171
292884
532651
238170
504894
131971
23339
717561
470368
34981
159822
719814
658136
869235
888536
573994
201757
719304
164075
998884
626709
664849
629644
704205
624105
196769
204048
304054
105281
933985
944802
140781
201569
969381
605300
407647
34207
98649
770688
686295
110912
511514
443834
639077
944047
317153
760276
323481
211673
616410
905901
554286
853096
663315
971287
569541
470425
13392
814723
132294
787836
305083
614220
581803
628104
379128
801372
701848
835096
574999
597823
123106
789318
9571
619650
393392
668578
90647
354631
798463
712848
769456
299880
130687
805499
650590
639174
144091
960442
297300
970093
120598
520637
42430
337765
223312
243059
691666
205528
109097
139260
822464
591259
826108
515526
417859
25755
953868
634630
101145
395685
539837
255701
992591
285777
117881
83877
999734
284556
549747
879838
415154
884993
955976
476057
603248
168612
641857
691256
447863
479195
614645
788640
495064
456072
791180
375636
986688
470519
344606
604335
800748
453793
317561
858877
252667
174747
657986
887735
459871
574622
173938
179098
498157
625779
525442
338403
439125
812987
817698
908713
596651
700632
197154
467542
681251
142588
552884
881155
909468
501452
823880
784048
436883
61040
83351
531549
904376
115834
605564
942023
663645
51888
282748
369794
276171
320120
478246
153071
450351
259743
835606
519003
167794
282309
580371
212149
992294
533993
759960
655017
844892
118349
262896
829405
494610
777478
273274
15431
654345
765410
218892
283881
617525
670709
92340
546794
272462
485378
594970
115730
113284
395139
126593
679970
257103
987926
5100
553678
308196
910916
407069
483608
703363
155822
38777
497802
75309
499030
71239
651856
355764
639751
997143
455856
818666
654626
334847
196454
100923
544455
901505
428896
316887
246556
672264
730194
836999
895933
599761
357175
53793
58688
202983
927590
406807
946211
641478
951757
979369
683477
375201
83020
81019
703261
790847
683888
92993
579883
642304
885450
25814
976570
40830
582187
839596
466142
717391
540543
141150
626223
862438
777604
328610
922642
78681
945893
298266
200929
925757
611575
692553
399862
273325
12879
926754
58073
352618
788797
321468
845187
581660
317354
271139
557391
906039
150922
535368
476092
412409
927101
259992
447905
35855
42376
887018
135022
544471
562154
524881
688538
462593
175262
76369
779630
222863
900333
678703
451054
259259
49836
240417
883999
56887
498777
461733
201402
629263
502030
741806
984683
545899
252832
343032
617542
495728
220375
423101
442759
925383
995273
234176
196676
52021
736789
994822
709425
255337
548537
143524
365840
881685
23761
613684
83187
74740
462573
363041
573487
635625
730893
332066
33119
76168
312635
528388
565778
933934
333765
385695
72274
92746
446870
129258
643538
400831
555249
161515
958323
400802
757321
889479
317811
85982
159359
126007
640434
714103
166008
334363
655586
183915
727514
439784
962187
850932
250532
864638
477945
783979
38056
483669
27843
41350
189349
320981
571320
379906
824261
275972
161191
556636
355375
621401
512075
851449
720330
419312
95313
360869
658576
851863
566216
521336
571722
893189
975140
675157
80365
672490
43183
212364
30481
237730
196173
446431
925322
539011
789226
446434
223077
609237
105666
124475
713793
29921
377356
619785
405511
628194
184644
375329
712199
523033
982228
328756
188528
871292
940510
919820
238636
186190
728360
450357
608406
287882
31717
131640
480345
705273
849372
227523
918886
715171
875255
640740
704785
176866
593706
44916
473673
862097
18686
926993
753778
40100
617209
8963
652641
138450
471020
60608
322611
732844
638745
208010
472394
583889
950078
836982
570789
866298
254019
235977
350811
140081
361467
593531
174452
871263
159642
957597
467556
121282
418100
163798
260133
43133
14702
618249
334896
115465
693379
241170
729751
707850
354421
944944
64834
527612
367566
192061
650308
840780
848529
682071
465113
225347
115714
782179
860734
195997
207823
894184
860717
937464
767962
261334
586100
601960
685476
641002
181489
947303
228759
315369
678636
88234
33327
641609
800401
416590
416135
244015
216968
938609
625532
450195
150323
490142
602944
830465
112835
894240
925565
62200
950776
252023
869027
28469
91507
411561
239504
54794
351481
21807
929563
430439
934982
127632
875581
460026
250315
225036
788125
223475
649927
747950
649399
269600
319805
9028
664232
275192
866519
455595
322008
131699
610071
469828
371460
170966
217654
802499
731175
9549
470747
805158
310532
409264
984569
269058
305363
937704
120325
431352
740037
28715
88531
542855
777462
919202
514380
435068
479215
292076
806414
611076
34708
299900
282720
365090
205808
947998
26192
817659
580955
509783
760556
291854
768838
288041
525721
141186
95843
587381
960467
437784
840563
202555
291905
791616
116013
142845
766836
50503
319240
513347
169724
880621
466534
763383
322727
195541
596445
2992
458583
653077
710306
580108
266239
738733
916756
332918
728826
157973
728035
448199
406919
232815
812251
856392
606373
638492
338449
696726
339335
332139
120488
482654
835061
176619
478336
914504
578495
86881
555900
169137
221470
263189
638575
982864
960488
882695
252387
917690
848111
496127
78213
42688
704696
965826
470256
923446
815251
198752
58324
525519
369884
609706
978627
587236
85388
976322
895576
912659
932860
527435
994372
769348
810872
552191
473014
419015
463100
155038
426598
462233
313038
414276
953727
932358
409591
411668
16359
457256
678239
728976
744428
521613
908036
820683
398028
339958
107031
386741
87073
692348
860595
394709
793767
636174
678650
56854
697260
764821
602638
215992
978835
911864
361257
15399
957380
548283
174746
831145
233843
259394
836829
28912
10892
92916
179797
809039
495224
491451
162792
392906
906767
51751
654007
928646
882458
11698
152249
568287
500099
791774
627251
67608
891164
532155
347414
932717
553032
103941
879988
41541
619402
905257
860256
365763
96488
117544
405282
105980
956923
524821
17492
998595
158550
792568
84253
622303
568913
36565
300487
663390
255537
438662
806462
454147
356469
891845
593511
393434
172351
848454
714970
693741
997661
328001
690174
15567
169908
739789
329216
901781
403208
980456
488560
99493
842346
71187
698040
837222
65343
282522
585337
822423
92200
83250
2243
259067
332179
128506
235249
656882
908318
402084
670495
948708
294755
604333
291274
876054
824228
781896
657026
466910
119764
130713
314446
568947
537728
637596
131804
656350
401048
423142
655971
390861
744862
784324
827287
418438
628266
369600
871560
444985
668119
883074
565400
589486
605198
429266
86167
212957
881005
153723
465405
698844
548115
99147
697155
206963
601483
318328
446814
396235
42130
751837
281625
127365
782726
170529
223501
151080
526062
501688
562944
165362
592672
665795
252696
950799
770643
243667
145274
961447
350849
74443
289540
216274
243000
682467
966371
967207
437310
903497
128913
618418
900895
1570
812270
79683
766997
103342
529594
123363
735122
29641
51245
643106
321068
930253
106547
637004
735589
469013
193671
128314
867158
841181
701163
997252
104120
231493
81217
400084
932303
859636
462026
54806
535284
397401
39736
563019
268861
117645
583345
192381
528075
800340
8099
710605
488943
777475
557694
901032
513081
107515
340243
781976
531039
180755
759495
48374
427847
620372
769971
955582
776241
799453
148060
32251
123524
592487
874058
982689
202292
734563
280263
920249
115404
849088
955765
142519
267997
168969
877004
999
796547
704170
623792
143238
425616
442706
207723
265069
913176
889268
376588
469480
235097
326441
849627
40037
406788
353264
518391
308296
180780
773909
101518
117723
198218
110511
53113
645027
877803
13826
170994
250510
763383
804997
248755
263880
476126
179199
254956
159404
454944
491659
475999
542040
807353
218170
331996
600345
112744
546327
942804
712325
574427
251461
196381
289768
342713
154053
299265
575766
753227
981780
978307
275552
41032
326257
703279
805985
463035
49852
907485
328056
760467
18874
65410
550992
465351
886325
109618
765274
994276
390849
372982
540124
172724
210457
401221
12323
983564
914791
504291
718036
814963
431202
45459
736161
864810
772690
599610
409111
864605
793327
499986
369555
884260
725479
171527
171477
615926
757183
757298
80364
381803
529041
45103
895249
449579
203315
747613
276432
183608
448824
30385
302049
650390
742928
383415
320085
751059
497547
716967
609132
917878
294906
357792
378179
4424
531894
935683
850410
293241
314362
144175
527508
219953
492971
393876
523496
983093
576761
554166
763572
669617
971421
529024
145857
477416
56450
888962
201217
590965
229888
446601
926693
443708
400707
430170
50635
215219
664330
114890
918613
521863
192844
332349
967061
265004
211445
768377
828644
542980
472589
811238
957522
493547
214074
350500
461559
985949
993692
148809
835432
612548
709078
922998
990981
988322
278829
701845
787632
12248
386440
609841
173720
781201
320791
914673
624755
668558
593105
319410
186890
234638
278997
312896
932718
486233
933490
949425
232136
347881
915970
553759
606734
246966
521137
393728
251346
565405
978075
640932
924596
695724
433683
892490
453688
869132
694401
500830
12402
721995
215011
447379
942046
859910
954164
499993
233868
467375
92329
380859
449784
784577
906904
399384
425272
26493
558644
537084
822350
845535
49971
294299
440925
629858
343184
427881
877305
736173
233260
740697
893399
536217
923920
650608
52259
785439
127437
599556
13809
51747
969860
955926
212299
721111
1090
813129
44841
706957
264259
756735
367614
495198
401048
419343
798383
805872
231587
28260
911774
169766
556158
816117
682021
849450
124795
607132
646431
609488
458310
926230
909792
826151
780839
438998
779076
883553
622372
282374
463077
421852
850627
71323
182502
701516
241133
844947
807084
326535
272174
168718
689069
96301
648089
600774
985632
835762
432969
853165
486868
270922
223938
480034
949085
671664
224309
757199
34216
662866
620706
910817
8432
740764
918360
13797
668425
657247
614744
385212
71578
194334
619992
300538
633000
602421
702435
837537
417165
910823
660701
276789
54215
505730
229861
320636
323820
325809
573331
414996
778428
421854
133088
759472
379023
661377
566757
994865
136813
100682
741052
367901
980860
406695
716099
126078
335060
155826
403391
271321
164975
636475
971164
913994
407804
163949
883858
525369
162450
155423
661924
421115
42497
323449
559427
563143
629893
891329
255439
774290
521044
266753
224381
781066
729430
34711
909011
707820
257333
447257
547088
544707
832970
687970
432234
305214
151926
488574
658415
570924
203154
202158
994701
338774
680510
429080
297069
335289
817814
161742
322233
330910
254531
376697
687743
67096
496749
961761
422573
218842
167822
79132
390396
852850
423650
142034
868522
637862
308347
156776
716319
880553
398448
340561
204657
331898
468277
89453
139331
897434
790726
961436
637512
422248
285694
218788
858661
436826
592324
671035
190069
11098
821092
293617
920166
491963
754940
703676
916992
867606
163917
283106
408518
82373
454449
355965
535541
465467
63276
154478
399977
493183
118362
106593
12895
542851
579208
136824
332757
961893
693791
725654
132878
743361
51195
449227
850162
134385
438171
992215
962577
109282
155248
348509
869704
982228
399448
36837
868604
354669
855332
122766
701700
65147
36693
698382
197347
408709
754150
44263
534898
638092
116035
199593
109149
376035
11799
733086
87492
931816
708099
347797
342785
39262
532266
346062
35209
960232
858217
121535
610411
649956
744228
332289
39606
714594
213436
177690
45880
487552
404636
460583
260000
612516
722355
382950
405125
676564
214140
39966
377663
410549
461240
180779
883251
698270
222334
499690
853741
336600
584552
423037
190438
387252
324399
835899
894244
405769
912913
22519
439169
604297
328430
540587
829635
28863
833971
888962
994602
722536
457453
923455
870089
194859
597183
841613
571468
560373
22319
166883
274264
742901
568730
709971
452432
592305
447496
736240
332211
238468
949274
640602
244962
461556
52512
158632
508159
3828
650759
617136
144818
268211
877359
524597
476677
38750
19163
131694
790383
198649
762306
379823
461422
495317
435906
249271
557453
881007
224756
656469
894661
481637
686234
388343
612160
267990
233909
404048
887480
156244
866548
987301
953982
141448
886726
860085
52759
587747
486672
105795
592065
635261
960763
472385
366867
875212
1188
170522
911490
84929
407223
735772
120576
724290
661654
301313
273982
347136
390194
680537
80403
881782
246589
160597
137141
569469
332598
604274
887459
547149
578275
293439
465829
222804
484061
312845
431019
91564
403077
910195
441235
650813
689429
727995
439686
852847
905809
918381
118402
305033
988891
733109
398962
49579
268774
949619
776376
469604
29251
779808
630861
580337
604567
982936
728192
955347
82990
302344
706138
503564
171560
608372
57955
901749
358225
141413
954877
367807
753679
817390
898477
112900
801140
729946
292282
26185
341491
166452
868398
250643
409200
425715
818041
999074
500528
55167
825525
983694
515376
299172
77125
8701
129297
938194
920470
588671
479536
448910
306823
370246
899988
342585
628197
879429
777793
337211
867535
637795
601577
405132
738361
931996
99394
690463
509771
863733
282483
847339
389353
789274
996648
923287
387278
338197
841924
920513
755409
819885
332150
404715
911754
724121
46373
396418
85518
989087
509893
299724
55957
328974
321611
934958
800125
904276
229821
902488
13736
228349
902690
533774
138944
464137
236505
721235
210842
805352
966854
785716
656440
764564
830375
882478
634281
790283
78725
488509
615371
897320
276997
498242
361969
488605
668382
708111
248159
974991
471077
516627
75250
311950
733955
85725
471133
714992
352585
194958
14157
190153
20378
722656
940782
799688
873606
787213
447815
565233
65592
881693
974465
808114
745285
577999
420869
259749
783268
27171
448706
88353
935165
5314
279310
978237
902810
231883
930148
940642
853882
305467
479948
978700
75972
125688
255768
849181
37593
586682
562762
711710
623234
962519
894291
492115
188105
504809
976118
33081
762851
163421
909771
199390
321610
854619
987552
363549
252713
965197
946426
451701
952113
225935
89401
575366
913609
859633
520665
715559
676258
818539
476885
59430
167144
192478
816742
19805
872660
241475
148841
169517
797918
282226
884958
920282
246928
243409
290316
493059
737590
599447
390019
410876
491890
53308
96313
196810
165676
892031
438678
538362
12390
282323
911691
964958
595629
832743
831581
151589
387371
220945
774080
46678
179994
253782
974366
419113
81043
376408
108087
627010
281860
855773
876642
882826
241536
932856
79153
477100
201329
74134
909618
826857
508072
174502
383570
272537
630933
667878
688413
93887
782546
619655
480224
79815
695193
221884
71920
861918
319895
180260
857091
333550
750680
949906
470075
924725
671905
461365
401539
336449
752732
740137
78162
619530
223982
424729
13773
388780
886757
601166
624969
944831
651725
845849
188014
66581
722082
672537
80823
787023
883231
391850
100757
36892
288565
323818
424627
564367
193943
535977
930517
142812
665266
291629
602906
185136
556538
426078
907744
154538
429792
732564
139078
440569
797407
246332
516236
277331
716854
711521
622615
473614
661168
238557
477906
193951
735519
247259
650990
688174
466023
128839
885257
973586
291510
410965
240876
236078
414865
580971
551279
346983
551306
177452
256823
489281
550030
675362
574304
163605
435226
776391
965301
209905
273358
896304
936924
815500
575066
645463
993231
136868
480149
311171
74373
268278
238124
514582
554735
912281
161143
626611
932638
299000
614503
531530
613569
5802
253084
216577
177868
197680
508947
655552
912373
71882
240445
957785
861144
459190
214506
280403
229179
103494
783332
817618
394475
613981
76633
933348
968133
179269
252400
776106
361361
312304
530172
43809
31176
370442
41742
734348
836854
166775
889828
909056
976314
150702
302720
940107
402091
240049
993300
641858
496405
928424
92313
827302
70177
405465
956159
816498
427410
898631
867711
802628
562092
606116
889868
821285
940783
900979
663719
578167
813697
343615
968530
498362
513001
708913
85660
24635
769335
861906
490971
708377
343490
745758
879928
285173
24522
474561
663716
246261
444155
894449
400361
677621
850643
641319
178331
905228
334490
850747
946477
698230
372240
78939
142624
14051
42469
818023
43477
450715
760930
378860
465028
901708
304997
657532
387525
989106
801545
372134
684556
592417
227748
241176
419058
864626
650474
882061
159790
313736
13550
354484
659490
364989
31433
525087
59410
14382
628691
506660
167791
239712
701390
748756
702865
976526
970915
112149
223492
602832
4804
972191
546553
593897
649712
514767
912350
585389
542357
416491
278088
308749
849103
63795
349899
750849
787663
592224
340716
830993
929367
710204
490670
376703
554849
698461
405576
940116
226975
392383
806072
16390
59102
81405
811825
196674
363460
199852
100208
774300
203512
178452
394221
890961
921184
17804
278892
213941
433093
388465
884338
165309
272020
443587
803733
904235
60222
413852
616557
103570
309566
791245
359591
181445
331578
181462
770616
471520
239491
92866
979757
939698
847223
413853
341473
872006
572166
948691
429577
829581
169681
827239
778281
668457
432814
579340
269737
120920
525192
476195
534850
97531
711396
864722
271315
712386
347070
13309
266064
630
988690
959332
438169
746211
617334
682585
948777
174560
436580
142556
197349
754621
221078
398421
693524
148359
892618
946925
701166
946810
60453
688649
455053
888644
385396
470499
67136
413234
977293
196103
868415
729657
453908
23592
99704
53027
319705
235933
332616
193365
287263
218811
504581
741369
609400
975887
889592
342092
893899
651768
731304
524421
87224
632799
559249
956769
603154
236373
166132
701128
207947
851591
951176
772253
769518
294432
288974
640487
821125
347771
657154
965911
439642
661124
244973
935349
191515
756138
280407
413547
360406
421250
135962
51950
154212
49915
917266
891141
791459
429114
835697
406583
716124
230482
280239
745429
705603
304929
597534
843553
654364
53962
711963
887706
906938
554314
570465
51557
631266
364153
47543
303770
166735
432032
47690
655912
125967
501297
691797
81893
56075
703975
860156
953973
836324
795195
988601
992022
102136
557376
279277
422663
774339
910939
892568
590035
629858
687267
442404
605630
663923
24913
281052
35530
819737
582564
836986
143142
680668
918740
199005
928628
552813
770992
377241
369718
591494
304598
514985
366676
782128
382415
52927
857804
651230
933573
482236
623926
555319
796385
705147
39859
460081
836741
233096
707058
875353
181539
467759
341278
113903
303288
108590
78952
62189
458281
42508
768812
145384
355128
411715
941634
489360
117731
249688
814564
351186
362905
918348
77687
142492
756825
260395
100344
118272
273834
180929
472708
414450
179633
807212
671427
517292
444914
917581
765811
993137
110374
328920
669069
450733
538356
247307
726997
206971
635536
531516
680579
568449
384237
392714
582409
750582
365216
829365
880065
257028
561682
641034
827253
123273
817186
122551
309322
197687
692373
243453
109385
590298
514362
23554
587467
155257
407775
698438
310785
49686
607849
823726
495965
96017
740500
207548
767393
68393
553800
848416
178498
866465
26964
937895
680888
949249
200713
983058
807589
536627
711285
227458
419679
472270
579323
990286
307612
768881
578380
351095
513465
602309
349508
785523
281191
796772
877731
243365
103539
778456
745126
338030
174320
161211
673153
574877
417730
975870
328060
185474
528522
90374
4967
920800
725289
889777
510843
711360
134963
703223
249935
174754
27698
250091
104628
592975
530004
882335
305965
535370
196658
844711
540046
585125
734781
111095
148848
312559
614215
774822
754958
313675
603371
483027
678207
552092
590299
445606
320592
833308
404932
859760
248573
673036
7136
922668
107020
227205
165207
404967
688455
929070
919699
2043
193428
602503
70879
169399
268850
278113
355450
460827
866834
223536
447422
834558
545552
490233
641000
920018
249228
720677
76867
188352
8425
289144
607734
509741
116770
42331
724902
377310
531844
524245
27593
934776
808716
532440
545545
646176
535517
102264
597008
772801
20957
678454
892790
654892
613358
990459
609669
8857
171524
432352
384677
925259
620648
807914
576233
461394
985480
387667
429812
137898
637368
936515
611017
75265
352905
827422
958447
533846
925444
152694
190077
825021
810180
262881
720391
501823
128365
668518
310181
297950
202253
156625
351325
539893
789773
757926
242092
740030
992019
927922
964726
926254
603960
543485
614535
58747
455777
276891
754885
755837
192764
311394
17461
950002
793
708149
129766
39580
327074
241663
777853
601157
415097
716028
98334
73635
890156
646705
523892
375190
559767
148476
690078
671053
706839
581190
30135
961801
349670
392916
325759
834810
339672
299389
629419
178693
755505
881846
673477
246759
522721
899657
406529
534707
827741
367396
600926
605623
897050
163278
855541
271869
228008
460532
665762
889773
213546
479842
736908
582608
789742
609165
780690
271343
218029
610828
88467
681561
46880
509607
613018
770180
893052
753288
504613
389771
303756
220751
852624
594262
836010
893697
257763
432408
4826
942304
392501
866801
559107
311509
565178
439411
49355
420554
230448
603841
618318
445396
830371
592275
741434
371150
706584
166487
285578
4097
659036
306738
884188
18815
795625
443812
786801
807695
551409
555786
588609
359938
947210
622908
638521
346276
908663
974294
346898
139982
607951
48085
685903
766425
701389
112407
939603
97901
32819
485892
43740
453239
321947
747724
454176
19000
275099
266822
340226
389114
944980
795768
840241
693663
450391
319796
794846
753042
208245
344351
413143
824670
900450
752589
726533
324637
528069
998728
502718
797704
82911
129200
465032
215214
172629
303484
904683
137920
791963
2462
962290
504777
796671
831045
123902
910970
345744
168572
924614
859747
787561
999920
424622
172414
502045
829838
822787
840294
346944
11403
737745
477349
503120
79677
665569
639914
865663
249510
112915
263769
632414
796114
556564
851709
972647
61526
611131
343129
880999
289656
827909
656348
174662
817517
110251
652850
493749
839805
388830
249079
683122
483139
465247
775814
556603
924560
207420
119408
423501
822064
319722
896649
861335
54980
254012
757276
157824
665678
126462
726974
629906
978508
708464
791808
324545
921723
805730
575934
462108
49340
85161
361108
423375
561812
16187
364528
817426
251406
34284
906819
597042
505019
907462
374994
339642
895770
368318
459561
213822
718610
603481
980846
633667
20891
885723
748435
229646
290685
34023
395429
343496
274673
959096
296258
352586
959588
742778
789159
904011
801369
686278
467111
805219
905837
672953
397240
376571
719350
840304
773352
809556
302021
795041
998637
420016
766795
558809
706457
914848
887064
549966
498668
192491
368958
690528
816260
251992
924564
458161
880303
190041
513687
921181
323617
558932
962474
788312
744065
53071
595710
586211
301789
811574
478668
201451
661630
936076
450111
11390
906071
951276
23536
107178
133207
74043
358345
481652
720542
46317
202570
357426
736523
325872
876138
451270
338356
980344
66453
936759
230447
631080
586580
884141
902797
397978
938571
998089
64679
646283
619803
639519
216080
256486
900904
976529
401514
879723
223093
437513
982228
159868
221482
900178
629121
835524
552248
668371
102564
839236
353363
38186
792903
84860
936862
278817
766587
801266
444325
213712
763946
27746
300483
2127
781768
897090
315364
186901
941608
587888
745445
270386
686251
372474
298392
43621
511955
654986
445283
66267
695605
102956
327751
633349
486413
332669
498047
844628
362412
389235
399103
744660
369804
426883
944347
759906
879364
726835
505673
164683
28566
807676
166079
880515
773030
818971
454838
149759
100166
968116
424529
36847
554092
36131
302614
472283
387589
525089
536794
195929
767458
956560
246460
201513
30480
117284
465351
55085
235271
59821
267579
546503
427384
374468
711078
326097
100617
619346
934763
145012
325021
147384
102820
814565
291148
395742
591524
695938
603762
33692
30229
175749
995811
158206
90944
108002
358972
300599
482988
812291
682709
597414
11933
292574
732114
458109
607357
22447
796057
5268
650649
772183
521182
57609
694594
990865
978713
45137
64404
672973
606553
496352
91667
324459
774962
251633
470640
932373
767058
825010
877228
931257
668658
357583
802644
38690
874600
238938
837802
75698
23320
175380
12260
192958
957387
333723
859789
529734
994456
212463
423242
462479
605950
46562
817656
575903
191572
562588
448624
438292
628119
846728
422252
531426
229027
570527
821955
781543
152189
900367
450256
165805
360589
163335
36401
166395
1449
570594
857195
353240
848076
233453
808747
480925
412389
632087
200039
668086
366540
30772
438115
417269
494223
78254
698640
408530
716011
798728
619343
802691
425046
418192
89875
80436
724921
852833
806564
610660
341243
519570
971071
493596
957753
324159
225050
278668
692177
517618
459334
879427
901214
289773
183022
126154
527550
175894
633404
706590
960974
219519
467611
376777
832439
51985
52631
863580
389922
38102
475232
642635
127431
615328
247213
298853
987747
452504
197244
971630
743624
393126
57592
381466
516430
597946
21236
236969
535143
164982
351188
671066
353040
132088
502604
685709
613220
84167
692991
549624
485387
598681
805385
773
172175
58494
731224
623367
652495
658029
279669
233496
215564
568105
34465
982544
848224
238160
885082
491812
668943
324480
104253
199192
156982
914406
806597
131554
608800
875621
640177
577565
655352
366815
385476
142054
814872
777634
754598
235415
16448
986802
829736
655646
862946
902319
55461
906169
370969
644579
68164
739280
827258
370922
513625
20526
844931
917182
504235
789982
706801
136286
532112
725278
230829
978331
481717
42306
131302
914303
239354
46056
809466
423578
599802
987732
81293
724330
717992
91176
189757
573158
114900
806785
688812
421863
405389
929392
765500
873140
122273
229715
999897
897832
492544
272976
397423
318018
400319
637933
260733
573001
861176
620559
237953
857370
110926
745998
674451
519248
216782
395761
280334
679054
25521
656267
801064
356779
409086
490929
81443
399931
994572
505238
983452
930230
707621
686726
622913
177416
68807
585467
756320
290420
322308
60127
229786
109669
779273
767647
368502
702355
652603
356008
114642
268558
198205
990273
530036
892075
347470
570117
757310
861768
610768
97275
337536
631485
98467
433044
850792
441696
61872
146176
471700
89717
195522
551725
338504
479729
471566
616605
428155
416681
118611
462754
832012
679964
104924
526969
449938
504473
28643
367105
750224
710222
166800
379350
362184
459375
191326
509775
535526
809087
493471
355792
954525
417598
459606
968076
434127
803440
616962
484378
84710
645381
175290
829427
697856
67882
89971
790918
528903
330155
189279
824568
217950
569283
320752
97531
898935
352706
632762
395466
574593
268313
222647
286590
408895
84677
860644
841424
569588
160086
427848
778796
197306
348059
455828
476334
657075
202028
98406
56443
885334
68884
160360
992319
479147
544856
215957
408958
938322
178216
738908
296793
336956
43170
892893
692704
99325
957821
161040
263566
731898
445528
95301
887717
529533
682975
45637
424167
691303
702167
429080
806766
307653
27400
618592
378408
892795
500548
382371
868147
811740
232407
336934
978001
268188
197005
448756
616968
421725
433754
148926
348953
154469
109610
577116
114266
357425
998470
737586
18418
689123
320223
417581
345713
246550
716859
838317
61258
718738
237753
166845
102894
873051
23746
124221
594053
75684
253390
838817
544523
350497
984784
51666
722182
612282
407168
909554
74463
692827
844867
930557
63012
701864
593144
627403
376153
701454
40481
153009
435447
86709
609324
74375
241730
928081
436829
737989
236618
392408
640219
744967
870782
36302
485780
160688
248423
696443
166093
980842
77065
321791
108425
756555
439569
712380
542933
36435
410874
481393
486190
211602
685827
142695
21200
860263
129093
88451
13405
891682
130931
569788
372006
47115
465203
361703
162328
409468
395795
104302
552646
606377
253225
491040
911054
243584
379276
207650
845547
182635
372201
425474
425815
346291
895298
369196
900315
376638
357449
438709
33588
254521
316565
596309
235491
183377
98495
98418
287442
711898
233116
425303
484638
804051
733782
795011
919493
347329
540521
878814
432493
821367
252983
965063
550095
186103
880905
337544
419646
908275
505379
996971
393816
881452
44483
334566
729800
409212
867510
989745
532149
639342
863382
909688
976458
371275
576355
358124
67427
51312
190077
510580
143057
25562
351867
161922
697674
480068
114540
313984
385776
844519
258024
70632
186876
771808
305169
178355
830023
337584
130731
434601
97333
825373
492629
282007
582910
407413
191012
184927
105306
113842
869915
547113
776520
764857
602632
571704
950716
551677
470077
330519
769123
971329
53610
938289
595028
174586
844116
413760
250644
410770
761588
711198
852294
970825
483566
955703
356653
941686
130220
223712
46751
105452
905943
429056
96905
574711
26866
67052
640857
544710
440659
462353
913036
354146
873982
894026
419796
407964
504607
353106
336165
202246
10468
187859
901724
314903
77301
423325
289996
441074
311953
630706
508071
93120
213062
959870
982982
508281
666252
35108
589077
333058
764159
635507
352862
520753
397688
101559
604720
876396
894343
16300
516972
970351
233614
40782
675755
222956
485373
367948
950159
103564
541669
362202
460709
876628
229563
541413
301876
825443
252652
534626
641445
123799
67863
190080
862926
202256
813420
778044
649501
281804
510175
774354
941469
852721
132616
155153
252200
952874
715290
81032
951722
515049
500157
771036
778701
610058
115147
922491
993350
866456
743332
762091
184059
207912
725103
973692
662544
824995
545069
285852
180621
319778
121275
154761
157101
50866
442532
271585
430790
276534
864480
150549
171600
928044
710126
178172
715411
40840
790857
234884
943089
211836
724810
993795
241293
116825
443673
59755
202775
625999
55377
972252
478774
184336
126768
641748
353168
171859
999799
995777
941497
443381
918820
292023
735797
551225
157962
899581
855148
199344
79114
189506
968553
575924
616432
451373
585934
664974
419052
610386
275736
937592
208363
498816
450187
74044
720849
56631
234298
240059
389589
537143
823093
482697
281210
515251
363151
428086
606822
731877
183370
640616
202017
11003
142881
855843
193515
963439
112498
463595
350201
396852
508423
677313
30478
304268
169216
473992
319795
31158
619230
186059
554707
761605
615662
782616
59445
532044
513552
293700
81238
958646
893411
234770
379746
885298
329487
44975
459279
648779
928110
516756
889366
850197
891671
490638
645007
73411
381193
439130
156201
962838
859569
136490
656899
424304
43480
7812
247657
336135
631532
602378
363182
750133
730025
829652
885346
858155
309412
236409
418096
977414
484532
59693
987159
318458
660925
900
572483
986666
609242
71701
324423
161370
180071
533881
194041
847292
675368
941107
667051
154918
455961
369898
823169
50917
487698
109329
36084
664939
799255
941863
517666
140643
198842
479386
351503
468518
466861
359175
720700
877573
123240
196252
607714
346246
289843
704543
853387
228077
460945
951175
669390
573359
843337
833800
230117
508108
176594
808492
804716
913269
676314
664093
639672
478824
827827
157311
442130
665629
192154
352314
224399
589144
29094
65237
789261
498975
464138
674750
424460
778694
211654
514982
763302
349862
657200
993673
347180
691308
794203
89995
785567
844045
250913
621246
693960
185431
651155
812672
389621
628387
959993
261890
458192
270887
769223
811235
712221
968360
347999
918586
160591
724556
121213
882675
356168
633229
171140
191504
989996
32970
666530
794641
682401
929016
491234
724719
793893
519797
990030
669697
384587
192189
756030
764930
448211
587253
743361
929770
790949
832293
648743
452216
36586
421251
100010
666385
583
257130
956151
317314
1719
446058
42140
272354
896388
883192
328015
421523
518882
779782
116376
707175
376936
570158
209372
200030
907948
88775
373256
271225
774234
746518
761692
69487
880175
181631
767718
789112
468352
445117
22147
76003
694799
255740
732770
406942
742739
264604
12175
209044
332174
719525
764756
827041
337018
117832
777148
705518
76385
607822
939442
588846
536332
30176
142601
535476
26579
710641
516565
639150
183507
850828
941878
496770
508158
948405
144501
367107
710541
132287
963910
994192
533840
155882
215149
832393
590309
517750
701822
922415
242887
35720
86652
731927
305470
732984
258787
602699
235636
635189
279426
856894
712232
859222
575551
791337
733820
86269
6654
442758
67240
150954
764829
109672
350865
961754
878614
658997
605620
498073
726728
376386
127740
503787
129743
897801
421236
460947
276431
572809
633623
711678
311760
493306
41538
29007
461955
718572
78282
937736
832547
931771
948074
135057
642551
757233
195477
181864
215924
713656
152810
173478
584959
735802
28870
663018
444623
604567
820595
220964
635441
342210
291581
3584
432677
979193
521253
613676
305062
719455
76783
783752
440263
594295
87062
553962
889209
507455
428256
640906
83753
19111
51532
238225
432390
98156
629671
53113
450912
515478
837181
141600
879852
635530
955181
37615
558116
650380
692374
57185
717835
768085
231085
750131
439054
615821
492401
574055
83654
279910
881909
801844
284891
966549
126108
842573
524610
578285
17636
729036
558566
299737
868121
177339
609189
844341
830569
286719
605425
486602
934744
362978
784087
586980
56970
242107
620700
608402
540157
151484
854595
479354
213850
763480
360748
152726
14176
402767
615510
458831
32640
877079
406725
206132
166536
119912
70591
703511
455479
48805
27504
158724
257647
653026
565741
681055
521608
17302
932245
933977
548224
557598
540948
193294
731281
681259
884353
527167
956443
315338
910567
932199
39553
391182
71201
189436
730512
913244
839199
507395
462809
430291
496325
969552
7839
116566
199218
997529
554156
893623
320990
196662
670462
340545
942172
349368
594143
425442
257279
558563
760338
186739
807193
110409
350633
987814
80542
618820
186932
406283
73896
229071
11219
78207
52500
488513
138733
665201
969929
691944
11641
579218
840729
122558
401913
817689
998527
712074
908807
178864
392584
227606
875592
705662
222479
404425
784829
895570
335329
218912
771768
344041
443071
212109
657259
566172
404225
530860
397020
912297
8599
552798
972788
686427
15787
928644
371511
4185
430498
675802
748687
173961
352642
555373
545601
808671
609902
105978
680641
887110
966860
494757
370656
796521
76679
536467
280035
463518
274032
477924
586800
473199
449343
114064
232418
769671
368184
726365
680443
556022
373545
348154
65593
434785
36495
958140
717889
390409
694233
273458
176696
500278
66372
324006
74161
440319
221029
833011
94592
156409
345861
811070
267501
458938
274982
295506
58372
96393
947876
414300
528010
116515
37431
142143
978954
690988
658581
654101
932237
176305
797300
369348
462247
150614
739181
712888
440494
598241
403516
994178
37958
319393
259940
568461
529304
356156
976944
927096
501857
23700
797203
507413
964902
775382
811825
946110
53894
264095
309687
831119
386152
401482
398308
587267
131858
204122
643819
621294
560347
262401
332785
300564
923769
557195
175281
466469
620596
616874
516863
88662
166524
460894
32874
4445
901269
316801
363770
384265
859056
511276
374680
415419
625174
939593
834061
741253
706237
268471
823395
337181
476349
809939
694376
672573
838748
278697
961744
460251
783749
118135
619130
431744
498264
454042
378507
257288
209499
612760
665079
171317
95053
470345
516126
634031
410523
754210
168338
968540
159148
248223
87351
632664
888279
734925
878020
239889
373172
806577
410662
968962
877520
782424
783363
349386
370234
52669
667547
264040
114490
838096
142411
590422
420898
415081
998316
112766
80764
963657
750232
158109
610466
36744
972876
404019
180205
72865
887849
388836
93189
555606
558677
605551
207768
617025
176894
546376
868454
585913
509311
29459
645944
314461
110107
901695
367408
62720
511782
251581
156220
32177
392578
872604
476261
684709
518343
864451
766084
325059
798716
807434
265363
512012
579202
891317
79393
12262
247185
588237
372639
286211
794585
832733
927192
208690
907466
553926
530366
338946
919983
749951
535519
672655
337461
87213
915831
623530
518282
645915
724574
559209
493537
491990
986594
912328
238033
154920
687407
746106
148829
687151
674091
806096
848015
111705
976990
761989
253373
326846
301583
729635
506477
827865
738666
908374
227349
298020
219420
234572
459579
610320
719617
591621
685115
136926
886389
961660
883879
383453
180167
796722
537672
499328
486924
598867
1795
189019
864207
471623
919831
80378
297958
124696
144259
15070
905760
231867
379652
800149
329370
153149
684476
635189
824689
214859
447919
133300
816273
13086
682918
643495
479980
123009
565046
839189
578119
290496
750747
98360
957230
287087
557437
630671
942920
346772
449237
381218
809541
537266
165033
753620
400051
401971
38579
272222
51056
637809
452576
336110
660602
106592
192052
166811
406690
893340
141002
208771
709152
751883
361401
318019
813695
693359
192595
200402
229497
106635
725063
556282
558173
600686
41958
98868
622060
612192
262018
184096
747012
389416
644914
923934
101812
583608
692531
744396
944174
362167
692009
243932
131034
678697
578819
88208
393863
390396
687356
414101
570364
225201
702781
355386
344557
817764
407583
96459
888969
204730
480079
68622
348272
434855
823947
223577
408962
995673
993096
432334
424275
260229
442358
73909
989050
551436
238363
119348
848905
343369
125724
416813
378583
118714
293851
677556
434936
521928
326905
363627
793742
626484
920636
263037
737721
337120
435468
881779
762473
55992
411736
664118
206485
87355
190038
114018
248196
874154
491559
400450
502025
363723
227992
537774
735308
779482
170693
427134
138626
43469
274456
371498
16766
63171
600239
999168
767009
500232
846364
616384
700270
532295
677893
929495
889528
245901
286188
222646
561020
924213
453258
365775
600715
126390
240596
626476
271840
856261
556831
356268
82448
833000
270623
569946
978143
625305
786059
175211
191278
72339
965341
314580
936594
986364
627765
88710
567745
331502
494557
644231
107110
780707
462887
677934
98324
717821
272243
351995
138646
164784
131981
250192
851813
391117
350643
907728
430643
657963
557299
294739
765732
381364
631795
259651
334940
134729
205579
638806
390451
780819
440076
94504
891333
314855
250660
918324
853927
587477
654617
141999
221428
592270
244851
197121
550981
164335
108087
12960
767870
392878
528013
118539
853445
95968
481923
573985
351758
892516
839722
859
911378
323760
199070
984556
530078
491766
266916
312244
214344
546482
782060
732187
927804
105043
175477
586448
246324
828995
989263
285214
338502
724309
603964
705704
613271
755530
550256
372353
19821
201984
124856
635370
192035
727288
798711
754473
914485
568770
269258
394050
112571
653383
943117
322709
122931
346355
319735
740627
681591
508733
211169
66206
410317
941716
548068
265661
280733
639911
348447
164153
984125
962449
264408
753431
498921
212896
309050
894833
525198
735937
785404
739699
548357
212489
532962
632431
831965
755554
325277
759006
6993
379920
848590
820212
173016
37151
30825
595678
898204
557291
228532
867803
12034
130444
498925
19572
983592
845532
73227
626841
42349
71397
219357
90266
3433
561196
453903
338175
476989
310164
633292
60740
714886
210673
61117
778612
390827
871338
940270
2272
752534
455434
608978
721276
621376
666531
131293
562967
923876
47135
784975
655862
959893
840740
284241
91916
337003
2595
765943
313687
749977
822014
102502
41561
687386
255124
620111
724977
577546
979882
693273
37014
261969
303863
66973
92209
117370
456140
668619
71508
366178
983518
835114
616282
240459
823793
143868
910491
550480
108835
460031
155468
347251
758163
391824
429618
803410
695724
412075
211585
886777
918034
388109
683541
988752
413927
293498
413068
812917
658810
979227
4926
296229
239372
505343
269658
876435
371009
913666
880798
581531
522592
226635
639154
45648
197639
523374
369634
272113
826350
274675
818358
844731
369493
311214
228144
650072
578829
914637
852386
75957
31456
500912
825385
825393
203103
398322
67146
877105
421830
837639
644967
869264
292813
601726
430045
254644
763918
622373
624381
299789
423627
392294
59861
120809
899680
261436
803756
553438
175673
176455
141949
163701
693232
699946
938122
354249
165993
726845
841896
867126
759279
325514
112243
577759
206204
142433
426530
307676
902807
988120
479221
632383
81432
943779
611531
152641
57927
716428
885136
968526
876963
347087
753427
138154
828478
998484
26037
711678
88645
110025
894269
324547
333918
540315
666825
398666
846378
267538
360800
369061
346346
817351
781026
256694
729661
908930
833760
112978
381063
168500
82184
872208
368814
309837
950201
168180
543038
485499
212085
733427
919532
530497
103604
290659
567736
681199
105621
375169
773291
933892
13744
488350
12544
387996
449862
962150
79455
487063
523290
5326
732420
590025
45465
418394
700031
485591
817460
242376
890964
921844
428623
279196
449410
428280
431249
607881
65505
321882
612508
864185
221348
438218
38742
943289
722175
690030
600742
171140
214626
540406
346491
29931
695074
301470
723782
666077
309113
1664
351816
517593
478052
909395
638405
606253
49194
25476
582808
439017
55933
987631
857888
629605
556729
157818
929880
589548
691977
212046
857925
184836
871209
503539
736008
868891
573766
24327
328979
394832
869121
560859
736184
398554
647186
112938
940317
944345
736329
313719
351884
458487
674800
570626
743207
13563
450381
298854
379897
709610
124292
516114
7143
362586
373272
691554
502597
58900
492818
97817
295620
63845
675194
148157
732618
333313
358658
659600
818010
489557
382787
827622
902770
649256
992990
74344
625716
507693
784709
542499
692412
62887
780818
449741
792464
623865
803284
912278
354933
226121
175275
182951
271710
917968
251145
309947
98432
262594
441880
948182
724225
624340
832314
658597
544590
669294
367724
3636
510603
825967
460932
814406
506598
362519
929497
82708
756229
14614
796033
699237
749085
23150
916149
712134
267812
622855
498705
172775
473118
850383
123832
766866
840724
942027
675669
378568
542500
470911
538684
534778
592561
991990
227566
664609
445306
920687
406331
117498
739977
498020
50754
12194
96898
346360
73364
440585
739099
530748
385975
812630
386666
753950
510662
591895
624857
562926
502
334883
191415
940558
432883
11087
346473
346102
860521
738057
755518
753313
854110
933396
526560
326040
335996
42080
787685
804377
301869
998021
407557
57124
374751
585756
705959
707809
182503
358138
48084
254897
766529
985930
639373
693391
263477
505926
934839
83299
44182
757458
159668
951395
239589
162677
594190
184422
23378
869044
536141
917895
854498
156621
402664
106226
419756
391757
620824
810638
904957
828878
719239
780103
89947
895377
358952
568182
435431
293044
131616
678256
55067
276624
346465
831848
514867
613041
528024
402114
336105
388403
641660
119669
109656
262773
756679
189211
928770
479997
297090
429912
322989
535592
85304
46245
251240
348876
401036
662520
679723
417004
628199
906578
499292
168150
639881
485796
8174
336605
412865
868767
191780
24303
24824
485847
100340
90770
603943
9426
621702
639231
807657
309491
320539
735195
484202
680190
546827
178446
427455
35655
928999
621890
855824
204092
499773
143226
274928
557323
24249
718092
595981
598385
439848
613181
109891
685729
819032
89207
316555
322061
154332
930537
377744
942099
395244
388219
405922
111751
380456
209325
166211
82457
970813
961867
673759
138723
969952
973071
433369
419666
10616
487571
783873
1070
333592
689393
615265
310023
589354
402169
925815
195518
157351
156302
359100
562989
182530
801629
89315
759732
780197
816379
38045
927841
424082
639194
926745
253115
690092
480872
206346
98219
260495
236037
541856
219144
240153
6046
575512
254013
631820
897579
734767
547161
138188
199553
67442
375795
445762
678100
196401
244472
958947
135693
558417
623123
362315
622212
195265
921719
19139
111451
94917
107340
854562
142966
676654
269492
970639
745434
853098
577336
630948
388577
896375
113492
216366
837719
799795
948635
248465
378997
371408
55496
496776
516536
780003
264739
841803
490780
88027
160397
23625
42490
143182
968552
721108
435643
407343
635813
733789
95480
267228
484075
627284
378416
731860
727393
205297
426725
198726
809688
174353
44755
8132
409176
501368
981326
739543
431237
11189
963575
407148
999534
111331
389850
321899
707955
163979
962343
615528
281552
389607
581195
859570
550538
459842
96491
851145
997108
593019
739389
894574
245726
533224
478018
803922
463387
357590
893284
781680
673454
707759
783656
371894
129809
598325
954447
511966
518689
149162
980943
654940
629097
712082
114985
228016
302281
271824
378023
562523
677826
869357
26996
847406
816481
294520
949591
972925
271238
422471
828302
919859
544977
635099
253187
518911
340392
362530
710381
574893
853542
255381
126790
338383
763427
984578
900068
866521
489756
795684
965687
731597
608511
621230
751518
646859
457494
6759
538214
245962
542733
956462
974623
172324
980129
896671
544669
406283
33575
332558
154760
703001
780727
448752
530592
98566
830963
538906
503698
318259
33335
701473
622191
216867
857695
203296
606415
831817
945967
281111
138433
209531
661859
385648
285805
804358
81428
725214
661321
346908
629956
128478
915124
340265
188038
906975
115570
162756
48397
339646
816197
622272
993999
561002
664804
852705
270997
947815
659035
233387
373346
875310
420542
718870
60669
767537
226891
29279
672797
84411
853851
11128
566385
988790
349381
801120
733833
667591
110032
934029
390372
734164
212498
606149
402711
555173
794473
558027
293014
597032
232533
919479
529954
407118
876849
748255
816079
718612
175756
328241
425777
884636
39208
993251
602723
431097
756174
492609
777203
842122
706508
419045
468909
378685
952333
603013
762626
633589
379603
894246
289045
209350
72915
613615
714595
20957
434477
282648
21900
931005
417670
999873
653378
652708
610308
312735
270413
68172
708581
383569
407800
203341
419964
895121
993564
460895
430090
916421
475398
548158
485365
814325
43080
804390
26663
100888
972569
265854
89094
712007
547113
150929
474891
394131
193286
750327
378561
813874
695268
804882
416476
979028
971212
822068
592564
42068
70500
287902
663324
193226
227735
306275
455779
377469
755616
547244
199719
755317
889464
475604
137873
201519
954906
360691
316912
957738
991407
13817
907381
598239
431260
59696
146825
90701
341156
978979
564807
411442
402426
465053
81881
60694
981927
948938
594162
524096
283156
508091
110693
570700
198901
164037
884321
499093
840658
840712
389386
865740
160307
622413
396724
741162
733928
981513
352510
727170
523698
256767
124041
746095
876498
276609
973908
704301
410283
813846
978101
979972
779414
124535
612854
116639
880642
184116
524106
947707
265286
853364
785323
980987
450565
191641
474961
106392
877501
592962
728272
67573
524652
874602
4879
702544
183903
755373
879648
677077
384472
508971
470913
671565
159963
624837
71982
226995
719829
254981
437345
189735
221994
886682
6056
981500
484442
644288
639904
993836
846222
478078
491539
653099
163461
137545
150636
939992
245654
856070
576723
682320
392417
567341
671401
721501
1302
801033
214881
999052
323873
187420
145529
206940
682033
905439
831764
717650
467876
888230
959990
721962
618449
429154
623067
792808
52145
193665
575732
579468
22890
317680
45887
587875
526458
132416
125506
955258
67132
546726
135651
459694
953306
673500
773031
987039
575760
162086
10693
737219
795608
690095
457318
723158
792248
56210
299772
925615
37092
357044
54524
545966
878673
276686
930169
282962
948119
873736
607071
20647
47041
875585
685192
771228
555573
127467
42430
107699
901754
80468
378062
589329
454763
355775
947077
959285
352823
421040
869130
360133
805906
352967
247575
248004
193468
471172
556246
511841
440492
514921
562388
633000
209817
737213
822244
326235
900196
574444
388883
881692
320293
52236
760963
878017
321552
704890
748134
431946
716036
568483
303193
36078
989808
932767
268826
238289
15778
97719
547304
837459
241005
461127
493046
171522
334583
150207
347659
29231
498653
204867
59257
935838
325827
567666
992823
414807
452667
204932
562589
914841
946448
180365
4860
500014
398385
574366
239256
15578
580917
389963
252868
130989
707087
653318
215128
564856
621967
779754
861840
565468
207378
394964
781252
834750
420168
997548
615744
637270
138976
981122
677439
362599
218770
577618
348489
935369
233544
519786
117926
520226
636010
399011
900925
838515
680453
456586
56718
109582
752279
283363
294729
594918
451961
909315
64457
171071
864681
807580
594288
871876
306739
18646
302495
25335
100988
296024
638162
53954
50283
349285
166679
189165
443829
299299
181481
28329
102531
226232
186477
349001
570881
133837
208008
645968
199877
118516
875163
700517
851418
5606
331612
19427
8169
658853
779474
690637
335619
42816
382061
878239
467725
408821
110463
155519
880265
27120
388891
411602
393917
104114
593097
113771
273410
144973
931490
352543
685226
268107
557582
910708
965839
857839
278808
862776
481524
869587
829227
729389
606171
808688
820972
868770
855907
323196
931315
73053
694298
26350
28326
45556
84967
780189
228532
492027
283597
474502
661036
939991
169437
893421
194231
151153
355899
485082
650360
633606
947722
227716
833663
654556
834423
713484
485476
171279
191071
813472
456070
536202
25118
614272
497376
526353
308533
517021
638596
928634
761751
944221
972408
505340
552080
285692
565546
680671
225427
662540
314576
750547
943774
257565
508640
32861
332108
105399
811049
947308
854007
567364
963277
190346
918215
618123
748123
413550
798556
368407
339085
901102
576916
222902
492891
513617
83065
973277
614073
857730
131978
466921
371892
881761
810980
899776
193317
974836
32461
426582
363599
406267
113245
61067
132891
855905
680394
566322
540717
595214
430670
752173
679266
110169
942391
326388
694505
703003
277771
417652
24251
601055
576277
192532
777336
982645
367120
368786
497759
879654
608879
717772
221034
535489
67655
237851
498820
408084
299162
150426
128360
884599
268673
576836
516311
796098
292917
562235
524853
624286
129786
626405
306753
123961
363432
147377
748975
435987
118935
206136
17956
274678
738854
405694
219982
400898
273896
719831
244253
186790
21164
823526
50145
557483
120296
140673
729921
955178
465474
242480
126869
556446
814010
882901
449377
422612
706678
554725
187823
3711
691307
173332
572616
942504
542438
893007
587470
145666
316917
7331
16185
31387
60404
989499
322604
670127
598839
872070
580595
394519
285265
808247
396188
154654
301823
236326
137903
423540
684660
981844
818315
782972
796738
242443
311134
208128
362210
751140
372352
173956
581664
982499
148141
976440
145382
73980
320861
736135
628707
169337
587970
72588
520727
271539
111069
441700
466622
748669
27133
15902
473942
325153
954710
686415
3279
40706
441466
317379
652367
199328
712630
869134
967838
14970
254924
604992
516149
924558
58504
765686
554910
820156
121985
630861
80199
101577
383598
466418
68713
600191
483810
677589
386000
355249
988069
861372
846534
458267
345521
655348
176608
415464
935238
660578
805860
469902
751914
866615
145813
805269
993537
598273
663774
651317
834244
21919
257495
813852
748833
854605
845046
533582
575919
51485
548629
818343
819276
535111
936347
546428
765398
23383
380554
355168
491714
43204
134117
105474
426268
749217
739004
138547
396571
630509
856661
725382
96544
583365
539257
69137
993483
59641
216664
189327
337658
533819
169817
450407
692512
348083
342146
128072
958909
141616
40257
49835
242687
912890
308245
519930
801845
866563
242204
259727
826860
870139
604089
251285
763240
757251
108385
573323
687936
923833
362627
99879
862551
812658
700754
809367
974771
727686
874864
796706
762427
406276
52536
961965
512849
920006
4392
455386
974282
801440
32938
115211
327174
770674
634621
107268
646449
386141
843844
774639
425109
70290
362603
673144
286681
262
163058
274712
721369
135554
811032
13232
302883
676310
534116
688651
658252
589805
292882
151174
403310
462652
431513
744268
569919
555733
420501
946937
609422
425752
951126
41568
279004
958344
476997
932904
338452
650171
989613
512337
736552
740907
898989
591316
35338
445611
95289
755049
142468
559027
367496
70306
77109
263068
662686
384373
140329
709543
914422
81175
274643
463159
318027
89091
486441
318559
404547
535961
7388
400854
317049
623140
1843
261767
938085
411316
880643
11845
873322
337770
837645
899484
279741
93714
150260
82563
590829
778410
574681
408109
501266
296001
833749
520766
206742
787515
734034
316699
801371
807857
681351
955034
955336
44277
985038
35993
894707
391987
303139
932778
224044
12851
834427
721388
263332
702074
535486
280949
133945
621776
313571
763691
266399
93469
472167
698546
318444
899501
799146
31871
908288
760979
919142
234635
743630
428521
833292
227492
787532
174389
455741
191773
754931
433639
313250
830950
96371
43646
805480
914038
254967
694987
246683
9956
962576
188622
928286
36630
226880
68860
894212
147280
603110
843810
240591
420462
583233
596387
544963
909421
691362
227101
617893
454563
950963
516906
22613
569615
86429
55107
179333
901579
730011
168894
688981
304222
711641
560312
183693
379694
151752
770253
488950
536914
783233
705284
904853
971270
856787
499080
378373
151735
248555
16465
413488
67903
109279
624290
400490
838379
609687
886635
753642
594551
461208
79054
981093
117531
633774
790782
157128
330878
617462
961604
195666
515785
820357
428636
418765
240151
590008
221500
402855
51144
946201
565428
739889
313013
513771
251952
655539
721981
142163
961755
399977
647166
501091
939998
521119
274528
466243
311942
176676
142091
288126
344580
550702
887992
378215
558349
320842
553957
901542
94178
606845
798114
933602
724586
411517
655625
689548
68411
589573
847243
492166
276023
325273
320932
817775
77715
387926
999408
142413
554867
939317
955480
465941
713329
244508
370917
720665
465789
826144
693813
228047
263518
795420
39114
540089
282775
96295
381632
126262
624100
314420
759511
975781
879524
814923
93422
59122
585680
944928
160721
589182
489641
183309
170601
569583
329520
345969
170066
899153
991567
812196
518538
902823
887317
528534
504836
398547
240799
966659
294748
983197
892754
742740
164070
728163
565508
638806
280863
606750
515450
486287
940485
190348
35724
880642
875330
341375
98213
426305
446404
44994
41063
920490
989160
895203
821291
201535
188372
138466
375654
545318
152612
681460
902759
38649
54843
88692
259196
640011
759847
690805
347257
832977
82858
313600
625960
853416
34491
606515
775328
450686
312096
809513
711620
238227
968887
349123
428013
469245
331867
131408
880035
779353
608752
233031
195127
257116
507468
129073
84608
537031
561666
109283
638704
937017
282508
479529
545554
41310
779860
512127
837410
517574
604383
509305
386952
621968
550103
17986
237875
754693
459699
218817
913167
367553
194885
147927
669346
472011
591072
816581
997896
959814
821219
745259
929417
192385
799143
139947
951892
241513
514881
376428
419675
341214
986356
857658
47562
268194
916598
903115
388452
452334
32989
443485
565757
874911
518118
531258
661134
440653
604258
551837
908856
651388
744958
260527
487192
360684
359277
479786
1859
736139
542772
618527
538142
979787
649425
870290
519709
574350
645513
592323
294614
590908
447053
406280
114497
839223
314952
975701
933006
453478
176328
158814
581091
668526
763654
534675
951345
335871
118227
486794
67826
26186
653730
691835
3393
141520
823020
480868
652181
848470
865731
50509
653659
256053
761527
850534
734192
91854
69791
220364
658872
299354
979781
208170
53854
343839
583728
913660
178472
460862
267086
824367
530677
52777
360382
185381
774998
363187
594296
564564
376391
285824
285466
73294
205577
92379
893327
881499
431197
856806
991710
194690
10526
527148
999181
314279
218620
874323
721199
885710
3281
912173
276369
898494
514593
674925
760445
245760
859251
241142
188969
140231
525766
506703
606079
849577
24562
686003
571914
316235
462493
460870
522042
861468
642006
212513
386772
710712
803857
891022
456313
769772
41855
737807
583568
893337
363914
433049
448275
923825
73770
718366
709811
107487
450599
626120
933161
531459
723883
46081
838298
971163
792899
716783
245414
796989
428082
586173
359246
35328
764530
784341
656319
765883
475400
963178
270207
197157
578114
150769
569971
678491
2576
907695
270858
580673
72061
302893
933578
265920
414024
835977
339061
498285
70627
564647
847959
21257
649671
69316
746671
713957
563442
10475
535288
338206
39934
252160
829971
731462
586975
822457
443730
615971
589113
872941
138339
725009
19100
706180
793559
462786
803101
383311
935182
740838
444754
320945
60737
918182
335273
170490
419052
684489
955429
637140
896534
287034
185783
185238
828222
88737
303989
855414
840100
624493
952441
11611
750961
287731
302617
657617
824643
844592
436094
276118
851161
604906
64547
120401
486808
151093
212844
404066
528568
137810
663392
1236
599502
859122
704645
190895
136246
671512
716183
81451
245724
760796
972196
460927
263271
115083
39815
560086
681348
863532
461887
803299
557194
352350
904363
612619
446223
504733
137828
455745
596743
729955
524471
860528
156435
128747
944701
446929
187694
123664
219481
57692
401455
211988
31310
40027
419323
815229
297595
953049
448715
351258
317107
530234
642582
89572
204989
720740
384539
755263
229733
951387
351885
196640
880893
886187
102554
580616
878835
951358
646234
730350
310608
783949
693137
862010
494795
568307
14817
890670
855304
599773
857935
372255
257904
169630
971247
612193
822317
785695
70319
532162
33922
858420
476862
373612
768006
67593
816151
734574
989819
210427
226222
626516
704399
578499
463925
433458
378990
46989
140491
81984
635586
455847
568066
186143
226760
554837
279435
798394
127056
608961
3328
528264
195729
72335
558094
364653
568998
843535
759357
70272
328745
449036
375518
457704
807659
952193
81168
815775
691469
471531
13998
632024
185406
202298
477721
570173
828881
973793
186333
70737
811769
11724
513602
963317
905061
217521
526642
853766
499506
440000
619778
477283
906769
954612
562270
882124
3959
510155
408470
387046
608570
990930
142079
859547
628943
274458
939335
316062
381981
23687
967001
341260
765309
259846
652969
715822
206161
953310
169692
212187
271486
58272
872791
103290
809159
976121
489251
557734
844039
80742
646778
554858
225483
926790
554865
6123
252426
357323
715969
283237
206465
473418
836339
894221
952687
939827
744744
708374
110570
141530
748610
233232
808989
47603
244723
596906
191711
789213
912160
807064
145264
159509
417137
356176
13138
877643
272376
392494
528130
991121
324347
881143
570769
483248
544415
464698
682468
347733
693171
26706
542532
872105
171031
80201
790371
379134
629384
748567
868652
734757
836425
479624
898565
613148
375982
629115
174692
330212
523016
593478
901131
447153
22312
787831
131809
864955
352018
124022
428655
132914
532800
808582
120308
513678
655055
509290
758757
457220
323722
656868
397380
521620
383378
393944
953627
894655
941287
341840
447189
839575
547093
111641
917114
877358
182525
417738
677765
862704
415679
295652
719972
618189
123137
284629
384396
105934
143711
658391
477174
944585
265903
613109
689273
921072
485871
362734
322245
740483
649357
42418
802809
167206
185043
749385
498466
734157
925038
789267
13137
229139
520217
806826
322008
825770
246763
138083
83680
31661
80697
176308
917354
761362
657897
707503
84640
692731
187860
59309
63703
509739
73431
334982
758820
569685
632439
447100
757656
333200
521646
174263
884505
469352
253462
874411
133918
597902
107441
532821
621062
390255
903699
917861
460502
130658
492396
22774
633614
582010
486006
270904
271974
70779
340215
124015
5354
398122
332531
237972
377135
817213
575474
369305
564913
380082
946729
126538
861642
70396
493320
394895
106065
938391
513440
12110
280781
928829
496942
365
128597
320177
95368
476917
193989
231736
306338
688722
60127
77159
682749
381431
526523
230040
135854
75934
805996
207734
155591
656557
438385
142776
725668
976820
370709
215787
878547
431059
326308
886055
982369
590265
375370
375779
208061
944839
966089
718437
234636
689042
339094
198482
264264
802567
346321
926371
810453
739178
539936
617976
840994
629111
90791
334023
658232
995497
690469
852589
648867
931480
580974
157029
108473
409917
379265
610582
404939
85714
997893
794374
163048
550804
286757
993901
499976
455466
936196
673444
427164
429600
145375
284156
123376
820428
799550
536811
723769
281809
501207
963746
388225
595329
505535
389114
570348
203102
639181
203212
847654
327289
359885
780895
838763
553596
275230
86460
704754
992515
7913
88414
889463
379876
12222
320006
220771
678031
340301
837226
285915
840337
272125
274061
364706
96115
497900
964394
701932
856959
807620
59082
205504
181282
465590
833909
214152
10349
726486
973957
178552
128694
944723
636886
287193
917723
506897
749401
992625
478182
686245
167560
136337
871692
891052
879284
378619
661968
245256
739193
418477
235333
73017
775444
411726
475504
659348
588107
573364
502475
388898
404938
110032
57126
492695
679694
847991
602409
949036
918522
536781
420980
121884
410119
362640
917543
271161
607065
664318
346429
611752
186412
739748
21203
391743
387053
56453
198343
131385
57701
867875
337532
869652
774544
39405
461497
571080
917324
627780
208561
759715
879661
137452
790493
973189
915885
747084
870149
757430
79361
411489
250655
254495
806406
21317
342734
344300
405338
641816
926347
738491
888328
355656
29729
903233
707163
746243
547026
485690
882579
41910
462615
235594
750134
37440
987141
343221
55933
19704
908363
499832
440111
811223
216856
905922
940684
217540
506521
971986
834399
506427
994976
151982
930871
710937
323104
679549
462703
467590
250069
294018
478056
135359
175617
109045
526488
626750
886736
300671
122300
354825
141533
593555
202601
172500
54925
351780
83072
565204
965401
623302
349696
128354
768810
427621
519286
437575
48221
137052
13327
253610
884518
220531
914702
144531
514192
505272
841112
586267
261090
492088
614444
493043
983646
473370
311153
563469
44067
42777
815720
135338
811698
911644
937217
32065
491405
321076
717513
73161
292603
184689
623680
588131
999529
576545
244233
412583
216938
267174
755898
218890
721503
952307
136787
622953
653618
271267
708044
686644
131132
950902
438791
772986
733959
519208
375205
41164
816365
672496
237685
343889
953759
339794
388998
48614
739458
312033
808989
981871
981683
324373
916546
448319
207467
593284
34677
568224
118398
460929
278270
49983
240446
26702
610530
519607
721148
210302
496497
265912
81582
889452
262013
77460
638636
974674
956581
394534
767957
457543
703887
572639
765454
750103
842036
776366
318378
538304
125076
538187
31398
785607
750475
19041
443851
933941
681020
939798
877494
272626
358825
436536
454004
48060
550437
1349
462023
299268
8928
80727
341446
394277
835682
787882
771680
862274
960275
234955
1153
618234
747446
830943
695501
603659
393974
681358
693193
287104
716185
250762
533849
455384
130321
742400
79204
223285
804785
946265
158675
566973
159165
715501
397689
367121
830810
155397
317389
208616
811620
969611
786514
65991
327582
969168
341527
33823
704644
912058
798554
846147
470205
519624
822536
982532
562861
762244
487008
692139
965862
771460
28981
467474
444606
976412
179282
793119
56891
846947
903991
850718
547627
948448
61058
667386
327057
853842
594793
321944
501369
931545
197860
50577
662637
696196
195880
579209
17088
351224
452877
529584
152583
276985
812817
710037
748968
470808
584821
492770
41866
365433
200773
146616
81324
400768
822581
848552
640209
932440
322535
818122
364185
580768
194249
59838
720300
1010
793756
507901
526223
520912
795215
560986
534040
419565
396937
859227
953534
537686
440518
971502
523146
360123
748313
897674
532714
733982
954831
219747
958500
705175
989556
462729
515688
892353
213743
165726
791166
377733
820232
101426
124126
825153
399499
707261
39838
221076
836100
877432
788038
961608
917737
336536
345343
311773
927447
863208
744042
696494
534581
801026
549710
892866
911093
399209
625897
91890
948921
194758
739367
653682
252882
920126
564976
320637
374563
104812
741724
405793
756772
338048
123074
209700
518146
231219
504366
443922
262628
253862
221104
600676
141769
991702
422737
877455
177421
128446
962273
280614
973835
282570
412204
830124
44827
242355
307211
935226
337596
748987
171606
886857
172685
894535
380471
933533
172086
790292
40090
504079
121636
978263
562560
791797
685617
705333
554419
804143
312161
273564
12244
31889
343048
572860
855568
629736
692170
793638
405425
927339
831291
814207
892625
595968
68516
871072
836137
739367
290087
128974
526343
254727
455354
933841
315294
13523
684751
412019
338423
505241
184084
533463
967238
799911
47446
902835
350423
10330
261441
292779
215591
269444
836994
981259
875791
260409
395405
207201
622619
510711
574778
983797
605689
317871
613770
116326
383181
248308
710472
215395
292386
536575
136267
436098
97466
562332
35928
347776
848646
582901
815140
720278
459185
89913
583542
88436
744150
294377
416363
491357
624147
966527
720532
338206
827189
663995
267450
642604
280146
774475
669569
869657
339958
584662
303338
542131
569973
405925
126578
268473
811680
446894
780952
436411
133330
653439
288572
109965
757098
448324
398115
701223
940563
33397
873495
69084
176126
199838
725355
141301
452977
312652
733916
314922
769337
855633
825939
415612
706491
313461
869256
185074
317737
446137
169984
439853
198096
236296
162806
556394
629517
729213
169176
294612
439968
708043
463016
257924
70232
706253
456259
122134
513838
872555
207743
767081
61038
482085
991661
365170
488336
893631
363070
702845
186277
841994
320449
541378
691565
638282
59402
685920
189189
307721
24367
778233
749437
315575
342508
392105
204488
456636
522854
163939
26189
41948
910860
129770
163226
944390
502106
730218
664632
246777
90679
748017
338329
276372
974015
161741
171118
589496
673691
686722
319957
761755
11915
725096
301744
741740
752645
296223
607697
898014
154039
983344
585937
688532
630377
91650
152640
313703
601022
225078
140278
904471
511257
790111
141384
962635
844893
110049
935318
761094
969740
23077
226818
463529
50641
818870
500027
126303
110361
953531
547639
718376
844379
2001
37759
38598
572025
94853
343076
156606
681406
311787
287375
290443
899207
505181
55542
839333
521599
855507
637419
670888
222723
883292
954062
662693
913380
732407
225891
14082
652874
541072
830
591118
944565
696346
568411
70501
232799
792517
942986
261436
15294
859741
667207
771722
843430
843775
198824
566292
861450
845048
744879
709267
673634
824123
323455
98563
40489
131327
628972
287243
874814
354931
68971
371140
844458
896863
837096
350311
404033
573720
964407
928152
282657
605087
224738
845577
410584
23448
697377
614348
783138
863394
841447
576313
316175
869847
609113
661240
317699
413665
161817
333228
304023
400119
443649
935357
745246
66099
982828
214975
144834
479378
713710
210692
222988
478727
730147
269499
132418
442364
85669
517571
519338
857254
709847
839248
394093
873219
501598
294392
69591
156339
379888
379483
586811
485041
883140
376749
311603
264556
668841
946722
787845
218246
631795
592052
667746
766760
823696
843348
977224
550144
328056
284523
103879
383704
355139
319307
932576
429204
455892
332471
468360
814024
666739
900299
395533
464243
57593
457289
625552
226140
520356
582402
399024
573896
617994
742686
662792
525077
758571
232648
825230
639799
504799
422968
96924
424588
775982
147998
12811
919773
779518
112296
354427
543091
462695
517488
776432
305876
635235
414405
373143
154201
181153
393941
786086
362733
317880
129844
938977
506276
747064
411339
346360
15157
603101
836192
962958
923222
160221
267261
629652
111474
620897
470016
308820
827018
614928
162495
607242
470949
89798
411861
398252
659829
116323
3725
59083
848392
698560
128490
989073
242599
37437
563921
767466
177487
325430
38420
941504
589001
344724
468188
128926
47592
148799
94194
719158
710495
132913
412202
560446
699068
167206
442284
70964
740869
582896
589344
190595
674478
267750
728438
74622
543092
495996
156111
270857
354904
297198
856331
414039
6075
699543
291888
456781
780499
115678
698867
515653
867719
97999
602535
856176
393389
400520
423167
245075
1309
928394
272321
997234
737330
580335
997770
224650
310301
599739
530296
635127
534629
30090
580471
116470
526271
243625
697835
857861
947653
226561
118135
966119
697622
76462
370472
259139
993803
924399
613698
873580
42193
991862
79845
767932
675240
225182
273306
647961
222135
287036
120448
958233
321673
866509
922893
266050
851624
250255
979907
803754
416724
375469
606258
690045
384096
392338
366307
28701
47466
984991
225064
533412
863989
251063
606846
797189
650533
230263
591004
268112
184214
702531
610075
819092
849433
679676
6465
631966
950219
502285
835435
599200
963668
7525
673751
600877
368697
779839
550923
563937
653087
331100
547814
26398
120349
752019
218369
81457
297148
948031
228930
122898
196430
898198
291389
841546
360
652953
94982
553071
792445
651559
910871
505995
568984
479405
128986
132763
337397
633912
826837
1843
602557
686315
43760
118399
285213
170252
468643
240612
59202
359096
202752
788420
408242
395895
981978
729568
678538
651306
2129
833881
740688
97313
853307
642767
524916
709001
8625
944554
587112
673090
737907
994167
445401
102415
536697
191146
671304
621671
93143
896898
564234
274408
742987
798474
268056
738795
881063
319291
359636
704690
594069
71359
275801
517822
289548
435152
866493
496382
393422
810175
455334
429409
437403
986449
315973
942797
982134
548611
911028
703272
217361
533679
485544
472083
175703
506759
181459
740790
146774
422397
725465
730742
487240
409029
540524
986435
507260
711026
613510
297487
531110
117053
162242
241817
888255
675685
970904
779879
590554
636080
321459
767122
524101
393423
857457
896251
366744
460767
845302
437340
962077
817164
92269
238585
970588
656464
23453
159092
351105
444249
81635
799936
361004
354697
3346
920046
553685
904791
818212
275363
758618
528211
117275
809707
735591
469958
428728
561638
85761
283895
508887
152544
674543
30858
890917
755583
926789
483268
223487
78933
984462
241577
840937
657237
280277
891206
248936
846563
614352
219339
542205
203396
804842
649936
540478
725365
668588
761976
985234
650967
901063
454771
74504
202247
555584
204381
875413
235212
141432
331268
774952
536042
768023
183751
129068
803091
442773
256281
714201
618173
512357
991909
170999
744015
349694
864460
968881
175093
826310
431497
96338
801747
961565
176566
994270
844181
19076
264616
612239
867749
29417
401204
200363
560630
487632
187733
140798
244221
652319
966886
68858
674752
505414
659657
419687
984902
212745
375850
228808
172270
275947
576414
59468
553180
858617
659877
489965
667918
557552
662670
436393
643149
749324
455738
156571
471358
829806
690424
223158
15064
886696
637392
333789
114800
195048
915035
796257
758832
888832
769807
82775
996326
30286
842585
523093
47864
309517
364771
667274
460790
105078
550645
270007
382152
316756
115191
595982
573446
75683
140948
234341
94630
965156
17915
568151
818256
868736
75135
532215
140366
443158
65247
790578
110751
649507
264479
889664
311850
51725
819925
403974
931856
568652
360768
554828
650394
942133
35025
682774
346514
75365
43342
586209
452525
134022
735372
357948
272485
430529
51354
825024
729189
83520
420413
361709
56222
863454
396309
44130
305847
460654
819166
616184
748321
335333
790354
302012
911816
563685
576044
878920
831269
989735
258760
385149
155248
508419
675302
364255
869043
211039
817806
421581
723514
700530
169933
528347
864423
995828
704413
117134
136546
796388
711459
298547
691629
496949
967121
451996
277653
474070
192812
465080
538628
763613
759976
60302
987188
432079
353839
738326
674686
718734
931008
833652
616592
437791
614516
631698
767101
827095
701084
220952
973679
402914
35591
524235
446136
919728
242336
769919
363909
658557
543731
714938
8627
850043
227152
253671
648252
947997
963144
629044
353034
336002
293588
155977
330476
295485
756054
974180
72998
742973
855991
769173
545442
340062
248303
539027
572869
645963
713379
502074
293469
292237
221224
857250
375414
698613
579557
844765
531596
481506
119575
942796
978714
956528
289391
836446
391121
829309
589142
19559
889060
903385
798096
89241
503168
967945
960638
44129
148569
140600
472253
731424
323040
301627
138157
371204
131089
76671
897612
393731
77992
987026
474624
326516
34867
567434
613555
598026
508035
333782
919768
993517
395068
115231
229773
265910
815308
643994
973401
409543
459000
222701
583508
330629
65682
830587
181542
455028
346567
991054
182759
431597
95828
790880
708454
370430
721369
354502
637510
345438
293382
571834
805826
913931
929842
340099
131408
761218
448906
241667
500707
625243
37414
488989
624587
130494
370871
541696
391672
376965
189405
959061
507676
234416
788565
544961
451630
903167
93584
39575
952586
92784
869278
988765
459381
407125
278025
676857
227263
167249
113087
199993
774401
150191
110119
971324
602758
816734
767444
887359
408518
999501
767831
592520
167822
215583
198766
582121
876859
186443
381019
937265
219620
104852
32784
152373
189016
117343
637638
822582
225468
898934
871789
74671
156695
597272
452606
90046
983529
911354
178540
765420
574389
120543
820793
785819
576160
481935
843236
742155
866098
653047
201919
211144
491513
379484
825439
448500
483788
804093
886318
197677
286573
888837
753114
554586
699080
217962
201840
4759
383064
482341
970499
628154
722089
602318
283270
347842
93816
975315
248378
370588
847670
446292
925056
751121
227307
376351
824016
68175
39160
3
979266
614737
364341
189267
646154
849070
758521
255609
882881
646524
84663
552436
51742
975774
521221
768175
664899
139761
316472
777919
774772
271695
659692
666297
927458
864766
132064
603118
541478
864633
375486
421957
613193
873240
578871
739891
390655
285854
478157
65753
202357
278303
55722
170809
76672
721548
673518
939926
754804
303901
682246
872296
211158
63257
632567
737849
613801
8069
498939
964383
327140
371111
12930
459094
571013
956469
658201
977273
539711
567199
423400
203165
761935
122358
468629
53003
830381
555895
149959
570135
721501
867640
920837
810401
723044
674862
599676
99560
102808
911897
82719
484358
246225
721229
657193
283276
816188
514013
863166
446394
733518
851173
984431
694171
185812
548596
74973
178107
169321
149396
113396
187910
506306
438392
569433
157439
119779
960514
225247
47321
838836
649774
90034
694198
942254
697438
908950
748985
333232
848386
398986
483018
876974
942051
483142
693926
717256
878925
83684
176223
142777
322071
46491
619511
579110
953488
100965
328405
894486
905736
260419
735522
386817
650424
799127
7555
27905
361935
147630
719475
554341
540058
375520
832635
895653
822222
79184
590609
239
654453
474255
771275
703008
535219
565149
473406
504014
259508
282639
846584
615170
948981
83788
45141
119683
717035
132785
728066
975053
70355
775381
247756
663009
805527
803302
758500
295606
293210
766002
716593
140813
133153
781186
628562
47138
931293
306465
351087
416382
393689
597754
896634
23273
381180
137439
962440
991037
311420
409894
946950
435159
166048
151726
281945
516454
330287
40127
635286
301541
441850
780431
637339
208293
184963
346209
28744
613123
179977
116616
551261
793402
760177
283338
783282
163281
794194
647456
340877
265717
590173
148249
268771
189665
155240
986525
29230
830585
900245
757071
64551
217079
797347
134988
47265
147004
901009
910929
626434
576648
257834
796921
591006
37957
328498
594595
233649
539902
287275
887090
722681
950061
509508
398830
263790
948977
399263
325511
73119
532830
991678
518586
475819
428783
633609
367501
243352
578774
600254
873460
35219
231028
681333
568086
547332
970469
824975
136105
539789
338994
107963
528185
510944
49258
198436
713096
199418
748746
902138
92240
887680
410201
192348
234852
151348
795793
158687
126004
173012
983287
648382
689263
333775
90060
91678
256131
732069
617692
528124
903488
675674
741491
952885
633370
201366
524399
80497
190797
792604
841905
549805
91803
366693
343469
515748
744561
867353
356193
267738
356520
26985
834595
59653
99495
561931
135506
776664
293
892819
393134
377133
810060
156267
784708
382862
252857
997231
625666
2207
997280
914279
24489
993772
669069
618978
451040
62859
269957
344427
131556
634030
777035
20971
115485
460039
438142
105115
107660
675160
813407
557923
476321
847830
87473
772948
283945
832505
80249
451327
892517
822627
157541
994608
973558
437354
828681
196874
753524
707844
133124
961600
248221
461582
732353
140525
271658
284281
152218
486993
424189
606033
696982
227625
296247
43627
138643
332650
268775
185067
294719
458393
46365
911535
172608
282186
698780
648092
944180
303475
682605
418691
181010
599724
574992
477743
909999
623749
445646
981389
178717
697667
854634
175929
896174
741945
566518
553953
35734
560768
61377
556248
945838
372627
132014
559673
978069
902153
809888
807350
477937
236783
692369
183548
955347
813889
742978
136452
764025
276421
314061
741497
273005
250181
143318
846081
971082
625575
391968
109419
797470
491434
385915
479731
492075
410303
322651
493812
208584
251906
414149
4331
806565
394387
329378
702819
251179
298710
67382
643203
250818
172099
171882
361968
743020
354346
871557
63520
877134
347847
508729
390013
180687
250493
505498
367089
365593
628403
718889
74964
320893
548552
993231
247152
508083
580468
627237
523437
289471
904636
80368
478110
560238
217361
456554
151206
298432
949702
399099
747528
345440
305005
628487
309899
636750
613261
390177
532934
305181
802817
229597
215885
506456
975600
164802
52920
754560
193444
123422
938892
245617
594313
253300
969609
453091
905796
715345
422672
76683
143214
397693
709678
304929
619436
850764
193609
396669
438636
108756
749157
101019
333502
315960
498068
978941
719756
136099
940408
715567
428536
298705
462262
522854
48081
846407
268153
914050
551601
947107
477536
463859
571509
594702
978181
637175
595802
81293
141419
753793
557873
571767
978883
74870
983806
78977
393563
502288
770483
9525
214308
99813
197444
442625
450526
767106
980583
78636
272418
992689
326378
870947
275660
510683
298672
76146
539459
874886
641289
780046
769766
475198
441581
14607
639508
651986
712149
464890
431576
842678
576951
133052
423151
27718
644700
523316
334584
208490
753695
294119
635384
312788
579332
536599
144262
110630
958706
185325
951321
363889
777358
2771
944620
698073
772342
380894
561803
988564
919639
395817
626494
10129
918700
917117
206927
238389
348435
483372
582328
613440
765965
95997
624814
449614
960658
927105
396932
903994
949903
660740
955134
270685
1150
739487
184243
732788
279199
896939
412701
756320
77464
600080
628673
744134
699110
729019
498229
529430
634175
89134
554835
243369
425798
796977
96313
459140
89962
419558
284665
747834
586460
722426
377828
53485
918251
324471
825966
252852
706685
128183
846846
531673
966444
302323
38549
534201
919866
672058
237016
80206
122099
140605
808187
358538
548318
386311
255372
111705
766239
623689
340889
624457
556716
12051
647360
425990
159722
332511
927761
809790
267747
161352
703585
243939
714598
64280
894446
688207
996476
474878
765930
458881
191106
751134
739366
532229
368680
493379
597404
473842
722885
209328
796889
984973
404052
350612
885445
6668
488719
644763
31952
349364
329318
752225
769211
809891
381468
518017
938176
968362
483711
330956
124768
512914
970690
471382
128711
869888
364600
606058
636765
31027
120495
13597
652843
498665
928871
480704
326312
689697
305838
648047
467488
438268
679897
115462
715456
761917
53024
831603
439872
922159
429527
684775
894701
525094
569733
32103
993746
293277
277091
449215
781058
289407
937522
169685
721157
884609
900665
593691
312733
701420
811354
891166
194227
655672
349904
778172
54179
644308
254408
969138
866017
101059
106200
582611
752326
638560
767712
865813
404987
245954
391356
68934
27137
369402
66019
613468
325402
501945
952799
226985
323735
763983
49833
489133
120383
48078
210272
428358
301017
854093
422310
232258
557655
490504
147927
68117
246431
161829
106343
829030
743926
45521
532247
593219
736971
12873
468756
382773
553310
604149
74796
109743
4747
428142
29869
468064
929271
749024
927580
892520
89814
217291
825999
530599
415318
507556
287656
880880
480811
495640
410926
154332
79608
108144
385289
665723
849687
196623
426970
39782
420101
868313
836405
796912
935085
127726
955132
890683
895567
760212
828249
591782
496013
42419
417175
515492
783442
497273
565790
912360
470751
586974
130377
537596
765363
270786
401446
72305
591703
94066
267721
271601
429251
523017
307277
218992
979632
403251
817960
824385
759931
897485
635626
159877
990707
425768
644818
442622
603135
378477
785293
964801
856495
488538
74252
102218
670493
149226
609216
106026
557631
126867
378101
515867
847373
718505
93960
150964
377865
749088
587911
638967
593136
251054
468963
56008
858363
550287
296980
283449
731730
853666
726090
71296
872142
314609
197387
400394
370473
946638
559533
477800
452805
913816
600946
993448
245717
658973
621563
917055
900716
146137
508139
761377
38688
974109
911513
241459
310619
170827
176753
212760
432574
670206
703976
831400
671537
916806
552601
258687
266443
265233
563521
129009
657499
309669
851988
86299
599185
329993
16377
629141
875596
767108
725097
563907
872001
520253
660639
465547
227268
158401
321533
763233
64311
962019
19643
758845
295116
956222
807372
307822
532408
564694
612111
458952
805622
275805
732974
736889
939380
988049
265879
177338
501278
400002
640533
291169
127366
627570
345162
851
364397
616341
670923
872470
973105
642551
457880
546692
542802
662781
157494
193243
893602
911107
104875
3314
864969
357221
784470
996550
467058
892377
430632
139763
325270
913401
596803
702270
672291
464095
957421
602255
353224
218986
212529
47996
100704
41757
905810
893632
651384
958246
961325
18954
912447
470779
777066
625586
166537
638496
283678
857030
931199
635398
198977
124355
814823
87117
800839
170015
480460
290986
838109
882563
584330
605924
510977
39190
213688
300024
537662
345845
165362
848221
999939
86591
72961
359970
435871
963276
419050
77171
231004
616509
402064
748154
911861
833646
188550
419233
483316
946248
508661
385206
341228
813812
882598
253480
780240
78122
946669
136942
889647
601895
128627
661447
490573
155197
241950
43292
247711
1540
705247
930561
685410
430702
729111
969754
963160
176056
825319
716762
427296
498685
148435
94375
84529
259621
165650
696090
371891
12858
852212
89570
763002
767771
116784
943624
13407
708809
510409
833293
547325
934303
914333
625391
484741
529246
974666
275466
284607
132838
351997
309852
633949
915777
85464
889505
363709
665946
245823
643165
741244
173195
911872
733112
886321
271188
975837
845699
420557
613927
542518
775192
99789
636447
705239
557344
282137
100817
499740
19759
944573
508027
471997
984201
906817
513882
668282
262472
53990
619351
197412
380437
313088
547105
439493
665428
889707
529814
434221
101276
494891
301146
10522
116451
884324
292683
906051
13305
902002
294475
58305
354347
93094
597564
309147
471624
89502
832586
364588
72320
322624
694497
900147
550439
923411
722304
412919
892185
70905
409573
388501
498488
623757
402088
315175
775953
814677
800996
411539
892701
12068
406096
994669
793891
922639
774123
590474
822331
607433
446806
661474
703597
730654
652795
49825
831927
128009
138539
394186
394093
989618
371462
95112
457339
386055
296019
261267
332614
530357
300080
507
35185
696771
213731
965653
573052
877003
245838
762559
655494
859287
716097
987856
189875
661972
348522
926945
900328
472629
6887
649203
741939
402855
375740
101179
552456
859884
758944
502353
46311
575383
405938
233009
543641
797667
432649
831275
20376
588527
443304
561261
905998
232602
121809
597163
600246
239735
633264
148840
836191
760813
670584
437668
762895
864942
638156
401506
272132
588818
391571
38677
332822
680591
88814
201958
484600
606103
384710
939429
887069
350862
129534
998665
384055
550823
384840
537637
587226
890202
353363
81706
363711
283268
116514
116947
320037
283034
463672
498161
526546
686987
215151
869843
271096
949810
324713
364625
649394
937397
787421
709877
143533
934525
843859
607175
412772
144530
425963
99252
870595
492049
829335
268826
857389
914125
346472
285363
659481
169984
964934
169883
6743
21036
78906
798783
728049
535123
870885
228516
307180
910095
175572
30481
632686
937999
395819
329755
696825
288686
557693
733771
144277
722161
493694
616813
825932
848605
480848
190392
288975
787315
923641
13269
907255
727114
555446
292366
319461
444935
201449
182548
371530
270266
57005
469101
321858
932568
45834
634616
236379
878545
747652
451422
886453
437838
559822
467223
713345
593097
140316
856150
522219
534600
85718
340946
205140
575799
942120
591410
21112
63137
697782
633557
140655
806411
602861
814075
378767
208109
186805
694291
217390
471566
499010
403297
461893
739130
234762
40651
13744
80291
625361
377665
38289
98130
854111
367880
564309
351944
521428
328289
746831
480949
966354
706330
902144
309396
71960
430384
264312
214497
294255
272799
554709
822712
220668
195081
741994
2188
930358
635390
801468
102144
439218
319982
943270
525861
193371
42088
730844
17041
443709
393934
929612
56216
894976
379800
660384
688426
449521
493441
714848
669385
377404
291665
738613
80100
861686
968264
984328
305301
214551
263972
640329
351540
412421
29328
657676
28950
833739
359721
939149
272038
548776
312429
651412
654557
836484
186754
244852
148385
525694
325985
323053
459704
666080
522269
719665
441319
388276
794452
746244
113387
113840
691440
162876
298131
301580
885594
528104
996984
105268
808189
488973
680666
515481
832306
194251
216089
530850
702541
410271
359693
450049
906947
361090
464258
765856
989751
31598
692115
655865
706336
508928
453281
639557
584471
872185
58417
538828
950530
846430
550496
169563
777305
169728
866179
277268
639890
819862
487647
671071
760813
448454
853057
562367
868958
718722
366268
147135
986898
599695
114557
123722
107167
884577
831116
763418
356557
352035
296225
808329
171707
691347
176353
816131
451312
437449
562932
504029
674879
225367
15171
691134
392854
857420
955795
732091
955235
214547
870649
520705
217826
623673
434169
284779
882312
534028
607807
35124
542277
732318
437561
453318
367738
530281
769615
270833
897847
471756
28800
480759
567983
391028
432410
681412
428539
227862
175062
104891
841223
858648
813134
96299
780573
793231
267355
134240
725772
118435
698383
681942
220468
759055
13964
546697
318321
807173
921791
889064
56034
436398
861501
52519
327957
587663
911672
107891
468049
481223
933341
128961
703039
135541
772238
662208
566901
447286
254967
804333
815968
510476
147663
350340
679054
308954
803885
275796
700950
578060
99204
57260
790692
103443
306557
868081
889061
743438
878191
528017
384395
292420
587326
668306
52541
689486
507661
96964
533727
163986
369121
172437
190137
555945
546131
362307
579718
286562
586225
252332
1628
779680
35059
331969
41906
648350
256597
853401
653203
970323
984661
241186
713054
635249
799051
395762
97207
350215
934240
251131
973518
261702
716844
151709
304458
480416
387568
999254
684369
351500
724589
842196
337654
160358
462559
754539
426240
972212
454873
754850
827091
417220
349374
837736
703230
290417
772185
560420
621344
920772
922330
646698
590903
730806
837102
602249
587143
9811
652409
947777
826723
413819
749235
551250
319835
967811
643484
148655
966018
64056
193885
173906
655962
380867
472765
682601
543646
312744
258812
812782
973868
978729
150096
95636
578254
109127
527353
212189
882916
521576
914627
707592
347567
737428
965976
881896
212284
208025
237823
880912
753899
824911
349045
540779
550426
710710
352166
944616
446195
977339
980424
306194
126480
570330
233173
717821
111942
108317
745251
548380
53973
426114
739745
579568
160682
66362
899248
343771
131662
915790
419803
538835
778223
611804
423797
965042
44489
857088
85646
396969
806001
783054
270353
692501
805694
16123
389885
230954
618644
510939
941758
756876
472334
127876
377447
263100
478663
391826
343887
353455
191174
61700
269573
333563
134596
145412
798961
221418
777498
344196
314312
246961
670283
771396
712171
655610
178924
413296
481949
254302
658540
556837
18463
171375
86916
184020
457898
880
554940
938303
251080
739240
585878
568929
123856
707403
430940
72235
575292
63513
660097
435432
833577
900419
930806
98945
417770
626695
65356
347613
74376
335389
94913
632928
650906
284041
447401
10005
466301
202193
602042
496102
575857
814793
524660
155784
522384
731466
611499
21235
169324
123649
580467
961871
75587
173667
694310
245355
334113
233534
348052
818406
223699
474155
586312
99440
883267
493472
302835
299115
90357
744418
242424
685547
704029
312599
750675
262236
596954
740857
876199
765955
404307
75239
843618
604765
597101
825686
474639
23907
706022
767972
780023
373167
997969
468173
822965
256056
925550
215030
575253
119737
476773
236711
619176
51249
742559
82518
424807
893443
252482
145502
84353
848381
419847
577487
216388
308469
667449
250398
915684
874831
502219
354813
507882
906140
528854
591814
242363
993565
803887
964560
6147
948581
262562
445540
555647
957212
709517
133770
950437
194400
78106
191100
351856
824645
76634
351804
574667
532925
149371
325633
499545
248595
160934
884109
22175
699217
442679
743642
489103
650818
729690
993778
694322
192338
97150
682398
825905
442833
398137
311222
259327
556054
83000
699480
903782
488832
598113
491507
639981
636568
578055
938563
752803
853714
553481
415959
407052
159539
790856
895053
615525
491788
740162
578912
692116
900004
422928
771608
539505
297972
395192
896864
555179
190923
358448
242740
734936
169554
289008
34041
547229
229610
16690
798630
856246
59953
947273
381408
820387
668580
261147
876324
314032
355230
155773
926430
525727
610815
164841
660182
702515
713384
904286
878282
452892
18146
819349
42070
172986
619102
39835
217423
207439
625047
208336
796144
785414
584276
154106
837612
855002
324169
502790
692834
406565
538909
727325
633903
355654
843783
809247
993309
114861
470353
658047
658680
124550
854527
453755
555073
504255
393609
712054
417468
665208
612867
275379
132004
887302
364894
161520
35455
293860
179527
732445
498828
914807
758317
698104
186200
61245
173792
260998
815536
254609
352853
667951
754032
841117
882310
749943
787770
665628
211318
54485
383683
767498
462802
395186
607559
471531
685363
465791
877916
517429
277120
872243
650404
871196
856305
941152
621277
285496
47406
704241
204883
884116
98901
63042
677044
939093
586459
984348
556740
868293
579849
853195
639591
278075
799336
88734
169244
354025
35832
724475
821705
886786
473881
968668
481456
259718
619917
44330
813057
600171
636181
659700
228874
577705
927287
249932
644746
830050
870561
301502
181603
418413
656296
30894
567277
270590
90793
223821
417127
382451
257040
986680
218696
327933
701495
274349
28019
599401
864486
568618
244042
82122
913337
594724
604570
552965
250655
194401
505588
369721
60478
556722
709403
469641
441716
757777
303513
967303
494329
827475
146220
430526
257952
399497
453470
310108
796028
963513
90034
206650
977759
574324
460410
944522
767934
180756
327686
390876
480304
409812
555574
590093
766485
532556
216497
325388
339284
766599
287406
19978
962172
129282
753583
857726
663308
557572
69710
90706
631822
124821
692464
132973
476574
516764
16854
677406
407816
168984
423954
59553
337487
779707
475798
150802
985994
401630
962472
287403
850602
195557
5169
523835
89302
832177
998325
470566
551159
426939
307166
870547
857423
257044
432881
748854
827332
311734
718370
112313
701947
397061
185922
343177
452640
890984
740758
891900
97473
530559
654276
21402
733786
282560
484519
539087
156972
581425
438081
916587
22214
912004
496656
84947
452133
656586
163001
486664
828087
155989
122849
159761
876924
315887
564699
607240
405701
299376
82683
589567
709407
13888
693193
567117
783369
521898
567954
443640
662944
242840
989464
96256
408220
865969
865641
768646
753779
275148
974925
262424
319835
262799
20504
372698
669229
778280
47136
354514
439909
756456
975689
9423
720582
163575
368508
185527
104666
541496
255798
146220
269591
411898
714044
72986
763101
358871
750893
958432
117788
469229
332016
572953
812243
221686
141387
568326
733555
798663
171605
215450
329250
885282
692292
999265
849883
597687
583072
948621
9970
122430
926233
745118
402229
117610
761011
321197
91247
872714
287135
685974
204102
670721
177446
624704
667524
658784
290686
86603
604978
90973
463807
180244
239520
915699
797999
912103
861058
800981
590969
715394
311093
422672
592381
465602
265311
240956
84417
636013
825843
205150
888324
41051
509844
531101
801843
399617
2513
233951
744821
361819
466255
995840
109281
879798
324804
155695
250959
134039
675231
382820
201676
235915
848198
630529
101799
624716
894391
356997
218984
864653
946255
398375
172193
275939
660649
470357
237660
556431
665247
389448
558963
130860
207340
800451
529599
912114
833906
685929
5096
844324
374614
225209
29020
772444
865929
149351
340315
809329
240418
546264
797806
234050
476263
663993
324599
12898
816939
601404
347236
269024
511505
788208
651710
536305
617070
898619
211614
864764
886797
339383
669246
462018
865036
811815
108525
685096
625827
982997
763804
565219
257093
178889
841174
16511
39583
627431
325389
492812
871549
673702
535695
514661
755852
634473
833880
415262
187194
278139
276864
866441
310073
158892
120725
775781
44131
61570
788483
698085
898744
136222
163248
430232
955138
315181
9317
307961
828953
921159
679462
959637
664195
359655
961314
750229
106291
684039
65413
352231
48562
11864
532971
736461
626075
401435
273008
309314
177408
179743
244131
548740
144491
412055
45145
282243
623167
850007
338845
693284
665212
966635
296773
438834
699873
76564
83296
423906
842603
555104
558283
15809
617788
879845
167075
826876
68311
889498
216084
788172
649160
78993
363664
800764
55136
60565
826972
678360
819230
953500
877700
442484
822762
366697
139183
331478
269626
85953
125261
587393
841815
343175
885484
161310
179834
642358
888554
782665
365008
425531
510917
907638
535709
981421
773710
622015
399997
857322
262461
476235
110725
739215
189341
77596
206663
290451
950824
853300
460788
193857
294381
180069
96412
987536
158061
531700
475410
411296
713798
641705
901803
586195
20103
201974
971749
812614
752994
563009
136163
555
903935
962960
199446
614148
500717
601232
34488
501310
75443
707650
249458
663080
47045
446403
467102
327310
371730
908086
962662
90678
298362
303760
234315
965238
114653
214719
404418
874800
736399
45240
788025
85164
572455
135260
49719
921616
523255
932358
451553
541054
102550
668787
966104
340874
77464
639759
542784
105303
239775
927704
181788
13645
296715
273841
496213
25081
613197
221317
91418
24576
158169
621270
223136
764609
250553
167137
663306
331399
884927
167216
330789
262695
502419
464508
163530
384124
738346
597820
251430
530621
679191
698638
859351
615864
302075
356353
575404
168109
548249
769149
552271
802698
565380
559120
82623
424254
917369
479765
661173
457339
947913
400323
711656
813709
508143
889231
570540
232658
380736
447807
94518
821781
430272
116621
468346
821771
395600
107252
800181
998441
697605
351641
681863
715616
390677
231129
673336
738807
453547
900715
61083
673155
41114
468722
587215
255492
601005
863586
898914
212767
478749
372620
616017
308596
682268
560327
658795
918171
144846
269693
779027
868800
877399
285327
300772
567192
93391
147238
932783
110399
357714
7191
992863
737456
660021
707250
330238
247648
177491
757160
572560
356151
640773
702998
364125
547244
316143
92530
78669
140667
793335
804177
783083
519750
32977
786386
531404
778630
345462
54379
437577
23468
114484
591310
962343
100632
114142
110711
983832
335797
885027
461525
571611
398127
601788
554258
767422
477778
284223
752321
614403
361920
866705
582051
864033
520398
575096
701078
963745
823997
265615
967707
517353
247568
857682
243970
471190
20942
10969
121524
92994
271510
73954
955357
969765
344090
938631
625524
503767
13050
541518
255080
923635
845565
2655
255272
965592
899566
546640
533775
614217
686673
600221
333355
281396
506049
70643
544425
996112
329767
383723
660766
433375
550233
918228
939956
201043
927820
766377
707055
620109
251831
48546
783515
518336
651015
197478
397076
639604
480312
67357
30769
321319
882327
370660
704782
816142
476305
327002
982901
29625
522422
943063
399145
928148
785104
234109
548622
52489
56282
255782
866424
726787
705119
456636
735502
42062
234737
210984
244059
468314
339522
961955
94385
836255
19170
630888
903482
844442
739541
355978
809052
94645
14480
619745
238664
749508
11344
836768
708192
739115
982743
1026
728322
557214
466757
701219
948534
130305
408079
937067
996592
509486
199774
797029
220162
383060
924742
593390
340449
39356
94817
664520
809681
336999
723656
714894
550576
673684
663021
209346
861853
417374
695320
404738
465923
438529
946300
990170
560837
497661
302261
481714
237000
865939
233697
617704
362455
881004
342680
799929
174839
701593
757193
163800
397832
542709
268146
759457
42261
718695
94843
709927
23992
68292
517488
168041
434925
193041
193370
503908
152881
509990
10041
592194
455126
376045
833311
511344
708646
603786
614251
373261
731506
156885
18273
90942
82102
282242
621347
79390
511210
937506
194574
960147
679975
400898
244148
477756
970100
434289
620721
555974
689069
597856
267244
891806
626255
395938
889964
387328
947170
180882
478932
150126
337475
615123
209085
131325
443533
930482
186798
4618
129828
42985
540474
869833
919838
772477
555063
298621
889933
359302
802454
530756
125357
122255
909092
433098
543591
735379
39260
616606
960512
323112
957862
313441
639329
69560
158064
319770
747459
395433
427624
332775
133687
122846
263827
457743
449615
802071
160077
133746
65644
870068
867165
183585
398821
532567
104756
56650
908753
587238
220355
338252
430258
988464
643766
167401
117502
272231
951376
11481
710091
559115
47012
371323
138710
219112
842029
530343
451055
360566
509131
766174
731013
609438
802714
299747
50442
493148
759153
35619
52930
741439
429172
207567
932526
272142
237271
248267
16079
265797
155631
762686
965465
623421
494262
267146
149238
95657
113115
385622
188147
508732
684996
657990
438347
104232
257825
650444
131726
334850
333230
525848
121710
243457
687877
229419
429094
704166
456989
963593
305992
409845
408355
215629
490913
553697
119987
430870
391242
706757
704499
309535
462030
844559
638796
428653
722547
495735
98694
824033
489831
24237
511360
432557
988681
690129
659208
582179
765264
820252
163293
345129
776284
963612
954494
925961
314647
459996
722286
314085
352775
402786
297607
548424
394484
478417
797560
572631
731440
540911
619037
870566
74888
294209
287225
951783
730822
264339
156947
10557
14367
74836
372202
166638
577024
261277
419861
710839
796336
10642
643964
117754
904289
484065
175917
655827
510745
155880
243484
60040
858552
750067
152314
887006
789349
906786
282352
979336
636441
210793
39608
659963
443463
125490
482968
77277
890279
894621
275901
324955
575326
946983
809776
886234
371468
230248
125239
733509
732657
688246
167114
954565
145916
664424
919152
768591
261426
626357
646647
808982
905720
468922
712844
94242
129469
328666
395772
328825
954630
422847
345160
337145
59159
950591
798366
245063
138875
23131
231866
112290
442225
498017
826841
652753
205683
851889
15317
966267
258659
710620
93474
763541
432853
492136
916963
173173
359987
704944
875818
387654
897617
155176
514443
687764
161486
644351
370587
779079
108003
297821
869450
894381
717131
373964
462170
755056
526223
559091
445563
442982
443821
177404
389
886279
633636
577047
188561
80634
200927
631960
742133
140552
339964
493308
135833
479346
96631
625865
32506
87005
784247
136403
263611
968235
571253
504666
517091
656358
166213
499857
134520
701462
803651
523770
644405
179698
387355
346348
509162
794291
685300
359670
335473
17987
225978
313950
955528
29781
292742
856770
473040
123534
185581
173600
16353
786784
687266
107185
980744
957560
865928
332656
401694
781902
419928
835448
601030
68121
671276
323403
209730
738661
299622
933167
359986
129468
105599
296754
279595
577025
492400
280591
199792
119773
347446
661289
920784
781712
415878
850548
940059
21801
611917
856243
158786
527377
880674
283163
212426
146049
145931
111447
578541
683476
607849
905125
389517
963510
962753
4893
798357
213628
488167
247442
435055
693070
714761
845009
186587
893951
619989
874375
766067
541053
69832
796159
825848
335524
131797
460232
637591
248429
465710
213556
594110
21635
74801
743229
845782
1590
44402
231171
516892
570888
882081
167281
177311
280485
581080
499325
824984
289264
752772
635021
28513
247353
921581
793079
100564
14411
838051
172449
135169
355745
638343
424520
8651
259768
543475
870620
124831
413055
883079
743943
278738
700139
643601
937294
653719
532711
931224
291536
124314
255465
911493
895916
495099
379680
685103
629184
930026
739145
282561
69260
313819
788321
429834
314420
491174
822965
42657
656036
679039
147669
607539
684110
75597
670951
77035
597839
807272
97047
847420
173423
121588
670252
27150
800135
506197
582902
856706
943805
302925
629027
193892
243563
615225
784498
498156
414942
186533
72127
601265
553338
698311
592764
545003
845563
884831
882816
201891
344278
724009
975289
253497
346622
877243
232446
513490
930562
754305
595071
503324
866963
276947
843678
177087
541988
830064
688150
990625
366570
137882
700889
876630
354243
844941
275192
627875
221171
194845
577404
993645
669257
160299
623506
837059
27104
484227
747490
666309
223361
988054
366784
791791
109478
310223
365115
621318
490969
297555
716308
320989
284859
354010
312457
985732
910561
71333
382606
542990
399513
156379
613341
455678
475338
395716
143076
178893
946809
43809
594589
874971
385384
735397
67004
935344
807449
860692
782465
564333
966000
203383
819757
90067
218422
223737
376017
437807
518714
909602
74817
299809
161746
487085
441576
649736
605503
767751
279030
158477
523566
408423
411636
715016
328411
787844
971895
946322
601296
191416
762611
66216
280460
397679
992935
924472
662462
797195
363062
335308
839152
360408
418262
828560
961921
805799
728801
73921
572939
983049
575049
50356
317219
244073
380009
820288
845694
318343
76598
936906
207536
574605
7124
736171
664784
507599
258565
655104
745784
322980
230588
741645
445353
868123
692304
160846
123787
850908
344972
868380
192337
143197
623203
314873
768507
990589
145408
988984
50613
178433
884348
258764
904989
119848
829737
990635
648866
504556
683339
864670
440648
357848
665958
251880
875015
280769
449459
221968
371987
128418
384428
532045
181559
96088
84806
210574
478875
43318
403967
298147
926820
410822
140557
608971
931962
1053
481718
627930
318437
467930
904829
225927
27856
164987
580538
279248
278128
928987
136771
395018
243262
960460
551110
885321
377376
305613
387769
2855
485606
930792
189800
870325
640495
424875
456813
425788
281516
372992
738046
134254
474684
450603
754848
339758
453879
881056
946746
930169
181703
689791
216388
474671
86768
898093
257246
478402
437935
792208
613309
543354
561536
164774
311488
517858
545850
322115
781729
348818
956758
621157
976775
208090
151501
442869
459447
167752
8607
193821
851179
758615
818671
169344
396347
392756
42507
985498
759096
376366
512138
977270
993752
896505
862927
569926
810123
719198
338282
917346
663596
518083
140573
301216
486483
630418
68667
954508
902663
579081
476908
533828
374801
494494
508046
870515
98923
104589
256054
584680
751447
840831
944788
565714
246861
369560
700020
253146
795212
891102
31585
909789
654226
257601
759972
928133
136103
738891
893610
727939
852435
589989
447299
96810
172847
167747
566535
995819
719065
959661
875155
888041
999169
839339
79473
881464
874080
171533
204822
666999
204041
476500
984708
364295
144855
245056
932176
971239
920006
411319
537214
585902
413790
488655
708872
478244
979914
271864
951294
235132
636743
618633
348039
991474
845752
357
900997
208381
458838
246666
56150
280114
455236
426358
719863
630005
121216
566
1540
248028
865462
973260
160091
312097
411503
816188
288990
654980
749350
225011
786966
607035
953979
69141
19957
269783
693505
363297
357300
198581
732530
514819
69211
178141
476738
300983
920991
183546
187152
894229
745637
393078
651833
163965
180197
764466
869191
200287
546538
448223
136071
968679
140213
932092
985784
89796
998721
181804
40607
639572
586338
606323
287736
90158
907847
16973
209735
961547
190878
458731
605516
472785
237590
758410
722964
157246
154432
472370
97772
528685
905935
497097
260849
765832
711230
228945
992131
780299
900240
475973
359000
719600
240691
638347
59116
939453
661310
775701
905238
364710
341465
502682
542198
239647
459324
970733
209419
960835
563472
982775
716833
491610
712113
131798
719911
169290
256405
807760
696543
186909
281286
825589
45486
625451
266187
793297
353427
682212
994661
829131
478388
783932
639029
167518
360148
884851
891195
469169
598626
968768
372473
239380
416171
947673
177206
240985
941422
836770
960670
253773
496656
863216
952262
733714
311782
389304
196494
637722
228976
52440
680031
369090
106342
297410
484436
161161
632873
321217
597814
438251
829340
408617
658527
514526
133900
658783
382783
522408
754570
738178
959229
173595
428698
42613
944501
514926
435204
181323
999840
38458
809735
182093
799633
210702
302125
637290
499228
51951
626170
235836
94033
950319
748478
327283
464934
184744
360266
332128
504627
407638
240127
405792
423446
249870
471106
327843
553782
481311
693579
977816
925349
76868
210525
62519
100703
882050
977360
272810
693935
648740
146506
513177
223473
52241
828748
118801
722226
862855
439784
645648
27635
592054
408081
576687
148941
575035
471243
410476
325806
754359
46337
446099
287041
157836
69813
245833
702060
967988
752017
18229
395059
432893
177757
108107
948026
250853
281354
492598
265191
791949
97195
351650
666918
402461
640387
263587
936774
875189
829497
856517
150592
182987
918056
886001
443672
382374
889811
789688
83421
515318
253046
96703
836042
751309
982711
176071
51791
786110
43963
16472
629225
275793
249174
109194
279022
802656
379034
799728
182501
849553
133520
372897
364241
501936
891717
904420
36367
762151
500539
860215
1173
979549
823553
990588
23258
94057
607389
882113
690580
655794
229
616363
360925
854757
687021
780158
28399
654865
95578
828491
970894
112610
190101
140086
443269
530872
922651
48418
36552
952355
651314
62012
595704
814781
122742
133217
684230
165732
104850
885293
535727
846163
656330
618145
526245
420061
528756
905008
544014
135493
120455
717990
862181
88316
137995
723701
771711
548472
396784
269470
502632
957293
438779
171577
261676
572458
103707
288992
7217
557779
743578
338430
632641
444983
565423
229871
347366
106253
993136
707668
684014
341328
590244
404087
536782
990644
605558
954133
771875
419779
873094
829900
630611
419737
764250
819810
644434
126904
463730
69295
77505
83721
680633
792169
337329
444144
209111
598730
939013
154698
41187
312800
552180
278982
450934
756465
360494
436061
204059
385160
820438
669615
474146
73184
578862
268540
627604
610668
595601
573243
923392
776961
425177
846170
710580
548961
582112
908307
77768
406565
238884
6248
143444
459462
409860
783163
317505
242312
62887
978828
229309
785987
44540
923727
157064
505615
5083
433641
385068
803339
509514
474119
912777
131850
949468
450395
257166
274203
88501
735028
207876
294836
586600
946681
659972
812730
872385
399938
585737
243888
16030
827284
149920
146873
256056
295990
501756
323595
410112
533812
490726
946930
331428
458672
733649
808638
856496
884255
924427
737163
556433
395367
16336
24363
882294
915923
698937
626
66383
329649
465746
26525
593719
999305
271176
718175
347630
561594
379585
899466
775679
115442
620166
464215
299393
686665
128731
175826
875448
191867
643376
841764
637147
298688
460976
497214
361008
870026
71606
569120
555220
654939
489759
7683
516567
76992
799994
693801
277827
923437
204700
934975
910909
700534
761489
638827
488709
115816
548973
526840
266136
584706
57984
9180
464181
523475
79783
768098
142972
790577
856703
695160
741681
177491
686901
643735
441120
564044
405625
248202
165211
433701
65809
671390
27359
98325
721162
813157
442901
601567
704009
996006
294324
444552
310527
144612
33411
721396
356347
728585
301564
828636
864985
399536
940684
121646
134104
970636
404024
260610
795913
734135
291673
41332
375204
963483
702664
395298
80885
728055
221716
767363
65331
901199
243696
476450
746097
374131
526762
420087
898606
35561
92694
547040
909383
419641
478281
897665
174028
958550
608321
593653
887407
397476
214690
327407
398232
181226
490971
757874
52950
171350
986599
903593
750769
255015
248432
426467
500123
685819
517646
950127
525573
326965
832684
264528
393613
614794
107851
150110
74516
938601
999392
161017
762094
187397
17753
317354
947187
942656
856574
946199
335666
800885
3186
957155
328965
768034
178776
47584
808832
700720
701842
803442
585603
230817
453924
498241
157295
547797
707319
996698
740597
359929
699386
231011
316106
854669
440803
79161
243063
903375
336083
993448
867276
727305
279384
66054
456116
53300
445324
826604
915300
472008
346586
99538
280750
432609
94560
122502
672242
631759
391664
486857
482483
4410
714929
357574
342215
21424
665187
718576
39849
279117
540160
276086
998185
271366
875197
733670
112578
708434
725488
181212
665740
93813
428619
450468
157256
379370
464070
11508
593369
838700
37275
250751
770706
727905
52395
918263
42666
310116
560382
872866
14796
261421
769320
167896
627083
997343
109766
515350
442803
598958
190440
65218
603259
952747
425033
31740
85782
296814
242873
849245
529960
587871
58076
368015
530902
561057
139147
898633
172022
862171
134296
954405
257702
878947
567406
117663
239032
986377
825687
410092
842315
699134
170584
593013
817269
43808
244023
953839
440476
294115
159709
135896
655204
163165
109845
943311
7490
787565
456116
534032
28591
242889
830867
925516
58873
170148
405496
696161
5555
222392
583251
699131
98957
3189
256100
392326
290366
59782
422906
872399
284125
527036
684821
99830
183248
761177
111725
901586
101595
931067
705292
681441
108570
925348
998550
372202
926922
801570
238057
681265
41409
832415
330207
456918
781182
863239
286960
656075
549915
545041
302517
964400
686751
317869
917255
35021
586416
650120
646854
490155
277861
268543
57717
81423
608762
709598
853251
527380
741725
546579
222245
694116
952293
988531
550494
90771
196962
175592
490592
857112
653583
822839
665100
946792
181092
235626
571606
929585
679944
893982
712900
967792
945508
186923
969109
833775
493907
884395
514046
174751
718965
562537
211344
128141
990179
49768
986613
69252
599740
346573
829145
96640
643102
470634
701413
239114
188017
747495
60774
421621
414173
703887
884428
967923
473691
33524
174095
730580
92457
226112
566060
920413
26199
240986
156621
825345
950527
914673
193799
32063
932306
8616
978045
697303
815628
85278
990370
488682
160585
412313
776283
791469
181426
354702
694338
277769
615696
456847
19143
901075
126145
642065
212465
992291
145095
660057
54402
463699
677118
613827
216889
735830
334054
712111
644977
462642
848862
14472
291559
141659
730738
932722
79065
634094
666827
794256
557961
448198
567429
561327
653985
183103
267998
298194
339184
662021
401545
257050
801554
240855
825122
80338
164398
865054
284285
818453
422041
566756
874583
992540
899353
252787
476526
363816
193476
18827
246509
203336
334470
48446
434751
101512
45376
904492
715908
874806
332238
390871
856417
521490
308769
268962
780850
774737
807179
613547
796315
205326
11034
626689
791484
258830
260827
399492
371842
794926
8000
394648
995162
797355
496348
235205
367809
653710
300298
907375
229239
208562
193326
663532
651602
391987
260627
134983
257967
357045
590644
131025
378435
402126
498262
601246
140879
900561
122578
96291
78706
409912
360945
15530
757336
127853
452527
835759
620561
147189
393250
851611
180988
95226
506164
251610
912930
804403
362380
335643
115807
696882
736972
321955
660154
374089
420723
61839
705366
874522
621217
829924
700034
282234
971195
111316
213611
560258
348773
974416
728241
823794
39468
859268
138390
609473
86598
393908
42963
747589
70000
394225
305093
94267
277239
960503
556356
285620
12627
485990
506837
122397
608429
849499
211445
450409
82882
996907
10517
284189
603487
435004
544614
753335
70348
987263
360970
421948
32517
922765
923497
117597
806947
688477
584805
256709
493658
92320
711205
494082
661531
471929
174606
979405
148634
388060
869904
662839
689706
410626
114268
950962
986180
730182
77044
711994
569254
942944
859738
666078
6616
176379
318634
563119
827722
993076
268356
323459
487961
399601
963617
391974
28464
263260
327367
62111
734859
475643
915863
984794
858711
954414
417540
909047
365941
939524
566878
2030
378718
78777
988300
383900
820832
889872
925912
580335
953671
929417
904421
907691
159895
271232
674235
28630
894005
390946
547267
514950
579109
151052
572366
107461
829933
665090
282639
132126
420825
221704
884009
183559
269912
375264
915235
907178
384452
3169
693433
566290
373823
901041
856268
87727
566584
221727
394105
96645
250125
559967
531334
252279
620939
363235
984824
937388
601040
105682
239619
483483
180754
448295
584985
943865
712440
441321
693796
464700
823078
735042
334094
252490
965142
1791
815741
801731
986337
244195
107421
246888
987166
104232
867733
428326
224993
656915
843291
855299
771493
234995
686179
934628
465924
191542
448818
68088
691938
568295
827346
44997
26666
221127
589470
515277
645104
540423
830205
871324
265206
381280
619755
153777
375626
235216
374899
680647
47692
678642
108921
386110
420750
666424
677107
571179
576980
350087
610936
710969
546234
415918
752241
132410
335733
967172
141740
984654
178290
825374
584271
814190
769882
197418
134825
490902
273911
407916
163620
274445
11120
983442
775767
472914
213296
352181
199160
905829
429733
448815
593070
868078
45541
137427
430917
149518
238378
604621
307963
226113
597054
696791
423415
285613
688754
50837
9433
558793
320200
349711
196588
151213
27824
400264
671352
645810
119471
9599
248053
174789
105180
740162
513050
402829
327685
169321
797010
191158
140078
272118
480528
73754
978105
802375
436154
923468
553761
266869
17088
19264
693664
821005
603600
74458
832817
476009
37858
794705
199600
38250
514798
294144
549725
881427
706878
920137
110079
492997
408797
661030
529829
652179
121007
503694
898568
104129
278106
174976
430540
496542
535074
602030
212645
6075
461523
869065
533782
445639
53975
804261
134741
695496
168487
897801
370571
28024
465310
293974
305783
462906
340201
487314
997042
117431
180059
822287
313357
645274
283549
75964
878422
74596
593027
466952
838650
119340
428025
306798
301188
601015
457500
439970
886148
730160
764773
486294
846731
339204
182720
812649
883602
721052
312827
855341
448570
532024
103450
812883
464877
548069
573575
560949
676836
660890
263206
538560
877059
125493
225607
379772
743903
382029
239413
965562
872415
856371
21867
75417
289920
30538
783974
76084
164978
645312
680022
35627
627424
228008
584238
66573
312141
722742
794
209375
707098
619606
141200
45260
772964
740457
463040
925736
392010
284701
151269
978850
922508
489319
336701
668294
882702
355232
269269
157997
750460
335033
939390
114498
27848
604188
515548
467697
959503
323681
672412
489965
149658
394410
37509
965406
185473
29852
954280
641318
512297
426170
924338
593359
811885
33759
299424
580115
219354
935960
765905
774790
562837
679516
777207
983588
432216
416297
238567
346995
637529
563900
309841
408533
353099
556012
145097
161708
787965
641123
276675
94249
383777
90170
916510
256628
443688
852656
235479
37234
356680
770823
665310
399221
389023
447420
543173
101126
458737
591521
893013
142343
650766
15128
572219
268360
436815
845678
163104
586025
699646
411153
277590
574503
422229
798576
183534
496068
129375
272237
360486
759767
567547
491713
201599
249965
571328
459053
838829
512091
665594
865177
579176
276194
328593
462411
314592
735933
212618
342085
249357
427209
643047
378619
402084
493457
313834
363439
167333
203382
128888
267179
995409
753143
604376
231387
631738
324067
713818
263236
987250
287320
698580
392677
171493
704118
73800
211624
293635
535590
709217
271301
445397
492864
798236
753588
518065
393054
514180
530508
521225
395579
610389
214909
780061
566790
665346
841062
438993
854345
472659
962452
969241
508913
995174
150937
361936
967481
832469
820676
742632
514935
982904
776578
864892
501443
415681
259152
366274
764608
174598
570524
970460
514568
549404
297336
495949
794488
419614
102265
974473
580757
492365
960818
633253
870809
950353
413192
485741
498974
628894
28914
524820
241062
760050
331280
67142
608261
27706
495716
187610
444907
499285
527409
244259
203346
949424
971694
469221
74560
604432
452711
252773
191993
844270
893041
495706
727557
318716
817032
995199
14041
619910
881287
574218
516581
587828
340546
932342
325497
364
677315
975293
658453
529748
734368
788450
653451
936501
154230
1194
749971
328443
91972
734762
966571
61848
992550
364092
143785
947529
734763
617675
507999
83441
632470
816718
975529
496609
91758
885458
676117
553081
710722
773551
251440
327335
666749
706204
814569
887886
891233
313567
28260
881475
117539
68253
67806
710961
91555
295759
202552
680668
622535
325205
371746
57282
878451
607589
468261
621534
573607
654556
774476
798598
457268
215605
604592
583092
30108
741015
822559
754785
259269
201096
899497
701453
7962
979328
620038
171420
191103
150552
536423
240666
155438
504673
760343
846687
435379
969361
173390
753998
62208
116121
59091
217975
43118
526418
672330
625692
603281
938709
158817
870097
752758
551785
521363
945916
234491
572503
889688
339004
434123
28186
182826
797991
857718
226995
949363
665835
994921
378840
433304
564885
641230
67276
82908
443312
515779
313802
668082
954822
414767
188187
158884
211906
515207
607239
747801
671605
670748
781544
182150
989751
328349
815834
276596
289510
584369
913102
362345
729866
396073
936254
767670
496089
972710
274299
373981
220822
581767
406050
555804
492755
92364
186477
154266
373976
312524
639589
771949
618652
516431
229109
974342
646448
404937
136794
354234
685819
399732
549879
265901
317280
320648
436357
159581
3644
903770
546152
788232
648907
945231
798044
926011
8554
95163
118990
479865
122807
62554
303175
879940
86484
280681
204355
181323
172811
963426
409376
724271
876939
856531
270194
586867
479121
539802
985203
68736
403746
487551
633368
579795
982132
87470
192958
808836
195053
569743
280451
630964
243459
623044
435506
188177
930690
501502
147478
658568
771756
834172
274159
351241
506874
220962
515587
331696
136769
35186
453451
651861
554032
258281
602894
898033
775605
869432
848652
551467
434816
252253
992784
285822
710304
390558
532969
687689
167945
688354
605042
387380
613238
259820
131468
223993
975595
418356
497645
644246
793812
351012
893586
161102
784905
371500
521936
936726
46195
640514
725320
240163
251592
216698
398265
994190
408178
419453
708528
206560
218253
809
339418
830528
644175
245189
596282
368438
357187
186527
889205
498523
87470
559108
859083
229535
855442
31132
134112
575351
937680
268447
101368
997345
803560
348984
578
666005
80349
737332
742411
32266
657140
535911
294547
36449
799002
58908
30653
762866
485413
302518
650719
578866
633971
651111
301946
622078
970031
847116
910019
737926
690162
577380
588640
790552
807365
248940
695598
824136
859589
213272
163839
197370
735967
449711
297569
848268
908667
203459
960857
446754
955446
886220
668207
147919
66311
27297
175971
971612
205123
963538
475645
564089
727867
707044
321538
436606
340419
629162
33730
591900
895246
40764
458447
228900
314101
687511
616776
410420
206486
955217
153811
499450
325721
71735
10025
716518
915022
281733
683786
562288
964018
502848
996946
493955
51217
912820
290788
764805
524933
305350
357506
411907
177884
871541
724991
626494
559192
515569
59211
263756
721743
536408
480110
212333
654195
592073
511568
250411
164972
731239
811380
934508
325409
395052
909573
583448
681878
286887
334729
8033
770095
618067
752498
81459
47766
6803
385978
190124
145171
317040
254602
48138
177196
534446
163568
881895
149847
462441
433619
622469
142555
924644
667909
34420
490280
88411
86252
26544
469329
628085
738439
732454
995047
422550
2911
733591
968755
170640
604557
840918
707215
10169
515938
385515
940513
944535
453622
838298
864821
588856
795664
605566
301430
718815
371567
805646
539977
944024
560563
162881
665863
991789
96427
416206
395861
296561
717884
594829
7009
198649
713194
999993
770106
493995
197126
374678
338892
502830
392436
322927
442039
752961
699224
764793
132748
582760
466653
203284
559588
860800
46241
658671
655516
569460
47872
475338
413488
575944
656444
956311
107827
289362
306950
70394
273576
141385
912940
885360
361217
568502
216542
194315
867761
300231
158942
259803
858800
479682
659972
996777
863627
594711
766763
665949
268453
423054
901948
655679
807310
29983
621076
711834
36349
273696
86165
103484
424045
128153
359366
982811
95250
514227
905000
437074
891383
738255
684182
197256
996022
726324
111831
479090
645779
529120
966980
260910
755637
429759
471632
471504
78529
780922
198201
343546
79252
258214
330186
522788
38621
241821
66954
331196
890902
737578
508933
916199
35165
965470
756724
293797
520691
157759
843851
809554
165967
922912
759328
862600
530528
163468
331315
374882
542430
673436
642846
305052
590092
295976
580058
554006
432396
742938
811
841015
151966
651806
481769
560430
389943
380341
44973
832980
454842
837865
906516
188526
31509
402203
622195
511822
933435
495736
396951
388504
90233
813706
821687
373154
891191
506667
304697
226933
74510
766036
134621
236977
956032
45011
137546
167436
291480
671323
605939
879994
810463
89973
270310
318249
85240
26133
324977
712484
400601
697671
890737
616791
604390
627464
596536
291826
568236
453233
325082
952742
983734
256782
969428
804492
629904
196685
979098
670757
560790
676562
791036
241276
313655
40488
829428
950248
740556
694353
570702
453293
943375
908478
340916
606018
874169
87642
331605
352110
121404
869696
58418
287628
245658
834318
477381
671085
375200
199121
285134
544924
912515
735071
303163
230972
323541
64452
841651
300686
603300
866964
614399
217039
293744
843296
867989
295294
582918
428291
775811
395068
976509
612764
265588
173707
851148
869654
506594
201017
914887
487138
534489
188694
959988
427782
794084
116896
916686
195023
349974
166720
991509
404130
17270
228717
680080
580273
375240
202095
664801
28105
487092
70782
819971
128135
455062
497097
623714
391147
676385
826706
320790
285252
991152
348342
453758
391819
776619
955082
427893
369484
524050
649185
709300
521919
860265
822059
851012
5173
352704
165944
896733
361966
344350
716634
391904
395335
273738
959719
500846
206032
21045
255005
214883
583292
773639
682593
567731
459250
880900
71136
927583
835392
630555
837910
234963
416879
191563
273837
729503
335217
774770
424765
794384
540343
470580
360818
537643
34399
234116
915467
355205
881739
418322
881343
667906
545805
503377
204090
935144
418110
72612
864773
737311
164334
727140
37955
614151
170357
318992
945879
700598
333160
774738
183971
292428
14823
178218
796076
750069
989204
166777
454681
653435
877854
86572
62362
602565
482619
888387
960614
732145
97908
182589
875612
496329
556634
632482
311307
414436
59926
434477
509325
692892
535198
798547
518222
598055
707972
940148
7594
454036
78312
205405
838517
785636
185038
317560
309012
697859
318602
16785
625544
994849
561048
849349
106763
521010
270024
70857
206675
737790
215958
83412
542003
860965
750872
666282
765921
926835
858384
931975
409490
683484
933153
13476
959617
552596
918367
441448
690959
928781
526463
487470
615493
951310
135085
871087
60597
878829
724797
92812
288382
294441
914233
835259
626285
930726
27737
596491
838144
444549
2640
887381
598983
213215
640195
347265
956452
519903
32085
962034
612401
639865
42397
283343
895168
783179
969145
839791
195837
853326
863740
121312
337008
665465
952066
929877
918175
792882
855333
425705
405841
542321
927176
204628
337388
952564
770448
507689
304896
300889
54195
858761
380957
574235
291944
449000
211294
75243
594686
831993
867913
861994
574089
855737
832782
946881
725879
608725
20653
210270
415680
634169
34165
285003
207996
817079
146919
761004
145678
161168
710649
869973
262590
58977
729718
665414
2469
576364
399298
923588
846913
701762
886844
895957
978728
801355
561660
811415
941338
872754
557180
675197
105775
305135
711442
258279
563695
314866
3483
74717
991936
434857
864436
870249
495482
273198
452514
588430
322071
545744
184465
247976
404998
142908
42042
543393
691294
74889
151325
755533
475887
441501
951342
609571
394037
955774
357964
523609
436582
863289
194348
987803
411563
511721
645204
206183
403371
222628
574084
204488
77954
558472
703023
148396
627536
673565
15718
273124
940526
900967
631766
731449
455612
655243
259496
518821
112278
916123
213062
586357
34277
208832
402622
595385
497233
820099
55295
245028
851668
425912
182527
215879
792170
523079
288767
465829
6821
455384
590246
47218
789340
835610
860362
742381
902723
578353
52942
972247
663383
350714
71205
791886
181168
259900
211317
758667
542456
853932
21846
499573
699450
312732
214905
649055
163860
53186
143142
452581
918343
616865
531549
997534
608685
295062
135070
495742
81034
594753
58756
733387
500986
573518
657997
414714
434122
526239
546805
262694
763299
169240
191807
657964
696162
347590
3221
260517
916419
15149
656391
228609
119931
247788
348207
78460
580708
615439
508597
764864
444755
8369
399215
69655
557573
325708
593568
77515
204280
714847
927393
781597
567511
265978
429662
578526
917965
62185
642743
960172
758331
589307
710278
569421
349892
544942
661184
718177
103877
97592
937844
677831
416098
880948
720689
146575
460924
928488
143045
314135
12287
700911
651295
236548
498391
809672
276054
376927
256642
581625
186115
902793
839744
815585
82824
290652
191144
981785
965620
897056
711061
550086
552575
682151
988221
776767
241264
248454
248033
980501
554398
207728
815008
106179
953234
477552
529831
836531
141836
347523
735555
59243
241565
47887
126487
881618
834609
800708
779625
341987
166767
839054
275094
719277
661241
83700
902246
646596
884046
116368
351034
152328
85263
264107
400290
317775
289759
939700
683275
4018
528419
362589
688854
23473
233384
289555
400643
84548
797092
184664
484364
64319
213653
64830
309070
799264
137670
196097
35170
331128
682032
432706
15179
819892
747965
269020
951303
81736
403880
557861
446792
53815
467200
269251
669629
215105
197322
185576
564105
247912
42502
717867
13589
549537
219466
541508
135873
279892
348683
449892
361845
974736
301371
423023
988822
245903
612684
668055
646229
987936
354898
525014
934305
352951
919878
215240
606844
401997
721894
609314
215851
328565
4794
132819
623303
778621
679666
194165
890801
489085
913516
275696
709603
705855
836177
898796
292641
887626
443295
381424
296717
562445
294849
87004
559514
934757
365146
423295
756633
487947
326496
648022
401391
798813
484069
381154
137448
860295
13298
612068
655076
342414
167692
914424
956143
227705
270808
123147
580975
481628
309594
337595
701558
382082
406361
984714
221048
297846
509791
541565
967766
795246
116252
907607
668632
898453
400170
796077
37818
955316
881900
985830
938781
270652
975055
354321
183582
577522
180978
150179
647812
222135
81250
761931
6419
567475
841854
899956
100413
639518
571706
664663
774200
543274
742847
867578
426731
47568
331630
168136
463682
580982
282565
788366
451297
67130
466267
940368
563188
861534
553285
118086
623013
69200
349083
798646
713383
396436
471316
777711
520239
298128
687310
225055
991107
951732
289259
420434
317035
227332
450965
541575
215747
743363
771425
170416
613618
618749
419793
397895
941557
158450
941684
401416
633301
314010
809832
789647
147511
910297
147776
374094
317202
309761
407232
940650
79483
736126
846021
297715
214044
423458
81794
734718
218883
998798
206564
747041
227350
785721
20311
110347
444901
947744
611554
815229
251608
208586
980142
17513
736711
477047
166884
844197
824296
461285
800052
50956
719907
482622
527729
196850
558594
554017
201369
384705
440132
957579
457843
837045
722065
583202
612433
360304
915591
59294
733301
612986
443890
819924
923088
909145
166875
380129
276901
588361
400503
6767
226061
223897
703936
578663
762835
827362
804705
558003
179391
199908
716427
4334
668848
740542
271909
413547
962658
242890
850464
245919
785552
470931
755240
46636
369331
932467
317622
429450
79016
942094
20738
43796
588271
169445
649110
473901
892879
592471
813118
870157
815064
416571
233820
75052
518465
567570
974232
829385
934895
58796
556916
375383
687767
397018
509821
729221
203642
306636
556957
114408
651023
836998
864142
291528
384255
54723
835369
464196
659466
386278
711325
89250
94087
750553
236539
199863
452808
908613
217581
151087
805019
928748
6983
16378
207853
77286
217397
20948
960522
438006
914644
615598
757568
272648
126174
306622
620769
462409
126717
904032
418918
215651
412864
483559
989168
167764
871211
938949
531242
605226
307944
647762
825483
854877
196636
840188
870264
146760
510037
368716
103430
653254
98143
522065
832797
595941
665526
839275
45560
216010
719957
843894
859144
650273
890541
238864
686136
633342
424433
296777
693708
493397
702606
187110
10723
970834
915640
285522
302619
381462
318112
74658
960275
174607
772802
923587
902411
205875
423898
790659
405480
330201
207606
547000
764309
613748
625255
641744
435331
195884
597393
882295
60368
665243
436834
285279
238022
271521
859103
169839
82810
265892
609178
278410
278997
490343
750016
495930
310831
712966
295055
343161
309207
148171
369764
659932
412527
388400
488626
292829
992116
501362
592079
31107
816092
572623
354408
240048
889304
80604
633237
949382
442873
645125
686279
193079
955759
738465
537758
222761
969516
680688
505111
463106
665318
767541
280163
582741
603132
510186
703123
869800
453744
158437
365358
271713
480082
845317
818405
147661
488254
899544
848094
925709
571452
72525
245356
990814
30405
714576
700960
979715
410405
148616
220089
354257
306748
136937
690230
394839
538974
360950
105164
469416
881562
598871
694644
237382
825752
434770
807579
453932
296603
576169
293821
231736
158567
823824
443020
876659
691004
278474
453450
689726
713344
574047
566582
636636
157882
859388
145570
758358
567226
232551
165603
401167
639703
723933
313315
856676
185745
308873
525713
421695
938453
305699
851063
149817
120734
672227
658027
681193
643768
835873
386783
471310
853087
489931
232532
443412
555335
182722
994923
697415
807925
957521
247772
141713
133578
464138
890431
505969
407200
86783
880200
648891
885645
918618
66640
143941
568389
650010
328526
935797
910300
382378
168996
358117
953000
359264
742742
890288
144068
696783
725
322140
412082
142409
139258
642852
264856
353908
694670
538720
192171
773831
957254
986643
585641
680866
299852
936529
437312
734664
901240
139659
55628
524474
929309
880633
441982
335088
85568
783074
861784
864822
391204
592139
420116
869538
304897
414714
253540
823342
906322
580517
990165
371062
300941
991612
999501
602895
599470
135824
846003
488833
19949
738334
392621
964643
678158
284540
954564
315090
177879
828575
80421
65485
644891
861191
668097
452400
864437
929799
176531
504907
227985
462516
537473
35807
385060
327402
37084
973620
151355
358838
568002
559386
629681
712291
937315
192442
347771
192996
363168
65303
583069
567323
352271
952615
971391
526788
712539
437448
873178
187777
840585
453473
208717
208066
654293
182294
208972
569424
147643
886887
71224
199223
393681
679334
418313
295246
504145
927123
449831
323812
939061
893141
67352
195145
731451
70935
237140
493622
31944
783421
294581
764634
986217
119618
703370
625025
754036
715056
53579
671395
258573
829306
55462
298247
476164
77945
271992
498706
68444
864321
222871
134192
129127
553056
23564
302814
183629
560627
489310
709201
17963
65060
341257
440838
695191
432515
659854
761959
806658
489792
73828
188119
738743
489539
958860
456922
566720
746536
839042
119140
588967
723354
527567
69437
75802
119755
537020
341005
152872
666829
859297
480714
825064
723536
311707
797498
194360
570681
41563
126631
883363
521499
887835
159903
357148
949076
844844
14757
234279
243270
722156
551352
744855
435057
166355
157437
589298
643114
998764
36043
282160
919802
293280
413075
526178
373974
540717
973290
863088
260534
979638
899189
508155
583571
2549
269616
233441
643522
831820
942619
72542
353640
426232
149889
648975
826457
467302
370662
444754
286994
844512
629068
62090
505550
917088
644578
126847
225096
681989
774922
120674
926351
191203
5765
754286
743487
301429
243134
652969
287137
477421
849392
342154
708193
705580
847604
893940
798824
775950
203114
680736
602582
644764
902468
313114
405213
293541
121962
401698
843389
137126
46477
33715
269911
78374
474188
278368
485681
368671
424316
618969
920709
344406
349912
469645
804998
183116
904005
574506
551600
211405
465727
157247
547274
65893
676902
563267
175867
928562
754847
458607
840070
882261
843240
770758
668836
478786
846332
321397
738301
777335
593375
73044
602562
300682
568711
661324
989354
597850
230887
158995
848774
846759
492953
631443
892803
600638
30182
226730
467388
571661
544181
837770
673658
891989
831695
325951
70025
325821
807179
196497
454455
828482
25179
369151
543020
837452
684913
308524
805537
128156
560335
984278
749375
186466
855210
576512
444308
587820
954042
743282
795188
248824
171809
691287
408042
411882
657525
57284
185434
247769
288748
5208
679092
770563
241891
30334
496471
186913
129291
24143
887552
245206
608240
854485
896749
486272
129703
34603
295826
583217
863572
871424
434551
155192
982293
981306
684268
377368
310863
461110
182954
142106
437907
546158
555912
306302
554604
660852
47830
974413
724359
372443
156506
969226
433023
295988
337381
951879
595333
729270
667792
470611
348329
171319
87192
665681
491271
405847
549715
295652
41296
375740
679630
335878
928244
1335
368966
710648
717545
141061
189311
88404
960283
844594
458883
910654
600560
210456
382138
714745
18678
695622
460835
538453
906924
896124
218477
368902
704298
696018
17332
45073
433646
774135
713627
975903
684867
494615
524290
719860
469391
526742
275236
699321
377338
76538
256720
681397
766327
824421
833538
170266
945840
202687
326174
682236
439634
753010
650504
186332
478578
157263
547682
719267
288218
83790
502179
619562
18677
231666
147985
548022
56338
714827
267163
914497
920664
600021
111509
803571
129159
167742
549776
256624
823718
579013
870549
23435
659087
39870
825854
834904
924115
229170
679282
68638
792651
95715
792763
637163
559100
126572
977158
125634
773094
329927
324342
98352
950633
966761
121892
824829
916693
463048
596791
350717
921485
944956
24925
784966
808022
4547
778147
538363
906241
60383
130807
274055
14579
335194
804023
200422
661710
911722
965429
465629
1982
828207
233546
312266
290914
536600
351316
414806
677012
847846
933325
333702
532439
331849
998665
99569
197020
808678
838668
114764
463665
781946
18885
768801
587783
87064
439787
566174
581598
348878
115891
800522
590095
272998
765995
550546
768629
893512
594998
315330
20217
171133
69540
593743
230777
740558
364781
394833
663765
550539
17099
698254
746134
763047
96817
203440
817274
817344
543787
593369
736096
825405
126739
814285
888076
40337
546605
350798
504792
507356
653216
173637
198904
24560
258642
329180
186728
456112
632542
874664
368628
506965
667381
386052
122339
918026
559822
164601
945153
347511
813003
424473
537032
633436
649898
645355
577899
19
308196
396608
82366
637943
525669
163940
818437
880804
792873
690800
987543
367124
729136
61053
315566
754408
729565
3379
748942
741064
354865
102079
319056
843361
431582
851107
894091
85133
460427
468007
129565
175633
847332
494637
915547
903103
915930
106466
124499
950140
185342
773584
836986
155740
256117
817809
20023
205289
805849
891679
401035
261315
187821
107974
721371
7457
265274
40314
934875
212789
206218
426629
144921
880110
881472
864152
78435
507287
369554
374851
67606
693277
456229
512960
456901
328877
589508
532714
575106
958076
878012
134923
443596
143968
322646
806034
117397
282396
743730
846948
199854
632057
970364
17545
715921
846607
771278
29895
302219
715939
624162
719244
461252
503338
951986
234308
818220
701740
16302
363403
60996
480900
793625
907324
646150
326212
757761
158440
47922
61429
368729
839523
86711
564859
93684
470904
186362
416663
464352
380220
464453
604871
560477
910464
753487
44104
621753
368608
24996
689915
2057
896376
934385
272421
360966
840887
942190
315473
645377
801035
989800
942608
426628
657468
834986
287073
195463
932949
542535
978411
951308
844924
246855
793767
496152
848931
637420
306458
375822
76055
60575
570112
43945
582326
434108
643653
245397
867197
646263
408108
22635
910463
328233
153811
228615
500082
792827
284941
421640
230116
43821
723695
361508
336459
187076
167271
367973
429241
78926
706629
966724
199342
654099
614877
171232
551880
293850
173253
539867
660821
132181
733882
883794
985289
198954
792351
686007
750667
576862
58277
22028
949865
613024
40774
538429
114605
29808
31146
969435
902215
281386
582509
756145
92201
623603
32440
547589
76850
856574
218380
71468
556930
452540
57373
982474
191724
621982
817243
766182
575753
612296
443083
89574
586985
433939
709588
901867
659813
406463
190614
494923
959888
2228
117301
815143
163148
659571
427700
204457
608120
881566
891
833052
5127
321248
470587
7656
205100
407162
503208
381672
914225
147883
352037
465130
490279
210556
314366
560834
273784
781477
496462
557515
899736
871903
563137
615868
523418
715911
551988
876258
295519
498476
912633
216319
79273
684533
875190
555135
34189
351282
418413
225299
506951
938557
648854
647661
292968
764300
811624
942230
254122
825303
862390
676911
413732
515616
670006
671042
88472
357732
959518
933956
149738
141404
781608
951721
39852
105904
323252
825572
824916
174265
478411
842234
316303
50097
989569
608322
339694
260218
962677
55739
894335
955911
266483
593802
489335
710187
120312
346702
947210
36668
599765
453153
202589
146339
906284
686318
272467
674179
147607
216106
679620
877764
589225
778929
469836
364155
117836
609981
950079
738488
405193
758149
378042
921451
60391
603440
451669
860019
332266
459188
733812
100997
734780
413264
309309
492149
18090
784802
24164
274532
467077
671269
521121
712007
686761
485323
175619
623567
807002
610483
260638
725818
974794
719304
80288
387894
909815
297397
150338
377389
301617
176200
554714
471666
825145
998498
883789
41414
528389
481048
868705
448006
932257
378410
357872
81397
528879
261214
547256
112610
92687
24184
223376
864758
763801
322071
828469
149596
526343
193711
254723
610765
132336
702110
81727
700279
675439
964525
857617
957513
220002
442150
2383
999581
911566
157005
110260
607427
818400
406844
498671
73766
348366
550878
960728
328542
462748
329352
504957
959313
514235
840623
563099
932166
834572
136522
716648
209352
646466
205061
506637
203315
255909
428254
719729
227422
917874
290592
936113
97637
111456
483066
934124
628625
520637
493820
597306
933734
308215
936045
60284
817610
492215
292363
198222
85133
66280
215200
823897
234649
545238
933181
17670
634359
985329
750422
334221
417019
860912
85305
51947
769998
475026
259372
622450
369878
691135
530659
447994
103812
927885
137115
482485
398073
362912
123926
587809
560918
887401
256947
583702
211423
130767
833641
537215
657290
197802
824288
697125
538282
220139
707500
988007
638067
478874
771494
817478
686377
830840
38889
780957
268906
759235
833446
595245
30036
275544
203429
880534
235284
294194
411097
396962
666508
297616
542494
731388
97248
756405
619857
644990
76702
428937
911500
502568
445895
551133
66876
79020
981310
430092
808801
773477
894476
816381
999074
361256
268046
834372
68875
245043
615292
798824
692708
427011
103382
842559
548655
24066
466989
384630
527229
627036
518411
113837
948333
733810
567488
406655
994306
290984
336010
320991
376352
271641
331680
612318
939043
432618
920731
549449
611548
957308
281281
821806
736618
725755
909424
876287
873712
797203
124836
126736
798328
130371
263653
224955
462692
174473
5072
616995
361292
945469
1471
244693
710841
546618
198552
429322
59581
304567
862639
271497
716653
18163
487897
580649
822845
398607
805198
465396
206390
171253
670841
380008
855510
997686
834400
956055
923716
818674
384619
89646
423022
591280
753747
192850
522497
952910
295464
581222
794308
716242
691006
163433
890450
461086
862197
922173
268018
484610
217828
272258
847956
878572
813538
953313
529003
764794
255664
908645
142113
66096
533830
656195
288123
999365
691513
624762
441227
517784
887877
285461
624524
974912
100093
74254
197469
157441
391628
905741
990045
195482
229095
425166
46879
167866
56657
893792
906506
603219
632842
209225
870160
961864
57365
282311
368585
139840
348453
229745
298923
498076
490659
814460
608360
821573
714910
802394
282341
442782
410960
108157
857042
98777
513033
33530
144426
834341
143867
274440
980809
282629
870049
419623
357221
62972
945484
641373
935786
228773
796875
146971
315638
835487
248630
322175
69422
991076
609815
408627
119931
142523
944502
934194
889381
12804
717440
769835
207626
150065
454291
684414
778746
58452
748009
171555
118962
607698
794398
891690
400564
102903
418975
443100
742143
611940
73393
564417
826992
862691
802843
418427
431861
935003
498226
812304
82474
296606
482047
678405
858706
50848
221454
229285
615219
710147
914006
790497
14926
442381
896512
948177
183033
278587
349206
589529
733403
821679
990857
516391
3972
386948
369502
524824
765926
179330
239863
912314
631732
498861
835194
18220
140950
772408
637600
299426
50566
86423
427612
127429
670602
218482
622245
794103
757390
691509
518882
655284
802333
241540
761393
178324
990844
488460
532309
664364
307299
949813
596218
552085
974489
336435
194469
848900
613739
30460
683324
266584
5704
121236
54959
249075
207868
216196
57282
287295
835527
218729
306489
303314
700698
552552
128927
212908
889261
875839
533298
658973
254527
600567
238446
322372
808939
482805
713140
748850
385892
846320
424343
366828
744141
873085
798660
950479
640055
150919
415051
686286
209272
397850
371982
887959
462052
76062
375365
58261
595307
131360
286059
649166
992719
634828
549960
867947
322496
751543
910428
531288
992661
367385
164389
256962
364585
780376
12749
126077
869712
926399
286388
409288
215093
765005
31381
101096
610194
310250
85719
585264
460490
953013
327090
674914
445990
973624
449596
805168
299050
606013
516752
772315
211027
267706
869017
528381
676784
613031
785984
446754
573018
370736
664432
709328
824722
618886
946178
555943
307637
983057
153162
295843
108766
29120
259261
531519
416408
12800
148349
812148
723070
933322
504707
434976
6066
176151
929192
476161
620662
803695
590032
797280
334058
147999
192244
98570
489058
272777
673162
468601
473379
487253
413010
287634
118715
32646
683903
191368
912890
210215
712321
437150
589648
824356
14891
494665
677253
782772
973766
890995
585039
24244
385329
183260
665747
391056
800115
492571
993531
150874
110815
244547
389744
766524
131106
955809
123380
313482
853933
598817
335775
912241
304505
530512
982452
519949
467451
438523
619488
809238
661990
975543
204238
494713
220760
816698
182505
575429
532898
267239
550383
634236
904247
162855
376623
714506
637488
494002
128095
226770
782905
965550
102300
579619
36572
427502
906686
330441
404968
700763
55127
755584
786557
381744
668745
217412
774647
638367
339457
277892
734325
35729
484180
489396
66821
579851
373044
861314
232685
1580
696910
675552
911576
53522
258564
448832
917724
74845
455362
819486
102820
841163
60607
511030
742207
307139
866578
230871
258756
84205
61742
881744
3103
756286
121532
144710
625725
616017
553428
89383
722960
422705
134999
707705
975679
762163
434283
462028
126126
202496
665172
314062
492645
823025
564076
675709
304863
810259
620479
468855
878065
255817
685637
428461
891541
43665
757692
614774
615059
780575
334818
800320
326283
673509
147212
294497
784033
866676
300390
214219
795653
242876
254728
391326
787869
419823
604912
393624
874450
119620
755810
573800
169908
302296
724377
866976
957707
491375
343720
625416
896635
308247
582322
980238
658195
84717
237890
810587
165170
511545
853064
619970
92502
328053
954289
44498
873282
852139
47906
151243
799308
547324
780624
282605
251712
336956
331326
769451
527412
517627
217812
550271
393706
819231
591065
199767
604763
868845
135886
695661
406054
338790
298726
499252
741717
67086
848677
243822
396679
938824
42963
832602
524032
657884
912797
381323
144330
336475
202313
673620
875141
189402
622612
449824
315922
527834
684586
61598
177304
582728
248258
104921
375665
404127
118291
693477
72501
819563
213558
921845
304417
929385
521241
641930
491875
329099
490397
486918
356804
836567
109902
277151
983986
799151
266684
889327
470185
101355
204218
33639
385022
614626
819058
421092
558920
662472
379555
257306
284523
461873
430329
673901
366466
46836
855048
733726
419624
617195
637924
692258
546723
413846
523999
225871
338990
223391
24800
989999
340706
355064
180316
376887
605760
84896
469620
755282
840861
339461
614379
278742
298411
355332
878018
882904
661728
31884
70515
259418
72324
612128
988742
456419
154588
29627
151826
884840
783150
33933
362260
611942
189553
48356
681893
746321
778451
738534
607451
243942
684838
257850
943999
971229
409000
970567
322022
657466
249069
495700
289454
637827
148843
900943
761494
612940
754018
741673
629627
572462
825062
521822
832619
384790
344650
196882
495272
533689
289899
349399
667579
818341
995542
180747
383601
648755
424663
779167
927031
612569
86047
208626
625869
725852
732689
250203
958122
499490
703017
565318
813613
842853
623689
375797
783099
837380
90018
871400
579257
817908
650555
149016
58983
384595
990497
44317
813271
38365
642092
154415
635977
496247
682409
746505
377061
212969
402729
183913
752341
427497
347557
480500
444668
682194
843020
273463
133398
277044
194411
577993
5933
606404
282872
54476
172405
378100
174651
592850
644549
24734
307162
604700
238578
207897
615743
589309
153034
883246
392808
976733
745002
887653
526219
842905
59453
851448
216547
676040
911249
415081
74907
477849
37719
167727
131350
149848
962423
179468
388825
583183
87950
281210
493014
16009
322245
982723
618390
995634
751439
682928
894913
411866
180990
644441
208909
104536
857027
12252
981633
19467
279616
225513
566181
384636
108300
73337
934216
417631
139970
101086
379501
424184
697862
136694
202579
259803
847190
196729
140960
878539
617992
524722
927593
437892
131110
403019
854881
840277
132002
613632
23707
43684
836983
419190
906493
19670
678175
461476
284099
592902
390059
6255
442477
91250
34754
41556
764423
744565
152952
239743
970771
6318
856202
512120
798868
688384
635508
528637
970233
116595
728623
12842
373989
616377
572810
249301
714903
462922
386532
428470
833979
398320
748996
113411
751372
802911
88405
171290
191396
849084
589121
427224
261473
106494
953384
482183
199798
867762
295741
691251
319307
231640
126781
775261
900690
694891
801741
481289
250600
476286
816112
707506
324835
869122
39522
47390
531070
808932
654931
80140
316254
848467
544771
594569
715712
360159
55990
641314
892546
483581
893781
275251
368266
666663
516257
953694
419159
619104
530964
563352
630754
506325
38038
376733
209520
542623
334616
297795
563191
424166
736465
623276
602666
656479
618451
762902
48163
315893
346761
330189
996397
863302
328848
1792
415275
474244
470190
736048
995495
255036
93747
543108
428603
526579
63979
403898
647382
770412
610044
636984
20140
755655
829219
798144
53308
126020
219589
807490
248767
612260
618356
332620
835562
230064
162945
832605
436512
975955
57721
752279
54648
404002
379645
733906
66534
977597
169474
736653
578760
862349
360161
428799
16719
159148
488923
468812
793352
616869
277741
328467
577286
152592
850700
699108
901294
866720
484222
798991
487967
216952
203029
782423
231036
448055
749128
963782
654807
291797
386223
294810
686587
320549
886107
766109
202902
839802
111695
911378
914561
88870
834207
589579
227246
702814
17508
696088
506605
855225
928089
850649
568346
279063
450838
993077
670823
391774
479462
253923
305154
770784
930951
344741
405154
519640
161725
695317
361587
731347
377811
307800
798556
76844
839599
946671
950121
745328
929233
204460
875418
67808
885352
390599
30676
782097
156724
396846
74940
123949
981679
562971
80194
476189
324787
266931
378892
241053
557101
694684
454045
747386
995361
733388
641883
833777
573123
152685
403115
239782
858276
473386
569976
933501
663881
32793
473491
65049
432216
641541
396020
624431
440364
543319
293215
201030
216327
492768
447906
276237
610343
16069
616507
913304
246321
754567
589910
700921
544202
601773
38131
940599
50949
387601
791654
553134
744758
210181
140536
40130
513637
856992
477611
467969
47135
669160
290011
971221
169638
691229
147712
109730
641480
665568
229008
77122
803213
386942
797441
405082
669321
987741
501676
247449
648914
751746
691917
387661
563404
746749
705511
744033
922080
78514
38917
662199
235083
466244
934747
430046
191763
383071
229194
960560
824340
427938
846210
214923
297144
905384
320962
317226
363077
578994
477307
778335
638223
350962
593746
886255
334863
766070
447172
696522
665804
998064
226533
656741
124214
189150
412289
604086
285394
282010
66787
201227
277966
976640
403123
813320
101622
398199
64442
522747
682431
480478
959362
91421
511297
821205
143193
39144
70722
532581
957748
944656
559661
456589
456047
599647
360290
758698
440626
485168
904487
589954
489648
679623
195068
453421
264137
948236
520331
316640
648719
138722
239166
623511
20262
161256
488491
381150
324101
398028
613355