70690
508145
837602
362991
13465
787444
387372
296410
913819
521203
813821
3829
89210
322547
780503
416536
201351
29959
815182
548980
437304
128775
714160
221466
680293
593904
457311
942567
192493
628504
99328
978700
876533
472972
966732
340022
182544
623559
304708
684830
380603
297617
386177
35054
499519
419315
814825
630286
838329
386770
980222
380107
56566
352944
181904
563876
333688
562490
65171
496624
504662
452238
968907
841519
731455
992654
813731
95787
597214
130650
418846
301962
677530
212269
92773
884979
365557
714774
198398
996891
187092
899216
936797
815147
304925
136960
270229
379152
62588
870540
272679
565918
659265
770963
171515
480482
379171
959116
887725
759362
322664
151358
475134
335123
913244
227097
158123
339640
50558
822448
461467
565745
200315
528468
125809
440647
938962
315662
483841
610450
938006
135864
646944
618598
257938
626104
659733
357016
664198
111514
944043
976368
211856
73801
388840
284845
120038
828202
279384
386095
672000
706134
911938
947397
325267
164914
424700
620755
634615
256236
381531
883872
839529
651091
492930
133818
361133
809683
133275
167622
31692
138956
3684
929320
726267
435343
125793
329291
68572
355828
646256
4045
822621
138523
762809
734282
322303
180669
243971
311812
849905
392430
997284
822444
999194
604913
553681
952655
308790
276599
408275
691808
649112
892790
380571
672798
177933
48163
583084
216034
205281
170252
273334
736967
311739
277139
727811
887734
706915
27978
240778
611724
816356
471592
936161
954603
153421
173670
410256
992026
137873
447033
994881
960857
440590
384876
680467
394438
69227
577753
851917
462629
839834
35651
321327
627984
308925
837779
16421
963898
909989
265582
202133
491617
244341
772719
370391
220624
397669
250886
676036
932622
51170
657132
10535
169127
972051
248258
709585
539796
821239
94150
931465
797129
586090
19760
698016
549723
475270
65135
19105
338637
512550
696379
832615
393078
26310
651799
291978
138960
485638
818213
988849
786207
548366
114277
621707
4283
954699
598284
485657
346684
214358
272317
341218
776578
569462
611494
778890
637279
497020
817274
137213
787681
780493
998470
326150
942271
719357
960050
600124
988766
412949
732311
248411
84097
444855
967927
566576
40204
631961
192605
511534
661619
602989
270930
766111
710852
724257
674489
276724
795021
639490
316488
204989
484011
241083
303971
456756
595056
607420
305814
994227
168688
445366
407855
200646
814184
200002
819638
108059
646924
111841
89739
700310
845612
842462
456538
18369
633666
53648
782140
230817
822874
768764
177517
23523
481310
43095
467430
708085
882621
830248
705687
218034
571832
431500
596355
718261
848329
616788
930423
453327
28656
641224
220968
144723
282203
88207
838824
999438
291504
881510
323141
243284
485627
615694
389566
134005
451119
391427
183907
601807
973659
837286
112008
978557
686058
527356
479333
428205
928982
785487
867277
767184
131691
570866
199177
505386
40244
790754
671377
625801
983492
517832
53926
253266
299810
318364
320975
990326
487826
183587
214894
515716
549628
712088
296893
863321
128700
721705
275563
68082
466309
431448
748941
553826
327538
811394
237250
79774
171627
432189
959784
624054
550000
530458
323509
74527
263621
625097
997811
952747
781818
884188
627418
184345
283990
985188
998155
448713
422944
773304
907943
607688
763721
55956
61642
246921
835129
751069
787048
718965
131060
40194
455362
289881
146793
881343
294276
954622
271703
277819
954174
328086
131548
954130
42877
140242
798044
186669
167045
243153
306762
948940
373742
812082
897302
383077
459608
4554
983667
926182
738893
359729
798084
58007
170673
181687
102498
636443
867880
995572
956620
88661
905476
583805
487276
517800
415401
33971
122626
370838
830720
403125
152687
206026
403412
275445
729312
697713
200972
777896
279957
956994
276229
822615
202893
312095
446092
778131
790544
540115
541685
981638
247897
778683
928027
543204
784669
199426
336308
665855
87356
125893
507471
382138
469187
77909
790061
92693
157340
424218
84794
199208
636499
301716
454310
741739
854405
884797
276516
488562
388199
744907
3007
35894
874096
509841
494292
918029
810084
132037
319024
445500
477374
712284
302086
254435
578298
167250
876685
518230
79292
563526
474420
547340
567584
341441
819587
342321
608607
699159
483472
725462
584666
373158
202970
396488
66119
982844
981765
724094
355701
70165
159154
242924
274237
365953
103034
422580
727687
694948
361224
549884
430518
50711
305616
696090
62513
152301
269488
898988
302671
328848
49249
813445
372510
103177
37337
792770
621776
457182
135617
583354
955395
805973
824078
922195
376876
828375
910719
581554
542495
140784
677617
277962
132989
742131
730082
590998
197882
223034
18304
231137
929353
651083
100205
829442
820839
750743
154130
522854
818753
787996
357789
876294
746947
74666
770520
430199
406719
296194
685799
583071
846197
619481
243742
479621
534853
937469
292797
610882
204974
859791
156297
755156
544450
175598
895495
442962
604776
907892
786456
196473
623437
254298
564332
780772
627561
312375
922468
469786
280298
793893
975752
7362
239487
734020
736289
11057
598530
564056
97589
588644
178114
372814
478429
410185
132780
216604
752388
171191
811030
831750
195774
48447
682729
83900
287426
161178
986664
485089
44358
760769
742113
416998
996086
151516
146286
66261
232528
26770
389864
281642
637343
684095
74602
179291
808209
75332
272637
838905
395255
52408
16101
652270
754841
80955
193479
638886
960116
376747
52149
541131
160146
532464
305240
932904
973444
692595
134137
275631
477117
316780
570540
896598
30670
883351
617241
40923
172921
442184
340520
901737
535477
217878
895304
248275
928510
580211
71261
330493
347605
940188
10116
679962
629275
793387
315715
317647
427014
800010
603602
416886
917693
183490
773312
598463
504982
382961
357636
734002
343146
378778
416225
589328
97041
496534
300660
311575
639487
141801
898653
259939
95866
997360
705352
662769
39607
61430
941015
650303
777232
988069
333806
637008
316453
789337
529562
473227
704268
51536
609375
435971
805430
814270
179164
588242
771167
401789
869597
242910
884785
488674
205565
974205
655734
788075
82614
841269
240888
936596
216903
426972
343736
286984
396992
189278
294023
109493
948845
453405
759619
841528
123741
413683
681009
886136
635854
6162
798388
987599
520758
235981
737128
281442
692592
78576
160798
346193
626882
842761
907764
323530
83783
232394
703311
186744
380157
924614
802168
355353
630637
414041
249872
729454
86259
75301
914161
353355
322281
133686
432483
315598
447924
62471
695160
270380
524778
800606
99013
246247
707935
973394
530749
274588
866955
765741
404395
481208
459353
34668
626891
937675
680910
869027
343238
122613
306708
709437
472009
690364
173923
398498
213633
144320
648203
143281
255093
341637
182880
90732
134335
7600
858498
695923
67560
999053
909895
387561
525215
368717
362824
657715
271318
482253
509957
198879
894458
826961
409845
71585
428429
348879
66863
613496
956129
680424
366574
320751
511026
617714
483140
92543
173025
94192
407646
891089
22409
714915
553328
406434
202944
838457
670461
899840
319916
352548
185988
897073
173887
416070
507018
788594
314128
864008
961153
64477
447191
813642
492946
335332
878597
674164
507404
18873
449150
88171
47784
677136
473076
412064
718264
821372
326625
895106
903980
686198
346016
708500
217153
60413
35753
193945
482951
61399
96103
546475
166221
113781
925752
635755
522731
166772
847297
6802
250795
208256
952874
910054
854996
496595
369341
425353
965653
967451
331927
683691
84235
413114
71752
588640
791215
283495
816461
591629
763423
87665
808807
470075
757575
937828
337751
992333
404524
367172
888825
582414
245141
260150
976058
245476
144854
793919
550264
337314
61882
519075
676020
674745
497484
593775
783862
561101
345538
699091
90302
575910
632711
364455
265634
627005
599203
198862
658825
482039
434954
905720
812354
58222
769150
546753
771714
502122
847009
960375
516472
272494
20891
912825
767119
462255
477860
690298
903808
816160
725550
651557
89808
589928
613682
710811
585645
378421
66326
170711
738785
841514
7928
521651
472049
215668
648794
287235
526996
555002
682538
804383
601171
423346
750252
578879
737658
170961
333382
939391
748344
409434
706216
868993
728792
473176
881302
686705
88028
491111
726675
27684
599027
810540
574571
941722
176216
866724
128093
351394
868295
309338
794660
838172
667227
65843
559393
206490
123081
247523
320871
462496
607923
881218
520226
137611
995690
815289
673380
182862
648963
51158
434702
456663
186324
866432
228631
736720
579532
719812
748348
887361
130796
797069
829380
122578
431910
806642
337199
719918
286160
540906
346171
304132
401093
124571
683794
834599
113113
903695
218387
406933
942582
414663
253499
530453
710359
471402
117040
558841
825953
587414
912234
933443
323673
509208
855038
411812
670534
221878
9992
870176
394084
701225
66101
205645
97666
949672
959979
668858
551353
654111
373077
105963
78921
68159
724238
322563
823185
189166
90409
370939
11179
422495
874587
886734
663522
131005
797190
790967
15056
276545
832418
890066
10265
416868
781130
372575
397758
125870
168673
312934
808094
971372
515551
152500
27855
42431
643195
234179
545941
347217
982455
187447
608381
474595
418051
152069
966937
192834
646991
129838
311448
233625
311536
928553
369729
904671
795182
977439
532428
956465
872488
340944
9373
674874
762596
752531
668958
686990
571831
775162
324920
437526
162061
807188
500909
143910
988118
588
964181
542123
733965
643950
859442
663936
931110
32074
203826
722015
984404
172465
320194
331188
654580
57692
244042
403405
507865
245997
980168
448878
854453
311949
933004
677378
845088
443380
592718
856939
578440
510535
602791
247354
772278
657435
407282
76538
738041
225303
666752
995495
349425
772344
410546
474940
723321
52015
882999
502826
120818
365605
368739
142948
885289
367582
114920
341335
64356
992699
542131
221880
428366
881177
206885
806773
422332
989464
381676
649869
500059
884150
425854
775291
743864
930585
783346
461646
494444
608619
952059
409492
613666
88223
173697
226484
948551
503123
848925
606171
432076
587086
556977
303695
19803
828968
593699
756447
174932
542537
872756
485307
241922
561033
886464
838816
200799
133047
435220
555179
147200
524021
522279
565583
920030
42689
696119
401762
693443
554958
548546
297746
76814
850000
247645
564468
17122
742359
692979
197501
267121
579731
534110
26889
32
102390
449691
267225
821016
86967
707373
733658
92585
133810
735697
346528
76186
379372
146201
353778
698513
35253
266280
118142
307483
370022
574217
374381
310169
500618
411052
140945
887880
105689
41597
552507
890155
283871
421090
856746
808279
796348
414866
687966
382875
776708
815821
356810
144842
810631
889211
783207
769062
953706
870053
258405
33642
493364
916938
835132
98419
51301
95839
189921
382797
1984
983591
733141
779094
188714
83114
204759
33681
310827
682709
872826
65930
404561
648110
934097
459745
629363
124593
90886
807540
737043
770700
491530
363757
202909
208052
75878
627301
586316
377378
268465
748595
266220
440814
296282
465686
169210
320326
892325
779706
497383
903563
483059
513514
341691
443336
923641
96467
734935
60175
390227
253489
20755
73138
69297
541529
897925
121563
894319
834849
58403
929417
458755
257455
423744
932199
790096
753181
936882
892043
596183
46086
903765
467656
613197
145328
928552
905520
177351
664022
251668
741545
491281
292688
185741
729514
877343
896673
776658
357075
321243
814045
230798
57447
950301
789429
206625
468583
968121
743520
301176
806795
911665
937256
840984
712415
858635
610703
961915
966393
839486
937116
252817
638163
990726
570437
603687
697801
67031
748218
956069
79664
595630
505612
132721
502160
228418
131128
725362
70528
176601
408532
618607
344221
105080
193365
943061
578918
969331
496826
568407
638903
775266
678425
815472
721120
620916
92292
176388
651426
527325
871320
456100
773957
128619
337314
982640
258649
211127
244141
973271
361287
395062
284908
694203
80658
544303
253824
462191
906288
945031
782055
162018
306431
433272
752451
475285
781286
770272
759746
230984
465417
95093
269422
757555
934120
100055
577363
550064
225493
625342
401608
438070
140240
443026
224092
622335
725696
575194
46175
492107
47376
895628
462922
580222
98340
268995
691019
783205
918967
779086
511601
512918
31571
212964
640753
675445
37227
854582
568915
985107
408
495005
745468
366256
64174
62003
455256
367265
864315
559869
660323
541325
89692
81413
507989
107857
479227
53127
288744
360132
45032
406657
649351
534804
202963
521837
117461
453135
901604
348555
227734
86590
276855
221335
711870
232812
145527
876187
448468
446596
993622
393501
427971
485528
848550
881976
174717
359486
81111
290056
231884
118997
233421
41151
186487
219237
34781
31765
600973
590180
877605
716636
420945
37909
1669
807729
975362
314635
554686
646670
443781
772684
530597
633917
240241
771728
563587
395943
496567
402345
912844
37451
789868
755836
987002
564426
447221
250349
285318
933150
17166
858265
292547
601771
158007
581437
650007
676782
195835
567412
173846
888018
813214
47901
532669
207841
303202
648731
269383
903959
936886
254133
877871
901459
23868
735326
903875
606759
238197
686608
566114
182542
585996
181649
407954
88509
499259
595288
777664
631954
702494
991753
905877
876457
121362
63131
487409
82766
746057
616666
902150
642380
245742
268552
956628
720420
58031
283679
224316
743961
171500
864114
883076
277800
10938
993137
951078
268886
923859
272139
76245
993121
176798
851822
283789
889624
502551
641322
716949
129926
987355
772019
145940
178570
581651
666757
991629
587714
835066
392354
712761
698854
527948
561143
212288
578929
231949
683485
224147
444345
415283
536891
836520
229600
625265
932296
835219
870627
736608
844014
916926
920208
601036
502538
916805
907604
156377
603728
875568
144882
450833
574412
649358
1488
951563
420483
48554
14507
549176
428216
435053
91051
457165
582730
332880
897874
318536
484282
714811
421773
92130
208459
859199
678445
842384
175746
37421
372591
242741
929613
374801
435895
555047
820992
927630
137372
553500
633018
21335
268380
244785
460710
344136
846768
681302
842269
132319
429627
183834
922153
91609
640860
515535
665957
32877
268771
190170
366656
360351
320863
319961
838816
617475
776981
716529
506659
294415
89038
781747
362752
287195
868296
288106
566092
295927
261132
589507
750041
389929
937055
153
627577
902465
770770
358685
588896
128987
174836
163167
340711
656625
165544
869435
795821
857306
703953
854562
913112
310371
947369
380164
982137
734921
787505
891735
661646
50640
83843
829511
718048
421762
155907
144954
889997
680583
240692
164862
486304
496158
190951
505682
559580
730934
503118
889806
799704
98219
124398
249263
701764
354656
883571
498819
597897
352693
268445
20141
794255
967909
865304
962966
288216
460415
987562
659953
568777
462655
455238
411560
311753
211017
493629
163816
213250
269441
683540
160582
539845
543689
390768
519948
619146
866520
707246
893668
674581
858867
421007
43552
773427
572043
546129
983716
14244
40820
342361
188529
473555
58557
73291
729870
452480
381232
907708
728853
134718
267047
887295
643287
792216
743433
29276
182509
438607
180128
785119
310236
144831
560216
395724
180836
508767
306007
777328
680997
971303
503347
705874
493871
753676
14100
453001
727844
814503
416104
716391
638668
930292
899836
771347
533045
674165
146558
95348
272901
814710
530892
447753
923934
584684
22840
782486
505900
179255
765019
458297
785614
544199
937810
849819
201566
685722
550810
651906
225055
105315
497092
371522
715458
74247
846164
40275
578517
205184
417468
544638
386121
373924
655024
920434
546142
875584
872422
747699
939309
492510
217004
292914
510097
457830
401381
684151
573875
372001
388065
495099
58417
630808
146712
74834
625003
898971
536579
233477
634025
791582
60120
132478
944812
554493
175072
192988
272464
349664
890806
266151
705306
873977
471838
596125
741028
791786
740927
639339
122914
837124
836607
263927
848272
904235
448313
95898
704954
287829
885085
274027
251111
886321
805029
649014
301603
813412
898800
282956
413096
454446
921789
91316
159592
647979
455685
249471
788858
531574
205620
255225
739166
133672
643590
550844
786671
769406
782459
411998
936676
877976
530998
364426
116738
56414
402744
329964
38370
98941
551219
601222
512538
998927
811598
402144
795083
730457
879412
259932
273543
456814
565849
849127
560797
780528
141707
505868
418626
172406
763248
633763
96797
31306
914978
94950
596334
938057
565604
701155
197340
624813
870911
645582
4251
337320
387517
671918
553015
699110
997633
533112
887807
49717
669569
357817
456400
112193
84450
380012
478269
676472
305711
350827
437848
733580
996469
382530
476320
337687
414077
369760
94663
426328
74086
313127
372894
585115
373087
115490
148511
538743
814655
217046
943383
904049
308737
226033
764910
156990
399903
591136
168916
429158
729609
665148
450506
745348
223554
622244
491338
900650
456920
929190
229332
734497
846462
507862
762199
870926
759687
456705
446776
665904
93633
842108
343937
376389
170348
17941
518121
811788
532566
276075
498044
454438
510676
529882
867495
230102
111519
702030
920162
344039
206728
712569
62010
99373
990297
334431
763386
620643
827274
274190
173877
530612
230877
449772
726515
515861
646614
9704
567542
480207
736410
659538
56167
978842
715427
53895
487458
150565
720990
779077
417243
257139
263906
208925
20011
847775
795468
234246
812731
230208
908923
85581
259915
242663
416997
1130
546016
588997
533524
603119
612104
170858
21377
294810
883339
951720
436235
448329
953072
593174
130324
206861
76456
564144
454265
327958
372187
871964
934891
576910
318734
934215
935343
657283
516782
95150
695918
323324
909948
366713
686649
105900
613844
477313
403934
957700
295899
115890
360927
873379
316420
377036
291221
485481
665088
390980
631265
262121
879040
138247
83978
710397
169512
579486
174136
372787
399249
112556
278028
917476
225403
620885
147098
431141
728910
469049
425540
288407
670027
305118
120628
25242
911444
74732
460341
715486
573652
692497
852015
328089
600140
461125
777021
15573
780475
881895
683629
375585
166057
561478
267539
108327
727121
768573
642954
647070
12073
13174
975176
759574
865423
357391
994141
139632
177169
866649
948744
591344
321497
316477
766966
692971
156660
742649
111512
837722
260605
300744
157664
966865
58922
34976
643991
669833
268722
274901
44510
864217
603866
39835
347071
457668
991323
705960
455983
702763
755314
741752
512738
447459
7172
278954
997835
374241
249323
346504
500079
36882
249825
880036
772389
999816
946952
786973
174316
374222
413267
236289
227688
521948
854741
689356
537083
805030
845348
455375
179068
546191
473257
597292
931735
778427
216455
410942
49345
379137
304422
257429
721302
833408
874971
511071
38480
659529
890870
901922
29990
304441
499559
140581
858559
110506
284685
919407
454161
29824
178333
782439
233883
165470
634091
201306
907387
360891
260696
863643
241900
150479
669593
186053
821920
272359
795103
423580
106294
239512
819816
550994
400152
286288
680738
840229
167796
128904
577975
961189
657877
543957
148345
887572
389469
488094
741100
374182
51617
816936
69034
886951
407009
831821
323191
360956
612259
532172
496226
451009
625514
303801
997140
599890
260760
502165
782008
284133
580829
60088
315271
333780
174555
101611
149742
107577
545496
799826
431199
778291
646879
295430
247409
950085
760243
61057
649781
586268
751409
754034
28182
942577
574081
845681
631468
917637
172408
224525
450781
331721
756174
131008
257200
576672
290423
316676
635184
578812
233440
87614
424569
763173
109767
627609
856866
749976
249527
812270
696518
633676
72799
879071
540017
711120
478094
282947
342180
808080
168782
730939
27846
940150
708378
926435
77863
89516
325244
91621
156081
225280
765192
606311
199597
916897
96047
51556
424047
881926
80960
766040
495648
547118
983169
908117
871974
915138
797222
998835
672050
920342
771884
855205
37989
302926
142933
500262
257375
304541
30144
790801
552614
682665
967140
894672
69552
91211
472553
378221
572878
77874
589155
466372
515061
987559
36523
71193
331497
976618
152028
752198
519688
602108
548839
687373
41904
976118
875796
209740
235022
286295
933206
292494
9348
30939
627081
917053
599030
132870
316042
308086
339378
8832
481331
784053
946041
621274
679601
66735
944110
47534
618692
535231
651866
182821
762771
975224
271066
505043
628394
14489
172390
245820
243857
399838
874878
11962
879434
687091
389426
703222
713510
222083
336591
654932
680644
133935
217185
613611
74215
243227
600874
963057
512819
849506
488477
444982
114308
641961
238359
809607
711019
629265
846299
998515
705030
97798
85448
506602
917755
49781
138778
156800
818385
443290
406425
337745
772203
318775
443617
100863
189217
687072
66255
194391
109820
11315
581829
312786
544462
874534
870043
299063
728876
559737
282530
820062
102218
103626
581526
594959
612849
461895
685087
122632
479263
652734
23492
91293
950203
257808
455213
734906
805811
834628
817171
353732
403444
195447
466694
696158
226245
622513
293338
647304
627457
442964
486639
213345
105839
296046
230236
294349
425471
316333
774968
595505
222627
226930
578308
473307
953288
923646
825528
787711
21424
539529
356905
698844
349934
704497
943059
264702
905085
405967
210761
781212
695164
852646
817462
171553
901322
986997
740751
847688
290042
879276
717655
664544
840819
115067
536398
100719
762663
389
996087
779571
536110
598771
327493
575300
52222
813093
442209
729877
107849
566596
152090
111321
552435
474483
653930
254146
988975
39396
569185
271396
243893
836679
411505
882552
719522
350492
58517
527293
641260
233706
368670
634489
339391
250440
64283
570910
76921
452120
276452
24391
217023
507732
91075
361057
901882
517376
57408
609959
386034
311103
914568
937349
543877
159234
255865
756318
934019
421979
660300
943593
772137
763760
492960
941046
924921
130186
465311
927951
515122
402445
906767
153337
799025
697730
325303
252762
944804
723664
178283
493044
31206
912202
638903
865295
44861
903713
304612
197813
954156
377402
136810
768151
564980
372123
705842
642317
676654
715710
851909
667579
339518
361352
192215
229967
797685
694931
204458
210534
493317
33448
854305
627534
911521
886600
147490
82022
483825
169257
821414
841634
85359
205438
140960
479211
365601
744239
996871
994787
430003
713640
13314
619206
923568
34829
42799
346732
112669
968715
187152
952555
716146
266186
789651
516185
71542
157887
454973
756399
640310
22749
756530
643465
714593
47787
543203
788617
284483
325745
129172
760092
622748
934412
406025
547604
856988
455393
668557
565557
395902
258478
648030
583883
580030
587196
23864
114296
828536
834097
531772
753996
886111
546434
461821
442893
645206
624005
314280
736150
657262
547172
568269
698459
169981
560493
955406
152266
54103
103751
683042
776077
847404
696000
78855
644140
506558
926017
850690
61776
255549
391203
868948
582050
480512
436378
294587
839954
654946
970511
254625
446132
846263
191564
731749
7556
896106
582481
946629
328010
413236
543427
286693
124057
196411
433028
105278
524849
659205
728734
157606
666116
968535
182808
905207
237654
418286
625067
623135
323453
371801
490319
861316
353544
870193
548718
981458
834108
174519
399610
197730
134329
448840
859226
788232
307772
34751
163071
283129
972478
413095
47701
182551
476217
181403
246806
959771
380874
474173
520248
623070
974642
209487
669767
427204
190518
793137
810445
452869
730919
706103
169901
125785
993276
958310
190415
304064
575387
629836
952181
161323
412086
36729
546988
658634
541714
417949
987295
805363
25571
185663
267910
893548
808212
104408
269499
695829
827874
974410
285165
594293
833832
440000
939181
193311
341365
628835
584102
697600
361369
344629
611114
385928
291263
7374
910631
441459
393972
753329
218872
583539
457030
712139
533400
27772
623239
443079
535281
461099
360689
561360
722706
59604
918691
633188
356224
764135
313802
711634
361571
180221
303771
118992
892833
260165
408188
22075
35784
360902
679874
548907
569829
327440
667285
50546
502898
938051
622256
241970
464811
42875
696069
293976
7489
376215
629181
986937
264872
790437
366365
505415
321163
766635
384196
74351
67871
25428
63761
740435
177749
300790
386465
134879
84201
474044
631734
578378
723160
102389
958515
386987
94382
805431
737795
199605
543677
868465
617370
150993
333226
458317
478676
103447
35873
326462
317817
147048
4904
147307
812322
59498
945297
339511
398261
149793
411658
820333
423563
18599
194318
565637
567731
288904
808830
2773
589520
952316
394250
905303
404189
592065
559817
599123
876881
884437
373033
941161
745950
394061
47424
544637
69139
767573
149761
85823
998241
795141
32714
116117
332986
699163
850009
894888
928021
565723
220383
666824
1998
638720
693805
952445
119915
313693
398603
641067
788666
619861
174120
406241
580565
229299
362923
183294
702024
697447
537127
722752
283273
197790
202606
486314
307941
299901
839612
922129
587964
591929
972692
404228
126307
737493
266217
268950
866471
620281
662834
712138
37809
37676
189344
587865
569605
979438
669932
416802
577828
644085
406601
632239
523218
687490
283321
71647
170674
312222
67004
859382
171917
558326
211875
105213
641905
54416
516034
153559
606902
85353
564099
414114
449052
904365
74263
859334
210448
239506
372168
77213
60365
461586
112171
793279
950816
214915
376049
917033
515524
953492
564124
750153
120747
13222
466382
626472
190686
740292
106492
188276
643963
113025
112002
715177
994398
47021
222929
359260
269723
64371
70531
123492
397799
793810
352527
695397
880790
168438
472600
627450
186366
957747
670112
293374
909819
816093
161177
418807
636812
362502
296796
548064
44123
187349
485491
866450
135258
926463
114000
911374
102217
607141
129377
811241
675924
566026
474811
541973
357848
847791
63859
336903
304454
173901
110668
454602
969696
56239
573450
161504
632545
994025
66021
275088
265145
714872
961049
666065
36854
601336
42458
766033
641534
848188
326309
419938
628217
12109
50354
67010
133899
303746
561542
797701
170239
589369
203108
515105
665855
449327
873571
628886
558912
937858
59803
200824
114618
653184
198073
616346
945749
857707
815219
905241
771615
450956
785173
181378
462714
560880
817081
510945
206867
867395
209684
429991
35724
677512
59757
457271
432060
182579
607594
759821
256012
919843
643779
349067
944770
569151
532055
395810
439642
566124
865053
783833
722832
224744
57971
987645
62011
741638
573778
242597
557907
561798
998755
811745
267155
588752
982442
75327
413690
786893
395808
508473
579115
302435
845216
855998
825396
32203
304823
871451
258539
367696
812062
536070
848948
518054
679299
45575
200096
334372
342915
605572
31984
621471
847477
357927
378231
279973
240864
618606
362845
745043
942028
701774
809792
577555
950454
469253
724148
535414
6365
229627
204395
489514
959801
683796
559472
964184
131339
794389
714061
219037
550735
312688
482253
926946
238223
825645
970012
487578
525713
643767
977994
421143
226225
808961
794734
586058
859721
498643
213991
169877
35468
810741
909566
372750
238962
859062
600167
993875
765005
24537
78183
887749
410491
162973
894287
677987
538356
328616
90406
508035
465539
817807
560805
79022
106002
652421
168539
532633
744926
993053
933297
794172
370057
997117
771848
528209
503950
864801
874494
249259
33551
586761
900176
557937
290250
790337
519385
302005
807850
86411
951289
338421
171194
962730
503057
607405
134132
128717
977130
439894
883064
205463
246069
55231
176472
804679
791021
73735
407824
880777
162265
764852
682323
557080
81453
628276
963712
87630
660688
601133
292851
323273
967097
402435
327672
567356
156146
595622
621403
289167
97727
267092
308955
316852
752920
806194
877501
44168
990225
146243
113788
974881
510042
49858
283677
90106
572515
637474
100321
342264
246360
330720
987284
32536
347274
211265
862595
573496
596077
403566
46346
332478
92158
853544
159947
29993
165693
473769
290171
604402
320600
381145
937878
308766
871592
453865
858867
277347
439508
16784
350962
563572
990163
336608
782289
439659
912080
904260
194782
982098
156582
680280
710279
251279
725898
722917
323597
807657
836616
724472
640535
501307
52646
782749
475363
485300
420069
884797
583447
79367
591333
959825
574838
325494
691944
640194
650990
167351
880495
691743
26765
446336
955840
876794
673812
645428
436809
679520
711908
78826
232863
596722
1045
303702
781663
727460
691046
786582
692021
424722
292238
877403
203451
988026
80177
480882
805369
664026
35566
877294
45003
981415
684693
521140
93216
76775
971382
189219
502302
618284
485716
122013
65635
29933
833849
488375
272743
325250
780707
521081
854077
552635
969692
451666
351288
247838
235047
293019
629226
856124
236950
835974
787656
701231
34873
932387
905001
50354
623601
363470
803373
290269
323874
171321
815611
277691
407623
688274
17954
815818
192671
32400
834145
592142
7109
742623
856706
340050
379421
987814
635168
454844
908714
538865
97482
593292
464061
666048
406528
978609
862216
841515
476378
183752
93521
10288
527368
201586
640450
222811
149428
486544
387805
693265
26244
53533
190540
6264
795003
528041
107350
755910
968063
103406
233454
873189
265653
285969
920038
233600
211528
819446
767361
172781
357897
877184
630565
624951
353009
481828
77871
103046
515585
76072
243297
750445
892554
168062
514038
72464
280393
445431
595671
44656
729962
252134
490790
240917
229165
238930
466870
568087
219622
605783
535646
374984
382750
122201
437603
861057
462872
708518
617106
384392
531502
85223
613103
253019
139097
545539
632391
742620
330255
84561
8482
914456
240454
279543
504085
703989
624983
629924
998580
31032
781054
639846
611492
634609
644286
234984
426637
173188
189089
357004
366447
928788
872285
704353
113932
962381
272274
213441
8387
192270
40560
415178
595325
234034
178742
368439
864320
89786
780117
565402
402081
402840
47795
201528
612822
268826
342411
734017
128297
503537
774698
897993
481694
875187
615337
649659
600312
245403
590028
536046
447580
487250
218551
897835
260209
185759
264376
516331
184214
542988
585736
878530
180267
867305
185569
440122
763001
106474
933366
429499
525375
794027
823060
504741
223962
653909
926355
481408
275024
518808
610040
603659
448568
128088
35435
486577
154698
831652
174671
220313
917759
665185
690499
746652
210212
829957
736437
310674
233153
107775
618846
261253
728544
360436
210909
851015
89468
601509
850484
101472
696200
562732
849817
985631
702552
675749
911226
2577
467184
592362
517073
826640
442920
377334
494815
888115
212344
957227
328392
394403
702374
448814
777802
880333
510089
372592
450203
692659
557624
56456
196959
751006
953556
2748
903107
272238
393519
471391
156857
114577
940952
126164
423440
909586
884485
966320
101998
93129
88987
863678
196077
923953
31132
472988
411792
2966
590573
868226
437729
474221
793411
259171
573544
643454
829674
560812
76425
481020
728882
616873
423227
297333
284790
75655
511329
148964
981194
677428
911047
727972
672896
690530
988282
906367
112471
801963
788420
48741
409537
827151
273730
479544
196880
53464
754404
831748
898364
57054
14977
820556
225811
385447
405845
591039
332861
718758
894232
750538
269419
134180
173115
720967
229596
545724
543297
210899
106636
842560
906872
916413
454393
801850
542932
343001
751122
943885
955302
781237
288127
468857
517310
701283
136840
227580
666778
501941
654499
145174
525129
32583
289052
886886
679072
223222
881251
552048
920152
454639
71405
890496
886275
91938
844744
75239
479657
630484
361472
283492
110787
168148
394662
854431
829587
186117
880451
989838
799390
596634
35609
634682
811399
920417
233298
707804
385354
784054
366856
114337
682257
100760
82800
350797
953270
386520
790051
793084
529942
297389
960459
817539
640462
318373
415078
784628
161301
302582
61882
408768
30518
688499
893654
757111
399528
737882
202432
400556
916171
684810
76800
565812
306113
838225
718792
489676
548647
719459
335422
303450
863151
700008
636712
455692
766300
290028
511027
286429
647896
441914
662432
236086
263541
587010
47884
125105
845630
455863
836058
356152
454970
689270
587263
680652
326077
853984
647849
237666
320618
720328
268173
889064
149768
516616
947851
302053
704576
792558
408001
843710
469425
907092
106409
122516
42544
86349
37615
705035
37535
139643
163796
139622
897768
436094
370872
114766
734999
674055
900615
720433
367953
474058
959683
575879
870453
156562
871785
495472
990606
586094
492739
648058
30578
31497
78345
132926
957370
418776
697653
525993
790109
853292
121890
823257
461163
927719
523552
98333
55524
544267
860887
644639
886131
699822
917076
79838
440330
79050
360245
274963
612699
782769
732333
135797
296752
642717
250549
503768
453415
12709
249040
299760
904718
795596
968120
866804
199383
465076
667626
991134
601848
347184
37835
895119
416161
7414
655734
699022
766427
730739
981667
724593
344314
79225
869429
226004
544318
482516
760928
613574
49612
715578
228724
922500
238404
925728
878987
711581
198014
260521
387467
318580
993894
444217
812249
732388
209009
522024
830683
278590
718459
229523
846183
521453
885439
505548
693837
746619
397746
455601
568445
130348
575612
772314
450903
18248
818964
722348
732622
954231
356663
45643
357751
507012
345604
799212
94836
488900
512823
135560
139767
702864
901952
248876
489141
683245
136767
490925
721065
208717
280927
318202
493442
855663
235404
784970
192811
716961
551506
530547
884660
685349
913683
291868
938850
550642
672933
249227
573008
832913
41158
126360
583808
525608
442812
648387
487682
737172
315790
929377
463615
219823
606296
809905
331810
327409
173775
944332
477604
539762
709266
558587
351859
473165
814568
360547
13887
606689
41372
220315
673505
210993
364018
954526
465832
480299
139653
304860
650304
84678
205694
725739
945665
598212
378163
127194
457810
504791
869209
275366
163448
67808
793896
298950
570431
479378
567690
912993
292931
776885
351423
172256
178907
243655
545296
327517
132835
193981
947693
107834
390437
205735
860645
629135
523107
355185
50178
323899
49796
310085
95039
56539
966169
620238
598247
246361
209290
703704
263820
217308
309793
431635
412640
677597
625395
299638
572211
990426
136486
362881
895817
770147
189348
993562
665879
710225
299803
312921
313370
635094
902702
219935
674325
802032
902587
232097
475109
40120
878153
393283
762882
100695
533134
204191
171988
523991
805339
572388
612911
851927
5541
795
498733
835609
275761
510661
115815
576885
914587
910433
621968
662513
248962
197066
802989
999592
183763
255804
586420
837990
955953
31735
364609
929366
457598
76540
198063
901778
18441
269748
66073
187738
502612
665584
857005
756449
714944
358923
914281
651904
408151
357676
649782
65165
231606
638824
617629
829511
881749
680836
645866
179816
732341
42136
228188
135837
907365
553550
803269
484050
9456
887626
405957
826918
943590
889252
350301
462206
943429
503760
47474
319926
427973
461407
935329
464305
320381
829662
364281
57489
758837
429788
191001
951874
414793
618698
857575
871921
901494
928827
421866
722779
523652
15114
335813
801216
550480
455322
632977
351222
196853
581496
571477
71001
62167
184733
104677
984416
445451
181521
393620
588491
674086
699689
446870
520824
670817
76145
590519
627349
117222
736932
756786
939312
679673
772632
253103
42667
866886
879799
543005
257227
121795
275239
561831
997039
560449
943819
86805
492189
557781
108963
142658
580024
734109
18063
555638
386638
617521
556721
996639
523150
980456
682863
469745
212694
992836
297880
539415
60587
592443
321182
862292
354882
575075
723073
359419
833915
487800
121933
37511
889773
874381
241274
491928
732764
151950
376945
12171
907015
993453
673134
984884
21598
256113
372352
770938
29649
986903
733998
580432
601412
708836
145012
121164
138527
541640
347562
76517
774721
994160
353350
772174
204116
132009
589432
592809
173307
39532
212467
465642
220648
516170
411020
434505
827275
396469
388602
584739
216037
685224
527166
643310
836987
795828
917468
58007
725413
592745
815687
719290
959494
902365
991898
259901
730582
911260
762627
553994
932506
718892
815226
661671
660213
683707
549103
117171
819160
872999
235266
484159
179030
592234
481132
33158
535699
704288
86203
770250
748506
142583
871034
315725
605260
846706
865710
822762
809142
34522
492477
696206
663100
803457
233386
332245
782450
630964
469691
946373
944906
135420
240316
783073
332647
619729
121180
139627
663952
582748
508468
455098
122816
598055
878184
431091
361626
458660
732966
749223
367417
550679
206796
51593
822118
798112
410342
611722
502435
848233
708884
197843
858724
168680
580874
429918
964829
372689
76658
599090
166710
966620
731884
808889
303196
437806
141237
688831
888433
825255
409381
645385
514531
244615
74578
464080
92570
51069
494995
15065
910347
150862
93343
991858
906986
160798
432467
26442
189756
477983
478610
477742
14858
966227
187910
630684
579185
118975
450885
973317
462743
158126
309264
233124
320056
315230
355253
967094
851678
642764
353876
909461
381743
863895
133118
681141
341088
768659
755577
66169
858056
854381
506784
53939
431631
935734
7143
470007
246853
847822
471037
278298
520463
735214
11146
918732
290939
414737
899032
696847
362037
757376
92365
999123
730067
806905
804822
664176
557899
527355
624864
912383
617668
796529
500800
588758
65737
691832
263667
60574
268634
374287
837631
433426
612829
987738
138872
194005
419058
52691
467870
730160
976612
729742
72100
368872
489147
10150
336140
456952
789486
210313
744749
512176
834485
680093
573526
761194
598269
795086
906637
216420
424629
905142
31600
927423
297541
408871
45245
356883
443103
263192
494957
712557
1261
352873
159482
991846
688874
165524
733506
641057
16653
463794
507652
137440
245407
480871
952135
993475
394414
315628
669977
63071
435546
204599
931317
642039
477452
574985
647614
646298
295559
120468
410088
607129
218262
279110
84854
345058
858981
906934
311133
331837
815404
457578
689544
705315
405766
333315
206901
957366
719776
177862
22140
763810
28044
780807
884464
100878
190261
504948
451550
114814
84141
550331
789107
266376
551011
518361
614522
874608
493296
276416
28610
261283
845456
646500
688157
347597
418222
386659
724037
101399
837975
54927
610330
548288
455377
259801
681415
727127
780357
131995
471746
399122
872791
440961
69233
928590
709846
807957
153578
281316
225743
437927
797139
995428
369788
97237
45672
75953
939674
314940
98971
711929
156504
744059
424662
138127
509483
812640
629788
616166
38014
113650
177485
777388
964423
696731
88456
635328
109877
883375
325099
976146
466821
224029
594358
250134
769076
507697
834189
892325
985999
542851
806364
544176
933734
640768
260565
187425
504735
220946
628628
120848
818854
754223
368036
608094
532290
395131
190811
187890
384387
587867
849312
323342
784536
864856
515085
308685
767037
693547
358383
831611
465745
641835
241514
503440
837957
210256
966522
473099
204081
708195
212948
762344
16193
781700
588971
55741
687692
17559
737486
828663
974021
79180
562670
798635
713098
33610
179710
119515
101594
349112
335411
965896
511652
442024
424043
830895
649338
492256
55466
518369
782244
696837
212351
757442
46353
204518
511109
230750
863593
201442
536645
43235
827901
777080
507961
640831
822432
557993
143915
397655
194383
144588
777532
857312
188299
281710
850945
954014
395656
701219
454344
227703
567805
847533
765560
871411
137820
506376
752278
34451
314460
147984
809892
218186
827697
277136
393252
614684
699102
480872
437114
988050
625824
293850
835631
70551
801355
70769
299346
776179
983795
729102
264505
242337
534913
155024
498085
887310
813221
469983
727107
934641
154026
2198
495695
674369
741861
168843
507411
201752
253447
852283
814797
716258
895954
327767
959919
905089
648360
360805
713216
598209
814079
423381
627552
856307
508465
260705
670248
80744
946224
887903
521392
93388
287255
404902
122154
203036
321051
369051
455403
386181
258272
223511
172298
402907
925416
756342
472481
415986
403814
876415
850481
511773
955761
604139
503906
136705
988116
723732
259431
565780
658434
738811
598272
229175
749415
984310
16729
10158
505497
163508
480976
417528
959021
970606
927188
979983
522086
165293
875240
72638
429449
373298
236103
424730
756300
856389
138594
702558
881964
155997
176197
711719
242142
381672
143447
896712
357597
535929
568960
65483
355298
345484
27365
586757
784690
836342
726607
803605
940689
554285
216937
640697
300564
604657
391912
623756
462740
257687
988805
609824
662847
250224
414630
78196
890376
215322
340315
82834
900158
240162
411907
859784
412795
644245
885391
626432
97523
719842
221342
421438
55212
109613
515656
283702
28620
647154
535927
354440
407694
168404
240558
927705
630543
155586
238445
773967
583621
774212
87917
605608
154958
855656
944006
730360
918694
185219
579569
411517
592499
233702
484967
634720
977147
185823
920232
404235
696117
557161
493015
422305
43901
506353
336194
355679
982112
811845
883072
850381
554903
871323
714228
894944
863761
146556
63982
365807
427561
240011
407024
480592
735607
57846
983373
465871
351938
368952
378157
123018
853139
779016
427886
523884
157861
633121
541925
179012
439096
49263
293506
85825
689540
111827
779409
60044
953675
220115
17245
526210
244359
975393
616303
308621
368259
479110
901940
551518
133958
683307
362492
981193
64553
589252
952927
369788
448394
724762
591610
166877
846361
679731
312727
1088
274320
519327
645483
822018
943679
516450
4408
909892
776709
524857
820755
269319
317787
178507
343232
244897
425226
199982
432313
444058
866045
390930
574733
86886
637105
270542
436006
259902
164296
837317
938595
36765
263101
467444
815843
766036
467378
355803
32099
170186
773606
608198
453695
996244
690434
400439
398677
241773
472530
566898
41479
980818
1617
625701
901022
510588
656349
408881
290252
298427
47113
924505
129418
26988
473617
789382
910368
974999
431784
588916
846019
274983
865390
924605
588952
949830
105022
722432
672535
981141
597475
358830
377162
978501
841002
307057
767989
690837
656530
71225
113872
507496
232736
160675
449072
416962
137167
611080
959428
368287
325029
674080
171706
238320
571937
61074
770497
735987
772625
657753
581738
954989
252223
120020
413992
748231
627595
949290
513590
222787
738068
381335
709143
571609
584208
219928
6073
678706
993980
944111
947955
69184
290925
537172
619309
358264
128452
723384
76639
728749
386111
571126
689778
858250
622637
586521
383490
783916
102522
986820
883845
954714
469992
378882
251973
269985
877278
151019
617737
19664
257818
485807
482194
862925
705283
825666
248897
892243
165018
449700
258710
509897
273934
165708
300115
66047
840750
404912
73598
825863
213945
491123
405190
389806
584145
482092
88317
479574
304910
223119
719236
289521
544495
630075
804612
781532
937324
265759
414232
558806
785511
712137
794185
932763
141760
963021
50929
81953
97480
448974
543488
980590
267917
541548
873501
883412
521428
791050
217828
25995
695268
602746
595854
147177
185983
718152
480558
230208
423532
191456
299800
640340
532975
435549
818076
650167
784027
837807
769392
764483
626302
345319
152107
96500
262586
828322
505390
828511
55539
130064
788317
33043
930276
989216
843787
458635
57484
467338
302260
691468
632262
529592
56419
232353
787063
904273
903348
750193
63201
931364
327284
975546
809172
949806
387556
973740
598531
393097
493597
924068
899572
381617
113933
54723
659409
532211
56031
955051
790108
254132
995385
552598
438912
826011
728223
806290
819010
635164
432181
274333
309910
783330
305185
458073
284238
581976
722767
51948
939757
667093
806414
849846
357402
722914
736855
640432
534192
740584
834926
605342
914738
960891
77538
445424
973596
505661
909038
820795
958549
56816
234498
908878
925376
678428
690715
331828
339313
177561
624846
546630
483516
515962
456613
703978
859818
859670
110816
362540
450501
640564
611549
765303
973267
644178
35666
807535
715871
43026
26614
32046
32818
253186
235583
42330
568225
309766
672775
203936
914688
231716
41672
63439
380788
713068
948998
846995
578150
456834
713676
662668
246164
13774
975882
44673
897454
106349
341351
160077
268367
323546
565122
688287
964357
469074
577811
863742
238869
698759
766768
735103
660334
787423
210139
81945
386784
582997
861445
537108
435738
814526
611300
759200
131166
819174
636076
173058
2755
956761
727341
309481
715110
145917
4552
984671
168047
549980
947983
762907
926971
595072
788536
985651
452075
111031
522942
833070
830792
679158
532437
739704
951826
669850
551496
21231
538340
842121
324976
857690
96837
452151
300498
610233
553997
281477
409430
649847
852849
29444
917664
972924
210222
303446
329613
436959
722126
843445
70412
32057
902874
529870
911062
693268
304221
890565
237707
778819
397904
405724
900331
281483
904295
742254
882861
648703
117431
605525
667840
312425
437634
725867
301531
521188
960609
844078
31427
794183
7628
211453
306329
800764
655881
724927
431453
78382
362351
721763
211523
600928
883222
715265
762608
183259
870686
532319
677393
1216
912472
423504
906648
460731
415380
872376
691541
841688
59976
796458
49325
495280
128345
615858
985657
416955
171657
266734
528957
753481
251454
526039
188867
281612
68075
914590
510035
952077
215453
124017
252498
781759
354852
957788
756981
542961
28700
887820
746592
994844
428951
556080
508959
634972
609128
239736
623807
929596
45391
543999
828298
902378
228092
663173
298590
959625
412482
494933
177385
881702
130137
157318
555203
211266
828111
563868
478824
564813
333325
735182
975569
475188
597890
592482
802861
370705
216686
6581
659265
633921
138317
611415
480025
648276
912670
475282
783465
918813
981582
772235
833029
679848
700166
605890
113082
433931
594574
188852
719303
508181
129756
99744
49915
87076
365437
483174
148908
3347
156255
433930
355729
762575
915449
844184
903421
549067
810071
831842
905401
105418
623045
978533
276092
523097
135448
506186
715785
518623
580500
461256
933862
116492
766525
121958
642292
473647
188413
432542
668848
958116
768110
255133
989381
585578
600709
316775
194059
755347
605532
231128
607392
456980
8347
127493
706337
948348
77378
358273
285318
543810
718740
539452
22871
599223
105955
335621
794767
164762
404597
599344
696011
538378
400336
2002
63087
46486
433447
138281
519574
49712
232289
814361
85363
751937
50818
206609
846985
806294
280056
423884
709571
834871
74372
75060
82097
637656
485443
291552
780383
761833
252249
909182
54036
514248
330489
388300
452900
421847
127890
995648
81970
450663
263513
681544
763910
917971
703919
110828
40263
51434
400624
499983
348245
448452
717144
33108
368581
375221
37457
837532
461562
674336
460893
126510
597468
967715
863516
588720
548792
647664
113851
71762
166260
279547
559673
472842
247341
828367
168983
255673
443055
979644
614748
687661
116496
678379
24066
45376
478505
127314
70464
83741
854450
509570
867765
444322
207033
521629
413166
769633
778623
440230
816852
367617
173871
726705
691125
218946
962044
524409
417773
95326
580822
433104
857585
185610
593800
841329
147063
71452
126001
624753
63301
926342
895772
14100
958357
366080
628543
792508
792354
162500
191757
633021
784915
654067
324152
462411
714240
38741
3079
925781
673573
254782
1615
969131
857186
497163
775953
600410
492524
691084
199344
9432
949396
34556
513741
603034
530738
39915
152001
292612
36078
774589
942262
955128
920170
474826
758882
616207
108303
589606
475873
548774
207091
83324
772014
316496
407844
178260
950398
84841
816852
736948
869050
265482
465376
68834
64983
957336
800319
434119
618003
941367
884227
191406
700941
411293
426319
811756
314881
480897
196758
848666
754720
581681
574539
338430
687624
508227
239659
998984
436709
449443
333923
362488
6051
984396
724126
9692
395663
339794
948527
964919
427849
124187
215192
16446
646824
103470
926325
670588
314090
937763
147464
646677
40150
582458
170530
709223
776433
720136
807914
195084
777433
910092
438541
130044
135425
565664
368578
848464
817673
782795
340856
416481
782840
811571
368287
820879
256665
588592
361360
427037
374577
155515
875546
81914
349465
951813
223146
535771
836859
171364
162326
67651
630573
539112
474502
534052
249253
202316
499007
127071
192664
92872
57998
862248
829172
225604
188045
894085
673910
906790
896469
577013
337128
43148
237824
588589
2363
93973
136537
916989
563005
926874
572579
221842
530678
569339
85954
446421
573285
334675
632010
970544
963858
825165
612707
845808
679184
83088
539093
824261
973777
916886
803702
181799
696421
878427
966317
917971
343505
352880
726626
432627
24712
147502
397252
55644
547785
621640
613366
996977
774484
372666
465687
33956
295690
329374
561516
112157
338208
451485
641005
494323
426047
818690
221161
331799
82364
821098
860630
904848
25583
472536
221152
734834
725605
676334
83910
684152
728532
589141
506909
540615
402692
643801
360354
644883
510910
589598
49427
376953
17966
644806
940594
752085
211503
405856
239848
827776
19967
399279
950471
947561
643474
102930
286184
169422
982722
418069
316211
234264
895715
728787
726461
666129
195765
424261
120396
439363
983667
752108
681014
123950
102088
774743
946919
150629
45089
862481
804032
586245
121053
28139
356253
466003
295393
396129
126127
293361
589321
707500
535368
784509
877945
217956
641974
477383
585745
117647
361094
221292
101503
90570
400874
54483
565230
97234
665077
95812
270364
515056
381826
421856
369609
737023
504757
65345
574027
502619
977881
538926
677375
862184
695209
241531
656345
102588
201642
313211
246941
208042
87221
316195
734183
758572
259219
248637
914596
756972
970624
256773
349859
270831
66450
145316
596870
444190
695219
817606
629586
481331
63626
789786
175014
991356
604537
598374
482889
883727
447103
246724
841820
80395
286396
482556
954734
267782
958677
496767
885742
101848
295982
156798
951547
947203
494676
409381
833368
734398
924477
915512
942267
203548
837222
432392
686852
667678
344796
16721
77259
502866
145495
444211
84434
430181
868608
283724
602074
596108
884500
408686
572497
497035
584480
117570
84200
819809
353068
665144
323331
241360
355124
380586
106506
690764
717329
765644
276253
904320
875831
810450
587108
48311
376407
281631
526787
861357
647525
145956
558829
416179
910644
366493
198928
675065
950589
263076
768942
984571
866622
943025
67532
449163
630975
910063
586882
443767
369199
510651
211507
211926
440750
228923
602583
433844
37540
967385
424436
584855
458254
785947
2540
218670
756249
350305
405999
324117
362982
357690
766800
628359
855022
847458
898038
203489
461503
866076
416425
537487
54949
195112
581260
640789
609828
559842
836138
151228
821600
118903
841384
403479
545824
357188
953818
588657
503527
542221
82162
16084
935682
285654
842452
891576
967520
408994
466949
609095
569947
952709
866561
223433
336277
735912
971947
739377
705277
97241
954719
674883
111921
681996
605284
117472
573758
900403
634365
795056
698754
417653
224990
85418
372851
299342
953148
90307
870968
248194
316093
989936
779573
420863
641231
781530
460132
700110
367316
981726
766942
847285
208059
809597
931066
385773
247210
961767
256204
29179
154647
114847
712783
98542
542966
716939
956253
876212
653709
301466
551066
564248
475171
464466
594417
608156
428183
912245
194934
894959
273484
241999
931563
811787
882306
206751
160990
474925
791744
784031
740975
886962
174957
437682
168304
710283
793983
49834
751781
926301
393994
20082
795690
304567
846522
969118
918196
424881
7132
280014
88112
185373
662
188857
418375
747885
327735
921691
397955
42977
269993
738045
648843
953706
216259
572574
946762
869728
60219
941563
744174
59357
319865
761344
78861
289908
412678
896971
653217
658641
845923
244121
952180
411503
523254
145231
313815
636272
779104
8807
177100
159260
828202
881397
732931
25785
9821
384021
941889
307714
276080
747956
288925
202504
744604
473143
143141
553186
132428
700939
568285
257746
991920
159114
124967
311734
823665
966022
511614
141928
521151
190454
602844
47794
559301
706747
194364
980145
463934
48461
425594
688069
979937
861319
8726
793906
542072
507851
629847
19350
528847
530387
915788
465991
196679
764565
409326
447688
3786
897554
550113
685288
722841
727100
545177
994488
250176
962946
330585
907943
185771
336377
480599
815868
580563
133928
876284
294254
563153
535408
244167
431651
743827
577558
964945
387139
270444
373295
434155
454777
11013
291431
957795
153094
773361
517933
110950
953409
499039
89599
94655
901615
267496
785805
659902
238395
200201
92236
356147
790610
137450
786714
66202
200733
990236
614025
702481
335388
506402
985419
662211
556380
648294
463672
45097
121557
417677
246078
328231
299618
748516
810661
85330
113309
816825
966909
745681
718998
548679
134567
732897
16176
81929
950910
913266
336601
150447
465888
867695
811748
596398
168156
655707
854533
166002
440954
204438
653800
41007
139809
491200
797422
74389
923241
480820
761093
497122
736062
636917
38242
890513
388717
432935
749854
245744
239438
717300
499626
772495
260750
351183
102897
969236
57688
152213
138953
654188
172256
754639
289492
458524
131212
718100
649785
988149
761791
854284
628539
811942
482883
885519
700659
10347
618449
114411
344302
562020
202112
51653
36325
532736
253705
764439
989589
555032
414195
463767
799611
402200
176671
613688
961582
533848
343410
202441
893976
60617
243034
416636
93842
202890
948543
426562
968795
402202
306248
652625
19317
635816
128199
771079
519709
357767
235778
438504
241061
652029
347999
457347
643183
869371
369195
97652
137928
400870
877127
193602
812958
846803
618991
206504
783136
88146
873512
793521
286513
228129
203206
926268
734664
871746
330327
23136
19687
365671
37744
77160
539125
605001
746065
989375
133178
230615
28343
195111
988151
252748
409471
121635
78560
311705
941554
191157
491703
616194
896433
691138
578630
696901
153278
564561
540793
654132
882596
150770
230869
917476
420165
355515
253657
69758
689726
986990
344624
245682
72568
640694
579151
414092
124750
33232
622961
491935
620694
765511
507373
458333
766094
504215
390768
695753
384677
978867
247389
968707
757859
900899
265022
69698
575157
656773
778597
121953
154521
852531
113507
285072
576610
274821
292068
463979
490217
590125
111141
141927
661520
678465
521940
669224
124660
582294
356483
645937
912111
289799
249672
207667
66374
811605
431731
686150
726966
270760
457708
533749
217622
580212
933481
999731
916777
104439
686154
93100
716674
345950
690705
263159
93076
873672
461121
167975
832917
42018
700818
356609
151439
989745
639821
801800
432003
199662
200074
369075
697082
730635
783428
731264
481961
228692
145430
631073
221568
519153
518677
560789
809295
265415
760905
839954
977877
855743
549704
803614
735975
894430
809521
37117
481658
213459
345346
585029
731405
712208
468631
467789
953717
29584
636416
501636
40646
524086
841597
710046
283
404566
309848
271720
107075
325709
84447
654525
744008
225610
66301
41105
3677
75504
998196
660458
953891
580564
265146
502383
807256
380641
245421
619225
887453
139227
216435
478982
174434
302528
448114
651244
560624
312906
63785
214122
379794
941970
983913
824954
450785
904847
980468
649987
395115
801595
379824
681355
725695
613398
334408
83082
609880
402180
439968
235162
891364
793553
628402
216458
105839
763029
152906
801489
571569
465459
985434
190623
642544
991355
750139
357007
475091
659951
828481
144377
97861
958947
768697
7397
897090
406653
940034
93530
280193
776476
130693
488660
150974
58198
545298
586259
453603
912729
11992
30608
415250
492146
837185
557771
847890
628460
684264
869823
614931
504913
791608
611127
40351
236364
362594
775738
588256
159790
75578
118946
693768
317071
107951
345291
885856
714317
173413
282086
711089
757040
286705
933293
684105
872110
840496
438065
811946
215689
900804
949903
515541
632662
143852
838401
229934
710170
297855
546384
549772
92045
68741
873960
946207
870720
598066
995460
686590
427802
130944
231304
490445
845694
41064
514669
532424
562377
217212
597270
18094
561335
182628
613570
741644
643045
967603
832411
564068
335857
80805
621163
883707
220221
662839
180206
717884
526035
426531
462338
787020
282146
759735
495098
725291
949223
486417
127187
591427
491047
243193
990462
720017
207192
211419
332316
426989
299679
460767
601864
699895
277556
473831
877389
911712
970019
703524
901816
743506
964587
427605
447369
46333
965833
768606
78339
737279
222159
102593
87459
771439
624109
974331
522413
922375
605649
719229
879201
151787
165099
355205
461389
880602
144201
512537
243580
55856
650146
114080
547916
964821
801326
678621
482205
735622
839730
277129
776486
679422
300442
859147
446305
143936
413118
452182
345894
46340
313607
531871
509206
979196
117611
730426
373742
238401
194323
206480
624443
415519
792670
508671
669484
468026
198271
464334
736451
583323
855234
936267
932198
326939
16364
376644
987794
128938
816511
65630
472431
87228
10460
664213
542398
654290
360899
873168
458158
766880
251319
240160
467918
324320
872509
545109
537694
489843
173186
196797
680894
755951
639836
57018
712648
310281
564073
122623
930553
442144
767188
490279
306506
391588
696438
725553
862813
929377
766296
793884
86547
57388
201815
455707
879610
184872
278688
530037
198372
691957
992219
934461
955603
319735
982501
626600
296528
695678
217205
547600
661850
634839
82912
718468
106684
442734
35127
795145
656631
84510
773198
527474
47711
253847
237208
786775
732098
185451
860974
632821
95362
183989
159406
889506
413636
899174
35520
750891
130817
426094
46132
772108
951930
8003
437447
601611
886536
847504
941765
189553
196881
156093
491336
705382
266711
353367
612894
876008
485162
778141
15688
900903
168126
36838
842975
116161
565847
202033
883474
402645
966432
691467
89226
730118
488540
151895
774510
64910
78964
200637
930178
732860
383790
648114
492010
395596
723071
692575
117965
372641
353719
718769
510421
981985
132698
257148
94738
56429
586831
159500
894078
694075
578098
675722
687259
765395
440772
212680
167993
350754
803842
666729
476564
918718
200851
664048
735769
279415
858714
165283
160713
652054
252076
672091
266167
418741
589723
252139
957227
913978
754673
161707
756265
873458
779448
553184
108299
265990
957558
980745
739467
901788
350007
86985
854493
960780
991938
521388
738105
965309
119341
822103
15542
444380
667661
927825
878354
879288
897605
559336
716750
238269
968191
679489
12726
976908
540601
639744
466559
817075
982903
575248
956553
272654
227863
123663
404995
800377
268609
525209
773485
672240
567292
70576
652985
270598
565790
263685
644363
411134
258268
328293
273120
402250
181631
112323
632522
557022
917304
146270
382681
261103
718346
950350
86678
616013
436325
478385
663401
584346
593171
518700
382810
246310
111499
708192
312884
238633
34596
821163
264517
434651
182499
321944
557187
806644
949557
989796
725321
583035
631608
923246
839870
792653
271347
63098
417238
811693
882150
795297
182898
452930
737213
527321
50019
736177
357982
784861
46220
745047
248417
161017
631333
87075
200607
349812
450588
10511
791075
366553
99478
581369
464126
683748
944979
607778
983607
797574
598447
202818
948191
892821
953220
961349
268737
532756
371437
981670
462968
3930
614566
536743
204060
880545
710479
528042
305492
671789
916815
6639
729679
570774
92565
751467
166990
923316
820026
391809
494361
616103
465154
713439
664977
327424
195906
647928
931109
954960
623195
277529
639263
665227
841828
612843
389974
345175
59046
726468
771846
252023
85440
390505
234172
760591
794795
354724
900971
350867
882328
427070
836445
417680
268790
867482
129347
318679
140240
817646
581421
813057
337746
984926
246997
113956
676460
970231
64789
498193
886479
692613
609657
630534
998612
837585
688047
186871
348668
758586
29787
147316
706002
186222
12615
639798
937325
123782
977336
391884
724817
537660
175387
979869
213045
185417
988574
568089
418528
803743
83228
752065
334573
191488
491952
997775
892461
827066
841707
845698
870443
975743
471264
153482
370186
767525
343004
567501
843467
432566
136819
963732
312491
168373
24245
697046
900009
446190
171648
713246
559141
952
815023
121435
751076
385099
251440
985028
559024
804728
309492
288166
218909
603785
987455
369355
388646
77365
489055
853129
986421
787904
536313
161892
232833
786349
32766
634785
867922
464225
527229
996200
719328
509846
996755
208788
666009
923320
818685
75995
275778
363295
951438
336213
163957
612778
900796
349931
60680
723892
117780
341405
230926
517942
257038
456815
985143
77369
209275
179441
17299
272694
259354
202218
332084
550156
389259
529888
761584
578076
859995
897735
364741
607236
430653
570244
657176
566007
880026
559580
854358
625206
340607
490750
959867
956653
510325
141929
589105
539564
124078
494651
854352
587904
2715
796440
293060
762990
237147
240947
93900
678987
209677
420220
704735
469627
557318
977510
502249
721348
21342
524883
858227
943118
727141
132639
267808
337017
541940
175110
759507
320219
607197
901555
961966
973205
495492
967334
968886
171408
919431
656512
275538
255833
616473
617006
4018
115351
324652
117552
905357
565797
130124
847877
232642
182416
93513
892597
51744
745582
525261
254074
614145
748185
590732
908620
483217
274247
290968
48648
174124
13895
212948
718140
909925
786266
186241
648977
993380
394476
829620
284886
98343
165230
716136
213989
82409
550289
963760
851124
289951
102240
217861
253050
787551
983610
477949
397051
483164
773099
151645
28978
342348
905127
452549
122971
437546
297506
204233
829338
732439
283855
722081
770507
521756
12722
672950
194983
492554
30308
125916
480719
440067
815843
639647
475128
45201
461395
173366
939444
774131
646421
351317
988889
796665
451
369502
17552
397445
589637
653623
726140
32625
607827
604086
120644
531599
692103
285305
883071
952715
814685
24659
659323
737837
948683
63457
749546
721787
353847
286714
855786
37499
273306
757764
625648
312470
807791
539236
867920
420697
198423
80909
529707
927956
903756
604794
912565
182309
458304
273526
581665
879247
771217
215960
90668
164163
991403
27213
246531
823489
925179
416142
304594
539800
167308
888816
189162
67081
585023
180250
829518
639178
28779
673936
8539
746150
344655
160238
174801
17089
763760
231281
680130
42298
850260
560176
866453
534825
761241
109480
784247
888903
258034
539892
693152
178029
307199
650907
54589
979701
933833
307652
326079
506173
727767
686788
762816
678474
741231
550488
160909
418120
603500
133102
519764
188720
624504
58910
206507
552834
747175
210230
755194
866802
35377
519922
573831
341279
640969
567371
640733
987326
364574
623398
579287
417813
309997
77293
582734
531684
953857
321531
382109
545886
322633
235249
640013
988180
605268
12070
504290
303603
258283
725819
544705
465124
145354
844811
957628
494033
923133
689217
514172
612872
188436
793861
412810
648247
875395
975055
620794
44119
580184
235612
928052
191206
242521
980925
885088
593356
207929
106124
34029
294495
469943
32954
117950
516802
243412
288388
401203
248744
823407
995652
290127
50999
733438
980452
7115
732807
161131
460205
87158
605897
987272
655357
595527
896260
331121
298839
825409
686843
173757
502421
963201
486251
593376
63096
582695
522480
751840
938464
223711
356295
303282
575191
751755
997102
534897
208519
895951
681256
734970
427404
824376
870301
586662
5412
788937
373854
561189
487875
719332
593093
477364
274947
477586
672570
721018
87737
404207
86163
751173
624931
431733
571283
198556
616637
315235
26707
267968
54706
848201
540927
891972
538544
372467
89399
421254
733268
712368
130261
345353
462405
658877
295310
141488
880861
728019
498737
664409
496001
628618
331533
923476
652561
741288
16944
167871
278779
98827
718025
105599
590826
638574
240879
774365
195292
946075
824507
93242
700434
333421
66191
757169
551008
804801
99130
249991
13156
438777
377460
337105
979347
660332
145795
158563
933167
275246
908545
879920
435349
919479
226804
498435
227954
638258
465821
260185
436822
418340
544396
487512
589153
638647
732272
763632
139481
805667
168557
155597
871646
854008
429286
424438
159541
695050
149466
473733
585984
4984
645610
435843
167886
377051
767864
667552
784335
745352
229292
427915
988192
667779
918480
737972
386629
758848
882779
661916
449012
240854
708683
500309
881486
633219
901995
369372
492905
608726
715700
916559
741192
220285
40592
95692
715628
866091
450810
133608
388099
651621
345792
371657
266623
382826
997738
87457
753986
189757
396469
625671
125941
862032
537016
430579
895416
411855
483752
612502
199603
18502
395447
846612
844363
259823
654743
272799
140593
191580
22428
475185
767316
30781
863807
592294
989367
360207
286846
474227
472733
529762
462945
553671
901280
276805
367000
527036
261793
81999
742401
377082
600025
864972
326725
716585
811214
884355
335842
832208
449698
530465
995971
25423
244038
481348
619787
255541
641355
228261
573232
946623
874073
280290
5316
217326
643576
430823
283920
125188
376331
254521
974873
610074
181854
486558
598788
650593
487060
779693
477589
75251
497475
578926
621715
445013
533915
391021
981960
993292
289729
565984
516516
451480
247610
679602
499201
521233
481538
564779
63810
572701
165053
88510
986516
272012
368581
476848
502294
685392
87394
251424
382741
60892
764055
627191
891568
586327
511449
653740
616987
539133
545563
996084
772862
254483
200196
50181
995325
480836
705538
2566
331923
106589
952824
654997
444055
528162
887891
837812
316129
96203
426810
82129
733446
744030
364707
591152
188734
299306
100931
595703
381031
456221
323422
255509
683491
348739
157692
179536
538460
633243
902396
832555
720807
666968
844866
667952
191174
739441
776075
399647
496584
65317
63650
31283
492363
705295
647212
585997
134946
593889
551261
48384
815441
248384
42445
690936
981749
527996
718757
829063
724545
943146
287283
903694
162274
585440
944798
847684
6916
805581
596787
249062
854126
788147
749341
497659
133001
443073
308211
620163
500990
580689
65388
368891
799548
465466
879982
633616
293273
415379
86147
596446
235920
429317
719853
329187
48169
537100
667408
651525
843062
824394
779469
227964
616185
601928
924272
922525
784483
60809
130111
536964
765751
866317
682803
705438
775373
224607
983107
330000
360371
542299
480859
520584
31086
900672
982892
304990
8670
105517
273500
957030
118783
37884
623070
924244
993868
904696
805789
642764
418110
614652
916819
272774
418418
341417
967606
857307
998632
758467
798097
653614
223015
546409
19312
72762
930815
863855
294260
272371
722918
742169
564871
341403
912516
708919
935786
412837
667402
31512
686250
746430
333885
470828
788402
813820
712977
710778
596793
52902
623280
281274
906844
52574
640410
419728
122438
308583
858790
540389
950539
977047
52838
371556
801364
215322
211112
317454
823733
358048
324569
698939
274139
214692
107077
512686
321761
469530
263993
30611
590593
100277
67082
45335
334055
500370
887406
195940
936865
373444
93063
604408
785715
519549
19968
743585
745352
487573
56208
458391
213762
833466
470684
177845
147122
33525
481913
586390
82915
328148
127375
955208
541137
873978
857881
166320
975863
394879
340552
851386
222598
783237
590279
415482
794290
589592
425626
595172
444645
665857
747872
287908
910743
117608
324279
34459
993461
722595
110846
861688
939902
28895
107957
990766
999533
174377
695489
926423
466513
427930
857229
96165
736440
542237
738954
651904
438601
789790
281366
395586
175537
553809
978171
89675
356278
658076
147854
181505
187367
768482
339064
751463
701876
781805
617489
589401
828570
341560
477928
140642
682807
272278
689695
927994
147323
421761
865395
791903
767743
110659
562650
64526
673328
704314
22021
324126
150819
462412
984453
46650
799885
507816
736457
262713
185994
56948
341189
988700
132059
372504
706799
386467
137581
951719
832483
429004
931028
174117
554215
962601
187991
593081
158344
659484
744996
534448
308899
993842
466532
722859
862016
920218
492777
300263
223896
488065
94148
717543
774839
87691
313332
276480
79036
682223
10937
832385
166334
5167
247750
907324
721481
865843
430356
494901
78022
617601
12755
392935
51832
746715
485179
318765
468963
936566
651713
282260
528711
77778
121254
207994
184906
2938
612265
221154
654003
290458
717661
944344
486418
803256
348117
395131
535166
293777
267771
677676
953207
385041
425280
478546
806313
393325
595950
134663
297554
849185
115033
377890
521914
688769
585971
604065
20961
759166
738751
309363
206968
708344
883486
793568
228997
472314
896645
933334
120937
401175
43856
177425
829118
117214
252655
874533
119194
260220
520190
674219
160369
406767
76403
890502
80855
995875
292977
397841
38562
980139
566457
786855
92525
364893
21056
602318
213177
717130
470811
811264
500783
18456
624279
733912
119553
831934
110629
466710
427630
891996
39474
424463
723620
843125
484949
737012
284543
261898
205090
563068
37936
812180
857627
11505
745337
603293
65670
523540
466644
228923
363098
747822
382387
172394
3091
634741
466723
84357
174245
912151
793290
974817
290829
261157
995343
196998
717378
8223
101720
306379
608587
289880
764078
913357
662634
951622
337982
788299
578038
767336
680953
760865
460550
328212
828506
778335
651785
34332
215175
94854
166067
975196
239441
223199
763410
859171
732310
680311
198527
426556
378886
163962
957551
647064
389954
544491
70697
282201
978016
182397
388562
636029
652683
711633
172580
150501
450056
860237
523325
587714
307027
398677
984724
463131
890600
553641
509510
209404
285469
294555
424718
744255
451884
592427
80596
266544
742863
823937
733468
75679
578500
430661
810527
602119
386864
304734
789111
260310
773536
556678
929715
461081
791274
464903
428170
45510
329522
90709
409837
787877
945864
110086
222965
104411
893935
270322
426364
504468
48505
535139
805191
156044
751373
461561
392928
294843
186251
694109
788867
360731
517702
203744
296558
271639
689008
804463
818907
91409
658644
459957
685834
569744
245436
662733
27447
113541
501682
844258
828012
657208
418212
614310
41263
432980
890657
800235
627739
784331
919231
443489
872332
408487
11871
73069
183604
855151
570825
80162
527691
455730
909681
44126
949923
375347
111131
176836
489945
171312
417690
665809
371879
686673
370228
674525
378775
997482
311201
395824
811282
68717
306290
23231
617815
272751
105231
703106
887943
962773
6489
222131
980956
734363
477806
428068
568186
93888
588362
258429
329566
282898
876490
861714
530419
418769
643212
275357
610051
132099
511859
893981
827338
793428
770631
7946
574759
976423
119673
49075
313196
818301
46916
512566
115796
82880
485742
741531
495572
591981
999533
963918
843466
259293
766951
191800
39570
185774
912978
581753
636280
566290
108667
358020
469895
42612
372770
160790
947456
483714
424449
513556
650278
473883
807341
94144
155126
856919
819606
386903
939893
48877
410281
437003
944289
851205
621972
593048
302025
687131
415913
448325
297785
809932
696220
467962
883853
428161
374695
702200
68838
390325
407181
410232
95227
771428
919290
160292
477575
848786
283977
468588
80096
623732
792416
241223
891304
205503
71670
60423
953180
32524
508341
827478
104522
470309
26235
135506
447263
316271
273530
112451
759006
356147
197502
824629
444013
906251
665487
405623
323914
960229
173996
221806
933466
804279
880120
842518
130018
386047
142129
311959
854863
166901
1754
988480
837551
843473
179707
662306
189762
351602
79231
857035
597739
407858
688955
326238
855233
47363
467214
641868
467395
856965
999395
626673
407912
734696
722835
369165
211027
184377
599400
659805
513381
445067
466684
707541
338157
940035
860033
216061
783354
471807
930970
358437
892434
853219
313509
626694
260859
337986
472860
772087
818742
543014
847569
439944
19531
290301
931415
456319
399103
896672
106367
730925
598307
973760
926912
203435
716999
752623
294192
464374
69387
317769
539311
858021
10965
712445
761507
605699
75678
691068
211485
897677
929639
531260
643866
59209
729866
935209
653670
753473
877867
455977
228635
361051
81805
783178
391496
625878
783617
506827
771245
944675
478009
748676
32482
458909
631994
244914
290710
766631
136560
997731
569589
783649
12635
319354
501859
673926
513831
941280
243174
229093
62938
596103
678432
920058
27751
667868
842553
642281
379615
604745
756187
108246
212743
523876
464919
91683
301700
345783
497125
994503
260531
777900
61832
358600
826837
43605
970832
797973
400168
455446
559353
7362
510673
305392
15089
163424
321524
889770
544503
159032
964902
101085
608415
616676
262138
736733
278962
693771
580920
234176
773042
907127
98092
80332
777786
736469
498266
889153
791492
605384
438799
346559
124357
485738
66194
730389
198003
129568
631354
968872
776358
173848
460441
806461
424604
796066
529366
964323
592343
213544
531416
429504
128737
345099
703454
471990
204400
240284
885868
678129
65252
614900
526240
802512
780396
599089
508899
500205
759689
595981
924795
885067
983595
729948
540284
472283
2551
376354
468767
940203
791658
475278
988779
953963
250455
487703
818255
146014
757196
300530
169617
279514
127955
210413
674273
419451
269268
717483
371847
17130
602392
483133
20540
498437
222248
452249
147412
151916
380372
323001
774936
204647
853519
254354
945522
404919
954743
656687
257729
635384
507315
2666
598733
582511
575542
510215
685716
943158
763296
821357
840387
4417
29251
784450
309824
668172
153410
767138
778980
512611
496662
51899
546054
114445
167914
213319
884338
286166
264614
295015
239289
775992
846218
476569
527394
873381
59568
457686
659006
404404
900211
244939
955481
667493
882671
574897
29517
688019
682782
736971
675248
389109
458721
89468
114221
379216
540192
662658
639792
561917
463816
986323
231803
111890
182707
451474
512470
292144
430886
6062
965283
553641
671347
697047
85583
595979
400895
29278
123045
453070
797790
832873
294269
386133
415386
312207
153809
22692
146195
502550
210159
116831
354688
714758
100107
648059
675731
38377
116972
627332
842491
779362
185095
656969
297411
301096
448489
697383
730840
388317
685709
361329
468007
165647
526733
559033
554277
951562
620342
707006
666024
669207
614068
922417
297907
747286
450092
12645
417743
325107
971753
223316
462164
409160
321389
526024
186503
108687
869033
453357
642781
548930
579593
77424
259486
426065
843750
176019
187301
243647
451039
645456
370947
664090
697282
462311
70276
109205
236323
483078
686537
682500
510223
742036
497108
994675
423067
974555
618083
403490
972309
142224
286835
118625
502044
834879
496037
832324
86668
205719
411518
458756
997777
296528
970697
104050
16989
576501
569815
845656
472116
388945
262119
236078
765092
520954
828384
911670
844563
959861
25531
544117
259888
482180
314813
963278
289163
280403
167138
819580
804289
722811
505430
281387
352528
162736
348508
321652
643529
917262
175377
712820
300259
895099
550411
245063
1643
752696
120860
71718
7193
667273
200882
211739
941695
626303
11168
382556
189211
791327
866423
703948
617675
71665
188046
962505
307104
370726
991138
19123
974218
856742
600726
269563
715251
677878
33627
516067
478441
293635
830378
948503
992755
377613
450990
488
879812
610931
174848
680609
821965
269655
476810
670344
165037
529837
842317
978931
205380
356197
921085
554243
111781
522611
337737
366082
449962
981559
396665
691413
397409
843214
784561
341918
155235
565109
192210
641520
640773
770324
657408
815343
206120
56431
402558
571268
139628
82404
954164
144827
527937
846434
807443
665401
156765
318055
45007
483933
644618
84275
496523
801073
981335
654094
144467
170829
15726
974515
980162
340936
594374
408472
37572
122844
792751
159195
449846
147541
809610
376010
966826
746678
238363
882255
29894
279528
515511
988086
140044
571167
229272
529693
524084
943948
871567
678455
521653
421880
691800
346940
43426
947588
317193
600689
501105
440506
246693
763279
450520
641743
696333
652947
63376
901432
476438
268385
372284
922725
285622
235606
271458
696158
506839
898985
459863
749113
555022
728764
861626
61557
962917
124869
735958
587575
395476
121556
889835
403422
684943
409024
370823
735493
734585
897650
135629
330580
431222
416077
349207
181059
977117
334713
511096
549357
965965
348555
852954
162636
627735
558354
482694
686039
262745
322241
395331
644981
49066
149812
406933
590428
564849
969184
679654
264971
9488
512284
844739
514016
110078
195910
31357
84183
958259
842835
328048
541727
261756
589943
730400
334490
538670
505517
979326
68914
366007
341028
799563
438227
252816
517830
7700
327048
643790
455781
299931
554614
106200
73924
286422
357935
287603
666496
922129
768052
171641
342810
962478
522186
524457
668194
895181
380087
849943
442944
731846
995737
198468
534626
349907
333860
31880
156285
413899
501622
621356
430914
688649
300121
454484
784352
264235
824276
768729
846063
45558
962350
993205
571200
515927
640768
705175
764158
936388
758262
264727
970560
698881
29154
439556
586927
433983
366652
836248
214223
362655
260346
624077
861483
598164
553288
704329
419681
167462
8805
446196
294535
438354
175257
8682
387257
310607
961622
380364
729857
980843
7531
720625
299233
12372
430047
502842
736319
580275
297136
154563
857966
27955
460776
183350
512469
966176
485080
390777
488958
908010
180724
606791
738493
402312
899147
383901
480955
128697
509153
495242
615070
771365
98794
897897
828822
659106
591013
87148
364423
629460
913811
560014
745422
480492
906131
376042
784114
872464
505244
237354
310825
625435
303638
613720
153796
644475
833749
119824
274487
655225
711155
115030
476041
421078
662664
629636
998868
481168
691273
843868
266234
344260
99834
93628
499365
32685
239953
843823
734840
271498
709225
10335
946327
771102
903583
674217
629455
112273
195661
417801
308132
317300
791457
82420
175414
43426
349593
759493
349967
975490
282141
811151
899467
519784
915448
79633
634084
72987
399540
302215
835482
726385
394194
495261
435323
25879
614627
565055
434452
912621
594374
896843
205108
810574
945087
231912
431577
25517
999215
901360
341434
117978
93942
898889
798960
885220
26658
212817
350210
105497
402706
699447
458316
402345
58987
893479
954442
596969
424374
606813
800390
729779
863829
986523
637148
473002
12000
994037
891943
660827
942497
261066
281546
699327
257127
42445
453917
734941
665995
110657
750193
89548
889533
315971
260930
28822
251145
988097
278648
348281
597036
785353
259930
876231
140365
171900
352720
25709
515098
458337
971987
490640
243904
745557
177587
136339
326598
54368
415620
187445
357767
719204
438310
272024
481098
677295
625008
768284
283392
82799
33529
858986
427225
867333
864578
875021
765379
832306
173251
448570
65984
22446
169168
939440
461922
35991
51304
696826
654822
661190
704474
624658
822571
601982
90389
254240
860493
374782
571722
406495
280866
840886
931072
250209
991440
113878
958260
224169
885322
481217
182826
771958
716773
303712
142612
691743
800539
209940
272286
330841
84507
41987
160084
537046
31818
984531
375345
329544
605402
568949
699333
449476
679557
348121
763457
390849
893799
824767
732130
78079
105334
632686
238712
134020
646943
251389
267666
846529
909885
163982
840393
301012
957368
166491
894437
254759
892472
361832
879151
277493
390149
47896
48340
189101
924669
592156
249522
2351
845936
742406
433282
111027
611292
36156
224419
106953
828928
521351
87039
845818
528799
3659
587996
582734
56915
798481
335297
666343
212618
377728
282498
559563
873890
451883
701418
479167
267357
67652
286405
109902
921025
122797
707527
493865
378191
21487
688988
419624
28765
985987
7885
82735
227474
462734
43852
383595
736510
4395
856348
921596
297236
38304
639007
553197
860164
405873
532926
676318
179641
445139
955759
778115
511148
117241
759590
242117
43171
245067
130714
752966
687370
22965
575346
963586
541100
577244
955148
498065
432398
458026
317674
507528
210344
328074
907130
925760
757057
530800
340353
127918
416742
783823
547
840305
475142
500910
163729
487979
86893
480725
732495
95238
234971
4577
959329
518616
236289
552375
151057
846817
656343
832213
970976
406577
667357
323652
33543
275751
857772
748330
674408
890196
534071
775420
23702
814141
604259
130384
746493
443839
875777
426192
676208
719117
900644
533259
337870
368661
354020
236965
548111
236865
562541
404847
595248
13466
273668
964945
773881
946630
241944
882596
887528
542386
796929
179100
673724
876299
49367
68194
381535
707941
914481
972608
39536
6079
111609
295926
369837
18462
483497
372585
431674
920789
575908
719163
480848
232422
197235
840182
130373
846275
628186
751649
44531
583981
446743
607605
552136
474430
811254
763370
274794
39554
24660
522282
624644
56127
198318
278951
688114
826005
812516
999304
879237
278656
692752
491070
807539
783995
252797
824693
559518
184319
396422
425063
437247
673258
261901
569866
9775
514490
578004
219114
579986
763704
217595
187729
885664
144817
172951
536546
129297
716767
892395
472517
525221
880807
261061
636156
158349
208572
34551
570004
600441
666081
848881
971256
575743
187275
540536
413856
377509
669028
76421
634726
118923
678124
911356
653433
435192
867514
519367
385194
114687
286561
81295
865380
983949
575214
433175
929273
590930
563149
198836
363031
502218
957194
869805
469081
136359
721269
992363
525946
889565
326240
384989
681828
883081
138818
939947
435238
486079
679998
448916
569733
989806
34813
349286
269737
450610
602871
130777
365560
328375
847505
573257
900992
657412
833761
209359
312910
968107
73037
405306
816028
172108
110929
146415
254822
90945
33375
939674
57181
904937
191712
422416
822773
260500
921049
761795
548057
156616
574249
165921
154046
844014
123630
219593
338325
518236
923336
166250
978202
121280
839669
188474
73610
777253
980828
872529
757553
124709
645477
364000
502049
815404
240901
654352
108351
689444
182615
644923
114679
388483
55526
874369
314575
794605
750087
970312
896473
449734
229539
927252
629635
836312
277267
402495
609672
896798
58340
17941
380553
506411
727289
39118
834102
649594
304144
981353
29990
707475
926557
625377
939143
393814
564946
872270
554479
765735
22208
304411
98513
353014
665751
338144
829963
554857
707593
469980
187739
186793
841421
695120
45298
622598
979392
766266
997409
298376
655078
163821
504752
430611
466381
770505
807758
399861
80850
390557
101410
734800
731005
729558
83007
872671
954184
684385
247
891110
56893
373349
306119
575610
797053
707286
110127
135594
353052
948408
146085
389705
857514
519153
118047
181209
400269
86600
578318
872022
25226
216320
495787
477020
226018
19915
673513
956021
501337
99437
817290
788867
105170
729006
187598
313670
366549
673659
455750
659659
80179
910811
339462
855090
556801
20809
228088
327386
15935
633650
405646
564779
660829
630156
143183
238079
429587
476624
429203
702190
89774
335638
715274
860852
285867
603596
316534
6657
124540
472531
816057
476574
689127
468023
318216
303991
958414
212616
783807
110217
920585
31065
378511
714473
160047
597653
375378
251694
675188
11257
902079
890044
193452
228145
618937
109998
712366
370131
454466
341343
578708
743986
226892
581525
264542
479072
808944
751755
317366
137988
310648
625690
383054
63508
996566
442755
407461
309678
983928
974747
242473
251929
908019
567059
945847
70483
584732
832995
787582
273494
752182
311251
57793
79877
350182
947770
452843
713473
508323
500380
51664
191590
539713
580914
644980
803944
79854
506851
558573
419012
330876
69206
988740
167922
447849
215282
454222
673527
742281
909566
937705
536534
167634
207656
161877
614310
987012
942945
788844
408383
969523
944421
564607
599694
310706
461656
850319
215689
371486
603660
979493
173372
57156
643551
609166
733761
340912
561986
380023
796685
15571
989140
229729
932071
353936
608300
58240
948725
980323
214582
871926
994671
634542
465972
702247
693172
47138
443430
468472
951803
285446
797445
545897
347874
542887
171369
970893
333794
286940
106122
54818
310052
785845
350947
483281
255532
100160
900850
611651
197684
534775
527324
482269
75860
378825
754094
879514
978332
134275
860671
459652
278596
701851
467889
511951
820411
353241
374806
584722
633499
437923
244847
993058
483198
304163
995599
111885
343274
582487
231710
404016
513767
363444
922489
542966
420850
633016
648823
723821
967754
332363
216583
450630
890343
637649
174453
576361
80074
728655
500491
463859
284847
386167
927508
333
847392
444817
925116
516522
488036
259144
75859
734749
312916
490063
307824
19348
318733
235566
946738
782133
908225
29549
82402
264723
852968
420187
387828
944077
697365
670971
540780
570691
407651
946700
230814
650358
771662
301556
535117
447931
439453
189768
828277
319004
875901
992570
614885
901195
269290
60576
115779
206788
934726
809629
967027
810046
482380
264238
893139
740237
557790
168851
730014
544407
441018
807831
459440
389616
564747
256958
233832
663509
948508
47371
388969
947458
100455
175083
135035
591408
718284
97281
668048
743663
261469
814799
669920
133275
670358
543358
475893
674814
84330
846410
24899
58818
361464
118732
30255
135377
674332
110181
193264
522507
859362
179204
483411
45667
629526
132117
677784
57431
324663
592199
605370
699081
184522
586743
669772
282623
46986
235774
312383
124916
739644
816532
121536
264792
238433
461535
398334
788779
993925
96092
712713
326769
326901
811177
943894
260371
744654
839340
103967
840082
723503
675620
744871
725416
219600
317194
578203
303613
237804
64611
577428
16835
98906
88229
325754
706286
705530
276803
864706
921171
299722
577239
198103
665180
483544
817515
693591
978086
504658
669284
230324
759735
690041
599820
346235
101791
633204
282491
498417
207594
892097
557920
789273
543998
169670
884337
829267
444888
285510
640813
778719
859166
147951
78154
335422
52704
297167
52225
338681
321583
682151
819122
945403
545306
479320
945268
971801
251714
396346
432893
63346
778713
773196
57771
986290
233723
766021
840301
198896
886888
663689
45265
687543
910238
65719
410730
363618
409615
845599
409309
332385
529604
10769
679752
213208
193294
436113
954896
713766
370276
695142
649542
731587
615262
201681
681846
444610
268109
129755
368011
944566
335221
618887
496098
396657
987048
555175
854505
25255
449791
847627
346676
747058
428920
648468
666012
935343
635175
362214
254612
170565
739226
863996
959945
409990
944078
527893
364917
292973
317255
638540
966145
333063
47696
131717
65685
944751
339599
620099
166397
100274
490948
512471
40697
167249
256926
467891
537249
53732
232954
637661
283635
724955
635257
228479
199099
301344
538492
375579
205661
282968
979455
663003
342722
542217
699983
117702
862237
522326
751529
262415
808857
133861
428657
129416
233377
190817
445772
111860
48203
577243
550362
517561
660130
669387
409811
83380
400206
464245
154621
529319
475106
325671
250055
157965
255234
217439
838533
141519
903535
788361
811529
795471
7473
198373
844890
172129
546656
567367
469588
843225
188366
881592
468572
830015
60436
502266
678461
900575
180088
826985
809572
76733
995832
732733
179060
304486
810166
81260
705543
468642
440575
97964
165250
578182
510649
529238
731284
463270
5673
330278
489739
610791
686239
253279
544851
718833
778878
653260
812619
221124
17708
652000
708805
161762
953874
707519
524698
402410
898320
461590
890344
98117
538369
644453
325994
886073
564262
482333
797874
821083
61873
729571
128581
7713
134768
517492
232083
820054
604948
961252
795537
875302
814814
585151
597173
927321
310309
57040
497614
362781
220358
160383
228925
936507
368296
610517
949523
366700
719210
881692
429257
446149
792364
60258
73942
380557
930743
648412
824881
65007
446474
385126
995107
272394
415106
253672
111943
683494
96484
637589
664545
803586
768266
502669
170137
600137
561385
103010
184019
181026
403003
368568
258924
626598
213581
258822
164946
347181
769959
496185
331968
819073
400979
81655
948117
502068
503628
703680
43152
265102
145412
537521
328170
974302
995154
595171
37200
940273
724087
613168
549564
565665
128011
10005
809263
281605
574985
976947
570189
465286
439988
627120
526100
646993
795044
781627
832378
636328
882928
647980
275811
516692
1145
542793
550076
120245
55441
216229
370359
967673
792967
293154
761955
597419
110928
843352
266087
274275
897876
456078
185627
277084
717778
215141
854850
995618
384432
853205
15720
228586
998627
357198
24981
32316
519031
208832
813419
126667
922683
13430
870497
147237
290253
339805
635100
607621
12542
843811
998695
46470
526945
748411
673871
602738
597557
981053
659742
470521
554924
376105
358258
529661
136087
910284
138232
506378
160305
796923
616138
831587
904837
299836
201891
157431
418300
547525
574907
988083
539655
213468
887428
121137
796133
771421
435775
595470
492753
215770
674491
448281
520396
706780
107883
966310
186626
735496
436259
371971
624732
333277
834671
422146
357281
157914
265104
339957
767497
452029
890132
326712
265440
609701
658384
795752
805332
323289
510845
594482
382683
465825
347949
897094
37955
185234
418216
271273
503063
249128
506407
501226
628523
16267
952812
983340
276933
109364
910780
679586
699560
904873
374587
934746
148414
793188
992930
801392
311393
350098
377247
739555
449606
139319
929801
984004
767494
300142
41533
359498
521034
13646
887194
709507
373139
746345
675543
842853
806692
674414
476412
637763
376972
944494
189955
605531
367956
502715
931788
603852
664577
624876
360503
416164
46086
355902
962722
341399
599241
930197
193215
437645
855184
862752
934672
354322
355592
487770
760834
290289
293938
882540
378467
771098
918762
163439
954562
863040
956566
978512
380962
154048
892007
194765
843674
913211
734479
200860
890124
734596
978559
174570
9408
827061
677467
578560
563420
639964
287869
720322
269122
805075
520995
770770
560198
269037
300534
535633
714506
409228
585144
130629
716024
894928
924681
403542
86236
845866
656725
739571
684828
839630
845917
612434
176212
438279
53985
117460
440466
696740
259751
337286
161579
109712
875179
284356
863992
923584
864484
92664
989937
61125
177710
192320
422820
570497
226200
486062
328081
19958
8972
436073
76965
324026
90455
766064
701137
606151
629333
708223
250055
202415
756026
18954
152529
666284
239871
165030
422925
920085
475559
994695
867209
337709
228204
861860
483703
774998
859403
221687
567629
348899
682985
266592
802812
652235
971552
960297
372426
412984
171371
145956
960398
261887
171818
601457
976072
998315
308817
823388
329690
445618
934771
646627
584423
118281
946727
635028
316551
82195
758484
904917
526948
179444
175903
367998
936500
677701
250221
836512
262547
52192
77975
507369
965052
541658
280426
437471
423203
37648
39703
35338
357427
765594
875134
143471
613791
368861
591505
142390
812135
71421
471720
597037
872745
382575
183137
250405
628193
475948
92274
328378
534015
516417
129741
349297
906148
917251
682926
203194
276792
813025
694468
753492
506986
667026
12858
597455
335493
70893
597600
971565
989676
64535
175099
342114
173426
271446
296101
577403
703128
898884
295778
259419
191268
907936
270081
459359
692378
473535
341100
729891
984346
483808
855372
226270
671509
657436
462939
474217
175661
570812
440391
69149
365225
374117
574784
664025
432145
637294
95647
608547
470892
853778
355698
885990
683924
106241
180328
671641
911411
116113
863190
765377
810396
460689
707683
199244
898504
759358
697430
327070
237739
164623
263098
954666
225650
582699
178604
446070
486748
743227
605057
595008
330162
917913
140246
127487
5156
410727
235061
554626
789890
372093
487456
792757
661267
675322
552830
907843
481814
347899
247967
925909
77843
685098
755438
866999
778972
947694
809202
640668
502053
17728
818624
804792
779901
612510
567937
192907
26984
253144
350556
811326
547867
834631
367616
295462
905812
453277
817103
734053
618387
263768
469226
784175
875384
258577
312661
271914
661242
255601
682439
943407
263617
993474
138833
664622
611554
12323
929064
861934
912437
721622
762513
2609
398931
927668
457960
916021
803121
732160
225420
72727
247764
420312
46634
694931
649584
97095
896677
269350
803425
900024
531231
682708
47493
625733
660199
949638
991348
498158
560703
195083
731932
703526
115144
400959
363006
183622
831180
290057
122431
203173
339816
345534
168940
555199
179476
83235
100173
329297
242961
394511
720228
376263
876398
92079
422275
274317
525238
475299
788999
812354
747897
512838
705588
839883
930485
781900
241198
357636
432353
192260
141074
732432
459223
388028
660079
705041
279324
851267
781413
95603
671437
286025
995416
417955
990119
92323
496336
65118
643442
516971
763824
420708
978379
574917
100688
131339
585293
829500
854266
603823
363739
710410
900030
385607
785869
755446
506418
661139
991029
105176
31114
67697
373965
747896
901647
99343
195710
711061
31935
464251
900623
633601
997250
13847
488872
642985
206020
290280
406530
446835
155699
422669
56686
960320
517399
248652
469310
532433
949256
631816
376212
825605
167569
166863
724037
260288
602336
161360
572585
12200
782502
617322
763970
251785
699089
798687
485062
907032
608547
326247
503370
680533
765039
768545
588813
730697
465136
590244
302623
577839
43142
983988
575916
419951
957838
222992
514025
753285
938972
754280
30234
309889
984216
97516
861117
104871
645746
92864
816663
951798
932483
779404
103320
517574
670146
830255
757485
87178
132639
565587
557859
240758
548607
224027
897395
767354
870293
963258
312750
927595
447642
757021
172934
827011
489000
771656
503990
14207
253816
578431
777103
332135
364342
736346
108512
910634
767934
971708
331266
4391
222774
261917
728381
962568
553224
894338
798298
80009
49466
392398
783303
772823
313835
258291
533472
507347
797100
9665
186656
492725
56696
374879
325603
737485
222162
592087
770583
544869
894202
476426
123071
538947
500171
605509
992227
899275
209972
290988
262296
322624
722321
339155
990375
730795
654565
450860
146653
17556
567542
208218
413487
76205
267525
804132
531975
3663
310697
398149
422191
898651
502599
321376
110489
252483
404656
224848
164104
462561
302039
162462
686559
382789
65197
590540
667844
925644
189723
236750
73585
255659
577243
559704
566743
705803
39476
425810
214895
909967
706320
54953
941598
627505
152827
721919
24963
986314
369786
240706
753953
815728
310470
164058
997156
283129
214756
643196
123026
620702
240738
278236
69519
983931
158000
69951
267980
158387
583448
378926
646286
372657
458715
672070
306583
496713
98922
869613
890035
173564
202750
365215
997792
870106
759188
777062
890778
307906
772296
428136
35779
225797
151181
145306
784236
131817
16711
468435
33603
528138
434053
379387
187545
711194
656862
641954
750605
382408
784871
310317
610202
601023
5838
542315
125947
589189
742742
48965
271671
491524
190447
365140
312524
564070
551025
72461
753148
576089
180661
171031
456942
403122
285584
442173
991875
990701
411821
463295
73719
755923
923974
547843
378031
257524
708351
831785
54501
956756
567903
216700
847596
570530
398507
227012
416866
140131
428385
164792
724722
238190
162510
880528
397059
962320
845452
70009
351041
371791
236508
728802
621126
654860
485532
320628
746340
435842
787236
351006
216017
670955
94339
183629
371952
330241
826513
817147
206072
667745
143025
827871
360387
560716
348454
43458
948789
283976
708558
839666
395655
52964
793214
797199
285679
719192
748924
522178
551342
84618
303827
525710
911605
18733
352663
944958
528565
898500
406325
587774
825922
598853
345462
65158
721699
752024
122448
944689
517624
90750
379945
618284
988936
671311
70825
891274
308839
681372
265018
441715
304640
413811
841887
751293
285893
927168
632622
801491
44400
401360
200363
973393
595060
977521
27139
482866
228101
57142
50082
338209
257601
255255
285681
210027
555769
361204
478831
618518
523808
954170
401323
968715
665103
750175
794460
42990
856051
776903
979485
456398
863188
147656
523719
730296
751490
197131
803245
325862
336542
182345
576494
552149
966850
193333
768507
403828
72526
787641
272934
434168
397136
123480
729058
215756
281487
999090
839453
416742
49269
908838
225975
63861
128726
142801
14045
893175
515617
180597
195783
508454
626274
229686
38666
195410
378865
952317
333338
778506
894075
190399
864736
206708
61546
571544
608436
105276
616820
487249
25655
422441
392381
278465
719824
546251
680042
655
358337
803217
270147
398421
534821
290679
285380
465056
257160
240412
9537
801492
746723
229105
839667
631788
208306
529550
598178
972448
583156
890975
339761
960735
818559
309755
709953
803452
234045
314133
741763
897189
385735
302347
121950
309773
637980
949468
838969
399980
89405
870967
850853
33884
255337
185198
665066
26276
809200
782345
826413
499794
391351
643127
83259
865857
371079
829984
941812
506042
638225
483733
420694
275063
268162
449897
678885
157763
781055
29913
828148
157885
268094
157222
38611
623099
436416
648516
597334
504522
843054
324011
408509
808532
785743
537738
221125
236315
303140
252251
1738
348705
72673
235601
619607
688106
799560
307311
12364
187737
675811
238578
730667
481144
495453
364910
948543
673235
938301
471607
1129
592003
92864
533494
298312
728968
682835
240411
659076
542992
542634
15729
641144
53908
530752
736141
339001
814946
554027
408800
998407
252469
738907
204332
381392
728256
691823
189779
299163
305610
16435
390411
460503
107570
250554
433198
700993
898452
826964
675822
29228
502916
871469
465382
33776
493239
362306
847499
494193
579842
187968
234625
328075
774970
171771
44746
569047
962746
918344
240793
584925
175042
763255
199749
410454
392956
200752
94745
246044
392667
946921
146632
866352
367196
853121
805502
783656
446191
668924
753169
989555
122542
170204
821270
798282
647243
76888
250960
132789
391945
682875
252292
581495
102817
329756
878952
445592
909381
636150
790905
187661
843648
976483
517868
351109
717180
47034
300284
39570
732062
751105
920994
824434
195468
623377
472355
853754
453966
188805
829059
300446
21394
174750
577623
181343
142985
291895
729592
949649
485232
524255
282708
883784
204585
603992
267102
420575
255943
186283
332453
810788
38569
316454
432835
70691
475325
658740
24684
409358
181158
706967
407078
944838
822648
948164
542551
236040
928864
361498
496058
500215
996257
651009
918124
720769
354169
983963
469283
347633
9890
511274
35965
29585
861940
772478
717046
300154
302055
142360
731380
890874
635319
841377
885949
147168
665760
763328
498376
343334
420169
438236
981873
528892
762237
335918
316869
865773
347732
810433
745469
949296
107440
583049
172296
592974
209123
313118
713025
785578
332206
634579
700160
556146
60133
329271
219596
645793
634350
483816
185774
542830
799528
973390
714273
822100
212647
191355
448549
464767
89694
3293
80818
67664
451478
350750
449994
667597
575002
540824
693287
347752
135989
211832
530452
551018
234707
730030
189912
108412
752517
942350
863757
472786
965856
511174
39118
826357
497733
733244
780558
668267
620090
207300
704582
163460
452535
51515
382150
646788
420094
915075
779245
361640
643361
945371
858484
278359
351143
625689
278180
256934
381769
281031
749352
500936
46295
705368
231357
597969
655992
905093
688517
520933
789710
518537
257595
829377
172088
11701
260097
763237
54065
736432
467350
925021
148246
229647
232035
920107
20804
665101
662196
364819
807775
612839
156996
701955
54064
546199
650289
786140
341542
453418
616334
326049
582013
925440
21783
252475
526588
215136
926655
124902
117848
473398
397990
669820
63670
349354
762343
854172
765582
546397
15501
541687
784555
386498
46757
456119
48527
833623
328622
613323
107891
765567
917037
292115
790955
559038
986205
276261
417960
223632
502084
439226
791704
559398
200161
252281
685992
314366
785538
126237
899497
712286
308402
972165
301200
458156
723214
247448
408472
638829
606328
921682
669826
526232
410533
105264
443708
559638
426066
248308
794016
962649
942292
258709
634579
597974
349964
34887
938958
515104
654072
947234
313529
114466
665831
425649
920499
833721
910469
148442
705710
299564
714644
733157
819832
869065
654844
365546
448468
850845
350969
983900
380615
761103
196914
267628
829294
38105
915562
865371
414284
580388
988623
663967
36322
174528
743344
73137
692919
667069
559564
86065
626487
18152
437573
908343
773560
797925
999668
949047
503511
980966
466134
195088
663873
387141
388963
188209
313742
159620
570687
563816
875719
473950
354313
755401
894344
166793
258066
320247
256961
445259
384872
114450
944150
509686
658128
253565
169831
652290
738961
168458
845801
839045
937453
323205
27763
141841
954091
244314
448725
692266
625423
572259
255843
55074
37676
302098
300751
477524
488720
267448
965812
880569
812765
599664
605039
638442
47479
726762
466984
842290
78553
924887
228143
503695
800322
869486
272577
145094
539790
146458
604521
97696
260127
730624
436483
714372
411450
997680
692764
253362
930606
768231
167669
505881
110190
411198
898342
169878
89792
640628
124576
529803
300878
76371
56011
482903
590554
743617
190670
581303
962319
699749
153260
583225
809330
764211
587275
826520
465527
149782
646801
344377
337904
598137
512359
42305
245664
960115
190111
510865
217262
480908
50610
775391
97589
928432
949154
988530
37304
561327
39422
620921
956275
449519
27204
196745
314189
413871
836896
507058
311273
190328
511315
669052
600795
607266
58799
339331
740856
792960
675838
179948
960710
140201
801411
886019
164690
810532
11928
634483
141601
927215
620534
916257
334718
949868
552020
718821
895986
146921
404326
186149
950098
208010
880902
906576
879090
728917
761584
185332
992951
515994
828008
520573
465099
283261
694198
908491
30953
839970
783121
234990
735127
117555
642074
93249
687220
4496
944063
152288
692519
256020
95488
806535
400951
441024
457294
643784
570681
291847
209359
723304
718436
242486
313151
758808
118721
258621
574192
356363
534397
771677
574386
993848
391904
846448
850381
431982
775896
14096
82667
878222
935663
309861
325331
936554
608412
341071
784336
685881
569205
123244
905840
57075
802242
468422
22120
983887
710828
396444
559829
820951
81108
2764
455453
310116
885632
464666
797556
608572
985712
524959
331962
605636
108175
508176
890818
605476
873221
48554
951598
50742
421929
216951
704502
208041
850068
856832
733383
662584
924944
81615
828040
626499
101168
728352
144311
811271
999929
111012
444210
945919
668990
40753
219474
307670
307081
617481
400178
406727
416245
988100
41165
930771
96985
479837
302277
549790
564319
999575
209664
272615
524146
696714
508461
205922
705174
154062
27813
264436
818833
845442
979564
856650
315271
780794
746006
16919
104547
65859
871302
323432
915825
391635
673874
436453
847050
10706
403266
756774
823206
120447
25720
953519
839317
111297
3241
4362
54217
925195
956425
100608
853835
800106
731525
827635
131726
185134
905130
189019
197089
651187
953699
436315
793021
360011
684255
823807
100606
653577
392401
616405
714287
173996
411217
662116
982078
753639
481184
201421
512207
612553
947401
686141
331052
730382
39394
916813
194201
653569
866674
310902
3205
55564
417708
288500
986589
884894
411290
405430
384251
952695
744533
871550
591292
500115
112176
25307
811632
228785
411957
412161
413546
447678
982215
952514
635062
583843
667494
471467
230826
325800
467921
626365
533013
809667
652806
649031
861397
990977
765029
592605
854341
381904
878067
508215
634451
292582
947386
50279
109935
453650
431245
108664
96799
983901
97960
609824
912879
116380
83318
809763
74374
481045
754349
73604
755348
161420
80341
384231
671976
674921
680102
941128
892382
492103
358478
975506
564917
590683
285265
81117
608895
305727
605707
216583
233585
137626
383697
685870
932698
780974
858358
25607
296241
266238
377129
438174
720519
394586
477244
727786
675867
611785
24959
975372
211660
398481
382859
916196
731881
633829
313818
161872
611428
305196
414419
301442
678182
606378
9125
845181
70076
827149
384393
920300
927406
436118
72873
38047
664176
953570
665119
822179
736690
658197
799894
499708
576658
571362
712461
247809
321074
353720
616570
31573
13603
457804
999307
962621
259520
183423
289031
804707
65240
222125
777875
508454
942787
127569
385681
303964
834133
632600
692067
913573
224177
475841
856205
73709
550069
966829
402617
885117
66771
584
90643
74750
436991
418580
811924
300748
126596
449167
681949
176627
293362
70081
518009
454473
767154
678564
634949
859176
396410
989359
928940
948869
691355
82497
355082
589170
787191
206247
915250
231404
503441
521418
719883
551074
278461
365368
398421
527363
905462
777357
922697
891458
969486
49341
371039
893993
577152
226625
511017
363671
31521
404764
11165
440664
979509
490697
714928
43615
456030
735811
643229
278434
237232
170416
141060
35218
321120
389419
711664
393270
958682
881581
605489
950179
735601
347671
982824
506010
108529
926750
400225
472254
28240
818131
309466
923696
132995
273934
945570
219401
655726
198518
137437
507891
240755
675184
999716
783012
197292
334178
914377
13880
38131
996707
671992
371115
764126
902913
659513
486320
743112
857646
435921
557104
100298
43079
729800
973538
160073
253186
791046
239171
411625
433332
360151
466931
716768
282301
229902
307820
92517
700177
291205
480543
7558
764131
709698
949485
759897
887023
594485
255294
166410
351205
729821
576898
798676
405997
493131
653250
87243
980187
390079
59618
217749
941489
673838
530741
919737
776907
574501
268733
752527
743403
717191
646845
827671
653857
893618
629949
347750
397335
538112
681434
272251
428535
263914
30535
581424
834425
277126
136740
441356
504524
163377
645369
737653
78112
823559
953679
62659
963406
480399
248875
18671
796389
38964
471976
709098
541330
770990
240880
5770
809451
397440
392086
572639
888152
93530
253651
380964
849758
337694
211036
25233
872073
284031
728348
856462
292726
556678
492947
247169
54778
783279
231051
411592
978995
241264
22706
691395
468265
787417
972441
802376
533599
56662
632648
436410
337212
145554
701627
508787
493521
541494
275389
539294
358215
309327
730912
538466
447910
883342
386263
413497
6660
250920
898096
243359
648264
329950
745008
579237
492826
557911
922060
679076
236393
316841
409154
865807
423960
713334
673491
926818
576198
214771
579037
496695
46840
428356
241752
552247
252261
941571
967469
281005
825439
432480
826798
614326
623513
163874
681718
435477
174745
461132
612638
635171
531451
638171
303257
421987
980511
292011
891501
888884
990448
615736
210511
115295
13330
936450
688281
903248
385959
855946
923562
439394
272062
333562
310298
971155
215897
905121
992536
111255
117082
429468
61795
778248
717193
714064
413985
401018
366852
397971
5279
14253
281476
125162
809254
921372
918728
645549
980022
682930
511712
913479
451298
299676
572567
946330
688519
196729
65918
352703
583594
522287
371857
545963
274798
956503
401737
520749
808366
577048
339645
343187
696893
116817
249077
995117
192311
199344
756941
233961
479300
76320
141827
151325
924393
195807
491613
572708
823434
163117
203642
672607
326784
158432
673395
837085
739475
191445
142253
394901
615188
646913
507774
444624
383450
15397
388601
364964
23447
414880
882328
401242
877525
466014
390661
196273
878547
509614
994501
453564
435190
751026
465921
135206
970414
306735
502834
486806
442918
77956
36841
619501
209383
758264
763641
155820
298634
197804
749122
966323
560856
287791
870170
511524
366080
432944
968729
32422
154227
750158
75969
321798
746592
397708
718088
510647
286791
991392
209284
83002
341116
180970
879922
906905
359675
288194
432035
280717
975522
269802
761348
382719
800143
871011
461320
460203
712790
984411
160308
118753
840927
238147
406407
679653
923035
693119
687363
922551
616801
659895
347676
899629
317673
301387
590268
906492
179427
287139
329329
913429
657397
937699
933684
63595
310352
926526
437847
159891
214766
326050
559050
918533
732010
777489
79433
352767
337147
890064
346022
777929
363982
938936
491502
113107
693568
738601
915131
740346
909941
846238
572950
74729
273367
194076
903558
572892
399855
529413
713658
700672
524121
17673
205326
131447
777255
866492
46077
160888
530773
946242
389924
286226
885604
914470
778607
668944
160597
840522
276194
432696
539651
6073
235782
623534
563997
971736
36782
814006
524351
230459
29092
547863
251949
934677
997941
435674
464236
477959
781142
505586
197884
62041
70578
858357
718773
252614
160785
533512
716796
746417
342566
400090
223075
458038
332597
185223
935259
197020
865823
587420
959318
832422
671179
28538
575997
613320
605683
514451
615627
731767
119816
74642
184964
233881
769731
840151
752598
811996
575754
530656
90954
835491
974523
417091
117415
107226
102359
518487
11556
115114
847182
288243
230919
143112
183395
241102
593886
787112
489723
494470
180761
365264
875528
306812
577730
819655
25612
929564
317147
358572
470093
628858
267219
688418
149012
413784
469860
722281
557153
899012
786252
563784
735662
740190
425829
636454
35678
933495
130979
307065
556674
119701
57578
867221
948168
97172
838026
988902
7361
510055
120344
575673
793613
362299
237162
16244
321318
75836
573486
799590
490501
810864
536679
133561
695988
202178
63302
181572
349361
124570
810145
351165
922492
467879
261650
991372
344382
975422
477999
864954
219094
216796
68961
143816
213889
153415
48163
520476
415652
563795
39257
899991
686905
236481
369354
629186
384148
576770
9660
974182
680465
694105
125227
952314
692572
336990
543845
64311
237277
459358
784453
453704
586750
739168
68362
697501
449370
605827
111955
557023
55683
969539
969337
428734
976304
319770
915209
450213
962306
725827
373276
954255
178033
879513
194645
331827
950807
174430
165751
476763
389145
783193
145888
780691
61998
568662
124582
884476
659149
542161
195021
25664
489399
153581
864738
306208
104222
980639
785846
370985
534385
86120
441978
425989
317189
643071
133172
67757
764833
643468
829404
518268
482790
611729
364309
298463
517721
434020
457867
752937
82127
266967
669157
834435
335668
574264
917927
467456
479543
484403
630760
592591
900757
744982
633642
647690
170753
396781
5723
3371
334829
248716
830183
460637
495736
736939
537016
18608
768116
1899
304075
724839
732818
58167
960240
105900
410669
79558
654238
866916
90799
60732
922864
325020
864420
946736
38272
623970
124761
630473
366623
572209
191216
729729
43886
501188
466692
505675
53980
463115
11187
977361
891068
897147
215756
530774
387969
121856
408726
305211
343769
795598
979963
248541
377700
608597
307216
993755
293392
867859
197954
962933
60755
797891
634014
833744
875331
372979
206780
197078
34389
242291
624777
920826
102960
445545
243696
163737
40301
330050
728421
806588
409262
252547
753934
970298
100952
18429
333902
578298
763502
397919
674350
63575
413963
775910
24874
340188
688316
298479
919382
549358
944183
517420
443499
915785
606780
454197
176306
633634
522503
154742
87692
960364
375535
465223
686236
299575
853278
353433
637201
541682
438381
770699
470611
415377
750748
281116
935241
209610
713451
191995
862853
850745
103703
89979
232589
436643
379572
135394
811719
925975
420772
385633
251520
116272
494769
627677
372761
892600
527117
77548
963406
64231
135459
53851
365540
562825
366617
857196
212591
206397
371941
689181
340093
48985
990793
342883
642658
132715
148844
155126
231265
638875
26007
436037
679412
904236
913352
271307
977721
211169
322550
647417
413433
217148
937378
710675
768149
135713
278679
580887
255631
293082
593598
392599
181938
72180
819552
291944
34335
877766
684408
250419
282614
678801
641332
983209
121949
373315
900104
173523
33648
311446
618799
821191
517381
977877
933632
229110
511386
841599
914537
210083
305694
498436
550794
977070
753625
521004
332784
620174
692600
474071
519916
534366
730553
83295
960464
157774
267951
769689
714181
193338
282546
456827
348556
206615
569703
738199
262799
145802
635368
848582
514019
621139
463439
491744
419357
478374
709796
670375
197134
658778
682080
850947
42140
511162
980766
653992
251838
533562
275293
113748
468947
932291
201908
911156
845920
273903
927187
563238
844388
396369
647217
5913
698138
81003
74584
147217
522699
441731
403401
326151
284877
350991
542988
983213
591707
811533
20313
461903
744402
731951
868700
965269
217286
289588
859305
810725
66367
640594
665660
8613
443987
995343
384875
971294
5601
259503
4458
396348
19239
769992
624891
442226
74753
875185
340592
9786
219007
187225
349342
901370
819169
761204
321184
955010
967474
587855
164421
445554
247614
435653
264919
786617
493424
75018
226697
274104
145613
658212
314300
488644
424007
947962
766382
174411
782847
538245
424511
333838
582362
611427
227617
230732
787966
421258
453404
20735
920490
364185
835196
554047
524272
706634
972504
441477
695183
770308
519487
154507
414449
746765
81088
958542
255293
515485
512342
662005
154650
360910
443438
824972
115842
801775
912279
661673
190526
156087
196549
925999
121540
215446
794114
412465
950697
553255
940978
291886
349124
946178
286913
469306
566689
515759
298987
295038
482783
204085
406183
631702
281511
998800
265905
421208
143113
620352
530547
451636
966196
709886
878799
417975
431122
54154
762251
133994
412222
369439
364186
480727
496163
738376
90947
791915
981042
188045
22448
441399
35327
34949
394326
441745
45561
806351
123771
94615
326340
125212
688937
512211
242101
394339
820589
733434
844905
189688
767116
115471
526338
131895
903364
226661
882367
453082
853562
30017
764471
444714
361989
742877
208306
629523
795221
333961
941860
269136
432833
406061
61127
949829
135661
20585
28628
577963
588052
678365
67741
336421
430008
210052
497674
411634
693987
248315
543790
312572
216984
884512
150917
227725
819739
724502
130637
638049
213146
511588
692541
611798
195895
38077
304614
654207
479667
546970
916901
433689
6200
219267
50946
643413
69059
596590
733993
915668
93420
873982
309826
76145
831507
728044
354671
89911
510377
186051
546
805875
942360
653893
656408
159909
788624
80363
186101
116496
289903
185098
814397
679601
862988
419153
718316
356684
647201
440367
161268
784353
492946
225809
58129
892606
763614
808457
169290
670702
238177
159818
511814
896079
668867
674832
95943
393793
942337
31773
116232
830843
440534
264093
133487
225079
856773
950635
171759
731981
986758
21612
652606
771742
386955
253017
593709
158823
733549
420891
602921
72053
844984
316367
499724
249847
375119
787689
76257
952495
174974
202100
293171
696707
548954
416247
436368
359152
300055
182644
602015
63774
345318
851594
156251
894158
22856
225146
508523
60783
153076
888454
128352
39953
512417
69557
842890
850353
378801
944564
966711
584434
288186
379414
962057
779821
594353
906044
147379
648031
935797
968144
646288
801217
323638
772843
584608
314613
308160
74327
214303
538972
763752
544238
583940
915332
851345
711329
970323
409919
607259
130901
378271
662671
345322
668263
816736
982845
530958
184272
205356
571080
189908
267108
967317
943867
69416
883445
238816
244503
749221
779348
177885
132464
206203
423799
721960
939604
814780
278454
108026
542437
38723
322288
768940
130504
813633
371402
540298
302134
245349
219735
717968
316912
372776
470484
763012
909903
198642
92618
27055
48441
196204
16982
75065
534768
255331
573445
211616
845956
110613
285529
392469
311913
346460
41577
517619
11683
89268
427940
971548
896094
410347
637814
72434
703450
866020
846851
562927
331267
790791
951312
767458
915422
136073
371457
81543
159200
273939
36285
518401
772569
176145
451565
880182
513421
807834
480164
84295
416355
702839
313241
442987
805047
715666
505807
146343
872586
840061
951701
373548
706841
938075
48681
317453
282187
726383
909304
49691
383299
77567
355969
107294
494294
365028
547543
104114
297494
220081
605125
253117
431757
940478
560651
712009
900934
929744
55943
844034
657860
309734
479535
110413
884438
754082
814395
624194
561282
893459
599776
822408
221022
337883
438070
38668
910847
146945
368379
591518
526920
211798
961328
880040
188516
47356
294049
678091
102990
469143
538818
282135
46861
884244
627637
477159
211518
165393
272361
797655
464713
269480
329564
498212
902902
880923
249280
920734
951576
421597
309500
216012
378855
175611
524809
207004
778988
559270
382205
562373
725141
668317
367333
333371
447464
691643
484426
590
704020
999066
782038
490336
17827
30435
632272
284353
105996
785524
488708
738345
154982
492588
2430
191057
326518
302230
571252
680686
253097
471407
956803
356875
89373
138709
5522
270465
597849
128463
765971
643478
14750
467571
182120
299632
972565
671096
12194
203060
255335
598617
646052
5632
730219
508449
169446
864897
784442
980953
177493
534001
564319
182348
232152
383280
917995
762804
278702
317374
84133
267523
224243
475283
968926
884175
921794
25883
623521
262618
597299
647442
926089
867069
286597
827703
678894
661681
471831
91504
133303
236154
287185
61498
593171
242545
74080
506890
279299
842924
650526
267909
214351
411020
854479
920601
252121
194018
627079
436726
56078
418238
706666
45229
866296
498966
984716
867939
562352
887632
28151
952049
473713
948461
311370
788316
539080
328977
935934
460140
410216
434035
52164
495339
369243
145181
741578
163643
861586
448224
556637
919828
601117
905112
361577
437594
538550
245207
902427
544471
714807
674225
991527
52378
628780
759076
424037
496555
906115
122401
27414
886697
190496
569659
809221
29379
709389
213163
738313
999631
513743
897470
205223
962058
885331
62364
260116
231213
831303
526901
983768
714024
101958
985993
796941
654653
522795
595284
745415
399932
987911
829013
752398
978775
297645
998842
408198
122273
522666
503978
782576
973032
462226
643054
84041
811371
22709
570941
80976
283641
838193
513890
277861
683049
723553
331660
983885
417712
226931
42610
802002
241250
848344
186465
608519
220552
660564
169059
975145
784154
633717
474126
530081
831897
657632
358374
197799
252555
885254
225903
283456
710996
708854
967316
394152
575406
981581
298861
139978
906181
381064
174641
390699
152626
703290
434424
126823
371985
593945
138410
561172
774785
264434
521738
175171
850807
415933
986137
796773
598399
580299
158632
302089
578001
567771
235198
184451
92748
854029
395937
838185
773713
798958
876677
170615
340415
928946
514766
305874
591430
584191
929988
107433
629994
243877
375186
972600
535318
912236
283963
694759
376474
908935
283482
73935
146819
602724
142867
942684
598742
772645
230044
923917
165929
449576
45282
691672
532893
20290
72793
798507
569723
370571
102947
864142
209898
734611
885148
78244
482443
568755
502336
476497
616881
645501
906938
738485
655424
221269
585482
831445
563297
404377
541393
213979
862879
138108
248956
118196
768993
496240
720779
847767
515652
292353
445629
776486
150996
824831
896538
90796
302504
431636
590812
689223
933719
281844
528507
375903
105690
729649
819156
375316
461440
267630
188277
283766
608520
79468
428231
389293
433438
918464
135256
975481
87477
185893
270917
4436
872765
669614
974849
199796
729729
860244
85636
440045
658465
945453
706002
81394
130087
694206
101350
180988
450439
990567
759291
58755
48888
40700
827960
688681
698345
275125
867574
165302
143138
645819
866351
311358
37176
432546
761412
812639
81644
688950
878442
526503
767073
880494
694323
594258
737273
276158
546229
207792
403467
665864
267161
781669
667970
23026
616194
187786
178517
478291
53591
85810
985566
450630
95535
70151
530010
227425
84952
689810
103420
734080
797188
391193
891694
782586
697681
132258
267109
896053
198451
715990
885023
200342
567872
267585
488892
480080
767960
614646
895094
742622
771247
291728
426687
188876
56185
236306
960502
507502
800177
911920
644677
773364
420997
707687
609753
853078
797217
395143
740927
159017
936406
379921
417496
728340
116135
149179
1721
559452
955760
292304
583713
110426
813620
628724
281111
180559
471233
873093
2912
873038
899010
616606
41370
837847
903457
176053
235896
419652
492055
224420
224987
142364
77521
497157
140425
634438
158720
795446
274828
847703
417534
225019
761962
341644
626200
518211
711228
435603
71164
127299
452653
810052
701696
338303
75409
9005
899020
80487
54815
341834
981158
46750
818125
140244
231256
362517
408070
607216
231424
318678
776523
204104
733236
333853
174051
819383
757775
863968
583744
587422
807517
789808
91632
363732
967711
215992
508540
561018
465147
442081
442465
204843
509571
711960
521768
574419
984992
738087
67108
720599
414043
156800
929288
32434
964423
772761
413026
598368
664847
518640
63160
798130
992216
306736
588285
775746
53842
385580
612208
510145
649312
966408
911826
109036
553569
343607
832258
394781
255835
553502
803446
193406
183300
842072
341592
157848
447724
165139
952891
174601
873034
757591
282104
57108
235361
342695
468457
23507
410318
527680
533314
58311
568113
618942
177863
51472
873974
584158
84717
227768
442623
636830
234577
529321
245807
763393
288655
272639
787798
215214
489089
110520
910260
312632
183188
98376
825196
409081
990152
806985
771271
312599
845252
541904
622177
995304
467155
968475
88244
721906
551935
883686
825599
610315
391176
367773
165202
180383
805377
725419
987833
10960
976328
283248
884354
962168
19488
31442
971949
299210
991021
921131
101488
386262
131083
78560
686820
319339
461194
370321
78031
245206
974666
259116
700878
561993
558704
362396
354847
682007
191746
591775
877641
283612
556517
922934
610408
615802
961136
787189
461145
366462
319596
723002
590334
286048
784682
849978
438510
72489
517057
604215
784700
343855
585315
532814
377059
104188
90012
508780
897419
413325
934182
506593
130234
456822
282155
535821
735386
537123
942296
179126
621730
994809
206553
337340
696292
864858
615095
631780
238835
61703
423628
807504
552879
354145
693855
207631
226735
789640
316320
245073
344521
746788
686529
326899
26944
972546
631726
774009
863435
28246
65195
681561
285438
781535
88905
407796
591512
194152
381445
795872
88872
406058
984253
325664
698460
536591
799824
994997
698279
45329
690833
903757
16142
721665
19814
523674
909136
988324
271491
869822
391024
187128
597375
52066
962848
657620
988688
750118
558860
491565
614696
174323
592000
961908
69547
918636
657334
830045
168459
545410
447936
365819
416258
354534
221646
993415
427883
338778
862109
900352
223742
631329
630204
192044
336678
958293
559740
556796
828225
1943
436148
880333
788211
363040
117934
732171
143783
46390
907634
585648
31011
54203
785004
409834
304967
161888
169916
871323
970978
285302
471131
656186
314161
740837
674405
691543
856885
547189
375559
22267
783536
592778
496517
885869
258812
436013
393448
197777
196039
197572
472707
48236
216494
131556
400865
68931
155765
253885
317389
578656
626145
831284
391422
474998
280370
294414
683164
172508
604737
567623
93107
9269
639729
743299
277875
666033
138389
66652
745249
149612
981406
879130
66783
948404
309503
96832
247570
341288
814239
818243
601461
470267
955450
41302
604730
292056
937557
611680
294936
884640
524764
271887
435894
396366
504666
366598
946610
847740
452371
928882
867662
893567
412225
394298
501239
423788
402986
537173
798388
595838
815130
997045
431912
989072
768450
721569
260931
578052
390829
188512
426123
357510
371995
550481
980226
372459
204476
966040
610357
842547
614282
734259
209761
505133
677635
372778
184514
305722
278978
323109
6969
354089
642873
939543
633113
645378
265997
137368
853390
46174
722894
148945
329002
408627
166930
264016
602253
16174
521005
787900
1521
637753
736206
483426
887312
391708
415033
867245
268146
480383
184284
241269
452246
233358
123217
137262
78844
153333
178287
783041
495693
21450
441037
611063
486824
678667
789333
226642
530698
587452
12992
166838
436889
1075
869811
190084
148749
35247
224310
202056
17276
484514
615885
345736
410880
473103
400309
51773
408711
106574
188028
77150
884982
312301
654141
552087
153339
853937
263351
66457
1838
305850
744586
577099
304610
324356
403405
982814
980430
879113
168590
708414
245523
208324
54119
697572
17322
753489
110265
639240
855404
392753
93128
241012
562876
809769
688883
816372
343956
187081
116046
155689
167339
546698
597598
778429
958080
233681
938608
712113
716870
493392
166806
858899
588780
800268
320063
822987
253320
498937
976690
487763
637215
49153
123687
36999
248531
974499
821506
459090
53098
352184
427245
803400
957175
105745
974736
282194
300711
903933
970224
255428
208490
884391
889121
739403
196219
777115
880681
788610
672206
408489
315251
596771
945046
857186
482157
690202
403888
18688
546878
102005
210607
532706
501863
165112
228100
594228
86581
912206
966922
172461
882208
490906
157868
533554
413380
985834
809268
205080
778169
733773
501680
503878
345745
23931
109122
476089
168621
735283
518213
622946
446780
435618
962456
392874
749905
414975
932616
124437
662240
522228
455646
291780
714134
903734
366337
162325
64274
927413
839562
184357
859907
150703
703395
51573
380511
853983
262106
668330
833021
399508
624840
766382
981007
53532
304984
281909
156224
536735
508086
642074
661990
488071
212886
514087
407268
377565
730846
95603
366367
776495
769457
888358
345179
654445
639961
839000
434801
969684
149200
293144
76015
139906
857323
542537
459468
335079
847204
674534
310790
959004
835394
327077
511706
872718
215847
765754
788447
585811
118454
998322
212544
606749
2463
808256
594388
886220
796872
841109
66332
562909
598169
613800
711384
4032
884964
735701
35206
856392
57456
138657
355768
260284
836001
863260
822929
653450
87877
768095
353692
568027
23805
563445
277128
181634
101638
199382
182340
455565
235747
306511
251251
127742
940137
503805
993420
661204
871398
670519
714897
817026
605423
245004
264170
718273
252997
776418
536606
883649
2403
666365
469485
4282
522471
252960
513612
218402
477914
151182
239421
597687
945886
684905
5643
30203
188403
548604
805855
518976
796198
534548
422978
864217
155798
102024
453552
994352
939748
935578
650581
687670
797558
523254
439207
576501
621736
310423
798943
469697
499089
924425
31445
771469
861741
523145
428983
109017
200748
464456
717669
601289
848598
875982
214060
547153
806361
479932
992926
629645
979697
246634
370763
353901
363442
549551
692894
995086
325493
440958
924053
724323
917917
232109
905502
907282
582469
620818
525835
918427
501640
831046
745714
838899
53420
959883
859108
136175
945003
847434
530248
94492
699296
188980
813331
679147
207371
486731
103781
210633
645632
213753
567427
174669
335346
532894
860013
340747
19032
252583
96668
969349
186042
788441
206234
23361
518170
561198
227069
71990
267521
579350
649601
714912
995749
191710
65217
927539
742708
275758
362770
258220
778495
582956
65853
572482
15558
104703
29846
200060
63516
68270
177981
481756
483127
498726
404017
42489
108566
969114
425804
263466
214351
625989
177887
766942
237748
9419
991850
622537
304737
459581
479672
770425
711461
876348
848085
947527
23563
196277
828333
381160
800452
92426
198723
847971
238066
473873
508554
8285
450899
813749
254820
80848
51720
287994
888500
735386
735745
231903
690594
724530
439176
806428
244266
122933
158118
993611
18529
434718
41653
442531
4358
852565
642244
434334
718721
476382
766304
897213
6203
19186
9989
300386
580825
615787
888097
452954
990998
354904
981441
179006
273211
419504
335963
150446
428606
248868
694647
915774
603829
762253
730426
776109
258229
639237
39312
515728
170827
862417
11445
484110
600982
782076
526689
233348
796159
636799
335054
35593
697623
331867
842343
380299
359435
646153
568398
485848
498182
118409
355594
842489
14884
848216
866764
315321
838030
332349
696092
590723
446710
588993
75621
663273
560561
32126
916505
767553
298156
426000
70722
716202
477708
815849
525543
87084
768742
717697
944855
860157
351767
338090
947220
993312
720834
509121
575455
552041
792868
376192
747293
267099
388245
939761
151587
133746
510878
681597
174947
211324
600433
180451
113074
13473
937993
519172
660085
689348
54047
747546
763944
775682
282694
964425
205770
749400
974948
276942
723305
32353
526733
619348
472709
770748
475389
154405
663780
128076
290418
733757
580465
942425
883364
360187
446738
139219
874466
651505
403269
844919
168202
620634
567797
619019
387045
371819
804127
779331
366941
909826
86747
984326
591003
871931
488650
727818
164929
35106
425563
861851
991489
572930
34937
695483
725528
535452
326933
89380
368363
502515
280011
317353
456060
833988
880563
598778
644233
883860
687047
603462
427201
945889
969388
242299
359332
563578
26975
788137
778550
842219
5437
944132
355487
888848
636335
806024
241634
795082
67760
647735
766264
225104
627900
205886
779336
784861
379606
64182
26246
524295
574902
207814
24741
885296
174798
732773
326714
54677
76280
86461
525423
606532
76734
6955
773408
558890
454341
113315
983189
72330
860438
527793
475420
946570
226250
335066
32451
542568
51922
913633
762927
335177
57633
867557
333404
611634
76406
354919
741874
499280
708809
675818
655872
83569
976273
328435
993175
582869
407344
754416
598470
580895
592252
525493
708589
916838
850987
938337
725760
937065
430426
351455
570522
527263
759098
248969
526395
245355
813720
644710
543712
746798
204103
315028
265918
673527
213803
224001
563034
590165
440485
845971
837000
37582
826262
195624
174910
566376
275154
599415
992467
712996
553827
349077
618010
99466
411767
655572
202581
301920
683751
62598
598360
926196
907428
130207
618428
15961
804864
914872
465404
301294
386838
860976
411439
158681
716312
571757
40418
117523
613491
487616
179281
614941
235297
774503
940354
192465
296139
454636
861247
798355
207832
999402
495022
585318
401302
212207
147854
33755
423620
517501
552208
529124
384377
991403
524112
459334
435637
57065
965422
72813
465475
334625
246285
727449
538375
873400
40488
689334
943337
778675
206732
697226
328222
438455
453110
414600
764624
473576
563337
684545
960874
222835
490796
814394
721345
173096
832702
97688
704290
64319
764343
740344
631348
639804
430428
524251
816394
385772
938206
772351
104328
374607
468816
749961
796462
237840
173699
493213
857478
121327
635392
546960
385702
465727
125794
921013
655651
580171
145997
701908
411922
121108
854991
603449
12156
198710
103761
590504
286173
367081
538617
824942
211225
146146
552992
128530
207868
650649
187819
864875
111788
258406
917448
728779
430510
800517
900615
547417
597265
814392
944338
823741
110458
560716
166795
407284
984653
376499
862592
21507
969014
939280
283981
289799
974417
909266
304591
587307
195068
14391
377984
858100
733174
133682
798132
609910
743220
381224
145839
832298
780992
531347
179169
178711
183886
678217
289407
377132
672797
639127
909502
527152
682310
451975
157806
970256
340965
455362
857522
315159
751329
965838
767640
834237
506777
520631
553817
325526
764780
918988
361838
207211
884005
376065
413644
545574
986050
119410
341887
702694
46943
313095
666271
663795
496580
737010
586800
640651
883144
16789
358492
801371
360096
119361
98309
229001
628744
195482
953930
149422
8396
956694
917336
429089
650099
642852
242346
66862
557449
22377
304286
317606
435976
701093
581557
353616
112290
256820
80615
583613
384750
883505
677729
973562
541740
558133
256412
989086
429110
674877
677211
101186
678534
6378
291265
894224
778846
891745
19340
692340
375448
973650
167922
199664
416202
844438
653142
15052
316565
797170
253095
148906
243083
225849
978838
349432
304634
337869
775218
785918
185753
438534
117217
937239
658958
552875
697853
426492
468634
321884
865352
343676
69026
364179
129806
97096
564123
157759
890198
333546
261584
602704
163076
493910
781267
584785
242446
878745
627902
836142
349977
624494
960548
927767
31471
882031
807834
469309
738655
987305
708251
970682
532338
483656
297756
396365
24005
324593
135021
226818
712136
872303
404617
475120
69393
960132
310842
633692
165342
799137
619563
565180
911845
778418
846732
61717
30810
259472
719964
135301
405117
56026
222358
284381
998108
210398
46266
392806
248108
887280
540022
27653
836544
225245
237041
961337
341924
213114
39285
58560
693273
280277
804470
477401
133228
989197
852931
13093
494133
315454
599880
548775
689833
964820
165501
932650
951069
305153
17519
83138
24728
707145
847081
112618
299923
879162
675007
373453
401295
338490
244150
709728
634899
500088
767507
956460
590017
220677
649343
985257
323348
6011
249235
304006
966585
256795
371910
576326
488646
903221
88752
414596
641755
661056
433274
479383
189524
396041
690021
415056
880040
766856
390259
388384
40225
574735
115894
529943
289848
448796
917875
281543
541964
394829
263153
301639
77183
613043
968292
297427
705837
922239
702705
889745
511306
303000
791838
792366
253271
10255
666584
188391
132545
769258
349983
970020
790998
855261
960274
783934
373604
588247
727954
892258
799280
81783
595606
939405
605328
286623
607819
498679
464742
858849
935973
75084
142009
299799
6855
156309
540913
225807
548811
324214
580911
167010
246446
450064
726663
561638
813019
737606
699291
36217
803730
759453
136469
273534
431861
616573
373632
556388
321839
596116
635972
597473
953602
924250
995388
518335
702827
471215
472309
344781
99635
427104
958662
63094
785365
71752
629447
397934
743687
263059
50095
771272
882343
690206
821774
270692
77123
588282
127651
236806
221701
919568
455643
267331
689849
919262
870055
506133
858109
208607
100472
865037
981700
94409
743194
918695
628038
794416
228650
890425
213320
252616
839285
520262
159811
914951
349487
629743
923316
649961
926733
691273
752895
635149
386943
46154
784385
477309
941069
492636
511473
801867
507405
390868
950833
930518
133247
651324
547319
262252
965957
255884
2386
798666
275778
545784
435548
261630
377229
356003
79227
269741
336338
385073
184851
842929
548229
495802
424524
208282
908868
751130
332539
425174
74569
896549
936623
553003
600648
398200
297690
178912
459819
992810
366619
317180
641000
567074
704228
7590
55931
673218
46093
969195
680005
7233
431028
565790
194753
360919
344782
405146
901471
30417
52623
902883
435199
84612
170162
430571
52491
981086
464549
698928
534641
970136
835541
487554
59132
719687
831825
732835
716366
758802
474781
635719
92796
484862
228566
76986
766918
899493
183420
319649
969905
412550
341217
556568
654083
417141
198893
458171
567579
3699
478540
192256
79850
820632
140788
234242
215122
583213
97238
596312
366617
219222
164640
697700
797897
278956
942573
922664
475816
225513
643466
318034
624335
658557
993830
149784
220010
856253
464981
265790
194251
68795
510977
91061
473771
217328
885230
557405
213245
862230
883495
417323
127856
432915
431370
35110
537538
343759
180909
544715
971644
503654
330860
756689
741390
463865
49105
672391
134855
859359
287134
682649
420592
758649
763257
978801
673862
3684
211060
790906
834387
168007
750905
147263
964712
84299
298319
981810
710713
80170
837387
886025
451285
966753
44245
188739
414080
267135
282710
902473
429807
920096
889595
614959
26143
604403
408425
343321
166098
337590
404925
225658
482919
289923
143422
310008
870293
696132
605858
899756
312387
821891
756153
628741
12295
7324
225530
323276
493050
903379
983337
193346
229173
880386
285537
399205
802218
335147
541187
154001
286368
394796
822139
389252
950540
182096
476972
283578
313097
287554
362424
877623
415989
799260
562861
62115
896999
157277
247631
831887
913808
424953
850750
587222
724973
468043
789380
150750
621030
279398
263741
455742
531846
864137
813347
847545
353368
439728
828277
419625
171290
932359
144452
583095
71841
217594
731482
321735
335817
756135
444743
424176
453654
119669
914313
539496
280876
441982
899863
587967
660839
817384
714634
819714
826136
420433
519337
309696
16797
457960
521999
135017
830748
671897
541755
76050
232539
329568
334260
552660
25983
376639
528855
737877
823648
245834
253439
649566
348805
381216
681231
884395
306945
116532
913310
392706
94505
342025
570176
451387
919152
629500
965549
873950
933986
131963
749905
487977
996153
7636
445552
764080
464223
36968
167027
916191
255681
95230
705810
420508
31244
859443
580576
414663
463432
950479
802414
705123
407373
367604
234269
649038
632165
93936
22468
878636
743808
977969
306169
498786
490830
859544
326912
509758
78333
523174
944910
745012
908239
544083
730360
927172
972566
550845
390461
561143
606159
121405
785644
175687
466585
468758
922676
242910
336592
689351
542278
510391
477963
335744
325288
679841
528174
974705
684313
619746
729068
210813
556445
732088
669148
95501
3300
676667
961463
237826
386075
479774
860972
711170
430670
309396
12768
25332
208760
162127
687493
939270
716329
764835
3798
174507
976914
281545
414380
402979
255664
881792
847424
349618
830739
262414
907838
860850
5386
795493
764290
331716
738477
828512
594225
772258
85831
559468
738999
269328
104990
398724
532632
529329
8351
337492
954869
466166
815723
723647
46494
656753
470456
937532
105742
331016
501477
375451
108231
548932
825887
409062
251275
746377
716841
4002
741108
331168
727307
980661
27441
713392
371417
72545
735261
113612
139934
948910
527677
692326
582118
144551
68310
683808
857957
193786
593385
33155
297159
553155
836684
877769
88597
831522
106471
768404
454208
340872
580871
962434
269134
964817
192290
462296
244830
697995
399080
447195
519897
736534
863874
545853
659383
555235
474921
830772
174699
785118
689766
17959
741165
417256
721378
445122
963746
497021
26793
796586
567657
819253
151743
60618
521924
251430
643807
698314
970657
139750
844748
299297
695877
291630
694358
110977
583188
633946
597036
989937
698751
649613
762072
969209
436170
731697
668635
701494
883704
668572
923045
110669
505494
702222
243569
231996
65378
700311
911483
860300
370006
155861
792351
405219
798868
795675
823567
172534
272943
609134
697457
605851
628819
721321
691155
786428
313107
699840
672460
603880
828237
470113
995568
509379
3580
746870
997423
900574
965722
77639
202762
382177
693104
727933
360819
969957
42683
932609
457409
585502
53884
717763
816525
832565
879069
105111
673068
50612
44347
919673
344648
600923
731796
983601
8093
363280
366799
796242
17550
968370
210722
767644
271841
543374
56931
429633
855070
759658
634607
737029
116671
577471
309809
849982
327828
165125
880656
335483
783350
178470
905079
993537
907301
717076
140226
349169
887169
184054
990466
395845
221089
239101
571373
14009
340372
42198
620197
614982
337394
391928
322723
283657
550685
823964
115840
736451
193817
58189
648160
879417
980486
784981
184443
854332
167542
935447
760585
28419
807215
575931
543370
954548
520254
412483
181167
923393
811894
484925
695336
612271
855748
599505
354443
861810
883632
842234
469149
256629
931698
215121
565313
945206
257646
381637
142970
589645
242062
326823
972959
743756
895483
89058
358042
766530
373112
776520
25692
194906
554523
277703
990305
254113
619816
660090
940891
409381
310155
223324
310398
838776
279218
217047
337511
568020
168197
733946
36138
335192
198467
699402
620918
358833
324538
618543
613479
93972
683171
535823
182504
513575
977367
401464
878595
962175
768562
315895
263303
431812
925507
633542
881493
562673
570732
855073
565511
746744
663005
70969
135164
149827
289831
256322
731268
369620
410175
90983
757797
757965
469458
354270
938632
702476
126143
458837
995267
971822
85558
473803
501636
278709
203115
621500
390422
674180
878582
867892
198483
46855
719754
437765
264871
57967
295376
192148
159612
238491
227679
245709
10759
110290
918106
370167
625647
924397
670631
734881
377557
405778
305799
231740
790724
774618
508567
292675
175927
449684
733922
317140
444737
934435
218657
318114
469597
491842
454352
748100
968978
469736
651757
187173
302466
127879
237136
687390
946832
354734
362274
464417
800684
324174
370299
816460
264061
821913
842780
691421
950313
472390
227333
851781
110852
27185
257333
596373
130770
417504
218620
755285
414139
946337
12926
64756
226506
790031
474502
626457
407457
740403
801860
694936
854461
558214
304869
298496
574178
841492
39821
697681
738339
94973
623476
610250
914832
560214
130330
658785
114428
311596
983976
636684
44521
589928
112165
458300
945619
676430
361361
967914
753494
364576
357217
290698
986172
618335
948568
604059
918887
538417
292031
402208
345175
59358
937281
207849
194969
350580
166053
252170
566605
469067
58408
348077
478226
85795
819318
407428
13712
880617
896581
668246
95201
224473
162063
983355
513180
451389
953514
82083
27776
701587
580741
676368
422330
590284
377025
2148
592723
329457
359145
194644
607866
579872
223568
810428
229225
192693
546118
277389
764853
464388
407414
306465
457399
771586
977439
178223
405587
76099
536237
73882
752674
230237
336179
704100
160768
227756
912456
737984
196723
736559
343931
680196
610294
22160
984115
346621
238370
19585
401064
556125
684024
809410
671544
68623
498253
414015
585255
192619
653074
263765
984054
168773
69311
743541
748254
126688
65628
231393
95337
888704
595372
751380
130606
500701
635254
587967
475687
27891
588401
240045
120816
69622
115915
705991
776927
77475
752854
842868
331834
380658
369103
999128
978393
76776
682957
835262
44889
215113
390851
462032
554106
762538
390578
884803
600726
345443
159278
892688
446271
475555
595722
469788
134387
775647
602658
44729
814078
194659
12614
310085
596013
108361
479294
404720
124074
925638
979839
944220
552057
622497
491880
678621
257294
534144
652793
225759
928968
985371
91537
635303
928910
703249
896865
32818
51013
746841
625011
827065
436971
618961
647697
893846
531155
33458
696211
190656
877309
371173
680649
484274
237713
196846
67200
534379
902008
296007
288117
964622
698775
83912
144852
673193
151337
865409
329963
792594
248120
863018
808944
942254
805432
22514
65259
166347
927936
948083
947521
371693
548838
615559
839839
910246
455669
341172
703487
53662
71182
682178
444826
386099
329816
441582
883818
267833
875301
980855
745499
502626
203107
692821
150157
583353
167227
384969
823304
849161
867401
246288
737725
477018
738489
140849
514293
76059
820538
433910
793241
971611
97634
577271
184797
942641
911902
736337
126473
308604
103636
144374
612069
156677
121431
986462
154944
978689
534214
45468
167773
969074
847617
470795
348795
158124
524745
448551
679680
725045
20980
345784
239681
292870
631497
619816
841520
444526
187198
246774
670243
191126
282443
713411
649533
374751
824874
488650
515323
795047
965486
321773
643485
805291
864125
99050
105198
289414
340460
932652
496050
559896
542005
467902
115884
458370
332695
85210
610313
814093
938891
652832
175212
59242
256542
884642
675415
723284
256239
329884
733234
790930
395527
765441
488060
984280
382224
343088
830667
368781
185332
889541
206657
895720
227475
836300
78477
18611
946656
948561
661595
342194
691673
172179
469785
283293
785441
827415
478695
169224
891387
639832
697243
272356
520293
729435
772654
849630
230351
123297
951110
443621
106294
497846
418720
670729
104482
284071
219225
45823
956024
778065
198938
705025
138813
970323
111774
851090
779880
305189
488610
984671
251361
320834
790056
151553
908188
891905
358375
463199
967053
605058
789266
336817
432903
516931
50115
360159
276853
173586
154820
118023
452083
906397
40186
286942
397386
742885
659311
348014
66182
592209
307322
621885
223734
43487
850445
324558
972736
59701
828443
364929
619998
974678
989156
979925
796985
504368
527198
666062
531488
254418
587266
296689
745701
301818
914416
361773
153620
506188
327999
496980
518353
41695
233829
718726
131213
951410
829503
782510
235556
575228
490751
963942
898583
712801
164975
980918
874593
104896
877478
724794
301240
356073
135174
388897
714337
913516
961838
645521
956528
370701
325187
738472
554459
596435
520918
943646
478650
940927
654130
911046
549150
904922
421573
171955
811275
623464
32617
201016
43027
54584
328141
155783
634960
533469
21188
170362
790461
36791
47658
994992
983409
712106
635887
305040
484410
140209
688769
101929
996370
748043
301210
72442
930113
347411
161443
282445
207502
295213
510915
729598
80291
125660
413897
13529
327868
785585
128434
376609
686027
185182
468183
739437
920940
939689
453110
917614
1000000
406076
506203
467019
976360
675737
177130
859501
581088
472362
419468
994007
789685
899638
174708
802796
361381
753840
172429
97236
640849
841322
945794
524218
889185
564199
765225
994605
350836
244109
379981
976294
607554
921721
544918
889449
643153
448685
544471
148548
745168
580900
331700
548660
918996
971015
579502
603815
162412
188088
685645
647325
212771
2187
751400
212775
733521
470228
801940
60754
251102
262619
86951
340253
13525
250028
499496
679909
46496
871819
966613
824162
461606
994821
309711
341386
603837
843490
617830
39635
396174
355575
839357
464982
881860
52184
750362
707855
821296
389162
914252
515649
969149
338134
577273
569398
903627
397529
433219
753572
439658
67256
603287
303019
637620
269265
508626
899323
602183
232909
649103
850387
390109
216370
330641
451300
445386
224533
516106
808468
568274
889388
938182
711646
794149
761154
809463
787862
929656
903619
404125
581258
597761
482359
622162
729477
374351
365004
205487
332205
739331
959819
693855
727820
193839
153453
959038
405931
164873
202887
804205
773530
455371
763552
698293
516813
132075
474723
156948
74657
998642
810223
500521
754684
687164
443468
461369
904849
772427
646073
542364
283267
921287
686305
852423
315489
961814
663148
165430
859792
758676
793841
702518
852934
565423
513736
470156
943794
600098
278589
61190
927098
442636
665058
93212
522076
591212
644284
659009
986550
409916
287965
918156
736928
265447
924818
853438
119927
734695
917362
789359
199989
656447
437719
55706
910332
212306
85417
805825
55410
338143
594517
521982
153285
588954
307229
758824
937871
270695
16394
115358
953621
332597
707388
359603
457770
959605
60834
761334
336241
844918
11780
655772
247039
708255
521469
454989
748639
920584
363079
915080
790703
174389
567279
395699
451815
276463
915367
321731
335610
998913
534458
307588
678613
167564
206362
220869
573700
820040
549397
395428
650100
335447
863846
347505
640659
155591
111592
822402
331027
464805
463653
344275
518670
589688
955725
432599
969604
190561
707266
403551
996671
278605
50704
584358
831255
781844
670586
502583
986642
447089
223599
391675
372387
355550
84124
290851
259603
573388
842011
978542
417213
226620
307977
309079
897971
986877
196021
605727
416127
660546
902067
287474
789380
986335
449617
700344
519298
613408
129313
728379
411064
628870
227893
812464
550243
569759
46505
510500
802917
590273
123866
582788
964417
258722
441013
677641
242307
209943
156842
309694
155773
824744
399358
806511
709611
845900
315584
692272
113976
416390
689619
473607
43801
924251
514282
660727
541592
707374
415443
279338
19691
96186
353642
344442
976322
921324
260910
254812
446496
982555
361072
171177
20129
676261
589991
899402
71642
63783
953441
315008
812637
325848
397588
869774
156059
781378
610515
745859
369828
412575
970140
855847
616587
581068
214286
606338
116709
454380
751543
651396
483632
465628
703244
892820
934863
58254
14642
706808
214963
613764
954680
335517
470
304043
22952
179396
571425
646162
369395
552073
640110
365893
304009
665425
650343
189834
876554
362896
771085
56951
336470
356341
593749
381422
117120
127090
299245
990775
637730
465963
50652
559672
632906
452282
669511
742739
221586
993757
196879
861020
891982
974909
817560
771702
272030
503899
859685
228553
489570
938073
905695
222433
269069
622883
298293
609510
771731
834488
762012
914420
387324
912921
836279
765655
906842
39884
898387
675940
105111
984717
407113
37238
530024
380306
387207
855428
378782
766714
220584
452316
604315
744913
309118
457022
366113
394114
302322
414679
832006
286170
135427
912729
924868
319733
855786
579187
536237
519047
160414
566898
704699
148617
932787
995572
160389
760765
539358
504772
12494
700320
571731
353367
624696
221356
663951
894306
571862
9799
673458
695766
100703
34571
803780
655161
550077
686387
98968
679586
550597
970078
659725
607441
874690
800451
700209
853417
375210
665010
638593
822538
423538
581123
12428
583759
936829
684125
517430
391201
218416
567076
908567
833718
224929
397632
171971
449642
433773
149447
976741
153976
736488
600710
306436
238741
574063
380273
593192
843753
460378
544868
767253
209002
647054
498389
756214
574487
484143
38745
631189
199887
632946
546063
728135
946124
882064
525485
223013
466623
985878
800165
650484
353224
415769
195699
909158
86289
587720
558918
715386
313353
355162
620936
470782
584824
719078
999308
273269
641988
471633
793171
517395
375807
539297
958523
307428
453546
530288
529797
50189
589067
969597
431873
651883
426278
896861
67992
39256
698075
43855
803126
542092
838300
916524
1938
224735
430920
673277
501531
986668
807465
614055
476609
99282
408839
610241
990364
686292
856103
7686
64765
465440
466659
816166
82384
214957
699879
537079
991658
374077
49797
501961
978357
572546
616886
615510
871925
521885
34286
92824
855286
708353
718042
447861
878292
9014
41465
944918
454631
713850
436308
794069
36169
647810
97820
202132
54725
545758
154910
157867
505565
384890
533157
287865
607224
388032
881708
505628
480230
615579
197950
181243
771090
465431
600876
187072
626051
879140
793770
795043
287374
622778
172167
670434
762076
802710
681352
310861
765588
673442
264480
391229
362340
667314
129421
333988
198321
243178
236305
656000
617497
948606
378892
486506
946081
909586
966259
610187
166592
369472
289903
471021
984839
556727
994772
877615
228907
508416
544956
774803
941297
75484
59456
477170
348084
649162
658
430159
969046
514021
363834
954632
894465
303721
519019
791272
441497
306134
343681
654554
471104
154861
62426
143993
436357
825431
837902
352450
897258
360805
761612
367403
288656
727666
777746
541389
567489
809957
913416
234364
900442
613843
725690
212919
604947
508865
755057
362043
856876
204295
54316
845554
822454
779216
387072
893192
731260
596605
966729
365022
472268
370729
842828
506584
931557
248327
68075
225874
714174
925032
916547
922991
669681
929305
148518
222033
358851
445802
690672
560677
239056
301577
343496
982293
131479
241484
13621
518433
877856
799181
712986
717064
289158
855855
185167
246240
871525
369279
64926
316101
388192
206839
14999
502894
234703
158940
303056
143259
586820
129798
743741
880234
722488
309504
353384
756233
432983
545989
861773
597894
561829
463339
325716
890499
212363
823516
44587
242821
632258
180862
501632
270187
784283
987189
966936
213883
878248
57470
267599
235736
756427
510972
441388
114256
937049
595216
873888
44562
459882
631905
227611
409149
202239
788219
293899
789843
469968
429779
296755
242636
26226
638248
374500
711943
427298
911174
593178
272923
551217
746021
303413
598028
518475
412078
306513
113881
761637
857117
162693
620146
782595
38145
340597
62792
530595
613729
399124
303932
263369
543993
659770
897081
588904
325538
514270
342237
827434
541199
308080
898066
479196
362739
747478
534524
761081
638912
626688
194763
132690
576395
412714
601647
91990
78220
12910
950251
663748
620033
109315
625027
665066
193329
768278
745743
520600
932046
126851
781554
666279
956340
580976
33828
650079
697550
117190
131882
691977
357975
461709
517352
812946
888126
255971
738445
47577
685091
155673
469612
536342
512895
186155
223723
160870
276320
677273
462036
910391
117201
986662
863561
386316
376280
619052
94676
48493
330840
979546
296796
116015
417815
500812
698740
345947
359066
463941
501134
269246
864109
805772
934797
761677
387647
248032
744760
258226
156393
766360
201290
500343
505871
403036
343526
376654
780575
497146
24423
804026
658167
836070
134614
839006
617507
995025
848821
676448
119620
233380
39544
861562
717836
535897
475347
564701
464549
899510
944174
608129
811825
524647
825846
633742
39596
806520
57741
464096
388974
508972
857377
537211
869837
288572
723866
299467
918816
219055
903405
669141
902494
570514
815502
114304
595300
407893
505090
463546
166293
496194
63698
611401
643675
736090
781659
259950
490956
886222
563203
65847
784233
481623
529990
168354
980032
900530
198958
392105
23729
426556
381665
293295
566349
326117
201236
735557
362202
374740
566942
637657
501491
378008
279207
120315
676620
545477
73919
123277
431956
470963
64779
98503
928691
795151
841434
407781
98227
659420
810517
708525
862971
883978
760661
574880
748149
845297
817935
744701
246481
578666
942826
979052
823011
607050
70065
657294
966824
408508
672164
106590
685670
223098
953449
97732
143473
300008
501152
643510
913673
651021
261204
845771
548001
881454
568525
861790
229435
104649
127362
381595
870254
679659
574315
281129
343241
951854
178869
728948
370002
569683
981711
660822
362727
43448
730146
643297
628614
103094
939805
124811
905832
432793
19182
968567
783048
240509
898508
758428
914945
242113
443505
257428
726293
80107
166629
274115
24202
212696
459382
10018
516526
195358
581060
356519
315644
674432
729976
347603
462167
120845
625429
961431
153395
70165
776231
857636
93459
413257
92631
373390
910700
410670
680928
907292
488041
663486
217820
699950
740936
178843
347576
335243
310241
649072
640071
619399
727047
628774
493681
214989
9415
951872
724748
484110
516430
322836
210563
375238
997735
529383
75122
785576
312545
893923
941396
649830
182414
978231
682260
652063
852456
737547
639103
881252
790927
487455
604123
38888
83054
734655
972177
146308
909179
745573
687941
322661
319004
592107
83590
285971
675751
550955
659233
856094
61442
356213
902608
848615
196138
353900
493904
536328
45967
869693
569744
770849
331163
951229
140805
344320
764179
555487
534939
199788
986582
645006
243973
427086
888579
403757
674101
560189
31608
342313
52904
644133
476533
609335
561560
480594
726622
462511
887381
427743
974175
248132
555118
834613
131434
823967
123657
19522
119516
458840
269330
95289
128445
774801
835728
773567
210342
233710
775315
516345
540093
880500
854154
201327
436700
62845
649201
106269
935568
459350
898983
302998
329405
49717
651613
245845
402463
655130
492907
3298
478571
494592
756733
376734
765012
483200
334890
78891
372905
836547
284069
995002
265755
348066
245324
100914
174493
821788
46878
81530
96164
889075
763594
283235
579982
493923
454562
443637
42015
448960
316782
28309
842598
405867
205021
850639
118078
449264
327447
552582
579888
982207
934638
790005
18422
399110
193394
181857
202202
820839
906787
785693
57469
753051
524225
818105
757876
307747
972352
765769
319053
168614
49944
209357
899119
30956
221368
264578
637215
11509
129882
788292
985567
81079
690098
594974
197681
307699
332800
576816
432057
573171
28933
25787
571584
341986
439377
265549
777813
949895
3195
951492
699534
189792
378027
41152
199596
256279
196113
130921
333212
557923
408696
692889
161818
766334
663861
305064
871920
773182
239865
471443
814109
635603
203718
391624
388944
197084
119359
961937
389395
532326
585943
354138
163205
184066
102699
227233
725696
425729
974124
404985
587033
457550
530613
456698
291013
946409
313211
866760
833752
91516
651362
212926
331753
74011
229292
950648
896274
450973
74892
236986
209748
246353
757337
539969
14871
788191
318494
500131
651406
850109
137230
243045
405049
151562
868949
143193
88324
651210
581257
286706
537165
499839
878463
986342
351427
128672
796410
311806
908202
551865
896575
337277
807418
387998
128580
80491
833831
284877
728263
239997
362940
511327
606842
98402
796961
204139
585947
803500
868219
995640
794530
770329
625522
919772
99412
487422
846286
428917
662517
898383
968826
145475
264858
778189
834091
887905
539420
214668
401434
553182
283113
986336
256237
710076
145076
930020
469172
610949
207757
177638
791310
904132
607115
248434
79660
357607
625573
97722
137581
825967
176992
818783
454121
209361
819810
767966
756618
407789
662374
671898
217748
612136
444617
329985
308613
195688
404993
298270
91798
2027
675373
469627
484322
370756
667718
190193
120350
121460
268213
572558
862854
487649
62911
331809
471705
312309
632475
347620
218618
457814
168101
946630
996344
852221
738794
214549
395303
788533
879331
991493
44653
102259
802687
192991
611481
545740
235161
418569
730861
342487
809481
747694
912764
800607
549974
877194
274030
642501
666825
217427
904289
178609
291869
250119
362666
278322
899666
552655
412857
517306
685792
605069
122394
635311
596041
24711
335384
422959
614920
892015
319420
182243
541413
660686
241907
279678
796650
733325
854477
742483
392368
344672
999074
46097
542930
233935
817935
120412
984451
866146
82014
183432
996092
36841
235012
936116
497229
860389
409155
706689
544085
743319
132592
409518
974541
403554
615567
219346
663486
305631
991450
463860
125715
578110
250657
175562
233225
135891
586507
357581
333058
593925
73786
22133
621689
549518
100173
490454
553425
296111
961854
828375
881030
415540
808556
696010
549124
612127
648692
737901
161174
427700
187960
530685
849847
658144
594113
228401
698053
17863
663361
93466
113683
940073
945841
692501
825053
298480
832793
764841
961494
762456
13294
273476
727134
989691
66837
117965
901520
915640
329862
243557
962359
842111
313932
518784
82464
266428
279272
270937
303370
942366
261397
877719
843514
618563
722215
495034
836651
713986
722701
414465
990179
150612
682101
411164
787809
707615
54286
154633
943859
441249
321129
195150
424676
792118
372921
280273
672977
373061
758457
268631
628700
920909
975212
427927
782970
294856
799680
754683
466664
545017
713292
683314
440187
188759
57785
634100
329108
588502
474684
631060
237234
246094
324609
801147
710241
80458
775331
333062
361168
237680
429272
663166
83840
539464
213866
715824
788697
669354
210016
111209
36887
724808
133691
960336
285921
565269
831452
66464
340922
240594
760131
739456
210896
836979
643186
980544
416370
951602
317808
760946
35551
577327
137769
323299
504953
519234
579058
872181
334425
192351
398251
778842
309244
799909
197310
684399
953242
31107
590531
65714
583191
380999
444294
103010
740371
584901
258912
294770
851804
793952
734529
431529
400579
969976
85712
807513
249868
921840
799721
750329
696254
839066
102085
909474
832603
762690
139448
117858
844266
667284
355795
325312
551280
936234
806377
271118
604285
841654
687279
174180
307810
247241
340221
888254
761792
424829
14577
902324
338171
289797
742834
46738
920270
679695
649170
310675
769848
931027
252109
985279
818325
699
749678
640350
840711
334511
4369
387864
718355
271420
447299
566506
393032
613536
826821
462151
736153
155572
277296
988745
992396
431414
947954
80210
921867
313331
322870
718212
561496
231437
910690
300888
83486
546670
923258
954015
816610
993226
511714
226515
215384
564298
562176
363545
977682
608026
86464
90390
662100
553104
121329
266155
387522
108279
688909
324366
883770
325816
760341
586886
651326
562084
79643
741059
11530
519969
147225
936151
166149
965486
755839
815509
433234
717652
322954
347909
587013
60587
253520
321856
836659
844870
957592
542702
56290
399868
108261
402522
367519
349844
706516
337775
983151
977484
391771
689170
265373
521606
194225
875355
886514
618320
216717
561265
199747
732110
148166
754496
51300
277254
740249
62234
419578
953672
226249
726503
633647
487096
395297
933962
527422
861561
611093
542035
141358
18488
26631
178330
980763
328722
221669
168574
57775
764259
21615
511546
894832
38892
510230
999201
957940
516000
975168
538806
360751
526731
928232
687146
904173
80288
487715
358962
266907
30365
352509
208260
229887
831261
293378
120943
678664
274682
642136
477077
600319
562972
836361
886726
522077
563811
670431
55033
941815
475245
135016
873961
249365
196932
590105
785290
927008
266087
333199
549798
333817
207091
706801
6425
329574
947886
463664
985189
780967
183217
396144
159795
751783
490735
252801
947815
459406
235173
382534
766558
777779
511136
677558
558279
800815
981606
861953
936091
45517
31490
707402
884154
841757
563504
368595
915491
275687
405024
825335
627536
791485
311018
179792
725868
561258
596303
636280
550642
572102
579304
823213
975267
729643
867566
737166
950563
396162
462565
293890
628145
621622
657765
42744
686274
926603
337478
775496
3832
13831
942439
469816
186628
629326
524251
172892
695381
201100
759218
789461
585851
331914
145503
72889
681373
864804
955083
837587
30291
481362
38261
483969
221537
975010
340548
362684
646865
665542
745835
131765
51564
726985
23223
816666
35092
660253
319992
140215
315777
132497
816265
625210
72342
520542
731198
470543
303967
429152
420522
16554
954986
698914
538954
19170
5183
596050
163474
161402
996285
98580
986513
882556
272978
508210
32003
871807
858134
782320
114291
582279
300933
154045
592267
655819
587479
520966
273018
708241
559358
802085
618368
332982
739195
879287
783193
304138
565982
145356
748931
938007
172824
127031
941102
191235
979006
935300
745792
739275
822748
791241
440578
677487
974964
820437
864426
40365
481554
709510
505349
512229
52237
544503
742017
138843
574876
248406
144468
117595
48082
79891
360461
676151
407799
481780
384949
449004
208965
609349
982817
284899
226556
283693
381975
953683
307874
842268
263707
964739
781851
501153
997397
580077
772448
961496
618400
282686
600415
429504
993777
638267
495023
229227
616866
494525
93167
568526
446682
238557
433146
78904
491291
118890
917128
840352
364904
38487
388644
594327
495313
449010
495429
332060
761500
940879
468108
692622
64402
143235
565785
210108
119651
616716
859978
900249
108919
693710
196754
833739
157074
9912
159281
211682
48866
828485
92821
197798
768360
720799
855565
317577
110657
36510
52454
426171
756304
735021
375268
464028
743114
496525
979039
619725
605854
533043
353591
382943
758591
973901
943669
7597
600143
883235
544447
49990
867433
784216
357752
732866
829067
156495
247666
945974
49375
557418
115536
499010
59300
351597
307581
351815
843518
343937
763395
256310
72086
998613
558025
115460
531823
565343
414508
482105
251719
974528
107064
48296
561445
425158
190979
33977
878662
352587
731622
463458
667422
577850
111385
114740
417869
919986
135210
43729
96479
926594
297562
439804
470464
529172
9428
184841
246651
78695
187722
984435
920237
233845
731758
245452
3338
503347
251594
105039
942155
697463
880573
500241
215091
988851
63059
693014
822525
289887
107391
742912
130532
282421
483000
581731
728654
529302
703213
454324
996502
751754
637157
320031
744180
191909
839735
433527
840588
323525
934499
754440
53968
900407
181260
459272
121234
895353
628179
456492
687593
332826
15185
135384
680319
989566
710768
381870
948790
328126
943847
608072
956277
317996
306448
509056
504339
480883
917415
712236
187294
7453
794785
132967
647
428143
174822
849290
792814
932463
568557
126266
857862
52230
263283
836059
232933
387072
789912
724643
387627
262831
953942
240713
869004
820527
134814
508955
861883
452869
694225
425519
624564
590049
419032
940465
297510
285251
907680
148060
769724
528890
262261
107012
804423
825670
331066
512975
330698
145439
906243
17028
541537
846159
246095
380667
13390
662330
47141
748596
878561
285118
645961
196292
859076
852661
419931
781418
42912
938775
819853
355840
780464
81341
647103
354637
744608
226752
495545
457335
926305
118208
993604
128086
529100
79809
852133
90979
688432
987439
460855
764879
560826
215682
81892
212528
690432
857340
975936
574806
555498
455887
139586
177148
251197
559709
468191
700954
205829
979159
525317
250008
8863
576134
4721
253660
127584
655592
864173
20292
277029
265714
706153
167280
653369
36853
655541
578806
87644
734619
10585
858169
856374
851152
551890
761940
232024
539581
597161
926255
709738
202927
185456
586420
955255
402262
274396
382684
459858
15082
734970
514979
244899
339368
297616
286618
907537
431610
8273
17307
58062
655925
433211
433366
934266
65084
955153
624138
678517
83778
851696
321616
383940
14892
648017
968977
995806
473364
200538
270424
916948
682538
890081
66946
431068
25909
700926
471890
631865
18807
673035
568865
788936
608559
437562
488306
855592
766776
106132
217700
215879
116623
952138
835584
661318
584882
164409
172339
790792
584035
17535
980629
247388
489036
164724
453415
979332
280956
336520
718492
782882
110543
725367
257934
352510
871660
410859
576721
206582
755112
575022
493797
676611
229001
749449
906821
841507
578789
257854
59868
990441
975400
338399
385559
914909
488115
36106
310485
692113
917474
111042
460860
723585
407206
210922
495973
879973
680273
933472
492151
798551
634993
268787
730001
349724
845331
335555
299361
838097
893865
661364
205650
36596
569990
985486
751266
557515
409797
680436
620689
221492
819466
832895
983925
587595
724832
189431
743083
684465
753922
323629
98088
254271
124853
362680
922349
741831
854034
261514
9369
271619
944418
710382
285912
980573
196769
328352
313465
616794
708005
727305
281502
257508
293848
443029
293324
794610
692833
686003
228194
852950
333410
854504
19623
890211
606490
54736
834940
82488
599914
670771
436144
166510
174324
964608
792370
928218
489631
41001
971361
846591
630007
485914
685952
946067
335026
227927
891845
171564
65805
258865
541968
885255
245653
901860
774905
898101
855234
408336
547010
21283
405438
122002
395692
641028
87235
349887
645797
82909
874145
431676
808542
762988
10079
803261
253371
140598
93049
913240
80036
290476
940296
409029
157433
154809
862272
862197
219042
338731
528787
468683
821060
938363
388530
196219
431247
70331
19955
594686
451636
899419
162382
61231
960756
490007
339905
394181
488596
301569
189076
576110
712109
764838
520247
540996
405087
63712
151623
1454
591333
533176
770991
369238
935748
446709
260203
440642
613534
726149
47976
990417
753955
253959
752327
999444
630887
677427
373889
803335
958606
425959
816165
52587
861539
893518
950908
961601
924808
437743
624589
459749
162376
168144
574268
457348
725384
507844
614925
966011
925405
569496
437958
126221
415095
888598
951731
853569
999866
199860
265923
806358
928429
977437
621968
229156
556427
714137
570620
331793
441399
615707
275702
317484
648013
733351
806044
664553
149588
255646
422843
380665
332431
872807
330481
365830
510002
290108
873844
983880
382898
927950
790123
508359
849077
879190
925818
149485
908201
920314
747419
993031
631409
262359
581543
301144
190457
934641
542901
961498
200362
15348
243673
90642
339769
446054
35150
749838
280858
196012
490286
876990
634451
346230
740189
365229
922987
540167
652294
619738
728321
639332
264317
590007
731832
6489
330948
485053
459088
628450
356137
639274
561360
867133
60685
642201
653215
306762
974207
352636
188147
313051
255814
869687
863969
275806
732861
385948
554194
911268
664601
145471
571030
622733
544135
790006
854546
606354
126960
600111
612757
895535
650334
93614
317129
503019
770936
77537
555461
986693
722153
254049
956607
982973
341151
867015
883999
247484
255408
741353
523182
574945
814423
752624
845869
362728
619227
298583
330051
554745
720592
534722
571086
185099
887927
500921
963610
661043
459136
849279
190319
667981
726577
710931
299396
577093
470430
992642
550802
659587
633560
4839
915652
446513
228067
819969
774474
425322
940766
266223
534925
244096
918215
697418
310781
467370
186903
415391
206982
721928
98825
748167
562144
439573
641337
361701
571717
354536
399399
815228
255614
618919
243482
995755
677847
796296
152481
115782
900785
389125
769397
598865
36022
956764
386170
218843
569063
489280
582500
741621
292689
79263
782455
807758
90398
513937
340966
81772
520903
114650
998237
761801
242983
402908
611482
91208
122027
661468
710518
427730
543654
935470
601666
404689
800129
62528
996300
564489
245071
620353
465793
857230
57407
959596
764332
771366
813995
531381
31069
453691
711245
698638
327973
368765
726928
670294
306813
107858
58500
382495
314182
462395
672044
93274
47019
861124
204018
328674
199522
757863
51771
703585
751698
300287
478484
695907
901647
117796
503627
177461
974528
339111
299995
834425
66786
105451
801471
391113
205861
750238
648871
78342
85236
690835
853448
471676
289618
989182
593614
182579
260448
276043
702317
561941
256571
286619
528085
287479
620930
485787
620100
600582
509941
647235
586229
928847
250040
35304
18166
361706
418615
145407
82071
828036
802980
529199
526782
876360
517085
626001
258008
956074
69096
875783
346922
26192
190752
242870
361285
60316
249897
755361
696984
495514
391518
976163
459936
457795
843853
533257
437882
569836
848152
846026
487960
78414
473852
79843
381202
299186
286894
657555
723668
533241
911777
222832
93238
938501
24228
685797
488745
64904
776617
560585
824012
987111
166497
777756
493150
114378
344962
357088
284175
112131
732522
952466
26543
52568
264669
11268
575752
677039
186731
449560
725127
594453
204589
320987
195476
455338
820077
182715
283332
476397
457701
877478
300068
343456
874016
682817
611190
809751
952509
840386
907384
379875
819667
317803
861919
671893
253934
96676
548579
834673
105462
538547
299636
198449
702448
809754
974218
195314
522782
429261
242394
928384
500994
76046
354212
776633
68929
284391
209705
13728
380578
341379
161018
411584
73781
675626
181036
511546
997712
989464
699688
837038
863477
553848
591007
993346
768847
643522
757786
71890
747035
702638
812911
136500
531876
112851
840079
203750
330599
892065
499005
980759
857109
846071
892633
964878
531062
981538
260698
851259
684650
912051
81499
754520
649866
981500
940940
732988
55726
443111
103369
618172
390600
235954
423239
135486
3246
507850
710891
513819
96629
868291
261493
348400
51000
859954
265241
271490
621496
128424
383150
628747
981662
294219
28351
837669
106395
930130
944256
938578
596912
941404
39707
480230
813066
33454
561383
675282
585349
690696
984186
925709
948881
713698
705557
973984
250994
421320
938494
413455
672737
973519
414379
619295
207120
259379
793818
424969
800075
418639
987837
832953
606010
970551
654931
369795
936771
639541
994450
746915
466572
484127
258240
721135
708062
119953
994210
692827
152613
886797
400523
29608
461779
575723
296405
968875
227429
543998
159662
972662
793470
214917
655370
485541
975279
994187
124214
250887
299160
250588
616397
947302
437863
473188
947139
36021
496959
222565
641246
994517
151605
936596
192261
643267
268852
810129
522417
469794
295552
814018
889088
203169
734423
451083
583080
779017
60724
377451
49864
305958
994605
813238
953306
195855
633404
544235
453061
772179
579546
468401
163920
940865
827207
155763
798768
123988
142631
323605
205762
575417
965766
316305
380564
342847
879996
51379
312093
325018
619116
587565
855693
815828
182118
629015
198847
420817
989484
793415
789373
783186
552330
86777
452884
480958
64060
982096
934029
85903
155017
972
288228
81179
476160
2413
125507
737936
322129
977324
463180
514876
550435
461129
302789
449831
683796
521728
211873
679774
670350
878873
283111
533195
33986
751071
453889
381695
74692
683048
574307
968914
343683
134995
852374
223010
960675
660689
721760
158711
805305
542041
209234
258759
519586
911487
5742
196309
130753
288863
246258
46771
295059
807603
606341
117673
507312
442629
963389
967982
450720
397182
618827
395859
587991
937628
57924
879807
426511
178626
15884
881557
359552
385321
573857
538418
199231
869748
200258
835922
14512
142306
746554
378834
239017
732701
629708
466576
417509
743535
818172
273070
157602
185108
79416
750006
55768
285930
611234
365847
446102
647749
808507
309070
537530
820703
26797
809696
183436
613548
236212
733635
567031
508236
261035
52573
930406
680410
513007
161060
947127
398497
24050
954468
778847
575279
777182
191967
630362
613249
469859
139342
85580
786781
366815
474182
158009
614911
266345
232630
812958
279211
551162
669517
326442
861601
24761
298808
392668
633711
113314
55177
647674
241504
153042
317107
262379
650130
691441
385649
694002
446693
792636
353479
530311
853968
384238
366497
559828
437773
617738
249943
733705
225461
852232
228882
245852
520934
930649
621320
639968
939936
287961
29731
9537
604463
887569
588288
213658
992003
668197
177362
673907
280283
887008
676455
525658
240160
222234
67
246812
148686
253252
575656
421920
546061
208336
205815
206881
133406
277503
322800
634886
302768
285128
391190
777440
466003
675490
218926
150335
328772
655151
388133
347697
205478
157061
507857
250905
909650
757785
611600
116455
112389
8522
531853
992761
702136
925383
834209
941390
206413
62623
428885
608675
813029
94692
402758
851372
984142
917690
822113
172848
39258
263553
206350
911553
779275
728668
849578
622871
5418
316766
894444
79561
965750
118673
220713
779367
917882
782754
613938
939702
394808
51372
457755
9161
694657
304927
976855
220472
671014
815565
170687
596544
423752
922001
660913
36599
584268
846428
122133
385513
73195
729373
199483
714580
733990
936204
201312
842493
81494
987348
964560
734318
736545
940379
620517
40140
442313
468527
434349
645912
147678
267406
381162
548802
121748
389778
80242
459109
157103
692983
86455
760036
195227
667658
190049
927391
430616
634097
132503
283345
958546
587025
441437
104713
676686
166879
96087
501378
354049
523527
39660
376737
861115
941042
607622
109452
40064
665912
795317
624354
510775
783906
841907
750170
644732
810778
758082
580347
137616
890673
985970
872501
943280
52557
263039
788443
72515
909806
926167
383614
775724
109083
537208
967527
28480
362669
503736
736304
879121
454007
181406
446015
58025
850384
282606
687840
417363
37632
550915
94078
373138
461571
94548
998398
991541
835324
498776
982521
437954
286073
180934
313235
838607
66975
881974
325244
929073
698290
547555
815747
489739
506435
107346
21138
161288
944631
629963
786826
799715
832751
922822
116668
652003
413337
836130
30016
222437
544467
404494
932854
750865
156855
228490
202903
876015
707143
102216
145335
972626
485942
716204
563865
540658
426193
43635
493358
18328
673352
587055
969516
396594
203229
111664
67464
170182
113320
120127
868303
217987
714244
131076
830310
368819
579994
176903
653724
849485
775304
356307
256873
148008
642285
605111
987206
951177
348115
159846
871656
239837
562746
405694
734362
646274
939709
95013
780982
649407
848484
123984
42623
827989
576389
835421
664030
605869
552279
34464
177848
486704
897172
23611
324264
666486
419978
766311
645022
52758
241279
211663
513747
697308
838975
91675
198312
696408
192196
834890
541786
83731
364032
185080
381476
836381
939017
360767
577586
450498
685281
460794
238013
330843
914081
505829
327175
83520
639426
524000
569269
581147
894536
122898
564996
95575
209356
137194
892521
415096
553444
169281
703114
835525
867441
459036
293650
132832
168644
286669
18869
846454
301869
268856
845888
599761
375074
127795
560539
484298
773193
558215
469727
462876
104994
102420
480206
848341
935124
293328
20467
664485
842706
575920
729175
182489
50410
864223
590941
549601
631594
384811
909179
114765
466287
517823
755349
407575
404043
297803
347383
311321
370194
998464
31471
850527
615042
939703
631749
129303
94220
353329
51097
774949
527875
131897
272151
959379
27168
178214
470360
432550
303920
222461
736856
36747
369498
422259
632784
828784
174289
22095
239024
124912
430674
56558
46523
436006
88794
639072
418814
775331
684712
74096
741678
249082
233514
214721
189213
356408
257991
904084
5209
812017
938824
426470
88353
529141
229860
655926
207877
743010
823526
456869
444441
554835
473789
463733
637845
496246
549664
977844
979340
267132
499995
461298
561095
666281
854587
530029
110590
459531
519890
870414
213874
209735
788136
709388
5738
398478
450942
184495
15880
653103
394560
199983
296070
701191
588678
832507
284818
864083
177479
755989
919428
176422
811931
905242
542840
784438
468650
429791
398605
431056
764406
52088
350073
660076
815875
556114
879750
883803
843743
943808
604012
669404
314513
38419
428428
210063
210850
692001
39175
533441
599426
486056
63673
141542
342105
451469
923989
423972
624812
295549
788574
399435
989863
641140
574592
785571
629389
90908
783753
533343
687801
367181
296647
565485
801615
631667
444094
733039
947461
676942
862534
607939
671367
356370
419199
760510
942924
569262
828339
548984
463859
22826
773510
538433
33433
338409
815772
668530
869882
735758
114311
65758
176832
568955
490027
352870
392301
938293
776177
192299
480738
710243
801572
981919
40394
987317
415339
659701
763046
22178
186467
418167
411381
439753
154329
339125
992127
378873
273121
293275
673342
500044
287125
499932
350442
148142
407662
574410
814112
225595
168952
880520
36654
986439
801141
397591
910333
591735
487825
316428
861019
171084
732668
259874
440420
630656
530089
973164
400077
745097
429795
71907
303437
447098
804999
171229
377641
648329
934306
632991
593370
757035
224167
235529
127964
752475
224205
169199
490390
412026
4035
606217
48545
510033
238801
337088
554294
135346
790221
528744
100153
245180
61046
169613
691292
922876
701296
761574
293745
317552
8732
126311
877840
579112
114579
162354
149921
85574
107840
766957
515911
495972
336535
653039
567466
503828
694198
471123
871647
144578
997718
756079
839157
164342
562221
429855
663582
961526
551652
405306
638136
811849
866160
962279
26871
18710
428559
448264
283057
403050
126049
100691
746630
781976
506593
371522
447338
272890
467774
86049
284497
734742
470554
554756
139125
748316
141918
870171
241031
871308
730360
521438
414576
845941
552050
833314
96386
181784
953008
78030
863104
903787
706886
728679
308102
72057
779764
861190
794839
416295
219967
228204
332993
647761
639596
232236
375855
358482
687516
490438
396299
128227
816767
270740
697677
722202
703798
20317
280677
809684
398025
871112
410817
807086
438145
151723
526971
183469
962276
329152
763747
878334
313227
942904
169508
528471
39329
758954
486357
942459
241146
69988
529438
221085
664589
961250
332997
806748
120144
71901
445268
5997
412719
437306
776105
6807
660072
516067
256602
667927
100422
544691
358658
371491
135863
724363
674029
739915
656844
441730
79771
143740
17229
211769
886389
33183
653943
856588
865034
432862
533076
813284
165635
804679
411956
872553
327595
555593
215821
565077
533013
62298
298989
822308
468329
228475
695511
2663
593487
538003
479042
77432
79095
726776
932330
87944
80578
659085
671696
285524
107920
169797
716501
99638
177127
321286
439535
805912
772860
498984
487045
417987
753890
772316
687981
340437
347212
523242
740415
795153
61312
569362
299990
943185
799067
641108
487267
719958
786491
529100
176429
219776
329548
617013
411881
128025
945203
549262
162417
317515
89488
88665
521829
982962
351412
487744
214043
217548
614047
490259
248451
238285
428340
499628
628380
848592
456763
400948
801805
443687
274707
230462
573473
669395
209202
498384
878050
846607
163226
157571
999504
76871
505051
345600
62207
295334
242879
197866
743690
309452
345813
663706
731383
702111
506653
997637
116777
959097
798221
652858
230524
137983
798782
21768
576449
382865
310518
249149
356118
373405
337874
744073
381472
319438
202384
969600
598631
620963
389623
771134
442191
763994
623331
445732
70383
687114
222897
915457
960144
295824
543299
542541
98564
474785
274544
560463
460640
110079
393355
517278
191255
192199
203982
861316
465268
141670
910244
82430
193203
739500
231824
586080
562365
329657
753981
394645
585023
434516
586402
373380
168998
392090
364817
171599
338681
383571
745821
323573
819218
522848
175590
575831
869562
227153
906883
916312
274016
117971
833738
415453
558774
607238
519038
373555
378217
839789
397014
745936
666234
671743
648550
360882
40766
626394
882156
467876
607918
635479
822458
176095
145900
665592
515579
100685
679123
661886
981475
169769
160761
719767
953783
749058
325060
232565
696502
881309
12134
646970
784227
398522
740854
267599
678832
889711
407660
261140
607368
596721
462201
158130
126777
730738
920449
678028
913725
473700
671670
251731
418916
314971
985042
540152
666335
312976
880752
381949
654443
364353
119496
520421
457687
970294
989445
826378
430260
662943
599109
739597
774937
818522
108652
404711
941264
404368
553317
982622
598241
934911
542775
864084
693560
221522
973055
287930
823349
922028
246032
80289
902352
512131
688868
42609
102823
900649
755453
773426
39718
681703
147996
976008
320274
854466
346653
453756
348338
69599
898541
227700
897306
711106
34666
348421
393877
356850
127125
718047
433646
105465
226742
778279
753435
37960
863117
599714
316807
105975
576816
477772
599419
15017
178758
551113
676456
182221
472158
744947
473235
501186
945901
760722
450141
411666
322978
412393
264558
758111
737000
200621
510782
971740
697079
412241
450368
188914
425175
707772
21355
100354
778099
669980
748838
892874
735510
966228
105231
937953
305348
414801
153575
32028
761207
791802
129630
80659
122357
565958
787191
779966
54922
742695
999064
1464
713000
712740
137713
565158
141207
965380
778118
381809
848602
27878
68570
962414
46752
573806
42490
101087
828708
366490
490019
840467
540450
603762
444113
483496
416245
686046
204837
843697
523474
263057
748465
706610
721435
274851
390116
310664
866529
989245
362957
956710
348281
541165
978317
998138
279161
279130
363550
834477
915728
488593
561977
479881
813951
1469
297897
402678
232568
747382
732330
380445
232593
639920
149437
87086
51173
426260
652555
998908
508935
296427
79283
489477
83300
527543
240562
160784
456884
336732
630190
270831
506525
411771
122527
137700
960612
742304
812699
782560
396432
977617
563324
939302
798557
691527
816623
469903
15898
373369
72860
504422
722080
202131
428397
812467
711279
427718
746366
677525
59238
434297
806559
709256
168414
94237
974728
38599
257701
689566
762522
883211
845074
727669
481294
907761
119305
282458
965180
276537
462413
563479
311690
569322
5309
729592
486191
191956
328749
251935
776035
685294
914722
805875
989541
356189
841769
428792
745384
577110
175316
561467
331099
283290
370770
446244
12564
815264
937258
428269
705176
525713
636692
488498
391945
806637
468148
19166
669549
954315
841140
838085
960150
397309
420605
247057
575284
90898
36241
31507
471027
143476
304520
821307
319250
859314
56804
173347
470722
445337
343891
74885
708470
748027
174978
541197
264013
431313
583001
265866
692762
286524
249558
179581
395340
530855
248137
61332
956543
546441
892137
280881
483230
678919
111890
97826
772914
97590
526940
105270
157516
850942
124505
294565
695563
348570
478122
378414
24907
395323
988030
25278
331882
11340
432681
113868
329592
443793
85917
941122
74426
895081
881479
826069
589787
375090
98824
942965
479344
447947
404302
907488
906086
694773
881231
672978
680459
119762
47458
369495
16757
283152
892730
727808
58963
922335
198271
146100
35022
114077
934282
361758
566363
949140
603133
960068
169696
651993
918078
890871
367616
977429
165518
451878
264325
688992
192457
629198
780777
333001
785660
518989
350273
95026
468254
463188
869767
224408
829805
84409
766530
311665
208934
746604
833876
802798
668577
978306
433184
763744
960454
468781
940822
33079
73456
720077
118684
581925
452380
926815
171418
45920
259149
925523
307554
306887
356800
456956
915963
370652
386375
679521
842505
97071
42757
726896
124826
985564
165381
755026
144591
617387
316983
90906
449061
753749
636039
745622
343647
858662
230619
150664
505362
308606
409130
263983
398796
301745
714804
882622
912546
135502
628513
755822
974933
28669
913210
238127
19104
542210
662270
501306
124769
383070
629474
773378
643169
623700
496489
304008
924354
668489
893723
792910
608836
265284
256869
385635
553075
45078
760717
365789
964209
51539
631887
379493
525340
147582
369817
162092
961499
75331
406368
159100
471050
637405
29149
699497
752896
711704
13160
412582
653945
655536
132271
337459
610917
991449
992211
261684
610188
262424
954719
242205
905308
566222
412453
289162
591888
736725
152631
191019
681663
459651
447551
427869
236607
879948
767420
736851
45812
631812
205401
290931
755000
663425
364331
535485
347496
873631
154440
208294
881161
148445
617598
540483
254998
45924
821239
494433
604071
890152
959847
949937
275711
708263
504047
943584
376434
648271
516498
353797
257841
673276
807248
483956
42996
924895
979108
64816
134275
208250
581911
389628
9824
774407
796032
816850
202324
565305
97753
751405
101397
758426
475582
693953
429648
641427
820548
639371
989209
875338
394867
677122
826541
4965
785250
27181
144672
27310
456942
413134
428583
179599
3094
504252
935748
929020
919862
34702
10250
962223
464094
558899
601420
55247
628559
747423
533350
354474
87697
774880
825767
361825
564467
276111
192218
663395
931425
323809
643951
814097
362203
694109
311179
187713
461784
462120
158249
657694
254838
976060
162219
194349
410396
482615
168129
469034
143662
681552
903668
226641
550316
49188
322384
654264
683560
22382
934508
647961
436705
835094
733719
676526
179841
654624
758753
653493
318320
597765
585411
333267
761811
116063
764140
59413
249893
679869
487913
139537
742640
37654
185519
376171
111591
964187
704456
358259
767779
479909
780569
250732
572216
293134
991372
748712
541172
65883
899934
977487
535923
874071
135110
745278
71522
414907
368769
635403
38286
621449
293046
588455
154024
886967
705483
689053
44248
755145
516868
373879
619450
567032
128594
911679
671161
498062
496704
943907
776967
371027
996597
41330
157494
687649
19175
367875
963958
834452
408349
469940
991659
14046
612894
231440
353962
452471
741755
679562
312145
990001
35446
696934
436160
748649
344846
955639
996536
252121
40872
410371
925198
716619
375964
960962
2123
115752
230489
97221
930595
608751
500597
751220
752336
566977
954388
827760
67211
50904
746612
989847
917095
415704
908884
527973
118410
885950
190463
756599
680520
812725
390265
410284
967965
207943
55300
702628
486663
248432
196879
716586
306622
141135
591868
64622
440721
730550
408333
544043
368223
547744
197802
786727
856110
342466
583633
914457
272875
198074
341914
849124
647807
966052
928870
520130
555786
613580
448228
114172
346878
576701
637951
732821
453339
851448
293800
32775
365762
409536
972411
890277
287672
681426
271632
601311
267386
209651
220897
831460
849336
332257
688403
918050
159663
783147
937315
737768
993766
130269
214574
270061
352836
818771
170460
456874
928780
100782
57130
319266
841527
230053
28948
884354
388269
900531
497819
294754
441439
853102
200376
246507
505923
62264
722909
186260
178413
800334
766756
41797
780551
760574
577367
682652
374829
351349
469467
102861
806631
968246
120761
286883
146052
618023
359498
925350
731535
521158
497663
368725
119089
405049
148810
8467
91683
709762
63021
876958
32525
947537
100381
210426
180224
783539
397842
859884
90701
177129
341550
451298
917952
719699
781639
84912
619004
431051
895955
509813
75508
495375
605871
754844
236355
830038
653388
884094
890153
932355
745270
812389
804003
449975
207874
190764
543206
609217
201236
212866
429239
850160
673931
79949
372010
546762
341769
390954
967029
598101
524834
205843
750832
434450
477600
275866
407147
93449
369137
869586
914860
979840
34798
250572
532739
896005
123976
211263
176460
438763
509649
440705
236737
486481
459172
224242
320057
30493
23219
614520
675201
665416
46315
306660
833173
694099
193606
291507
754748
64152
360236
68017
547581
768059
73927
440249
110465
376447
950818
411863
831879
308405
962172
519950
614205
765327
212143
172597
63618
940754
494840
238779
495350
284842
317282
389132
59450
296279
350612
630476
611913
533382
868019
390849
679474
773818
497013
86797
606129
691945
600708
184600
776681
259107
421962
334796
477761
81005
684575
193210
536536
596716
268877
75034
236710
739197
901948
420975
393200
880289
68031
223497
53415
287894
829241
439780
711326
427265
335149
896110
633703
213574
48226
646374
580105
20922
772463
911904
338719
972784
331624
708325
386256
726576
421861
204407
568038
893702
4587
420081
464589
523126
45306
506189
650027
44621
722931
16448
23958
743570
599715
382272
765878
262428
604528
273125
933049
888445
184222
295981
790508
418012
330751
771034
108733
339361
989173
348598
23946
635401
877157
113463
175909
40089
535610
6589
800231
374190
200211
459639
340461
452083
926859
171430
408436
593389
668258
51706
20493
914737
718028
448216
247996
272437
483414
920381
298931
514179
265649
895164
637158
705929
541725
50211
18187
187342
788403
702524
87152
773375
173519
995887
591288
397479
966232
183941
785907
528702
47725
989383
253913
976216
653357
269125
713763
671870
636387
338994
824135
816026
328909
319148
258638
153099
922375
263130
200467
312025
88217
596335
278618
53442
492569
532043
605770
340275
379710
312704
838856
130322
661571
10225
778482
574264
382068
389527
542069
999292
822361
807261
694604
79979
821564
808299
438230
626771
808279
515201
490194
420670
517023
477689
352441
681212
177831
944879
306487
676506
35315
914364
748808
22063
457882
725469
889324
540500
445654
758898
648006
329651
279916
574499
307991
305592
636018
866397
607633
97317
840706
447546
735451
760578
509050
583615
164832
403313
757100
649150
246420
7712
876521
796700
440197
119703
64613
590765
902425
413361
555975
198075
132586
505511
349392
928550
972859
952392
243685
407589
144021
229061
651322
246826
745474
688680
612829
701348
693093
535717
675933
891614
263412
531977
437717
633349
546452
305231
207512
35527
189327
267409
890362
232982
902068
592284
411641
231435
805964
312860
410439
959656
448564
529142
122549
24822
820316
151477
365821
331917
306971
274843
196716
225394
797548
383385
936938
678490
32969
780123
924776
331981
313634
279354
272100
794598
252282
578773
669980
104375
228767
319226
654605
423689
774788
569597
831910
357696
24316
936107
605198
329245
679701
321113
437007
677598
325839
276181
178269
621440
637048
846398
967431
985380
814949
66928
207033
363472
349070
744727
458667
693324
550279
427749
58474
360940
71831
148382
36673
184622
272247
16144
793092
403769
760425
556769
510968
548230
205105
613696
96930
643098
644596
79294
545515
445681
61932
26101
256492
267895
288198
117094
459996
920367
600089
355041
691539
770679
126594
909149
358842
29602
544800
635816
712594
330501
869929
388984
97501
647630
821479
869279
754284
997837
287571
666077
194566
693207
752780
146831
684594
622847
18676
266246
317090
462789
833256
539059
99836
976971
688089
449021
108549
739266
949452
103413
276332
890788
792362
310753
274993
870874
827972
399285
851632
993469
27240
849056
569678
825657
1176
23361
187135
357198
714733
321722
351537
136240
165256
837661
792536
588239
956080
852420
660631
838193
492429
708669
189448
2170
539328
28961
201000
857869
205021
77126
530402
431245
621702
920266
843510
355581
618725
826704
116870
299909
174725
426055
964157
5590
82574
984550
212892
853156
372059
745588
51363
302098
499834
316611
692440
130988
175359
326589
91254
23117
278277
941142
691125
894881
817602
320353
450098
58245
819334
406271
953916
936267
635984
662833
755067
481625
130509
282767
419004
318257
552494
293522
661084
366795
946084
281611
642065
958494
668603
8438
527248
540350
690192
467305
115166
532319
55025
354535
563447
595383
349007
353682
723476
772162
100258
200828
875933
14623
192986
539230
601771
685655
295485
619489
502520
402174
849762
325338
770214
747955
417352
31955
95849
344002
198035
986564
137937
137448
698469
463713
823799
623926
390421
777485
175044
753934
493327
232492
454361
871882
953352
785878
247262
619645
795099
297767
209450
207505
60421
349363
182732
350799
834490
336023
841140
987454
72866
792426
575809
371746
182899
145363
282344
713317
376556
974644
392574
328980
916971
128516
897634
963072
343403
725499
332489
171653
478174
170854
114727
953511
178211
728026
3511
142680
895204
207685
466535
518102
775887
164256
171811
638705
914799
847808
208061
682410
677222
296588
649782
660023
833225
517577
170476
331300
173400
382417
551135
154067
467032
305315
446881
931300
249999
372435
422042
533167
4252
994018
512629
307310
621296
793384
458539
581816
892077
96046
531242
810344
547481
493784
278177
283932
144767
418623
468523
110233
619490
608669
23637
197836
762783
723042
165134
562540
245470
503651
788138
307259
212020
221106
154515
282730
847321
124936
427276
882524
660737
623647
632803
499715
726937
607709
649395
120423
272991
978218
414867
48837
408478
696930
651679
693524
956421
754790
945696
249186
178915
582541
462939
56861
684738
607224
7539
599150
673757
357188
777851
99968
990398
638104
286620
748319
973881
86621
301088
376251
713982
580557
135961
796491
507167
881637
858928
448846
242271
816308
290125
288236
76403
883414
527776
25852
137944
515834
101579
424287
669584
167326
392940
777993
337530
674013
45770
524128
381133
154398
595355
152124
43121
111598
795183
43151
410938
979560
557949
196958
410177
577809
268616
273197
621345
355136
53102
594169
458699
270074
281997
901471
237895
963932
360402
77594
609288
932529
618271
79657
241193
115748
69784
174031
848522
275727
71179
805428
355138
369521
470650
886633
590975
203198
868998
142345
514625
544273
159865
462907
291055
456125
295471
841747
247381
735041
867234
807448
166011
921241
268497
587808
529571
365425
190221
580120
662174
288565
126560
378400
740171
78851
642202
725075
144237
499010
980665
1124
193000
322060
837172
125604
359320
989959
916964
109216
395598
135505
994384
881766
91624
514905
724435
717096
519180
235723
541420
348346
303553
236771
906914
786166
28458
856163
824850
584383
168479
67680
82326
173090
647593
189750
421588
589592
205530
238363
147104
219432
300551
620881
899535
110825
735396
636725
110617
110117
496570
227829
255914
296026
253639
944799
511941
734618
691570
703700
87893
160658
88233
337819
917522
155815
51609
904145
865420
736380
148361
870654
385304
696464
95124
206148
515220
98693
103361
138481
354200
605179
576512
885235
266298
720155
441411
828779
896894
357296
694647
363290
813913
431343
92510
729656
939360
641815
135307
583395
117586
546547
270713
895477
353150
897725
396999
336366
20434
859165
873940
555920
67650
139151
651123
573713
191394
962635
290060
646143
267228
96398
72569
790351
414267
937556
566651
357492
26198
304787
747440
424280
414626
465213
199361
411784
891793
330486
447572
827583
506197
295921
742871
551757
680899
19110
682877
725283
792594
825586
193990
44350
434562
186378
267894
334510
257625
182749
187687
692674
913928
926278
838714
160466
812141
639211
433897
564137
254962
760309
57848
408332
695250
841452
347914
693483
362300
953326
148304
144227
674512
563659
273884
187054
919238
90688
531732
997544
468142
790799
289089
646142
630162
968695
30343
966709
655095
912277
404655
916565
691842
708119
581344
118448
237240
643288
6253
886034
254302
595613
144776
865158
56063
456683
685651
36035
396748
529411
741463
687410
248157
677436
499918
992925
377366
779003
678106
96693
823397
907793
677913
374400
803623
948272
156112
861533
299882
588939
86724
39989
275149
822666
322087
122048
927300
520999
938544
834225
55288
107880
946307
501632
741963
592697
121680
110097
166585
666789
27192
586438
31898
815025
885353
215134
164036
819029
711242
653640
396109
395288
572242
453128
227309
792007
371251
210565
778690
140945
74676
596204
769646
112514
641885
913605
874715
468058
134027
143440
526303
203401
980963
921627
853370
185546
83043
346467
444860
565849
15124
706660
476228
692946
429980
836736
966563
524392
621168
333896
549470
469118
642918
376489
581074
422245
511272
636021
845874
62451
913925
841741
469100
781244
738977
690153
27691
663664
292045
121860
816437
96337
544753
798118
643636
156495
278502
749647
248849
264449
506272
108477
569596
17090
888840
162459
133768
891814
276264
419590
502644
623192
606336
996796
203205
822225
849846
249123
955662
65655
322217
710132
626642
169168
721702
610690
654144
193505
832051
90667
643868
714215
901705
602266
171711
465841
771744
577781
770165
916056
884322
12522
367940
845789
822849
485649
716300
926237
780516
311678
380938
647731
32380
506215
642294
961962
550902
488940
489805
32285
772617
547783
191849
175726
133230
98321
394827
117599
812208
530605
33787
884304
936537
22614
97414
266901
475468
951233
908006
505267
351345
515566
518208
468088
906378
161361
19975
171252
142437
616727
134590
466519
980906
73047
61658
501096
403732
841878
808965
698208
119548
450231
59839
332129
287761
391037
721823
119702
356580
183358
692728
873896
622176
976935
624215
225113
261719
105446
649960
360577
21687
546424
555384
31331
933467
961423
984788
468012
508926
930975
915153
702791
249802
239621
660773
532255
985871
899540
605875
426162
370447
556350
265636
956238
775029
825884
498672
353196
512486
270490
869821
36902
420592
730562
786718
770837
720352
177315
272444
413643
355184
739613
215442
542890
858076
398156
815954
782815
415893
707599
225125
649855
158031
134324
691856
769404
800629
243586
173298
12931
744701
240866
263721
713526
389973
888938
737173
437121
647164
546695
412276
908443
250222
648007
760173
465819
50615
925633
954408
36660
168809
890273
822874
134735
177129
316756
626078
137859
279651
866700
752767
822580
796894
55664
831378
446597
278505
312740
648576
313403
843189
98800
411746
622959
577661
560079
496069
981167
694751
265687
190733
293427
246031
71424
237941
39031
790305
315218
486196
733370
451459
824175
672699
65681
71373
503162
79195
194600
581809
102243
178756
952278
101069
691665
688424
103708
728095
342506
542527
223035
748696
95874
125155
914415
341385
573981
128795
538763
775418
523234
241012
633266
312154
108639
429707
541807
14224
132851
193640
749554
223600
792476
300613
54504
173513
467102
157868
585461
381339
567372
719678
401169
98278
189878
243919
53052
655005
116527
917615
559071
811257
233657
70212
433217
647275
965711
310227
991586
195177
177807
973277
425784
592490
912451
144870
779203
268844
909643
966545
320143
561522
110952
488295
409862
544332
93671
949238
106287
588494
477864
581654
775175
32930
281866
122055
780218
446650
846836
140470
615806
88925
63811
941150
320397
625315
866955
240907
580157
68988
833036
742458
138365
494314
154227
272285
820078
166223
390153
575098
699803
70112
773308
713587
173847
784377
3784
306848
911026
286603
700162
904344
587031
456304
639489
150415
978501
547999
948137
766681
120680
913595
487061
203405
658388
302406
425057
127621
865821
319667
679633
32641
792277
244888
313441
880107
753699
734978
668777
540981
741628
643363
792237
546014
786113
975974
764287
686676
335797
695651
957073
549556
649177
408494
493787
152109
884326
84874
391141
212098
879143
108795
828658
23150
797104
311097
329289
765857
14910
578816
711008
994025
831341
173829
31272
960556
563920
410563
101104
445329
843888
55602
20534
690687
420580
880153
34961
378045
746122
605883
309108
666937
170335
910765
287519
364260
208705
721671
410792
681018
842494
450873
919330
982623
963352
345781
272167
332773
15383
990602
979335
474795
807563
791569
115853
423967
192925
705408
738026
429795
446993
498075
511809
397325
840411
440011
708814
269321
377114
433863
393460
207066
793461
154798
843873
187581
632593
100855
959584
49646
474988
496448
200955
176516
741273
39810
143818
565815
122648
323686
395036
679618
138193
173425
133505
552227
169581
799642
216435
870784
754450
236412
311135
336995
391993
42214
390099
550438
19245
416016
498053
509994
459170
878121
629565
554497
133807
653707
807776
166828
800425
353424
412891
585598
630174
85246
171368
550303
323563
105181
877504
180396
740602
379690
346013
270076
534172
638180
884266
558654
516735
734275
345674
540478
313804
187592
42626
256198
715807
802096
524420
368737
718436
776514
932953
918971
202123
697672
919466
386852
86823
128154
824746
711667
549864
963221
361124
21191
678707
885483
457180
112169
712667
6484
736741
127053
308607
434531
413823
826487
971968
450611
559018
914171
361820
128832
910923
189021
513324
518866
673658
708886
44470
962963
130854
604536
160432
560770
979109
880937
565458
298624
932060
942091
826134
406152
258760
301820
985679
401660
458598
622137
803235
631386
323141
763613
182503
536781
186214
392903
776406
580064
841677
432858
274732
713613
849639
477727
284837
21044
596311
141253
170893
638503
318111
930888
212420
786146
123815
828974
954960
801816
929965
906670
400991
759272
380490
946924
262615
14638
60637
54239
287132
76470
971286
966996
359262
687372
776481
103435
939611
218543
623020
540991
642296
947748
135255
984708
775032
259366
581751
627912
813014
878267
373703
220219
820293
121953
451693
103819
827586
607911
415652
717448
830546
68441
438346
172519
34845
771796
859208
391458
3175
783799
528217
205948
181479
655802
50233
552483
477830
521304
642156
864622
672245
379432
52073
864325
601579
900234
290721
644447
932474
510076
273519
927078
541773
631948
183773
184184
646592
508008
262864
875527
405660
816465
659538
596256
711022
593710
991034
402825
150018
812925
519930
263874
715329
911460
326917
694446
771300
976678
560283
533516
481620
796401
478770
852189
930592
232852
692162
67818
209818
158029
346541
182046
274255
675904
867722
562702
973664
45956
605389
727578
554753
560024
258836
318635
458190
828723
243984
445660
309253
627257
480718
956149
585060
261961
209121
108306
491488
66803
855790
984354
207999
304839
483412
262667
226834
140169
873590
410411
126803
130240
66790
405050
685207
332781
78639
7691
907375
371353
27583
529585
962145
132168
543279
796606
52030
327689
672113
642663
26528
426735
629333
961923
162946
413786
923640
994802
137468
740590
504905
456986
573913
312422
806329
589901
775191
703809
31039
926855
975034
242586
776453
684627
654669
720597
480562
227660
672182
566965
212949
817025
422901
683147
635371
272562
842937
122954
598605
513271
82911
882997
643065
343296
323783
249401
559354
175287
569941
171671
281079
510146
919105
694777
168086
130148
83292
852902
334027
531075
960928
300241
895489
135556
725042
906444
44259
449682
177654
200538
739079
73406
597455
660897
974263
28032
652082
701758
952414
738268
344165
368435
631948
82784
230426
924412
717094
253834
489314
451199
196909
897926
365456
261153
174313
39444
661419
324085
855729
910152
974606
525519
147290
932715
788640
553399
581306
247487
258028
807033
725143
553696
114844
849049
838769
651334
453847
295908
172841
574055
98292
467362
119629
303417
516633
461480
105345
411989
884149
99658
905803
635383
695190
55469
733882
411170
761319
135226
725428
142753
174346
4526
590555
156776
699406
713806
584028
296728
129229
717816
405716
366241
353189
366741
723294
518146
105105
480427
804157
183148
310435
463119
471651
6084
97632
366711
610652
420999
255416
285934
17818
188617
754080
124512
213917
326934
903246
681813
692926
17017
248208
651579
850905
982491
584970
334811
910293
259266
574346
985454
802578
611835
562377
32137
372845
728723
906881
665267
997234
207807
141093
25687
813855
584219
377986
776149
895441
653071
454512
644722
559438
558542
478004
207280
702446
933304
607734
79417
733926
707040
52377
291893
587570
118631
475900
615419
834079
366599
482189
402851
781682
430380
742085
39546
349880
618364
206083
965199
240747
552824
297161
606058
877694
147770
155725
519132
854086
597150
849405
806898
12293
866941
100435
990595
325843
443413
871568
174441
327915
995332
282711
363660
247823
680755
500073
89945
880665
692816
747897
814226
633248
938611
467756
100800
453251
956834
794991
658883
237589
659440
210740
761098
3109
977024
733002
228829
450600
157159
714647
718103
466437
462959
461621
290802
521917
179448
689255
84987
781430
869306
280631
643428
177954
174181
330541
516920
385104
659049
683181
796265
522319
277457
557998
387205
306426
728138
640339
510151
950373
596802
184232
323082
716323
192684
389050
81624
284209
878240
864402
387745
199618
845598
798608
121223
898151
808755
461665
831766
327579
881652
56413
446417
434280
941991
460287
156583
442746
431298
780482
631173
454590
768715
788
734277
482935
721054
460153
424580
454493
385293
679231
493969
383793
135137
261594
291841
985250
85311
891675
381215
188373
781222
397841
931648
665365
966805
44220
532789
11863
677770
141034
268123
472168
962660
244529
58252
887029
713386
191752
135800
887863
683364
274754
205518
849721
708455
243559
156307
719751
612015
448112
461910
775669
385508
248287
381114
885705
256575
609593
918706
559814
266438
870433
471372
590358
399795
981267
324196
655762
198259
891513
740985
430001
252106
914029
401116
674508
674643
11148
130436
27146
487653
456371
868159
397741
705106
689241
592003
666359
800777
747913
457443
673722
787419
611706
973277
114043
205594
182860
399504
91842
279262
648417
436874
982657
852641
859862
204736
922271
39050
2589
539863
606815
492103
573369
974495
607858
29779
338196
297823
734037
282519
869120
748939
137576
793069
140296
920338
861517
351423
651379
674772
640633
614862
993877
265329
961370
912463
113361
202236
387173
501039
638190
57487
761275
181751
495829
622072
607351
929227
950948
298193
972631
413325
747507
805870
250500
756063
753441
804207
302591
822917
237849
70708
84458
859176
204263
52528
214321
860022
944496
637399
82451
262567
145747
596209
863825
664411
768667
550736
506545
85663
117982
610206
305839
30031
279605
56080
163925
447255
398775
787781
371471
384852
396213
720394
289103
986668
691596
464248
706812
669066
590802
210333
942229
135776
144065
330324
213782
402592
151275
662100
281779
567827
350474
908370
303169
941146
100661
261716
171700
361728
896111
316052
492547
610872
864858
910541
39528
158903
608585
466213
579139
864816
752563
1846
951070
191657
218179
425594
530699
788023
796043
904915
155114
950042
220505
167413
740167
906935
387746
576497
136352
497070
197406
372612
318487
675111
321446
426774
680030
186347
950058
366577
703160
498045
946323
6565
307713
483130
475830
425696
738356
457078
328099
75113
355974
690062
5387
783685
353439
223706
166219
578492
665270
665791
868505
742773
962568
134497
215882
331070
387700
659189
115197
450920
269110
204596
112808
108367
244094
733419
431997
566584
764140
353519
416440
531859
286443
783855
51080
721119
456999
216418
657751
574893
327468
583967
21368
602940
640412
847499
466476
281731
340749
161644
491857
519118
62205
354908
442920
135872
696882
909530
871937
778167
803634
533691
834053
385868
291804
82558
557600
738297
509346
572284
284361
29270
19364
491198
950511
205500
460137
931049
876417
634058
999420
248020
289242
907654
805793
783290
266440
940251
32179
510795
255352
210752
889947
355677
971775
145914
157039
843520
685063
88120
310500
727214
843988
244210
192417
794930
236569
814659
359167
65405
736375
43542
402545
142861
612659
633527
323025
10364
960196
253651
107265
297364
191609
758202
869849
250842
853182
693814
754040
628209
214078
97218
864060
885421
927202
470185
810956
704181
995127
48381
302482
917396
868653
832112
118406
930524
766075
518802
14886
359607
946592
403239
568514
398731
526981
650916
263411
990089
182783
44870
902444
945235
759792
814224
829416
20808
996045
529951
316419
226349
802425
996779
564197
142649
687632
311516
32793
758589
228481
48710
298491
578478
210899
456963
587664
260048
192712
867180
592432
774721
831454
726195
316318
895072
500722
953696
969592
884312
803776
222694
545737
5644
89157
755170
559996
983329
280005
787183
49068
762146
876905
891880
150358
669332
368000
974011
889648
683416
835174
444646
608595
741430
155330
50706
783955
877772
907177
90376
169711
831570
195680
638484
903268
538376
483966
32949
394396
386239
369264
725629
449539
526401
231319
257995
851963
822815
217228
789987
87525
361877
399171
330599
775328
397787
897677
838773
144846
399691
433271
599388
942801
670825
934992
430395
972310
532884
645128
187960
415623
482632
97908
550746
675236
642126
357870
469444
57324
156225
52442
430735
837493
954428
664259
456898
91227
808933
911971
510256
928789
690833
371777
586031
885539
134867
527861
129072
550947
615268
257095
231872
965060
502448
479670
306970
965457
594875
757972
491942
556015
194414
142990
119378
707362
181506
940746
402124
390281
933000
262377
496089
529450
716178
180204
416533
275176
548161
828466
921416
854033
188141
24927
97440
507092
832106
779929
316689
180688
722877
919660
126342
401095
220571
643726
987586
212913
558874
575996
990296
31149
225719
934019
933251
46674
519043
725594
75235
909220
620330
107628
602517
204898
667873
997108
942189
986237
186604
795074
351698
517987
410569
240346
610359
601656
755068
159547
363698
116774
897272
234877
862330
194059
393767
986068
326466
826769
343958
418801
442860
955484
336704
97799
279148
540380
358517
337195
132218
695489
859751
896532
184435
377038
63377
324418
495949
311111
100421
222652
814133
378820
211536
859697
147591
272424
548107
52992
362473
122475
607937
430995
564741
979474
589688
370726
442720
143937
187870
391142
229724
626663
121426
522804
104198
151383
540171
70472
256733
932919
367145
457010
163552
950865
460886
600508
911954
100999
309849
132012
207374
418211
651255
766950
807424
563916
521670
724206
728391
937365
112911
301578
176998
462768
176607
17925
42081
621248
112234
67984
367290
369228
951261
688260
366408
641103
280447
163267
902192
278764
930562
6140
571011
358654
852972
773388
939828
105614
896157
352450
978228
869790
321980
754235
614956
117794
689666
689004
333846
336974
265443
365374
981689
88842
336084
675412
324543
757443
445821
840936
452404
746587
848765
371667
607261
989760
558676
216683
200883
171738
147762
672710
539579
832542
204441
467549
300035
853120
1265
955469
836794
87685
996264
482102
534828
403510
18627
722566
523482
16816
361606
413392
588658
910553
326268
379222
163120
406893
274852
664806
677265
968054
303800
739295
932911
834842
51675
683605
524798
392270
328734
168330
684577
778793
598126
922973
171946
14483
891102
141375
163821
618908
864717
599455
622719
118185
357172
199400
347344
329865
224526
889568
733026
46437
741348
411953
656741
541846
492852
369541
349489
161361
691773
873994
683423
9213
261738
740245
355653
800101
845145
397282
111308
971401
371782
639354
616943
229391
820249
485613
996945
52375
234952
802047
265659
993516
364970
726111
362034
138902
792858
100178
288241
44236
854340
878895
91592
508358
747535
212419
915601
324593
569511
106516
760266
841276
955813
651331
920020
376784
289502
377867
332423
351068
921157
630310
497712
358606
816125
755854
294504
41821
754176
971233
740818
197891
344677
758685
360368
723784
421137
152587
792034
104250
348477
847673
330173
895993
832351
249503
221060
951534
153528
18211
608966
219932
685177
310200
562131
562767
423379
907681
910172
482416
964570
226452
329958
513402
171412
619193
905451
850375
811876
137234
156557
725636
890190
693236
42872
866948
644070
517619
994643
196848
909402
476316
989090
597019
43864
569371
172219
661619
216989
641597
405986
390995
295900
46160
180484
555382
68743
785575
192716
42887
952572
462714
292198
492244
188431
653802
602126
553760
220272
47841
529620
608727
216313
670360
313134
400156
739671
675314
568953
409406
233362
975814
907342
121418
166970
369850
456829
467066
306864
357706
436137
873803
954958
120296
301632
537644
479732
325886
266388
738258
69424
531663
414299
395305
58313
377915
705664
554980
245416
458401
487523
823989
818468
713118
472564
571225
24808
978292
776935
746379
744067
562951
224532
654424
137420
368065
91055
597906
103088
805268
609439
331742
993754
252319
474557
194409
863037
529578
399850
397367
502977
482572
15693
954971
770184
705580
401448
46211
106331
93348
146198
209643
829622
975169
433443
33970
453804
772327
698567
472522
69496
32850
874241
686664
822434
711095
299149
980507
82378
723400
110337
388313
55957
458327
438666
250869
28657
389970
229949
134541
385734
786348
989788
760864
266554
694621
425576
265693
187105
558463
349149
824470
50432
307929
981967
527123
201404
736889
636191
615427
180068
989370
9626
981198
932632
737958
877678
31302
558420
459636
61641
194491
998493
773362
803152
159341
723334
714238
340152
398172
68127
235054
403205
250556
879931
103184
232349
821765
698013
49803
860488
588454
793791
676580
703879
23513
439230
732957
529549
558226
360293
676279
199774
851729
73108
666201
998979
847575
852620
828553
154471
617269
437018
560150
97106
429247
253598
308696
593791
210080
798776
889743
410139
14663
42574
335721
492125
474495
572667
799200
667260
408413
256791
948991
919890
371858
202975
28548
208843
261152
515521
696289
997897
29610
797063
944349
948376
251363
294045
65112
201161
142185
254656
648107
195885
208170
721285
495341
912304
108164
88900
11603
757839
601579
676511
938735
673847
133699
776946
855129
395772
846094
58201
994667
9138
14975
247832
450725
730860
479213
182443
607601
443343
800931
417579
531778
561489
29972
542298
466134
185171
48620
994507
955610
759513
840449
728369
479148
467106
239464
466370
503163
421480
525477
826695
661962
191222
987514
539523
362388
401953
355872
467197
182602
676708
770196
244588
230200
118748
876104
264255
620741
461404
323450
693894
440857
601582
342946
372928
522777
20263
291077
119874
366989
810086
775399
505152
813539
97193
503837
326779
928653
214283
742912
209799
459013
724574
772926
973112
33008
198945
374986
417064
701600
901150
118580
272296
649908
425315
819027
334529
452698
234650
41758
200165
619445
97287
215642
888503
648025
611614
452910
141812
482611
295807
273682
356860
626630
355407
318886
914817
81552
211636
241439
783179
538891
138540
665692
107365
307279
294987
621398
528744
788757
893135
860918
693985
630998
859681
842369
929506
608721
628203
690926
985250
351788
250832
936921
949329
792818
481613
873104
757053
521915
554474
323529
187674
247465
964188
380150
845489
218126
866170
844657
812392
840939
632282
172434
80426
37396
166024
226464
736562
535151
143394
405156
734393
205595
974739
741337
557882
229933
16938
417663
244510
759125
430358
387855
397450
513759
974400
984328
706689
761813
458757
827240
797942
888195
764175
542710
739698
419667
486607
837564
747806
939030
925912
210195
652846
32355
777051
326870
653610
822874
905403
599608
688602
161922
215628
515890
296526
263568
503789
946836
572487
951369
54527
954621
343301
10046
722433
774822
969326
148982
312010
399128
503128
982954
504162
136702
586739
683946
299965
42453
41366
432797
161684
690431
955172
286949
350049
206071
333979
805345
779320
456224
886009
735244
215805
898038
753163
156227
939654
234213
859027
811171
713614
369208
945301
903633
278674
705386
909502
500947
843339
166681
261106
493659
730185
164376
698161
717028
130665
734115
568100
550581
684787
645166
400458
512131
477714
187158
73978
352756
832688
115065
322068
345149
875118
772385
900808
719596
886973
56987
153218
472706
772572
431462
699057
295992
388270
637383
38899
706274
27447
539193
81311
111601
485107
414530
739822
855379
596115
185569
100486
596981
284757
872804
50725
310056
722430
484438
704230
383457
726199
585748
774067
92379
947393
688577
52424
346903
821015
810383
236639
53763
66335
482814
23998
427385
291852
893474
226201
835998
752787
432924
24932
405419
620935
277163
915642
219144
720787
90203
224355
702292
309908
47131
669765
67010
364369
460972
438506
155677
838231
871350
994026
365803
570549
649909
898293
463024
972241
597520
166527
718794
263462
808138
248776
985145
564123
533265
583623
616833
286592
226868
197363
186216
135463
783474
412845
402458
107741
186029
955469
710061
763012
418046
884615
899582
1998
440866
601593
159226
217624
255377
726037
224377
79585
157359
837094
737860
364261
408796
866752
640759
784730
729382
576201
181442
967366
423902
39709
277961
30331
663688
436579
378156
897137
708715
513450
311777
677310
722121
710014
86268
218932
719273
875597
517136
309271
193936
200881
191280
326265
109070
839002
457807
173300
934260
958105
964229
180228
218531
235403
713778
906302
261951
8928
853821
739761
80643
152519
119350
165720
816751
809016
995162
272696
60380
991197
955316
662812
412207
905694
844960
831339
609132
716872
87019
201123
563490
642777
602966
386868
617988
41450
610233
215867
7128
427385
305669
250265
631240
658322
869090
430768
69974
907354
877047
255674
911277
782008
501639
237509
175186
511968
443448
18639
184697
442110
63792
834426
570612
801403
166680
256875
814279
377646
96194
885509
202518
278434
373351
348030
517951
831616
248265
719258
607493
603865
919799
866508
248225
132242
281583
874214
881469
385069
196573
829496
916475
675632
589058
654541
148655
178228
414256
38526
879790
603275
281650
111089
480894
312079
785672
940018
651500
157379
191439
677676
348605
984745
70975
670595
583996
689824
933007
336849
338738
340790
427059
711996
909684
297298
905285
1137
282006
550135
699266
238463
769534
474038
639851
783634
450835
225395
571275
767050
877139
986961
510169
183159
114052
790013
981619
657267
116866
205332
136138
416477
634743
162482
969053
753517
486953
931352
804638
668217
263918
6201
773744
168259
117754
654753
440722
965308
744153
90499
793045
679770
98296
871517
616969
49105
54045
114250
40054
822192
159351
912100
804102
570907
312975
633491
321024
859169
645470
10423
233135
182137
954169
181486
36513
1566
250600
431554
330187
255492
722580
266866
227914
282357
888222
599259
608644
700045
523852
187203
204781
974670
72158
460354
970150
325345
915007
957582
836991
972650
840343
218017
92381
279558
871549
761737
516919
698148
25866
176076
411706
501373
905673
278197
733901
554993
109450
834943
25646
982784
475797
459741
90875
988385
608700
343460
466253
241282
925642
531158
672127
793949
130327
149452
137292
451060
575549
811519
754070
536617
437861
460083
957379
784188
737850
402560
595266
229601
406784
365054
970796
266941
167997
802380
724677
695293
84949
558077
683937
744531
633780
136160
864803
539470
231524
253163
489633
553877
399230
118532
607716
383233
16637
373035
621259
619156
11246
612614
875022
177049
224451
461578
904032
649048
905863
41860
101038
419190
992557
207362
642821
939751
199873
680992
107600
715346
802623
957746
894718
719232
954946
99723
833794
216575
959637
71848
831284
659993
111334
131004
425429
194796
827609
465945
280176
740390
747512
192056
925211
407135
84487
658213
174109
251411
868021
100490
687465
416826
154479
144789
463113
550790
991247
370761
9878
806521
639475
886431
650723
937248
983784
113814
291386
126127
168132
393438
895422
165946
914898
859421
59184
678542
224040
870491
830029
600298
737493
967441
16723
575453
740279
323785
704548
813949
440873
910001
937860
100033
229657
369986
850941
182972
309623
687560
804514
347127
885577
725069
495088
392361
495899
408166
832527
26837
771796
731225
71736
406464
711588
230441
13106
895822
37338
87424
595893
481657
16146
304057
749359
408428
804556
741575
355556
238274
983383
179653
135536
814166
119723
867098
704552
717958
754007
881736
894175
20553
801359
946322
19652
193130
38631
597896
456169
125665
274909
268976
326878
460364
315600
38803
488380
72527
557327
306145
26750
867333
283213
284161
890185
315617
360176
85433
156044
75430
114504
618615
477762
255103
754909
2682
998612
304444
964897
630112
160028
15529
422788
961804
177989
999565
543398
35507
494798
707260
426664
815876
241197
366873
442075
839282
326928
735020
271066
369311
905918
545628
372724
42662
789660
440457
960257
753221
841676
969480
77782
477542
155184
644476
124051
659208
559756
101581
739993
650638
683338
244296
325145
743588
808151
418579
681992
89162
971050
165643
3758
508223
596836
553212
578782
762250
130706
386684
587712
523239
661712
865636
179146
778061
268425
369964
921293
805464
602457
647650
141932
757272
557971
521415
390887
562869
742558
835078
296533
8381
497722
3794
386544
745292
492193
387867
628042
909335
304136
243628
533854
741589
610564
479204
881601
651338
130058
790926
296184
918129
70735
622368
503843
133573
801678
898829
808086
391212
798568
97927
261768
176193
429669
246356
118692
192956
542872
946301
525696
273569
605741
130655
773057
171404
612506
185920
15761
546519
655159
649686
670597
665105
825497
582274
187592
536222
62510
970985
188924
407127
527529
248292
131656
522062
930599
554061
628866
6127
664355
11514
934394
427330
452818
879622
661089
660684
491997
395850
904341
914774
427065
964779
29578
713797
460132
614413
440086
26472
214205
511078
190233
890321
572096
776173
343942
641882
261854
711088
766675
547721
757045
388485
92985
190926
955889
913176
588072
492201
251838
883236
5067
354920
734313
991613
352819
767822
528338
893257
572578
152848
284944
987855
635447
465336
48673
672871
147185
203692
301708
3153
743521
863498
143318
116450
415600
376682
53597
546458
729610
618053
305875
255952
880102
499059
893083
115150
992692
70032
103161
854009
586274
942776
404409
410089
990026
205042
986848
255831
741435
616233
376774
228020
213218
849621
129688
158678
995028
685305
926441
170829
408123
600901
193200
408852
376732
31067
508450
196195
958145
960111
506221
289634
493511
674055
720846
35128
530118
657378
555343
752640
805336
416245
597025
663197
590728
677776
898449
590500
424473
977312
692458
910776
575024
542989
893864
428468
553631
235459
473492
127616
566158
22734
845313
110342
734536
102623
666145
933311
578528
454060
493188
543975
945982
667827
61999
583887
353289
66206
569493
980177
52018
827202
647925
465885
43163
515649
905615
315314
478755
362576
657988
396649
955344
851539
326793
552363
545047
876709
702279
379459
394570
610803
74707
29646
440350
728904
660229
174287
74584
873955
234871
926431
122196
200324
631388
552705
662322
910982
503354
239828
993502
68261
414085
780642
916089
7201
91482
159573
565417
362812
61972
944072
263418
686045
677199
350139
330287
315927
7479
574049
515562
309187
478987
756116
997427
26953
285556
48040
663208
261310
628796
452381
315777
637159
804269
48878
902975
460508
759943
632646
400689
370632
872605
927954
853795
925517
431500
313010
612835
255812
625369
703625
866545
689634
420582
58419
815618
768246
704145
215766
977201
529870
28265
759633
609347
666042
228046
961362
749269
876712
435876
803908
454948
126318
307059
45605
127993
389223
795359
560309
947631
183284
644351
192074
660450
620900
658587
666625
678582
493870
427527
151439
724609
738459
504342
302133
973846
243329
58365
110162
308975
352169
66054
741330
200118
242770
150509
386628
585648
293199
340507
38986
492359
409099
779772
698217
771890
177837
805183
509120
629443
467862
594410
892182
162317
262535
350231
603916
753903
425120
389326
25009
121089
443203
94848
331060
170075
421911
845086
207668
190653
882729
913492
548788
608094
668268
315942
752490
989268
281761
504485
104182
873436
82642
187597
613552
316295
848824
545150
734042
883394
174716
760917
252277
99520
712666
638823
374639
454598
88610
983194
420601
821138
840473
108319
371127
307177
104572
814223
508497
901692
335460
842209
178727
238646
464773
919430
40737
524453
202256
485282
27556
65154
827577
896934
698208
728862
503314
308750
426374
853227
887382
311412
394903
631525
807811
432976
197464
989211
586014
58061
498914
195358
86746
339080
61653
298373
912531
531431
430381
762457
589749
24788
16492
920420
241786
936277
331063
187729
261584
584394
981885
143424
463576
84930
136146
970345
473803
434937
302170
17706
772919
394994
817440
781102
364263
433325
717510
798844
907105
864454
413911
847193
653577
117802
436664
457371
702883
226486
180222
141452
153590
483886
406809
361463
689099
997974
685
595666
261013
4209
949505
519431
582378
511827
919568
331425
394671
383397
391229
683152
53715
892085
182564
292377
503218
672375
830028
993052
834329
225117
759608
298819
584361
73294
282076
295749
172628
464773
499053
413588
513541
471817
561425
959017
274524
155845
555062
714089
122903
208835
122111
34996
498252
459145
566616
721675
467730
554448
869994
623323
360448
185373
820778
285354
107405
368895
391244
25565
698007
509220
86486
645155
380031
212887
152207
165186
516913
543898
646294
318844
564737
182171
770766
4189
404657
368983
201591
835876
512143
320136
602456
851852
940411
596748
334104
698870
270214
145044
771565
992372
430775
390597
493100
934580
198887
750830
909438
321543
136140
528231
585715
182605
97042
646402
333552
233727
809701
921137
876100
35673
412492
32628
155033
316194
109423
540732
446790
899801
751993
487585
759937
796414
601944
419773
106610
402234
414945
366115
270754
637931
684049
770303
60946
589520
845743
997964
835369
235918
54861
634284
384901
918621
78508
872807
682162
385490
585279
572611
767096
212745
19080
900027
684366
42222
410847
609568
829293
638952
678225
500489
336256
953635
789285
56888
331703
502201
76858
544331
91707
721021
111948
354139
792508
78883
184021
834485
680294
142671
34960
132787
363761
731961
690840
508086
550296
745913
921584
770305
503841
128756
957788
371445
554651
923043
872492
951205
870822
369725
554456
429013
918252
489409
485831
259220
587566
297506
330538
180659
382329
270990
173893
549601
320567
858205
521358
947812
790689
824083
178542
635766
362514
710993
739556
931194
97911
682207
32393
357401
718755
381262
901678
463870
242431
112717
978209
637098
215070
355595
34895
918964
260527
939523
390659
859105
842572
799273
542540
384796
174511
373423
831869
917970
561540
274676
788302
199404
993305
163274
360928
871018
973233
965666
641246
28825
276984
891094
610239
493104
81106
499667
897255
234381
575949
462177
671661
928903
564660
56593
790328
438959
99077
221250
465666
261544
542586
623055
509951
227872
107459
340761
429270
722666
606869
867500
428366
911610
915612
435920
308100
962236
870028
817327
11416
777617
167189
21085
600296
882599
379061
875529
741364
51123
622567
430271
919777
290446
773817
152152
878041
118825
175227
27583
235599
925935
838163
887264
192032
698550
772398
12271
780117
233376
850513
330513
391941
361684
351054
614443
107032
664788
785297
877958
332774
706108
429466
106972
863357
939798
605445
536002
444161
544348
811397
315505
192942
436747
444911
198066
919674
7264
508722
186726
222229
15090
10405
515439
356178
226731
833593
166847
326687
488420
471693
913275
143344
368668
921697
517067
296635
978197
21218
291265
912540
352140
534499
820067
160536
164115
565613
875542
735742
499340
738541
38697
84201
128196
696779
56444
439459
98601
347548
798668
108516
553514
452013
738844
706872
521258
340800
668096
369854
684320
667923
348553
798604
803213
289819
315208
678768
443291
410576
455169
852562
473295
672098
258862
827701
188971
503049
26540
552604
168483
463674
159814
313353
1081
172021
337117
986912
398263
983099
584625
581355
812105
100957
986766
651703
634292
951792
525205
920603
745847
10077
251878
4440
884668
403413
360167
65244
321019
275745
687412
352481
644268
317783
667811
632755
589350
883752
225714
434638
125849
929559
566927
292837
677541
824260
323204
878143
981077
841958
724542
559164
532027
388568
641656
48374
495464
1610
677833
854531
55880
786584
879622
338518
543128
158839
548629
678853
317766
989708
691599
789861
221796
417687
756753
205521
599431
677132
166688
128394
28098
259010
240374
384504
725562
194180
687213
433551
738150
82502
547335
275533
680550
40562
966872
64159
55804
492639
978064
694307
544363
523939
599977
850696
549995
597311
523049
539026
363653
400953
844692
735546
68497
926279
599410
156658
298058
819687
627512
706630
486987
282124
755030
162974
806441
249330
272348
139680
282924
719506
895050
467570
214442
250225
676338
84509
471426
608276
671116
236557
8690
585486
877142
266997
741334
582137
511974
404111
155710
527811
842190
663809
314986
759584
199466
219675
385252
956957
298056
899005
863162
531093
948213
900950
517207
766332
363232
723847
515197
492952
184302
840102
347234
311440
336793
643742
129764
422429
213061
262323
455721
420829
999969
793379
756311
987398
178166
154472
495341
380023
207311
759770
136956
415658
277893
234930
555590
323462
84774
56490
311473
783506
11138
424640
580136
558147
343697
340184
232975
620406
444356
453889
225056
61689
361831
430480
54311
603843
630383
750056
927830
220228
122918
312796
71238
177175
588016
441643
738379
586389
20472
847658
495410
87491
32189
235071
744537
52779
762611
602505
553708
829512
374999
243357
88760
324954
686418
300460
914989
650906
841801
20800
223093
920264
401087
72101
817835
210080
347752
823652
825785
141482
548427
956330
323923
831857
72338
218632
254346
172107
165297
845652
772110
214615
745073
337452
104387
997382
741144
676314
746110
776143
523447
202387
892508
228678
975760
437978
191
304199
217633
298242
926246
494476
419857
952912
328872
390815
511030
5311
307597
318505
832257
36189
855305
851624
235271
603346
771414
26559
62700
924736
352685
754727
130542
380486
123296
273411
260427
967775
51991
172626
56400
723496
113957
685310
217472
61823
683078
51985
68765
103879
288055
413895
699222
221063
318706
335422
706444
19762
244869
584586
127042
698945
667150
655269
810274
983933
701333
493379
669414
81753
996678
960708
119593
73403
866825
490819
643275
40027
537344
686539
93434
29572
66396
318890
663204
525880
602908
207133
763446
897073
527716
230762
932303
69185
419574
744077
654918
818842
802575
915210
565844
305578
533600
994337
420640
622047
903143
277216
861286
380488
717482
323026
473859
327259
910096
402581
447775
429907
791644
975242
443575
559154
63687
922021
409413
620132
424312
967779
100239
548996
198690
967900
574345
431543
630458
91118
800040
427766
962580
309593
800517
516970
196121
556009
700329
362736
162087
4814
311547
314364
59781
86855
360131
516249
694401
638717
762010
231246
94120
207084
178288
233501
102370
28156
575162
601957
134951
110830
575286
891815
796578
325681
127324
772005
506272
113109
519651
42214
11765
81815
734124
450967
142252
394714
552335
295820
984232
694647
215809
176867
832347
723371
333727
212617
106722
601775
579353
376662
598396
356197
866174
67924
37670
17582
498143
789853
27796
420376
573667
848994
198285
711605
625127
231048
853156
188807
626831
797100
105678
956759
468334
327495
972709
696548
94542
148973
215288
137593
30684
722736
216652
474584
697075
530017
81972
326802
997955
392502
84808
809720
828510
259271
126341
815468
281759
671411
11329
658320
220023
492960
347209
69216
809749
448799
597145
86556
371697
867885
868023
993821
661558
21013
597484
111881
578378
572595
661280
581858
440891
659029
465041
724664
889223
507834
946927
706495
65672
938748
259480
852795
653882
580617
279723
489048
878634
274765
97483
37078
129533
836716
737778
69665
520923
863979
547119
518270
381238
871150
683069
900130
823866
624220
233794
502749
170515
732894
730465
821491
213910
503623
995452
720779
76109
718030
159945
755073
892642
940214
353552
570198
37926
25102
359230
138375
458111
583060
134185
938875
887724
57013
825505
693909
191415
167856
551599
221674
854774
889048
859629
927116
369149
698552
262465
484165
597539
676433
828919
921248
259375
56638
302267
954080
109664
306105
593712
780180
713238
403766
321903
21698
823584
203181
465759
564609
457315
327029
106605
605731
771619
653836
612648
378574
342129
618227
947708
737196
528369
742070
363786
223288
629447
598345
123168
681721
868638
303630
475546
885836
192468
813876
492116
945049
344390
224569
330634
79144
931763
707919
230543
995980
97423
135133
515366
368893
495271
809372
547457
299396
160683
1378
322771
40527
649885
111804
265876
704484
888789
748083
279825
570738
522798
206641
374061
980483
873489
254654
415096
418126
92764
895459
113065
380714
427310
826863
367419
681692
391185
819095
149346
793169
453573
277240
743465
411175
774181
539065
126698
825765
380216
245580
69801
430732
536983
606227
864973
971461
360630
354783
753915
160953
63056
158675
19792
940608
85363
627175
455419
598065
578725
532873
268598
40728
460786
915997
570783
908229
419859
560613
50807
349441
760509
718908
498422
692124
505283
249917
418952
116706
506856
650817
781352
753388
560197
768388
321304
268626
487187
72233
989306
241534
578518
920084
835982
54875
628263
3509
452681
199597
437404
872421
983566
241275
142421
33128
860555
415975
182886
638098
647795
669278
311964
31367
707475
464874
192430
283547
460436
522852
675266
403544
307468
364551
653208
954717
268672
12641
252439
588579
612730
772643
508466
982427
447427
159575
806775
391027
210046
818608
767668
88184
588193
489405
137286
560790
449808
479288
38399
809658
665112
705019
259507
145240
657860
900114
613664
525384
12960
724651
324791
80716
763400
924714
437195
170157
233387
613273
755221
527682
563938
842621
510113
723602
180903
963972
91033
937425
967155
89882
925484
513287
664888
2778
275867
351374
878712
307745
893536
69562
202560
54655
569851
524435
808773
950791
756378
253181
254489
727622
502948
962297
557066
327760
266274
319556
834520
361525
863562
379165
795920
962259
541034
75940
571273
675909
221230
428574
557114
619193
921422
66325
821495
416544
418518
15196
686086
80766
841171
549425
310114
784481
180183
245371
994508
817838
382762
747378
332040
423127
466957
808989
923195
468840
176811
116599
441631
6273
202591
530603
603552
376606
499740
351423
949846
737874
625789
737165
669664
64787
755882
129963
397849
951982
742819
132332
76410
581979
328556
242944
207564
486827
940885
180406
378696
222174
339045
873762
359692
308049
648035
593690
918780
688660
513920
774490
579507
402778
725668
331911
108005
540937
575635
398481
387091
625266
975484
719793
102441
722842
109790
240978
531191
880695
864664
455692
581706
483510
155211
823435
617895
969017
582957
74574
313123
309982
230061
678603
447394
661370
261310
19760
525162
116390
539203
863109
920099
538351
734549
253550
914029
982833
176628
33420
98654
718654
384647
691330
21335
966455
803025
269204
645249
166589
631603
34988
583529
740418
406552
107511
889590
182073
401408
666540
122563
100076
676716
169517
478557
970731
852771
637574
718106
219042
465952
542738
610900
579332
15129
488828
691777
934116
965099
188387
906224
935010
453031
706839
424802
249474
543219
580480
392835
390552
135582
406751
677828
46943
170436
973547
357462
241450
316570
647453
263108
445362
838039
304840
742061
38669
118080
905567
246429
109568
436622
17563
28808
38123
418749
756660
335074
665891
715507
882252
487069
533341
986827
277547
844032
371973
190398
944293
608289
265198
170350
459288
298367
674148
328910
214098
66558
634590
927472
632911
972415
526992
882604
406751
936284
226012
339242
30758
2621
477928
840525
453310
884378
495371
819324
56311
362317
455648
626638
188478
20306
494013
595346
915739
869407
743294
280312
896212
103514
521914
834207
830575
582075
65304
42491
200405
724544
100986
719586
581394
621511
51606
913652
926073
508043
858534
614245
363749
609533
590262
165481
321626
620222
241115
780922
878601
543799
426498
121865
843186
89494
304614
313727
162852
112293
536923
567982
1504
994056
80008
743833
624604
688595
323186
480796
65187
251654
746866
308217
617753
124646
483081
713345
378780
79161
4810
970396
482055
760349
692469
678005
692496
770437
943844
983428
392977
804305
909983
595641
929764
509129
868362
755778
295399
245687
675006
506361
49951
111966
363700
697901
769144
470170
247517
779084
372010
154325
272656
717546
86904
305059
469339
578032
752018
150844
261562
851811
375579
91347
503910
698000
413893
181015
513412
886738
203799
537669
122046
600767
997328
19112
348143
858165
790054
39663
787640
654780
818279
619753
613104
513880
324801
328671
786936
223662
734557
549581
134380
213776
894693
468671
481973
471335
792422
541829
551355
310524
566225
279314
714552
741795
408860
73271
758120
528260
591366
651191
703388
104135
750583
682694
861870
332252
588741
458275
391567
376036
90963
776463
668540
770367
965268
20457
219087
436531
850477
927847
668658
449205
425145
141811
833134
453592
890854
511391
970849
207823
947516
250375
105486
234848
830270
921794
112143
286504
64489
999556
640549
653061
232729
550035
294064
263843
660107
861796
384826
191078
714173
637266
940141
551345
927730
978810
118181
930449
700370
564021
177184
606410
628333
268595
532818
460347
360864
161840
250454
691120
659216
651350
901950
293380
222355
388976
578379
468017
138671
721221
614264
776054
164602
928153
549041
573860
790880
239484
357153
552836
629891
493133
695273
737448
956477
574415
583276
194573
854017
353957
361799
7978
20127
990701
299486
863383
934950
555383
540881
112157
783075
856545
214158
908694
760392
827344
345344
370945
341609
22989
424422
380900
266847
36409
74302
12894
310287
112878
359647
505288
725893
457780
98662
487431
384889
790365
478984
583666
622196
275454
817799
774618
183116
242058
522368
782778
477963
426700
10017
350140
711086
581569
760759
138342
428297
97935
304997
884191
993736
719782
14513
82210
767696
845426
919288
16638
587459
172218
523778
147591
431203
430296
99056
579229
548622
539989
818962
832726
160359
343136
253717
886411
473237
138027
421721
42940
101285
263587
951009
516641
273803
558410
528420
712718
910150
125682
387968
211265
928417
593112
120590
741067
972885
203994
160720
828697
970828
277910
341511
614559
803904
829537
719522
105248
149570
315361
469456
160156
623767
144584
936118
526422
235901
116781
881404
941568
213067
522696
795522
714437
37174
182986
292593
38067
198064
169111
973228
702404
790954
875809
368420
519751
882362
434978
658506
38256
60440
527926
227744
636088
174979
931282
990697
685618
552001
572645
614399
819948
665219
158537
809091
255422
278566
882726
833902
750194
323094
231332
954246
629583
654285
879114
471853
638660
410809
315832
505556
598702
493500
141373
167884
969862
120845
389590
630077
755306
354236
973700
947503
354886
725650
472008
893062
882847
85910
450622
343947
315516
194029
44244
944484
726897
220505
74085
773286
38601
465250
645238
260737
413199
316690
339403
239578
67257
185177
485863
14198
253938
53905
465439
353553
498947
577180
992282
471887
924957
805738
817640
512330
76037
536791
897723
66506
107612
494129
645638
786898
642442
121815
157104
58327
538759
843004
308341
283596
980934
443211
36186
339160
386494
396773
752458
525033
389333
768518
601618
86050
255211
985349
147766
970864
143489
711290
461998
986362
608005
458362
446464
527223
972795
720893
337531
188569
486921
656161
866893
405799
301087
108231
918722
822632
908929
332955
91033
959803
61874
954098
447237
2500
670463
204748
959741
781633
139301
998712
423552
123642
450783
779991
661417
877591
627537
67192
70890
405195
584202
720739
642664
80110
749049
271345
761395
90345
571632
639448
547872
260298
447117
604293
662405
269176
607178
867746
372113
237504
720995
614775
271045
35405
260320
654188
615891
935415
908350
954733
711313
424050
770430
838758
628442
951207
552137
721774
905218
541984
47230
873600
822835
731420
423066
231587
638569
544130
421187
373932
278854
69747
564529
936026
646034
879352
982201
883871
463123
618266
893176
176830
863557
452753
635288
70607
768887
980628
308866
432864
515906
281679
19168
144630
788774
659187
953805
619825
819266
728487
136284
511437
360880
582556
322370
968452
974523
599934
350817
197073
48190
632326
596273
344656
654682
747948
827341
887938
926995
874362
831640
965100
298184
93308
172874
150686
529933
208212
997339
634833
496038
46953
109194
34346
446371
678336
913610
931035
343187
644643
130442
504553
199974
767037
23135
125384
394979
269000
446545
741858
848258
337501
930751
632950
194855
686058
831343
419485
326395
679810
884854
423657
511657
30287
745152
9958
543474
777186
77245
114306
780334
854187
289897
107977
552672
68484
280310
870664
435380
908327
580311
10259
151767
446848
495979
105059
590451
279134
976964
76119
359110
937987
436500
776923
514398
527066
646196
383398
32499
692552
224784
370205
559520
366491
114225
364693
377024
822623
227240
631990
610337
236431
823060
713274
122792
14121
330193
637461
761281
842266
48573
167279
491776
999833
228456
879820
185049
68368
711959
763021
850616
302964
719541
942352
424254
407157
282647
106866
522842
835473
568554
50036
811775
823556
102844
255035
114055
485338
18915
903665
117476
609956
510286
930890
355070
375561
818534
644449
14959
679988
287648
4928
188887
245355
389858
280447
155484
864832
203663
295171
789505
719392
37425
663592
697570
174152
909698
802745
297545
445272
133655
810588
207793
415040
679210
236619
860565
252822
835650
528892
442355
662026
682753
371107
541538
469873
305482
260493
125581
236669
479948
132525
760587
312782
470320
543412
465692
590817
249307
724761
541379
527270
151072
42168
679931
583408
423045
488151
566039
554566
544176
388611
121465
299670
318703
199257
489582
652745
16801
487264
293221
71282
48643
641300
909834
589536
456475
443774
828292
749138
612858
731390
440967
928138
346162
7083
840086
327930
502101
114577
19545
684571
75941
814553
33558
443229
116445
917318
869391
85113
57243
355419
603001
167330
451432
151515
393300
316377
74982
148136
436971
267424
639509
492941
187818
426502
146561
997783
651671
187169
944716
621662
405807
48410
816979
52641
312542
666530
160128
700495
839129
452611
614188
225570
309596
655121
812718
121702
694587
167231
395909
914264
155175
791117
729630
509545
76288
457183
493570
368098
13137
348842
354526
101409
171372
98567
912880
311873
232611
163754
18956
54744
101216
927404
822793
489817
255714
997379
947594
517914
956245
520084
814316
146161
749068
751967
997833
458231
651741
721753
49831
791342
795097
50775
898305
850559
952102
449318
863471
202844
73979
290039
828788
781124
186168
830839
64804
556004
492832
389373
145200
459995
164276
743581
50192
67350
745645
511066
529611
242714
758293
240632
413734
53345
705602
481070
192935
578203
577520
221434
850564
662997
85242
324175
646381
611895
376117
26794
308531
852264
986537
881986
114579
491404
116909
231518
464931
620973
36382
307456
494104
102199
97147
39487
696818
540445
529184
141298
389316
558810
181277
652872
56932
332434
807475
424117
334443
129367
591594
369287
133673
717575
599250
584023
605928
501842
984852
861658
592795
534745
321075
8855
174948
324786
70053
309875
173311
647944
997832
774312
606350
923423
486595
390228
267393
514550
560378
222830
980961
389189
16109
913491
666490
763558
575790
554750
128931
306128
433789
653399
505259
965566
42498
151586
242786
85294
394981
171480
776321
948933
133837
140627
561847
347215
877684
13474
428433
168997
159332
133309
751236
244647
683984
181010
232538
253097
920785
226621
444599
555755
240252
13271
292231
759935
481372
298981
11271
436751
843409
777778
535340
701815
322692
6583
651635
555086
802757
757814
555334
293250
990724
875686
692424
473505
675177
188552
468798
819380
278928
518232
88793
528710
887972
466719
957924
457538
923927
754405
902022
262778
168059
219524
507573
699972
210688
948376
578424
27391
675595
919763
532438
983667
671023
582701
3488
89495
502282
498168
87960
201772
125311
542865
185597
866438
304779
624882
982644
812522
636934
527333
827668
30803
381176
706259
650574
943759
299862
753403
592376
40070
174104
140222
260916
368795
31416
774422
355777
874603
359240
547239
618462
903859
974960
7278
325078
770830
900099
670358
586669
574299
522878
137705
980069
989821
59740
480228
57901
105596
563865
768291
601575
101129
292161
142843
248724
124062
882419
780518
162655
710468
725751
516377
829379
901038
484217
558898
181849
115651
906530
430797
921666
269689
7762
255094
340397
587228
1212
73720
783237
948207
663069
262484
25018
976233
533722
480206
999019
22240
358773
580833
187181
548804
317035
509778
582011
74049
989550
470433
681658
887176
505658
69596
833383
277288
896470
528975
143455
911958
37033
266134
413066
823371
49783
869331
515493
176076
696694
702586
357099
450821
240529
642569
876832
697295
258488
691733
915386
404625
454562
305600
490540
153730
159840
782663
519184
870476
911711
450040
645616
291276
442
449856
809584
738294
352570
297442
326876
712726
380843
534532
721226
416113
305372
626724
938156
777226
318258
251944
976692
798976
436201
758738
502948
397141
760937
308498
305905
101705
331329
788149
781587
495652
499202
81404
536748
666003
617978
897543
649426
605162
118156
506736
81147
194120
977257
542069
573060
447512
168493
908749
349150
640692
746584
606363
136085
791332
984999
215424
871614
73667
309198
995915
575741
64578
391701
672204
554672
129030
249612
303366
40444
137453
580076
981250
985906
788270
333324
350144
987741
898590
318972
626697
577642
585935
395650
799904
139572
908243
594735
583894
522284
149854
680028
352445
24034
109641
322694
217460
982706
641587
870020
477089
822925
611394
54369
344574
437475
164743
694554
50506
563242
432832
530357
453791
510030
989943
582267
637667
244021
240071
268053
531352
363310
486590
480447
458255
279541
16542
674987
811834
163557
523134
912628
443294
95931
73806
417085
881511
484738
680184
509286
569813
429473
494689
965226
122133
646909
59470
966168
627050
775884
861412
923436
1354
624055
471752
568458
953989
145067
330021
97110
121440
345149
505035
522034
198528
229303
734516
955925
915010
4932
868771
16709
261992
955571
238310
171569
22957
561771
734650
21037
393273
78508
195149
604106
591472
877245
132126
828369
753828
934776
733952
799772
42667
147182
126846
700690
538316
904696
260889
590589
594067
505563
905325
621450
146820
839959
414066
284
239404
780557
747741
668429
762002
62986
114470
375362
932877
862324
800293
506793
790127
741007
665302
10066
250015
612717
991099
509223
928965
739056
730337
977225
496670
597437
395066
982729
308655
51327
537833
224320
855574
444181
862237
509196
470267
401689
468757
264359
206822
138254
717441
199525
821803
37413
925129
194442
898048
11756
422183
153413
329519
389012
622895
75277
913510
684381
937519
912727
517228
303904
117553
575473
708846
848697
386973
753982
469495
818894
494651
82254
729151
503809
124631
355034
433818
458350
668733
890393
245073
844321
238436
288321
607566
139607
242855
467613
717808
676911
853550
407751
910463
30830
391467
97283
516601
186667
288832
398392
340491
220317
363582
34060
639003
698239
93769
43290
420546
790685
33111
954067
398231
530111
124567
339886
258023
235567
893038
790221
759296
824487
268316
37678
579244
277340
476478
817482
511612
682529
580460
384654
431354
821626
672962
596403
237312
189566
297980
175804
360230
880231
954235
220363
496662
264954
600932
298401
879292
533389
863656
366129
549978
316986
971806
984543
632440
575711
511819
801946
837368
543630
371972
269586
911112
501400
531691
568536
233264
504881
750613
958290
606027
783296
556236
160727
16082
112902
462320
627565
886996
281512
690168
818076
604866
357594
955414
923054
549414
354474
376377
430086
935732
272550
714028
682843
742521
283884
360411
522063
836784
517452
771062
925360
49908
447323
50542
502474
544143
748759
460765
292582
985072
417522
709378
565284
688955
939517
758825
452144
692667
780338
754153
182564
858035
115230
941383
258746
956114
78889
704313
940268
209924
726787
566405
560682
237733
22189
435846
296759
95440
403553
843408
674913
390806
960736
917227
782619
875786
290326
172796
564665
526201
519915
289730
68678
855928
99304
971323
620037
327061
937028
473255
690755
182511
109963
909028
597269
708130
733290
93560
497140
930010
591257
748846
187825
719113
856421
157527
47638
421043
889305
457905
471899
994022
64968
157286
533378
91912
175546
37163
540880
967753
627505
612681
187688
973879
933206
528185
805125
715247
901637
667751
823251
525937
842226
876761
909419
849677
915382
997929
711658
637050
119738
664494
597036
88006
526526
137849
102058
982439
753287
958395
841645
192367
214883
620100
436398
466270
36634
81190
622541
240721
525747
938680
847657
859225
316000
983350
687522
159015
721543
100358
860585
745827
526893
854101
923456
641307
828993
691872
472275
693400
567875
166031
913907
362573
925711
557755
702187
229609
242762
289489
111233
324107
977832
882702
818763
935893
2583
780842
425578
931609
249355
598801
352616
733041
874471
938444
864810
213035
438533
507327
277841
882656
844002
911755
879091
37926
595881
976275
643249
934427
591002
687068
304181
649826
327191
725774
92427
729450
155915
564695
291352
685034
736631
553327
641915
467945
61466
968950
169790
263865
73213
10425
848888
947780
307416
814035
606275
558334
891492
687344
969686
516154
277694
50093
426366
550681
679797
765083
848702
658012
897584
212195
590271
445211
365311
58627
646453
700303
353852
978422
250577
488329
332957
384562
226076
553542
459802
744651
618359
865817
12341
61813
181100
374728
938475
471591
959152
235188
243189
118874
999031
630319
52731
39536
626996
99186
328470
134450
303724
512614
771008
240562
62326
241824
860315
519183
974545
213674
218394
928279
537250
438204
717968
660487
215816
96650
505363
437485
93918
333367
858508
309806
829516
598695
123487
899492
166218
214386
476337
950431
785075
714740
427226
212429
922689
353217
970089
81332
415531
152374
851470
284379
802968
782250
483496
324937
244094
924932
151468
809317
545692
797158
257838
162044
801936
615495
527311
202978
848982
386335
479364
865519
299805
824635
707839
345707
366023
835952
678972
837252
141374
671020
762217
753211
931758
653160
716402
699103
922018
653369
516073
612082
206974
86598
239631
80936
123543
461908
907457
181197
306346
471101
119362
703686
590592
795264
916769
966447
970332
82866
818503
711140
850077
310993
568479
674844
727991
317176
266594
145519
76808
268719
180862
794168
161562
96154
765666
777237
409204
329298
322793
555339
163165
509713
417824
393287
84078
491143
660598
670783
637138
573961
97087
577591
110430
521705
932772
988768
289799
409760
546475
59610
179844
500840
8287
857818
669377
595751
714460
661351
243132
425733
444345
930495
804608
922846
55826
842710
151036
845651
802160
207358
942208
257211
500056
340258
283155
641079
917101
970156
66611
549412
264450
225799
473130
218857
567552
265470
831433
215727
170672
812931
251204
700465
49446
146188
901993
979241
82059
146968
570751
767978
52549
908432
873783
187596
416773
129736
987089
930305
375468
368484
259470
932614
899227
859095
981581
604470
906390
978247
807557
462840
985427
620493
556510
591705
202469
834776
348524
403572
428800
30577
6857
214478
747112
156761
158029
420926
491323
787662
688684
241161
387543
566445
756909
651724
303913
368369
276867
687634
606675
123161
263306
861958
192761
898280
294559
245186
85993
838342
372572
388869
134244
719492
883631
526020
645389
237629
553750
322519
618477
149911
869241
482900
926241
108521
348195
26681
985505
706999
381790
855618
571373
694360
755179
645147
246038
287609
897243
854128
67622
62394
93581
232032
438189
918517
593860
995151
562217
873824
21732
908634
826769
452488
733706
41830
821182
217149
537541
725073
448758
510605
171508
462794
480855
612008
443132
951997
659549
135459
665382
437286
449936
893720
706452
243079
165837
766826
590814
52085
277486
694822
125006
570060
208729
569221
13555
484098
86882
743950
86630
314265
928030
305816
398935
995566
144069
200749
708690
642735
986435
494026
397460
673002
874331
283972
624900
22784
788728
448004
557072
811320
22354
643635
107493
246703
672825
372144
442058
472814
579521
141246
190810
634580
987275
858939
439004
919794
519083
444043
584001
655285
587323
277396
339641
851198
989756
397409
900466
719694
937315
712810
195822
171677
727752
95851
785343
500681
906087
923696
192802
575916
854928
770546
449014
55494
540721
857307
16855
567001
46718
788902
119195
877012
349754
22818
355496
685159
258981
662741
789808
884469
41602
56445
99019
342376
104068
720114
149360
622174
93012
856999
990607
615424
518658
780367
754765
134644
388869
599708
458652
121320
137200
210146
495286
207567
198324
161947
155383
823017
997068
683459
891989
754554
390729
841252
15997
824412
744762
181612
198346
19312
263415
522553
669348
743920
777290
321015
242547
127136
462587
921377
893631
128867
35319
759651
689830
521962
392092
92896
458104
702663
31012
3215
335923
488992
353323
622976
420950
883391
446686
488893
999908
673541
494658
257612
82039
611454
834654
263312
24445
864976
196999
291598
658644
755022
871302
375118
790014
759338
292583
82392
114113
720838
140641
49821
439710
29803
49501
775288
62635
477651
652453
732745
531215
9824
161066
69121
261594
776048
103729
450493
400383
519496
129820
80457
490414
949677
992081
755589
858514
657233
984457
99557
710052
65771
153399
65106
583658
880799
85522
932334
362000
161501
913281
984756
263585
119750
135843
857598
966562
73800
812536
741473
22155
250250
629487
932787
920291
425795
510988
914733
995831
415334
39733
996139
618486
413047
754970
795152
424364
382145
354559
762246
177561
927392
121064
38883
912558
530297
40160
54567
542947
977866
229477
620002
465655
187868
749619
474802
587525
415125
686891
382634
471744
455658
912672
389455
979915
383153
437439
2876
355192
967764
802008
427877
614938
55906
309965
312696
513544
809151
281238
317279
138289
204476
478894
209634
240535
787009
762333
931690
173290
400743
456355
987233
504194
792098
478206
186100
195383
313180
163288
773690
889568
500253
322321
992942
7911
421029
63716
689752
212038
715676
784760
637003
748192
373216
910661
789191
208062
193150
948705
757758
187812
77693
344295
833332
41872
430995
553858
677567
802318
208443
814107
290670
741627
6878
104029
417286
525396
221486
655969
390824
764921
639378
999931
471886
549700
463419
27296
648628
403712
201494
871859
46739
509064
675994
11306
893960
906814
864705
663329
211220
893668
73683
158907
206588
215194
9437
73585
112017
498996
265473
600121
335306
789047
649447
631571
326093
132529
226705
514162
27149
882418
393229
5318
954636
225515
191619
663138
733890
711777
465390
685455
563990
952973
973224
188908
67209
904595
771549
852800
18354
729309
583329
193822
113251
335380
831774
997684
418923
49851
493734
245424
424437
903143
412967
360334
66254
165023
365372
580483
943620
752076
233440
424703
276969
167324
888957
4643
880503
318266
74403
266047
729998
159970
691732
244038
767704
14179
106235
277585
87629
168821
888061
7564
412370
38004
292713
854017
61693
276857
118793
609023
542003
188563
831642
936230
790835
123559
889047
520466
220779
585249
458993
328354
655560
14102
153116
368548
867531
609272
76739
287391
541846
373365
466908
682300
819847
300588
982421
872657
973691
281612
639853
155339
252852
106955
294112
190712
960405
145856
414587
754095
347914
117215
94925
365020
224516
716750
688510
59756
325154
694312
616249
146065
220907
132109
670917
983538
934456
100707
927090
412339
679535
494382
572846
659420
652073
31816
831671
755368
919093
303997
654954
384492
508662
65925
435835
612130
231335
312414
781822
128722
955711
672710
582689
148700
921008
869522
815292
849956
659017
636590
334081
447450
983803
112050
792654
220197
770552
571613
632098
553131
322487
742896
844907
960191
769429
23657
83133
850472
26901
184923
641311
173130
813832
434022
916992
170612
754184
620441
889927
842565
103198
826080
36040
909179
935683
26667
734162
468762
985796
296414
240485
252469
876414
584686
650369
859611
900297
551775
985433
69409
429873
305111
266982
163849
820896
819549
28633
605708
615511
651316
286440
132489
548251
544462
462282
891914
802540
652015
404157
143663
369328
583135
516228
800761
374959
635723
90415
803701
372279
534009
231826
229570
132512
715430
875160
669889
620842
286143
374000
770265
645634
299448
481381
559140
559396
754123
205771
469626
728986
308944
817557
691864
904610
111669
621060
392108
375789
829659
384442
284095
405828
292494
311661
506431
113862
607774
330870
849128
242828
895582
740489
677455
234221
648121
966463
213195
791453
300588
378447
158400
503152
525795
763292
212041
611645
106548
100072
774913
483549
181106
80806
478191
132563
593903
870060
18252
129157
507410
584583
815793
410664
854992
658025
957153
338875
165002
847549
704433
523882
306051
784155
668816
41170
93821
896407
521655
25764
484207
993780
961198
721507
253348
849014
948919
742855
771186
478997
263835
788356
213654
469581
355472
822628
62697
483603
532036
24849
463873
43490
790857
856367
811047
559794
75549
560614
325104
192522
213524
66749
811194
559533
144868
60321
554885
684208
60365
877446
382571
387755
397475
31013
813949
601806
180410
463587
172412
809483
537068
705746
127729
153713
856201
117456
46313
666777
923996
406733
614545
728505
738070
392939
717034
925845
636186
969662
351912
291542
530916
841394
18861
223539
730070
386508
356573
673036
336097
403849
983005
380885
478924
703138
687917
572847
166948
31857
371039
687186
303169
436845
302452
276455
893296
916754
19922
552307
488834
675996
991395
333805
734960
741937
451788
867696
551081
983454
145800
133963
697211
630330
59169
788278
475289
409063
17483
528800
428687
519030
37533
601059
692095
835498
808492
805657
922198
34133
437894
426184
659537
475935
189128
342584
593062
801510
577821
85862
725712
893503
728403
48593
196602
848089
194011
898097
446663
283778
527709
564103
252796
701380
327926
319312
903307
840615
451791
830547
148733
400922
463771
162714
794874
592236
730284
74429
825144
78325
735731
366425
96574
838802
51666
207712
496468
445004
840928
763722
838985
554522
295224
457066
340705
92797
778942
714139
218073
736905
189552
470425
410519
390468
243812
842092
132403
314279
134948
497854
759452
107393
139746
545614
660584
939515
116506
315581
588796
681526
616323
569222
200660
651408
345137
906315
513072
676678
647882
888714
651420
570932
460066
485998
291738
228983
652854
168386
898157
34035
350594
61824
340997
138416
915391
706312
550338
152031
998333
148268
674470
272507
320664
857128
872156
827979
930138
335023
71007
804548
433965
460704
441609
969930
944251
191191
87353
648599
503972
979616
14687
599221
795099
954823
924711
908581
603741
314443
725311
616418
813967
621681
455303
95999
252404
239924
530004
617005
31048
295002
34913
729433
320763
85089
153043
133234
13325
949337
502119
316296
340162
47051
658299
12880
41155
802007
202678
659396
268369
14620
598356
47399
990886
863951
900945
228710
301866
206254
294321
921882
336975
637647
551850
992554
928713
474450
938224
509198
447853
904373
662683
845934
746085
192966
577782
97320
622286
451059
785254
459505
103406
794173
273909
328915
547925
779275
748858
337364
756239
534747
756135
328823
832450
801107
311343
764892
184939
142198
511249
677442
490095
681970
315398
389933
52513
632214
556675
373667
741903
843296
47083
386000
709705
839156
270549
890569
129264
517993
995509
586029
368182
998782
19177
316264
962295
151722
547938
172881
921395
257745
182253
818483
618664
162130
788189
493929
750152
828477
244567
873058
38556
293602
659706
44421
774005
627909
789865
418478
147978
921773
186038
62869
70131
744284
145132
972496
919809
637912
633977
513583
73975
512040
217846
421381
74729
999707
818005
465670
426992
894465
844518
810636
607048
888317
741894
881844
899846
814706
535076
380709
35704
522203
695153
853680
566683
278583
227812
94163
512691
949281
742759
519384
675339
774909
680737
676891
208649
536527
462433
974184
545837
539493
202211
576706
239270
873717
311042
838657
972305
801921
559611
723603
183631
383670
773786
889571
638081
197717
707268
956502
505123
471816
3808
446770
383298
795478
529954
428761
127195
10482
393268
261299
451026
691822
202179
688811
888203
646093
868644
793424
543657
134965
632738
62555
87713
16003
37926
506832
27450
655609
894593
882685
250147
264659
343000
312735
319280
432759
945516
908644
448627
639882
921412
387212
444275
988511
16698
897449
737164
601610
123296
960901
850979
585747
733261
429218
956291
680454
821319
944476
300761
375463
802062
935851
183752
832964
331139
275397
475050
223650
619380
127264
587300
488409
723845
866389
24293
489084
661755
350816
655739
718576
76712
919620
756562
960798
929455
611275
169097
667331
904947
357739
774194
952100
53152
926597
543846
373279
521173
325766
429507
350301
950701
885680
531652
787108
400041
657651
195515
387529
52859
560373
228269
548546
567410
625329
869322
277786
936125
434171
780423
614141
659421
318305
316122
892723
196011
641262
696209
847722
571843
607368
535632
912171
174668
442809
119013
971567
181413
479178
940618
751883
171694
647435
972790
743622
759152
184816
138080
52235
574250
635414
161105
246330
15097
412259
216484
137944
64099
320266
841949
112423
180096
948910
31972
146513
362949
999262
483677
659774
117358
641215
213093
942021
314376
521415
943210
156094
603416
968421
44071
919926
973163
393407
815483
995004
394171
259347
447141
1112
507579
742783
626270
776667
250880
122908
624275
953554
390411
92164
223806
926932
669047
720052
224416
891515
548667
953549
325725
441583
664861
515637
814387
983965
544500
670874
853528
266183
405080
597270
153136
653302
204584
790382
997928
50890
104631
801013
442610
919154
191700
453454
970525
873782
910644
553487
87760
682161
572926
836992
353059
685469
986227
877506
201945
883079
698680
859980
572542
521633
15234
369041
273305
830390
875933
904446
420943
521592
242265
620831
886868
511349
180305
295521
126798
655400
720025
175666
370760
498924
398467
54981
990927
565515
316238
72241
802733
617269
45741
725689
243071
880396
67823
326310
489909
216604
579727
186065
984166
267944
631514
145661
11278
323424
244921
962208
877669
770798
929754
236930
488476
681327
950015
437247
680695
86847
376931
141159
4994
709165
44356
618116
455345
695438
211538
119419
954776
533805
245874
324299
248643
421664
616175
804915
797299
105333
490046
39856
631926
133132
565676
552356
940001
965950
875110
808146
370605
755003
912228
801478
828524
410162
815092
564882
218982
134633
658015
452466
599188
307244
35770
552465
992824
166690
412106
727461
769303
776251
102932
833717
891733
727749
464001
880570
967019
47390
886059
286563
315782
804996
390407
19571
10367
438472
467247
501638
590515
540641
835850
725105
383807
337053
811098
145350
793690
534962
644385
137399
145807
545587
350321
918866
848021
207454
41423
765866
506957
493842
278147
350486
486935
581022
938751
442707
431568
696564
328297
480709
570540
638524
970439
157594
132333
264453
846022
329999
891262
191062
373095
995596
849838
276771
832327
860267
305740
304539
992777
545175
84443
432094
914978
996750
715122
775948
448448
104072
372083
356985
915864
17906
528677
195196
978635
467987
174385
974502
910132
704720
438070
627408
356496
399882
538505
894094
284363
621797
236748
147328
429155
516452
513705
5382
37243
985584
576044
305107
362622
920888
492283
770971
779566
868402
414514
173798
805576
581631
735647
511814
300438
620716
64727
733861
770129
100180
393587
901496
636208
660772
309739
746320
172497
141111
506572
796879
858755
696671
461337
588919
118254
145669
158972
451102
503648
424424
914599
888958
109044
278337
39116
898217
891297
137351
732341
745177
934364
255950
62144
107941
651819
129675
15099
613776
490632
87730
26008
829820
600365
619072
389389
600636
467458
479765
112459
942151
579489
156473
9880
42504
804226
453631
120907
365265
649736
776519
97252
144624
824935
406685
776389
333914
342640
345150
152337
356676
210810
662651
290528
147729
343855
838199
421404
675750
707376
205450
347323
380441
53350
578248
413785
825479
505062
317660
4337
37764
652352
981453
351927
978157
362981
102947
172629
906266
379890
847842
43265
501232
117085
114549
262520
389523
192891
418279
464153
53816
338475
882186
399648
810584
527651
222394
894397
867904
924117
593723
974096
97542
18557
341951
905220
477590
586186
266821
224069
617834
829414
147739
107743
774424
46308
907652
303797
559173
352069
905780
128922
730999
794983
675896
331599
256136
224907
754418
59034
869303
38209
334338
626943
783769
796338
7681
826206
708781
83082
311015
970792
991756
983616
125772
518015
100735
718915
221771
93034
692139
447618
989955
780913
175847
407512
285111
606107
547630
634131
32021
441154
331696
630816
638804
767760
422595
509652
351542
676440
594231
275737
758445
781843
945158
803379
219034
379125
88618
464558
519088
317995
167305
896998
349751
553652
192268
601330
754861
724313
355469
219886
302599
533322
718638
894564
955605
885911
842375
396695
435587
687559
215415
31019
398459
898137
273884
587892
98728
471573
683101
486297
919510
923981
660964
872997
363509
677749
613033
679658
181757
655004
12906
550290
313451
736966
618615
632515
868073
993320
785513
891566
563467
196480
234803
989429
230966
670990
151056
352566
615387
872882
373532
85049
446561
522595
935615
316722
168545
872777
820356
358962
176011
575865
609287
618481
658277
192778
301773
134000
850420
140952
640494
894926
700851
556757
48557
418729
528960
303495
315880
689583
949398
304930
469354
520704
147253
356738
467038
708609
747038
249732
966175
569152
600186
472130
742570
550335
454619
946154
862773
198303
703258
682555
203225
59115
531422
111323
444458
170685
238014
549143
759911
49105
348926
811127
61837
702692
696950
974973
873478
241160
583825
982267
535871
325895
359216
432590
607511
440241
773934
124090
175218
153029
730559
831267
889390
672952
348145
452070
23213
64484
879701
815186
750737
888656
73143
61254
923015
484504
812808
331304
117689
749689
415901
652031
644391
351483
172816
352046
292176
252987
886276
414414
497610
281940
726919
865383
263537
815722
63760
930122
772156
85843
373735
641485
255019
275873
20964
731428
188701
983888
54095
339608
576510
593865
233702
395495
675805
382289
497278
331129
828379
141137
839361
458362
792767
985858
222614
659672
633639
143540
507486
132827
271513
398332
880409
198555
600824
941176
499689
151971
978706
376192
561903
75489
915990
362667
694226
626758
557155
741115
109534
515264
483131
893926
786824
192657
345942
32898
473552
382220
576851
108428
520831
578732
504009
137684
979984
644753
284604
71241
228203
390168
604908
647965
636684
596309
703239
399316
785922
594544
88318
432623
480852
598297
836724
932463
36414
72233
514643
476360
225369
33175
236409
613540
110680
764819
460560
567376
388718
469954
337596
264967
832910
888343
76269
438169
706122
408650
921940
116920
3549
547896
160881
118111
623492
183511
36427
789280
658054
562580
228089
145608
189717
83595
262302
682864
565005
144290
153074
17187
659033
665667
804154
164839
356213
536820
381018
839658
261645
521236
773633
395722
258436
703348
680194
646081
112530
38223
869507
617836
1157
258024
200142
870006
458216
472575
555781
567077
44097
842159
652274
699393
187379
979751
943036
185372
479748
465731
680246
706499
570809
563526
670098
25792
200606
788086
376435
880392
64290
944148
528224
284488
353566
171511
826452
661383
366966
318916
10482
929271
683480
686924
852757
758878
820706
932162
958854
47772
341920
526423
762311
19672
841971
653300
322188
714955
890765
515411
737097
600552
355352
572155
677798
39463
705974
133974
442256
760365
44003
860272
155497
819674
655991
692622
746719
233582
836040
366249
842010
215448
750061
753350
990415
660509
295645
199091
790834
854754
335093
472672
926600
281366
118296
501847
249050
57726
363633
848857
519110
575838
243796
41431
278703
861057
196482
758858
621140
699814
904203
375535
451390
331975
176206
319330
412883
726150
524636
662
569096
204471
304507
974191
212852
846596
772358
618364
435903
206017
343410
572564
902137
906509
897387
558988
870279
92321
167452
723090
600120
958712
459342
766057
91061
43547
892776
536705
784855
514376
891668
866098
469779
784126
696578
522901
995408
236584
650950
333887
999322
745187
552733
31835
502574
800878
80397
908003
710005
218989
38250
859835
594318
244058
118004
697962
747972
594953
826462
384565
14303
141654
215786
298010
733398
300013
18415
942630
791522
727861
65981
506483
325165
578842
335639
352578
867305
921333
500447
401392
143934
842011
921551
535896
177307
52991
373219
575238
52590
588036
970261
532819
839598
608547
300032
408930
458069
295542
895846
766261
307436
288735
681613
249069
141310
51735
735300
741980
367214
644759
984195
674953
37541
126172
507056
345215
418083
530779
985278
114706
671607
899201
95472
957743
382345
14693
525884
422175
445973
187469
867082
359960
467570
235930
259419
566528
635856
327185
541895
280191
713473
314438
516510
648767
401902
577639
536112
981507
993322
413090
65769
466913
488995
726708
54548
407197
29876
508559
158144
172964
691864
158248
620928
205154
45306
123418
582155
719424
620136
150714
187780
367165
27237
483192
344661
588712
761757
548526
271668
557815
804851
38664
341960
679816
833591
378769
769444
137201
742067
615702
134833
391237
869924
384696
872299
400230
800710
121620
912450
866818
158216
388935
977056
730028
819039
987680
889354
75287
131191
530470
411040
565745
458627
919490
147134
763418
331509
576971
425285
981823
40650
589228
665652
17431
462653
122804
943919
352698
638107
890426
597410
664601
273910
889259
449855
281822
488883
915826
433379
458081
731199
593474
928598
961475
183518
446787
591281
900971
452260
114966
735066
498203
520956
367687
380843
620078
822693
645198
821810
756464
270589
877186
626385
979418
26166
16731
244548
377256
219685
987170
133442
799321
929337
130103
590205
727939
578888
56383
6788
842896
32517
516136
24136
92057
78862
907994
608764
428125
942114
34747
400597
726877
2480
461343
432753
590808
178314
609803
61972
468894
489528
277284
162445
884819
692329
261305
717687
112835
900101
529898
443675
127132
108062
399347
353011
832780
529348
27672
851017
563192
670967
798127
849790
90070
371575
203909
34407
492583
333816
613230
94866
578580
781042
773357
724006
593188
973332
998523
592360
924568
74712
369784
54298
220580
690674
621675
845502
20106
5666
465528
869944
755731
577897
368221
490001
993581
556504
394536
549080
666076
633155
97209
657443
365534
105813
502767
779187
463264
63101
67442
272117
438614
772934
212061
462181
36027
787781
867590
767757
22117
397291
575531
842860
261123
227322
426490
888242
605879
545749
703421
982950
583434
753712
437280
534890
846160
627814
231200
129111
423577
745001
618834
982146
780049
306899
345613
118432
599093
46939
564150
649094
479282
757796
951718
808520
423196
262192
565114
979523
686215
137202
549046
361399
19270
732417
978582
409100
194174
618216
897267
529909
399910
159194
921167
755698
14621
937027
236477
27823
796327
381433
471599
670090
616325
529489
137246
598578
241457
288847
383568
407531
177971
633973
119817
747502
174115
411516
246416
160940
872316
541921
100316
908851
568536
209046
554780
426474
330445
138009
191392
429750
371428
416930
272935
157887
985523
156214
715397
28557
651158
51097
310513
760780
90574
370720
758697
922798
73525
223460
124802
412271
615453
861011
775695
547380
389445
323872
555117
223885
633911
173787
26346
110489
166145
435611
486032
316041
350542
349399
131921
573821
323424
890068
827408
158666
215596
67065
772810
602973
828049
697022
744863
977209
908790
166147
890497
136412
834304
829309
992120
589120
465134
664843
358031
826941
347665
945126
989214
512523
485354
69303
186741
435877
759970
107715
97314
798410
255328
298945
187808
315805
136139
688077
694044
873261
252060
312309
424868
707342
943454
928752
178543
953830
745861
13550
482051
41540
44200
941257
640455
416746
564637
381531
453221
413803
744368
99755
897307
139311
14463
509631
508959
683220
131573
429717
967853
19695
951521
78700
922862
591920
28594
521341
601862
863524
912338
756423
645114
350419
450715
213640
222589
596617
501946
610503
203286
264114
153311
646990
825263
727774
520606
975158
296188
529125
990181
725274
758789
717796
632538
702189
67218
355941
622737
114664
615923
743453
815207
290780
198313
26510
277438
861541
834996
513677
912085
851839
907258
414814
189826
884850
522833
594235
978959
858473
909353
809588
881071
477025
987801
465520
861723
869501
52612
925329
304782
410486
339816
41910
906265
561007
464515
354010
733923
336358
611298
912857
504897
428870
625095
455315
427438
104282
74678
709097
917479
832477
387612
754341
709862
906861
705629
554038
940600
360925
499192
875352
526077
116009
251097
401554
2940
86533
486844
110489
888608
661454
596088
159378
521492
511842
521392
307573
243574
328971
423889
206797
68090
595542
48072
92251
624670
79938
73156
449626
841541
891156
517411
239262
958771
460872
567996
306262
12580
367649
622088
291312
884041
276833
620653
68379
765408
164885
853544
878760
580270
822024
414615
570762
372956
603096
349345
840956
961260
120293
505987
506498
249814
634341
829495
185735
813443
808852
842306
690597
332581
894665
335323
981700
240177
28452
50291
452761
512698
882724
854758
493264
643179
172757
14396
422981
824929
77222
376283
82347
205667
213080
620045
883215
813311
44371
238442
928311
64066
589779
661410
122916
373843
240575
970281
20151
431596
167898
46975
876336
566006
97298
835483
420689
378817
25526
179
19745
851293
879493
975147
433036
657623
331489
923159
920872
498387
875747
924719
987282
420227
711688
789902
271223
47489
887880
171879
195055
487375
143879
89157
994371
834728
952101
532540
19663
406466
741488
824049
835650
113443
80057
222531
533379
496989
233924
987541
110382
604328
368857
123194
3708
912346
973047
838587
557121
956677
687976
317191
912526
479341
404080
555960
164854
764836
144543
742078
559406
761028
735110
73450
108494
300809
775494
446617
682420
969225
185859
41211
521544
432976
668536
791295
585753
354972
308069
209565
223334
551666
891171
49535
717561
934875
308951
84877
679854
589118
192645
716563
591698
443355
776316
529362
734055
340705
348207
33120
360579
137389
468324
818300
435671
67937
21509
10226
674445
939420
966676
928423
327691
989979
38204
337346
384533
719852
252098
477495
104079
747210
482331
714801
131423
526810
967382
335324
23665
602433
778362
365324
94484
171424
545642
181133
825538
390701
108997
377416
392701
671791
756491
876430
797844
508885
258872
217924
377349
264372
310837
378731
429756
642396
837156
479499
289402
391445
136409
666300
295313
517307
979113
483409
660491
654899
117914
550241
555243
591881
158201
681075
930123
973032
88651
622405
896100
404853
915803
353401
264492
873096
619698
987741
724250
699015
188773
835158
681093
481697
938248
704616
392938
258340
635329
492323
532236
978108
767351
655214
976438
468425
672616
631401
427420
993563
536602
105538
744992
41677
237097
533206
183600
698491
790463
607745
175756
593121
286178
566340
836645
904273
855656
435858
875745
188688
614661
41783
797691
846734
5701
962661
244488
863105
104725
677661
380244
318877
231419
885174
812011
596402
810470
857933
64691
994913
957023
194826
17271
881852
571103
96138
452222
353338
973307
399022
364634
500563
431163
103872
738493
164286
980936
39485
998276
595653
369539
78147
624408
226177
868210
888728
742506
637688
853
287956
33755
421135
481239
98477
397694
224301
124896
895965
544565
875887
553927
125810
427831
171969
117733
371825
878772
193631
872453
527848
661839
216041
13111
957903
127946
815644
934595
464922
478784
572787
745851
553310
574987
623705
283626
95453
229318
648265
167080
630128
479532
127940
452687
534160
590943
852270
281928
923712
696261
543238
723519
120859
371277
347520
221877
135670
77135
339905
99315
615025
498450
959670
791004
330207
775271
450514
736924
902799
335282
728610
207165
129847
387528
889166
817368
690812
500660
843566
537896
540001
417364
465222
798714
84553
261857
139232
839808
4010
769356
211909
273861
562128
855299
7895
237500
746123
909074
347086
766257
918775
155175
909645
231777
454886
936558
872096
561381
848236
598427
912788
121672
187910
827334
912691
894970
329639
994863
890331
808158
466081
120035
374522
415998
400301
404856
140841
725918
184215
621938
448481
512174
286344
750600
804510
512344
464497
655680
149519
318778
883282
529527
617846
948014
741412
648061
908898
726660
513193
226397
300039
162065
219918
74554
348535
940896
598137
865172
615871
638087
514421
388970
755808
651221
792119
787130
958697
546216
377869
838116
680238
394139
75618
513068
144358
654364
900720
94494
773798
166171
624706
570636
987318
417054
452197
732339
929805
906865
65835
964156
271279
647547
944027
55582
688223
246701
251384
947040
754113
422099
360236
223676
838545
423372
706129
996448
427514
282583
249309
416910
597012
689347
700199
766690
407549
446985
297754
245108
859154
325045
142069
905811
880203
288126
393020
267698
137777
936823
826687
253023
679164
96926
65796
195438
270989
963986
27795
688948
980740
915106
608543
523695
19135
127361
20684
241795
686000
333653
355745
459999
912474
112878
693452
86526
951464
740308
554316
918794
219882
456825
185343
240923
288429
835405
689928
141276
658741
149104
121948
461583
976793
367107
882666
204455
841211
41688
856933
296338
880995
158791
389807
820506
610744
884130
904867
999457
817242
701120
831615
904650
788254
80246
590508
206967
44711
691812
174444
493164
741854
565291
545247
626066
355789
898492
430322
466328
426205
987276
247653
783348
98474
316771
117558
561351
284864
768212
378607
356255
69557
537223
543881
542102
580067
910514
994684
722263
301631
187174
660516
898625
412635
932486
862033
14628
963636
465554
730219
856168
863225
464225
323968
893452
519897
187949
184108
193868
178631
648
924388
527709
381709
456109
40159
230098
962058
26289
903265
123680
168586
897881
160037
37246
391040
589509
451046
438950
521186
476105
573322
928633
21857
561436
118252
467007
797892
979881
643140
121804
586400
124611
76405
70910
64054
895094
531955
192994
568489
58872
207823
984566
65306
854143
154529
954889
485538
363436
361041
48063
656491
116964
778113
765553
336555
452288
566427
797233
430654
765658
301874
227499
447136
29000
301271
673446
488388
59237
770555
146026
827475
74314
534716
881980
93380
817180
699918
239173
664916
81023
728199
483601
316835
701289
621702
92146
932075
549585
831105
509573
922333
206469
893738
490380
907738
983131
998398
667770
926538
160704
638122
879502
928221
854892
785434
692823
646428
366262
524255
196310
970283
176579
824187
934016
727517
941082
990220
928162
446260
512531
301844
579231
438515
151150
180321
124885
891810
958913
191261
864478
643102
192585
387508
797874
258394
616096
323101
768234
902646
348111
664008
705695
787066
778363
698722
535217
763119
984828
245064
835876
906458
847563
628805
196004
247702
207385
430089
168937
703117
178556
363945
602933
787922
436868
861261
508347
733342
475820
899771
989722
876134
136173
576957
173958
989909
826028
936432
88392
701995
184083
161260
801115
590706
459324
237323
898103
239640
255306
728280
689964
987310
720850
701142
506340
222588
219447
908394
200843
46398
359060
99046
350730
448703
735889
859058
232174
480273
960920
975513
222376
105830
174242
777901
63981
458895
181035
875864
553278
582478
579908
794369
441474
408217
451079
375319
35918
630318
39524
682237
561159
327373
367386
617618
805471
542231
347010
692636
918075
596929
669445
573392
840501
500661
233326
189888
647997
183173
869466
841121
510810
554892
651532
434488
6351
67939
525853
688289
167768
912701
724049
815932
704403
852960
805956
513076
224956
140673
26627
741933
183185
788346
264695
350538
462932
633898
438587
251736
937071
166569
479311
974874
247985
66086
786790
214001
521526
125152
156186
809000
417894
66045
407488
184666
929044
1802
289749
323328
587590
550736
940055
67419
786836
288783
219248
383162
820777
598234
552077
771753
721959
677198
571342
468790
122023
638192
359446
215969
405725
673570
10881
398431
506266
181058
856757
323531
974892
261472
605457
701354
695200
897753
843267
938393
678632
572629
238134
553941
574615
466137
671336
618279
490760
970697
381721
571818
2015
821822
375391
339898
21415
949440
329111
281659
885403
954848
399478
366723
781568
127285
521789
725349
803503
441969
342475
925979
636977
714334
715660
722703
539523
372987
321615
316294
188920
560941
390518
327530
202558
524964
630278
366258
437944
602955
255070
7024
260811
457067
484805
511542
620085
471261
388124
920422
163543
228138
163250
116437
814291
559297
899702
367707
34512
110803
51591
523386
576090
348175
869608
377577
231975
546101
682191
593980
710644
880473
234652
1521
172174
277559
429351
101849
241261
188461
197938
988385
444859
293913
582334
219324
348978
349391
537977
432431
483747
7095
150484
479736
666962
124354
380723
827804
678719
864071
537790
629260
64896
419710
732309
31539
951945
895447
312032
269022
429966
509688
407876
987465
618687
924114
836273
828674
73394
126751
100952
126588
847839
510522
221498
402867
736260
256026
900060
82358
690345
870508
408215
714646
792382
406668
591691
325225
261024
560545
504948
676027
510778
42514
286996
481747
271944
914729
823568
29981
837623
75842
552151
30777
503145
61679
7485
340063
440404
744428
827622
322220
910794
457146
440093
856590
405139
345562
552964
549257
34550
814439
869542
720867
324887
315152
472616
558770
799482
882801
71071
643840
674533
94734
244155
573592
918436
925419
105632
383792
954278
593931
975957
853618
977541
143811
418197
395177
18147
157753
962947
767364
455727
523902
621499
941258
223815
244870
89028
235099
59832
553344
739169
397151
286305
984534
780231
812365
165109
602627
672744
24666
191966
910539
188909
715324
607871
799644
377795
888665
636882
508159
674637
933137
921521
103035
828215
878693
789104
76550
974698
377218
876518
543081
211355
665582
921293
737199
968959
135438
355583
105417
313881
671185
689760
439553
358003
574077
245019
666649
705003
956564
26245
813504
655908
815522
389213
698672
542302
627366
346805
631335
86816
846875
100970
833791
271634
110881
801294
310700
940711
751693
366183
164626
863479
856074
442321
702465
421674
427946
646270
361998
244944
404813
798
92495
336654
360492
878361
564530
698484
842499
560761
607162
47017
325273
422885
997208
964423
503917
193864
313250
128196
36222
4561
980594
284421
223863
917459
187486
442007
565110
579980
149967
381560
858552
329090
399744
887119
648931
771849
914965
450300
819054
820706
254805
635530
747249
709502
723974
329729
279045
67744
945956
957912
794071
912544
422589
975944
106958
56779
590252
115260
297878
144424
323439
961701
611593
26581
265128
594409
159866
788688
483821
950075
742429
807251
491340
237190
897942
288534
104158
500674
986780
524152
403590
118250
765642
978936
608007
813956
366594
938589
591807
294495
82942
482998
207876
870747
565237
877116
4314
490338
211686
174163
562894
470581
427779
688175
872753
523297
299325
982036
211828
192656
281576
196725
50141
727803
82891
422334
511972
985725
854983
459373
203116
560451
253345
121243
274849
903456
802030
695833
649194
44733
159642
757941
196427
969965
616853
655132
134811
85343
997594
345561
924828
358637
389660
427324
85180
760209
999888
482006
54823
40631
691410
644832
130503
673709
267509
863739
74265
220918
797930
787922
298541
208191
254987
33307
887930
580137
410629
477181
527643
951749
869344
11084
15914
948637
144685
541295
435960
820143
508747
164323
540134
866101
94101
881368
289378
689567
471851
763769
563586
749923
302108
410441
990454
454890
325805
686121
979373
407595
677704
976502
169543
925653
181444
169807
544498
253606
921677
669684
107620
273945
811696
597257
668723
748796
476998
555130
757140
372447
929530
940282
837486
455848
724344
168356
544090
240260
570419
661250
26362
872184
114835
520939
259891
354774
186042
387654
3400
288074
753266
383469
373588
51540
129461
120302
452259
877328
265815
317163
841646
338417
828180
794657
738162
754188
804530
995397
374124
844240
721554
613322
845683
841940
348633
791552
278577
722313
649141
429846
766207
338958
180687
325696
293277
901091
816716
818931
637451
511989
848190
370573
621574
980887
241197
362194
898786
213842
338814
69138
372609
276563
774014
25766
493421
724099
591310
246873
560920
637236
603626
770979
707885
585846
450583
524815
200786
896714
461033
212735
964413
563310
694062
481926
249520
477271
246011
612467
700306
849981
24337
859949
632747
404112
534059
1594
628028
933960
853926
280410
859065
678298
297485
375824
707748
272966
381184
869440
390088
235405
158081
100659
550094
288576
322716
785720
981695
938548
716016
884390
497878
806802
975069
114172
919937
787467
379468
984105
509620
319912
295445
107559
246186
186495
752018
551169
423802
468993
541566
649846
902034
868785
737608
10870
622226
880815
760186
574729
133895
214643
469505
302863
924162
564437
807192
258594
788500
706824
743189
404055
96809
384551
514832
313060
72575
780455
482540
2971
720513
574765
583939
908052
344324
940409
361906
193257
214813
306559
843326
203547
182300
104342
706721
297427
913194
601162
977333
98882
994747
282636
291324
871209
714351
527369
593417
127861
199115
918359
508943
128066
982414
124492
568901
174784
493171
606953
395186
732915
410371
454324
628698
494356
855956
221027
640389
553429
284769
965300
559528
194050
235591
465498
857395
390467
785626
181649
498550
882878
282658
182802
267121
765913
695605
47459
698422
80413
829810
468742
645437
853430
929239
950097
582724
837655
374080
99421
643297
261434
631165
884184
373157
8517
438222
924534
587311
409800
234045
227652
237514
192163
920537
63133
457412
930181
686154
157813
139916
934542
826006
580371
524358
759382
716591
930715
778543
795207
27894
572617
811368
472101
51792
315514
549601
903727
473443
484900
356963
539933
302126
463526
438137
829320
297923
460730
408380
451305
789921
490375
356154
48761
778866
488916
448963
21496
556381
386134
619407
750794
168905
455530
723663
559995
935472
470366
351758
776547
969115
398377
786052
73125
203007
417915
646968
751569
596212
822575
599630
402665
695630
126174
911796
158849
231130
884941
193957
762624
68535
8646
339865
677635
280078
884164
715977
662048
525231
729543
595810
602631
514569
614024
688070
657349
993414
507719
472377
947874
100481
768832
412526
666667
539493
151420
302127
653347
764739
518499
706513
634959
610990
66175
84437
649688
379547
991628
159543
334498
727803
162320
44798
383362
914629
952988
285920
24341
733773
92401
852960
420797
544943
7248
251729
836601
622565
192989
31864
515296
172665
161967
92815
872314
986004
367095
751078
997243
861812
605578
298276
156509
118844
691340
613548
294169
53221
964219
926171
416961
688978
542101
552685
412605
869634
813287
69311
196576
279263
428212
650031
233766
487411
244926
938527
66316
433274
520499
420889
283852
127314
187639
205068
245236
573583
366858
245429
75554
304427
62742
979929
632606
424474
751192
137070
825428
123772
826152
174426
179756
165292
670246
861075
960520
288373
391939
132965
440218
629221
48361
184466
409247
275897
826440
591507
56827
40951
885247
433533
917938
434139
702115
899391
264192
373545
106478
811976
36183
516897
353991
917125
133875
448337
906409
764168
213915
798660
874035
944580
515637
745944
385805
271029
158662
862830
568561
854044
777030
692922
963997
4776
13084
149434
977684
53040
594683
35459
84683
609373
92568
882038
668535
426661
73159
376658
686448
378738
481521
810083
473026
361313
405684
397145
687697
211173
520023
706547
267750
443084
827369
1242
99866
605914
297141
934090
748573
394129
671331
618923
893732
503442
742958
193470
589613
653789
537917
205683
578544
977973
84641
348311
718308
777375
487850
218346
547306
145544
669222
486478
631066
981254
222711
243676
383657
65271
64848
815313
68468
732038
16140
125350
249835
896332
358123
163709
392220
713042
529257
261495
389339
685301
432060
591074
492684
29923
590955
535824
74509
668417
972870
225603
229570
199727
293126
462084
400894
979555
654593
130515
790922
322546
819401
744568
712086
189613
355811
850872
327034
750440
940639
654115
184167
134166
601113
206410
43374
298512
241738
375503
533228
817204
495627
686996
58770
754538
937000
882709
385357
947458
135453
708946
869014
708153
900272
755748
636504
241755
451754
57841
750904
78466
482803
545915
587654
259964
471497
943954
682176
936203
614813
658666
305725
113221
688522
465799
678077
664732
107634
370069
458506
355384
868855
857172
25738
713792
986899
773488
491364
198712
897173
774510
968909
450949
203641
939011
139246
769739
408418
548159
537972
548983
771190
450214
416115
617560
483734
413407
252856
695912
732985
212230
860138
548329
268452
53724
955227
274347
410760
917342
537265
504874
640823
248307
817195
507092
436036
697662
707090
227687
629303
440916
482047
392377
18410
550343
897091
136338
21316
77217
822646
463731
195919
37805
559263
585594
271095
251375
927421
352157
957025
842867
352112
509140
444837
163202
695751
388115
824298
540594
924135
785717
185245
307861
7636
925172
493838
334993
166815
990101
945895
283280
504684
384673
436937
515277
823519
61517
587780
470351
407203
268091
358067
794227
524630
447577
277938
930657
505492
39399
425726
137505
486367
46167
495207
905030
962152
255181
98484
939720
314428
318150
688147
956528
661966
863125
682811
282156
423517
831175
731104
417410
175106
573544
263122
871137
872664
988511
924083
736211
551624
103476
629139
953488
153135
85938
593066
703788
521071
389288
876017
110575
846671
496073
832605
763781
784592
325747
961209
492940
57357
866509
110110
977611
397069
852361
785682
931843
764585
990665
188603
952733
736852
178397
442878
386946
60556
63723
378361
403274
661660
22696
356761
561932
375819
153602
568344
445268
753893
943072
45014
662322
861027
984705
163283
731951
646713
580033
821383
645019
965501
52666
836126
956482
368047
438023
854483
335293
220649
54052
612584
601252
878372
870833
412287
739681
219684
658517
160601
870816
689025
394623
248040
741666
459092
739720
395410
765937
909370
298357
198341
210414
651976
177496
158705
375238
605579
748501
690663
54147
882618
431746
370124
12350
783611
769384
9593
771250
8334
364391
439859
915373
954330
575990
748546
843552
846546
218759
452592
667541
604036
43592
565279
777471
304382
679238
759367
59373
107869
728428
581644
862553
47155
450474
300152
262941
15572
153457
508570
370053
170173
193562
959034
59199
938466
931174
84279
715951
229203
903776
166528
38111
70730
991967
824683
852820
931283
237480
63989
550396
384024
43568
745943
239811
228424
437118
277761
102596
162276
919343
728245
279580
908390
533011
553667
676571
641486
341365
757085
995284
15370
19705
636950
486996
428609
195165
205627
601967
556988
743074
303310
403253
629105
455940
75739
121156
597998
631204
382394
453815
247390
600007
752544
253692
89467
563575
53857
147268
615441
991815
656198
12883
576747
980404
217926
975607
612060
892903
234469
74453
590187
291543
33958
326239
947356
878540
977262
297633
245655
156478
330935
747515
363064
923164
406701
27497
73010
673128
562729
238334
549408
860543
813127
543856
931690
157815
575014
710604
614032
621153
574139
806858
972118
837037
384338
756411
123468
766189
962723
785887
273081
153906
656333
515027
380900
264850
473201
373479
519038
532044
174062
563342
822511
152450
687796
527598
197691
396004
711687
804760
521809
930158
695890
832913
140400
124743
421285
285327
3830
61066
29965
465663
651591
530466
889935
847619
293590
354767
578369
180922
136595
121797
387268
57207
185009
904307
720865
730707
744211
848417
452159
68701
661906
577970
288830
104176
386861
832905
888756
454878
171086
343560
310018
687240
232885
320308
423954
145231
667395
426164
785775
6117
795365
974904
477888
397693
825627
18807
351906
479649
173220
494608
926177
603041
635528
621202
665427
317801
351170
280727
707538
887084
712327
184971
18708
917629
203703
759819
475753
281788
78111
715624
507472
227629
709417
335306
434613
507876
116001
920433
434571
139613
843492
496535
608322
808808
881383
628466
773989
122177
588321
476693
755796
398461
568022
607414
94425
232801
529986
458698
150504
281741
305054
825613
442167
672342
467601
79134
466296
939889
839478
222150
19504
375690
673542
717977
261173
8948
645410
692917
337928
311420
722880
379943
149004
866582
752559
810990
721699
70713
8456
670487
154724
707526
992179
855175
863930
297507
521619
39575
591836
372327
482575
464857
534244
29422
775742
665273
883919
775563
26926
665599
569296
783261
578961
207729
382481
983098
475653
910038
991879
313993
660543
757205
91824
558252
34515
524219
552300
925338
167906
510363
701941
537994
945376
802255
912637
294027
147072
9437
695651
384561
882623
540726
878289
551209
511434
570392
973300
536942
684429
551122
998681
378708
766426
302503
859489
101314
431729
65932
7521
419133
889074
767820
285528
134495
27164
954700
572173
54054
511169
13224
607749
41448
839688
257979
771486
36452
163806
881342
415755
322356
506363
474696
70829
403872
921293
320819
243530
960524
867011
465631
758124
42769
254583
804240
529880
812328
651128
395891
242730
974658
282419
637694
116490
718198
585022
525940
778765
348626
943682
685768
799722
609810
661954
991193
792406
28783
404684
565980
515455
653518
753082
147608
437282
130905
664613
334538
732618
80427
446056
873960
323110
853413
681356
4675
233797
728542
427093
997125
19888
395383
408552
525978
964580
405260
712855
819052
905578
238406
317323
164742
226517
673101
519885
943002
147736
73371
6001
792222
989313
772844
518047
296208
507222
492817
939391
473306
485386
979748
454016
693074
250716
46230
918214
241816
61325
141476
697966
484322
288444
345640
481983
604501
70879
665036
402094
374857
882912
512153
445709
16879
192914
949229
128274
752015
356302
96971
654848
137897
169070
864717
578740
552125
130853
445300
583054
709607
68474
125024
350266
467746
978783
623387
79130
627693
945266
731535
337490
969482
720271
336216
940143
800163
825168
356468
44405
481160
820642
574487
336451
972563
909381
895964
147749
358061
938208
541909
93430
499817
199806
578819
21744
880718
109417
295521
79314
94834
946913
151323
528684
721473
848825
503388
332938
319517
543503
807749
765371
78431
543846
300153
450941
880828
956002
496277
404166
726020
955935
671933
844913
38659
716845
211409
672708
84938
20268
922943
828570
74376
731521
290803
501233
35985
41842
594665
783058
750529
625316
704546
968857
931066
149294
913652
239904
777544
98649
982204
579788
534694
437110
455088
297459
204762
763996
61711
118249
62971
282045
632185
45030
966611
260452
964507
890517
537247
643598
679234
297723
446899
175010
345233
799426
88698
890893
511630
557090
190235
521982
736918
841515
350392
143675
161265
343025
848016
59359
386816
888148
994116
733105
124627
903146
985207
809825
19351
175948
158094
935905
879212
46586
135511
606685
474709
412076
333445
736985
360457
442230
409113
662502
59558
219542
813725
881345
360069
776285
292555
477384
145384
827576
384970
140506
626384
45467
443864
16009
237356
176649
161155
567742
375915
231681
744529
922282
587954
807368
969919
785829
485993
166288
123814
587237
687600
586178
50874
321372
686576
773805
310957
650733
654924
213130
19761
292493
4341
682027
531418
601267
76637
494464
957409
881019
468675
254982
828357
977949
925549
987405
175115
114244
431220
144036
59751
792654
577465
67363
498419
171103
243125
476308
984476
463970
361006
158718
981724
617053
986374
68240
441121
135792
665454
169383
307341
684970
656951
88892
978455
702472
870281
272557
290254
572299
661932
703590
650238
74421
227332
373996
334507
115039
215450
677510
550842
951994
198613
634888
298031
879072
482311
201213
373905
996246
248995
929456
417578
24801
324045
264471
412779
467457
388554
135261
254252
331279
271126
723275
675536
850094
839957
213138
225479
202801
994017
517943
719853
123017
647170
163547
950095
821801
361915
763750
928526
877048
725697
358800
322013
333554
731527
611659
34725
56732
356532
96464
495495
541218
945910
256261
519425
389134
609456
586312
195178
491239
705935
219931
394775
768036
345018
158828
794848
919627
46184
286783
914749
432747
185355
536186
191113
258098
909610
198989
187049
9516
643660
8316
481606
643609
422416
342666
359989
241129
135514
651331
907832
35350
572200
89191
443294
645790
783106
910638
433157
591516
490256
37056
571266
700293
813731
409363
574005
662009
345423
391643
209989
302933
144786
662091
310024
13928
940237
330769
956882
608726
373111
942807
166034
806319
779597
259813
72460
303390
312470
440163
878574
397880
362834
419644
845522
856692
98879
162655
487119
434042
93319
686175
916028
682068
547721
585338
584963
463489
460738
295991
360541
639720
966936
64680
731119
756522
889987
893647
534017
980240
682840
59101
327575
409251
332019
165462
365102
186139
505409
662992
474964
491439
8232
561049
838116
674123
599059
88376
40157
386080
39389
628876
343519
310357
450841
968850
74177
523931
954940
648450
637905
322910
716520
355160
207785
4055
293845
560304
35242
402750
631646
981258
514840
282525
537958
493230
370002
274560
77413
784873
296620
100681
246483
891445
144043
836000
990447
506102
813084
85959
153132
534945
472913
991819
692921
702007
351993
410582
216619
925423
668699
860642
534730
968242
335407
725576
247477
433216
771417
310454
211890
952944
460035
437439
146518
164564
50389
998925
451021
415419
36244
117681
926023
260304
86356
205083
265216
244703
912603
615589
32553
664248
392212
947785
201272
849132
473196
65075
64073
536052
888077
992498
769327
655793
407541
549192
799516
861263
687858
192800
676584
437634
363964
867487
797761
136242
558767
642515
990256
244339
389091
478344
126084
859501
573034
183865
648669
808155
163301
751268
849302
845487
569027
737270
818640
614994
504215
181734
528088
412296
245781
754654
41652
649906
133162
410579
687183
360237
359413
687029
922878
431768
308901
10818
138734
580788
941936
672758
202669
828452
60780
855901
530193
124051
457742
67016
816008
29172
170942
850334
241150
245669
706515
293450
50149
919405
225200
825938
806564
993444
364730
65416
983710
595890
245109
49497
407197
742575
203578
938882
209371
973034
188695
27619
171757
185349
996931
41324
432588
949117
496444
573107
457986
925832
14463
469672
468590
708631
918947
136672
666931
501051
477715
761101
809603
344548
683750
256847
750659
221700
908765
889251
21596
404625
618744
434489
830750
921322
807093
602788
219408
212753
471782
510635
839896
684951
828846
738812
826563
130773
870616
370048
572018
669206
8339
973450
57442
583634
548046
63465
22166
8917
814060
257500
452387
10111
182308
246181
128728
282660
344184
519990
47496
936531
981584
580680
487605
630196
216499
865995
967834
545995
635169
864568
218773
633433
203983
250946
59759
5281
506879
260010
296649
70920
954236
820786
953830
502229
175727
750441
959183
372441
381985
211749
287079
50344
803278
77263
262603
179589
281250
600728
550501
153052
281811
565898
982734
87400
959130
187257
868317
392373
103695
111576
535569
279104
300192
837031
230294
773050
997869
813002
430327
689131
159107
717750
376481
807091
330356
683076
874256
951852
929552
122792
532377
605484
681858
602555
499282
217639
158728
356596
263969
612017
186000
703605
208352
565152
998892
934913
158762
306448
265586
4492
458309
352000
161395
517739
548332
950233
983510
551659
925431
623183
441872
550141
572713
975968
178113
13966
125974
400378
782574
648437
187183
131001
991767
712134
488556
627022
198773
675140
45460
129787
312402
201587
661484
894138
274628
398986
945466
339646
633223
717511
691188
368849
213046
185245
549962
425116
90150
45705
184397
493509
127007
554114
553082
834675
569144
889231
923175
829037
202446
531762
320393
504480
746849
273410
290656
783167
572619
950294
508607
170053
873757
641373
535867
304406
331095
503307
865072
54915
52036
662510
50411
890668
754928
205599
938103
949568
49287
103571
94919
234144
394188
642897
986429
639394
394034
209470
427669
280626
769946
777236
90225
196818
177770
567089
965121
348225
710534
715404
860814
15674
702318
308354
572964
301267
497716
882511
781978
654982
23576
932696
339391
281229
560130
785252
891811
946918
813211
849195
481599
127158
499400
572871
921922
37962
935044
980935
701880
247160
325784
589859
222873
477476
690106
8201
694124
612767
348992
853077
879574
929129
323007
392160
357123
12823
761220
896048
18864
616208
551406
602061
142610
599089
352166
262515
340710
32592
19005
366179
528086
990814
672032
495700
169925
77158
935290
43847
626615
158770
795815
68856
904416
888012
549136
798128
527688
111394
173735
589815
432599
565571
620224
220263
796930
743622
840843
134812
770706
593801
73834
125512
215758
356247
489715
991779
919813
327907
950147
487807
3642
971249
74429
775161
738412
6036
778270
570636
20544
936978
776894
255295
212813
97571
708710
594687
366788
214360
510728
465095
578170
117977
263967
347771
511252
808583
781860
768789
781198
151552
186154
435190
266088
373184
347095
7966
833261
829349
213439
333815
509857
726219
458974
794379
627846
227605
521266
538007
611467
605581
973939
92343
632914
3043
489456
29952
372380
597458
996935
653292
103060
660896
23937
2416
989300
202500
287112
359338
796312
21857
911493
407734
914973
439921
356058
810336
775477
35325
982457
172851
402379
837768
640863
619248
710349
641356
900209
823387
258715
693020
988209
866543
784266
679208
821149
893105
218325
311007
650340
727457
622560
903983
490694
531789
163114
353768
289159
405377
432784
75070
919695
856153
812088
852589
407137
435063
116256
456119
843382
267919
576643
885065
171317
894367
673701
509756
21714
149052
135164
145590
189504
949640
667451
356785
848020
626880
265147
68628
205048
525618
471240
554429
161864
446923
857222
999392
423500
426958
152191
43273
724114
354017
726666
787133
40104
709954
79512
860734
421107
468375
989214
702510
136751
641954
585947
186123
438724
207379
224261
329433
428033
980791
284564
990045
279351
920911
957226
378309
468341
965115
869021
807845
234011
252757
338147
938332
233501
895131
521753
667413
911254
872260
777968
465833
898182
634419
659572
368546
114666
184713
126906
459867
882743
233365
978022
984387
478386
165159
530646
456640
755950
674434
112047
673072
42019
824687
589954
326474
58792
794414
274010
422499
414158
291720
452516
784397
931096
129152
155131
757210
812314
131431
33936
925758
415277
124047
21427
159634
751244
635799
372672
60085
380174
865509
272488
283981
205888
747507
169499
525291
533214
18496
533967
436428
327854
986598
193456
200188
800506
290571
875172
185878
995752
675249
54009
416166
896055
333993
49134
728879
762520
261157
653851
55496
357287
333994
912317
800097
274948
488036
383074
736611
398290
915091
932013
220342
612044
80804
211591
280668
836607
140315
838243
483898
949352
935339
249899
314807
741162
652584
287244
962813
409515
560915
634651
571997
558989
237461
226274
797071
466308
827591
355532
962966
103449
520046
152424
668162
869690
602756
717149
755343
716795
498673
216299
405611
629229
219417
276121
558357
149977
596366
29697
620769
569626
206822
66612
331864
924500
955112
566539
44860
983317
297056
897611
634217
860486
344978
343540
845014
133709
485451
799334
803451
288899
34514
787441
568845
109645
985086
784055
303333
957529
284513
290624
113726
103607
668642
858394
938013
948305
443241
33515
943883
570953
132659
528021
201086
601901
194245
189572
221910
616921
875517
88855
645891
96938
976195
260264
144323
457370
807263
42042
110665
105021
181797
891134
82617
529495
301643
748546
16528
28760
508123
194679
99361
631733
108739
515997
829882
395619
367498
385869
935013
650738
852829
781730
124746
115397
381896
982725
135922
201002
28096
322964
422502
659674
98076
885871
839414
468750
68388
955743
537813
608699
287234
58850
644834
996780
505685
725783
547777
57916
309797
514178
360360
103468
171696
864317
266934
989799
169059
71676
477245
744591
347556
637627
425888
550851
55308
907654
641752
730352
218418
188580
90897
13393
484387
989217
481841
388228
824045
416183
456568
993802
196378
550297
458434
536411
216379
830427
770026
263780
88794
574081
588233
859870
260049
39394
404892
339148
411064
655672
346691
552657
536825
181895
434470
276715
747777
224616
719730
987728
150159
260274
913345
719267
481326
673603
303384
708755
559935
17904
923145
367185
426672
303623
780793
704555
235465
921789
381500
603658
333221
981625
898012
810244
67069
658043
419321
115615
514528
372267
482570
696291
849727
581818
746946
192731
766436
676279
865741
918376
802819
986352
31801
786881
877417
839810
771634
821130
328017
305600
630502
74768
563862
668476
676295
567839
951746
134837
122094
761985
350980
992413
916189
951187
396544
968453
441309
926469
830209
837927
979782
756845
818570
481616
277789
384137
400714
718824
364247
210767
660333
151647
712060
607155
17999
127286
264295
631925
714891
354663
481258
622691
759474
638066
595022
266866
947415
330502
969079
711029
846215
621896
113446
53176
926423
957762
919513
345660
799957
754155
238093
322318
622752
695759
763812
127238
573396
335707
944289
162009
145885
11207
78991
182556
578989
84768
194498
496470
117640
336561
912245
185024
179836
647693
355602
748123
569135
653116
672657
961070
412945
65344
70456
763611
496944
194946
212544
355421
440489
858078
708824
599712
592188
450184
425282
251837
754169
400985
334300
457617
986327
98490
363833
148729
119652
772523
42350
604395
139734
256497
784105
419572
878335
654746
634683
280650
958239
375662
425270
437389
527187
943668
454385
108447
500844
896605
838888
587484
665499
757586
981504
573112
818632
494805
600297
461428
958273
481622
796893
200253
26063
127509
318917
851297
112165
855918
714746
942766
838770
646086
230824
899241
834709
641104
204815
10792
721648
976189
444963
80909
991382
12542
344724
392287
534174
579959
920488
944198
589593
453121
593987
308067
804256
590684
107849
551370
811078
682864
610650
791901
220268
977790
217340
995334
77236
219880
132119
187408
91790
828697
220505
548450
65966
714578
779065
349274
245214
632018
967897
801026
37231
431713
787013
556274
2827
365434
424281
383234
616550
534547
362047
50665
500243
780362
645524
929015
587315
928174
279980
277419
814856
64486
91052
121074
605351
202178
411030
696253
318988
384348
506914
332797
852231
211434
61511
476286
146517
357284
387097
848349
485706
29196
595404
729127
689705
667422
523350
949712
124950
155862
960755
134669
88610
214873
656962
7822
609414
637889
61645
26459
248171
248520
296806
947594
507366
410896
998508
349147
305345
813836
27565
302448
945140
415887
573029
888492
4403
411823
682085
773862
423393
319381
691663
405578
76194
123812
938238
22028
148366
268804
954946
423114
627265
401098
903368
947518
242447
972102
15257
404444
988821
776616
565817
936270
362026
246735
381999
885258
981941
726832
759013
849484
507800
282591
189989
879221
544330
735293
748931
513984
226819
458815
208346
427037
67920
247190
91950
317484
259078
353600
268593
851671
996307
799531
384033
321100
836592
142721
390350
625110
245235
654741
534329
624471
979520
950440
652760
508068
459423
371095
606455
451901
16234
45157
206456
884903
507613
682465
674491
584872
915472
545332
680984
682079
547136
61321
790985
235133
242697
754713
163301
313636
210096
461330
560263
495002
909724
300515
899213
619177
119845
953318
754108
425687
779333
466731
658689
165245
71724
444509
454291
197511
401519
65236
831092
950151
563104
777334
221653
120053
955192
399882
842969
798535
151729
974235
438706
241321
764081
816325
379496
992282
311520
168223
685816
929827
64794
184005
474905
385908
361664
66432
10330
194524
701353
555540
803494
760164
1783
907175
38890
654921
463748
795209
373645
826901
19130
976228
678494
339865
871361
64129
46156
866697
581460
509428
398542
405556
626605
419750
521059
911134
714655
501565
775539
75388
683330
713642
648213
85195
956680
128974
155690
705549
484142
80842
223270
992097
706511
140513
168495
984765
472146
933132
26461
913227
854724
876891
499746
594846
130048
511491
62083
860112
438603
834056
791108
125369
928444
240904
701282
552846
389976
789409
128698
645907
308860
809728
950471
464894
588979
857415
910217
698282
893224
921114
771968
265716
300149
506183
656983
268150
98713
911823
568414
336094
18633
144213
820144
612138
169821
838626
933364
383554
952235
54931
784894
669489
106097
325216
267797
28674
868075
668489
235408
166963
138565
468959
427161
354072
539499
453548
837139
682191
550012
538816
758808
314140
233308
41497
653723
53217
52392
542062
290221
811963
565509
842520
123291
54459
523473
72221
466868
317119
410491
690139
315880
372397
187759
536846
675339
862347
523625
862206
371449
829758
937131
741575
523156
151326
824266
770502
710889
67186
372834
683357
544881
275341
511657
664228
913331
255236
272865
812717
274310
421386
265831
964785
641973
372843
743721
98523
836283
971937
333813
947953
391917
583062
877612
942939
565239
206519
108245
468242
412798
485041
737806
676198
10853
405196
833117
316651
19244
13280
987236
291137
135026
183415
63091
965055
342299
568769
138807
426300
408460
246190
68369
537081
609875
498284
959426
504878
343716
729789
495362
27120
236350
692467
186096
429371
414189
949451
304291
673506
806632
876068
993182
156944
442586
309658
864162
927418
923070
651972
657502
326819
412067
767430
785218
970763
269711
579091
46257
499957
380224
665154
15189
174612
254541
297676
196364
549329
561196
432416
551871
166523
954892
604451
420884
82380
164258
236359
667129
371540
816002
751175
631969
36741
627555
497148
366220
78106
157317
766751
143934
189156
283950
951900
912593
576882
578319
866639
240550
237084
681350
712605
843895
624172
221053
504562
811528
941162
798703
717138
981052
965443
509323
999582
405124
232725
184049
274150
568306
384858
718297
643941
537132
758574
561555
59357
924348
675454
965033
631056
559363
974095
565856
311064
93134
380456
674846
811620
382273
764126
989925
841999
952431
994618
807485
913374
419404
570504
428784
584918
414586
587007
165487
159480
748863
540488
339794
569306
919832
998764
361085
165603
646950
804383
315998
186595
365703
388707
368850
318413
886784
755803
277671
615122
661270
307757
157628
257562
401980
436370
826309
70049
321318
547453
310699
919597
188475
166245
742672
540904
157098
821233
931312
619678
441300
438335
534307
150675
702119
762066
447167
55682
649674
571606
987738
996782
485172
801040
850029
108327
610264
227750
7891
606684
81211
622984
254961
983767
40677
916090
632241
341465
674101
264512
186086
820306
93007
83557
511060
860093
541681
162343
238215
380694
196516
139586
356833
536761
985870
280919
23666
951768
43044
649977
334335
290521
935420
194197
966501
776138
490240
517179
167447
841538
138687
648141
529732
511317
570589
482946
337236
965619
230379
968408
753360
954205
508690
742804
346401
471877
961896
61687
127536
979138
810021
352831
288877
412077
247151
813142
521004
468827
89617
942300
112169
43126
153866
380492
906668
980026
295106
98061
78215
125834
746583
227543
751421
158316
357462
744384
978429
382312
605446
327074
252491
902136
48733
387051
89152
848876
100438
4865
393128
546205
880474
853008
895881
523147
505499
66417
868867
689366
127680
728632
390291
438613
641082
66202
12785
468119
877366
926009
523738
344756
694571
161230
853416
30094
869075
451570
423580
549993
467830
464649
377598
259300
887073
10763
619739
408148
897974
671536
806446
461052
353629
532088
616153
574250
482328
654804
891986
264241
120693
83572
310363
193406
373212
23598
890985
285465
877896
156936
243302
723962
885011
196578
398034
293893
167337
201667
717189
98852
115935
386878
501455
49728
52188
126400
355904
358940
65077
860857
14467
468366
367639
589093
24677
565210
97373
246006
265652
448492
763906
981344
162178
733490
759728
564161
239689
328724
817527
776362
945512
460561
772121
582862
328459
817207
979202
609286
66090
674366
287764
325310
637352
299522
384865
955072
25051
314588
620082
973659
252971
503708
397252
628399
526803
857060
540498
831320
457349
356452
534605
638133
162730
959597
350441
365524
909127
248628
220945
562619
101563
62374
597051
678165
834277
689826
603221
619832
435682
130648
44383
742799
263860
601148
120210
208297
29182
495718
552318
582749
690795
280265
34097
846167
533551
585742
835155
803844
348197
183180
73487
522262
203608
423718
617452
857204
729757
435458
14970
866113
769309
393057
13223
436872
508081
537632
905393
402497
956710
763082
790262
700034
835296
822295
770919
765125
742682
786118
831515
373778
374411
788626
464255
433097
627108
709332
511660
402446
590326
974389
571921
477009
944561
910285
483727
813944
564424
532637
286820
739244
17520
814885
765630
668093
423430
387555
188657
84595
349776
668714
494532
779058
644571
701339
729958
602185
485060
771074
362430
435479
932499
866639
499296
845274
668674
249327
605659
510741
305051
491526
609455
950685
319487
718348
408092
339265
992771
879937
17109
646484
602676
733710
596371
733977
854459
590010
453063
55369
346588
368517
350567
65475
552920
483044
234410
597969
312947
111322
602511
585234
726544
883504
149718
55306
473656
675537
438610
740291
83129
735364
32854
527837
843243
423494
499981
573881
78286
172291
556518
941054
150415
491825
954476
996422
58985
749385
91763
961897
637224
135139
403950
52196
167817
270446
939998
293029
171454
433737
798373
722485
834126
939712
286329
447938
18648
69670
42419
696840
980407
818635
38791
886492
175617
651354
913102
626453
707178
746194
3904
226135
490758
812255
731837
375549
951084
483156
464138
916450
533494
853575
613913
7628
532452
551306
922752
398134
523616
756865
971596
94649
124764
60005
418095
819478
425944
352532
759508
733922
421759
814866
792467
945359
460209
895008
774080
51795
311580
350391
220446
449206
30275
729569
734577
887741
406625
338997
887793
595950
377062
616237
776346
937024
705632
650085
365985
258913
104117
21106
568769
753699
55757
35805
227570
174852
330508
752635
639099
666584
364797
558954
926751
538837
363786
252074
675379
157051
887783
441173
194383
309086
213327
904957
586275
826897
408807
531360
17441
103473
401598
211786
309208
58443
701494
114760
68321
544427
41916
416900
620146
878850
329778
648322
240144
989363
666286
819766
713953
83386
438108
140351
205087
258425
927935
129860
850473
788769
661396
904746
437619
340089
509143
620079
957022
928206
439647
739302
342627
814968
558052
477391
305640
557956
175457
136338
667829
290243
659988
911768
491008
742574
41507
593286
377508
54452
334169
957079
249520
215586
495693
686741
863196
865006
361059
508340
534359
910560
556076
892555
157179
273886
648361
601008
81122
299346
719277
164974
247378
808698
552160
728549
535956
490379
712863
643967
443490
179971
408769
35019
837310
581386
383413
37431
2271
577476
18503
385966
139718
418102
648129
989900
164976
580498
614254
515578
928164
60513
534394
407979
679724
609227
793013
88690
41312
117574
55094
239293
280285
522585
966684
766834
252629
145164
618608
308708
141568
618734
499046
71090
221937
880002
264130
38332
628419
32071
864280
68611
549490
77347
825516
465884
166150
289323
830647
414545
333353
658898
416523
411285
568346
904427
88462
963553
873146
551324
572834
514287
344900
981729
565413
71826
977306
222138
432340
716912
238074
763443
982026
233822
889167
195150
564263
973846
567204
475086
532556
588247
787763
983266
743234
633049
559324
194349
329530
799532
522801
643374
244271
867116
909870
651665
25895
349027
441222
326417
141337
767291
814424
203784
192105
258206
495361
702036
174927
680492
880074
882088
604181
347544
859778
521516
770111
2912
826919
933714
231172
328423
474430
886775
482875
576944
464898
215409
477585
235065
572153
171515
357046
50610
379745
728570
253464
691480
114634
609707
479752
886771
586941
36140
837560
2920
10266
193635
972261
704187
513472
962895
129746
236070
71204
488681
542186
9614
742725
419958
561287
479400
291766
305644
344016
234600
662042
921534
685372
39713
808686
665542
612854
692286
223680
526607
128089
407131
328062
506236
535002
293121
526697
659479
267589
121212
257769
512378
405280
361243
575993
716116
273708
352068
870210
680600
105097
663409
870982
999112
616953
850379
237235
968666
259069
667041
303192
854212
968539
886277
982835
947625
437057
262467
846632
693536
718531
562175
50319
303069
757505
857642
602020
783934
529700
775840
653090
301492
609031
21154
938601
459340
805874
487019
397915
578969
861441
363377
8135
974912
776611
750329
472317
389600
3262
916887
684609
747419
33328
645953
47194
293894
929585
403215
542474
527017
527060
647122
329815
139635
587372
432910
97416
729725
796939
139093
146796
664697
637286
638849
303699
340151
470804
667085
536544
401299
668597
40336
785142
883455
797807
414104
362064
319529
873044
689695
290349
48584
295968
54701
60008
959240
250142
39305
308837
752144
315241
201309
659560
610284
497488
15525
721664
502364
559699
452051
62688
53432
211722
391619
579853
843454
296485
607510
917747
81082
589646
466925
153619
612753
952875
432516
879639
341865
439999
975848
94407
919544
733808
888150
509779
597352
421539
137650
564496
576612
995907
532449
9728
601858
650785
508291
33354
996109
285110
942416
6024
733037
691267
495502
160895
5813
269849
832300
226858
624650
705141
727743
282735
982379
873923
472598
433139
342176
670403
396539
362505
907715
379913
565513
807365
177893
157790
756965
210351
216223
639748
136282
946451
170551
832023
890389
785398
497195
915663
195642
714851
167133
425186
536608
963042
790490
749127
636144
545226
142792
324308
621141
71150
691628
92105
247264
487347
357974
20773
241020
181890
830058
729270
948552
978456
307979
819887
466518
632826
200421
914225
425792
311814
302935
274028
633634
550629
488380
190943
697719
245277
533525
854587
903123
848451
965844
192933
20858
27406
740039
304411
987420
71046
205087
729774
585710
997722
639517
535149
638886
965777
321176
356514
229971
545945
783533
670262
877462
58940
676739
516399
888513
704304
27129
471386
585738
761869
874159
283972
197419
74777
399278
943970
441882
921407
144245
982544
925024
329631
307425
44726
742873
773822
648760
944327
408583
986718
390546
309859
963794
738281
929252
430109
316384
908359
170026
407318
772749
624335
300464
71688
525511
849625
866942
21343
308553
319474
88094
490177
298802
863337
968715
137775
843649
196486
189368
42243
849520
685786
7417
843033
876202
215474
144850
842
132777
802533
750555
9684
517488
439629
391372
539285
885666
395346
988523
539830
83582
159970
670543
809061
966520
288317
5903
926330
129332
524588
526413
175867
969377
541329
892312
862267
425008
902042
514
487133
585456
55503
451136
932150
113736
813387
447863
625040
655568
623240
723241
348299
482252
844947
853563
145439
212869
175198
216098
899964
146054
358260
2538
652754
408816
491207
312291
583597
92794
256165
174120
106552
306441
924809
71693
873378
517672
522510
25892
155869
847460
56895
888300
564099
690823
11337
611671
847827
584623
610002
327799
529114
682186
539554
497860
498797
109424
244031
509516
61074
418908
542104
955255
203071
224136
579159
647926
611322
322597
533849
569544
771039
432564
887290
491625
661696
799364
692297
711767
103015
786120
770779
865218
871478
461780
241723
62607
419184
193780
740927
963337
937872
206953
828917
953125
390807
586753
750397
689904
68131
446482
697648
736791
486651
339602
407486
682322
60071
190102
137814
395566
479356
295333
926846
36535
243446
585273
702274
662334
852797
710673
187913
500748
952586
205878
937603
963491
965027
348296
260734
831853
958146
339587
406616
741444
930132
254804
45455
551261
761373
74066
356532
190098
739064
442331
478526
224394
280124
132236
210811
195782
887675
183516
818977
186379
629348
293909
209283
932712
2120
665840
781535
569571
793530
355853
380692
838660
568335
514252
325553
967613
233604
983243
513064
300660
497791
306428
903137
212911
223918
60449
675243
239771
622732
23911
811533
28153
690434
874461
287227
826086
79658
922895
565476
958085
244078
291523
999208
859339
605647
765007
9895
749158
181058
960085
464757
902923
87796
690205
676073
16923
889135
397837
24532
34033
233940
748423
318095
593290
136328
3807
490990
266257
620012
733240
893905
298823
920068
891322
144280
953484
39225
365745
619318
450316
460665
55365
55839
599241
268412
265042
228955
702464
51362
985443
640765
127675
741496
27792
584940
309171
113690
665329
400608
723103
599346
503550
530281
852445
25630
103621
173353
284348
737072
941702
683298
804068
598671
170542
779946
839522
787258
309871
268411
554772
512877
258552
627751
847341
448732
604758
964968
158182
287260
161063
32918
604482
134881
976502
790705
639291
369762
917624
402974
964238
91481
130082
140527
945120
871462
241189
36507
891852
141587
170503
615565
753866
847538
448031
625303
394301
310947
44333
272263
188249
195890
780628
64402
636846
535645
849012
202285
552918
895027
818728
721723
424759
506007
675993
828193
286966
404964
568701
722805
424825
608619
795824
536980
136022
632407
787117
878290
246877
263410
770921
547213
835582
14400
587468
875098
859289
296905
370956
811297
692065
851316
760488
616261
643179
130767
6271
925691
114777
485356
623882
34364
443421
286693
994556
530901
240812
195327
236533
14876
159106
61036
970589
294141
63115
332266
417059
410098
292981
910922
986322
915665
38416
683531
434637
973695
639710
78437
251943
388930
283133
790241
64225
84661
32814
627429
736193
957780
829569
300174
182347
465079
109942
329247
547740
278451
723669
992431
25629
773110
752195
438490
643456
738327
982555
508650
748013
379971
921275
781287
502586
276758
282089
575894
635042
841246
495056
721553
387733
140359
995240
135812
588521
245993
712563
635969
862958
165611
563299
317057
120030
907154
680921
532408
890291
312106
52040
546899
239315
79183
87096
599761
455655
245272
152935
511163
258441
338145
429321
481154
145116
228852
333872
340531
958837
616532
370056
575065
748150
230885
404601
603311
618492
293755
851759
230080
939246
499965
251062
997469
113206
649909
52606
842298
871436
950008
398654
834214
515182
7532
173941
743206
570028
914875
676492
577837
357279
772883
563672
128569
956282
262487
185531
576396
471608
286181
77290
468357
250357
421060
305417
862556
124185
329514
533810
34359
426223
233896
862740
862379
209747
55027
121208
813074
476938
978384
28383
166917
472044
382107
978952
3958
219388
987955
578509
215725
360536
983686
978541
826397
670987
401908
427493
434530
742720
836706
310263
27098
487826
788958
975052
864797
979774
697322
374965
706010
879290
764903
311693
261263
725023
193951
208891
123236
324737
194415
586132
904485
866911
381903
239261
817306
430262
248704
339373
650181
166192
576977
660849
217656
777402
61325
960074
293008
515059
514308
762449
389458
394879
236597
705914
372576
386044
213077
998038
784407
150605
562942
248370
114761
496529
685751
581853
643922
38008
509148
268039
576025
906476
57002
917061
345445
51114
421161
223794
614233
788660
736502
595311
647821
335455
269292
20682
576523
200071
565615
900156
818915
658211
834964
660941
271915
102387
715952
847058
95127
418710
759932
712982
479089
473976
864290
562391
188021
321448
888358
177383
613067
107335
693236
150580
605857
607900
976898
522593
76772
883653
122017
476818
454172
65288
339942
137863
383458
579720
608879
278944
193726
113491
949140
669567
94177
121944
724972
96394
185787
647414
704889
853967
746810
402991
679793
64323
488993
750587
347178
827043
385472
716089
781537
393212
41238
786496
822374
488965
298111
91220
544616
495402
730139
939125
633497
755620
378494
138193
94141
764995
613453
849945
11988
831373
132731
376176
985314
928896
329696
232256
225048
793140
829299
836327
160160
185693
134756
391951
48330
768620
598553
47900
251982
114900
998594
943998
786877
630250
528155
131686
53257
637221
163966
894292
275885
497029
7202
135311
372346
253841
41588
918767
221696
901880
737360
634580
194901
181273
954396
234489
293061
361438
738817
972962
574486
552387
804679
337459
667190
479413
449356
30043
576579
613589
981089
648557
752951
651547
333121
367823
586351
146712
472303
286027
36630
670100
954667
78595
315058
317781
35024
422081
124491
88257
815373
801197
264179
438747
740798
519895
574647
630185
458726
522868
6560
166454
137163
309222
965030
905395
264751
72436
414962
390265
725990
898905
91086
613098
455705
873016
46188
534197
389205
99245
936976
263543
582864
512318
450906
823871
216635
151600
184756
362602
118205
536118
127188
593773
657617
784580
501614
930610
473405
110787
908026
174169
529965
989149
541661
112223
348973
135159
566583
479900
825728
720767
977160
707686
554463
101722
143231
905171
888337
518592
936225
333852
70179
446628
897234
455774
859845
130699
250436
21946
167041
483710
369401
804827
289240
881051
285174
961943
14331
1989
827270
957615
813155
281595
407527
194353
314189
499654
633686
88765
162838
708300
764658
101924
588910
98754
552527
8684
820604
461631
281946
29424
519758
910507
705764
487972
832379
32470
696589
789174
49560
139045
461006
554449
950355
761063
58274
303675
44655
795078
288530
543390
584540
598552
538332
810660
197618
110229
146111
952187
641418
10275
835174
18552
344249
34766
514478
638424
263466
341843
325462
504929
898775
762331
451010
39335
916644
203141
602412
841322
750424
407964
209128
603357
493368
336296
290705
556033
387394
110944
392021
494064
777091
565373
637339
367350
526997
63977
913996
295322
890937
685014
488965
889850
806413
882284
490583
981268
741482
527386
419193
597985
984220
500878
957707
147867
16127
433407
736775
881120
81650
591079
750726
859375
809403
59151
292141
591054
902647
937602
825906
450062
491452
103587
725326
983142
322253
871387
455297
133949
357561
328746
397117
642052
530384
469791
958512
862079
583939
901282
455345
305123
940759
812975
628870
502363
120389
145565
936400
603621
760306
928924
803284
577817
938054
772158
45734
736202
877291
992236
376756
943109
989796
22521
490668
501750
493063
576083
577803
474538
44633
616981
871491
628271
157508
717882
591752
893720
592567
282029
547128
190557
821722
389820
925157
630815
326893
682474
275584
953288
714428
281955
332707
467409
991233
10890
634874
298717
759894
174127
911951
810947
817557
113692
101170
819817
961934
961870
755521
494219
274148
867137
967897
885851
851396
798500
171865
522627
886467
8364
514320
849734
857299
593285
773315
323908
802274
63778
380892
418204
33936
596405
541809
406060
414410
570043
268976
34739
133320
44719
741157
623832
391327
430942
651048
158340
738563
466522
866534
303146
869085
671240
717322
675174
695557
246741
443655
47107
487645
819397
85636
516247
142985
601516
740453
866505
198734
354549
949683
246259
254278
855391
226407
713442
972733
717704
988376
387706
211116
679586
244606
759159
741200
717186
429090
758094
764901
453911
193316
87025
396676
15479
495400
30770
851734
28757
98143
889855
478708
187151
566573
137867
939293
957668
92220
968398
853651
82819
37533
698978
54098
850430
827862
58446
937710
829213
671180
582688
405192
835471
767758
540979
786860
709372
243259
709521
533066
48310
502546
903793
740495
306829
717332
414945
354400
292353
199832
702079
63475
69650
124331
652065
378378
589172
639073
48405
784332
520287
366973
901506
31553
259394
35832
106157
734249
875991
995185
929368
440314
454482
19826
426948
796661
903475
136603
23064
613220
37883
278702
277530
370930
816891
69686
691673
492006
949255
123028
467373
532990
174090
52007
364055
185444
192115
395287
896706
909007
961933
542655
646891
675129
201709
778165
49820
624184
425028
553399
753171
78588
952916
797939
170050
114404
260288
128946
968624
723645
460028
489955
810493
663383
217507
55744
148482
394950
951655
771039
252695
88754
235682
674775
107630
272667
16332
235789
686428
535790
665222
152474
688056
475132
811922
144794
605148
510173
583142
555860
437897
430432
367637
634497
140967
617709
911917
870779
109225
135162
375584
569411
544399
184230
675738
833391
768389
47797
571249
222510
864297
975465
341051
930553
133802
907449
453561
655833
866507
540081
428464
9743
942535
474277
662552
607907
523151
932371
668654
255116
411375
179540
940004
127032
452110
388287
622136
678522
847380
107675
899874
660110
252454
843518
287335
656521
294412
238278
823947
471521
564852
153587
490723
489174
796304
751776
799049
116733
982810
770140
172584
292967
746423
51369
358774
17586
724921
837200
998594
338668
636479
445471
791203
409055
907639
249601
173712
308221
13188
790520
50958
308905
707643
532921
254788
108895
613830
290660
266730
992962
474731
332958
578912
672257
2023
349837
51995
598500
996788
9775
232634
153209
990378
847639
489591
245013
45954
475142
34936
982409
257269
991010
225989
508643
762371
221653
81749
886878
90447
916229
755905
854183
475623
224235
197978
149580
931362
725266
62038
153859
401698
991598
295397
517909
545145
398679
342945
92518
663528
200225
94692
314017
538115
305432
20533
32836
840816
832733
572762
440005
349646
967960
724049
604384
2610
110040
24345
551998
891020
114511
969643
408067
409640
993443
988486
255220
80977
684978
141160
355715
682640
456229
370008
983033
755026
49583
108320
122751
458663
587235
763417
722633
501862
4336
137886
190176
773359
329786
917410
900874
643849
690901
159454
668439
428969
898336
186979
153099
614356
145212
631885
375459
365083
555496
347160
632582
392838
171643
454988
38154
30540
432572
916244
993887
607357
688673
936685
164956
406274
485667
495482
301476
935997
172474
52916
240436
47818
931962
9342
930509
797927
668874
595734
179704
316400
452412
725608
292859
593602
165518
766140
5590
809602
991420
339984
991354
334070
597760
285633
508487
598800
269032
328546
791104
916940
197585
821423
504526
623663
296325
394460
436845
271790
792303
710
229431
724657
245047
200715
928843
196908
151422
482805
52058
529837
606455
806993
366222
634037
662432
615838
738071
960253
781853
230049
436627
784602
91503
452374
847448
544634
24853
474752
728993
453326
110143
428641
425172
190082
624555
961670
297644
974311
571167
804474
596680
656434
764865
801179
546831
533022
596374
290889
922302
691948
774997
331002
521359
175371
249447
328170
673351
740882
349822
68976
415005
958313
898767
450028
305282
371016
850669
130077
511377
94039
887172
324943
640341
175349
906094
76657
256113
455061
473205
674500
241136
118082
669030
900272
850538
360963
877902
674481
203919
834969
709460
323950
908115
166245
373363
787242
824950
122598
322130
462803
7791
67232
59713
179384
33460
89049
452754
948824
228521
176574
775442
275669
579362
933090
138979
816392
244247
157478
836023
5102
521891
771251
718315
475967
300216
998692
91581
426143
810596
935425
26028
995502
997496
891751
478827
771514
694554
451459
897729
445204
966377
831741
493632
843968
248136
750705
448927
785542
83530
641304
933430
952421
305464
306309
908118
342887
374593
521740
605315
65104
158527
965053
163856
335920
966114
488206
223509
561048
266683
494614
794318
57897
990055
416630
860883
993287
576406
500306
703408
792813
494903
577213
680928
94491
289730
174579
366507
903210
590945
16191
775385
414335
578172
779709
205521
61406
202079
941114
612051
914902
463050
458039
351631
35674
513110
540813
39456
743024
244863
575914
110248
234242
300626
718713
530312
102291
484404
500576
564476
605835
144268
551715
203538
414387
563214
247909
956549
217148
281253
744847
243194
51385
399548
862665
155030
212269
415018
95974
926394
267583
457080
799772
996700
765770
378447
206128
246979
465361
53187
435376
245215
185039
675894
930650
941826
821293
70826
660635
765823
336845
60839
920113
361118
433667
681861
134641
335224
243492
416855
557541
976629
301686
271412
138573
353376
963783
336163
902342
993636
570329
531170
105097
436262
369658
960275
168458
286590
612786
716228
895296
550291
662230
760921
422660
965969
870714
414104
542867
666186
125828
940113
399534
112422
433883
966312
816033
98760
539069
210113
858976
226688
226992
122118
71052
424934
933968
243928
827477
300761
375623
806160
879674
58324
368667
842736
586029
542569
583842
994731
2770
628062
960336
619405
11621
166625
55857
370184
563642
936936
395058
896733
622112
820073
612697
817443
847199
471539
740885
11063
887329
2536
866800
887681
163053
499095
407840
236190
791118
854778
849917
317615
808274
431625
416270
629117
311150
830521
36412
290056
849535
484948
370280
58987
733867
838262
180632
209517
314790
2209
643212
564902
566737
733310
784815
586827
140156
279793
421929
200601
235212
874391
191953
793115
648248
7711
701632
984087
726573
782658
312897
937499
729170
378912
661604
863967
138918
732920
51826
61271
743364
441412
795450
872152
969416
675631
453194
962596
29452
690612
823929
952916
346060
841108
760801
159841
453032
958195
37227
785038
6663
707792
429315
969718
608727
617056
513450
613613
106995
25221
691177
537430
29086
524080
823651
223169
393964
132176
361220
183486
922496
697589
367702
190787
746352
940678
969906
828981
205317
955611
637651
954390
884766
45880
220806
462476
244787
561383
104125
272010
223863
26289
681667
741085
768343
894584
503947
867861
402400
856628
198689
719374
489533
199560
433218
637850
92189
565056
99143
339468
32051
104298
810235
818724
19799
565774
797646
949138
624010
78155
149091
402153
381911
494223
880708
330145
65044
570866
782773
140233
938248
178288
969894
306887
83175
327553
219777
614669
265720
190743
119012
862042
613527
717491
430121
763370
275927
283429
708320
620476
948287
755230
701342
835774
708405
296563
380334
635350
395193
146352
142246
820303
850440
243991
412309
11870
105888
724660
752537
599185
892707
937246
771341
395923
102421
219468
664095
668254
377088
106705
983871
328957
179767
872693
185075
465213
140535
656498
725639
112880
917737
987848
503458
435613
917700
955645
298293
999943
4495
933749
764300
231064
959556
161961
550215
14378
261904
718343
972450
448562
318455
373734
746863
335562
625941
417636
208230
186586
356351
626527
642707
945698
391752
40396
409517
669286
311455
25079
139591
404149
44822
183895
906975
50840
526333
186125
972116
672084
950189
351097
875957
442076
603681
601529
767029
991895
470142
852224
895738
866889
901555
472910
90196
463136
376379
242577
713803
354846
944767
888024
676753
933405
33497
866416
289238
388612
571956
155293
164539
675845
602127
331959
33566
770511
918944
95454
32468
517655
120085
442267
779636
625919
123125
542292
467600
127456
651558
516075
97023
995833
841543
990133
836758
61683
467069
344210
827509
52944
131596
547246
194749
717104
926427
674899
568863
580224
985626
383400
398352
197055
207487
240970
497304
527662
331499
620869
467274
534868
372460
300270
991374
872171
6235
644705
24602
990698
177318
934355
53951
914608
304616
749011
298784
51466
50868
168546
739965
904097
849777
347307
571309
834115
503839
764000
530218
651916
802296
873843
697606
721905
379313
242862
497020
769448
535839
615280
817698
611575
240375
773061
574266
996184
169198
699552
883303
240006
915839
443447
727356
206568
415627
793852
236720
496086
585370
319731
12462
26316
908479
48500
819145
649770
920794
853759
607565
713189
461304
851703
445168
338126
447445
886589
146024
70973
149249
248746
329558
390426
730335
4328
961375
164295
866826
173422
70748
417645
832403
350934
769063
422242
124774
551900
131734
477684
467403
445813
329732
744277
347592
467401
251722
840994
104739
79119
759629
284114
124484
647428
602929
287032
512761
125768
404140
580916
364436
836373
411637
971196
145199
144220
620315
174658
776976
465150
576497
14211
225831
391652
308263
379244
877876
222971
946420
267880
296901
542927
339823
733962
607261
943043
762685
275284
210545
810987
501925
537442
181708
274054
233984
667126
26898
1883
817804
604193
532705
210286
607071
892170
521299
216415
312312
464542
458016
996256
319665
266516
126817
252817
162384
657435
113519
317050
81085
969763
617130
614052
993871
225797
468437
446164
265919
507600
448351
134309
295486
626673
153404
571969
155554
986942
848178
621052
514491
330143
674352
46157
712388
493721
157272
631913
629750
477497
633182
746173
709878
494681
540744
8840
325742
468946
33877
772756
991032
246398
465594
178319
85175
481256
53191
724618
336896
591059
592361
145293
376694
271715
804488
779284
437108
58028
90640
67115
859938
3670
843726
409185
988843
835242
999472
654124
697989
989563
824623
950937
793199
257011
717320
887022
383545
613305
537189
810590
797053
701372
552731
892007
295851
783071
697741
506572
631042
768513
134061
48746
765211
43751
710626
744570
654559
237897
635398
656354
940889
750838
322950
17975
953446
790436
93229
478292
528841
610456
395770
491088
766875
676974
232493
858526
111200
215302
159521
473798
283124
931659
308307
192572
198756
37729
576256
541146
305689
819562
573293
277631
573038
111222
705536
918979
240675
553797
315084
540310
949227
842489
727338
433652
792480
976989
766082
329351
280279
669836
221737
947481
340237
405375
801892
500467
721920
717367
537547
646871
703066
643971
80137
543255
334088
600366
857216
59345
936170
449737
237705
210183
53539
703441
18905
805087
204047
785468
648639
392180
40340
252773
466186
254550
85457
782801
138055
888997
21236
787997
279399
390469
359016
6982
152831
974334
253675
959957
210538
8947
419261
767461
997257
909629
642740
524818
906155
380836
613933
683456
133767
966265
951069
112197
717606
34003
948357
669748
739806
989348
815172
54215
745912
974071
543238
221736
841331
572808
227290
223964
374946
674751
703138
952780
428528
222923
198371
509298
936580
881816
833085
691804
950207
19500
906356
353120
658914
703971
38252
288157
53133
764229
959731
600489
267362
644097
381689
161820
598088
382473
161051
776376
173516
559753
466396
411572
747745
11781
789812
917284
332232
156622
784067
459270
235851
716064
331166
702699
528675
624411
305738
526015
421113
265308
978375
448375
975945
800440
19203
689815
781155
564052
107056
186718
952972
653860
649199
892238
569793
90750
760427
404763
624731
944026
185219
690544
561742
334569
690847
536728
675339
860750
329060
862352
999814
338429
437954
817702
709970
883887
358762
843853
765351
235583
33053
251969
621382
633124
963424
254417
772723
74123
548876
737934
133281
513553
845889
784974
402348
633114
407547
205469
30208
224913
597949
804097
555927
469372
167209
151785
272223
750906
348145
105777
592633
474012
870120
685460
769822
501598
385650
12911
467740
816065
805658
567918
53310
17158
830914
329685
212170
854024
638133
688045
117028
368247
200281
1801
659024
479277
223168
491892
496917
277614
810525
198393
844989
212929
423571
495821
841848
378021
342121
169757
529056
669426
193882
353328
904471
973710
7241
509049
719692
240904
106386
578876
463965
700884
777276
655194
304598
393315
830922
66683
899736
934751
855153
513366
56533
458112
529187
176416
837880
110670
614922
788815
196513
657907
452560
375625
269134
726204
623323
146542
56597
326188
600470
337278
3149
330301
397866
917737
29837
224436
104013
485618
456588
657247
381041
199039
668264
242606
941852
355903
165506
815020
907415
956600
74566
15960
529664
967724
628616
319204
754299
113895
6218
18441
106437
418152
839898
859013
865128
41961
780312
897650
607371
990733
547222
168452
29921
780774
783640
736095
600322
455520
475642
559699
941590
903885
916593
642037
657581
704589
267881
930779
714540
660057
538190
74611
705123
731244
107623
652417
811066
687312
465628
507635
733576
214273
511192
17186
879366
859455
754249
93799
493592
643957
775428
975256
403979
29889
223814
468638
432925
552352
532694
339124
852341
434487
625862
404734
392499
785280
610647
482115
707106
903375
69756
847689
987082
282112
852343
683916
487074
989696
697120
492378
615971
995188
265349
76622
70648
636297
47786
196647
806034
168729
769713
714756
410071
234039
153685
147134
925050
873239
552720
672098
244710
177501
64797
690249
565396
619264
121048
850710
158972
603483
293057
356300
294823
714960
165663
426634
748067
465753
705601
430115
42128
358188
749855
94558
152024
346058
721824
157831
359676
328037
184245
136752
49929
321324
444834
855112
815529
199284
830493
674901
699285
564484
483919
934737
705128
217405
783415
160415
360335
48292
731374
240744
206621
645710
931205
730454
57723
393063
57098
786797
651325
335710
822634
274561
866191
323569
383344
29208
954702
234128
181547
873692
802675
767793
32686
323644
305770
368431
856177
670945
466753
852255
93269
616457
40315
5298
499525
956417
848325
610112
739384
3011
657728
851703
954899
949865
972925
558111
641514
406797
731719
889673
207207
165312
830233
403028
884355
485539
880880
219483
848946
737253
729531
628670
293980
757913
391472
707083
731973
511859
578488
525642
116109
871775
423882
41954
164307
748541
621461
441963
51061
499453
836247
186961
758323
102868
874699
262881
487730
230808
568319
784179
429660
379198
40771
690933
154980
291821
521406
770128
458535
997822
28634
303928
950446
315411
37151
310741
106576
223633
739486
932169
329717
864571
314179
536670
39733
781100
176846
198669
368990
131313
395099
174509
479636
24065
436061
289847
516947
528409
934249
533810
10193
560632
97262
811135
323007
709876
696707
369667
826477
611128
521945
152492
324045
970971
534672
688226
726031
354077
798373
686732
117100
879168
381704
165436
602751
530561
700043
473016
107597
275954
662007
965734
650341
355509
189881
957459
234531
960982
419002
991520
222094
372166
486732
81033
166689
884912
843135
926611
340327
491194
162324
861970
202751
708634
218761
315284
849407
426514
307667
621358
292981
444746
975658
473760
140105
819400
862718
697447
978430
638542
408519
125408
685975
787152
736954
982100
410006
289424
249559
324068
696288
578712
817311
891154
692796
616019
832739
834665
455610
520329
508344
273739
643376
789877
682375
905493
139743
462149
593857
241008
763381
753646
515503
311223
475692
827241
302439
62528
492368
160525
221019
533834
955997
23114
651019
166209
281862
675391
654810
658352
600594
726137
262143
275907
153697
116425
234322
699064
260301
146753
907270
118818
425900
77515
973430
422682
777649
143141
655128
610626
729906
776764
574926
122423
463684
554724
713051
837267
735810
734066
778738
200283
310381
393527
318890
668492
958381
885081
390863
606909
598518
986063
944402
327601
138246
587128
641696
775099
983946
265881
721935
457678
608224
32818
927413
764064
933624
345723
617875
263803
70611
589440
691119
213408
928941
654742
698367
448344
635384
763833
855873
636248
725758
466947
388648
264400
10087
936075
77104
430928
662491
924888
267730
536535
566847
955585
791508
169914
191900
30306
426296
256494
273886
676413
86868
561586
669880
792810
182594
3547
553700
481980
370349
980797
291016
870770
908
838835
783605
568535
45163
968140
191112
708855
546853
148306
247155
524350
714094
748600
108822
473838
237837
688095
147399
72636
158950
900101
186673
823368
856373
938123
162840
662904
682007
267297
45242
921328
442626
956112
455057
374831
925590
962723
183030
582281
455563
744371
36831
307901
546313
34254
52489
640370
614486
411395
339377
661523
391593
849997
837883
933891
78174
603098
972982
991871
199107
244214
414327
630991
579087
981785
826273
441065
41266
803209
510919
6434
502088
645421
110504
725841
785447
394928
212889
529283
813463
127950
301568
580372
474913
564670
807420
620272
982912
951868
58850
329894
808692
301618
624227
923366
717366
675394
178825
922071
332358
964595
605984
850583
81376
112309
446769
839440
984845
959442
218218
792051
949461
982132
566937
728148
108562
724877
148695
262562
513183
749095
927233
678977
477168
400520
760290
3206
357243
138561
263661
943054
51988
287251
904677
227772
345431
772159
112479
570445
300734
373673
817951
385433
638867
622312
468448
656488
24895
122220
36656
849006
851584
874956
718903
609765
47993
833388
444120
470149
647843
748296
413423
108195
192609
427807
603131
382499
84018
690622
621525
31195
139776
644455
727326
388422
933205
987359
531320
36706
868461
474833
329258
720999
995942
179170
192423
991523
723604
426834
895592
81591
618865
424907
551990
554280
999345
929482
395716
855778
880820
537767
77240
897168
263637
492802
603978
470096
571040
109324
502597
411927
647840
831535
114795
335521
186581
364955
427894
217234
842564
640878
579704
422894
535785
81344
195876
709426
246728
104648
168485
669389
796321
981870
421996
629182
772290
696621
702343
906763
486390
26980
407021
623323
821787
404410
921494
113905
443794
841004
508807
214661
726479
946869
983851
161345
866128
407128
32733
982357
53354
314829
258499
434679
711678
176838
339604
32378
766347
393692
562105
668234
733725
362715
338321
488770
761508
244583
847567
373482
506399
799625
694910
501584
469303
651034
103845
142017
147688
637514
295494
673124
427226
62925
890048
800692
264718
993892
846676
403224
84340
54020
505220
831393
22297
912164
662359
90207
879933
509928
935290
214752
880514
550309
769409
477958
665601
676560
289291
132804
755255
402504
811714
265333
865373
319357
856641
506713
963285
314171
118545
660460
137280
667159
552524
350309
863276
348148
86499
895176
104427
59635
498235
73192
256703
693941
328113
762237
630257
46029
314047
444062
634689
881223
946678
652379
298615
274896
994347
159673
858008
131008
840623
613130
785460
311499
697974
88233
711772
617215
526360
3408
663666
575290
110774
259286
553688
68780
628469
248263
138890
904133
224294
132001
968200
68859
443718
483561
992492
327417
122912
550569
392410
131367
892433
49030
959700
324050
184228
467777
172589
803321
904219
129482
119829
525171
67087
65084
363155
406272
60399
271738
463506
338858
928036
560356
257938
479767
1685
91381
178879
429934
458118
441019
845151
603300
557083
91060
63204
852194
455995
186754
331681
716821
777488
292299
67801
171409
600554
891696
955700
471202
980803
13608
125067
128497
45853
127544
922530
315984
488008
538705
356341
737954
8256
143558
851499
404330
30706
759528
928551
620398
212831
519488
536894
434247
800729
756968
374019
453064
958187
525062
204221
231817
882454
333158
359546
836175
84853
803059
148413
71897
470658
632658
804818
650826
311025
637468
713154
92334
973690
449525
842723
399018
721460
847309
369799
112453
83165
552691
951508
879373
202742
850897
650228
514279
279371
550600
268194
797495
775761
829353
384933
186088
451111
738252
56474
472536
318079
92817
74729
829923
394582
32497
159962
818891
96735
709120
34112
237185
347006
373889
362003
815250
33391
201573
356764
366961
410247
561250
230345
455709
282259
232940
192352
162030
350813
362515
744400
662722
972812
766521
486692
287806
961323
840174
48081
888003
907522
983018
484270
113327
530336
57318
379395
646157
719611
207575
518713
745562
272814
899208
433
204469
540768
533715
439281
88802
182277
218235
923834
674426
968510
437417
884021
870707
775964
789058
789899
272200
685826
202465
388820
338629
158120
377014
20519
80497
20924
731834
277968
358999
410851
165326
67551
414579
570588
165359
81949
663350
973702
443736
771226
767606
297848
115253
853218
942262
544014
1727
669070
310669
858948
487160
932086
486389
157754
382533
184452
716914
834327
824995
877732
65052
64842
822919
633815
1035
267308
257494
809255
325343
492673
334974
141365
474793
400990
321391
847726
856122
658212
856122
476444
377222
35818
608452
352536
738931
893689
153126
791838
101956
278512
796261
407225
714205
460808
4937
469725
272178
781042
30812
40723
82896
576221
200961
535054
656968
621395
225198
708061
51443
225987
695175
666234
845543
200025
55000
835775
311797
261065
611567
885560
732507
407660
239764
467283
641357
142657
558054
773876
802779
312532
906772
600933
130751
809019
829620
88363
499013
711165
188611
646708
438231
978638
29818
354732
981988
773366
912841
275054
796013
965711
139443
944023
97644
492845
241925
8119
89376
279192
614580
491425
942073
494068
106386
485218
192029
840642
462509
743502
226197
193151
329924
505013
199896
124202
108007
328565
409649
102435
163946
739241
742031
215983
252101
475904
952681
449368
478923
826344
731468
145457
499397
87848
960194
835448
120171
916301
488929
534612
445374
604796
792941
321661
913989
958503
81899
631098
722401
215643
16323
783046
250127
291957
194448
280844
754938
409268
796168
700882
527867
44842
256195
29682
517550
330509
894954
493122
216242
41258
567805
272853
387580
443577
645440
318171
696217
543243
32195
422755
900414
18464
15501
407681
637197
681685
566500
943435
730407
180410
546364
738493
133480
506626
338746
183740
724035
976467
938915
267896
81211
788606
785894
510186
899260
257352
136450
754685
772884
630631
262357
937609
185745
653513
705987
699834
579063
703181
269119
239119
686238
296917
806201
698431
557670
315059
903780
460854
476120
984448
977762
958524
172187
496523
5263
33271
33552
141423
883111
630343
254410
641470
242261
247247
900397
107737
129817
555027
947490
527969
777876
572669
436276
920584
589363
569274
466378
189953
192758
800577
451521
633046
316124
878452
299686
570392
530157
51359
659405
698416
260579
693789
863184
790228
599094
925465
449128
633814
428803
919666
163681
771542
618008
218040
626173
957272
373215
352340
382951
2736
992036
950084
579922
679450
423876
695747
117870
42278
284276
442438
990407
178512
2219
975139
132346
101294
433581
475469
55316
595202
837749
576570
391752
784367
943935
164581
89805
264713
129199
15151
711506
192901
312609
65441
793183
940751
935310
468876
584073
610683
198743
184017
724050
190291
804786
916541
267483
824590
442414
57036
251846
349986
154276
350095
56044
457584
298492
280423
752440
301854
974425
234545
777758
650947
714274
451068
270652
301307
250542
587445
874699
484121
807307
651876
206209
658620
974763
843151
158343
672250
235884
288188
639890
817210
779907
668884
816544
638046
901252
469475
946385
830749
440976
30972
407136
293294
114139
826362
437756
306208
128152
777953
499335
384839
117636
488994
206058
353168
824972
65405
184275
101814
167388
765057
755532
467533
139653
64559
319097
992636
116554
433021
207982
641736
464520
159734
167530
874763
592383
181438
590517
49987
658049
47220
511505
225542
657141
407856
781599
631251
785288
674539
38866
740613
456242
205310
47688
643553
705568
962627
920074
547342
417923
588440
3425
847524
219573
909762
502163
525724
264131
512877
658873
233192
127451
821649
211966
946268
245843
981169
239286
784009
557972
485757
930072
340331
469537
858840
767642
239032
496904
958388
702184
741016
15843
592536
419584
167860
863371
142979
43436
108583
763035
344811
46877
546898
685340
795230
850529
671436
492818
882314
118849
145974
372642
870872
668730
519916
35678
960242
871766
642391
118831
934117
268517
55775
661790
407522
881757
266750
257215
192159
882316
233520
111098
613659
291573
512518
514487
136894
173263
314458
117797
761374
337622
128093
638696
607774
296075
522316
564125
448561
581135
620865
212362
79484
671128
129382
788583
586074
221965
80260
178179
646521
51396
126266
749269
174689
118869
394824
769248
439317
811611
600651
316481
825618
425479
243075
508056
455860
566944
596048
262225
761528
790811
436220
57294
269596
888914
575089
604979
931
290532
713227
828429
315957