389521
52672
642227
809771
127051
460037
941099
145986
97120
161722
672622
263631
10197
532514
813232
836638
289397
63939
938899
670310
819057
640094
894173
406736
730977
898761
374347
349990
715241
403755
345983
812377
208759
491028
400084
397102
34344
347574
159250
414087
935562
548228
50365
498314
998524
898470
724552
805808
175154
142678
838759
280620
316181
509402
150210
354869
913671
762654
723077
150130
547652
218413
428180
790913
410532
765196
506268
457957
654268
338739
582789
986378
205413
555625
210627
139573
626708
532283
252684
222092
20456
645464
904996
687231
586563
212236
512020
684242
928847
223319
490041
193801
291298
382698
41336
586415
695612
926269
917455
102914
717741
1487
684807
789822
826388
155131
882181
49156
91266
170356
247040
214247
648508
752541
993229
794004
883295
131335
781271
413147
814942
280200
719082
784030
984039
492340
334894
543829
572901
852475
463984
146811
306974
573983
87516
496344
739515
709072
835783
840300
437992
426469
232169
599989
721490
61113
724520
339869
526157
956896
464335
388228
835480
477381
419869
396261
1272
215074
700538
729447
984064
844762
91909
60098
403634
767990
314568
796940
341056
208954
41037
919200
410155
123427
226570
858857
934285
814016
149559
347536
611378
250858
57344
891136
23392
510562
397334
335058
639735
726533
694305
66778
952755
992878
737616
281485
712015
754984
397136
158413
638084
879566
374938
385171
621616
337538
785319
928504
620049
933318
916351
640864
965424
901306
310639
337092
187098
38258
438297
316634
799049
573299
602469
421474
647394
857547
773078
378959
146200
847882
912055
451729
991470
407264
918260
570939
763993
479509
910212
919062
607555
757279
461188
114241
502892
274211
476064
912195
571115
537163
989546
366191
535507
116224
745868
89714
17585
988548
828954
957629
559537
816431
291969
579337
547808
566980
418077
507019
7947
506416
732774
552822
170247
902366
735817
685096
377482
804345
148117
949810
363959
459839
389324
804615
844407
786431
362586
915520
327746
857007
508450
448649
138110
898220
149299
457772
422270
604238
658265
895416
922155
719143
64784
620109
998144
475801
990612
965703
955311
283537
506196
565829
442337
822116
426756
255637
732891
568772
843538
713405
682620
41822
446320
677672
520162
476052
323152
835692
923245
336018
676014
138228
782619
272655
721670
62351
875923
864098
995815
36372
614013
489982
85280
647471
577102
674572
3734
422221
521313
716196
481015
836320
646209
248551
905801
798031
579523
32699
391004
212478
11536
973924
337246
875573
203457
206332
131661
169455
383843
323087
416903
519681
364185
96661
529469
486501
228321
3724
124742
981539
402415
273330
504720
16219
656373
164188
138929
3441
484036
543094
517787
461461
997580
960536
692654
898541
190719
638080
815912
338978
821204
692978
177080
337860
812968
437161
390320
929499
769407
952
21848
954827
778087
183810
794270
898979
81917
758866
252075
23682
836233
372824
769746
4646
760645
750081
208994
767698
583099
27570
638043
498652
54540
882208
744957
25936
949964
485198
875323
590788
398475
179364
542223
908410
919343
304937
264743
851947
206141
743582
416637
530614
703478
32310
118532
888293
238750
602293
879102
806615
432024
86883
342890
58000
686444
90797
605595
956954
758955
789657
608484
484309
511466
538276
252592
662306
789418
555130
379630
465832
140312
442130
35881
810817
50479
371875
942773
181061
604091
549510
109061
88369
121465
342057
511834
6963
181851
638957
656726
90260
135591
492510
439151
914370
213439
444812
224447
731897
673723
386954
500343
263822
343474
564354
224244
250456
773848
763315
965162
371131
29313
664393
484093
509650
74308
760280
643822
609016
635067
567924
239282
468339
630886
851311
615775
105470
677167
530416
536191
211762
587400
876588
748679
621392
974064
230084
857250
119469
40917
591547
392678
634939
171988
17234
377000
825136
231132
962563
751082
626836
174128
9558
27699
916588
115147
426338
622392
672766
770717
918948
586870
39745
973364
687925
640417
507811
331510
279915
286710
782454
583434
798159
557741
555832
315351
130102
402634
736765
337572
116542
662291
789627
456863
131942
136284
426226
71481
706891
412734
897014
114094
436987
963302
670490
530786
234872
911753
856571
744103
614667
208309
45350
622555
767745
860611
714343
227247
826247
165865
361519
880194
963805
578796
694881
287915
886458
569010
223801
973270
853181
627189
742041
659589
606667
667860
31090
13944
5705
567812
175755
997800
109111
776227
26929
487085
200743
663661
179324
93567
288921
920967
335865
602009
363829
50873
951801
294777
945317
467129
589237
193092
942796
887266
611292
930119
71654
546820
49723
579737
183741
927764
401800
80476
103429
641220
133387
379362
812693
970542
485162
235308
31810
8169
880463
182861
521498
239742
824568
757485
309754
20341
229659
544681
398157
556552
526771
683160
550945
785017
786539
105577
626279
153663
542246
114280
534343
948316
590441
481567
183518
57226
928102
834713
817237
717971
403430
15810
829343
436096
535505
530026
239502
757545
532573
389032
689619
448364
498001
134555
931472
830009
235637
55948
329180
677769
816600
636143
545874
225262
45821
627912
204310
920646
348643
575851
845734
867209
482096
730139
295256
446146
584441
599060
238454
599259
342129
242725
481202
65296
182571
836852
19335
415238
794701
352038
380527
499124
880531
935574
288827
99775
696573
219138
772242
64740
814807
647109
664456
868303
63203
261310
617626
750536
342436
701648
812548
642445
582025
113923
953855
948986
867509
503049
527962
267429
693159
240986
948980
607558
384651
289664
298004
554707
617564
415471
181093
816682
111604
756236
314257
510248
459825
20366
395000
14423
14534
547586
545485
354179
885147
209768
924173
751085
225890
837691
979613
141913
865976
168206
244864
80706
100275
804434
312882
397550
451278
375668
112739
816988
843950
474595
908179
651033
501328
871919
819654
337714
393234
198861
652325
817859
651610
436855
918641
643374
361575
509616
72740
993128
589746
263781
417830
857517
994240
55279
388584
915027
847879
356278
873313
588860
764026
528559
768739
268966
61811
531717
185561
405533
111805
86422
498080
486352
564475
305812
814398
932736
47415
713804
380931
858580
48075
668419
41723
766538
772582
948220
450316
94856
364668
889687
779379
699664
130316
67284
996629
745554
290639
321844
363908
411548
8442
922432
110545
602157
468464
530851
566345
368103
29576
515122
968653
525154
822774
22541
503314
165277
373272
347549
941873
32591
566751
273340
756075
165148
389208
746805
212669
670819
57942
345504
929500
750708
121086
93232
43662
411935
353519
615176
402661
815783
714636
624583
436696
359830
699879
925733
429183
317994
25931
342517
179243
101869
939942
654090
536223
864034
822865
855926
214831
814747
749374
503086
934580
33896
760381
718857
882281
629801
119594
65959
204774
110405
504567
343022
269942
308275
917842
363120
81879
835509
162482
313128
536653
48101
233795
358307
104099
580904
134124
225724
161343
6719
726777
509568
784481
551868
696938
742320
483000
760401
348183
660580
806689
627076
194366
322828
712957
286783
181483
167506
761517
49667
378435
249436
566637
492733
486060
464301
289226
772017
415900
213547
766977
926355
589053
622395
178934
766772
426746
750856
405453
638041
51305
858787
897001
127272
821333
242372
431551
62204
732583
95599
209366
802647
859568
771826
854429
910007
960917
489675
88488
861313
410455
405222
639881
606106
197053
436099
253319
449173
518177
761526
46974
760198
812757
618952
552850
424053
577008
69563
636753
557935
669880
743787
886053
589174
793837
339408
740978
818072
866736
386400
72850
677597
480206
38929
468074
910681
433261
420092
785577
842658
651602
255133
33117
902492
874125
40119
663985
157488
785218
303509
27463
196955
162196
594347
513390
342499
699631
290202
362048
671524
889522
650834
38747
487304
606776
951058
830138
211861
209154
974155
955887
310431
642498
658146
795199
495327
743878
793684
570522
971164
910080
903413
293621
572806
74478
64721
712838
377058
804650
487667
588635
837470
603984
126979
293144
750214
716039
825482
19083
40143
756398
259794
433645
689361
157157
621993
756536
314706
587701
478980
656224
282557
564701
581119
241839
353842
36026
523714
554752
523959
857490
897152
701719
174924
53117
88217
765020
921691
482352
611999
359602
513550
165735
549302
788280
576955
928238
201301
450972
483771
272717
121321
508311
421784
131598
297240
677769
802852
692716
859810
720625
37606
891738
88804
968328
541104
885292
12279
488891
847052
426086
986549
54852
612436
144288
219868
227364
776737
695634
378570
602943
559580
160258
175720
163603
945968
802055
219044
296470
562656
113977
565462
994348
531636
520887
866628
50050
508623
529044
922113
78282
365980
202910
144112
108371
264167
635021
527014
920196
676552
98117
906029
590772
708601
454408
836581
404841
289289
808955
718406
329516
736937
285651
791744
399173
235044
702108
693187
182041
205804
958054
616218
734748
476367
342988
117042
612020
888265
491106
343225
321644
367026
872058
592034
35025
385688
462611
493317
45229
6887
13151
962338
265501
40837
757616
533446
663697
375739
383678
273158
831648
949645
493847
497576
919814
610090
927204
909730
305275
587902
175955
610490
761328
143909
386470
806540
155625
487291
830296
269930
844913
968911
716007
27229
261887
312182
991747
588298
915300
269819
268433
514288
447661
223924
264092
95822
242331
664432
262361
609634
402428
416332
969109
954251
549413
685157
517821
45584
737679
106279
138505
677817
448396
566660
858183
474843
212004
92481
635712
326514
506384
54634
460872
450982
336338
744294
633191
318832
525103
400165
199071
445462
109386
773301
616026
880466
216927
226356
926578
100369
931480
211936
57308
287127
339407
966986
830130
197311
856225
601258
693339
267168
780651
676619
66777
290572
595364
737703
190382
913906
505175
791501
226604
174563
55547
261950
32792
715825
919856
861848
673530
383476
177561
95082
829508
478630
947536
731622
832348
11310
744522
231092
620808
752314
874057
457507
839989
775045
625528
759738
971748
142008
844198
644589
145010
450156
382562
388267
552834
483918
846959
327828
107017
761564
835108
476744
761077
763212
674211
615579
200187
553931
563315
436004
672252
75106
390397
46133
298067
632757
249376
791717
461757
563494
576241
167880
899749
681302
682770
41152
97740
688076
405805
878445
188050
577902
98958
996416
656355
312683
103131
214125
827457
58555
928176
689599
785641
738366
242395
268741
237925
927361
891249
457450
24942
618656
512843
458210
157115
578373
78176
331392
922794
481102
863488
774693
184458
861261
70891
11028
743619
829289
646412
625312
136354
268897
508117
836550
201733
552689
818360
913943
302111
562125
364287
323534
51689
450570
52808
128064
911334
452892
796257
858417
835665
159930
216508
251842
57636
332190
472335
60936
832839
175592
342475
288121
15380
814818
66678
899392
106947
930398
248935
96048
977783
968892
202461
901076
919716
228424
465597
175589
414235
588416
755495
172437
342643
177971
97076
66952
930902
955396
223949
679330
741797
539278
122347
476411
852617
759009
965414
925807
976599
51755
613884
840467
97247
599603
115937
410818
382225
909374
30397
348629
71181
849428
164103
697073
46022
900636
875900
204793
152337
707748
117563
999460
339920
129405
195008
197418
635125
507331
904315
742169
556533
645243
667212
731140
836620
216917
540510
439002
189990
49936
648797
169748
241329
943036
677525
945480
740093
329499
768680
934939
504652
728865
191468
90836
344124
956635
966559
746059
980174
471788
255431
649472
930642
672818
953259
459911
536177
144006
695911
69217
9302
859682
894896
651495
422394
304222
987365
549791
241932
733139
688141
190769
878713
367200
910643
642291
765085
792075
980315
918497
748934
580799
117088
221736
194080
694643
153707
921569
764099
156844
803602
388635
704662
500697
440907
25489
372446
731995
616267
747579
567975
115816
99775
234240
257613
26949
952230
824968
7399
13872
423433
757616
820945
542112
895896
850583
408597
7972
596643
949205
71094
204840
395185
339404
499096
498519
985600
678102
197967
649114
497050
34462
296322
592830
74065
191626
131707
459507
246871
18518
783695
730544
752572
179772
156709
887604
223812
523087
967332
112680
545572
889576
955709
643169
100441
75255
786642
915201
525542
165371
666369
14588
725096
822796
209426
185464
891479
809621
511609
790350
272475
331680
166279
824750
787976
166154
184563
352479
788536
280405
790785
820131
264964
720668
618637
555064
205855
146913
920566
764667
161870
852738
164650
408808
840264
815563
187913
875452
811238
566053
699192
23163
923974
273515
707461
659342
312130
515293
926642
552708
466248
426029
514016
237753
283990
460215
345946
389588
529237
192718
268218
961258
668111
732145
464251
418624
53133
869981
352093
824301
425553
648124
976687
312094
282668
898875
508092
834676
463870
382201
932756
382408
596616
447515
406902
495054
920431
149116
714007
754775
195664
327234
12689
223152
207994
798540
321387
933416
780
961863
487297
139567
628588
121760
504720
194906
863457
6420
256672
26435
342734
123938
600526
840270
847564
589730
285621
665478
2786
674864
423353
9893
180452
165888
417327
443570
265253
21973
145196
839237
126746
835917
200553
289638
236300
517524
301968
12500
859769
843577
987749
874721
474184
833693
41812
26874
222312
305095
288019
560517
885252
588117
986931
562147
753444
129358
804361
402389
174371
108050
952307
820154
394313
109618
812041
745334
155589
123996
237538
871087
251912
896751
752384
19057
132224
599533
466201
956594
786991
708174
25731
621551
209960
275633
981883
348020
173990
187758
283793
76347
896009
141383
774772
263340
271150
63036
592342
204611
753385
279485
817531
339792
462178
606714
648163
570199
293961
164247
307026
736599
442423
939963
18425
814760
831266
257160
639362
149885
287229
466341
588861
289674
458794
533750
66978
885823
981853
529389
87298
880562
775054
174970
337167
109146
487834
783710
310340
891383
582391
564573
504690
495056
449170
85586
184681
74708
69063
577052
128703
580898
952828
840054
302016
930596
580379
535141
304306
595798
482794
791690
952195
601445
880968
335255
278033
835954
351942
333278
926038
136501
939231
302341
245103
61950
513110
968982
614983
103831
673195
65139
630564
774342
211513
807847
350990
959215
954863
885975
776983
363029
770280
129175
710028
392257
863210
996889
332534
563515
646520
681792
127821
712181
573396
76754
855418
46280
591573
17356
172423
433174
437024
110544
391846
421134
996614
453946
895387
530317
170426
32208
542982
421922
427373
16983
149905
221162
865992
746050
379122
811866
524357
643526
344925
529499
704939
852361
573130
84112
227300
453560
604446
257267
267388
755704
412985
831901
870840
41716
450651
907556
424145
579733
478003
32734
20364
746704
584134
5444
867959
20504
182840
661618
103297
438389
1147
983371
231799
102637
603281
966650
184727
107294
933247
464851
256531
303341
437136
994391
955235
374361
402562
525271
801607
664489
98962
477359
570392
314628
229087
586100
102794
322463
177469
605928
802817
471312
948377
466858
28492
421954
303748
586347
646786
586945
291806
541850
661367
407157
440928
622754
301595
173740
242757
292617
804656
274448
386454
711353
38247
796280
26513
994652
774422
909977
809461
781600
740247
523933
903405
515034
134911
698700
436630
599494
517817
455783
554927
604781
950143
413844
303196
169439
522484
676978
325591
979936
992993
807438
544244
152415
433355
890543
6862
204961
743213
552076
963475
582781
510232
609822
767530
385664
805987
754896
965948
874160
450512
350546
448614
371822
919932
385036
66489
279925
864706
414704
600748
76351
873902
580840
45151
157830
223385
466415
93068
660903
957734
925947
113228
137443
925719
594840
596612
400256
738893
96016
241578
883533
11674
620742
36215
682562
554500
854243
56427
308165
893209
592615
96120
435273
938538
289697
195724
252817
498853
213946
28094
354451
308435
914347
874068
68343
240298
742671
94191
205566
161104
865683
958420
172032
957549
910345
937623
20814
149227
132892
757350
274870
331021
654686
245615
71012
331881
606013
601775
302565
503747
526741
677528
646919
390408
192223
378974
731229
848420
861958
114783
213727
808576
753946
436397
315886
131611
645725
637817
553396
274500
482171
218781
788394
862449
998744
32645
775987
283711
922689
505531
213158
241287
259716
939599
26153
557273
99099
539935
672120
852504
829571
559432
511877
503154
881515
610281
570938
635450
564104
528465
139290
711843
801285
898053
506565
190427
324632
494895
758234
656897
271344
56357
863606
125573
267466
95637
770395
302363
349731
34635
45485
271452
911688
117919
15829
718201
670281
856702
818696
974940
246348
424403
469218
490141
632445
582801
495724
475357
651107
881248
681277
224003
737614
485793
664892
126609
366956
702560
482691
709026
546876
407445
382303
436162
813850
697559
27828
906986
853304
629086
330430
963158
428653
362227
77490
796485
780391
167862
163394
28109
547069
398923
626176
995800
632095
765219
866458
928510
113519
474850
531971
32001
499624
183154
639155
673631
463420
18788
972932
41304
660413
348030
894909
794812
547505
873765
620
987119
117832
479336
120876
966269
868009
998310
684871
474324
707816
520670
875252
97442
870356
192209
881025
733452
376558
160406
695308
628999
266292
380986
637611
560023
470298
34193
535275
132130
514458
58014
275510
956656
619875
534810
5006
91842
804909
682597
214070
761612
518892
495686
2095
360847
273122
564000
723039
460759
115407
717876
163535
261710
834372
660493
103307
593276
442006
360140
785772
493084
626093
644304
182514
189148
584380
818049
877003
634096
987403
567674
334897
142035
374767
918481
24367
249243
537052
668420
184899
766391
216593
816513
518111
224904
867185
995217
84106
400346
612914
313891
73956
167422
285550
788529
295366
36613
368727
989841
482375
344667
833992
688858
642140
683837
533750
671857
372247
431064
610117
864815
191888
220480
309623
79920
700065
239049
922495
185083
541130
312134
623284
830473
950197
336924
375585
926004
145173
261185
672249
96957
87911
974167
374759
721402
93851
503583
795908
498266
451404
959131
70626
666263
464553
43461
456197
374583
941496
848805
791985
197310
668337
723795
227423
551539
618886
886985
926857
259277
920194
837412
106148
733626
761487
904823
1006
513229
77842
311436
982429
589378
654641
46648
518007
183406
644276
288026
422400
631752
518089
690480
478541
452941
122338
559253
45879
520277
800569
193499
855979
982448
67123
952769
243679
217468
130850
877201
105631
367943
207589
37593
814341
465499
640810
951043
740743
110314
583700
253715
171242
652823
884215
273533
967893
316319
754432
563873
136960
488034
314034
280932
613259
976914
26251
784684
604971
168887
134277
258488
552319
721820
876792
706841
95937
501145
557405
223824
148568
52670
733165
934470
95369
640025
121767
592802
347150
202277
906801
225610
613055
672591
538390
472058
416557
759973
966254
475770
187534
203038
250203
470271
682642
571072
347119
459680
846612
609650
210283
650035
145324
45150
241059
600708
215393
161538
222525
287473
168636
886292
792664
138789
788855
709904
562377
729007
165908
2975
874880
434622
186123
861733
235081
925179
602907
776743
274478
690755
221058
573912
693434
586432
864200
992895
84761
61539
569333
907334
815068
310656
997090
628576
473304
708933
792621
992088
213678
649496
754950
687859
459941
704013
421798
821442
274802
57601
8928
152582
186714
562774
410576
536191
253294
407498
131055
40531
431861
381622
436873
297688
143464
884065
980165
788542
435415
489535
192995
584412
906281
88969
932293
931349
726336
334522
476708
759462
742459
510435
708771
914192
399829
892459
300032
199452
358379
899239
339175
675984
613722
958034
467297
529580
523206
577769
922409
351329
667192
441638
637919
175695
655263
986966
879830
931193
847031
211097
505352
979848
722503
285110
814249
329400
885636
993752
105944
122339
938067
728105
199282
49256
714860
404618
413313
861304
983514
773164
284434
461053
851103
537934
443684
673127
40436
721299
700732
449236
873581
819647
137110
344666
337467
596686
114038
893428
610636
89265
286556
209352
663181
374054
270165
509649
807375
894450
932078
753198
1351
603838
463556
284358
702576
511692
712439
634262
853771
248212
813693
96408
544390
179135
767826
670673
193915
724927
468365
574456
342671
319241
433038
909118
624635
171440
815508
103230
382951
760735
992107
991875
356402
828723
352450
429744
196430
597363
465243
376144
564873
253997
420379
56443
63334
33838
328193
725665
630954
988701
548852
100342
314354
96756
432692
444346
955777
297692
121203
994404
815448
555813
667517
474346
12350
248543
564817
762608
619103
383319
238164
634186
150097
158001
330075
644208
943409
276511
343078
592125
218796
330811
50861
930211
485082
511367
31506
880688
303748
320766
491701
494901
570118
950358
767078
524696
733584
440085
102581
677944
508614
656269
693926
669240
608904
414518
308481
302763
755340
82662
180229
499738
412710
895343
734652
70964
561705
431829
348586
194579
309928
694378
190495
533223
476117
927176
719788
870657
211851
66475
206450
736062
707751
906857
762006
957134
876561
411342
947216
853280
72025
824792
910051
770476
6076
313547
455399
225820
748613
853490
691842
114584
423056
975540
288565
149740
647530
462351
327954
152728
346580
603379
844
919477
50278
630717
663463
908159
424081
52750
344910
347203
252541
246792
1923
519974
287889
949541
956593
787791
60240
813939
678365
543474
205088
728240
580859
563066
631207
468286
809501
158610
100558
59459
420294
605649
611303
650463
627741
685376
287211
906443
923453
491400
291164
320203
984425
53245
966665
821839
266781
583425
559216
102380
401343
753814
2429
829298
254132
65860
6897
675049
60624
459363
509278
563693
479269
742662
459855
389731
879740
405700
717252
165719
88546
871780
251226
876980
523865
565732
733385
99166
794288
494182
58824
86320
803565
66168
626251
976717
492006
655422
894060
289957
436591
901695
716584
45062
627245
675336
557376
782620
835209
86976
875391
946695
960001
553674
116827
956823
499416
924240
205301
559527
992557
377139
169339
201171
581098
915276
783725
469399
184211
461021
296508
111813
105726
403865
745742
230050
159778
690636
740191
749662
148167
428776
985345
211439
429981
997038
229380
931017
398441
367669
927024
368828
370650
281562
70319
106217
777210
882501
132808
771106
383744
356947
321030
488798
888834
124069
231415
699797
198471
762565
717072
112958
319482
757424
660334
248163
905467
126404
658359
340829
290192
705863
785183
175602
812729
997521
332423
150663
390113
985432
87935
280387
671984
437718
397356
116547
835326
63257
887045
912243
14369
532710
216183
757711
255591
971
655657
391798
215135
355904
189593
996072
86994
20025
513061
41628
471631
31179
596006
309825
350820
613624
700215
80975
689961
548185
790355
647176
604918
811495
965852
54992
149172
843109
147128
134822
970129
148526
246550
850686
814925
899862
280463
755517
900146
214080
510695
721360
487776
101436
364658
464105
253190
688794
739475
152856
741101
388368
950048
367426
200494
892291
457249
575744
814468
151925
846968
977174
523132
255884
613402
191886
674377
201979
403707
665584
166964
747471
820360
195489
504176
841240
524686
795286
68555
274930
465272
629235
76481
26031
448181
458820
441131
250467
727800
412630
990677
468747
472153
455091
717612
517274
270489
965305
847190
872098
685187
199126
356188
637147
450221
716834
850178
536596
594014
362073
776056
674483
83401
644980
120745
951274
72760
359650
884400
239864
479364
385768
967530
139993
827264
996434
164518
399756
83830
921045
337017
905087
283081
336131
509935
575576
304314
12265
808732
775906
598917
792968
134160
360018
342315
100142
929576
120630
960075
323441
325313
820025
570026
1288
35208
153941
986834
513158
359789
196565
750806
561780
65718
440006
413875
326281
749552
448762
427985
382472
68736
431352
712873
354615
662231
842883
233282
14967
587844
575877
80916
46533
391715
285400
152205
122252
904435
328562
674097
390628
711557
806634
967004
26731
718609
186923
897763
744382
265187
839476
957785
670357
391730
419785
105005
392184
181521
508153
543025
381730
937407
19661
568053
877681
683609
105418
320722
731910
120623
535331
629059
752575
742963
285887
891309
957838
110413
459426
154623
743990
171148
61306
805044
512802
267448
344713
936181
792418
402691
674025
379292
575362
82078
285953
528724
645833
459879
362499
398172
498443
43455
675039
602666
586923
565242
788231
461740
795633
944560
391136
235753
54852
812272
596162
560262
428356
979924
401452
81061
269638
367088
395463
450792
162797
771300
127061
116627
749793
901649
366326
213904
530159
689704
434839
856651
630909
10078
663863
9534
762984
191292
627095
436999
243964
583250
997182
712948
319119
48012
65254
63201
674426
771036
779719
614393
950965
175447
568445
154328
88078
406684
153496
765585
801350
370414
52032
871243
535304
646691
398211
76806
540167
728310
460797
300476
687731
35447
391331
896034
161367
43745
755180
716109
707026
529420
111516
366002
302704
409017
194541
433414
381476
9483
425053
96388
834020
609557
924495
362317
984161
941838
420766
146921
562402
600225
700805
263083
807740
594785
283876
125619
175792
432282
84720
475597
940833
418499
522810
213175
240368
994511
682266
663168
917558
799714
722232
234636
533917
791649
874998
349812
315675
722786
9277
578442
492364
704067
499363
660922
50347
501718
962550
614348
251886
626170
669928
881733
512251
408965
857751
605869
751946
74205
389431
31596
40728
400934
458334
250958
282436
123541
65963
659494
843851
881315
194644
386382
217051
930078
623179
478604
97173
944025
818061
834832
688420
642948
556999
875610
989813
561878
278437
585400
982994
529894
1528
414957
645983
62106
934082
410605
248239
874230
633505
672197
66819
315286
277526
259736
699489
212215
973618
356356
753998
928047
682524
803876
867944
493437
592897
240302
360610
549435
935064
540603
147420
366896
651665
265063
352798
744002
529241
992334
340273
412488
586380
571831
59610
529470
280248
491725
805748
746514
98122
760264
234089
597467
600600
231211
665612
173353
578954
91366
777750
804023
344165
747611
611516
136829
517110
14270
329897
818402
845015
555285
929565
973455
777057
95583
818977
251935
526766
564561
274214
341170
983753
639227
505466
650273
553141
627401
661222
320203
720343
453030
392422
873870
347584
951419
958469
879378
503451
289045
603925
376639
153520
101349
277832
739406
104978
560865
276335
448061
190635
97863
52620
647068
874658
146945
516245
7045
293414
505188
412616
440809
407578
40530
561445
178053
426717
698368
128013
200947
339956
641234
149813
856604
281687
972962
120391
714891
504533
747296
230037
866461
454692
131475
933946
454613
273545
203454
582031
446604
423264
990942
721607
33029
842953
193551
361448
713374
466671
775821
922086
68515
729846
473432
465054
606141
671425
260850
53996
334280
968989
506370
913065
629698
606029
124763
690884
223838
65202
285206
487868
336377
712663
816987
26679
565540
966295
695679
740162
62495
777579
468167
781862
929703
42580
998411
311203
666791
5025
881782
529932
380042
391838
356970
127230
775152
291737
257600
25534
491518
242258
87405
981166
68496
659198
83776
984428
802762
160248
516039
941640
739468
343813
756498
316319
195203
413890
72527
619160
330396
974124
748052
586619
215188
91276
743164
332905
324331
644541
127720
17660
249912
785691
284071
299324
106965
676490
624944
916154
216762
320288
502348
921421
65447
36016
850961
585830
112827
420532
350600
332754
112290
64854
25200
900045
162924
439515
761500
952445
269624
700012
586231
871826
784271
696643
676712
637367
904077
169711
756688
574005
97145
769667
577904
650085
185590
247265
379368
235408
905811
293598
896538
161381
464637
101010
514157
312085
880340
756991
99630
47375
769370
520156
34896
548627
449288
117565
571540
133941
682619
690976
597316
288624
264267
408278
406361
374053
714237
459339
195900
219439
335438
543029
664489
656483
324591
639893
703408
872873
264849
409517
346326
660209
482390
706687
828888
956437
551463
88317
898127
379082
316259
851026
771119
370945
931380
771851
847849
379232
521278
618660
329713
572312
429809
153387
304921
66274
435326
289683
749340
746587
354663
588568
676344
209914
339758
104329
206706
831018
974191
973367
138365
342216
10314
56056
780533
960891
784568
808728
595462
966634
48703
605853
782570
188766
382208
256246
4751
259574
534574
232320
773782
147649
376473
680052
775864
872124
390632
377455
776515
142951
974181
40287
447810
821958
949875
804615
500987
97521
178906
599664
54034
94360
931843
384173
204747
552023
386687
373833
37933
780722
832385
315087
155137
271149
623660
61493
142778
529355
19911
842149
464238
807393
851406
964073
620034
963285
944546
326003
671077
654328
970656
246151
817523
813310
536334
823302
34425
602454
708658
524824
866456
489962
258301
733236
391426
541109
612516
324175
209314
418555
305360
8095
181592
987050
528747
326154
243362
100299
393371
491312
341910
175845
14732
218130
552203
656686
767077
169309
613464
488623
241756
515863
984500
367603
95845
764965
218557
467435
454533
374646
290452
21601
230214
55760
341413
952215
266819
875701
184260
764476
828131
706225
707315
448586
879970
968323
765888
954047
440075
673637
537739
556981
685250
127930
312997
387296
870077
293652
169685
886116
670227
641055
838324
365713
100653
990701
576568
730236
157657
687518
844877
18491
227773
338091
671199
522364
615208
293392
146485
131842
279108
384596
696439
27709
403944
292214
788304
36742
524362
120821
840750
677300
55505
60732
38758
115869
138889
602345
887925
795693
237232
278457
1953
955548
427565
157457
566847
884175
667744
641579
237517
324045
540692
130587
964159
589084
196049
324349
566679
358456
13711
229886
760621
415663
54981
107203
779214
331868
960991
747065
930497
451901
442253
489594
230565
7923
364792
568601
646070
696919
179663
650826
166638
518323
780224
633137
516552
677988
874371
729925
357471
866890
89232
291553
803893
15017
671473
180199
278993
762655
681265
886673
244992
867586
153076
875989
811131
937365
804704
567092
851113
190695
527737
986208
743803
77705
181003
295304
929589
450026
690048
774017
404813
658577
466449
152722
273708
821557
464217
67804
836113
158140
868678
951204
143893
223119
64552
345855
992329
85654
935724
486361
741947
439061
470114
636769
30680
216034
606201
119893
804267
762818
118669
916325
179779
627552
766487
985287
76275
701353
468803
189846
72947
216391
646175
391719
542948
511927
192047
790955
580657
372425
26653
242362
706321
549492
601997
315458
410536
881619
213711
852107
174925
652672
521646
395878
524839
324747
292069
32882
16368
962008
238513
946122
265820
999250
92994
622798
963538
516879
656331
515469
755097
520450
855033
661580
357902
42583
156480
900213
31249
45615
630416
735647
541120
308088
490086
550518
155931
340903
609087
919431
635463
399381
872808
329515
787822
401588
953394
302221
865987
441836
120001
623385
12195
544534
779267
659970
733527
194516
343293
978160
330550
980362
885568
460549
584999
85694
776507
580299
133189
464264
930282
137403
268955
662133
69100
709356
668302
285182
935795
640599
284570
620064
519125
204355
146933
984216
967423
956177
162191
633661
450952
947302
738171
942457
387235
240816
28583
121125
843631
784023
107527
230977
788137
999746
547921
708621
259777
297923
69345
986374
449162
842528
342524
426880
930058
510783
749553
785628
851569
250157
384091
318695
35879
155915
238212
714960
10686
567445
176548
335171
870215
337808
568583
897446
124352
836944
218060
581615
641707
819875
42441
70112
413433
28638
323468
334560
731493
835266
91005
90679
804190
387017
374111
836262
776796
181203
461237
717857
844308
156648
180673
2154
119238
63145
352167
125515
955956
239512
403185
759024
487213
864832
169452
941406
474503
707395
335407
622420
418026
26430
720571
577277
909321
469915
546174
498382
448812
563890
87538
363202
47465
991708
375330
426160
50546
220631
698125
736773
719623
316687
989667
887844
118604
959247
967404
703191
842293
760515
563848
131056
159901
57961
870353
739584
21174
441812
916765
308467
177243
231133
910943
43911
333186
592742
367341
48679
344909
776844
535004
114280
480063
229481
233415
545055
327692
321410
693935
904284
435273
10836
888572
351624
596034
366838
120994
170262
852074
747115
263775
308841
647597
440774
533920
367234
46434
445498
229571
49636
287004
180541
766071
706119
398368
609113
324288
349044
491568
237647
851159
435651
746182
336488
769390
493871
275100
695705
743441
848147
445992
749586
858984
600644
693414
217699
468505
923786
481677
494539
932554
576059
412643
259167
880260
660022
613484
798868
205747
163385
355390
801513
188298
931232
14192
654963
528259
823803
460720
57286
949124
460618
230452
877309
65053
457815
323913
56807
672302
948400
50759
958990
428902
947776
580326
846693
15398
10762
220137
14029
868292
651137
354808
627012
886379
317062
118283
747819
704159
463742
421186
46322
783454
51535
708755
40290
440738
466296
580443
372806
523011
451146
468053
147255
812218
810887
790696
277059
797313
96726
437850
710777
800021
405151
474595
473876
143581
217801
97180
857154
549
625550
697750
913807
313283
383735
894087
193331
874138
790009
414496
445556
293437
142060
687802
594297
292331
915428
12078
27181
762040
947502
65731
971276
623565
330793
32450
912269
40774
642366
652134
893804
756537
691773
373808
635923
653911
594389
31126
138852
675114
11120
845467
981414
32318
22249
695226
197897
277724
873515
106748
225559
390385
449703
808233
97722
693902
800881
129819
703332
807689
526968
210862
293407
912512
180896
675475
392433
610173
15870
732484
638507
663029
31663
139986
137422
945643
605205
344154
128411
78066
959919
828694
277750
340047
451092
919375
673526
431613
415884
544240
964428
787529
524555
294454
255245
81246
142283
834692
261789
771547
805829
631571
150266
148256
163915
787335
808674
602024
353541
786780
901026
328400
344070
52927
873789
290102
642954
587129
866165
682429
503630
157894
919416
416684
618956
641668
47210
629814
984274
440327
940171
155924
742782
417609
808901
556174
85912
431039
182293
351130
327692
80774
541651
615195
11650
814652
694239
884938
478876
152620
164458
230450
936843
474849
884574
804757
50831
603483
987883
866988
568457
313440
357104
856460
830910
321641
195458
395876
149226
760061
783515
820899
919230
453916
431650
176886
503161
259857
851026
937711
675550
716651
939274
403073
944919
125445
970353
846056
519270
713280
265796
659686
351556
386898
537022
655335
586712
533752
735651
773254
68245
159943
75816
758632
345200
517152
409730
904390
891133
987522
157705
53385
364453
966586
791497
764174
890694
295861
469734
996809
727911
109046
984873
220293
309846
363874
455531
255049
167585
38585
403612
895959
765485
938015
651248
499918
743414
331416
840104
350703
57955
525267
552761
674812
956357
325149
370586
931708
525100
955510
897007
34780
690342
582145
14349
872112
845781
60564
239722
960278
600492
996528
87266
475579
310982
824906
556584
134263
577826
422856
134023
589524
695999
360135
417748
515692
395088
934041
947699
581680
592349
846092
713154
419205
314614
478117
646629
305800
58900
109548
748719
813746
336205
797921
775401
768855
435955
402956
980739
396681
579467
553714
590420
533913
706469
749987
950352
769405
254940
992177
361285
831245
592876
104955
897873
829352
943275
805799
125028
559220
319078
602094
47342
895234
518105
440912
824613
934351
140554
556201
306932
223270
866626
925276
173571
685731
607977
828395
79455
417299
841789
281577
331719
520760
765999
460806
979282
558121
976282
67658
685120
841109
949344
320029
227291
943784
576547
935170
80649
962758
843165
585636
944369
98164
443997
299977
322440
279702
572767
71907
271607
214739
908934
113285
115691
874964
779384
383859
426616
247788
482134
363858
276650
463698
596567
743038
670506
208457
341568
447482
112330
118880
656514
25922
975597
966357
70383
908413
951766
825557
923610
642575
977611
194847
474763
42698
980581
415942
670940
775620
696823
480789
957300
315651
184601
978893
580893
710933
110992
138633
710083
251197
848923
244675
270731
611015
165149
3311
54413
242813
99298
691973
578480
27442
486863
529884
869601
423163
600363
902386
333999
776638
415236
65480
41159
517218
716351
63658
194695
475814
655168
172044
249664
606862
682930
672080
283341
777719
169395
885029
680458
315276
797471
343305
668467
586001
840056
746798
720859
696285
689711
389819
483846
466724
857297
405865
928291
68466
565969
190734
300393
696628
149742
460471
775052
126577
41729
578669
881500
514390
754853
13018
653755
188014
493122
396102
70777
845552
247736
365818
716430
69554
141413
898885
102131
199484
531668
304668
605469
505463
950274
277468
877783
889029
409998
791276
959354
520490
39100
240510
258572
747559
635941
723380
953715
935655
724351
648543
951444
220883
952773
958626
855437
28800
336579
270005
682762
927432
966272
595654
400456
262774
520135
342009
968356
464795
344660
250384
434335
827005
399384
407718
415665
361135
321193
254550
124678
879548
959882
413305
935705
998205
696786
982411
477228
492682
958139
462575
151905
514253
242889
562121
871864
696946
723412
170313
503718
579386
522932
630152
859982
606895
75977
609930
377375
433394
578916
509859
556617
384944
532054
535927
189980
292467
565075
680666
614208
30933
558913
105942
105803
168463
701987
151946
396354
478383
165149
703087
47344
20008
990947
742198
934108
392195
175170
322829
628969
139252
878603
447937
72463
864775
765016
938622
66098
138105
49980
145393
868188
626531
18507
625742
75548
896913
814338
207725
195002
609777
550229
270032
904085
98023
595796
795263
600155
876990
508921
358932
386021
706808
582608
71699
989037
666438
811011
980401
787948
683987
329217
511478
996116
17978
336523
425788
142375
818073
706523
682775
24307
329277
688689
962255
626666
934717
624379
678024
868002
715810
903903
21315
281701
169987
499113
404925
229878
492208
583756
408053
602273
423685
762647
312459
888509
69150
765557
710724
227074
789481
565792
584810
822721
672918
952676
531856
471684
784107
819020
954099
545538
514869
237611
801725
370175
626393
152648
289443
100990
441033
883559
541677
586340
144402
898352
935766
67947
719249
378623
913289
566399
247814
469895
323723
956408
307329
828771
364280
187189
716408
838715
631206
681361
594426
779791
201382
351429
807614
514019
751657
798362
649365
168583
534718
723529
747711
821058
788409
285937
58457
296474
278704
379955
428531
678019
368799
518638
570752
569122
977835
749778
403943
515388
158852
591203
813174
548352
769123
341132
605686
931437
287795
578397
716889
34209
417612
315683
436112
657024
980378
705251
271097
512893
955548
371250
249078
830344
179208
712052
398809
225364
497868
433263
267707
6724
298288
340747
680108
683185
909399
214760
493764
971994
554981
562012
920600
240425
699578
147016
255049
68446
751195
860501
900726
798106
243762
190288
22609
190474
509356
670112
295055
814062
337984
343200
660985
456581
573840
295837
77472
736343
874920
562157
870253
947999
562787
332458
475414
127186
237676
337610
869933
126352
512290
7964
950034
265574
29013
442913
515145
182014
85613
943173
735334
610212
241451
315705
479013
323061
178246
63662
238486
947430
561847
183663
231733
451758
819665
3291
34072
348881
180359
628350
862145
401930
18066
769996
688211
951509
177962
79929
120674
726
912625
521848
649635
728873
496943
667661
707587
730503
492088
17681
303443
533457
522346
713026
916512
575229
881747
727236
619105
160282
210991
257337
129225
305537
152782
783160
391229
541402
603540
685804
26848
618952
761691
910540
886793
31090
678003
507442
528534
201711
24521
180827
777754
931213
67109
330938
997105
425534
889229
158841
892213
21600
767751
751373
483913
742248
395196
59188
371346
174698
520056
957838
949574
218439
543438
123797
625884
285235
844249
184443
815075
734241
902685
306910
306735
472334
395915
990891
808750
554279
603235
710860
306648
624216
694324
407055
95749
433330
899007
316949
194264
429176
172090
339634
309145
48135
411632
27176
286817
685343
429829
848187
118638
707858
847831
189489
130326
108999
138305
350120
306713
715435
717689
960659
178767
399030
285209
621523
844096
521557
734715
641710
381714
736314
753213
877742
73373
808508
398435
339288
583835
559467
495516
342471
627323
299572
732829
750694
174676
572333
824170
631111
281655
275391
384243
235874
609885
798317
180059
331052
448319
38661
714579
500947
818053
623521
412965
363412
976854
428122
584589
625530
332942
402315
766146
463796
583117
148093
77330
292113
340012
483316
575147
704538
985547
631445
946806
866444
163782
674674
914269
946480
476678
427700
444397
152857
446067
289252
839191
501306
956295
752278
899153
467646
261426
384538
136596
187114
9504
607962
623750
588899
994511
915239
168182
262811
864227
274660
681317
656143
851705
56964
912818
681433
992983
409324
895059
412066
37685
26743
75890
347510
205666
454163
210018
939440
284117
614280
952764
414420
178705
788889
256922
452795
351603
449411
65519
961193
235035
468706
8002
85178
373557
37939
20421
696315
535715
319220
673302
303958
177097
72488
981265
429285
432500
541558
355471
179431
683367
709937
726080
349776
451140
933747
991585
600634
953044
177762
665689
331514
884403
100884
80310
59725
364443
790927
118335
511154
270027
971689
628469
485777
934419
91278
765035
212568
328895
34208
31423
993767
864478
56249
280116
498273
752174
706188
665709
178531
394917
579561
817736
256209
120862
277663
465301
113804
599710
275131
481074
406976
408387
341935
840068
427097
742280
321742
682772
445717
536375
63668
236356
536564
487020
285443
251052
35021
888513
816264
135573
727867
530267
947323
849872
950388
649296
334821
734900
773369
235956
525660
963123
602857
707263
772074
171544
63473
280604
705868
70304
610334
360336
651094
466802
167571
589445
983668
738427
480854
418227
556363
548906
423556
350122
392637
722885
557093
520318
774540
705766
640346
121871
33174
35798
330547
969587
289150
763013
897053
923395
691115
841059
322489
182335
418666
265437
452743
845214
310127
807287
964161
708215
467577
332610
857988
9797
716499
15995
600617
51930
801078
120064
261555
915299
37964
382895
235296
121940
88015
527709
964706
587248
55376
784880
469800
297334
417684
982874
16853
169003
368857
550834
810642
528513
911030
407921
177855
258657
787872
715909
915780
308698
294984
665557
367750
748325
349474
542226
557302
797588
659265
943030
448195
756119
405406
508253
237551
113963
69880
396860
55359
519840
911445
324610
170124
866757
835046
120137
668535
335281
401224
903737
886202
265777
673319
403898
577433
600457
949437
524179
286519
298025
16632
714468
799044
620398
796218
594236
125396
426897
512826
192344
632907
250544
243336
573881
167541
312183
800109
42977
822194
847851
158640
277801
674894
366931
737461
316226
339951
768899
153153
443462
483623
289286
602137
897658
54506
745063
278663
469219
180121
535900
287486
619073
706492
778000
75541
414316
894735
594379
265071
301258
820723
152641
281852
894443
829253
800116
988696
28033
376076
177734
521681
807743
156108
262303
807046
213452
21047
433910
378666
554788
88195
887936
299048
559116
967959
610419
63585
740464
442783
789686
229265
349978
338879
652327
481551
424593
780259
265160
865971
134988
357877
555271
913938
106897
686056
211688
654244
370159
165297
106513
341127
962900
320854
49586
668956
320972
829407
146382
611983
54807
905960
551531
423285
369829
23896
625106
625806
79280
265132
877251
451433
904246
184173
130169
675239
575506
976576
78549
63703
225974
536028
822186
240065
90631
400598
267940
892926
294549
227928
634645
78532
922742
844464
106526
568256
922878
713540
522678
694684
952796
62436
980762
614496
347796
266360
163025
96564
968532
568152
58907
861124
213302
197370
914806
533308
758225
605766
296396
726643
365436
155014
134652
727780
566368
169721
307203
602006
871865
101703
184583
370462
747369
363214
778752
623675
867513
638746
865923
912159
830381
826484
930860
755213
832194
209425
127464
319901
246726
214763
907037
90013
157332
488942
88758
920786
116907
70216
770638
875612
559659
469475
70456
946743
137515
741999
291049
680605
141433
530200
320963
67849
195375
427287
410878
188951
758510
349028
537845
623816
264442
868233
569803
600993
615538
388306
247992
217586
38634
359905
269939
480372
88807
216606
55806
905868
744822
280203
29897
954540
581737
80437
754052
625817
559599
650950
561540
610439
53903
83576
885329
445792
427457
791012
785546
127971
738729
250169
922101
166889
596976
285384
629863
479747
122881
909371
435020
749824
170653
452902
684052
539019
164764
811957
709562
325616
55233
974149
548530
519615
55928
932176
107055
645257
250734
230144
749390
422664
364365
582180
419618
426715
661651
337408
875293
206318
591694
194238
265879
113912
606582
488131
905982
327262
185575
984989
194715
347061
896249
183896
161661
549029
755518
596208
439236
237544
907991
818080
53515
386034
971571
890265
877619
735787
390437
455758
883849
561815
852897
260652
888595
3095
117203
554983
107516
875145
999005
838896
175769
180298
739179
592323
521623
804123
952691
928156
662019
553889
698382
955721
687542
832966
570350
611099
797851
52350
862460
852918
291359
349476
117199
71496
524723
376514
271754
38678
907648
764655
521746
265650
527593
246803
569962
257545
616182
721223
866926
702553
360546
685911
765609
767807
660098
373609
124627
445678
939855
158199
592106
583932
901459
27703
421163
724438
926701
854685
193389
899156
72448
275062
433499
689895
851390
143925
120332
17839
22092
185035
42113
94377
362259
374639
909370
78150
368931
924285
512565
835799
920451
881083
861636
800483
348057
175926
510793
64603
361970
807563
891857
796517
41711
201729
8331
544596
745805
58580
326628
368377
489167
647501
124416
737555
739466
700364
230998
408161
141261
687912
86120
292568
686570
749613
130654
816561
843686
734596
952574
879066
164089
983536
399370
816332
594881
884532
645111
920572
495242
902611
769093
536811
677362
538863
549183
712920
922748
151635
420497
995222
489972
731276
767873
286072
727161
364658
68044
211176
984492
957380
828254
957143
265588
551985
287981
863694
489259
998387
93554
229859
146152
486486
186309
695752
174250
131031
68052
763454
895965
76839
812351
867047
990988
260751
648979
666936
60324
621485
340642
422541
320993
719260
918715
503574
585239
235826
539211
173487
172063
422562
764880
624718
967836
29122
937398
243285
279977
274920
54288
438984
502113
900461
984628
903192
974602
814995
189811
550942
57630
164739
893555
215779
436408
504111
889836
744540
109656
308566
631675
554803
661011
937509
417958
914112
882970
255099
572077
573206
72612
41029
909961
820986
896187
787336
872132
985263
739873
90686
503476
153773
461916
628759
470869
674800
790757
715488
385666
141292
698473
681345
144464
686173
884282
549537
250183
235837
798997
115428
832126
560463
691920
652244
22418
405785
978080
202397
710274
585198
713796
430514
594858
252329
856722
856014
856923
231222
974428
150549
254419
312970
67519
821785
996766
661299
156296
28536
461960
226121
811138
291938
793405
118084
419872
999736
404352
887975
554243
140432
74756
24026
2729
198933
747946
949014
714739
606539
547288
21242
374674
444337
616370
730554
110029
893631
719608
618295
145585
655311
225916
395817
338965
259800
373886
305784
914184
320277
366822
684011
544794
931204
268317
619639
888580
983690
417736
193401
414260
310899
754785
279551
251577
513688
548212
407425
265032
630105
363828
70381
11177
665610
547960
585824
749057
100971
982229
993712
369404
973006
908568
356006
206806
779997
705184
374217
848071
586996
688662
508757
932745
510378
8715
741067
63431
520557
642028
8226
354596
362635
923812
385499
63780
936461
147534
80050
198651
457534
695893
274096
249264
377609
687339
743006
181038
170944
806114
361364
935015
391545
270314
508655
861221
144467
409256
916192
332399
834966
631663
405281
886484
397752
946525
836547
948311
754748
647957
248548
645239
105142
318164
297212
430233
117353
994930
927062
358612
685649
760312
423963
136601
32508
576024
651145
226621
525586
442381
406595
759589
33718
508176
202371
276621
516677
558195
996779
932981
475260
851358
528056
528104
829878
160933
273495
981738
170834
92226
619346
87485
619187
379700
539043
125392
346273
306035
168553
602245
291916
97102
192632
364061
447793
604579
607947
151427
339414
356155
542293
334193
130159
192896
736500
66755
310755
673691
63495
841238
177768
835374
184854
296988
945994
656555
75120
567104
239627
146255
431058
895344
400293
477823
765059
289483
98347
169661
308413
53609
778830
5767
432389
368129
542394
959436
273948
296699
272928
667467
384910
511507
95119
243723
119847
380390
763004
158769
847365
275037
802976
455233
322377
619059
260736
169972
424615
732836
795848
394737
305309
646068
326545
316971
78785
687193
841474
105752
722930
624006
842770
613898
476657
816276
625643
424299
749640
544591
402794
997657
869032
305819
344003
99420
532881
776066
747522
649792
876842
606171
176876
27604
39984
835607
977860
993213
827275
957611
934121
737079
302524
797077
428380
310314
608947
645390
683936
823589
764670
787019
56698
84345
835291
548975
599960
145844
511982
644816
417294
29177
896654
91492
256891
890361
227449
525576
570250
441744
362856
958380
926357
352702
205438
200991
965475
267136
952282
111155
667602
352202
140427
84941
198736
24100
146723
290507
419459
415646
788900
242898
701833
164785
353559
92210
986073
951732
297852
124792
597384
190904
74460
786769
49512
174144
756154
634454
106955
944928
96232
406777
602405
902257
699445
532105
355983
299245
821828
525029
688296
247854
821880
209339
595286
167614
372043
159484
870186
303258
998078
685406
469410
270664
277739
683277
923208
750738
582902
56495
326903
648350
737826
977874
772413
221291
187967
138741
745180
155434
596353
536240
659371
91318
379309
331328
479578
924018
238124
86195
529107
173630
895298
476908
379579
330966
299352
766932
387671
100743
930805
554142
968268
237069
405259
297972
544255
629838
445614
775107
288475
96621
395296
95136
461232
986765
867527
6229
444280
337314
22847
106636
869430
559477
713612
574615
35384
788724
99176
553562
287483
227955
636027
926998
655917
206147
253097
604242
872589
128237
122437
647592
946350
697868
24419
828457
108827
164420
190538
864366
711957
613538
919240
796540
645688
534546
252512
786195
414268
32759
655903
835347
13974
75755
175693
107276
354451
507262
204512
901580
347101
5320
402007
495100
575897
201743
368383
725584
211633
138171
778046
943509
300487
230795
546102
184701
404265
622083
207123
965611
206451
825153
343348
293390
438402
346094
386035
362916
887952
883407
711827
149472
919729
244603
792133
974311
128425
710439
639767
169588
741607
626269
515002
812507
436322
785996
151598
465834
571407
961912
179596
451755
113724
91794
189551
700998
244364
147490
769216
17155
725520
818592
366621
952686
600062
902627
557222
742419
849488
120625
346851
838377
83067
726964
392533
459531
837002
742734
627160
815329
599959
91203
749553
940957
735462
245717
222714
192033
280542
133677
525415
396990
43365
29173
770100
460312
867991
271683
217581
169573
511650
919983
146585
41364
732672
772997
27012
568330
976914
433238
4328
120071
571862
126249
43511
217383
222085
919119
647368
652933
419340
852
347099
995770
636452
398353
705227
822723
378320
30239
177231
873153
956915
344102
21420
420057
17675
964691
985979
452796
655502
180648
900818
459201
158303
447341
692562
277613
561965
47236
909453
756821
672169
837466
703569
137498
583969
739001
401622
897876
184510
201275
260992
623306
140054
1178
371408
484956
652143
469218
84653
700356
642641
57991
658827
385969
918471
182099
692534
564307
856818
255992
74045
970101
713097
835395
356413
842499
117296
369777
888073
347949
420532
399836
911475
758436
813345
294542
305786
167554
85184
408055
264912
891590
175409
553401
572678
627452
894624
652703
762262
64379
11303
140398
757132
765192
843392
309268
34003
58457
759333
17469
723544
24755
888327
497157
16733
852468
561831
155911
973980
5357
128275
180116
824341
778151
302784
857600
849526
787335
885569
594262
621671
431756
291234
404459
647599
49780
393507
660752
203078
31359
313492
663457
430263
843595
325386
345082
783345
375710
865531
961994
390444
891074
858235
215231
907635
118667
728916
959521
594001
630068
918331
16955
800668
72744
132469
506291
132313
802204
467846
651003
679242
780185
25937
101920
174491
527639
708753
145984
240165
509381
61234
794521
135388
873062
897421
390332
864412
456597
20671
266079
42251
368105
659877
806610
433258
772339
851125
550282
896958
825252
741436
618073
203733
809612
630192
860415
149367
677245
919025
882970
885611
568206
298529
530808
483938
552635
453212
326925
189508
523370
84822
259008
754518
399688
314448
518112
968005
635986
153527
782580
244434
902320
599385
937071
760985
475515
532292
93826
434367
324256
630077
133964
736695
962204
428122
565165
542001
532647
636605
704120
107681
165229
820205
512326
638887
115127
977298
743719
347360
317545
514765
817268
774537
392100
197426
621504
124107
523083
394659
128109
327911
294883
205962
240410
815934
930068
433458
975290
294206
561036
121858
132800
511845
731843
843288
197814
966259
702681
506750
288685
299568
817435
357004
367759
846615
258340
28762
356688
912222
277728
860511
493763
607523
992172
437995
212681
909172
680921
180157
352228
109499
464016
601602
914537
578436
668495
839659
630996
536621
957521
918057
503542
903209
697804
514632
806985
952560
570836
379301
419620
941127
943197
193357
223561
975719
85150
543732
990108
630477
758608
708751
493551
126110
35861
582990
427064
834420
471926
734201
723364
65481
672069
197478
743812
264318
449633
211732
232806
258313
23256
609320
547263
249338
330471
89729
58244
368040
35804
686010
84887
954172
10588
41467
760094
675929
201985
332156
427184
901415
398811
741912
860649
558075
382232
154506
117213
146020
498878
130182
845865
121109
725972
68790
978725
606762
334113
276175
367413
348697
598156
237520
286271
504886
648546
336087
328631
588258
909687
839584
333077
495249
956131
819162
850856
452791
858541
308776
743812
514511
658886
55473
283607
775240
695596
741028
576666
378636
486575
410315
592867
368365
606097
950987
526615
216623
913606
488438
689852
467564
37466
450125
587564
364264
274994
577365
265637
785074
822378
618900
467198
135667
91038
613160
299444
542614
37764
970949
704355
519252
423479
217097
858064
305818
700623
522046
258659
397018
767851
925355
395122
883307
384848
317719
935352
352222
619179
982619
269668
571486
21554
376803
980494
604355
678953
33985
463492
531955
310273
954349
534787
77557
648858
412765
67329
191828
993001
959613
314791
546156
935733
453836
597597
50132
778876
139219
297597
785511
875250
550466
941481
763313
916521
976680
821624
875315
976332
656782
77643
91731
161221
377201
148158
577828
891263
962139
687546
700557
503813
381661
990120
580568
710153
529579
391168
354713
261121
811028
11391
795641
693740
875676
467831
838558
824051
202295
946944
677689
19306
361956
759372
620907
16693
234212
643161
428564
145351
443735
84991
921338
636038
651185
993065
426259
690187
549021
427424
20144
678789
234030
150211
671686
481085
591742
443987
545241
122484
519717
43307
78278
810536
611928
625420
617070
690613
764699
454870
977531
984217
846308
479252
414288
325904
306766
685166
918801
897950
978998
232321
453452
716075
492278
405516
762498
173448
698108
563905
799446
430800
855686
516604
830353
53353
134716
176911
664144
978730
214889
235515
373003
360983
120407
386876
931842
358599
562247
606652
588805
630886
124362
480743
763360
518935
859839
271326
892514
377649
833450
187397
152905
816555
381421
218743
322124
41298
698149
300697
624773
593014
135779
360076
391288
230181
867013
845628
489540
329039
372081
356629
238117
340361
118765
323606
575651
374573
83294
469821
425434
163166
851291
140578
382631
493993
716654
687584
474284
477574
363687
455790
255937
243711
892956
92875
586807
821928
461056
997656
651786
120332
180254
759039
950434
212968
684211
705553
887942
631504
394278
647214
645278
770288
472485
615325
362659
616430
720861
805180
73701
737322
445333
8721
480184
930983
908200
862654
22908
441539
861085
518675
519688
707170
702181
317822
343603
229097
950256
767901
771134
314598
26604
277940
432481
583821
527451
916474
312560
944350
221071
936270
605226
157922
464517
237639
727263
933267
14940
616873
710779
667227
690288
406067
130098
960565
971927
55957
838090
956912
721848
242174
142976
856786
267203
355476
290072
859417
504208
824381
942532
705885
679704
936026
585072
837521
228298
903572
800552
5224
512779
898958
145447
7828
134477
514874
909565
163049
324299
545607
69020
372640
126942
896184
806527
362232
44351
258768
952310
813560
71706
772522
524307
234895
544267
638053
843243
814427
34359
588540
879305
272392
466697
906675
549877
409553
46024
67181
55836
557922
60498
903899
314396
350878
843576
487055
175214
855356
147829
19758
605041
400780
327179
607748
211471
448600
791804
244338
725774
852837
352162
698946
431221
851801
25451
371547
314264
739126
381109
458448
556035
739780
859330
430738
132287
664846
255768
766790
164675
355650
437304
635697
524987
585340
764088
681936
932781
422940
736959
711813
893198
93075
663581
457835
973408
587517
566405
288586
528966
632297
359272
840998
66982
431924
28590
728626
79609
689362
927251
962082
254834
709422
584540
815262
879816
103914
702453
689810
953122
938303
165609
8162
522462
791816
910525
209595
63806
642970
474025
565189
679920
900491
956276
69876
399481
621396
665515
431806
927293
679185
265661
888423
849581
763685
934646
318520
430797
369914
54230
511118
523809
606630
52238
331534
941555
992233
422166
327990
206404
593747
581294
553039
117581
106626
602927
138430
962864
179017
239180
515514
55168
168301
922795
473049
675882
976841
901146
214339
912574
385169
100143
576967
233246
387123
700993
748556
314753
153305
96316
338527
470564
926219
761125
368364
975759
313522
184491
198280
264448
222583
303974
567403
539446
911882
385327
944891
62235
626239
832923
149891
315534
113362
536148
142402
381517
781451
888726
796256
309628
290813
413251
513340
507796
553000
278820
709664
543851
615934
795133
167126
852891
997763
478412
769876
92882
14605
752541
367954
740214
616043
578509
184765
845299
573410
498649
83139
637090
868499
46178
18639
102103
110200
350847
360271
380743
250573
229119
431088
507220
132619
309306
502699
283767
632975
842450
779193
893769
150682
253579
390754
394542
398321
456836
22707
268446
780133
408402
82190
619345
51309
375736
434459
592199
618415
550404
68125
658801
466590
766984
580575
542847
396476
191796
433741
110791
150337
534733
315486
202191
355796
984396
404591
481527
814582
925333
775276
419014
921214
858578
856999
312271
545470
974636
325195
310655
178565
351078
264361
424070
729214
808534
710001
979360
172022
542976
389822
899263
63163
579024
198600
963223
427103
737076
303421
632517
730396
105428
319337
705693
381457
707055
809169
502095
194155
992851
764896
85300
625311
238520
761657
962171
877075
721914
715499
714219
736348
480818
19010
683412
713186
67184
996730
99286
25952
310486
201615
842061
557768
619860
473904
583576
3332
729211
682001
398916
573654
149248
692256
947354
757664
449552
649615
879746
342208
357514
851664
162579
489299
790814
273567
511352
547163
702144
284409
174976
192443
651656
753322
241089
505183
254697
836228
673770
743864
540363
640619
249572
680293
962312
208206
666661
408877
572800
342640
521297
769961
35418
275940
528716
59839
781847
501719
401249
296712
344596
768007
110792
242579
92956
946066
687511
264451
769639
535337
912968
469715
529652
294499
330723
620410
208318
193710
657672
475498
919838
940256
681883
240946
486652
414059
43724
356099
959027
352751
868737
548495
690753
282218
425955
946445
936359
463243
458178
876185
794659
481316
89254
279417
96264
822461
867763
398075
610423
407812
481655
843642
728764
641698
651860
764543
235335
175786
558469
399043
581
975595
963662
635859
502874
555941
79172
154380
584445
520856
692854
646534
162353
662839
87735
283917
315356
876540
137737
58698
820613
454933
137896
987009
654639
923900
557488
374452
287436
89828
684587
230628
420896
612495
296315
986231
167092
201981
583777
220533
83890
371262
455911
79020
457444
907753
136880
594164
37124
621029
694298
479437
50815
232420
49229
265892
255883
675632
549923
142965
907617
739997
127220
638282
119385
67934
23932
404449
26018
672372
942827
776299
633946
52225
99082
472113
485648
593787
503045
668881
317459
132156
325721
129959
545911
829109
836571
577799
120356
774915
290082
19302
768090
669594
631186
404824
33733
860062
957510
66547
685816
437520
440345
948307
572809
548261
725585
113656
279818
985843
316521
902089
314463
769412
4154
832827
222273
838733
206021
61901
405646
8121
281887
848299
923914
587038
249721
276594
293430
410897
981707
645715
130763
451093
834269
762769
779923
648238
889906
846692
868837
941652
943889
54464
516539
71043
502513
526959
566449
124335
206720
736859
797020
883285
985040
598696
389253
457965
546783
169598
928641
951739
274945
50596
230510
2245
856492
641543
588876
51743
497056
977435
805813
178594
713905
891737
370938
653883
747890
96102
830172
932127
503168
643412
617956
981340
259816
255425
507360
513035
638262
930333
432186
820194
195419
361162
571190
304550
49210
535516
599879
818877
323023
587327
459023
556065
33084
830456
891058
826673
97330
167684
838357
619874
665464
985756
456441
5330
689499
986906
307054
44093
297586
334645
203893
570504
450957
344232
744630
472251
490106
600626
584602
552460
381875
991030
774726
271830
625895
12802
82421
83817
997283
976684
191537
120250
859549
744985
525614
949307
554973
394583
267395
181446
351177
772074
4678
959155
98315
133860
830594
716872
821153
478509
610711
440016
266880
762019
606511
688388
648294
68634
249304
665446
565435
101764
81283
469677
522659
193196
827608
965211
883171
135581
36148
426794
491117
553759
521920
743780
662793
524065
467951
414802
682594
799666
873236
930060
469099
773289
614621
7920
122092
404709
767216
318062
392685
462639
401952
268351
151357
624956
797004
800373
16863
529486
523732
199982
541202
422201
846457
357346
701756
975491
86160
493340
966898
676773
843747
366278
539174
936494
666404
544540
562798
952199
736015
997571
980077
575249
122587
493170
296800
695082
67612
514766
840071
87311
532728
559636
656558
651868
544515
330224
324950
169006
143930
73258
412485
322409
446489
190592
292007
890773
839449
8654
477344
539491
451722
929514
781423
970062
373384
307276
287040
170013
816989
768874
910350
57284
599347
552098
878514
515178
255732
751057
387661
724166
175360
495233
566479
336803
552330
202239
985441
324610
507600
192393
120693
788702
889781
258854
946279
580746
726908
320592
771024
285495
201571
744141
861160
827410
83034
185180
590357
659466
238942
828362
509844
111791
647031
570084
538179
21878
179530
771270
698440
959961
349787
732562
991522
990299
490659
638717
988746
681513
841034
748867
375173
837980
820482
313915
743817
377563
853568
997508
459145
365662
542166
458207
702687
633293
335153
729239
252373
914374
946925
624411
559377
358718
56208
372780
201242
181311
440554
663409
418251
245775
165831
991016
116243
627633
884430
748855
926949
588357
644537
736352
278403
848778
604017
572499
951971
594116
899205
366302
362555
214457
554055
232512
977582
653077
506371
655963
582098
587181
189021
469319
198045
467936
593926
686723
573933
471513
315162
705542
164465
83186
200538
212788
617015
825651
413889
878892
859794
27576
426564
693310
631271
145968
193579
508730
208661
65538
30023
181411
570494
783562
559823
180099
969462
608384
207515
225048
270728
52025
66364
749548
606559
927048
476278
814402
16152
640829
201691
315884
275809
710925
271749
140922
166606
81362
23343
820876
21176
91177
205360
873993
411154
672697
615062
323496
914570
583379
772635
635180
680663
499061
440518
579948
560997
473001
531297
933712
508763
176075
170003
63064
339653
633703
350297
306006
445923
16512
439909
314492
598989
861998
707411
621712
620161
277855
981700
190588
221067
812733
42649
379137
674255
643888
529102
17228
33910
803771
705520
315745
105331
318017
657660
652084
709105
274666
243606
57622
646683
555489
993507
902924
708487
460981
242755
121596
252480
868703
996782
813825
185582
263331
776298
755549
977892
39439
165094
365582
668038
66272
843255
804985
151253
242116
443884
632771
101337
912763
594895
26879
542506
532631
6331
117185
839834
771042
985365
995857
461058
773918
929512
691260
919208
12071
499553
976452
487626
266805
195043
283895
9546
368574
765320
815261
617781
156664
934774
889035
52593
615868
545049
869652
510083
628230
479426
237279
325691
666137
582428
116372
311357
590143
825798
678640
240492
644910
883922
953273
728244
844614
903706
998411
976052
406263
920441
362512
780935
993920
588461
993550
925550
296274
910535
429530
970523
850451
186572
701546
401244
410238
308460
748488
920162
143591
527772
144035
170670
404252
162898
788544
584983
6376
536221
893261
267706
814769
670302
787798
415742
430465
59111
212240
167810
607457
655918
477395
235878
814625
311469
215717
692659
882101
44122
837745
366184
200826
381182
323031
1890
139734
419572
878685
762278
113404
423809
606211
528526
218383
302922
592243
182223
469150
161334
998487
432547
162318
500897
645573
142935
888789
631673
270806
130483
367650
566841
632276
892225
95707
986944
969169
163900
909246
428749
787924
449751
353961
625241
887791
352678
939828
679697
315052
173869
768508
651567
751590
721348
239867
560308
258739
26787
267411
49604
360703
324176
269354
731550
546228
362786
40110
222326
976021
951152
95929
17392
216938
166171
176080
237243
547414
590069
504646
643464
137924
723277
82814
149990
934144
585433
297037
85948
744930
128830
231486
572194
961444
910654
579439
734300
228053
562302
769048
757235
105191
728243
881068
332402
808034
974185
392152
704314
548411
496880
708008
413058
48895
174051
449609
461167
35434
832726
452585
502988
303060
181019
49402
382886
341003
298545
302806
494919
386172
265162
516733
389197
6090
897656
945529
175782
946945
193139
631651
797481
804516
218121
992702
935124
150818
7970
357056
584286
926439
580719
743409
286585
307151
104431
417005
231462
614390
386462
963907
475380
917611
531898
647168
906134
341635
796786
559814
279840
368457
613486
851157
76126
125267
951605
69420
157009
111024
487487
436744
56711
864637
625880
385675
165782
614231
785966
956664
367156
661994
676983
808603
682614
179560
907969
844614
637027
303830
69847
673717
649781
438528
627533
257939
84139
248397
189225
488470
158797
690221
104430
907397
52542
184750
995334
873753
880183
92590
387595
66241
404070
129707
430066
893760
107042
629303
783316
278706
112137
555399
707419
558124
264568
76714
378117
388928
381990
151958
476120
780831
304541
445277
60387
511322
167318
443071
200620
469505
518641
537370
929979
16364
599054
455805
663106
486296
280139
639770
654503
329448
443802
855641
691696
28173
877885
904137
954442
857985
542049
322609
279862
485229
736276
929477
455185
430699
121253
182324
419006
562085
992471
388254
245105
528412
676353
495971
608667
735493
882181
69015
63981
966734
267755
301650
374795
538686
759129
580835
311504
454778
234545
950820
926583
515619
887239
811944
670572
16733
148605
960785
278768
967147
705150
703679
686947
568118
97427
495203
698737
752877
403621
70705
925596
944453
921360
384564
299233
893666
18143
270523
531018
911950
440298
500465
483599
290789
370569
683850
396586
14996
76660
125850
957558
547510
643961
453504
472771
685277
648600
854079
359480
998066
791230
207596
76261
812660
149660
275651
398629
442524
190116
392853
191468
376737
237728
172637
36019
360983
240047
947312
755005
185395
934236
80786
15556
773225
315292
715365
422725
52726
768228
627452
914277
941370
729637
773325
115775
744317
113765
698501
58827
275922
633147
404982
497900
230744
618535
776555
33749
476509
822539
423773
745369
320222
20874
812286
541711
701226
101884
575026
559006
887909
479115
850205
715499
614119
5741
802711
87260
598340
377982
710908
10183
457383
604217
968737
717052
450647
459411
76449
228715
186076
857076
397909
624564
238586
472850
747682
453002
214492
398316
865003
586946
802636
609504
79079
966334
919391
763242
970254
896688
313582
682938
7470
309197
287230
82417
147098
143312
382465
522423
898369
296936
197238
558459
60892
674368
629867
937032
971073
172200
327971
717505
221653
104869
470034
266489
343327
287698
895877
487217
595383
991280
88158
279215
99165
340626
471485
852343
855461
49886
187579
95081
778384
723776
430096
700086
258359
689
389908
741568
350881
942303
655906
510030
496883
343034
605209
852713
147911
295323
578620
427861
986837
907792
889721
432495
79053
137864
486599
818400
407623
105368
473384
659067
985170
152040
833102
588601
186793
975485
806234
43598
862788
3107
593087
52583
422922
82294
393925
466307
565411
667213
492778
656171
24620
46980
169315
103695
264964
142053
267392
62911
963715
710130
726509
198659
338699
960530
244948
410583
394614
971990
203296
990150
373167
437158
977629
500193
566300
552780
718651
425884
766009
90461
162482
624198
401216
252543
4287
702500
330180
246748
90828
618792
876638
445282
930669
988755
115902
625587
149383
20132
666275
160880
51211
535931
748709
845149
533088
942159
665711
577713
185439
466185
636171
698429
187319
259131
296598
198006
379377
113984
892882
379425
750287
51440
456794
310618
405325
669760
687024
542016
959753
294709
374578
403520
887358
78083
746668
174333
406572
268934
226375
664537
209812
804060
417182
870947
981087
660061
32625
479965
445918
700536
142642
721384
540140
140715
315197
656910
992496
122206
206245
947116
647423
153885
552489
16826
701470
780528
329414
958137
806309
362841
981926
308472
158207
195242
850614
139330
12749
812224
292053
617383
337450
93216
827560
628005
916361
19308
895946
809076
268155
693633
549345
918571
481678
793520
433164
988050
846159
329752
243256
159749
349679
295965
580114
890561
195587
345095
925399
774542
578853
903929
284231
789961
577912
605579
762103
89293
137
313095
685190
481790
232594
839677
789287
959089
466328
615555
422045
479419
182004
282061
505222
361493
445294
237413
136014
591913
123204
539078
33732
643707
823435
111899
893641
286327
980845
208015
342757
407123
790224
737872
707571
918688
992664
953894
49661
556787
567682
275114
726498
946218
780785
776868
670452
656285
450950
753285
590814
967843
955240
816509
244930
717054
125859
538362
389601
822116
108460
222655
420852
412778
152899
214428
535639
144143
373937
644495
150757
946787
508401
423223
130079
413907
477739
37681
491205
852177
316571
77650
421767
119972
452880
625663
569877
712393
703441
100203
86099
698693
770778
676910
248616
417544
135108
989055
684854
618495
106498
330638
862436
364919
934471
181312
424342
917737
432901
108296
389182
378982
35729
161759
543244
11872
913635
407711
343425
69906
810937
537154
530081
602829
117338
246770
847815
638177
924408
723340
939794
424100
940655
89398
367869
822754
566314
245913
854477
199521
476068
860349
319459
507983
98508
563456
140721
702794
983490
596595
950217
933644
795071
986513
607185
763377
187217
924125
320787
518951
197507
7639
196785
854833
689115
920410
719606
603671
272060
143381
804231
337966
493548
268772
865976
241024
622128
278346
212219
470231
11732
645837
282931
528747
589319
546094
823078
494181
84322
692100
231249
332367
82889
72756
139606
85467
395306
392015
219089
633101
706723
212936
527368
832389
631232
991312
277696
61741
613730
894800
624428
752443
271995
20355
609345
94435
867509
920045
306021
283293
160050
55227
763973
774542
126510
180024
882566
728150
330049
927082
624979
602485
677313
772423
569365
70938
55813
183255
350785
839818
976324
592615
581962
365353
398939
84391
975608
16488
219437
634657
148561
981004
206757
479510
535987
839255
191703
824055
675587
854293
81668
150205
932096
32836
688316
463333
235633
219489
499614
583500
87933
597387
450683
596322
938329
251990
338329
954446
214555
260783
952595
337054
437742
985127
305757
170985
284766
686686
976614
679300
733267
34381
56214
907293
717531
928495
794871
131383
717280
527757
265456
966658
720057
879397
914859
824982
272859
375478
578136
928204
875760
842795
334155
16697
493632
394273
588033
960392
77132
758103
433152
195763
387578
941297
5724
215710
868074
566697
21845
180688
845158
990674
211358
121230
119608
633290
586937
676502
260310
111868
696829
682229
244281
147215
687994
924229
410828
387311
649459
166599
362431
917942
352521
520281
364538
644534
548345
984916
743983
779238
57916
783620
50504
590502
580813
488132
961792
980080
134471
295862
453582
884637
905260
78365
477371
316241
186690
962199
390036
374597
395095
893178
160892
358191
819558
165065
221017
278608
102034
602258
76910
853594
646351
466152
692233
665275
296544
645433
342803
625546
203514
141387
195589
266317
742216
386071
19194
906213
629384
675010
241823
989846
87059
238324
579910
915703
219193
354647
970906
787890
875530
838318
82157
926137
669042
843215
336109
988806
616188
904383
145974
777292
207159
67624
591425
805439
378038
949945
846073
194685
430960
259802
98670
337432
272392
741707
432803
798977
307944
636440
969537
463890
789254
617403
592495
92919
861833
500622
400569
75130
316868
431531
799533
858538
148128
477346
478853
320616
39193
273174
506110
723150
466271
111156
560839
465852
881820
457233
603733
211520
739413
267807
856659
722465
904426
74892
537143
914441
935671
994296
107248
449228
692637
351312
782267
538457
217243
670028
73557
887228
459157
193345
374859
6541
740151
968483
821613
260153
724851
262747
711329
286570
203878
801345
339411
542678
880216
512439
311498
605281
100130
708641
347222
338416
982698
923780
233382
526539
942282
292154
547318
905710
64719
408783
189029
412973
461533
629948
840804
527809
802928
566717
838602
434739
858365
413969
517509
727331
259255
58254
106476
715829
90861
185054
433711
297305
841424
702810
466864
36342
981907
434945
248234
764339
639531
417365
443407
792034
263478
72850
497649
856392
306360
578892
626966
584781
567040
983268
983022
759741
461033
905126
612256
498872
632124
760514
254144
606268
559283
736741
335326
529613
19032
637684
951992
550911
690380
100197
33103
240608
958116
369465
661142
860932
945646
716314
534663
804589
915729
973069
76817
547607
538258
540947
67180
186526
370547
356194
145164
381453
776502
200443
465651
809668
430079
414568
722465
6085
872471
70612
46439
133595
953869
427590
919642
621287
195511
638715
230370
331656
873238
870048
305138
181350
92055
655081
877266
952028
694902
896273
363223
163968
176573
782382
729653
264335
955563
425520
221611
845754
601071
53558
97500
743111
593107
944780
162494
378406
128054
582789
831083
369297
906674
593074
10965
644958
15516
651708
384663
396324
576169
974883
729062
416840
508973
274195
200998
876387
564799
621472
210457
972241
75001
840991
162162
187993
799260
769056
722824
714932
740368
482443
275174
906812
612744
969942
656447
90354
847044
577376
370238
686828
359024
669613
835068
468441
559018
497023
830795
579762
452769
844301
499375
505471
650009
434274
888364
873667
513546
473301
535867
733062
387624
296737
990678
821757
417534
572384
360115
384407
82868
851753
606989
992038
410095
472322
361117
232873
61399
979396
544040
736114
165684
557834
89458
88504
173042
958805
573392
425851
990211
368832
243995
814864
710627
862170
666048
940744
243191
167525
12469
415681
321359
445290
82182
444424
881162
46391
600461
56681
11801
841079
120128
989846
891420
713388
665060
758320
470184
765643
33632
467444
397738
85491
317292
379845
185189
403596
799784
898706
144983
43961
228105
543011
693561
180217
15598
686598
747366
519519
545041
728080
922195
624684
10585
792530
395004
230022
440972
411098
377248
239959
592289
438306
278562
754437
735283
741338
100561
831113
999698
923981
562433
470638
359860
352882
896600
576552
317577
814930
444005
472143
566380
743312
925162
137014
810037
240410
471802
60268
229931
767339
538493
796495
992279
225530
347473
208391
520691
411074
159691
983014
995650
36335
508123
448602
735033
656738
611405
403213
326811
266209
294700
690330
335778
473886
436353
369003
344281
130338
791033
968691
897479
160406
584484
98181
41541
934702
468634
202832
997873
18931
123000
171063
722043
523627
337864
693649
600796
51814
490623
94266
733223
323752
119903
65236
209272
336238
567869
359966
313480
812447
577117
248750
651619
177744
627129
592590
503664
922612
716577
269105
256111
778975
524924
286289
375426
929525
425836
879142
742626
918131
47184
517444
35314
50201
538659
577170
368240
894963
583425
656802
487048
712195
681354
701554
458179
609165
231967
977214
786332
291071
517705
588480
886643
825402
786810
625350
927387
352577
486507
560685
262862
979005
629412
124159
280704
552362
934362
557031
490192
641442
751602
266573
133531
747268
105892
232786
68971
796865
60475
211497
973197
34627
261304
334608
55361
389113
115158
244714
579850
27395
285161
426363
581348
232311
682336
739199
824789
509198
695529
130471
658844
549423
44659
73201
355014
864789
852623
966243
44832
808863
571376
974051
457351
289652
187281
233142
136667
197008
665398
617171
741074
93296
995210
647075
79848
379862
840807
477208
921652
64569
604213
743207
738966
756941
398953
911075
656525
891626
675311
524600
842405
948764
391970
535808
663501
851782
645304
491653
297479
646515
72763
783444
878648
801659
362354
683258
1247
791054
47198
168030
267683
466784
434016
483514
506884
247217
755512
4663
67124
701239
222056
957605
26623
187051
232119
78356
659173
892845
48913
463058
126024
300949
150603
773441
442240
41559
711749
126291
959820
899218
599017
974245
344740
170997
761167
34933
343850
466574
47747
32322
267070
981041
113694
223039
481520
830593
468240
591731
920016
782622
880896
228400
276194
709163
21194
71661
212398
918586
565799
381826
189939
485079
802859
484864
395900
557614
985191
197227
37898
875930
230958
203286
11952
930762
798069
315097
648638
597330
753620
86576
565909
273612
295529
716915
509530
931561
995739
319533
39238
939352
137660
34972
889497
170896
427464
419461
939118
629886
13578
815537
279402
792134
546398
795335
883022
626744
954705
560007
959980
641745
847780
804001
103991
659819
157616
588848
818163
841346
657955
610966
203403
380003
82536
606452
432577
605491
344869
4678
658752
40089
188766
179674
232397
810057
859831
771051
334492
55598
577238
879198
200447
691187
923111
1432
289657
847599
456377
844858
108913
910123
376710
926714
134210
260432
444816
310751
546031
859954
487014
732249
220532
735155
911814
700794
668791
514517
332764
920149
263261
140832
704361
866865
966714
747436
574207
474538
912736
916876
927208
812645
674008
925335
538598
227374
553839
437076
961110
237936
871655
612353
375982
501968
849935
159808
893925
221734
858221
642143
521010
949592
679383
791682
246764
286037
735457
578991
951632
269611
734320
45366
48289
925574
419181
904635
627818
266950
273046
817762
493727
700987
41326
961365
67810
531712
95637
144565
235489
572017
504434
114842
936732
230602
898956
814089
528004
313629
380856
625
885823
197424
250669
21282
473992
264049
329331
458443
476916
417878
700346
342318
434511
875989
39623
577954
735333
587005
192841
155012
616604
207472
757450
654012
37822
362621
452225
589159
339605
400222
464964
558118
717167
406731
771290
20930
32450
921592
724270
120506
528360
216626
68128
307244
108299
607826
242934
485980
435676
657499
62640
807715
217020
643574
435769
488374
484542
492295
997753
450258
808196
584491
781128
98369
730693
791952
742332
974796
872497
231794
686627
937342
136171
84270
437644
652368
244853
25092
647936
631798
713002
273134
9358
296453
812964
391639
389764
355135
601469
998458
886394
376637
711475
200344
252040
64823
133413
9557
802391
296627
625722
656432
279829
313096
394721
120477
290114
624270
352306
320513
227496
115493
934964
430730
119335
19678
603384
786856
329838
78409
459554
735915
665926
385692
573511
391546
211656
292732
701682
812269
763503
37483
685185
665288
585416
113295
589357
105173
962118
721819
257191
856925
541362
211100
170077
29442
677823
700066
245787
319164
475643
793801
549007
776046
464418
209059
372389
502692
812813
46083
3921
541036
161032
631721
564651
244430
785153
187525
43379
155368
732507
181994
29622
955115
474274
597520
158538
949356
836377
574469
72435
274216
186416
430130
850280
287959
118034
798150
798255
892139
433178
423553
809701
254949
826853
355359
727322
781716
775042
20191
684953
393452
139142
682414
9669
974527
745213
763957
562334
671642
945531
174076
999779
877183
797904
222841
365074
752954
759321
851897
287243
523170
305011
685994
877970
698798
966027
441795
207667
809713
726033
283856
559424
983219
12555
518749
251574
526766
445958
658750
374206
574562
974439
142266
134607
877461
22175
33618
849200
868587
84541
468273
89435
977117
430685
338481
193278
392217
805822
491655
55579
445942
176626
37005
381710
628306
772142
195051
585519
80075
514305
192609
769421
672918
661218
191730
622491
505407
521313
701680
816167
884157
146880
654497
981893
342833
885531
101195
999370
425659
748226
441889
24564
690553
621223
987914
648551
307549
308466
292746
162642
180266
73075
174543
854768
33355
233903
66586
192939
869968
560347
135880
644507
978630
861415
379261
211947
913649
890097
732972
666332
90536
62106
861700
827556
35790
81334
690362
856238
87208
742557
268911
421381
964512
769182
847487
991179
763925
862099
29286
848739
891869
317712
536590
275951
135384
356085
810681
987443
309746
106211
743687
936856
987252
78859
775013
375117
900168
172514
772754
631048
235527
287665
664015
249642
422400
76616
274851
46273
581384
228307
65096
768359
899705
791300
809333
311687
92105
328752
671113
582784
408007
996790
344849
71458
65523
444057
424246
195733
210939
670511
393414
579608
734286
922611
689885
437479
851743
886901
261359
736886
985464
248177
996917
516059
23224
878396
108210
437832
787499
439578
588385
737205
697284
115117
838077
307420
240697
937992
429804
838494
72891
671266
467657
953859
158097
134886
579981
841951
643408
743335
288345
221648
396409
943153
284962
301539
151407
469435
54713
445206
817747
389368
982134
505336
473854
621388
921665
151277
327898
188700
439932
908814
389213
504830
604688
650413
114212
573456
32467
6005
679144
330020
303443
947056
579359
11097
769474
547299
622321
330117
119037
996564
422485
65934
332090
850924
364168
761432
624334
632183
3114
84696
627225
217351
150453
955719
77903
991801
821146
738611
866531
162511
607482
990191
622866
325372
999293
967531
680073
87295
575891
899230
127731
340967
964165
180191
177699
372724
753207
925524
836955
225310
212924
80193
355383
882095
224598
720834
727033
678603
829577
548820
26226
953936
732634
179213
204425
371672
782953
533932
457323
124251
456680
972939
548303
586290
2359
231921
368868
675446
121886
218436
955098
866951
578470
650971
980042
609065
135380
75698
508163
301448
431107
460983
222706
537180
716061
816065
967725
917991
840245
112992
873628
883675
761348
690319
802052
239002
828735
736326
498993
258389
642897
740396
184960
639637
633594
642730
852551
540632
21572
327323
40993
860371
176605
951327
629657
756887
87254
569487
1458
270286
461815
478218
97168
895716
936124
470766
772103
236674
15217
362019
785343
794421
201957
732113
796608
418157
253454
802802
104992
151650
519097
959041
91398
745937
533355
98769
700762
252965
756506
689787
366923
795312
76097
550512
826236
555480
388132
801709
535884
829519
553632
460620
968192
279482
841005
947062
622352
283699
270132
655286
474635
196842
824135
143721
861927
22054
266241
528914
203881
218345
82172
997322
239597
597490
613352
840020
562835
892956
777550
331022
194694
536420
877730
246148
140970
474312
397886
953247
116897
964298
246017
108603
40442
836820
679043
334486
472312
392565
826931
878755
311866
541897
390864
743679
195980
92983
800256
589435
858569
941525
390928
489623
960426
819174
156553
78608
762672
445635
247851
113169
401002
879895
597705
439173
868195
168195
55617
805580
764268
51299
532501
138379
393729
503464
986731
400606
224027
59300
806749
615273
732498
479589
311678
804300
659500
347576
757610
815604
921414
268751
176137
525966
128541
279101
328608
360343
149433
579485
212115
688976
427128
863059
817467
644173
797043
50282
162720
387051
9679
229277
143571
72609
93986
756337
606315
191664
271935
531775
628570
817204
943776
829584
770603
582365
722607
595041
915866
663671
765361
347589
996687
542884
898703
682794
79033
850924
461507
978355
668227
273003
946971
393285
944758
179432
173997
623326
856939
138566
822232
678175
816043
920724
542706
271786
141669
612607
402323
729382
551243
265575
762813
674527
8201
899662
521575
136523
341026
140973
7396
211559
760489
274273
777077
784192
664346
897155
739368
715598
258515
183765
43754
830843
804786
617815
56496
125057
449740
434618
644094
620848
19974
957164
869651
30159
36180
312914
990961
605851
863884
157524
8012
567467
581542
485713
81743
264883
412754
309107
86597
456871
898870
802398
754666
720119
190211
815938
579151
13113
407091
256784
884516
323685
704673
10378
307749
189881
292740
416690
672484
27069
540617
978788
384175
973729
249741
143744
405661
635010
805492
667775
334970
146955
316073
689831
294796
978488
556850
605913
116418
559222
521838
284744
690424
141671
488814
905540
678121
323585
956334
934836
15282
24662
853295
398051
982719
818350
662386
209073
684180
289360
582354
107305
662714
840544
75007
382899
190404
463650
75667
711968
411197
871388
800018
166435
719663
50074
654467
144159
725394
165131
540197
735131
547600
244937
582800
77267
178929
783222
111018
560488
783592
28161
510018
508407
195321
406344
719436
313222
10693
750744
503545
980571
434868
708751
804210
919143
501821
525987
195954
405152
76309
233083
990846
415340
804209
89467
980993
159417
212026
517213
542408
927081
895821
637243
734998
930411
869611
246761
645157
583461
739652
862590
385274
2701
809627
809396
457699
818711
107797
633893
127760
466184
857572
197365
193036
770538
385355
681359
859670
434264
577293
152263
664928
464249
78390
136479
354595
875593
949957
230629
479453
888211
568564
554618
494184
291259
831334
703149
466808
483319
672044
617733
241073
919390
869492
199070
204771
341401
529295
133226
494755
413814
118558
495513
216967
68123
1624
863507
340093
22551
36601
450018
283528
445268
7626
354157
606105
42857
841610
463775
292550
435788
770934
133735
305513
652197
89914
447000
349720
523645
136500
662448
29052
346709
177313
966325
949904
235667
971942
225723
455928
726423
758845
928451
744891
169644
516346
317950
995615
36507
298553
233583
740448
795033
104742
153262
752204
606176
701225
571144
974270
496795
536364
360964
690229
756794
958538
438272
2064
343078
711445
189434
204072
668046
345860
767660
258122
472416
969400
766030
749263
633044
614953
687423
812250
929698
584817
891966
318382
333716
996725
481810
741865
812213
25708
492234
441953
920617
436813
146143
307354
404438
733721
19061
927905
524672
529538
892928
511944
975283
124919
897348
801085
231577
374989
981684
914185
757291
724363
343548
591587
800004
810066
338522
526574
414930
666151
344615
515670
770981
446431
46964
460290
117866
574054
204431
457654
567601
710507
975333
931977
693353
862828
447169
334141
55598
507737
864691
908864
587257
885351
454284
129854
15542
274996
508229
680417
677555
984082
30143
375526
935668
377203
795109
66653
522723
197615
187181
431677
117860
972532
116094
15329
35527
974666
611756
773539
748951
584449
468318
203604
995087
959866
483921
899733
881260
657232
280437
128853
351646
249633
970549
47591
456920
570620
73300
615934
493383
582185
758899
28488
314335
974543
224175
749797
560528
337926
498471
759939
850519
588986
195611
904408
273074
227704
745711
290298
896876
516632
440847
258270
243734
370823
877742
300459
260566
739952
635815
872122
164185
609671
258372
923693
550628
527538
992476
761385
393928
347540
941270
230897
111476
132150
224204
137184
428452
262868
278092
510403
49143
457858
601912
533521
30815
654137
192589
837319
404018
57987
674880
106404
354461
164862
440580
821182
479095
598160
796201
30080
171891
575271
776222
417281
560432
204587
269271
532737
339947
16323
248329
12866
563348
564161
424594
38273
996734
245675
730742
306703
394031
464935
833861
77137
408407
346754
79384
980304
716318
611613
509945
497470
129558
940980
933346
431174
91024
471692
798750
133710
749130
882233
320525
269196
900102
132233
695171
745410
842613
118609
205007
677527
930514
447761
674456
171860
355148
632390
340067
448119
762907
50445
763314
79095
428724
209903
152007
834262
699287
74381
89863
243292
606406
5865
886393
185717
517264
959374
646061
63081
385483
381470
405689
596339
105631
588726
208927
878337
228927
989759
401931
738568
879475
385364
762423
117696
884881
34507
414513
281347
243467
324706
221557
15998
186401
25928
31476
739409
458935
964421
615350
274313
396353
976134
937371
108855
578010
199817
820925
483053
578677
459553
170865
733076
438570
301927
419117
790253
580722
675197
421507
78946
337262
103552
940939
506568
525281
640329
494943
287860
644159
426400
81152
219575
777437
598527
835671
749239
267655
13822
865813
935211
170416
784095
987259
60786
69252
259256
13366
890513
362650
494521
850978
466183
314565
22361
851183
9999
209226
475554
913889
197042
48107
360725
551025
742086
944226
329147
2065
542727
927849
673865
659597
519951
813622
890671
260365
602101
728581
926397
261495
81664
125645
901298
273521
614535
327636
836003
604228
343334
870366
361221
446748
45086
1217
258391
597291
539594
383188
198894
387886
892346
237766
116062
565576
762478
962186
3778
97994
602673
311024
787177
917588
40847
628303
682717
753109
480692
967711
685073
931309
451298
615651
457318
779316
627534
995267
315546
9044
746200
159607
915662
963665
960742
353824
397810
535017
559644
472049
546383
477143
845305
955850
302576
682609
622865
514469
851758
940593
927330
51753
909463
998416
339222
195868
172154
379086
120341
992950
509714
926543
822531
921168
9869
601183
256221
432699
255671
680150
542443
2605
186440
795479
334179
408791
561734
228466
268570
348690
202712
696105
17127
931639
854889
279440
460630
493133
514741
779342
495302
793437
297203
157696
790432
884386
75359
511932
295668
613085
756067
333874
247730
156549
737825
512815
265921
212506
104928
78843
79615
374618
545552
942563
705494
453133
283387
172497
915767
781243
172491
562519
576886
934142
26354
993290
677890
800434
527353
761803
537087
452744
159209
272609
873666
714426
657488
140738
833128
336857
784240
925105
588819
836290
33930
113472
706563
502703
515138
133943
6669
435305
121455
307917
416890
583067
37377
138899
406590
550978
423055
407600
356306
857025
646909
647879
975217
254801
331590
420341
282028
219734
632684
446134
647851
473292
786489
413607
692481
40608
468592
137318
152234
283419
896469
336789
245092
57
961686
694590
856999
559896
766613
415440
744257
462668
656083
277256
259730
705615
55994
266347
482466
698646
901831
595951
592282
546111
52754
994106
247718
434405
850171
2818
741604
858582
844787
323667
770441
504988
675108
702255
310673
253240
942142
495311
499360
447661
781791
225800
126330
281144
322078
284873
686620
287453
558837
715393
942197
133468
992456
685725
58564
664259
46038
149807
282127
456157
105019
803178
992829
531208
581407
904266
619153
211172
82047
652112
336707
959911
351382
452523
567036
448270
666087
835570
636526
991022
468330
275086
994639
894441
391889
417589
439408
246907
6837
285265
903870
993460
151330
994047
45267
22400
320763
808114
782778
943010
530700
972984
328830
226687
633579
976277
680877
762007
438281
987531
56558
915982
33690
958843
337148
37160
666655
324901
61502
744020
56524
319052
740485
125855
383067
969525
317729
176329
488429
609549
256096
66805
341528
360042
295972
479097
620561
139370
418912
181270
619255
921464
494703
321281
490490
665773
220433
915808
285094
509458
51202
276624
243216
894980
313785
812131
345051
243121
709498
401191
327399
454398
48728
144737
804056
433995
11595
40985
543102
678030
720233
253903
7014
519964
836229
497547
208380
598086
81057
252434
837851
972768
676240
303797
777651
83293
500333
38275
607766
184406
810353
520734
202335
558889
199989
792235
455295
801406
971845
618403
442341
570469
231709
814663
483914
109723
460483
282480
612438
169516
177984
921668
619314
751026
81340
760260
817451
656251
599861
925123
147391
719305
915932
355506
727368
537842
467212
508310
317314
41896
849448
851610
860155
142739
353295
552448
203414
104410
357503
176115
596603
901313
444547
425657
502367
640941
481050
490948
920747
590530
698278
157927
902092
56685
135437
971110
609750
173117
387824
845030
841173
608044
962502
2243
716978
403132
932500
606849
242239
152317
920459
543066
138335
851435
36030
931893
972181
676468
401918
175288
394663
87318
903572
185332
344494
52263
431642
302591
729149
971694
104182
200095
240556
863471
722036
484770
791872
732485
898879
419467
754104
250087
763324
225319
274551
835085
543619
517629
708041
745451
512699
835875
182355
917340
359953
256621
779484
631514
622421
543937
318322
516842
529457
948550
629882
582677
218374
467707
840984
672208
318757
294436
621558
393917
214374
980382
442293
276554
838569
460820
520430
408119
274983
516746
259364
120054
814771
293783
141832
980715
249171
201135
863079
256083
210869
779358
774132
621760
15184
384529
318254
231746
553496
566543
962221
615074
285853
329989
533519
819720
164481
672254
188985
241020
443476
964273
568524
224009
316494
471028
871974
51710
21224
590223
816210
369678
697495
756651
421133
469143
82342
867178
767222
162943
354351
27600
813009
101947
737717
881310
830967
635242
441569
272319
786526
95389
190487
928604
398785
141498
981813
243594
520556
514678
708904
64291
769062
853887
507306
265714
49338
450812
322012
236424
815076
204780
380987
58539
570645
739115
846466
26030
821667
904659
8349
792604
289488
848255
661829
663950
302582
198827
24636
600348
816652
508279
900007
391152
600599
4874
467971
971062
779823
495443
266245
963887
837804
556651
401874
790821
93806
667543
620888
497465
178950
935785
935047
456728
256197
806341
156912
271436
489822
389953
625272
634863
432058
256038
819384
88890
535065
51988
434869
790075
801888
325121
982263
945637
678531
60386
205768
653441
594255
261794
173835
338243
720212
716623
127286
151415
307886
413396
740269
404314
858544
504097
290428
438405
241964
578215
561009
461124
144416
936959
186644
846022
701248
853098
567492
976364
69659
127155
293168
498308
738669
193777
606318
373199
500482
322601
870651
895038
481346
577616
895504
397500
273245
803757
438941
344101
830739
204509
768677
393940
841120
13552
697973
952985
47107
7153
688770
969738
689962
85700
344286
431344
441340
848103
113047
478370
12546
893146
910828
159920
678643
8155
225133
563254
127066
413195
929262
362192
428710
14956
794599
983340
217614
23948
269739
563834
332767
80123
554691
830273
278307
79223
754407
254667
900272
922089
502168
740737
843018
977928
811101
528593
341302
564188
709207
9291
700700
191901
427139
97291
610391
16250
822988
375313
941533
930165
774795
184685
527942
316715
186844
104085
447739
899954
691038
778009
422268
664795
452806
642989
467661
837974
394464
752869
90750
900469
846308
655744
707030
482057
649649
340379
972763
344360
438825
436422
530305
989520
408296
415924
697197
249510
640545
281164
72548
954135
153047
643100
811540
78688
703158
40941
117119
763624
914060
663217
371200
510986
487
225497
632508
759217
998475
462915
444198
937181
161616
735121
583406
848642
651734
328917
582919
853007
622566
974632
924755
648332
355367
402842
194478
80476
525434
67843
200148
281954
406322
964600
862576
912512
597875
949722
780610
575227
455078
296392
253291
782522
424342
190068
926680
201645
28970
501971
254409
544971
476607
522606
236413
840755
828257
760598
375228
624564
33255
511220
797248
831976
707048
948030
928577
448251
980189
181382
726492
567882
28629
585069
913887
803430
66447
578228
796083
532279
657719
326579
852327
391357
598464
663266
642133
230258
358490
31572
45683
851084
808593
502148
646392
394718
617474
957768
351144
747742
656954
854754
244798
664705
851372
924150
870006
704386
657551
840789
286324
936578
174802
620087
752084
223946
218941
567112
14735
392108
514277
280665
140742
712903
942923
127991
395374
74728
347731
421401
649113
970382
763676
303858
844893
837126
310400
918311
640611
265525
466025
150747
2446
29492
391438
475941
404357
412501
649161
426083
583007
235076
44823
617000
498922
561801
783467
37456
699096
603754
979503
472053
101511
541678
755224
312442
230187
597820
441316
211204
787803
787041
709235
647497
361844
448368
805951
224128
78190
549635
762810
14328
171513
909088
379971
164933
151891
246328
609988
321941
1705
377609
271467
780640
355047
771234
952322
170046
266782
81158
743853
800722
672273
47018
383232
711076
66524
342297
330170
374477
732162
855608
620642
544203
493586
428515
586237
322548
886644
136117
147497
356488
392597
349799
282
496607
416109
414416
806894
410561
523369
252362
357486
61716
97594
638389
472227
158128
938362
523733
938643
88399
402614
397719
201111
788256
599068
66161
775770
49466
600130
690598
878704
629614
467408
909289
611664
653429
867212
115737
955120
73224
738688
248811
77243
348815
807178
943206
188466
75633
179328
187719
15196
51722
105469
676804
338667
849274
571469
462894
553453
507546
246641
503215
610603
271114
360975
745843
439714
976934
344057
312292
54747
547991
376600
948173
180457
77765
837365
813088
624575
707178
543779
227986
622315
974082
255117
897508
284531
130911
118232
155133
465995
665497
544948
242867
102447
248610
687172
117737
654563
60279
40808
51602
312005
74162
43299
54228
355340
870524
239534
723463
854559
682657
615576
957148
402452
973052
244056
56603
311619
185297
57585
72708
809287
419897
56192
750743
267985
713016
716133
558000
360040
843626
475980
236810
439937
307036
639319
409508
113462
858744
43882
150336
545382
980376
284690
201736
918506
552123
892434
427660
687215
532309
731212
683494
150325
516608
243529
903551
890019
463697
556453
179242
452356
42246
384666
720877
240930
890651
242855
858337
434877
436539
206684
969903
951784
847059
910405
703226
789761
12483
542001
151195
591691
872174
666333
526663
658346
955889
451586
181198
589114
595248
796792
639036
530700
879308
191493
926242
6205
811121
793287
918447
60661
138955
864633
15287
3449
704984
716709
246742
554414
360537
634406
868334
241451
982306
810777
843659
987001
459537
547552
484520
141098
845723
479506
383755
52498
316162
355203
829835
735719
625250
989675
806770
691057
35115
860085
721533
128237
147817
841574
808320
392964
747327
417576
427238
219555
327603
919347
114134
96567
127394
736791
173810
663174
995668
272039
102009
704109
489194
130437
826380
44210
437044
407687
470030
641733
247071
769603
378660
814936
890892
102077
815388
159959
920059
521961
953193
363398
256870
578590
787724
274359
253994
654554
873743
567076
968608
101164
260332
401710
127819
201154
120586
887667
913001
60431
387751
693062
950636
588952
22033
363022
908291
897052
876750
629436
623761
762974
834843
892778
690687
317456
339025
251789
949037
730334
950052
380823
211267
83092
11974
893164
826214
280300
448553
139454
881799
883384
798305
495623
18261
470440
349031
339234
877202
407353
789306
728583
982339
846011
263391
578657
780929
938108
453002
264910
303533
148438
301653
468338
931841
589394
671597
735352
714433
64760
229964
208871
489104
375797
377248
717788
627550
182119
854795
221162
325439
417287
432516
305226
993303
650483
335130
635969
381874
899927
148057
727949
327088
146615
242757
421451
330589
903132
915907
258024
885151
189273
663959
189249
67592
617145
175176
553306
544524
390408
477920
296696
249740
851898
808784
530716
903760
579963
706928
755228
238228
825555
513187
654111
979897
492661
831257
480564
721180
527142
262766
837711
866948
986565
255791
662946
463989
341947
622333
716245
856161
442559
432523
299553
241022
902726
200514
738510
601971
425926
265987
694663
853932
740006
350092
918295
590349
168260
738036
144066
480834
337250
145424
190850
304181
730093
254456
708829
532249
553132
210980
83359
312292
325378
550255
104441
178521
647391
825918
898166
86403
199497
901626
240086
692349
751939
429368
70857
654766
845271
915386
159241
22035
2117
265231
107796
683381
297480
455701
795589
181881
546625
244511
20046
796630
91075
357745
805461
430881
414266
95144
139496
303172
189368
676855
463645
893709
664222
618956
607754
637218
503843
551632
898141
43987
960580
637582
9818
200840
153032
14123
942960
76057
88943
911507
673846
694588
590198
147637
886855
77081
288138
528676
814006
642746
307847
847262
997488
389342
863147
241130
340781
700525
326619
661338
951442
354693
822226
236464
561447
291186
398114
587933
23472
819453
391528
197604
49642
971995
57233
203294
195235
216070
975426
112534
57462
772330
179433
469012
155363
663989
587870
203639
995271
273809
283829
961723
172668
325614
456290
44827
138511
264440
558857
9168
561050
861288
852578
253111
85118
281399
35974
664272
520511
681772
97816
315747
987836
94806
681042
50365
421961
202326
256491
843032
685867
780180
27170
515480
489455
113170
667306
56370
220711
473245
892658
253863
473922
888095
46544
147502
860743
34002
190281
898288
10990
461263
943551
159085
953435
92421
995832
857724
437368
747077
943431
91183
5293
521081
860121
496277
583423
931061
330142
748568
737986
817509
660945
937671
510588
382630
899366
948847
489880
728114
905552
128418
66372
452915
196204
397017
220199
780664
249485
3573
218434
626885
848036
935777
344034
204420
566092
884180
369791
474970
726256
441715
308725
582997
593690
627795
15644
156161
791256
320924
496262
530650
324621
17737
810196
444059
55697
201867
872693
595957
692806
901518
424317
477531
692472
40467
600990
276538
927472
571196
829253
110662
790294
227302
13523
682736
65472
164016
388662
210420
198043
798107
2404
311374
108980
476490
876660
428620
820452
477544
154264
779071
819606
986856
957051
516555
881910
175335
928819
348894
873592
592943
188643
116349
74242
233365
380912
846842
914231
410498
389278
860354
776417
676046
790918
864787
699834
492104
711478
595210
443544
257234
373733
257754
227122
706153
475473
145817
143059
970563
902967
846836
64857
737745
904814
73987
720042
844708
104865
986231
324405
787756
135335
768304
569504
678235
725825
970284
788115
149031
350639
335065
517280
181615
447471
606859
764558
321397
244179
754632
506753
316874
790782
302145
425927
667399
513659
478364
986241
554423
810745
668268
98028
882578
496295
853442
590923
976740
563112
319837
251635
638733
98739
142460
650035
413857
360843
827796
424157
48559
477589
654622
638069
703647
178907
867656
180470
546165
282332
462411
299451
959602
200205
766300
343057
936217
81584
916412
496470
668687
572240
669482
850253
41243
299670
247545
820546
929486
781387
336316
102164
428988
19051
345949
641316
73000
217122
57421
834969
83326
242982
674901
572429
2809
662768
123019
451543
665253
689624
688289
732405
155966
612300
858328
355478
64184
359724
76242
738946
14104
754886
835012
102311
2495
933289
431626
114433
676935
220456
61780
696804
149382
964269
856126
268969
423152
651895
485822
240307
124249
384497
790966
222301
817175
953712
633130
889026
422534
444809
926219
54440
168677
258829
132530
378377
344093
950243
765096
227328
97634
920448
353378
308685
289458
802501
467850
898949
420411
371124
423288
734297
901081
451536
409279
981440
197245
619985
791332
826628
470185
430081
18986
569702
869847
100406
592777
199151
271610
920364
343997
533269
943772
74686
933498
835590
326694
825153
119356
227475
463358
832254
964605
79740
288650
431497
292800
851540
940244
409602
31563
845393
145222
556392
186289
818290
476180
122837
530829
454349
998712
506842
822731
836916
4313
594679
222176
15235
248389
214007
15066
881481
860189
419814
285521
165393
821968
295280
312765
97612
756223
470680
835169
405596
846848
724689
998054
230527
283775
559997
977218
317526
975166
954687
902039
730001
12924
711871
752152
995642
345652
406074
132838
219482
989500
925698
117241
373580
824334
435609
603385
223260
680292
72102
891693
637658
691452
628050
40970
596993
15227
961026
232301
713471
541678
64049
271973
732705
706347
112936
441191
736221
635798
616029
521956
82427
227968
828454
620088
72032
704425
799256
192889
968248
267622
378368
104432
500031
987742
939901
56868
22381
490670
648761
76433
11772
370092
724034
882808
102679
205961
15113
537424
779616
309328
612789
331802
258654
153035
206245
110930
588354
425988
548801
415169
720724
597033
486331
107248
244159
770889
856232
297143
373173
379323
715445
737523
73920
783581
265223
867477
700711
78842
308915
404695
70713
688581
524759
313034
895353
827842
927187
124556
121509
146692
217767
229397
13605
824977
400235
394160
444685
457633
243045
736966
633935
420549
552266
226965
42944
764069
209172
759232
138501
754722
124540
784705
211802
178266
670293
729338
624126
426569
924293
394216
972415
415116
329888
287544
402909
417282
850402
541940
9694
593099
523337
472854
626606
372594
14285
753085
937520
323303
385661
295421
819557
106085
982008
382801
764919
662258
96708
676268
600355
360261
198734
715181
776962
282177
191614
942576
77426
996704
919414
849280
501477
300331
816488
463659
350982
365413
86481
19311
504963
561160
94102
614608
393019
351463
750521
126795
408582
892274
562744
712548
707611
390232
907714
563932
188962
774471
534295
520895
588695
351887
642747
265177
888279
141668
686358
553032
73739
530242
538027
148909
944110
251115
436467
974396
584252
252684
355093
36851
690745
839165
713221
611048
290330
660199
311478
345659
238484
347457
296893
437354
639360
29427
351492
86722
377640
813659
272615
769907
554993
484205
273902
494461
788964
433077
727080
862599
823898
988152
710624
382862
119812
166904
795263
258682
502485
617879
706814
168460
983500
216915
840133
287092
213857
185456
22245
11520
556811
253811
383599
295982
507052
157066
576623
590242
694939
984329
204744
694515
417227
385487
370541
452895
433628
891207
919545
126943
151806
502474
154284
794902
157054
88482
333891
34659
414639
889514
336371
573973
902198
515473
37825
456510
158001
825853
561665
407584
418564
975819
723625
805444
446530
346549
17360
511018
108405
357069
542985
571227
709067
205286
355478
800154
591389
478034
896139
794425
157084
786053
230081
609159
497754
636312
548787
181863
210995
171498
555704
269500
699798
777633
713757
160128
599347
501006
955230
464308
496579
466350
300225
86322
198447
81741
193168
162206
768414
619462
617713
290043
373726
691877
768355
976665
351342
144109
927575
41452
777573
994293
590441
715449
305091
368045
185721
193897
409619
797566
706027
784640
400825
511695
703735
456103
998238
300069
905133
673125
532660
159522
756873
192620
371496
969454
797102
148496
272868
203315
410563
846547
608574
304194
466407
312795
940352
202451
972242
952517
391956
160233
476617
394386
662540
907668
159997
244927
261004
494224
633473
331443
446933
538187
172518
850514
502062
966980
180790
893423
899440
849871
788553
661918
495279
847925
801542
549222
906432
606008
79354
978197
458028
49524
631566
68526
55664
462816
756200
281342
825837
502516
829601
973837
859506
829029
737886
348783
468836
685260
105741
152442
315016
317732
762878
850
419117
716594
649755
155487
559097
78975
176390
265376
840526
154113
233230
637145
423896
98008
75597
967144
913589
541300
165536
887926
97666
559443
182212
796744
77887
929576
67017
814453
653534
486359
848246
330866
806189
586333
784122
476425
576924
387405
195530
126185
750189
987445
5531
286102
57849
622047
554430
62401
52569
653683
333587
180722
758327
441850
592747
141409
560113
753789
920958
617637
41830
903564
40901
959044
13985
490394
837494
305001
517344
533830
717338
92979
605824
647476
299724
625385
668422
339098
965648
361228
368972
953047
319629
193605
837574
921213
861096
176318
788272
422127
39551
147277
362518
543782
615295
999114
537407
642510
722211
215553
566135
284365
269641
214211
997368
932323
516530
339287
796340
327852
993238
163662
820354
396291
532066
607540
375522
829761
626384
461794
614318
695907
177632
344817
356640
429129
333240
816265
897914
438875
809109
425495
222230
255686
575917
321949
509386
69988
144739
186019
719799
552506
835238
350859
532207
417306
404391
78466
260224
210857
777205
571411
650657
958075
311094
47957
160760
633050
3588
619141
637510
896934
516449
607150
659632
656534
651609
856260
604651
353052
609011
415633
314626
998311
995475
674631
77575
188290
467887
79283
292180
864538
32172
184467
589949
760797
736980
689150
536660
212157
232374
849665
192087
854547
141787
326155
410170
360161
719136
46782
655565
518256
766837
766309
412555
318808
5872
584901
121406
61406
734415
755660
342481
996791
915721
504678
936116
890731
144591
508783
117222
808085
359972
465347
771490
475143
423894
684720
821480
213066
748824
618445
68390
318466
280125
133668
530243
23984
919251
820554
713609
285458
98394
151952
640749
623205
361567
8530
437435
79371
464826
730540
926690
792007
621408
306829
20826
644068
92902
853091
384877
256437
622291
952502
137065
872248
570528
498321
292641
402132
216334
636314
594010
288450
179684
156611
869273
494600
260484
617945
283655
263775
625129
513082
204542
660918
493696
423332
884722
154575
470623
805864
674943
151176
921766
706301
826314
918388
682097
526448
128983
309672
417847
629497
695079
365970
22146
13929
707084
391490
603019
620864
554251
753997
180785
249436
150891
878470
749974
65099
638368
235949
673558
135809
289807
901156
923621
437413
513278
553692
727684
748742
499610
14799
627168
751851
943971
870054
749447
104327
212920
391482
82887
434379
430715
205623
819109
995542
40928
934877
347831
51976
605143
387616
284319
432308
854100
427248
668772
104755
429495
555603
693614
575893
107997
425453
425246
19379
40322
738466
691016
578400
821649
505490
295310
311998
110923
949955
92826
573548
31951
433117
279159
776285
590091
6350
691149
606468
538944
857805
270007
672171
192235
737148
860803
376099
676309
18279
532549
792790
853497
138922
367128
455736
467021
254190
330610
246300
585647
423635
287971
542627
601069
877866
835946
163599
967281
999321
346804
682742
710023
186274
263474
523601
68877
108733
165909
356404
993590
341217
339625
304984
762874
355618
460491
479380
317854
129652
511817
364779
84443
177933
390164
393598
479278
490729
550180
718754
581115
444967
146473
118988
863775
227025
164393
13417
199825
431993
564474
506058
109235
544126
237406
726461
781115
856110
679670
16823
418552
611653
109285
553773
801924
52884
570946
709185
797957
630077
255353
595161
621663
403226
470335
691148
469626
258430
681391
795638
619883
384275
817734
311019
962625
835874
332471
510472
5999
149554
27244
36773
99665
872967
101211
961126
907868
545548
452352
384561
764455
917067
436540
651258
928400
773592
501770
226489
485900
611342
553306
288317
303567
17073
895884
112219
929108
420403
511114
792446
855242
596370
574274
877730
488987
653790
845759
857756
255961
245016
342499
9745
419271
319094
800195
46599
784322
139012
890079
966872
683659
395748
528252
531266
878065
570358
739616
202268
932959
973714
175786
69156
211648
819954
639499
445171
276362
308781
962597
312529
860014
428830
216702
148773
602203
4835
936289
955909
138473
919233
270609
911404
356777
689189
965163
982729
490950
450054
154455
500532
927639
18086
591978
284987
704069
357238
278620
651483
480916
539609
60641
742410
748687
307905
669605
878833
901972
640374
847337
626552
704377
281077
965877
560185
611034
379701
192057
323862
280129
528708
997956
581094
459376
353552
809376
426890
94925
460354
407240
964382
602795
783749
577094
243211
326065
916517
129197
160762
233065
940562
602480
717475
584999
423555
125854
768259
686611
921463
355963
751212
416790
609302
597820
148278
598045
419319
578974
944659
640013
202555
135779
518209
195587
772438
142570
893720
274246
69038
525482
985859
43212
759579
145867
399819
355366
201679
983840
66063
375944
679567
513221
662544
946809
343071
430162
995881
435027
196092
975289
32732
71224
88067
738050
431814
823249
744879
443039
676917
478148
641600
770094
968528
664434
724150
975372
706292
959145
59708
715024
442912
860525
416418
891307
379718
557982
245059
479642
897602
562822
521990
47237
449894
166017
162431
864504
172980
470409
897013
575163
538085
328798
207935
657871
453606
65806
118535
844808
740322
193702
270384
181698
629690
192117
720084
711169
781266
662073
166
441513
784965
376361
949367
559638
135096
358046
979604
807385
645772
853535
839372
447504
929197
761416
130958
30305
363847
527765
795825
820115
584921
41808
516302
961032
975394
258325
410760
697435
4727
435391
579500
23762
601718
35953
498867
247040
197653
934531
102244
657722
226324
571014
485718
289587
621009
90230
459476
426359
882234
38267
628441
973504
38620
42780
359034
710457
659354
261761
248931
247244
927866
690530
614521
123882
929370
317330
52511
321687
997888
242082
458772
867054
136014
833971
369018
10617
419668
930908
829682
995173
874432
159540
246562
235365
149232
961212
370520
201126
595432
847084
843656
286954
366815
608536
516081
171140
92980
443455
578590
428398
405950
61040
815369
733706
795777
421530
224666
215092
536572
632302
622733
896128
276895
682099
184945
662101
927513
593254
283020
950629
90128
127179
444316
591240
471338
433044
851256
245364
652552
836141
864789
657371
52947
471906
6629
391905
837934
151406
229978
682553
189771
697697
610761
379035
127001
102188
284969
116451
924059
805068
866746
229449
290772
324497
30594
51705
320671
992138
948722
361231
472795
496591
312040
814577
636355
792171
764814
594632
229979
771172
27295
406107
47942
748072
989770
933450
460725
566357
603183
945509
633274
159780
597126
281127
354938
958707
24287
277074
330945
535023
441796
627176
47664
207643
654842
37507
792593
652415
340454
613778
572235
684975
141709
578736
971313
958518
672052
667170
597620
475936
509670
103917
15289
972833
245972
596050
311813
485989
626390
561128
216021
141685
294736
504404
403275
750467
611504
733926
252802
528338
819667
352275
442050
199044
411335
236491
725967
938561
194411
106679
646172
656770
391027
725713
975773
275959
713224
104607
841018
615451
547084
894797
374367
283858
348475
424166
837360
171899
689773
415023
114842
477464
167416
24480
944581
53591
746802
235007
896997
830909
271443
292187
782000
705198
281529
206755
963690
144155
749894
5729
547164
11784
426404
666134
247587
958969
964073
21490
171684
386360
209813
720752
169565
299078
771256
761100
793751
506204
419633
431970
225976
76124
382865
392741
557108
284825
458653
703096
526948
225599
986994
260076
733615
642337
745923
953495
137700
8093
538431
727181
357354
893806
613390
19454
88590
866126
554425
586156
116156
185286
130793
751942
245385
559251
783879
1446
654957
697655
221507
558180
436942
889305
692144
875221
221047
641241
169485
572004
61479
555957
183135
525322
142150
897681
990393
3437
502835
11174
393182
802131
301496
462282
124477
391745
853727
455063
738906
950772
389150
406011
666318
760443
287341
26652
93797
469935
599801
170789
185637
615120
932721
634930
791918
36350
992637
891732
244413
22353
491598
937153
38090
427029
994192
241115
696530
908197
540412
291739
792815
324322
66187
279770
226594
297041
759877
764988
720563
826703
43383
283513
15599
782193
363331
767561
722193
151164
660050
261292
188219
830781
544164
698515
52131
425159
229639
4782
970123
995463
165798
876691
396328
54085
91833
343432
177636
54329
168154
573485
857215
945352
523064
526793
306576
266522
792356
412975
897898
187032
968265
320716
631130
40903
801144
338000
572876
924412
678945
991735
393101
595707
423711
277299
372715
165104
490602
634040
356664
516361
348336
830115
597550
699374
681725
802888
123308
847646
266518
822742
10078
12775
212838
848937
461692
636546
801040
995693
673257
874440
521955
113065
855419
215701
277355
376367
804058
56568
554404
271519
847297
624596
311498
362643
883106
509718
494348
487850
790374
27794
417886
244276
138770
597629
429294
610231
173189
28801
539246
575580
997342
593217
912400
450425
397434
125801
561360
835324
856922
495728
133227
959984
526820
435629
562989
901679
269568
653971
136808
936677
418275
19723
674816
533692
21672
209260
76260
791337
868122
205722
614039
613331
543758
787192
620396
396635
283565
634059
655312
566732
896784
648236
244289
217825
348868
809321
896029
507757
580909
527610
190357
665579
862022
98843
284480
567138
678726
871946
136908
489205
385374
554399
972431
538053
724127
910787
299771
24195
535993
922574
290736
327125
509151
788609
3116
169572
652422
58461
819614
361408
872971
991582
956312
920497
847156
872151
856098
708763
683470
88363
766058
147788
161078
580901
906522
135270
503732
613941
736514
161892
801026
828168
298740
655626
554730
47106
3887
386669
689869
47067
780787
625372
153984
770067
688179
922730
462864
976851
846569
462681
339366
788834
708419
914661
310278
466112
166075
18346
398961
947235
983684
921330
224555
668939
203680
932895
902359
869444
727375
388145
599614
217528
701089
120757
61678
483630
868589
17163
469695
114019
534106
665234
19249
478787
844250
561138
24049
937668
190775
686661
7930
589664
346629
676835
241944
629613
143031
916680
679624
996570
528974
739236
695868
582728
372780
75328
297339
85378
985415
13960
261796
61019
966969
861241
795282
228131
473460
322215
56603
428741
40466
108587
914227
481152
189258
946217
180782
127360
116927
783226
881123
124568
301490
228154
588524
810527
907608
653039
271177
448868
287303
432852
872676
953551
302089
867714
813807
728021
727123
718266
109609
749143
961424
989329
607488
863256
237782
143160
974289
736409
80250
612583
879947
150035
456383
157158
751025
495248
176169
653816
897086
489831
489328
326436
537378
644562
765968
358049
26091
353069
684733
845597
306495
297998
134260
400042
293445
822715
58349
295878
556772
576780
397101
510597
264099
579230
259639
195421
369264
168689
463330
347406
271676
857887
105222
653228
651011
234682
907344
633674
500457
160128
716981
648773
14912
919549
992451
771690
720807
661438
228371
88325
435148
778157
105115
625735
706961
424590
453408
862546
540364
112597
885320
91941
84457
645729
180685
229727
512619
744921
923086
579697
253839
343458
468864
210853
275537
365946
820609
603013
413960
736628
969165
514857
942508
924240
574857
188129
999160
428534
166845
671995
883306
649039
539231
635633
624872
119233
38794
101426
432701
477253
923022
95435
50240
855398
2913
443634
611733
723287
923378
598639
373453
258161
21342
628520
85993
121289
495420
639687
212604
643819
178131
192585
499438
879413
577707
974246
160732
628561
459200
41881
978909
870288
169875
388811
234976
770848
746268
279456
445553
91818
943258
554013
182298
7050
628682
33587
723878
367276
575222
106541
58625
857535
949348
966131
214011
32153
885231
636985
142443
442087
98356
117895
650800
788111
290851
98469
117587
366308
983413
393826
280136
647621
396220
572353
710867
396691
117590
569857
206152
225100
347003
544328
829227
986121
45238
277739
298421
997456
195953
462748
327672
212247
565544
186545
307226
591638
882560
926925
841469
40839
603696
266093
168319
540221
258141
577489
31389
69662
650436
995908
893362
247359
8145
356618
950686
183194
226700
200486
957121
52462
845811
641285
19239
396916
256290
491018
891966
675833
218415
454263
220418
304413
525330
418101
398585
622630
350785
773184
29146
386369
443675
27633
589897
156119
914234
359145
734717
983816
509931
139927
164419
969671
449850
473639
386971
894482
37798
319112
428352
985676
833011
560983
160006
673592
825119
892781
271003
886484
229548
718466
288687
351120
905116
892092
51760
905066
107963
511512
291054
612519
900310
38515
462174
21487
148425
332086
419130
536326
110006
629724
312133
187299
529106
64098
594925
216367
511961
910730
868489
540315
870754
349451
513217
880990
556109
171224
630796
235018
435864
380235
990420
811402
542865
628910
976567
47866
974822
724902
794279
858403
587864
323773
4145
79505
490510
766154
847643
873491
38790
897535
819942
563983
344358
329743
415218
159295
323824
677242
575169
406156
347540
401974
605267
28229
612896
830844
428465
936444
562835
142380
546246
148477
808271
868637
308647
980588
752172
946437
117492
945338
392873
492866
927894
840836
802557
667459
976744
233736
363724
617877
178866
292804
668277
329038
99024
862957
74120
196880
846513
551305
557525
73082
551419
321513
619871
665137
665932
2695
129008
683334
391068
35128
539014
512069
500606
994957
68267
144473
697285
248204
990498
760607
325827
73158
570493
475077
642157
972373
209676
567134
371930
106932
980400
703238
907242
168827
37773
349805
128707
203381
730845
69825
966711
830623
408418
20348
868802
708032
794227
594055
891183
919264
786360
468490
948505
994150
518577
790225
982415
847633
922544
125724
602513
539859
585191
819075
2231
722821
462876
127108
58417
624715
256249
809195
334889
152902
625983
163228
704965
126831
450907
23424
710984
999126
236049
218634
495512
985976
928917
991141
368922
820982
939640
796988
61049
358200
847935
908645
575302
675357
527760
618731
832378
307677
3270
187510
738070
229118
430436
658649
43627
881136
721509
486584
383862
244933
120945
377812
666531
998927
836012
134965
215986
174296
818025
527091
948215
358072
365884
884832
982971
813591
180141
873621
140032
30592
11913
393624
668258
585181
267474
143463
38809
257685
340246
318435
690331
727359
956253
624220
221727
738945
175676
411701
189947
345993
109510
323636
660142
399655
439778
655017
808698
574854
491000
247927
675562
702726
87045
863108
364146
456759
26703
116153
422451
239283
370418
668214
41565
514712
958360
462870
607471
412896
205127
635225
231962
239776
105364
827828
270339
566490
483189
730162
876328
102654
863796
994757
66778
351108
854912
773485
344040
591263
598750
184900
732700
896158
213180
877859
348063
23396
415014
550645
74807
650562
409362
501782
971121
729838
59541
415719
358042
351715
131576
615153
474855
807252
255782
174771
749428
311565
183740
596106
487465
149929
396291
944571
824953
675178
735994
676064
68676
933176
807691
500525
97885
691065
609824
161567
909989
104393
606479
577280
604694
260246
792881
369369
19996
172635
865808
342004
848861
12983
736062
995532
21722
451817
842434
289875
923821
361451
648110
635488
436530
448680
918540
11828
899586
876826
592055
976039
647643
901892
75653
210100
900379
856137
832418
334045
443435
322792
448696
583228
170617
965781
721610
589352
671581
916021
241248
95808
186781
552245
413981
994711
897996
543942
238572
94076
728077
928313
386585
588324
940533
5684
484348
125495
603918
774927
552143
95284
502520
932494
350817
234433
263787
343610
494500
506451
681239
264030
99296
79542
743340
803291
381002
357817
793974
553193
262319
355258
142431
846442
68811
212042
55576
229484
590711
632764
411027
279292
516798
613839
301288
962785
950224
950837
946135
220220
703823
67327
450349
403962
476487
382440
631423
803763
575995
562491
123411
875490
279962
194401
147295
406465
695761
684171
189993
743041
396090
655992
794381
648867
158065
74211
797341
642870
170823
584845
418338
13997
288528
1250
140417
189404
42647
398923
856441
641871
101554
523855
196297
313031
212528
895014
402031
17874
827246
285404
634314
694278
871177
125215
600801
629722
13037
416869
454652
793056
302988
770364
905392
5923
91115
399919
829881
729305
875990
841810
863935
615493
233844
246827
303483
654124
304309
524733
566323
241201
151207
324530
871329
998671
582376
671204
253042
201651
502326
975304
365866
426804
192547
896823
919844
967088
282916
757018
541431
637892
385544
890994
905973
296935
669317
814210
694221
922532
694829
997465
949200
187186
209793
908544
581712
710641
509276
790844
945189
535939
662608
508800
102281
661125
892814
756850
888675
637609
408190
97112
79649
835633
975471
905631
566398
848394
891112
59656
701347
740675
749917
745519
196394
638248
131517
91257
36541
980415
795048
250714
671581
172830
574
241921
484287
4199
462995
583648
565520
569826
756159
353947
28313
257525
833361
343564
179838
369538
717091
667313
625121
973661
984904
70579
150308
954217
45922
142228
331083
658318
753361
379508
118527
840408
850374
136191
563118
787823
66101
860150
290192
822895
319145
707289
8965
145124
460401
538606
598874
848611
32952
956337
281067
454471
99762
686424
42658
733063
602419
226882
587229
484529
128346
762171
807790
558597
656234
462830
588476
526128
278649
256232
386374
217892
595008
234565
393480
729552
358227
37881
312822
145665
608876
157501
724709
989973
704480
358739
630793
739543
8115
141560
448153
958972
807303
175718
848143
900921
20207
895107
573003
582655
183521
697449
602839
313492
524746
521043
983557
80015
392252
731616
522229
193776
617603
309255
738419
899034
476501
802072
666685
654254
169831
525163
541602
731268
204700
443111
709765
57736
929816
967153
457089
51119
609203
783854
45671
393109
143562
617527
209634
663413
860719
804633
793916
36164
785088
162245
946105
864170
237333
157530
956769
57886
2259
125709
300827
703516
484445
692339
672117
893702
430699
117803
805120
493589
381106
373035
735768
238010
46979
793061
911170
134869
756592
218645
606318
793872
726248
801386
239067
962458
846756
629518
656346
137788
225850
510804
688746
202201
715087
304638
909122
35654
413738
388327
167470
23172
392227
742163
108305
428246
923258
347729
570953
551939
702468
147083
860911
305834
945983
80170
764285
682941
983495
350376
154827
760540
847202
833011
247026
215758
634357
366011
51601
856606
330842
515865
392174
113296
398473
619931
202868
462270
449906
155056
98074
41748
529261
358957
578277
797604
861769
354297
674820
901287
325249
436763
162841
783185
129165
71838
695575
315728
895700
422367
34182
875680
541566
968179
602339
169741
666024
895607
213797
789895
772849
100981
32219
440859
626033
620655
233201
706132
687754
191052
220626
324589
33430
946908
4647
83313
825216
297930
628029
225329
538606
25373
837700
250402
555676
374122
254067
639953
663492
328794
731209
180291
316985
30420
427439
35245
900884
595847
954298
500492
824069
149077
725388
664482
702667
971103
563354
409551
256382
413865
986568
391752
326473
196394
614191
586806
521014
960819
696577
590765
704226
289145
54788
134151
761167
394177
608186
174877
996632
83431
329954
109601
944127
632010
583638
574747
98658
812375
366037
565374
201485
982577
567323
271270
275561
713850
125613
809201
927441
386561
361905
888823
731525
13128
289465
49127
697399
919792
990368
439359
117571
466179
13389
993063
717948
328862
242005
604651
393506
914873
354365
668052
277103
917909
625244
134433
633232
318656
16095
413159
719601
645832
554919
431170
374129
956154
873613
847671
101621
80853
389125
743592
561944
366608
646624
753586
298880
630149
553579
14887
542220
915129
795125
937123
934633
360904
771182
649485
145412
546866
12395
261804
560346
108412
774791
429475
726379
596356
823715
456267
390604
492133
457037
27179
479964
480834
772862
294422
733774
310643
149117
125602
320230
310218
490722
525312
528831
869185
353973
855037
544392
258369
957877
732628
437583
957649
87732
777133
947701
850073
698975
328822
872194
652242
412828
818461
337553
299533
780364
649191
783724
24348
181360
879856
502066
895969
966056
780863
487093
308401
618389
460037
391264
211044
676576
956659
68949
566587
162004
855541
521365
4399
544039
559822
167193
612114
514966
898641
409405
294308
834734
291321
700956
131509
602534
135398
86583
756657
504425
166772
99278
56781
799027
147450
818577
618381
703505
891804
2736
305967
837834
554062
332559
679671
453532
786917
122709
441944
923871
840539
657636
121980
162823
148575
834531
854193
364037
622807
663350
24752
159820
62387
342863
879050
669937
976303
398686
563249
394091
906789
614756
871840
196090
696460
889381
309032
16613
617873
697148
689368
47387
163792
188808
810633
70331
580847
708548
665795
51183
952087
21813
643087
716339
738256
844988
211547
833972
467320
75851
715267
383507
846432
768756
397890
325384
131972
10333
229684
546852
781540
303952
152455
536494
848323
900335
283710
631151
30331
412805
172641
956490
547259
705399
27909
944131
147935
945241
469555
533280
270570
576861
420664
876076
58467
340070
218185
653336
330953
458490
127696
610365
384947
577942
996759
666173
980617
803356
611152
692167
184025
498664
98686
686136
498583
742976
570820
449631
507508
797225
896648
330329
451289
499862
193860
833627
287232
984572
349225
198286
997999
107585
356144
790229
763603
698514
350718
752042
725557
116756
16818
517094
841307
703730
795023
590495
244669
168661
754177
789611
110306
570866
887182
81155
874071
914429
901658
510276
659724
672763
655126
646799
320459
603829
377863
363599
183190
70024
212398
213786
496475
423193
900378
262129
646678
181735
401542
276898
917508
875577
327407
597773
380287
857014
752695
942659
270651
410899
996335
271689
989467
50918
215749
253501
685361
526938
81545
117008
872849
591740
252829
896369
869008
112625
458873
541579
691102
430410
435289
946468
804797
839728
292996
622310
356829
976570
706744
606715
275222
987997
957687
957009
238145
501955
861608
17661
482675
628660
935020
656124
7959
284977
512446
652500
209511
436896
610182
923416
945799
437153
129082
845899
89662
808638
535153
579804
738322
524609
32006
601040
274174
644448
620453
812670
164242
615124
395381
329267
540520
308872
332002
271926
155326
928044
445062
280997
629045
851816
32499
482110
950181
875502
647775
928826
576858
261992
931117
632659
324464
498897
596628
267815
190662
874272
390574
132404
227554
257310
143711
211971
934113
463513
259680
850402
438937
211889
887655
144649
70157
839503
54773
699615
430348
35766
87483
246612
925286
287985
915818
68398
213580
852716
585558
423522
501827
931487
797766
403736
648005
118565
417626
166354
524788
21035
290585
371365
266235
740035
894039
496805
719236
698072
663167
456351
688079
388220
770691
581439
670773
829789
914717
86162
784186
475479
966656
16678
321672
384035
289760
611598
236686
342892
499483
28290
454517
105410
764482
287267
873082
130984
945288
749083
617068
327944
358470
501155
404036
749638
906089
128926
722460
331377
230009
301411
882510
852374
269894
81240
102122
51567
108145
146553
930259
116921
22164
9400
239670
247395
392655
236415
331112
513954
474992
833361
13212
174817
515070
331342
146045
213206
576994
586581
394734
688048
245939
906884
310620
151788
35933
753306
981500
683399
209645
321086
384998
892878
842107
203545
820302
477073
52212
505373
792027
963574
483842
374057
434917
529001
819803
617157
840656
100017
447331
710024
651136
629022
669247
35417
167671
220703
126839
903634
136722
471280
367111
941440
84893
20400
271874
693639
372174
948304
388324
244003
357797
975079
207410
216329
81629
366947
983440
618091
466127
190299
443359
889499
530980
953791
637776
713607
844597
262577
189834
29666
979137
335021
315956
618340
313162
528994
806559
837095
878092
157029
220947
593202
671451
362107
553141
535635
868632
418324
146514
529125
741391
8919
87562
30642
787953
167832
667995
566385
322857
521319
466825
534448
190556
657410
465831
35149
605122
286634
856901
988062
43740
11603
694071
950833
970257
613236
525117
466733
247209
938815
590484
335191
905636
874283
324632
488241
64248
906668
601492
628796
839206
680452
789672
493983
570232
595763
370326
856800
260697
374410
780009
849230
70929
529694
778498
215745
23003
769239
836288
150522
288420
126696
528779
111908
559266
387033
450557
951420
989263
373759
939438
457740
141953
686606
888539
229714
434600
489925
49331
923200
592995
804615
949501
940317
546431
903562
33512
137289
496973
210024
737393
947485
961630
343251
268587
481712
242653
943782
631918
767351
166666
468630
143326
638340
211343
353607
853271
271343
599040
781499
651186
207314
916404
487589
835831
114349
384442
740956
140319
610219
110906
896875
837124
552636
160298
748037
550631
738273
330985
461717
913822
183686
118716
26932
643800
302857
604130
874548
71374
771929
43221
964121
32904
221241
238048
894824
315337
576164
851927
59927
694361
173195
897528
171555
622637
629882
536989
32321
30772
740760
797722
128236
432512
29517
668025
136285
561039
560574
131471
114457
90102
698867
642106
273892
614761
317786
623354
683411
636649
112229
65834
73727
383882
387278
121242
945301
585760
27770
438473
371147
135814
156283
326852
74029
51210
511280
178453
145813
100536
260359
357226
778233
569602
91619
482436
665567
120265
727449
330392
951339
262986
306323
122246
180568
845608
868951
239987
313861
565905
932898
780869
989927
995728
726894
162938
842269
618863
185555
331558
718753
464199
729610
233351
908250
774630
964492
924742
627022
623195
72664
69261
741556
593824
352084
246463
678055
423013
301259
234840
791351
600565
88341
926755
564122
684679
433812
473490
363008
913764
595866
729469
127812
182127
460328
653818
708158
862998
341586
603669
795829
545428
584766
546604
569330
209632
465867
509610
878703
52661
66766
303902
355695
443455
498807
18679
102631
734687
817042
834654
789082
883035
348010
516976
495490
279845
706184
178326
794474
39622
34905
722883
897753
347367
445357
684234
387688
479612
314715
533466
721205
602190
309571
505687
563824
786467
200812
412757
246034
212811
545035
229235
255470
763210
456933
313682
375264
415261
379531
576433
643554
827435
842052
771943
454653
267273
601482
606524
641563
757930
77354
892643
331835
885409
684558
250456
27519
534805
421464
921490
983136
169088
754212
749797
467457
45731
910128
747128
245024
981898
604696
123230
15401
622135
617913
54098
879717
687790
901432
138388
309072
328477
585691
341466
277831
30949
535700
708341
508064
687817
900382
771138
880468
262450
540416
748681
859415
578268
953519
197877
759625
469281
440401
166384
605572
109088
831323
668762
825749
67722
606235
333671
580552
487176
968530
385363
58333
593420
179833
98114
822487
18291
632932
302903
115634
110228
220228
209457
967924
805288
430343
661917
595548
887702
742106
993788
190263
284185
832206
272211
306322
17360
672728
932361
910282
372834
990259
644256
319999
952715
168544
409107
819559
128520
194829
905032
89022
815643
424084
16241
310107
980923
587802
923141
407519
548252
193496
939863
417734
336854
701814
194832
266207
455412
608531
135629
705944
419164
342690
396951
859251
553942
720942
520123
781845
853882
939005
237766
355709
833339
664915
607967
188882
422986
805902
228673
377236
227368
575982
276115
609269
267851
329783
532837
761153
811372
320623
120393
5240
137131
599171
695500
865532
370080
585478
620688
315749
174015
937369
558407
103026
947495
516581
785230
356251
549959
244997
823331
939458
719341
625601
824005
820935
722029
525237
498407
201402
956650
313809
740880
241196
387652
187257
398930
402142
172574
974541
676452
634907
340682
213059
535455
431970
6228
104303
614674
989051
632104
997284
503298
165610
2272
611573
966529
751361
621294
838357
678889
139152
115747
202908
322549
929208
599066
23658
456829
128094
606403
58918
131533
429691
62287
70432
482976
667919
932085
204885
904190
366133
489056
706064
930799
579474
464949
51309
800347
41127
45252
997753
136192
21638
375370
91189
904654
926434
376864
585978
595938
806591
40389
18678
204061
646408
839683
42580
633121
122367
907072
757050
710247
563663
483299
492716
131520
375677
910688
147085
137574
287357
813922
960198
898878
298849
435220
360639
477037
358188
607244
195787
576724
989125
221973
621216
320553
172743
940376
642243
992371
687733
768358
399810
63202
335499
231205
96731
138568
521199
203860
810107
164472
613447
965308
706976
359866
686180
760501
746719
18408
789659
567378
803906
598248
551604
125482
323017
757957
112764
73092
795665
392556
497653
643934
519058
44865
306030
708058
676291
302812
128877
497158
406232
629668
823176
771526
972715
870597
330771
8800
308601
208721
744499
267876
921603
593137
857041
801078
447636
842758
902763
988153
276067
452640
871300
897050
125966
829337
53756
750518
789190
331535
361082
265065
736266
943997
175365
780596
368012
986102
329010
407754
716592
426685
952376
998199
955890
285315
802975
220974
469158
357757
16663
39853
493019
637154
388581
147087
439833
265406
572728
724142
132426
993462
23642
270898
25333
391641
193858
331387
401829
226654
918790
890727
500456
872320
910701
587904
403315
72435
462755
159045
626595
120385
28613
962067
59422
578246
700316
82864
753688
167492
788263
522933
462130
421284
238993
536277
728572
834634
614402
61518
832283
39379
186450
634218
549510
876526
208023
805426
800682
671060
578847
231216
389038
121509
683385
187616
583569
206945
371182
548595
422574
115455
737934
610047
206753
211373
776868
596998
411332
430565
948619
986528
531667
858216
834010
451400
475502
564635
645242
570817
50620
168314
846233
805731
669995
352125
487479
478982
722454
566278
235614
324169
232704
766723
872238
547136
776957
637350
464214
212280
929328
425406
54047
22951
549039
233010
977442
972917
907139
59802
569434
142497
569483
672762
786196
557842
310719
321372
177219
939259
74642
368201
975792
47273
860593
971620
635022
597548
601449
13666
252651
72991
552485
345065
870339
49942
785172
671428
619695
781924
98345
491329
619963
248774
228348
502568
991957
476144
508942
197016
223904
399857
203562
748735
408808
960645
164006
204789
516401
981687
310473
820214
397864
217969
35910
876538
226939
447522
832359
935539
991236
754634
337349
255395
105440
709733
665395
38295
644574
62385
738619
957379
248659
704798
82112
963131
414155
931986
660995
283468
934490
657174
194305
395189
812880
678240
569144
82373
751498
206077
426570
182034
212517
420507
349371
270035
243918
389424
358677
916763
590005
819403
360363
976434
957984
371765
635002
468562
570396
488323
775339
81723
622350
103995
809396
454387
402471
149473
737951
370142
300726
414365
64483
942645
209495
11594
885678
744166
164745
801949
135684
987657
497118
96048
657473
973178
505355
117034
735098
143063
530271
770189
204674
302615
327377
248924
310472
629701
185905
925031
266270
697112
106433
933237
232852
497265
983773
466124
888003
908145
740949
335263
894246
127540
831579
638485
948194
779693
857176
822578
199398
891998
457817
180132
218541
958901
466854
493036
962976
284990
433523
988071
770713
562633
927664
382456
770051
603609
233915
768404
741213
611206
568821
776042
178461
849328
492466
916717
254385
120672
552074
301631
886176
809020
302028
173052
981007
748135
161363
682271
381472
965619
9904
233429
458741
333828
787206
280540
938067
103234
651509
595800
134049
462202
843438
1330
645839
220114
944614
386413
46419
760679
46310
957383
759054
757253
99838
806280
286861
718082
191642
311914
432044
543607
698156
815844
126806
260892
328649
628501
12199
884095
150160
818378
589874
902625
512197
742316
807710
443629
653948
813385
413675
499350
419824
887293
372371
21323
82931
111356
355083
342874
849664
125055
893352
578206
861612
791497
782047
792998
339579
999445
613925
654052
416399
920094
507381
757519
611707
325578
46384
561750
280182
631476
474782
50688
86635
847829
552402
379621
944685
512974
3180
758658
196808
363220
265336
273981
537587
755064
851380
165558
150049
653842
175920
750790
648246
690889
904013
718679
13527
741186
618151
559008
721562
814051
148047
999227
480349
501315
918129
214692
747442
135024
976917
671632
732600
188956
820225
621608
254085
770084
759419
255392
909759
127934
437675
533753
197450
774911
218399
273039
804187
204615
736809
102495
622635
811594
998115
829593
227656
203067
48787
592926
538950
219222
46441
98519
437842
433546
317541
365105
376678
392962
479317
256312
707800
880527
204092
492367
79246
620468
684687
628746
623116
241741
773848
881000
544750
584668
318910
229168
166129
521585
589084
833318
223595
849078
257805
8362
293723
163861
896009
406510
243739
375814
354344
524498
923954
863864
232774
838174
607814
737051
380352
119131
569454
555080
22810
416014
436070
957710
933058
915090
562588
299034
386735
594577
979303
786434
81700
796767
109911
156078
309329
618739
282791
44707
88600
276994
651471
734637
639021
329594
513718
837737
911318
989912
66757
60268
965842
439270
731607
329812
874774
185301
528588
863017
600370
385906
478269
260526
586771
981576
279561
959626
175329
644947
235342
291342
812232
558108
155188
374627
593045
678710
801507
255953
25270
180627
427413
56622
267940
840259
948997
640929
338268
157451
636487
876754
970568
145182
751473
640688
993789
861818
588599
162334
536286
73378
657173
854587
995677
928115
466533
149580
18529
994470
925776
829384
58500
587425
695073
149696
658931
212986
169013
531562
862457
921161
281679
922313
897749
240808
209864
676026
966983
979850
108515
984156
112490
16949
879934
51933
372987
485277
628325
961374
583415
971422
772801
443778
343651
320086
801262
438744
575845
292830
175338
503138
428368
221539
761769
427906
166845
57316
407429
716864
959188
383242
405074
686586
219818
715487
666448
382569
583364
61100
363897
940299
692026
82164
960635
756467
320183
244166
418240
710889
725725
221571
962728
559295
760133
925229
69208
622577
191396
422887
509996
306936
555785
206223
732424
859691
896898
510004
523532
678482
501663
363382
526821
577801
154958
482617
428416
834510
573029
262661
740506
998311
408831
22654
289972
978675
440573
337850
884514
769547
191854
718724
276993
339092
839753
665325
994056
910372
310743
159753
28664
414606
738030
645325
7661
917580
540183
404675
442263
554312
802897
719271
380802
207559
598767
519074
764752
84978
844828
565600
315657
714370
409663
764944
977865
712584
75641
341879
852696
42711
241163
276594
977686
279567
277461
904198
839573
736198
620153
810725
661441
530324
12190
639296
162042
628219
560977
847043
842498
501361
855877
179186
288978
555148
451771
871966
821447
390345
610877
231555
378106
825081
810948
520385
317421
774665
353913
638773
244576
134892
951064
568244
882756
608999
106225
26724
154567
317497
64649
994038
422542
532900
816349
274755
235329
914972
925638
315586
574719
376075
997880
244260
40050
347455
491044
813580
128254
557105
333502
38190
944083
317107
195289
755459
681699
637109
488045
998950
413101
44019
551227
30734
358262
703
458439
451625
493145
754662
819140
781329
21558
902018
947982
536493
141062
900060
671633
414951
907983
942267
93895
795013
475506
228173
347038
585191
248162
533681
192439
108508
671599
623903
125259
105696
15488
753141
324840
670646
843232
16671
203673
330590
414639
307617
277220
483380
627065
274948
122669
979813
545891
535771
602104
349710
60545
249904
897420
976114
249733
767120
791538
724440
639699
652528
272925
813823
842991
916155
847651
545727
825880
743865
616746
852414
669230
96157
912862
293835
854158
105259
405854
61146
539582
57284
635638
759325
159428
888143
386375
709499
176977
168646
225155
378671
158939
824794
599125
392960
344072
631364
369245
515992
804166
865962
800473
971652
393527
329450
793695
683655
118794
761989
208774
950043
222181
326827
865573
932165
60478
998879
246835
684308
879817
118214
369998
139317
640459
454866
645079
614390
158350
369733
272058
320277
646061
591652
152267
508164
333839
135099
831052
544572
856688
386567
761291
22459
617819
861059
723240
101148
24820
458258
715637
790481
36849
517701
180790
203711
297065
231562
240839
534197
610053
634930
599389
64842
185427
82845
884260
876051
787129
35461
279944
383806
892550
317411
43280
974351
503716
697473
890468
565044
662634
469277
422191
495046
783054
718327
406751
296351
558648
173240
69129
618386
235697
922111
817834
11659
465338
472968
542089
33924
461113
872827
654584
79713
423950
397583
525560
46762
937028
893977
57084
701090
217380
148853
527558
882888
335843
137231
978094
672105
929147
171151
600577
565344
745559
550047
456262
345452
531367
330906
814172
793452
654548
687122
603071
571449
219533
480190
865705
590240
119104
27454
687509
761851
81573
366029
672095
893995
746804
893698
386119
858931
928759
895811
305684
436660
677114
101511
17237
275777
105310
50757
406018
293406
597645
477246
679298
282970
773383
782180
522566
586502
691803
629350
636370
459793
802290
409625
408092
760641
102726
199940
347789
234768
510384
742792
303588
165153
835102
318762
215930
183261
357922
909247
950304
315631
530920
562099
335652
350232
837248
181173
358387
156591
273113
554818
289560
270713
834575
292557
793826
863072
917723
124360
365796
16916
594025
43410
189462
854907
325447
254461
360665
421014
13049
794234
949272
733809
264297
341604
67658
360710
457979
131749
126931
379120
522943
92681
972554
524871
653760
885597
734230
883228
491001
174787
605809
347218
977319
478358
265999
229591
604730
616052
838935
258302
518053
84524
622096
738747
703573
526597
844823
216250
229310
524777
498252
742172
480912
721517
433229
831439
713801
302270
286746
991432
906660
286889
734616
207968
11183
141766
666097
167112
509050
496386
548824
544810
94699
37256
948074
359966
373487
448588
340592
959174
146955
911476
485825
192711
303504
122915
108293
192548
731821
531426
295572
651256
966430
148909
911932
851856
520770
840920
683425
251747
716683
814172
370495
386351
405391
6466
516684
633009
195579
642155
670521
885247
292518
376185
828566
983174
887683
128286
947861
934300
851377
320959
507430
39105
829869
800772
873922
226167
491559
79103
412420
830843
353650
689718
295665
122911
903636
38415
57112
63045
877117
121687
707541
554490
826389
355630
840623
697324
344814
668115
540001
876425
164633
309192
401270
565622
103828
733026
719437
780201
164257
175983
439548
736164
418610
850627
982673
801807
577855
879841
421812
348656
652922
479811
741928
474377
38362
819463
117936
262606
361044
523958
244366
351617
433385
440113
663014
109932
606680
129338
591746
266938
698611
685596
33327
444403
383375
619960
904132
920467
634133
330286
536962
754757
474741
549348
751063
360769
739963
70262
457853
919743
989753
17466
625792
849046
365220
593582
243420
224886
32763
706945
742852
58750
311458
402810
967359
385979
612749
450697
50989
246078
735831
7337
937768
909209
167987
985070
46598
456758
485561
101040
824826
146131
101538
149332
995098
605662
23119
532084
642747
55144
807939
118890
460600
261129
565426
667390
391186
176657
992689
395497
163761
774054
84044
972294
336073
19647
937910
310868
15064
978300
847771
88554
692683
922015
44242
158904
668096
821675
790190
546101
229479
808023
8884
52330
280257
536687
66470
223835
817802
128264
312382
769933
552884
894174
571254
252409
511176
742924
424900
566603
686833
617766
488932
796951
982036
466806
895117
919257
782743
758418
951493
350631
818563
937175
244560
274165
124292
596356
697604
960581
158989
2357
854648
201961
315416
695545
390299
223542
527307
442067
625568
707783
463927
559818
123351
797099
243449
932653
694103
301996
998019
9447
798296
327485
701941
297274
117789
438143
792037
433563
6734
139568
779198
624746
354723
325808
853444
315725
3965
856689
208885
866920
232143
670331
192523
784123
988217
949082
17503
502743
14517
475621
587431
654014
480234
371563
102112
560598
910622
871995
828487
774666
450825
956112
793472
841086
69252
960215
658010
43116
766112
472095
713514
516640
1172
900764
296211
684172
623502
282136
375208
348745
547562
559159
963304
34731
732736
213733
914472
637311
71832
511582
95822
657891
310520
785369
220409
620738
180958
382034
878398
77995
288970
128307
140750
295054
442419
675358
352051
522002
578777
588697
766137
672853
311674
209367
177449
966657
417758
184159
970800
292232
993613
462235
952991
392060
559201
46528
411852
148876
378934
469716
706005
850591
11005
682337
656837
782470
504368
146356
145614
264418
592544
964946
948790
27218
424746
112248
721807
603286
972488
99406
42462
314373
139459
59943
621662
480295
238982
786295
435741
66864
807310
687442
576259
481434
994622
484765
40754
963869
194384
628115
783305
124302
18597
549110
646915
136209
697404
989904
854525
635836
573249
40932
848405
817546
493949
723254
898606
505273
503724
76340
55823
668161
575084
226560
636075
576753
924433
647835
909755
926375
679125
126639
669192
196011
855725
657209
935237
610537
109303
766417
840472
214857
789135
741015
417337
191853
265600
108796
832435
528518
5463
352042
795336
758867
281492
569425
447602
388152
335354
464847
751747
529463
156102
978235
55469
50573
508092
731023
351134
164203
106460
477999
553668
205135
467188
925466
291182
669887
944335
737388
197715
869474
915147
728717
662955
859323
939016
243258
637371
372738
73980
566062
735278
175265
401700
378732
6495
523080
50837
3628
153972
108845
330673
760415
994148
646563
590964
616609
246232
896662
677422
342011
318959
849569
999371
775505
250140
782924
493710
898286
167274
215653
924380
480618
711904
904441
992245
505462
452800
623408
389885
206084
277673
965378
719032
564309
362972
31962
723477
40224
175707
277765
385569
104604
790125
79575
167900
684971
170623
908826
357609
739427
100005
89524
532574
98489
512509
624852
234236
948044
593268
344792
796152
795468
45410
836671
421048
545925
339089
339910
619737
427340
653531
847585
295597
876356
929521
581143
495426
933069
289528
348218
825885
20619
404557
572546
913670
22094
632234
796614
767613
830051
354592
791958
333962
773110
544836
832119
634930
973154
947046
819132
940038
969047
110460
268605
213269
443431
359134
517047
459393
269421
810987
320832
604207
670682
288905
156325
839448
719837
398665
988322
329149
75950
846056
174396
761975
605944
667313
835007
843244
503201
273729
626000
903902
600759
626019
899822
81885
5112
606809
206537
4893
910526
704444
974078
737186
367365
703546
895983
874007
249179
724863
118588
770622
597859
773487
53792
230210
672645
520271
223658
353257
442869
161475
599125
273701
939487
398194
159751
477257
213740
316486
782115
792921
318004
858639
797963
163386
161152
208711
362613
995528
519994
894704
52392
171719
13108
299482
103764
514993
845585
725568
66188
753005
847764
233874
436129
697185
632323
796238
696924
224926
230839
193863
131415
308410
761539
254152
580728
638715
678079
12434
443659
742191
421808
187776
719227
691353
699861
960908
411181
17286
499472
254506
170938
221117
38703
865234
40199
248852
308887
672987
534850
986463
541260
396611
415098
217028
564959
700107
476635
220970
774197
503103
609157
198928
262383
830931
716873
611834
998011
999977
969664
815301
270263
279664
577799
752348
87869
646246
719770
657283
879567
613117
959052
131537
685408
176348
517024
65403
489853
203900
450952
737226
899863
371123
607671
541038
201005
109518
469669
56045
264474
236246
132895
447796
208056
203637
68743
655118
173104
211571
623407
404274
19488
88089
927630
833782
298535
932470
455965
66594
867728
356031
582353
296032
719448
192337
882805
516751
444061
256211
741603
897462
942950
835831
260127
300693
680265
547999
923023
579223
287485
465500
413339
91685
30973
448913
158493
517844
486356
648566
696901
490622
935115
282553
546316
200686
604397
149630
648339
421237
369908
728455
802008
277785
102546
752367
903251
658989
119709
855633
338739
782844
45975
718598
272304
359967
793625
825610
740109
726446
605852
675264
521964
460371
270052
259788
504973
456378
349002
216286
651237
460517
128612
34575
978775
480923
474515
319907
506193
943744
621096
936943
550022
798912
167475
385940
116355
361829
674666
446249
517040
77001
866035
797559
784614
385253
45967
863965
727015
194759
694114
993876
364350
704930
909347
595661
635252
316479
925148
197431
842092
98002
317022
227548
545180
20647
537605
400107
722728
852987
912419
862672
900893
285416
719436
263039
141702
316600
935998
586896
97710
692378
622634
430149
710388
399793
297123
541671
378052
277834
426786
14349
897399
26982
20596
940798
62217
137398
110401
636718
834739
870757
123577
915941
972389
763087
753436
127293
766882
424463
573094
248202
809911
306549
979286
289556
986649
734807
878938
608703
492314
405950
14041
720460
912008
416130
360156
299064
218018
907888
808986
865410
410680
997031
185502
804682
8862
182978
241495
913045
992844
43311
20284
259117
494229
906974
345818
954725
837378
781334
841147
519547
26123
731553
205428
669590
964401
374504
500748
43502
284091
881881
617988
935370
849739
725444
176904
925861
884635
298757
226928
717290
918554
512092
18739
617439
530205
871961
207785
947870
557700
561394
299898
367293
265898
70199
828457
440399
680136
135900
906743
702468
226791
393845
452917
969963
649343
961985
857065
7768
766001
85853
299292
50401
527070
361178
860479
466626
763938
547688
925815
364896
798001
415345
688204
31275
344588
813954
989993
907228
485343
519908
723921
360414
295994
54089
25055
508489
235754
466274
105335
407881
260851
168269
321551
188637
121197
260972
555220
542651
406713
657617
933050
996754
181662
83029
843363
530663
626371
43272
802923
48097
499915
319874
202702
898016
410953
479192
966967
9863
677022
106155
415525
990362
346550
83674
464316
258627
949595
735639
556454
512047
889140
273047
835172
330773
290527
952803
118325
57559
354982
798988
807137
453697
393952
712443
126370
183726
725415
519910
117040
852489
20145
987551
768808
103025
268813
899655
158168
704438
19900
638495
847081
615936
863594
315583
671209
206544
596423
540383
324213
333278
980423
27346
179520
89888
498354
914131
443970
671148
179240
761080
966527
114292
608693
364931
241394
362865
637069
955672
738582
166491
618660
425224
969810
558100
678508
940875
560575
515300
727724
750029
533271
644127
749306
136095
23803
793891
362325
859470
359136
529598
556321
453585
200216
947052
410175
492443
376249
828477
621640
734161
107052
677653
600039
221462
613331
313486
935568
970625
59928
390328
681953
300144
745679
749440
620755
387126
129287
442222
499612
191600
525490
49672
881829
783733
497710
763604
323875
157547
191471
46459
249301
726518
666571
689417
766872
655500
979746
180753
67818
918436
389928
989934
406137
800397
580305
887332
249703
867483
162264
15844
548957
274428
312427
810926
227657
607400
428342
823121
178293
737079
697994
615502
866053
781068
626154
513371
634957
485359
707762
337027
66061
351353
855461
287786
290506
189480
84049
299886
426569
166099
842657
657194
786795
419127
144767
477396
602464
358063
541283
341830
545545
968514
923133
911898
600174
740246
579707
592750
642521
441923
740663
891399
160781
877955
619393
423121
546278
758981
695940
208900
518926
243360
135127
722531
923353
812069
880098
708062
53694
99469
614699
452760
179955
145553
279932
914499
574244
847193
101107
607526
422799
964556
521126
669568
586943
86598
251568
640071
980450
988840
911581
343753
369545
490056
359982
793460
251005
460873
809033
505841
886904
654086
34688
560106
18887
545256
736700
740140
666490
506967
999173
507688
940036
54669
294321
464532
886070
430342
565928
656047
203731
550676
422480
50657
778191
979151
351257
683776
174121
940009
144102
550703
162466
425247
882326
640737
546136
861259
234223
827579
857604
333526
72487
314648
74124
152588
705166
338534
323910
225544
651099
266413
137355
53841
241456
825331
874231
920141
470892
444018
736263
164271
807805
760526
262362
117795
71136
881084
254077
256011
119315
257687
485914
589514
850841
748540
485195
954800
652698
263620
531727
934397
214694
51167
332890
209940
570970
394057
30790
627198
424475
422572
132136
880791
897728
206994
470782
570713
623500
779461
54660
777026
571800
235014
388325
752229
721103
957862
469583
832971
984403
719939
112415
210371
946238
416930
952699
19853
388483
919462
852287
565599
992370
436459
532495
260562
61850
616834
28236
896748
216200
581897
437858
914506
663534
94117
157629
335978
902112
273183
718299
695187
321399
770776
375357
735457
594712
96682
198327
56177
983183
852573
659175
583973
716436
258179
100226
68948
340784
431089
782410
791377
702585
852058
298204
826454
584377
470153
963813
927310
805613
730746
937077
446588
45545
247894
746539
385291
721241
607946
962384
270450
54690
31619
25280
651075
656614
128648
286083
688337
125927
107699
920507
947900
479555
929869
128309
893979
618973
272581
581537
207236
80540
394701
5919
856122
389517
866770
187119
845428
515300
625878
879499
952518
961184
22571
430929
365743
843020
808461
961879
654270
113377
253213
354531
43681
134473
527158
99571
151307
564222
730670
325558
865153
470673
74155
370910
942850
552327
824863
464269
282961
35678
915105
465132
939296
225325
432425
981531
321243
556393
366952
637186
36493
278148
708290
58438
888883
362799
336489
596440
901532
406272
635479
759015
656313
313071
263399
299253
208903
706043
649745
244807
600597
527658
694721
291446
331124
334125
838930
24675
647611
832801
418156
861128
184756
767090
8694
641129
897767
473114
649722
985705
808960
966152
69205
269240
926431
543003
883607
797866
846461
955661
933885
393699
818806
780269
949320
523823
424823
731204
45881
87406
244868
698585
996460
354860
737766
714001
349134
354959
558960
130158
87869
322985
366509
935736
945467
867374
959720
954105
567821
813439
889496
797729
155766
964517
229733
461642
427915
494425
768795
168406
438515
489983
743274
564149
9981
681971
447831
555203
308126
536316
581123
234318
242565
326942
552278
235189
873437
888204
630536
965035
845535
357689
888588
826459
198352
525583
424473
141606
817822
218169
787670
733448
278931
116315
252577
544216
751860
714977
366780
816366
271929
285493
331924
941023
330728
807050
893872
858851
512784
397462
492914
994200
870559
717852
817933
389535
143200
178087
92100
743332
606421
396691
143450
204220
36205
860868
289244
675303
571043
541626
814855
752628
5043
193085
756183
463748
55160
679218
525677
42598
637991
81104
624668
53538
917666
592364
668944
844241
925434
877168
979483
2345
438020
848362
117149
660887
107478
814016
910928
837637
51935
749058
710894
558075
887072
240280
136383
853409
667659
245658
784706
239779
177142
194879
360311
205101
135100
893548
792391
959510
264369
412270
884497
165273
805759
491715
661522
261117
220897
58451
94320
894423
706364
245884
620067
395814
845205
778378
848705
692188
434291
317318
832100
778364
607250
577637
425722
465630
484097
991842
894440
238416
356889
239526
646491
983383
238618
624098
154158
469331
66019
753087
869297
986496
566862
265901
261020
30104
953062
165848
412368
214678
237765
149625
747782
966934
127823
273993
347158
24857
803461
979856
199462
33764
9990
489755
202861
462215
241704
368203
174499
350971
704175
278986
631047
273253
383464
975129
246924
279095
208805
484613
665313
245366
581974
318904
69020
529046
838143
638956
712962
231937
708315
25146
299445
551414
888909
763089
675579
520462
280703
995586
464871
804443
689946
705463
208486
600041
368992
842244
122408
4198
12329
11990
487912
825054
217272
281287
547418
133598
143737
600980
356784
59130
97561
742822
333706
999531
720770
66508
942072
241424
68658
156426
497196
858069
390839
769163
594305
226289
195017
63281
765218
985481
854403
59277
914648
875634
684287
454058
120884
410196
101134
857924
295381
399017
979153
42390
142615
338149
679224
250577
399577
746288
766100
182504
256424
2831
181594
238728
529421
29152
758326
200677
665519
300996
992329
729520
179367
684631
60225
463141
620383
838490
638996
747776
104293
191794
838681
27151
333394
592905
724611
392867
566673
398355
65274
780064
15182
942955
222232
792436
134589
538971
943357
876580
824644
624827
599183
558274
599430
911728
427473
396667
404237
122518
619423
150413
80787
869752
391171
465941
352621
187324
59703
131526
845589
825308
802168
763190
325138
480399
594372
248722
10886
260934
24304
327666
244052
29073
834151
942728
458860
415074
773635
257393
432884
759146
710209
867886
262932
279008
457957
768364
889054
937376
573673
141759
317913
756080
707363
660717
646761
366237
603058
760615
191132
632324
579556
367059
451987
606444
255656
100996
246731
632273
901290
388491
983751
673276
777169
231975
366748
820301
30545
434263
864920
97307
401645
464337
504848
61298
782797
363659
614021
573371
338743
428470
821810
233273
111213
175050
620341
243951
770019
688956
861847
650336
449052
98189
257530
145262
440224
575804
448670
67044
74012
170204
757520
904207
505174
977024
226287
222791
980874
227922
839388
248715
502886
942019
499709
796618
595167
176796
235566
635454
471982
979955
623622
575603
307883
774138
526465
157926
665924
416370
67855
151496
131866
316669
894840
337378
819256
136272
555242
941266
313264
86727
935521
570355
493716
993554
371761
373147
703566
68941
843443
928957
857245
316526
830986
814639
697772
680279
853905
166599
105489
181004
141090
595486
892447
589438
244997
827382
903912
541702
93108
205752
778386
365485
659016
637014
108436
269480
569473
263247
154062
514977
864246
710865
24963
26864
127511
302264
156020
825193
675996
157940
403865
834062
264845
360201
236670
33573
597932
565425
227705
672741
52866
17564
816708
942858
238149
876951
636411
827464
530467
685706
535219
538587
481773
428764
350388
515197
381859
673265
538709
349425
20056
713555
770675
858237
344386
438638
312717
356980
626464
540405
439487
866289
179464
26979
2969
696032
593740
456476
634204
888438
563400
180210
258704
938561
86411
412803
402181
529497
309024
348543
195428
598774
199544
878727
522160
972572
75573
601713
961247
378481
568533
881960
272079
630063
314617
275376
331623
439348
587409
756936
928075
595958
554727
165224
700219
48853
759364
623018
42441
988617
737730
434117
477301
232890
982192
454196
335974
656047
766427
236085
683911
953566
690687
996589
368764
549793
962314
529960
673792
252810
934025
818623
298333
674061
984242
393107
172870
454812
958092
609717
255060
921360
36863
730792
901915
438082
718388
191166
58729
604090
44072
302942
478747
47359
274643
205991
258075
695629
884271
142191
278393
367461
239655
755045
103717
85182
82461
462484
801863
570905
530328
650760
476923
128498
220745
523979
716972
822610
171640
343944
259084
310786
836048
806737
735213
89050
483203
465916
414911
909815
179739
818920
706406
989706
703711
813981
391415
37517
264094
678802
231632
658258
576474
69192
337297
309556
697108
287955
637179
638190
564017
125816
621027
133066
818758
64754
545170
702449
298309
136271
241020
273441
624195
178872
514972
617086
815781
761741
914408
508799
834151
619310
521718
121929
640584
825879
900075
10649
628501
915555
463515
978330
421777
38897
860675
62358
525822
388516
942686
103561
174923
864452
746279
421777
198042
91010
890988
743938
912877
495960
347020
668567
257580
366351
620365
993283
135253
292506
667036
488037
132608
764192
843042
688409
668686
107223
770687
298346
119790
984268
174245
325222
963275
36287
182036
424203
455958
347306
812525
123933
116907
14306
760630
202393
348706
543191
445097
463171
193205
619702
731129
360028
899785
710957
394722
703536
970459
532878
886315
242763
627528
912461
316027
272268
416120
791139
244437
643537
798825
51989
381746
487890
165268
931855
748538
149066
540541
148970
926558
149263
269148
449037
658069
756355
649507
474991
557552
647203
810540
673594
828124
680828
322625
749963
986996
956606
415303
637334
360641
127273
775623
377895
267407
105892
556250
66947
941804
90668
975793
901869
855552
963241
102911
801924
903492
739549
683907
628810
739296
857717
398773
410687
37413
317314
833100
664108
925412
562817
528618
566331
545001
429142
451429
621059
867927
33624
202035
477602
592481
855621
677745
93955
78883
646742
949200
50752
638299
125678
633053
680673
220231
191788
696939
1985
999003
696479
650846
803921
563039
308121
991639
898038
723683
995292
321719
426190
2272
104882
298386
533712
580525
123673
222706
405201
949338
70682
168645
714083
978733
224250
813668
911320
873846
223178
891648
194276
176849
247705
333675
168609
528184
67466
150656
43115
178306
529856
227377
22955
419516
59253
250987
505202
488099
929386
263400
196475
738939
425337
118160
432211
173710
879366
812301
412564
544452
702164
918698
337100
953372
394868
887078
146045
113733
276631
428699
865598
72475
310661
881414
18687
738113
514086
334835
185962
64855
616638
652038
376164
757272
370038
886247
119602
196883
946389
165579
585913
339844
959118
918428
821470
732559
209650
576965
626636
804824
567750
105499
289555
901121
582447
814635
750957
785601
6218
312156
1053
244253
338776
930689
65905
949446
622678
262206
297702
295952
69867
232211
170090
580874
85243
840650
872764
177598
644953
471161
721776
542598
297305
620533
244430
186249
416578
965715
582106
302609
910691
914204
84271
681674
813565
904972
905349
133722
345309
681095
219089
946711
929677
260185
48715
84329
442976
784360
348427
612286
279532
575417
123085
211107
741141
304475
821716
481030
1091
239283
917162
563653
912885
732517
2500
745458
656495
650461
770500
784166
2255
788151
524825
182590
788414
580305
521474
200823
600705
265002
824431
844386
708143
920183
33544
343940
116541
568322
999239
718412
44405
708415
98304
460337
841286
908653
352321
415272
517940
373477
65684
969343
145136
528003
823969
8793
925250
929518
68016
669638
949986
471237
72077
832638
410215
503527
223044
504955
402135
455519
929612
319024
158429
137963
473664
788777
53656
782439
970696
345984
347727
482587
781910
770617
506883
886046
806284
61115
952797
547749
411836
581420
394247
580075
19783
841127
682263
86719
721254
437788
886757
782565
763591
578181
544637
799466
375375
679297
314672
920456
50622
773455
398149
932721
325105
889192
637133
23803
564544
283960
504084
757353
174983
386747
687283
28818
974402
241073
277763
231473
20434
824061
32492
577224
135708
975712
51995
155953
788305
746700
481682
972226
452616
487720
288985
165532
78022
249120
330258
197265
744352
81957
318890
897839
152888
849032
163372
263597
843875
414446
816431
418801
980971
875761
648432
556156
119408
601364
825274
158451
477097
219296
394497
939339
273992
778911
392719
387791
601212
239988
947606
585553
289104
294549
602084
324971
925296
141415
346100
640944
168460
821365
613536
180597
861333
987276
247796
514613
360805
568437
292511
994149
640379
886607
475203
854037
712099
836105
347179
544127
763893
53690
277660
804464
848948
127837
461188
536208
472854
822572
883407
642448
87907
554839
696857
476334
338166
803361
264830
141096
714656
608408
873676
60731
703148
574895
499290
256278
185342
184313
757554
529696
834005
530052
159593
846691
46511
621968
419728
524051
515340
374763
812291
242431
117194
222826
243678
533459
232559
764998
36816
293127
542598
39312
930375
679784
21856
859602
756683
629313
166395
123460
574887
482726
563585
645608
579329
255964
275815
330498
624267
321128
600822
398775
666066
170483
989031
219522
787188
867478
840934
38477
580463
730696
931833
431474
985812
650849
825786
854669
638810
731850
404032
591037
180302
644036
815068
125688
659816
211537
808895
215176
159930
60610
236601
625830
944001
843358
174108
291249
679390
896556
775871
20491
35294
761758
641502
777809
185781
642650
423967
173364
262730
176166
209968
92153
629356
2095
568459
19785
542050
813877
566427
621877
928799
908247
771065
70027
390804
544566
951759
73358
937888
88649
575069
226452
97635
378109
616666
197953
997232
745094
779186
31387
4960
66311
781486
987851
151171
21402
502130
14703
676658
313404
581599
53726
218560
927960
931801
710329
122127
404142
707426
856298
898238
317600
271205
656700
23488
237913
451983
696023
147848
891162
347544
37846
105056
882275
458272
530695
160537
418042
987188
129214
555293
573147
709743
541718
383072
335420
983805
600518
658037
626107
329595
937179
635709
170022
664506
611351
7546
236711
553827
517606
319554
86730
670644
514041
531726
809773
80424
62402
237362
658819
622773
728266
754471
409028
449455
714418
631428
717877
674762
606788
671692
934351
317181
520629
192608
591951
72577
15737
360021
408729
833848
527683
632096
346761
847787
663640
49518
930456
313388
991439
971920
769192
217626
467751
980
164077
74883
530564
928943
60215
185956
155080
227734
331616
371915
303242
222187
773710
946462
580022
445140
769509
970164
606017
815144
988492
179040
139847
97091
825051
459599
30786
777465
864798
730823
813545
549735
676616
912207
259811
555685
835384
419310
860774
219543
560544
250251
672753
241891
570776
251379
116578
319357
201406
814458
677940
654109
663687
786424
463961
218899
487847
884213
601200
183089
246489
789599
785443
34150
31435
280119
511904
227882
835626
839117
364338
779861
845125
747424
492667
950347
581088
262759
77072
327442
698648
203181
213553
189892
747885
340567
4452
406559
137777
862145
658157
930426
447884
551879
79147
628947
188585
705312
579409
974979
68097
35428
631104
406610
432322
326574
17982
120999
242011
741404
280022
751128
8103
594547
813260
126944
403315
183712
578490
895534
569774
941081
971723
165082
297388
694946
478547
234546
813399
801964
861578
899699
973042
391191
679012
29396
250571
749208
396366
977723
165501
909494
407110
481043
923935
527855
425239
577013
31501
238071
228464
518659
559313
856608
895520
980948
932717
781525
711473
457545
565895
360832
503646
373630
575537
85516
934002
889308
499285
579652
398526
212492
296698
354778
624566
675782
232693
875908
420328
945799
46702
179713
235418
933217
552525
996026
301184
412076
797186
621187
432215
612762
525999
618688
280801
566761
508850
553509
595133
744945
387922
109077
21474
66781
605061
153836
456952
58742
344987
468824
946003
155291
679307
946850
45836
339469
827737
218059
158526
777447
6752
205393
360090
972331
692609
770065
952296
765367
102184
216838
947483
891734
675256
571759
517199
407858
886355
87055
884129
136679
741127
59982
654123
41716
459800
62717
631578
719883
877158
933815
510126
218568
444091
474338
283150
69054
553075
626645
572806
285484
660168
448852
331934
121934
390905
879030
294232
385168
97175
425512
174277
990621
939820
499850
126020
540118
150920
580279
246808
471711
972585
961890
91621
262931
27206
239195
995911
312215
595704
551665
241231
527564
839430
130546
964635
399838
389771
612750
564753
761466
963846
874970
743864
602972
248126
899120
154995
142662
680528
103155
36314
527564
173271
513904
666550
809228
188726
387104
938713
592252
121604
476554
675928
495900
798677
310277
380647
59402
219553
536475
995407
46068
411284
575433
564366
691559
779761
516068
889675
78150
686180
395669
589876
967447
714018
248517
235830
589368
660543
790612
738392
132463
417804
290690
423605
237215
864106
199600
439828
520853
494128
398849
620005
15426
880692
708763
883355
596228
476666
469706
638560
150812
60407
807491
348025
86084
286400
161541
765560
856026
371028
983515
581400
976757
131586
731646
731128
580505
582776
240152
760695
307717
874346
640228
755944
519465
598043
358065
492338
672372
13387
307973
633543
529228
525950
98078
986559
402647
118436
191700
469328
455798
229354
508442
906476
626322
555164
681251
534648
279694
160501
310433
200164
419292
521989
5992
568043
962668
404349
648114
988841
253374
770138
950779
454612
612760
309804
461261
521624
191188
110914
178838
445331
735441
891572
128949
478826
312330
242381
962131
856902
555651
771347
683502
408431
454495
383155
128497
734211
430671
281998
915519
839954
570917
41498
324559
864473
168262
232758
818801
106138
888062
641359
439663
449748
964526
28264
517135
169380
515680
888585
540084
543864
910203
931526
575524
815276
803730
369962
786788
274883
680918
508289
578175
636355
276908
510015
953446
435181
805914
446800
92081
350551
601818
908285
826755
57640
271057
573943
1996
730032
410201
26180
710569
474977
470330
65027
477926
240558
330488
560989
265763
418879
844230
694346
1748
566030
988696
726525
307362
355745
110870
202478
481135
400356
401964
106626
757943
829282
766462
412632
309649
823008
847225
597810
691029
792598
55301
264446
982296
936139
317207
365440
523923
182092
153954
229215
581794
45768
756013
18889
41320
711627
564992
584259
852623
119701
808312
914512
343405
60246
412474
594237
69954
849993
67396
796167
262750
343402
257631
629098
3359
186581
770033
804168
198936
949885
222510
60274
241166
637765
747439
374741
409884
494270
706139
792196
135158
384574
26497
7453
901386
857049
44680
921691
191106
166207
823038
265080
204070
335218
697932
281981
429279
472098
118666
623591
618007
805030
345519
231671
404667
640345
793185
203607
252706
337231
528491
555108
725447
645619
769613
334812
186098
894655
588908
167013
837110
675990
169258
534520
387603
107713
940752
225640
137339
575812
693352
657299
580658
310300
451432
438948
94670
349336
532936
138434
540766
211281
153141
508312
581671
437000
538590
743810
873418
466842
466987
592721
593345
584418
756813
365947
570696
118507
453488
517154
535064
736912
564238
857023
597262
585651
13341
792619
85739
124374
616232
167434
428277
297049
223356
55700
131450
736656
357880
692865
307828
669376
162632
134864
111112
759351
342763
913333
882601
108549
226287
994589
950361
395290
739647
283871
998096
807357
89939
467136
794677
511399
344389
321699
126921
169466
570116
392587
448803
821665
937185
599887
88918
523205
493063
309657
129582
118696
580872
114650
619353
450210
565842
289870
932643
302198
112256
572711
916378
550801
943116
238681
680528
268190
979427
176769
958719
388680
85969
431154
343815
425933
353883
181790
755602
648700
73452
912542
74840
111755
735463
480798
22782
641943
419355
360424
17434
869560
993108
389515
723602
489792
104846
810216
216482
446097
912773
459032
394747
755608
934568
468413
41417
778538
226924
239652
924365
716409
970748
375444
650793
323890
740429
213110
14395
18359
872400
372640
885600
336244
131905
525376
240730
455904
151517
90785
600652
243986
17328
466077
854242
6653
837708
593248
387341
173322
731541
689812
41580
259537
968570
367406
745542
175283
828862
522069
880692
90518
791412
973290
920668
591230
906889
819960
950744
436101
411195
163961
940660
16503
408360
428355
809686
656716
345217
417742
643193
255618
203549
73314
557137
66711
701354
151521
623955
579488
344318
470830
429709
101641
541964
592633
775216
395498
615473
721641
52462
766849
345646
792292
144382
119954
355057
462782
750397
797720
665996
612987
226926
389286
747975
376707
97698
903775
686992
54433
272179
892302
639057
889143
549930
827491
302618
455618
688192
293515
287293
258822
352194
946411
348921
578198
382605
847096
84558
755074
484793
110837
769328
736477
656915
224522
77526
847529
773826
495742
875889
855650
962954
722321
768378
328420
240431
330553
683492
755577
974833
858039
245169
131587
643830
996436
802465
144514
61638
519677
736644
883075
235760
670712
374385
798566
376009
345986
100687
23050
872276
641543
582160
707671
652733
515453
173822
152615
141504
704158
646061
503313
620327
140864
959569
665492
926768
23506
448680
69597
145804
513269
759959
950581
558340
126901
497427
120522
713783
703458
837750
786393
133118
203407
833138
426868
17840
66534
646113
637557
954753
188646
407546
989631
627845
456891
879904
402029
981459
362681
602772
194907
826372
792692
426187
182285
115931
644606
887195
95167
859582
991998
792143
766729
510115
712681
231833
831535
806086
772192
858727
657027
814614
695718
679246
988663
470320
890492
10275
616643
913602
790171
650345
268911
409554
699854
204004
590846
762455
91817
632460
493815
457413
363689
264157
21585
966886
850282
688651
581498
278372
327167
664851
959044
163811
384690
725933
476524
231179
102488
331230
891657
474211
481551
834217
479822
910681
964758
479909
876155
933982
665610
76010
388390
564462
605241
348901
292130
756333
27237
600651
934089
63853
547415
350506
479852
31180
999772
857307
254291
979642
375777
129492
67699
413721
326502
392410
808299
24061
968930
877203
945786
993490
183092
900794
5378
911325
712576
549611
893425
252187
290798
965470
968978
588741
865595
330928
215407
264373
775610
773213
471840
671459
26987
559243
511669
546568
250742
985343
687227
413475
166597
19954
765743
74393
262459
522494
194941
944119
800468
656947
275763
296532
461466
942791
343815
918674
240769
639593
195969
295747
103840
824566
957894
382311
409612
725829
919811
915219
247315
474205
612274
541870
209234
25926
734284
753302
234099
752380
413643
619232
474567
923520
155547
968635
497468
383178
453340
560245
838587
507673
567254
634200
415073
513578
745274
583021
413975
321159
600849
631968
284240
923126
59524
11011
293278
215571
967814
992621
490866
603064
675170
594427
22126
340888
800924
566
57449
673643
184711
323285
158398
605315
578467
184537
592977
73214
624368
165654
525984
461396
457747
787474
764929
985232
157668
218310
727549
713500
528082
912385
437577
495348
243572
623532
614173
662717
534125
614120
937780
714095
461818
109588
283678
922412
873115
580202
701893
704181
989915
93193
800954
527282
573438
586125
54267
94254
863495
360090
723844
233318
12387
479096
912398
26230
65589
798424
744616
242996
126911
455477
544561
596056
451241
180630
742896
376600
654001
343536
861008
374803
748720
251048
76091
108643
305861
548149
139217
909205
408288
268388
341829
205877
281325
860277
370964
687042
10906
478243
295267
940544
674375
885761
854709
444973
622602
998912
428294
962635
438427
739277
719494
827484
938915
438487
934517
598700
888860
905838
2263
146376
600356
241351
689813
574540
967780
310492
797104
142746
465943
745776
223330
773159
747386
500144
862675
997487
307023
352053
608756
694409
563661
259366
274428
598997
90023
78267
358909
794449
26039
550172
900450
697099
914823
510951
828871
130097
476284
108625
507125
912324
604768
903908
842105
481451
474314
453798
934495
793252
789868
246746
516944
957525
20985
866400
609797
829121
516593
484407
431015
179542
539530
302371
37125
485666
119420
286058
834737
734694
378090
157432
778808
708419
529896
401122
436731
482577
999533
467335
360046
134415
287126
987347
546861
948852
7316
450141
625462
435940
548852
528048
877383
696894
848202
539623
557525
260178
491321
465521
177510
699888
878368
85301
79628
14555
671972
25999
309630
315421
773078
253559
681812
594228
456065
926211
992991
683242
452563
428227
170850
275714
696933
632522
373553
203790
278761
276556
871653
574494
119023
861219
677369
217235
130068
977580
414021
968785
993927
949006
611924
155538
831545
976538
607396
5912
887649
143950
367161
799803
264553
592628
521438
989536
170360
264616
661753
998474
10077
568182
46282
219466
926101
705569
810816
165010
940025
61057
655416
550312
388615
902468
735379
108982
361099
713749
411122
157245
2409
670617
420496
902634
902538
649366
972541
899969
396513
951278
779891
865718
334041
401290
229911
779867
34717
505490
560205
581938
583363
214232
997304
745508
560789
371348
424909
706699
669950
983242
337619
710698
58894
505992
546873
570300
831786
422219
96019
176233
796243
400065
882035
324693
713169
325546
277664
189651
596283
762584
646518
647864
362982
718165
356377
827593
488104
889507
517015
112406
24712
692126
461786
345632
918404
377022
989574
128693
208637
847801
728757
951261
172931
439365
875852
879469
925817
122107
958202
412920
798373
588823
305421
135205
793686
414876
927408
132060
784690
248660
751621
961627
215477
518043
929829
53118
228960
913100
445465
381240
536514
107702
158240
842340
546013
364116
439104
269765
277345
262456
704974
371469
155764
479271
949120
629512
204433
239249
651424
807272
943628
824299
847005
781805
896564
316779
142012
761457
420945
245471
422443
366029
706636
154923
482550
277803
963758
821405
740371
657194
846913
941550
802839
886439
490194
937944
687499
803119
720664
748110
387354
147517
464879
93661
44833
717553
579389
548317
443817
77776
269749
147
705841
943666
651578
974631
451427
110668
736155
9468
940073
284378
772093
917617
794009
388329
586966
364660
642508
437310
574485
95486
973068
670695
794656
300207
728747
635548
693365
108678
568177
52816
552690
237628
930925
665306
482160
49278
508204
613371
101385
758598
275400
323595
455674
54613
594519
402629
31780
50511
50885
637803
677741
739826
471356
169495
815811
103860
391935
411104
788545
976377
938902
983205
136682
506670
733540
190905
598289
582213
34964
439659
317851
954957
763058
542576
920925
449196
745494
277871
261279
743292
73210
423529
69250
285568
508269
498756
924221
149314
530081
551859
688387
996554
475870
658883
952001
539645
845145
439747
370243
441295
516384
43665
949814
312166
97260
44285
648328
303629
80665
900701
365804
301265
570993
340077
984889
767676
549732
259936
488498
819243
242900
198215
511328
150734
331405
624989
477724
878460
889298
491245
353129
27057
848210
676256
34749
348837
521082
901543
962720
416841
745060
747265
176622
984864
710828
341481
782711
633528
579235
548256
545989
646149
261725
20370
826237
413784
175781
814503
284446
172865
778001
879721
488935
963838
819632
641997
710741
830238
896671
362912
679946
904694
339387
692623
699593
36991
300976
773395
628446
582219
336688
118775
895131
346658
595904
41159
291132
31101
250412
293463
957868
507422
809499
221229
260001
297226
93117
617036
176546
219684
297889
535198
336616
374888
579106
934461
382370
384896
922305
75550
166867
68486
991055
327706
842327
998103
892673
773722
745923
219472
2854
762463
596009
368168
431348
103532
633851
645290
423550
711248
726151
659469
220034
88147
515872
331057
628254
380477
891549
532537
308003
298173
790011
409343
374146
296445
377886
386616
513955
768640
402868
66150
554901
366964
170938
121588
574111
726362
286489
176241
923893
689422
468840
477868
312007
984821
370709
613288
882547
797251
461725
385212
583066
43367
473016
326410
648207
948947
588243
13849
424748
541291
523765
655378
687103
584009
45891
198676
232098
131883
871775
605300
53800
773178
287274
676628
921779
136055
792362
67806
878179
422788
950727
388574
138089
933005
239536
58234
600057
271825
817371
177102
118558
908689
580393
909480
205415
450451
258791
660509
680127
374739
601969
599750
556634
216391
382961
559002
386316
662350
612741
187689
649908
758772
950399
828851
526357
952548
63941
169955
172805
382379
744345
773483
936190
608420
901683
755517
209809
482054
59274
632419
773819
347718
37875
72379
250256
395946
477984
723795
265620
112556
164489
950045
378345
957319
923687
447439
315362
739617
566621
187673
369397
401108
111986
242884
970639
941530
33081
908388
941250
803285
81298
472505
16730
677817
993929
948520
700813
774103
833051
199953
353936
191878
678873
271373
806662
772976
142566
504133
27027
911990
531610
28274
746575
583105
855305
71468
848983
697511
255582
77617
367101
693
383712
906869
161951
114399
201943
854176
233941
827137
725576
979881
86020
479377
106715
110349
462863
625572
554142
998123
130478
176857
766370
221247
797015
221222
495491
81145
969560
456061
496837
143417
410310
219674
93722
899178
64207
151276
671553
663288
410732
231133
260424
791407
785971
171136
391602
25265
782281
777366
800435
526932
443637
61245
267544
409622
987279
906230
770179
763197
263319
367185
467348
370896
884322
984823
401956
356139
680878
977364
809323
613251
226647
177567
804225
588599
631267
329287
486274
575118
421175
621052
944330
950291
267245
358294
212511
322762
36797
526054
241838
750734
410456
660888
508846
626248
620819
198273
709473
763534
127296
210315
38329
665110
807897
913338
39767
379349
688278
673050
403054
142648
503262
983943
152966
208318
862297
841881
838685
250288
48868
523882
397160
15166
966750
667909
765879
16632
786847
992428
479222
494629
495433
89542
405327
497411
477942
796131
258413
804508
532177
777517
556508
535618
508289
190190
54604
297447
980031
49912
17781
602331
300936
26165
339028
685154
76014
217227
618643
81073
329354
80811
984710
147269
275916
772343
139346
744737
608883
737742
788968
406626
454679
847157
558383
10048
675299
41059
798208
662307
95073
852329
815947
69023
756078
647740
100310
909710
477772
733920
857254
437769
707222
94131
534198
553347
994382
638484
583396
771777
908371
97326
599147
362810
805230
27877
337483
620743
47947
553243
524869
483718
429508
185887
748866
800913
946329
715891
837652
56342
166460
40824
51860
949715
685321
963512
206569
686129
836691
828688
724778
339257
622234
831800
582555
260023
305560
646640
228180
26474
969082
164297
91008
480740
614700
959182
957312
123205
962765
622477
745199
887950
378562
180677
376769
863076
997798
60013
95428
919844
684703
562655
934985
190941
460044
808735
469212
367214
661210
505996
351150
458941
701046
630690
399636
157905
471069
706218
77672
754573
301071
144063
331981
460298
584097
425725
532305
398479
426226
610247
385003
89008
75510
887221
504419
81536
83566
278297
3345
917172
499256
655212
479101
858965
593346
7450
721766
501089
163994
828455
647390
788735
879265
890108
902866
645406
518623
954962
408104
929513
328752
802874
163201
383656
924059
138630
223197
274742
801795
991320
130270
950619
701110
216325
227429
111045
859682
156901
273049
733032
477672
716217
139974
402607
361865
137401
17633
859165
572414
38970
720234
548741
231268
105785
968362
626082
430867
769543
854876
835028
828879
992784
65000
202744
996119
137737
664458
248930
287899
986166
813265
288570
530507
327765
436804
941680
237963
890666
506463
833117
671106
506856
160827
188215
575250
339577
7755
801713
491490
504618
590850
36717
617814
545078
304531
388447
982944
519086
246608
504831
624688
664705
788468
13034
222919
647726
26620
830102
9513
296707
947183
106800
775153
269840
423423
709268
207486
478061
691528
487848
487307
762725
397685
501398
920541
308414
521858
144484
960789
961766
787611
846001
507685
988860
790308
678478
414112
250359
223570
661750
878825
768375
895158
178731
994637
414374
616922
481391
59181
590603
322052
85597
29012
989483
475927
485346
956519
487516
469081
952090
24890
843559
621840
609675
941503
889945
394501
945080
445721
611367
433066
246819
382735
945723
378711
181731
166299
64479
130096
963101
985186
642309
549667
433314
917887
707376
931982
346213
562424
464387
631421
36631
168082
586212
350737
305249
772097
409485
767420
869309
394423
40879
501608
290354
591389
465090
728951
929450
366047
748206
629989
739185
792610
436047
630986
674188
386833
927145
626877
610676
744661
684776
472082
829486
548515
141457
299715
514824
835887
981515
233580
857265
89662
848644
728880
91702
286425
918209
191482
356437
850973
467910
510878
76288
913199
281502
773725
988975
748494
891208
787143
482978
467713
63422
558843
988722
730735
142947
525450
411923
107213
600264
643962
935849
572913
744859
832998
843203
540230
233708
774403
263992
616729
921821
280893
483932
395919
387814
316799
713695
904889
662019
243538
111043
525184
388282
19869
302137
707387
407436
566346
411286
873376
196792
123466
698039
27734
858726
545326
851694
470824
732279
41718
721191
704534
716838
209895
277532
445190
15963
160469
257072
460376
395276
948225
973356
32214
818384
495707
312597
763466
618242
227048
855078
555178
646286
651902
16943
831215
959963
289261
973706
816068
989781
495864
477365
672601
928854
137025
499665
664854
354736
319170
788470
401773
137945
152503
88817
65992
740404
34970
760347
186594
357944
557062
444631
522354
788095
573181
884903
76225
494253
488581
457132
167133
86587
3757
160568
398950
39839
604909
39569
560389
541978
822507
405445
578045
729373
215834
634789
927641
620761
322685
747615
852549
807010
477898
675900
972729
109119
323561
54066
182352
76368
279899
512935
54007
501340
713848
69251
983232
320566
866128
561840
681430
540236
255283
424625
198091
710860
304333
617052
454094
569267
434089
203829
624120
177204
55254
955049
937093
988993
186215
285668
461279
928056
501843
711567
141206
390957
49405
586409
881837
459280
889295
51585
924430
59579
162047
766669
579037
403739
557044
784426
82153
127224
888385
622193
43455
621602
805263
750450
216985
59578
232154
368080
738164
388058
121042
658489
340927
64098
356321
285056
403631
734112
400908
750552
606447
465627
992563
948207
461685
897788
690738
660708
897136
87194
777002
64167
452189
3297
325658
522924
546297
675293
836518
358028
90961
39849
353082
559800
520053
422638
849160
623450
144651
398746
475885
709706
568255
603935
460850
520681
92824
338981
523437
337630
466406
635342
61000
886251
954136
402339
346521
12523
685802
465056
250417
525162
933179
689496
671217
419809
542844
433094
858901
880716
946948
644530
647508
118314
663041
642301
994208
796048
874698
996745
550920
352427
559376
976391
171901
865488
93170
866910
138674
467073
127023
511413
329884
388991
829045
510301
673561
259527
521945
115102
477037
133162
345440
226781
402535
413004
758074
829414
563106
535737
166862
695964
860199
326431
815920
830202
618160
432812
537200
935429
407048
645509
343500
578576
967566
204447
135749
161451
190871
901694
921423
174313
788787
954632
342689
118477
391944
97925
540205
853201
84699
213878
786026
61202
30574
688270
686796
345563
280579
821457
993685
435596
378174
213896
618693
358
354472
892638
410797
982262
801872
325787
639202
21532
84428
190266
384268
573432
994141
279464
416094
533744
690864
858268
658272
27551
600577
707150
773415
918301
73115
904981
516775
472615
470778
79776
421279
584299
722449
871184
97394
545971
621862
40497
235862
468971
306907
454292
47589
857104
430281
977482
699921
534136
635269
145471
103861
778168
228164
61680
119494
8373
449243
786826
144104
759754
258590
472033
873437
757459
334954
9609
491288
60180
466175
993493
12016
296394
797701
766634
865904
648523
460975
151102
830411
151196
966845
295667
758060
366671
63963
169738
254892
665047
920871
792069
827101
72682
885456
475422
701123
662993
376794
288093
952931
421199
803262
662170
166643
592492
213549
233679
578352
77149
20661
533721
489807
346129
489469
287051
222667
733530
948586
701039
191325
247286
906468
563546
338122
693306
707251
343339
342742
883930
190275
744800
433814
16919
984518
969108
902115
417093
552120
998681
802602
816376
400638
84462
203105
567627
873576
549853
706388
87180
110422
203572
817437
270471
108086
527453
823922
781165
615019
879708
539801
895713
410313
512101
313526
634528
459965
476632
577477
558730
86922
818074
264354
942801
369774
797905
741125
716797
988579
750971
624844
482905
654785
945452
16817
382910
217600
110498
917723
414201
905051
821126
536912
466076
413265
625026
936519
116766
623494
504185
841115
907375
894790
194856
867676
688605
40105
162967
683712
388188
583441
705403
960503
799157
331536
34155
381596
115854
53735
228413
464903
844498
313833
517053
312831
169212
599295
114825
492301
221125
643972
361292
713579
824424
521552
235989
354908
672271
859410
463699
655957
801692
89943
796527
98585
42453
897831
456838
67234
148844
708174
75074
807291
135978
279800
93908
904491
141624
602934
129488
144395
645834
507677
52388
296953
898920
494989
197686
872805
891610
544911
663834
208200
494192
675992
39533
168181
435243
693930
594256
275592
413964
409882
84868
262843
17078
690092
270047
729367
723330
304474
953833
470023
226080
497524
613590
787207
93476
623137
42143
481084
646068
176643
747711
48926
702093
101497
751815
81360
799661
494014
721182
297425
133665
143790
326489
516746
337387
919529
785459
98951
438863
253200
89257
83139
395130
367277
503093
178523
498448
139887
263908
214373
901201
552082
612246
692506
503591
209821
219346
691950
855054
922885
202435
764929
762912
275119
455507
273325
549948
354579
515043
50687
830930
375100
684004
731715
750286
468907
976341
819641
959455
472412
309465
504804
353507
863968
251764
590656
651825
189097
35426
619603
196930
278500
486100
947356
897596
960769
680136
884776
699421
725902
65795
599940
84800
576065
474030
931213
432783
607636
63883
113123
574790
568459
168338
158012
617312
123025
755500
646037
135072
632640
435403
258946
255101
305920
145188
773031
472811
213510
802122
207999
370498
958590
541224
630553
152525
727684
688859
72291
547122
784715
115754
517599
288185
780064
524707
755186
628346
256713
467155
242267
525927
722055
336481
937665
384179
926139
102023
861733
58206
138789
656366
856502
142175
151111
567653
238147
537069
999464
435327
711883
427049
766004
850438
791024
998635
209025
760415
26762
456807
632748
375356
139736
926716
693090
308087
677906
482329
949051
195410
218074
828748
275264
723784
229456
649449
300877
611663
326468
608979
959186
399149
658631
424618
407475
486708
438810
700177
706895
289564
684872
500634
676894
829691
273360
769297
71348
312739
172026
709666
126818
636184
98762
247015
173371
561132
517586
503698
93108
788345
9314
66611
248613
802363
372507
611303
904620
929095
984738
655070
787697
875308
227440
120967
399171
422245
645061
760154
576289
795703
361660
702209
805846
485421
442746
806436
692091
51246
871744
820496
756448
993400
879969
510659
282054
449659
93389
453142
282435
487188
479435
662343
776904
376356
750085
592418
112447
129293
438333
130828
762382
126921
747486
49004
468217
955622
475245
2423
272100
855778
548318
253270
276213
813471
439043
580469
683800
546947
251103
816170
809308
164910
119065
294336
742331
664985
147916
946464
863223
167560
776571
935515
975711
842667
236898
970454
642801
218199
841959
978899
672409
106587
380848
921816
510872
440194
69710
688318
232064
255973
702550
658455
586075
32682
363217
712253
308460
785437
841481
195060
767373
176041
219844
366587
433271
272178
755085
70516
418400
132050
466221
337325
519871
44911
32249
526538
568043
362486
73221
380881
476385
406710
250294
790802
124388
555099
548533
449713
605503
185733
990720
480081
443622
530628
389082
437407
617723
964019
459427
610232
326572
314926
34434
6648
903929
670257
638654
292128
796307
415374
768172
815011
926944
462154
857411
36621
165659
99605
936139
389777
200025
575397
520500
504877
417382
500654
328707
748476
794830
432000
619175
371480
81208
750332
459178
922921
333292
886132
717507
31567
971124
770590
617352
278952
302881
608181
692864
878718
293093
335277
385623
30096
709341
20113
895786
506107
491506
21882
513026
653573
493525
282606
647519
74758
47527
802642
166825
802548
541627
819021
114443
170377
965747
734651
934684
344211
548743
710283
36658
439832
496868
910710
331995
72355
135856
47836
544870
860528
218220
344125
107420
960175
363379
596560
766221
419896
273503
604228
879172
528972
367755
405264
501852
309444
747058
390585
717868
128281
746422
264544
270237
629967
401597
956613
520029
332542
761270
606300
32236
395582
887033
811658
258836
29870
158221
273660
855350
582689
381507
334436
507006
280167
419455
765650
497976
715379
372759
177963
864892
606254
827923
829960
857477
365847
479636
769389
492512
262932
531794
901156
944896
269530
352190
1909
837294
896694
580806
566341
484637
432566
571447
164937
250268
269558
746364
880613
919460
447562
182660
734821
228817
131397
732674
324182
959982
251492
443022
548354
705065
56539
905129
118215
979301
940921
186781
898835
494126
432634
220931
60158
999112
689833
255198
286212
293792
227760
845541
955038
39972
830974
154846
775995
409262
906515
300262
415072
428507
585643
588557
85017
623802
167044
966430
673498
290784
387470
996540
104440
851097
785775
870951
392061
884473
673136
162270
116779
62480
399623
708831
665424
14971
82049
874186
618882
898519
180620
189475
259320
461393
961118
386934
153157
318745
25670
85746
527221
381581
576637
954166
940850
578184
869335
931924
637685
215421
233370
887890
686511
863856
621133
547601
828911
345737
534890
745614
62481
945443
983711
238772
639124
674675
443246
818267
523722
657171
32244
122017
27112
851754
809926
219491
163773
761978
985143
620121
499072
973894
148726
83915
542338
851614
582228
332212
441282
303816
817060
627122
345375
873613
224571
723686
207656
663389
701527
866030
708367
394655
995484
434940
349053
980506
244665
198035
692415
235129
650666
350110
107869
522942
709718
323629
905611
936710
963160
838988
906041
710772
699163
1858
374725
142205
893470
88419
188816
382352
151511
313682
682030
140704
894131
440343
449271
388175
609916
390873
261498
729912
316756
958008
470226
291993
659038
809737
810704
159388
204412
335151
140823
984576
980978
416402
355527
596073
559785
499327
575954
45376
132240
360540
693418
661896
944541
882758
59739
889727
461362
83721
987253
264876
189018
757179
530529
737291
517682
441333
858644
472659
846756
517999
284002
855841
905999
769783
266538
796546
558787
856974
167344
454178
170600
35871
414984
331532
849662
379677
812461
500956
117630
482616
474225
131081
988576
777915
924367
38473
827766
690821
878812
318432
87541
896225
701532
392009
43348
537925
280369
344511
417869
928804
223214
543400
482113
769584
135626
101983
980344
300848
80688
403228
825158
818873
16820
663874
740873
839564
785759
283782
346766
78348
506347
780919
153299
795418
385418
628973
138343
1807
730976
186962
214446
734229
891346
710344
424897
111202
740022
310774
276594
175378
566314
288435
377069
426784
604672
163405
941881
556673
383191
343605
712990
796254
547909
651
648737
827692
230896
224898
738923
384681
559676
34416
731208
120180
939934
180661
681290
953418
281808
618181
159630
786713
989725
564371
149910
856002
473692
796891
235990
563120
711801
749004
546122
643600
328558
747537
271108
887404
188882
492539
372484
116903
406664
474381
26687
523671
160920
158755
876290
322170
637722
7487
385904
926231
689358
391281
274279
374899
460937
773539
700225
604844
430730
160446
18998
12597
728875
574653
82719
741806
68211
584588
433173
787807
762824
32156
286840
539281
276801
726726
825548
671305
977626
269593
108157
285666
676545
225986
256003
672133
970573
246487
960288
112200
272974
325184
864455
603361
915775
229186
18007
467909
991128
606569
135940
676130
21760
509458
608279
26485
354400
299090
900043
390920
348179
66630
845721
393676
214521
66361
182158
203919
743659
520107
298455
764825
316745
239300
304351
837737
18286
611413
399695
615111
818693
719238
631988
803974
435509
721314
160639
570968
722104
375100
922213
558669
784969
479932
80103
436522
336380
334217
279532
968418
42791
304469
887625
314100
663934
831104
995427
386976
595133
88937
434796
312135
811198
299352
354505
896350
676138
27137
18964
132942
975820
944950
113341
682732
793025
137005
374283
959376
272716
327720
705089
860436
902214
922311
788315
365419
980082
554854
864631
398491
210799
679092
523473
289048
807558
638994
329575
471807
915491
358179
636859
820524
488417
611830
703223
40568
2942
339213
470122
935378
465390
828554
172529
773369
211019
981429
686257
287251
88617
349228
993984
516333
927304
266472
515043
72528
894434
990695
750066
100284
59877
261179
924248
497284
458811
335151
9335
878533
97284
350225
73000
748036
909221
376737
163679
608483
731002
64980
327533
210816
263079
924357
747744
855467
264204
557817
973061
161601
921367
281933
710926
824745
404787
281791
867790
933099
431837
569493
210976
83368
494360
456237
65512
123130
596151
118435
688561
286184
143831
338136
694326
58438
122671
701029
145340
351527
459840
137436
224028
180416
825766
273527
462175
4763
26321
233376
886722
370932
455885
730396
43864
805748
818620
415893
793935
392199
803686
870466
983114
697308
902055
656309
525358
276985
225799
274689
411193
678840
37287
292677
415180
560546
803926
772954
405065
487398
494531
642069
600535
604213
678605
284793
255106
333694
964918
616572
398208
123777
969463
208756
271951
270866
658477
687838
282617
501868
332337
80651
155833
445808
449541
809128
454008
782073
808233
677096
154992
781788
486990
757072
881138
437441
965922
684638
945922
336280
661962
973207
214688
766075
410094
224428
985122
351006
433965
923784
240764
409781
716722
486009
413794
409507
382238
699384
924164
627866
923109
815191
314872
881171
44405
253574
480374
690091
188048
728961
740156
710041
15162
795098
706066
108360
109774
983710
654376
255829
494444
734887
441051
665511
313293
951934
181974
33061
37495
221674
334037
447576
583499
523097
347973
703071
308220
435498
196744
34697
299866
932629
644308
573651
32332
231736
915003
139325
418589
557374
550853
629067
900909
864686
702521
344917
330696
367950
880187
611275
755155
577329
858063
918473
541282
337892
579451
595155
416615
581809
617483
992685
219142
774478
445934
669082
677828
137574
993982
789551
722461
74113
584029
506322
637812
453458
14075
550100
600421
391197
795827
157289
582454
185539
443413
397760
354093
783531
846399
8323
398843
374415
694180
149933
466390
984864
803566
943746
425892
162967
258880
620016
604563
186841
589268
157824
643397
949254
49220
566137
688745
343199
418020
373841
533925
87889
376716
157264
491247
498850
309299
333572
646203
953271
148470
46427
86223
581760
129721
55456
277042
198656
835108
878357
978370
366716
164047
580329
287589
549760
28984
111894
932120
177032
337649
352857
28643
224530
797911
405839
27501
907582
330236
677161
897707
504030
613158
867404
395764
142496
943409
123784
273649
981013
729359
984818
581360
995613
990896
314591
268183
113009
191164
648768
301365
67405
389693
6805
821492
127544
26970
932495
921195
74097
126974
479431
416848
120056
930456
710484
400075
725942
917627
240716
609381
632585
592037
287835
669279
580656
225372
526457
470943
49872
91380
783499
869189
5729
41326
64856
177181
936888
386811
249830
363885
290481
428382
555568
3181
484408
956719
203335
616406
932213
330939
907587
557971
912466
970697
445539
391188
538281
854392
700936
633538
169039
575875
343371
459341
952696
440551
833526
87328
964357
518939
776422
845174
365681
807614
914619
391238
891603
524303
697337
81818
809040
763093
133182
643006
754785
25247
462432
332371
649405
570534
181666
751363
987427
553422
800211
382734
675718
161547
103876
181251
31060
417313
970468
27403
325861
180163
442
353440
285565
524381
779069
704219
797566
743790
909075
979882
66093
446732
770213
450592
665886
682123
970523
25574
91199
857209
628409
904271
980351
159616
176021
679818
901977
602095
116852
597168
202369
463314
259969
92221
375721
532413
906857
313116
943024
96424
26005
956891
908968
256116
676357
16702
940930
539276
660038
69359
831384
585702
880912
247571
175639
422825
775486
42999
879560
11625
967338
344937
714553
785997
649764
663203
351052
652690
332431
635555
824731
202280
71257
702934
395463
290298
176981
464946
923356
897611
175031
885347
168226
886332
633835
977565
966147
349610
276178
209552
108884
550644
583258
156090
72897
441818
404472
393238
770394
323777
664005
840946
103796
992403
414259
116382
352317
600835
719210
247616
930528
445102
810563
774213
333777
701789
845279
757490
577909
790375
560485
464984
943729
774963
31320
746406
226062
843419
776273
878552
952582
408429
198109
592846
273774
408971
726005
327735
310463
56242
295126
148460
948674
168471
333821
825113
545112
606317
402881
86
212963
331396
604236
385300
605973
297803
249207
858034
581075
834486
552578
108591
26501
179002
892845
669626
741629
45301
133877
370598
815361
791596
452526
567737
162807
915436
545849
108387
215660
473809
101923
958604
352256
210021
117018
990790
938610
267168
731597
232610
781892
872269
995679
39134
62730
136398
626247
59388
882709
738998
361223
992110
414454
894420
284422
782381
546737
280143
423564
548200
569984
301293
975706
228377
903488
53934
38180
524660
288572
695701
98540
946746
575573
567750
560636
840170
316043
240842
547008
107414
975082
860080
887869
835219
612627
552335
171826
145098
666342
168102
525386
46507
822089
831524
392954
106434
550168
637251
55485
180066
613993
247118
189930
524669
926138
227140
649582
593045
442
878101
873836
268685
206000
519561
807982
374873
857612
659008
54342
742228
895752
749716
271493
123441
175419
298266
23831
910729
76410
107848
914042
229970
688555
842416
140441
511344
961319
652906
562505
211429
338571
884689
525535
200357
459612
120163
61675
931717
591508
627148
454038
121361
657485
511548
709715
37948
33545
585140
638405
124722
343900
35297
747885
974602
595703
402527
660430
306391
166993
429790
386336
680734
496499
661346
879596
139169
242209
147620
880330
217690
332256
659798
608885
830531
846568
277956
835912
163218
934440
892694
191960
566979
277297
609906
398061
157133
705472
181822
552029
360374
185579
503043
727687
586754
727462
443629
877865
553415
323314
820463
605663
279260
821220
548803
261369
27184
762254
814095
818231
587638
146380
884451
389923
837054
469100
146015
942667
582495
941179
401586
78362
664593
189160
823421
834835
60887
629912
660757
613545
14425
997957
660263
271549
554320
135315
95094
523956
513178
870897
784833
775860
323373
118248
308480
859772
237352
243908
507468
893277
335237
175899
474334
18905
668651
627646
88175
563351
432800
483708
353471
428799
989788
261006
207794
75960
875768
381602
925332
46907
806853
945607
425853
592468
740474
526065
581584
384309
134789
505642
197085
668727
684162
304342
364583
479854
40585
35297
679615
247335
685218
151559
294607
911937
208916
308351
692339
452133
425242
970885
93889
132131
26679
651522
54313
22506
739425
624859
430776
807332
85848
847955
106679
88108
357082
862750
220336
684973
109487
892163
281424
381592
296031
640364
103272
823425
113860
179085
43149
226071
280698
310255
466720
149374
459122
409752
775336
61131
436646
778521
399259
353499
48615
62068
480124
690192
960210
553127
108318
678057
379617
445785
45382
143997
398877
678752
578094
634068
137201
659117
174182
791522
397786
205461
857877
545633
356347
706940
962654
574282
301006
262304
475102
267759
809140
456831
667793
104760
309805
184679
372756
202104
210658
6040
919493
441387
69407
503575
56774
828494
294111
678610
996513
338587
86976
100459
13318
26080
418134
847011
516847
577915
705179
177892
519012
254516
43844
863658
832410
217655
621039
905103
359543
973740
955000
331059
624625
115765
224362
178949
962004
788099
52434
781552
31074
197909
22576
510436
412756
779151
569031
854207
930431
326451
346260
837336
429266
785406
14491
715304
740604
387745
190876
528982
502314
3547
293861
420894
857966
641327
548225
509789
308283
119175
902478
827515
69197
558629
231148
422837
820709
520322
354321
79941
999730
181189
761082
514289
7627
272225
415548
129646
375065
973963
709241
156014
872018
89623
612205
918605
916064
145326
385512
520595
493216
880622
851990
798247
302662
530846
95482
761041
73821
998284
114874
928234
441708
124422
96339
762211
46068
10353
435884
132718
985239
946953
744073
239180
219219
513653
56150
435444
224555
337990
954979
724957
631462
354956
522735
418216
214128
967381
305245
365101
846303
319811
329860
572385
92177
53513
6114
747041
696241
438274
874736
403101
252952
712685
789264
73572
283664
622793
465634
385351
771123
766281
751479
698669
878834
718901
204957
429043
904369
499229
888601
486077
455440
769721
320115
84574
139781
335138
222443
917920
27045
331111
21065
57456
184001
118797
519186
637033
145645
163111
734871
456123
347036
362253
367847
508984
593383
224572
513444
514363
81772
624650
125107
411893
259667
900484
374093
811413
843244
590438
867763
241427
864948
793910
70846
186330
212791
607485
57044
465936
459087
302627
368183
844611
822730
576870
635255
545585
872170
214839
34184
943988
37701
783025
121326
508680
64013
182326
463380
809594
669930
674920
956733
937392
240643
960001
856785
587727
902108
583824
449817
301004
111962
471313
529030
743059
617505
95847
921964
691341
859614
296440
474508
933906
800481
998693
718670
909995
503649
341220
831757
527490
146596
987389
509133
581992
281974
750749
17864
61635
535830
447002
255141
219218
219377
537860
800778
138527
301382
173668
12168
796672
595048
765524
385589
176521
307938
156731
482200
137873
180084
322787
592060
899679
33340
973624
401191
843250
615088
242271
579429
771498
241352
255216
720317
248342
256568
705298
891589
830747
776603
647730
463377
10045
435627
223647
937479
86733
111405
168837
701518
855408
62890
427717
261989
367303
144343
762861
926096
518400
695510
577177
391340
584889
390485
216997
556900
689548
811989
63501
632828
632251
205765
439844
92939
26553
698316
348078
168390
152851
261798
934682
825462
583865
676774
105823
758667
213229
73561
809713
478475
654599
163787
483296
525731
226402
660899
136334
503646
86183
578409
671243
274419
499508
486888
319631
8504
578152
262767
434323
737461
650509
243505
29836
490644
34979
201356
274436
979316
855749
83559
956311
948060
618682
163764
402824
598220
82715
925077
200574
739760
933340
447770
680670
269934
264568
860649
671622
218590
423741
909623
191074
798937
363313
828722
319983
434730
858720
160065
8010
128098
940739
284835
499892
851784
152143
685428
613989
368876
630551
603598
918345
700956
902750
294988
311451
678768
101501
326186
426141
721664
482797
201480
562097
863478
182834
339341
269015
3582
104357
603497
170308
210842
843292
43698
360475
44241
891511
255920
61259
397447
320586
976756
204036
778536
390242
29027
128982
672510
18486
862032
608361
240739
534252
968455
545811
166416
166276
567655
75289
543123
998885
947303
737925
406751
614978
327801
508704
231997
808553
367691
661709
527393
600616
993194
612290
839512
94876
587649
557795
109340
659543
684544
985725
534602
91629
434520
361948
572203
87964
170018
730697
999534
987797
755487
393443
444471
693419
502234
624600
66256
246679
574954
770881
777021
558181
906068
882584
760558
371583
395661
149974
696270
811797
827804
366253
641977
778021
915742
197663
534858
350380
850147
129914
724305
642281
80118
580976
822436
90186
194107
114583
523021
811766
392688
706553
92129
957174
86102
437593
586800
99136
701417
219587
866584
385890
499402
929806
382196
877320
642942
882482
78258
905386
753743
782336
585730
181588
877264
380418
746155
439123
254846
163183
345271
342841
314882
784843
669263
541070
982291
806105
318881
936083
860473
68606
434429
225844
117420
242932
174336
417993
738011
946471
767015
149448
398024
25135
252549
58059
979344
360427
713551
843130
529353
175734
838037
704469
733444
610441
427915
762849
841265
65133
422982
444844
497506
676955
291650
686397
861672
437490
178271
949469
151129
705363
278957
83772
747188
355356
333084
928386
561947
766464
398998
777587
853694
935616
143720
789822
459993
748360
667803
683426
57939
977640
740193
185534
131719
565805
267307
7091
422496
327580
237848
818359
947870
827018
935495
193721
724661
746779
202893
949165
199764
654869
218114
177779
892355
472608
452086
698280
501157
198876
875073
362184
382941
378399
315064
710653
262285
928778
349564
355721
976378
853766
145964
620941
393675
794016
317242
495028
420337
20415
8027
746111
416992
329278
27736
517549
204026
678506
76034
221830
116621
672217
582786
350596
597811
673701
558095
398687
688344
550852
913656
184883
613849
14661
228129
188177
2695
363945
837514
750239
349066
879644
585739
256620
408610
337551
219228
751828
983433
215603
76496
505996
548917
280915
609250
259723
145081
491086
778344
835734
517963
27888
17892
806950
608672
413229
149818
746999
802228
991225
982843
950064
273318
835463
462687
344106
59903
705627
881554
701342
744275
492558
720421
856048
3264
515550
703461
365394
709779
671855
82697
3350
378955
224802
320196
798484
106613
486673
205819
97780
77878
632164
380561
866841
77095
312723
221533
671211
333082
633784
743229
104958
580091
711119
455172
463012
429970
540046
568399
319948
723109
151963
194293
367253
638779
485295
128092
41331
720891
801989
251625
968060
465138
675070
82447
487376
236723
679188
43145
926563
886744
109689
765794
859497
817191
718603
297777
693212
942417
352118
775075
418029
882964
381927
121264
1157
538879
145641
938416
691254
998166
453342
18694
415171
776395
122778
773562
387080
891948
553695
551781
212296
480669
402097
614277
378129
441722
29334
28017
617742
423134
295980
119846
419881
563906
53350
162879
480666
789053
865444
143171
136081
209449
655919
751640
372412
854246
932942
66326
114293
513912
324551
319543
399563
809676
405941
615658
489068
624472
266307
90694
334380
641568
825730
454236
928692
243988
331757
315045
746890
945430
66230
323226
561272
175066
310796
647523
695068
127527
94380
236135
385100
9914
626913
288258
30371
861193
933466
143381
583660
183333
26534
170934
13098
167480
686414
180040
390850
722926
10511
78630
936327
379313
383218
610041
439583
800076
380746
584362
964438
677297
992010
107632
386431
104918
481344
719818
834562
898105
922162
71625
853831
790661
362835
864197
570494
959565
927522
962224
650248
553332
7520
85383
16965
545967
675884
635236
13691
676451
171644
135409
726303
38248
278906
866167
889668
578095
809593
547604
145949
965312
490642
41163
615408
307611
140255
666485
133210
847808
170643
107094
961977
197899
979253
675723
456057
262519
920887
162654
833726
944771
908471
519804
3755
379249
167761
19902
341710
357867
709662
452579
966312
825345
362254
893087
335260
59597
8926
510220
777458
462136
291317
962047
789001
752469
114017
712374
628695
253099
310953
112045
804126
575504
282318
675471
211758
582832
843939
156298
28176
373869
108102
660603
542998
679328
816506
332361
744317
755070
735202
685709
894012
251031
420444
144111
411052
525879
558904
411276
388883
866607
236116
912403
703630
73326
259285
817455
346075
220168
36292
78174
370689
234713
138882
464417
430876
186179
361066
759244
39944
214610
51138
177469
829290
364673
745436
306409
865558
185686
673167
539154
734240
414568
405517
730581
665538
568321
311329
732959
639335
196062
938504
119680
590610
826195
350441
48599
682350
136331
480625
10413
886770
874157
640207
451551
282736
111707
147273
86258
733499
309716
202681
301323
247667
714297
786152
996854
843695
715757
490758
783844
942405
2005
124675
743730
376056
120831
188364
71908
489023
718047
106341
457264
277934
935027
379743
239479
300419
829576
768119
205646
93776
856343
477067
825083
599936
801223
878393
871164
809799
597206
959382
972864
605610
155602
429896
482873
399016
940545
371649
905417
369668
242016
129432
210137
325616
66057
752326
609673
704791
844845
185913
302401
100487
73281
913432
431462
247482
781110
161300
326441
783616
946592
648743
37497
470794
535480
825069
128921
417493
832573
479195
693451
489712
425845
700768
326892
944684
458193
677398
166297
22560
748974
781157
750223
499798
972280
26421
208209
289238
916841
907405
368834
12748
279471
87565
91154
526744
98796
609540
651541
96946
578391
331759
684783
912568
816703
541903
185900
302102
45680
831974
986540
816017
796782
547149
823867
286064
595166
842997
600063
551367
273348
167288
875018
952609
347239
327579
357392
610057
945169
310563
496434
612981
717747
296720
706745
884368
544933
493050
804894
806627
210506
973319
201669
577887
234834
994311
853195
977417
878489
209068
718516
667522
662509
90921
370183
824882
658092
3877
967862
671249
730508
737052
579764
260754
156661
741139
73131
795820
444745
654262
611654
380613
359107
750735
283817
578686
621693
824997
624257
318037
858571
148015
152501
517819
178885
549619
619323
165491
126691
428224
271496
282531
943616
289220
564063
9147
855937
891275
438795
981247
858703
730837
644200
624946
243967
35666
976539
630433
627155
859004
932769
730697
409754
914833
80325
212390
420978
898540
577451
430937
921390
882303
272842
580020
532690
971567
510263
447205
119995
422156
284252
678398
292956
906540
849991
364189
157475
191843
61918
900989
790650
442144
286513
646935
839401
814759
268072
753782
368728
203302
669467
594134
342066
9335
581633
382200
427302
563633
164031
773445
966215
2667
797922
54364
919763
568206
102056
633914
125393
314710
26169
677445
824019
72805
178355
103861
81499
37636
951011
891104
462874
58103
428943
184160
444564
791163
393391
906338
828511
657630
650941
79310
931081
858107
257570
163342
734553
427345
543055
917437
136110
574399
241645
500270
291717
380767
671724
153174
616214
354876
85112
587607
373277
318897
401162
995370
310198
172767
177499
144807
976225
624906
838643
773620
251174
484497
456543
486856
658386
525832
482752
922843
533023
462580
563712
57196
933489
971170
974944
183982
602493
832164
481581
229072
321924
911721
535890
76904
767549
788600
232774
126779
651985
96457
591525
235755
284736
864000
629213
602045
360353
187654
139775
642118
82950
495686
313205
153523
782718
71681
844371
443377
802036
822991
762438
863871
709364
719603
811689
424270
537294
819993
917814
101457
191699
404974
725081
60775
209980
668572
806752
170787
861867
272993
34895
754356
469321
18251
255505
23926
410894
626578
394632
438100
938334
625106
780869
314647
877585
413795
186451
82128
280267
372630
428718
24926
619338
959183
721937
245853
807359
677306
737517
704043
475347
960107
646837
539992
912330
397206
481558
367849
98565
448743
901189
664777
559649
737920
797232
190861
947389
781837
459350
752930
937754
664964
120754
321366
454107
96062
860178
190655
158827
83885
819527
712460
492093
764154
268661
590054
632111
799932
769162
497474
968904
563862
911884
574086
467872
462701
217930
256597
21151
228868
975348
914873
40413
638583
893767
176812
540457
865361
456160
286211
110949
952330
401330
468664
753614
149216
995859
862930
53338
297872
780784
405491
662202
579825
736353
543358
775231
940206
893720
928162
780185
579550
77618
543816
923898
281410
154224
460117
2521
775642
454207
899484
720402
660964
807539
704868
906730
311858
111251
699664
787441
717414
839757
847345
423936
633869
55114
403237
821218
596502
693468
348969
545615
602286
49684
115587
233235
569081
291953
758213
450318
54382
876082
233854
201684
527375
85581
569347
509428
557892
19832
703125
807190
718227
444900
761519
766462
430334
579465
489135
684653
157050
22876
241374
799270
932167
191006
408478
432014
439280
282574
391407
466989
320545
355711
232477
184273
741728
26180
256586
467665
981482
965959
477588
497007
4395
977977
416866
929815
372504
478243
926608
908804
807341
651356
819445
455490
585406
29459
4365
633038
998716
288268
222856
609433
189447
180840
906606
243051
677290
937756
608877
159397
508536
13060
683136
379295
57344
633232
283518
628719
301423
953500
310717
436107
150723
483870
380577
821894
937896
20089
106372
302966
763057
416942
415363
140919
388212
969010
994211
254536
927554
145498
842527
504018
405953
609458
695759
651081
707240
343534
49078
951531
747031
837752
4840
304998
181969
91880
219670
180246
229847
962514
571512
419244
31394
832568
367893
211690
803516
654240
272498
706250
655163
760705
180117
653631
704219
547543
804276
978451
389687
190230
972863
512687
818980
52730
578759
425529
90730
287357
378762
23576
181728
871906
645404
951955
908131
252847
664818
320599
556274
689784
69902
602967
863657
142101
189123
146062
922329
959989
176484
970464
691840
195148
901773
855198
675178
57000
186317
149800
662499
841441
915439
76909
521815
568623
140899
830670
844937
150870
753934
642977
328748
274172
431979
973266
203041
241883
895772
228771
738766
225681
329425
656147
67479
596308
977043
557597
113660
475204
664110
51991
378639
893337
104825
359803
559632
270459
606211
589059
444583
795057
604508
319405
496573
949937
617597
907550
927095
996565
350549
546403
611983
847279
787121
346642
423249
505779
166150
623631
578672
977811
569758
306987
146626
340328
833309
450726
834527
354507
518704
723413
268497
705668
545041
447199
833336
938202
52792
712737
319101
700681
707297
97330
216113
303890
405942
663936
710337
469484
936538
543705
35352
728024
810386
409414
794769
467090
769231
989457
228375
88931
500892
598120
808092
204308
113760
32794
987378
845949
713041
631102
171209
876219
852086
488435
277126
908096
272982
503809
648956
670787
656386
122718
127817
432025
439612
425869
197136
654236
45443
283233
637070
632455
980348
32352
459803
27172
637887
777666
211007
429276
544954
643097
961135
608558
127430
975242
904099
89019
723012
518201
131221
258045
817075
561411
173143
767064
881234
202020
548497
228041
202476
569146
622487
938363
420869
499105
409187
547640
309279
243388
214772
540028
218281
801621
304514
508965
24517
832988
641052
130695
575605
146252
985760
864989
786465
173291
20503
602202
354119
906672
916650
938461
807103
994750
172293
409858
546602
521807
191687
899093
308983
235756
274147
285025
335569
232024
719062
496423
905385
447629
661061
885546
392731
66654
969778
418599
31039
2235
713498
793122
723791
694227
264879
996572
102576
771284
793069
41697
555679
650574
809627
419645
787897
346037
559393
113935
684710
114501
827904
689653
340259
868608
66481
557607
923819
362195
377566
8992
385218
977559
534007
769590
555230
704114
464371
322059
497778
463326
907492
182364
294104
21570
140340
898998
569306
966012
652417
537993
301981
750464
645779
282005
442154
336282
364150
715585
251162
393039
490937
497738
44254
453410
267457
17112
657768
982386
162314
866477
55354
902016
3068
429686
582665
823055
155238
532740
805645
525540
254105
711956
61608
840237
337123
395722
620400
49086
595751
22845
861147
513014
325974
835371
931334
932800
980428
63821
765794
34613
90889
48454
786043
430943
503178
16181
373286
952089
626243
391337
487943
269330
627708
326772
206653
132144
187845
435416
142122
258193
577751
328031
95714
527340
960073
19207
657455
463382
470636
198041
613438
555681
330051
879130
7403
161119
455074
975003
25700
774148
545057
465771
713276
674473
781757
620205
242894
282925
918157
969988
949132
52854
345564
661930
78691
378901
188007
244000
175629
897736
98420
854592
374002
921688
978509
617774
377915
427811
489240
599405
544374
720564
62484
776910
419359
472590
774578
410754
421201
285768
307213
15633
217353
185810
158216
307556
793426
190421
503555
758332
871251
210937
552249
117317
846193
342400
262138
601285
126306
485391
79359
846319
870352
80077
205999
512468
360805
763684
307373
151417
517497
913445
577052
43523
269782
778696
805360
809167
282468
855312
148530
397470
52470
231693
734096
824941
488751
194043
17886
185635
439890
822280
459181
66148
35238
569715
437510
744067
36162
767312
537028
523092
135802
278120
637387
643295
231974
878205
794920
858288
580299
213355
3719
371019
523881
463465
709643
440316
783649
110767
713230
377549
950016
615794
454453
415057
566316
354507
152878
753630
856617
116405
948553
47832
956041
20725
540656
492967
524718
696020
522948
314890
670013
742344
710742
498117
43873
737393
360127
555702
865913
740095
808413
930950
507359
454256
520810
371451
172054
297463
505274
809065
265487
853816
676177
176328
857752
871728
863326
213601
582882
666802
775064
523811
42221
56588
570420
508114
799890
504264
902784
932511
580141
191630
72479
748114
472549
617255
984162
836835
547929
887324
104895
614697
132072
938813
302320
558762
86685
652157
813802
621585
411446
484283
111992
217277
55887
248412
508532
108918
381808
990995
694690
824250
705519
731522
791145
261942
296643
106810
232303
824528
593447
200351
42512
727329
63591
972647
39802
175424
780939
900737
135783
159993
400413
79314
266552
327133
705175
454746
596075
153523
642414
414389
454265
481100
156597
653822
993871
24820
133296
269390
461862
700036
363958
121634
338433
679765
507841
401370
522755
585295
474582
6686
319978
727583
427851
772251
712172
801415
188218
619563
473388
90575
186817
575763
347929
577945
836210
750438
507364
376722
289822
717894
860123
623749
655673
84106
780711
906441
708522
421371
300894
197915
58930
99449
676678
974278
738166
883643
922727
265214
110826
161268
714316
964045
585436
643664
683734
151077
496859
735965
479228
803540
611842
779079
505698
447189
488996
67068
959829
507330
33045
427566
138721
565095
688595
149750
167631
190515
206608
453846
222143
431176
583325
221463
388573
278705
379444
121233
215427
327539
254242
107593
858859
760188
772239
691892
475151
778872
290475
563354
405215
428419
218423
680662
952670
146873
530734
220026
967962
114024
215502
486351
808966
608999
312070
400442
884278
865664
777085
616121
635254
497736
978428
829069
250374
347472
10042
945714
897398
183604
293187
936842
401882
735184
244356
935320
873323
777171
138933
82791
499962
781419
949411
136523
985169
964576
518681
8639
379624
97341
44330
795053
931905
444200
49758
260429
239137
937363
708215
820453
501483
838795
250207
683182
294426
335342
386031
771031
756250
374778
604894
635555
98820
813568
949188
202029
847349
139767
657738
321164
672841
135212
651825
559185
35321
750103
377915
650157
123023
939466
970425
99248
759297
938690
915570
917356
20210
23520
763309
982008
138049
33905
269340
749072
601163
360233
954149
813402
378372
327471
674765
380995
661293
43346
665219
51272
908402
294745
753031
487569
19172
261175
520373
852215
38030
39261
191154
542438
678966
844394
553266
153438
575602
811006
276131
715923
663651
282284
970425
491701
452371
321805
480919
256202
178855
836593
760983
269174
827457
414321
976310
417629
571700
392672
600095
556319
667684
667360
622802
514370
815226
581520
829937
714990
626754
793059
169255
361361
422625
91276
241909
471715
658422
605333
935259
878531
318923
9040
165471
478464
142264
764132
420796
950581
355028
473033
707178
737228
730905
321486
627782
206179
671763
342615
322143
246091
534341
992933
849372
107308
949209
192014
898317
359559
168385
731531
658188
336020
410030
997104
55952
296778
224876
747958
822606
348477
394520
210100
298251
816481
571647
253165
940675
515372
221269
237826
125551
258458
649743
493512
507831
182282
12765
300724
989492
539462
292615
907827
188960
746976
764515
508439
433949
191735
414384
681579
822430
143001
997203
650663
364086
774978
771435
672639
855995
972675
169043
474581
71191
681342
559795
869840
51051
398926
541699
682564
131423
365891
661598
357520
72458
71626
79807
883591
42299
421676
634074
588870
548194
26413
568985
869797
970974
694740
99185
767881
205604
659339
701217
708949
597256
889436
887815
925440
371564
44763
170591
499330
734722
235683
611800
235112
904511
956088
743573
807111
623710
971724
939133
601229
719053
693917
840063
994162
608312
280507
510373
984398
100145
93095
687636
748165
408185
433495
863390
124893
625774
209751
706692
107312
197648
863753
66635
967677
979441
677517
660665
986008
321145
547131
867564
87682
921363
673613
560472
144467
84216
325018
766939
249171
921622
340925
695679
542377
989852
731860
17227
405995
456485
390565
231814
949012
648894
340698
850569
116947
190486
958061
114752
341184
387009
947487
205309
904681
275177
591521
473016
646475
260049
957910
328551
69853
596359
780336
426038
978501
10150
981047
677476
237230
673093
498984
803450
747825
269376
139258
720359
602032
48800
429052
471869
420930
1450
981849
907394
278472
887169
809726
985268
742942
653112
34514
577181
734702
602744
505700
959438
512350
444874
158051
140155
342249
229379
81606
13299
911051
32969
222796
574714
90006
177349
963997
82180
589026
948519
862864
982352
872545
694096
728518
471775
123153
558113
693811
313040
747530
193950
735933
908954
570167
268862
110908
510245
480353
920593
492706
406661
301287
738830
520884
733908
67274
119608
727222
990954
238693
950509
560038
277948
36730
929163
716382
209934
306215
4095
88988
420310
199863
937195
96159
350575
853844
257971
708264
765942
632347
763685
696672
144773
52616
717379
317592
946890
209616
688558
993194
233283
330190
631216
148351
386776
110549
240549
834794
658644
423716
132039
803506
484097
247287
533397
318958
790176
768378
356320
273416
108034
340504
933298
703459
978950
369650
442331
679833
501040
367596
499673
681501
617889
568737
431715
665088
583993
457270
236626
288975
690758
856140
538733
341657
446375
366415
789839
237838
294273
400172
219767
815746
434333
2975
158892
19153
500381
855018
398155
478301
928601
817953
11502
826035
963867
193506
573307
380236
532083
715747
232390
379119
750071
268644
426852
17204
762202
905347
422285
331107
689895
133934
710189
742842
517467
224178
546823
598733
250781
237938
108294
964808
528347
293876
364706
498192
826498
119510
744043
640520
723417
521310
938934
922864
380347
984239
786721
687591
693039
480150
624579
910801
411878
624196
180469
853651
438544
701399
249080
108283
657755
311121
262210
745981
287689
150441
245032
376856
806828
108800
94057
94296
984193
575276
321428
145524
293351
305393
900631
984343
387770
828366
336870
509180
386576
601651
742980
681522
756880
585616
302257
427775
85738
556168
192496
58657
718134
210820
413940
223343
154093
196452
470823
522783
519934
216209
981910
492513
776206
558574
846139
970791
747983
795949
797672
361224
726523
935998
616206
216378
255726
992993
149672
594109
522334
75420
581639
343511
25784
976585
812218
388666
115415
760327
701593
986753
87779
758033
128815
393177
56004
734379
256513
583421
113666
912056
409023
502937
265275
664425
651078
9488
71232
408848
268304
17433
184012
343122
100601
22276
358689
871611
945710
905627
29313
361964
861044
194019
775750
460719
554962
463170
585502
719787
210973
245818
118695
580915
238302
547411
968611
531320
419105
108311
913752
693215
707805
457847
240839
968686
597179
220363
676678
915487
647813
998775
650108
682199
520684
18857
745273
555248
333110
239998
737008
740466
349378
70020
399442
763425
349497
625754
767687
173488
865747
275828
508875
109715
570819
987963
624099
991858
347008
144017
247099
881465
803953
662834
634398
162508
950773
889398
195153
31960
356428
226291
548172
780741
985893
844927
87638
923016
934660
358611
654076
914708
172751
785227
294317
374256
889014
585033
854837
739044
821630
853818
442900
818509
838376
724400
971003
904592
754946
810607
354210
97643
629257
531651
130697
311719
643321
128462
927433
363114
78580
90656
713109
878760
54923
753790
271123
759738
538539
257989
889873
498951
519206
790825
421349
835870
195613
488470
925798
661222
104520
124407
80896
167085
82658
371284
327160
480732
455603
446934
889277
894284
389051
704742
33575
6129
814904
699316
659791
638836
969429
254996
570505
439263
730543
535554
784962
375666
133316
286470
315571
503570
791034
36210
942527
654177
944010
32393
30767
994473
990983
859770
891655
311217
358479
535497
392197
807410
897805
53967
612597
697251
7143
420376
121396
211825
80331
515818
475903
525963
895313
609125
656503
808729
394829
394950
65011
748428
598709
311813
106050
143312
525097
918879
339772
715743
911203
542446
428931
954991
589372
933363
247195
585035
49815
984886
670371
929664
258415
365637
783408
207405
326841
304344
249221
792894
337269
108693
396784
56434
202135
937774
136003
904855
702028
575144
902894
747800
296619
935415
113398
676845
279417
961221
416276
74864
141401
603474
367468
767120
173454
102198
584680
851294
771886
614657
818353
299333
918182
879171
128778
196055
652900
815719
188425
221378
579877
544954
690418
80673
200731
190282
22257
923182
934201
120297
53236
821910
120415
310033
975843
415461
780253
764577
986237
696480
994470
926854
186768
197426
400467
186357
692116
157438
832720
389076
343269
258387
613351
976696
986716
307838
138087
418889
653001
982392
905136
855106
868366
147008
62814
105173
643674
645252
715024
994411
525761
217977
800276
910217
791733
618250
916401
428430
395492
845676
691216
340441
886381
98704
118983
191751
515519
610418
513091
645658
868817
189967
724434
135541
621048
257907
316811
271683
598888
305968
316890
856312
29129
886955
682220
236143
915637
735824
584627
279091
509452
612325
179094
276890
231541
156028
964793
209098
197681
848962
59812
987423
477981
152117
622610
255909
291524
591923
864537
414208
443102
399661
810160
18475
60650
676922
297186
235421
595107
221384
834382
429191
572129
164781
928152
853818
861711
507676
389744
795366
922117
435827
951165
158206
911618
160496
934821
176631
665159
211140
177532
4590
48274
461056
840134
623977
675638
90604
319530
653238
375508
54006
874998
898543
690936
948168
845065
882911
162130
757490
113057
814847
424590
82822
704834
491673
486931
441731
843519
954190
496149
573737
13544
135091
470808
789676
718736
104021
86338
161923
674809
825501
260186
324383
150622
633935
967587
323321
902941
878636
723535
523588
860736
686712
48866
845826
307623
190422
834213
761587
526291
328207
534658
70439
674449
64689
304835
759477
154497
67412
760994
945988
182978
534648
825228
296838
645883
873546
533559
217285
879369
523461
53596
972630
280064
527733
197459
110058
685600
642007
909323
282178
123670
396765
486242
322627
140075
267598
896359
464159
496141
779145
821801
886067
56
639593
274235
726128
274881
215812
578056
668016
775871
87950
176717
658794
434838
434908
599351
741505
261857
380034
719001
708406
981307
350749
96329
696510
244907
594988
669528
636207
976874
584409
974125
315732
600081
417878
946046
236255
702884
421987
51818
292542
732917
933099
707445
794822
943286
2638
300000
793484
958175
242810
886372
883667
842936
459954
454411
356959
665283
906225
960940
254440
119434
52519
218241
190826
908352
329122
344230
503129
120535
890440
945200
67570
593629
673217
877672
795053
794835
914417
566435
862991
317005
660707
223615
543963
383103
954689
972348
693992
531241
976831
515124
425294
76449
419096
994232
87418
105786
327153
717641
466529
65230
28185
562224
197074
348589
649970
841210
250531
809570
318121
318420
485837
969246
944864
79423
455892
43524
708206
229551
903390
299792
745148
389958
534374
33445
780880
338344
331464
453745
658854
482874
476732
129599
679674
16060
128800
425560
34275
710145
823277
841943
759449
540103
632524
804104
966231
497399
294785
692860
396379
714298
619845
187436
835723
523253
606322
96200
268658
112739
394456
437147
211687
328590
823277
717148
387406
622378
239520
278547
141240
606926
474510
529061
931686
930320
759246
870271
705131
443579
488487
269979
843759
628143
409889
994930
486799
741974
902264
887934
743906
90110
35245
797226
798871
547288
198392
234073
807930
161292
734616
305424
471061
546359
448522
266881
369139
206338
606808
110005
191168
583264
670472
119829
428620
168228
29942
393172
787246
563452
372732
950972
989893
529934
577037
915284
91354
245165
706081
713772
992353
357304
52874
515845
413919
431439
401190
861791
538661
293427
809389
857247
830010
741433
164010
280093
158039
94699
27783
666760
154059
628539
217345
407286
655423
864293
479610
733260
905684
583200
158701
557383
724136
325952
100092
142180
197176
715563
87909
795634
489311
265973
963795
906994
87805
526939
493905
74920
736563
972249
461977
336897
766474
188392
718218
390816
464115
718744
112121
214599
687721
412677
402846
576222
270450
722105
987887
935331
463877
793054
196171
198831
703878
559966
410444
126689
660589
927705
27391
561321
370308
245826
579184
340083
240655
223191
990814
385837
176325
395579
206669
668983
770493
589105
30843
150246
190820
854967
52266
436277
675307
990653
802972
920585
508541
387968
893085
89824
419566
618760
191674
864405
597359
277882
158479
537106
613821
901914
681470
173586
12827
110369
996092
970193
376948
66103
572485
721107
42978
53774
893744
834382
563084
803674
9565
888950
429673
490864
642826
571683
841380
404794
558981
299872
755480
350613
199100
228754
765178
321223
745904
717635
118550
272672
745096
990666
44018
151340
588738
950297
662351
320338
729924
899555
921677
798540
102929
953512
330798
222915
661015
779870
697907
728390
351652
868989
541538
760551
824249
583591
499113
199858
174391
788339
586204
69067
769398
772565
13595
124195
762037
630123
338767
10262
736939
82918
999507
694564
829180
566995
627503
744651
524551
865221
329151
280061
585820
155297
691890
616515
11979
556102
646958
590510
183447
264407
585361
24949
848202
653926
175635
950064
274082
743422
534087
604784
703337
462413
616000
530361
4386
14892
798864
647197
324639
585741
593900
255734
118768
495680
270827
795327
640246
684194
798317
710735
550421
500578
371545
352308
190087
614961
108990
356392
311054
923270
78811
478578
705538
987723
73466
173020
910280
320487
878710
717132
95267
414441
370782
265090
596516
520461
79986
797101
646461
377071
534602
307690
702004
78089
564310
825306
857651
292010
445440
587102
339964
381558
295150
954418
481273
602836
115043
911907
158193
828728
923269
100078
571351
702093
318841
272887
945341
65982
610410
627491
213798
631521
841193
11090
592824
268416
239919
409148
65680
48134
494973
420647
447024
368387
180836
706626
20819
635228
644769
199009
337889
563602
197024
604822
207678
251181
221217
707496
992445
972548
180984
899635
39283
205868
956398
416220
305254
977915
776646
416750
617955
711351
579802
415510
545262
2208
519394
935031
241748
579031
788054
604715
650973
453674
563884
438872
109278
42877
908475
667818
146922
574998
652224
773746
916072
673284
980797
442587
406592
562349
580095
484100
603120
918579
211385
870271
513339
696195
502092
469478
783360
530362
870888
501908
812840
76403
14796
986439
804345
760753
895849
781072
79048
791206
744677
985588
208203
30878
857979
520739
994764
547467
979391
491666
712826
159917
525247
109239
269018
988061
309061
612129
629914
631095
386618
867377
841094
303330
851621
632312
830484
81982
730960
609903
525273
288744
449035
581773
475999
155436
599306
152841
115854
957832
68777
755436
15174
297817
395280
384529
355599
835301
169394
459389
108264
230212
430511
197077
341436
202411
621914
628160
130802
732566
728404
710362
91555
249490
73559
5585
444903
233188
10895
170592
321096
35353
171042
876582
56088
982827
871249
169122
332191
928333
478518
798093
328748
373716
56493
800340
451084
135554
611856
357553
394137
695599
643738
337317
666025
761430
383213
693396
157672
134329
952046
785149
13952
245938
729998
664532
612212
864344
426596
517309
709644
985418
263734
161191
98603
110235
101655
44419
377788
466138
573738
323296
656075
379772
250692
735333
379056
259368
408816
537962
149862
310623
292108
79667
551097
28679
988304
202313
804446
279698
882287
332471
272092
901967
772437
457694
533352
674253
416593
912565
629072
396327
593357
402657
713293
777393
210616
11565
172667
690942
668036
960422
579748
892491
333387
195734
35384
865867
898124
214235
215833
705551
108244
218594
878739
77841
924856
82245
336937
386910
661631
708671
738954
126943
741020
439368
511267
164418
8664
110482
753806
18954
801678
783774
897895
87151
383440
766203
993535
95538
784424
830556
370090
269378
80696
271829
102196
533636
856771
729778
747120
950787
410756
944628
299376
401844
117180
521769
698128
789988
18698
115879
869549
194304
974642
165988
118324
161793
309760
819893
614996
626610
535429
719905
410709
441503
37248
841313
412482
139548
810393
271543
84226
560367
305094
890600
423685
54747
976016
48664
217306
42569
765744
811328
417117
850773
208531
981774
531212
695091
276541
867289
391867
749373
284105
716798
493534
689114
602318
295453
746628
182284
180638
656362
30563
759317
95848
791664
482126
391495
563773
128488
33603
671015
284464
633330
777696
404989
577046
649518
533558
446459
45612
810938
418102
946696
551384
235144
281800
637863
977608
339226
9467
528201
876855
389597
964119
211563
220430
812767
334797
476653
518695
184431
865360
514929
60716
177232
17789
558124
104094
825113
352309
977292
714162
134956
24395
800582
756501
660497
416281
384763
521169
755182
992749
673542
774535
266277
604705
735525
719004
101002
869320
968129
698289
343807
697220
159131
814410
736111
445173
490197
819024
802595
499916
988059
245553
500996
490557
350380
796645
44654
375315
351369
555020
113708
839901
423608
613299
420310
34502
154037
233270
59844
905155
143542
790207
647854
102757
162841
603820
39586
385230
103277
834703
520032
573312
243866
920591
8853
773457
95406
608171
360754
375355
451780
946911
521449
281935
230099
886751
725956
776330
21904
280256
806114
951680
23681
513974
464014
445813
376480
418360
574653
795531
473640
517312
919396
170837
830334
385646
347188
697993
932863
26060
413555
177748
219170
404269
920760
902664
935370
145902
999043
82801
554667
222814
806198
947397
818518
89978
685940
473465
989794
609169
41045
747952
705657
940614
878979
767054
965244
850164
256052
98219
674772
232492
441028
419684
181718
91353
165678
338571
527698
457989
615846
799550
500409
417012
629591
754773
823144
782958
783156
107829
445589
644635
388605
134594
576405
170310
467088
803633
107783
266564
199657
101371
114657
314350
305720
884077
229781
507657
394206
442588
819807
115335
415363
504758
245486
990822
979798
603508
185324
680055
958562
276652
568428
932665
956490
273923
196463
381924
800993
25536
721683
659521
932712
747579
640537
311734
312037
195508
814225
624096
595356
251712
236516
565017
823021
124637
830590
577689
293513
805799
639318
92408
286418
328292
879067
353425
390607
257081
748860
4995
194441
98688
237844
503057
375108
236145
815921
760937
325853
69565
586944
182338
374397
565689
296726
588574
101175
406967
651677
870703
166212
485425
78617
191318
409112
616287
254678
211654
368544
96296
407728
988231
492187
603764
187199
148887
700306
540192
121565
957354
323829
471883
807124
480850
76372
329549
982505
186171
75766
386952
587583
262477
247898
578838
676714
202548
214408
86562
807505
226492
233554
776979
720639
607317
111340
180642
49414
400694
281125
680588
50768
516638
761409
232483
738755
160566
526069
12736
573584
710803
506111
129363
394265
371031
63391
751963
166909
449655
555125
968816
560257
195607
115896
530174
785116
975441
753360
983564
304543
557908
496402
819194
947199
753897
468630
184266
362944
477265
126261
922900
532480
772363
545316
463005
976670
971506
721000
138051
415429
308290
498357
666767
241816
696827
152551
426925
339772
612830
888284
515895
167804
154452
715180
44077
745309
328430
782854
691393
16064
220743
990632
418191
822317
293638
262074
154986
861825
75520
643848
89362
441015
656698
617114
556353
75916
111244
325106
323812
35154
653600
425954
128423
10963
199706
174471
941353
289760
673810
274725
250895
375413
891772
180257
570548
79050
852521
736725
815678
647673
605670
607827
37324
825926
139074
647994
15499
526608
585710
526830
581352
331795
78908
61367
315488
950487
467274
649016
858995
655545
307960
129289
935094
821652
689364
745844
858312
27084
274263
767753
923357
620407
479305
285854
46390
89768
957823
1959
41713
651160
316805
84397
166268
963507
169174
905134
321829
704061
998536
916498
22669
112543
830469
702085
874556
730514
788531
357173
564558
102119
862773
701610
128586
314864
189323
262269
992723
905678
995029
863158
388663
795288
290549
476102
879461
478821
982609
689949
579963
97527
523191
949353
278142
443588
250844
665005
229027
108578
232125
450873
884618
735630
12775
709451
933002
759769
212497
291906
240359
795695
397415
722619
290592
510277
376290
668234
196773
380382
503762
876631
262054
193019
480125
65554
685703
37789
651170
359828
35376
60216
825750
318228
772032
944694
911952
318018
942177
215076
561984
225539
622070
668477
588633
630794
934641
230673
261872
66192
555586
989650
302012
303471
276778
780091
798653
773281
257518
755614
630650
774223
157990
278472
548642
162265
330164
583442
74900
838370
296658
528775
69242
179988
884997
352557
163280
139703
292078
722930
939203
51049
803263
196981
925492
87995
511499
906285
953051
894696
546997
85562
437385
110963
534410
752646
418566
225692
40363
448920
483416
146878
160739
985781
842853
243784
408279
422899
306352
709206
697435
261915
867583
130859
156833
2426
804957
817293
225100
639876
875579
63485
930147
621670
110962
659474
588833
950759
3492
339057
52136
335993
205760
200555
101974
874402
940388
525619
352752
153794
381852
606650
15484
545664
654728
775529
259115
556373
794972
827259
431410
584629
240898
534196
157177
283541
697818
580737
391788
898589
740129
990701
760816
691948
876975
970046
299504
414082
798938
189290
631701
536143
341176
401465
359892
534229
611778
801016
746081
278332
323157
254039
884225
528626
961810
750880
596093
824508
412004
543572
471346
537374
546401
849636
996294
638371
338058
721417
741237
949770
198829
929536
379081
649997
588074
953125
817960
183375
695186
338987
877959
704481
176747
854262
922108
779696
187216
129429
328306
147727
999541
921439
984950
625245
142665
359273
466542
494611
136180
3041
766184
56620
665855
336266
107984
454321
179731
314196
988668
913056
289882
519319
328738
282552
831810
368556
78313
765732
896928
409896
870812
943106
466417
644406
411963
819214
117819
718672
746796
315695
954834
693850
46607
329566
824950
150619
882927
30127
680666
388376
395987
839934
444735
705359
875893
379127
452479
784653
485066
256193
580454
993580
783104
517704
559227
160685
188614
300901
384028
450990
170692
833709
781127
76808
948012
664979
708725
89287
829544
691770
509344
856454
133747
711964
465638
860263
281220
783312
949190
627437
526628
783099
512646
333750
351585
12373
576759
151447
830939
262679
729169
392150
234363
929982
192312
588222
812612
710847
533792
880803
494593
453511
264652
275507
451166
705133
379121
982452
202707
906487
706938
181279
803067
781318
982501
409241
707779
811871
868810
708042
418365
94166
306940
652252
255316
92505
510280
592274
136986
161878
301146
968194
543358
109514
414271
191281
184409
340520
819014
253897
617639
92898
307135
608505
793746
444694
831397
800745
540394
373912
829464
426009
277874
305240
192002
709781
642388
756976
526236
765975
673204
484749
642313
456313
987233
956535
832096
227604
965288
812542
332679
708475
793091
848323
533946
647309
511407
719712
297323
686459
175771
153589
995844
347031
381628
887760
905480
282324
518589
731192
158743
25696
907796
808406
744272
594715
68848
162753
508241
156274
308686
888484
430425
96797
29291
441230
759759
689457
594324
14998
201244
989474
284889
12137
510515
301337
330720
995570
489136
911854
824213
84836
649246
580482
431487
179111
3795
570620
677358
910108
297398
140190
542545
768271
734369
238403
557924
356600
196897
273911
36230
113774
923098
91699
958760
786473
401928
163443
863074
644978
615328
810166
772831
344617
109205
108690
301241
791219
22198
935537
584800
986558
486964
342508
67507
999154
321410
701250
991281
24117
12117
221877
452425
802139
752651
19649
959437
695913
712167
24697
169477
504580
631162
935233
402016
481851
317279
348834
678597
706606
584221
178445
565448
282649
952559
94575
491833
834305
132959
837741
860950
529849
725582
442493
689312
53137
579025
229472
208587
491420
664758
181056
831886
548957
703844
327713
280731
9166
573792
526343
943977
778764
10028
514405
819884
287074
969802
207869
30566
195376
578782
148057
609239
536887
603441
510756
264464
704644
275218
478309
98854
507447
39510
168473
667969
958319
383873
612973
540372
386005
66877
129109
283495
65537
105799
368780
445584
257612
777001
583080
845376
948147
658529
679897
833657
124068
753121
948798
84701
947753
617520
196771
493730
809134
907566
515419
936290
110960
818484
894071
448015
115012
681434
937184
490116
283010
905682
946070
15990
685388
212337
61317
681353
978366
539022
526593
336959
997172
728579
664927
798475
792626
350865
882351
903044
340212
24416
993945
774773
239891
317539
712147
237905
49105
803418
15740
884484
427905
495985
625176
369636
238294
134662
154217
797318
482566
773128
394342
561069
520090
354618
161434
138846
639189
207319
190172
190351
133566
746640
816807
287229
116876
86001
365077
583261
971182
566945
380413
966442
343028
147080
857509
376925
965021
304331
819942
807547
444605
203314
980379
146696
569419
28459
867461
900761
498245
103208
364799
579847
71552
443107
71512
863167
596880
825217
875282
326327
351823
194836
174966
88123
270
625659
407890
466021
239894
792933
896081
882411
556121
990450
191349
622099
274426
240378
338739
745409
480950
354790
434794
358705
676269
77052
682178
276479
411921
468089
381213
848739
379626
200215
4989
988539
177603
651182
680050
257217
124917
624119
284094
147868
126477
229163
721671
21330
96796
669706
451575
769690
422364
556215
330100
42447
867834
635456
771831
370241
636037
881148
981771
52966
104113
583437
816612
186222
886343
114437
188698
178420
185197
943333
405120
672784
83789
401025
602917
598921
312101
303679
529127
386408
224299
345214
565934
876008
367067
762003
323596
618505
138014
53358
553455
729347
498456
151707
316801
364184
676047
472997
828765
901698
270643
680277
603565
491596
834638
538200
400612
284733
700233
811518
945557
420526
397656
27295
13038
608509
98883
433560
791381
790554
770642
833587
249374
854335
536661
121444
36774
96572
722381
810672
225807
277296
522106
929577
462296
280212
280258
133716
29207
326449
219323
457707
695190
614258
742293
473213
267144
472916
560231
94963
172966
361337
227604
187503
676651
307036
674202
810637
551464
18591
759927
753739
269124
408833
540024
955013
327252
99947
756831
49625
730835
450217
535792
41577
406846
217398
389912
358590
875855
439407
352251
320969
352723
671530
375256
421382
886506
582368
859483
359226
564123
370821
765248
822235
373202
873145
228447
461006
678263
696598
485080
655434
57771
110826
243547
55964
806817
535551
722836
258565
393687
189973
644274
714494
939440
252017
415571
990748
75440
373454
530510
310541
761427
888690
99356
219778
405514
81308
736163
938599
160211
31065
558433
29837
665844
260022
651889
970281
692435
112656
401085
502838
778165
883079
220289
103093
922833
865297
491255
275925
976
634283
527909
737133
729956
844329
785983
221989
211842
235247
171321
213301
42173
652536
891438
909061
882624
786131
229862
471028
256168
387759
167239
951157
934204
639563
522651
455379
341514
907535
572986
327957
690271
27961
542228
423868
414242
106544
281949
290857
422413
843765
896789
681883
722441
917687
739443
149463
348198
275589
37549
990240
534772
855262
694183
12838
246721
753188
376374
259195
704238
716847
821519
744960
863280
404286
993936
882846
87137
934921
899691
336752
920960
997682
468203
718334
275979
634201
662180
936741
332600
674702
428284
191378
143563
797538
308751
4973
777878
236886
481731
456210
938963
987509
297322
453434
99735
564798
414989
425592
639732
537337
238235
320864
914734
204394
799918
154306
15063
903139
509558
509396
962314
658868
156036
161389
586688
37374
758261
885486
903506
446502
234617
936379
611531
541349
563327
587303
687977
638907
812159
779630
154673
34563
717283
809051
765548
752610
6355
157642
576001
967385
400412
726920
450480
869307
237372
691030
983337
713720
336588
775821
516039
687383
380618
137883
672172
139650
602498
271915
864761
231163
401113
598819
282666
351789
636086
62343
454477
898141
758669
989179
469981
226239
305225
988709
425471
471717
800342
97841
239128
560914
405960
793070
895561
349421
316971
10709
504328
168593
726632
87530
122460
146881
551184
936315
131316
517241
917192
497094
258533
965407
29394
641272
290815
223385
458292
95823
943050
967992
171590
784544
247906
276625
572637
253493
434796
959533
842704
216526
886836
881558
250915
823304
358181
921618
904664
840220
211876
305964
662414
583678
28297
237293
803347
583525
255994
415466
471950
496170
531494
846199
368642
725642
440603
876921
29376
669126
646661
827993
40300
306666
872900
96725
708777
8874
221096
412656
223140
748327
996428
421514
655290
827409
775628
858826
529351
677671
437348
881335
731212
825371
403942
98086
379452
271185
848152
590990
551779
83077
509416
579511
638259
423819
615116
288017
185325
154674
268986
710689
539177
521922
631105
441046
544962
475429
796931
914746
767136
199650
423119
648388
72227
59972
834527
411338
428904
846041
191339
259347
824956
197910
512615
343563
407067
981848
427424
262160
354595
384325
741230
564457
904218
376785
514455
200214
394776
952989
590145
586306
960595
645305
22481
606741
192069
704714
505508
876518
901756
482695
837544
820750
776894
940829
720537
764055
617814
130931
407572
130964
602687
644936
206425
707338
23596
289719
260770
686732
108530
992989
823642
547364
791763
675985
983228
138605
760616
853778
632649
721598
768874
184127
686309
786241
856605
174783
307471
668257
534233
939200
910971
545
789302
309469
859150
696906
389651
433113
979509
661181
57923
396808
164259
825254
406421
618829
817317
106577
910911
24446
28899
724694
349798
701988
183413
703792
639117
395422
790367
38700
901975
457829
356139
341309
127866
69609
560546
460204
949123
117723
841574
335532
653055
619204
575471
351884
56909
819538
443360
720645
849854
544627
11717
7219
284262
144858
67564
806305
55106
188447
151581
258813
569413
953539
495990
558506
704065
959057
691560
613620
654191
567263
543432
909727
597787
435444
958354
208536
616559
33476
584129
665997
847385
778198
216004
54296
36252
452742
794653
421270
947376
25639
208027
79766
523927
122688
86130
374382
178366
249079
684596
455783
998731
913804
25390
904344
637193
883452
360801
397392
60398
989382
13724
142253
411397
577161
636211
762761
639740
668940
727326
243668
55756
304920
288688
762941
543360
407360
371825
796426
479781
56257
786075
957064
634445
894148
669486
129308
891775
386304
980464
724983
333822
736700
945284
777960
677620
447730
672166
873035
329788
692623
936705
305119
525065
441687
740269
623478
361078
743974
102792
929925
330794
306129
111856
781851
841383
348779
653402
801519
814576
633380
154194
441298
154837
34699
850127
743939
181468
714291
534898
788321
480718
247028
900251
773563
325147
458889
708520
134979
413482
544727
817611
409314
181761
278221
384519
627557
529294
872742
234951
233108
87888
929291
788379
827299
622501
492502
868368
389058
779440
979058
394538
646863
11430
844702
582848
514603
63158
242832
714997
17066
35731
980726
590542
92068
976479
572375
996213
14633
191477
203673
905161
897553
757331
177563
194016
87152
987874
267266
167322
42153
338020
579602
568099
101658
901561
452018
159300
417973
838734
846802
123942
785966
756259
79720
146085
436816
425334
336341
171597
138603
356753
441639
275700
870184
756461
554103
879028
123453
969538
676787
407747
820027
768364
243958
900272
163908
920059
216147
505595
518363
942359
780529
273810
353364
621262
92816
919588
725738
429756
136682
521764
944175
477590
391668
351260
613854
668755
815427
163563
747980
878775
624972
608797
634301
148605
488900
118693
74067
301088
793190
298873
914081
14854
125459
466186
604638
552586
675795
936543
225910
694116
189049
247309
359482
381751
672677
699797
335222
429175
525604
883354
710051
289333
588914
767997
204339
322761
372383
62103
236618
566939
804174
951570
414669
278990
341530
364644
410898
768265
306708
186986
423863
358114
878952
634269
785102
29289
47198
295155
71734
648655
172668
948756
94981
967794
869768
650999
654561
38214
767146
170393
215150
108961
924912
88858
51745
3298
63276
538420
783924
622015
197944
236824
166386
398379
445658
682855
128754
512928
615618
421065
349216
558030
785520
213870
121910
864864
921586
434463
248651
461671
374027
462016
758466
555749
972912
474724
769763
70712
136492
350605
850438
668898
150243
497791
711019
50545
956595
159871
192871
651215
936886
116717
504761
345960
989348
561083
795387
818227
9366
198601
773556
946272
772773
773279
17802
30173
791665
350534
914581
426564
480701
220099
551054
633572
64696
87153
395366
418794
673815
718522
156915
988587
275357
298161
227397
312529
528828
550415
956311
28897
265173
462153
347809
46373
212572
968650
115210
324474
484823
287634
614523
16952
290309
129963
27727
441209
11163
313347
117990
687624
965673
860139
699993
937256
675996
872235
214984
351422
229852
800639
153934
889372
753366
246899
494102
201706
440084
896598
484807
349747
62215
485150
312091
508361
577895
476824
833997
798166
242097
947593
856369
488385
675983
545062
447133
515321
165718
977261
401733
731425
879977
131423
498981
879640
868474
250010
636183
349092
267185
349142
48836
438074
403045
451004
573687
275628
539847
68574
899149
318959
311838
441559
159945
868040
136492
227200
957764
102803
848496
830732
47233
173808
612805
724673
174303
265931
709480
317012
892711
589061
143510
185183
748357
984452
49172
324353
827988
942228
715080
724754
667986
686648
755781
996417
131187
929041
22372
341517
488785
630378
479437
89308
265280
294430
760149
79611
155584
252838
335810
735155
779084
329091
83177
621060
294287
555844
930040
901377
153398
188917
515152
861703
576288
294116
776906
61595
767282
38737
883739
313312
430664
171569
96146
881201
316102
374431
495550
634209
393356
487264
999724
729292
591752
965393
432781
521370
305765
143791
401335
400592
575905
278211
998402
647698
669180
565928
492179
750329
371596
775290
36533
634893
354605
163869
30946
350879
18262
364839
239906
984134
303176
113835
195019
294516
864031
943203
608038
373364
701579
949561
84466
898818
997784
716402
146306
691910
555176
597560
284417
586799
907523
377730
162134
784168
896261
935202
980386
327098
407606
285162
629542
382526
200759
51324
296578
813053
889943
584557
639000
941478
446213
927318
216015
506667
407776
631415
703988
303352
633963
56967
517818
686416
323996
350748
135522
759686
152403
375667
37366
535958
836008
437661
762735
353630
979869
336903
885430
779004
934002
131044
200264
892869
130712
212665
183538
312798
16445
386308
170108
865403
914566
501642
38818
365810
274331
867964
242045
6651
914139
881925
198785
969990
480689
917491
721247
489145
415038
338559
213707
19909
861878
488634
384344
619428
711943
890966
54974
806065
927731
261455
220094
133155
270783
212724
524252
87847
453891
519254
491915
443034
929442
61324
868519
769568
809684
389471
141404
5604
478111
322777
969572
91564
38757
383717
58157
710679
799254
69283
843480
844406
382853
535883
376862
679045
319704
157179
516749
320005
232986
987358
872368
843959
34923
512443
803213
227638
327063
356951
92872
771889
410435
21192
985829
842629
263043
90392
929963
943283
34121
869842
765860
36227
475001
22828
180288
875764
123032
885264
405529
825886
359522
584905
697553
358886
316922
45255
602455
306782
888764
984718
72393
810359
292526
519809
379315
479523
157078
568967
101302
503179
951781
308888
203716
537706
436369
488102
826184
412997
544192
72426
996322
353735
153120
622601
347024
419772
527379
428643
641768
926762
265480
995769
886978
686344
885733
179896
633970
637596
920224
241126
943858
691636
484909
286376
207263
393408
912338
169837
114714
835082
460950
29179
92111
594580
56407
285012
167378
167565
692539
995780
484581
84527
694399
769290
423126
789496
455019
332385
500229
952578
375462
110890
10372
896641
949286
304439
152791
260121
324351
533878
286554
776026
666525
240952
728386
799001
710477
788445
795195
818732
361973
907678
318769
712001
357860
701815
469035
150683
281988
971247
485265
285483
378348
620357
590606
499143
187858
682233
910096
608585
768990
163252
455916
19207
11737
941332
223007
918250
100100
431960
995952
197293
115845
660133
257713
144308
654652
482163
422820
568966
257141
834839
61433
702505
584886
171373
432181
593689
164087
819681
327087
922916
293169
883290
742005
803493
817423
329732
625867
567515
412417
995897
538707
494309
163440
314252
378504
547804
496332
694961
988324
274125
227776
453516
498274
337297
516359
545492
557406
160267
746392
768292
28120
377918
901757
635294
317463
117576
44226
175292
270570
513535
194312
647989
135817
258279
716281
937672
363035
540301
977941
625383
273297
350210
294315
970755
961775
877431
983076
22576
277675
436082
360122
621942
111278
801515
974022
873267
638903
11781
699958
65200
824031
820844
125149
131582
738551
711111
968868
834764
523405
352858
844830
523273
875150
825468
280506
545008
73669
933231
419537
652405
336577
385697
477791
312842
192085
343998
798031
905422
241593
479856
938927
104659
987150
685876
571843
265226
544895
131482
337653
373069
979267
536601
595498
552137
499903
974220
446383
8710
450567
645261
931346
486549
119749
789357
846029
162069
829810
916045
964830
144289
552706
972700
13298
261273
562589
380653
406463
535052
846919
727283
373041
664127
88672
858268
700668
230237
790727
187016
146192
624378
605018
76069
802603
865157
607897
913321
67144
867978
751145
235434
495029
334306
366836
285853
916418
612024
788077
884329
828181
351352
73969
510055
733403
938645
579913
159033
491097
942071
885900
183556
729056
999744
728290
291531
780447
114938
847523
831081
531858
347295
489181
642539
890585
688004
758325
275143
263715
783714
455076
107965
742089
299842
126371
11337
93751
30789
453218
885698
710661
523725
284465
695763
31780
165388
31298
873619
656563
883815
230213
392002
543153
366918
368819
73570
206413
483322
303015
266223
414618
296012
423782
839869
495198
769694
904959
328046
952905
818432
132494
650572
738179
500370
114266
559049
950878
425873
836446
541008
403819
305024
191525
710023
889384
544755
809358
868004
178007
667643
89647
906729
930154
483497
178198
186045
169306
896385
778283
682729
891670
609021
772465
980075
925465
717754
518379
241018
253908
660803
227611
135704
315531
412345
783846
848845
641212
206683
555283
86597
885241
243064
557042
679624
624407
516526
588249
894737
714687
495773
598474
476366
762209
965038
881264
412147
120457
240314
313096
327419
855562
981144
516445
848317
314326
253958
668843
92583
266991
96178
158821
245337
439480
789222
251730
859168
17061
870287
483026
594317
222418
280296
203839
888754
812079
736712
131119
978616
822936
126916
731605
863776
333058
449922
685063
260308
394449
839195
434842
831145
102791
972780
972457
625396
174168
251002
731509
677126
961561
827263
431078
849861
521174
981
372016
807912
288514
109182
419089
552718
492617
956878
53686
170620
4418
994677
808573
526769
4736
300269
882838
547432
75464
481468
295106
286442
891420
347430
3902
800781
510838
689523
560761
231180
814545
387928
972416
568708
879264
667589
599546
869001
587938
299018
641231
645219
246029
449703
708709
572392
179495
305134
670146
1015
263988
878167
159061
401230
161162
245472
110544
152009
24064
246431
325998
134136
257285
696486
922066
660763
699084
992977
597520
604605
77349
734766
605060
324330
693223
822730
718112
748109
675466
718036
275524
350123
328337
706032
623430
711798
94500
338651
664721
489103
609084
17590
410217
678811
473975
855665
758988
88961
112779
530837
62964
583869
361175
602285
648634
564260
843669
658706
322900
566324
758572
60242
936383
633623
613090
197053
224696
627061
685999
806923
665635
813298
191404
431085
124751
811915
147434
640495
280593
56072
587552
219398
405901
462559
84220
647484
190227
31013
576474
111669
621541
445873
964050
218460
521943
609551
667628
624431
129999
252702
597487
797733
69612
87111
951575
515320
429059
453338
418724
257298
54341
232582
414607
259736
19644
666229
326232
297933
47540
127874
394234
179109
792822
921112
120832
306279
600496
953640
88241
380285
218608
415302
223335
355611
383311
711969
872766
206026
798250
977757
389607
756688
575180
995791
911004
743742
655976
677396
781230
39894
531585
896590
293370
513622
510956
507901
832954
485861
122477
330741
580599
618585
931519
455233
386588
554723
817648
383061
689447
166872
941352
609576
534712
245020
360650
608950
941708
358509
700978
224016
183875
287433
488543
872350
677533
527869
722602
451955
610755
295500
330356
342603
893186
427192
598303
275428
480082
700080
12787
670773
913556
545365
785120
152911
568987
668842
111011
467791
634466
915865
537409
685949
855515
969116
783600
183429
448359
593166
305621
552336
557217
2831
120808
832189
618260
695949
983028
93505
787469
927926
938299
430296
327180
954935
661431
216678
773908
332399
741626
319791
669602
572789
644215
435439
948218
959618
347225
382616
786460
335165
769617
998118
220438
947554
829933
482592
118515
62925
856484
286253
85713
325737
651822
519567
970960
294192
472784
291073
909798
340957
742005
903657
860752
746166
560568
428282
226723
261615
401791
876138
880833
252093
772801
280202
935847
811705
307239
968711
1122
876844
754768
166395
172769
771517
945455
345393
115366
792372
930576
221044
357975
875306
145464
176018
441329
881935
972585
729010
195548
712472
28612
51663
479321
848323
615241
534544
850903
657416
961722
240006
201125
917534
731487
204545
866050
103398
719842
201551
276753
891960
804186
498450
496169
6537
341797
474685
347592
689654
984685
286763
665895
212271
751822
167324
903848
25091
581134
960524
955884
565187
227530
872370
30465
1750
329010
699794
155000
263257
278699
820607
667221
873840
824595
147441
852832
145774
213153
654654
469081
944029
775273
514361
151368
25706
44415
743588
304946
19248
839220
768850
313512
686815
256444
100126
385401
477832
608752
993601
824455
868745
834670
881236
721975
352336
951646
781347
814850
132301
400336
807850
764841
686456
888001
896047
834309
768828
753021
330619
413756
697279
61406
622838
261968
996943
709810
400798
403217
474922
786042
968804
519539
759337
517391
212899
511418
931019
328544
220094
244945
472986
441366
308436
961467
379068
711128
136802
164705
273433
59306
811190
82377
233827
181296
125580
333095
263046
260945
309063
375438
557358
956727
190029
92031
421744
494770
792511
845218
761110
730812
442644
619794
154698
654935
539985
986131
655005
821395
922087
193247
685365
811052
464617
288989
276305
387279
284136
111283
328506
582525
136300
914098
748105
493769
427346
126640
938383
112827
634685
64884
809700
88023
387386
143241
157071
216247
464564
948725
890383
450581
317264
504260
505860
291749
598950
349565
10365
157407
535965
356598
130463
724314
533794
538051
891950
470164
108741
814154
298875
214158
441264
724530
514218
467284
734724
765754
54623
559515
742865
120614
339781
234818
97586
301011
317754
72443
558660
757868
482523
143299
334145
552245
448999
361421
59644
995973
322322
784573
286651
618961
783657
409551
464556
378402
15900
260312
53958
178985
286509
620005
376125
684521
773300
668352
397729
639954
971084
687633
686100
584878
117982
546784
647654
716276
456519
367480
811343
394938
900585
764199
16968
195336
547083
11875
358790
707528
8430
217799
350612
847385
450221
624762
251916
579138
997263
323696
677425
882755
486253
746250
76716
604616
881146
796505
536801
604919
514804
872832
807342
196520
489766
535799
735744
98100
501591
21228
114449
851238
2067
203716
945346
465871
426451
853695
760784
147574
909195
776249
522998
748203
253073
128332
549663
397628
16869
299027
839943
245569
157793
196682
368877
953042
120894
808529
81079
192985
754176
190607
46242
979714
202944
862323
400483
807375
397076
563798
349471
847815
18204
746236
830404
967438
176300
551354
699586
729936
630609
457201
222762
795991
452866
100728
669025
460413
626469
523032
130944
57595
311226
659184
282188
234911
422312
939705
130957
676316
210658
752932
112269
767036
950582
10528
177006
251632
502578
960631
163816
975048
169459
246680
306143
249533
482443
982191
380125
36652
64654
814256
249713
369502
15545
666100
888099
134530
986496
550714
644626
251964
190131
988622
835309
714262
871756
113543
803786
699476
44823
198185
617894
131558
421950
92395
418234
15607
753136
2772
939382
347811
94254
807807
605340
833989
555506
315517
493180
605997
742204
584089
499720
857841
738938
854390
529939
600539
507923
553685
41003
615232
735184
266739
372047
80048
255207
754127
196175
248073
143462
477129
10943
326886
525945
409894
7831
197045
804503
487600
936554
934438
513487
569339
211777
317248
971115
264898
968084
913806
469566
63215
507812
701174
895567
774073
179639
239337
419938
577448
393777
728758
779103
779060
820876
91066
856994
800011
902004
248946
232542
735346
62082
660785
719470
649091
139346
669420
976314
849556
223043
415859
207362
298232
755338
111546
967562
234143
711987
207318
223586
204697
473462
753603
126609
23543
950258
468321
629406
368146
518025
814976
615418
843685
501399
622800
894669
45909
606607
857339
272283
917522
728628
32142
851731
7637
36529
109842
410868
835977
794199
88569
9692
651334
18609
221108
269359
782840
452100
38690
124384
420126
790696
834850
881439
374447
474429
848137
304671
150935
102860
972399
859587
262238
663868
479972
37604
710314
166638
325952
126529
716507
111157
839256
283396
875028
897461
788813
565485
29402
746519
333950
396574
425620
18278
494685
641281
906290
225289
41247
660633
74282
653533
372621
849316
776286
601326
926072
292714
851290
928723
198410
917862
54009
354403
429623
414221
710119
567575
552209
906303
80128
552318
937531
160969
903447
159255
767797
920789
195092
992014
471383
765615
235509
882518
325017
372916
676853
350175
513358
214873
433417
700597
180017
25237
279943
355509
376600
664877
713058
458860
889797
356698
865552
982349
357276
52312
816844
835919
622510
642317
578359
448161
552563
259732
128410
213323
70551
450534
639622
579234
400683
310885
578972
430567
285180
345732
111401
464126
159425
215573
504041
784582
379630
559536
167661
224345
700325
769853
704151
623073
220556
694559
300097
841749
595705
911613
962365
565327
347850
76078
674103
118412
671826
206209
279351
932735
760366
14054
87491
108754
554421
416251
921505
816506
849293
227703
117242
385525
153563
365677
352154
978147
37202
299966
563348
475262
965293
845150
961667
966840
535735
457025
194795
72816
790151
901793
231293
80144
932746
733743
573497
536773
205624
746899
705518
915036
366569
629090
208925
824566
364288
745436
590396
423720
168197
36062
503190
562865
342801
992426
672207
532440
960162
340113
866502
197026
242639
885307
671891
219373
567509
116819
621807
671789
245391
874961
994035
310912
527044
93797
124793
810863
979291
149117
660831
371459
623849
990835
371050
716098
263851
383830
278982
840773
983503
910036
809003
336759
958508
871297
169308
613804
148627
512070
496842
764699
667197
388136
315349
125562
166051
30644
526642
89396
633197
746117
741159
780234
999234
702833
188531
937603
23742
598934
578124
258385
905410
35644
994112
326914
400868
879399
863229
944799
504775
38012
860524
96677
68550
206029
524215
208413
302154
416835
591404
642074
160636
373863
43513
324815
458579
268045
612567
210634
176846
250781
345284
16849
769918
827519
354920
506072
687675
876067
824537
906971
907767
137194
138106
992222
924079
150836
521598
729215
537661
280583
613322
132660
159563
358040
99513
13223
448610
584314
688313
112939
306272
402016
874898
915801
827528
157520
250951
523852
647347
336103
635797
959477
967077
557187
224408
851419
934395
164176
48909
70962
141632
304050
349298
868311
327454
443660
973514
314662
209713
409707
329725
26425
198071
661587
981211
648445
289060
522403
645505
313778
321938
367719
770836
73279
62294
179962
723243
8623
617710
715670
814921
863372
688022
739386
849223
411990
181369
775030
276689
637984
48773
911254
335047
273096
24087
213289
104771
334737
120022
738605
638906
391711
339547
626584
711483
85390
571662
663493
10901
643054
911820
341306
115414
545887
310916
59538
127597
325958
1825
535628
691057
869801
409825
674798
482810
10285
962053
910423
880685
578921
806625
693664
66774
385190
865107
956910
183534
147190
89488
284568
930939
548525
953434
340847
171030
391361
31246
405806
254728
984378
676889
153215
614478
779477
288139
688872
130044
954043
504196
982160
877758
865561
580554
183538
35961
724827
805949
305181
744336
296074
956001
273701
182210
275200
998683
186794
768560
124676
667895
155714
223804
582406
704678
132166
413710
65528
729541
593462
505456
410886
974168
609802
799385
865460
582677
453718
721735
664723
563037
164696
104069
990368
776070
867617
469004
359417
390163
59678
358790
936637
852997
195
982829
148991
743242
451027
798418
523621
353044
680782
21178
39587
314245
212855
659107
596432
67270
891648
808292
13986
716855
554388
53362
414731
315776
690305
377151
311087
279622
29505
974140
190912
664314
944867
431744
821560
220747
103643
770561
84914
442364
481058
632318
986726
178960
670411
712255
141119
963425
710372
804980
66459
611791
430341
771771
134366
740694
949752
750589
74675
299065
912580
799095
526241
780059
402392
780631
26309
943980
140113
760124
492338
995328
133032
796832
817697
200891
605179
682386
474390
993321
946998
587611
339666
875178
500766
742595
617839
879178
963258
539180
58459
987503
323550
331483
488179
316204
307029
422167
534843
897970
498474
689066
585592
891237
437587
64964
756075
13837
733627
227455
11306
762147
903339
135614
511964
965643
669908
48558
526928
311010
531131
696046
859386
296940
886465
811019
268684
186224
574990
838116
910061
462176
205402
934189
518425
983408
467159
170894
169365
611655
729727
897003
748301
659603
934069
690495
103500
910839
787290
724769
875094
801184
89903
768169
621605
272245
961186
722348
877119
77932
783223
477922
664880
301434
367636
87401
421097
309666
636265
721250
912181
751919
540346
2042
641300
543741
644362
44739
904438
885169
542246
8896
567445
304328
164875
216384
123311
712141
823156
81697
870047
501796
710340
860662
555479
222532
630541
549507
511484
809794
196987
418533
948510
407816
959521
270286
897171
974756
853277
604846
663343
264317
663785
648622
162145
248864
216641
10390
46317
134904
194989
765327
94210
489052
416106
165442
972919
189187
329273
52190
233127
513746
613827
528569
831397
683094
974503
348686
796446
329229
711906
813733
424714
487071
233050
655376
595086
228266
688839
273297
424882
692475
198718
137945
988282
263192
379292
725035
887523
786298
172491
497183
776507
334936
461620
686659
363613
644446
370689
927772
265864
562428
776589
216458
806556
622875
850155
598985
642352
135595
547984
782932
146450
421976
241630
239268
316060
208411
43277
262678
22447
875309
102328
723626
45519
399702
751874
431399
213851
329507
722787
909532
335015
138485
949459
336258
730872
1398
462673
217790
764187
221479
410064
39042
376930
831189
257343
205139
523836
164267
969075
810085
514608
182496
588788
429090
203382
785616
684065
822474
648498
541481
964992
131699
186190
772156
374054
422834
192306
194995
368639
282258
235811
497250
257339
638209
423413
919542
978582
828555
78254
566346
461506
656061
321145
45656
329330
247723
16580
475852
825349
524494
349750
335732
92685
619205
375760
854804
34748
716604
512415
30487
528362
643242
208795
61535
676486
763700
906976
598461
983446
322543
264838
462204
90220
943619
596895
610072
670311
916651
294604
107916
780643
556568
669436
391113
246910
326645
550659
528450
958408
748742
50322
888420
599814
17385
444825
353764
203299
15743
52790
285616
257012
706596
130520
824263
978214
42969
366453
280996
433607
985027
742180
552917
774765
155085
34583
393387
930375
22376
565305
574858
54462
706226
948064
646112
119303
87988
594479
331123
254152
709574
773963
709202
559140
944013
337784
221613
239909
409509
650895
978241
661317
225817
162014
707435
175897
556943
854108
950558
737051
729025
28231
985392
171666
185510
299612
810062
471136
179503
632050
441616
65896
95661
192820
722600
889369
604687
97401
370547
801180
635913
758274
679986
85782
73873
364367
534162
447450
994115
544542
454887
147886
527653
601985
731448
80696
76612
969051
873907
35270
796541
704567
651393
222519
694872
668484
296372
594504
860558
627249
945885
401662
636395
224993
866811
583085
766734
747275
576782
655716
739470
507825
25865
807414
147255
379899
248357
804261
417586
603504
251282
673004
867330
751312
268168
321065
810539
131088
167804
155045
588269
591602
820079
848194
25070
888257
156832
835520
479029
583590
912930
177003
233106
777194
367176
866469
434268
81545
185276
971147
281298
7791
15983
743495
204515
635666
688106
60786
286282
987691
504260
712419
542864
582866
79468
581337
561077
929525
841062
944833
126889
560436
810323
673124
194549
98781
606504
936623
927543
63423
286785
805216
599882
681133
347854
72779
154052
302161
102315
86022
924377
334825
838542
595191
900316
616483
919258
911288
206054
277969
707984
901604
296783
476425
722853
200961
946265
615900
794606
849098
476845
377265
89527
720087
603261
552061
426228
420907
592264
609377
28687
735962
182588
128287
952672
167829
289333
733690
413755
599572
960932
821418
153890
292830
746251
223993
957147
8632
239396
217981
191005
287016
385057
643570
783268
679588
228047
104307
356132
836188
12884
220757
803354
417313
433431
855777
99069
743856
544830
937579
969107
142815
667922
108115
582433
480099
29056
315032
326267
563836
643641
681492
692601
673085
626616
260184
723466
484028
558755
53732
509346
703762
994955
524099
962895
629135
567310
35969
72041
174397
277724
335114
847528
336911
108182
208801
737104
597735
692242
887865
277639
752449
53819
639028
179719
734399
73302
204085
369902
887633
690335
416228
152946
419648
760721
707069
37107
381656
256197
704085
198441
148272
806642
710571
374012
543255
97363
716775
708467
825309
663014
610354
138948
792955
727888
438513
939657
35232
796254
455647
647892
190873
270182
257477
270681
471707
565324
894105
199818
849008
299552
756593
244032
618428
69477
657762
18325
817131
844141
293817
292558
643642
142111
64341
838261
255710
990683
601632
974982
154260
440756
81512
284607
16774
396060
637470
90074
15255
790941
857577
879319
514059
892419
413224
10098
390870
544024
143683
839348
672768
855687
419500
154854
750705
170658
640696
160352
445215
371007
303188
487423
731665
513725
38053
215157
307406
644453
884032
671546
920999
741931
273987
292256
899998
426707
276494
9284
839922
370480
278113
804704
194184
8007
719060
927166
608183
317971
784877
542663
305456
437154
998753
115706
742408
391133
920874
283896
308132
520228
577473
366779
317632
726168
652537
773607
277660
985714
188408
413433
851395
581136
351122
792860
364473
810384
782083
848474
768
879317
334857
891119
139207
196583
942428
414394
90352
270839
212875
564557
222972
4031
217076
790051
24982
353736
325088
611889
704889
698885
717369
917141
473854
211805
207336
215787
642758
220230
952207
502207
258816
809101
176864
451932
399447
965106
983704
119363
526651
649135
700380
524663
119371
4633
213166
109749
645340
474656
912268
811266
714601
626289
278757
840604
987095
226106
757305
160594
759586
652045
666124
162863
42794
647646
993478
186898
327444
447399
123626
654297
758174
938923
34993
808764
275139
490774
528322
950966
865479
46531
47185
613597
80160
888856
500177
377107
973057
34060
923735
184405
472580
85833
574285
591920
274738
699756
362255
622932
146610
836074
931813
325697
912909
546188
528926
284190
291162
946202
193221
487464
31307
510422
26243
561863
614994
139039
253072
399933
287601
274487
724823
628215
697117
918686
178214
508486
115150
592413
913999
884967
37606
958558
788190
340670
842555
506360
416182
287394
293443
955145
889866
242833
867803
129341
652149
937988
16820
950187
798199
413918
805786
126302
210701
133054
342562
235952
504236
992883
86896
182354
292505
104975
734626
991593
756648
62292
553181
709779
445327
100108
770098
823560
925797
564661
569708
285915
134845
62168
942328
709854
728281
648186
329649
949029
667789
158764
490824
54499
104498
630397
793613
908210
853827
432592
419292
387054
577751
924232
54822
621632
3515
593375
497691
618233
341099
258838
906673
291732
955693
32007
864852
46302
442763
711766
622314
419505
480043
574278
665986
272988
930892
489832
621592
878046
938079
36333
170311
718225
97152
713757
986316
558308
990351
199521
200626
274369
373679
544058
248224
737613
600283
839508
809659
948237
387040
488501
604601
63206
487035
963088
126147
757757
536271
391286
297798
885117
978883
222764
259799
639286
296694
30359
495552
556323
575840
953876
201772
702788
991942
937508
701290
159338
541913
960580
355873
130321
569068
45787
743377
183655
835408
902093
17409
553963
246671
41453
751499
740785
283457
964495
456320
445122
924749
80059
378617
732255
616960
897149
387899
449254
883843
75225
553094
891470
28284
707931
581434
673677
931652
684493
602407
251865
392576
373891
262640
199626
530014
909072
315674
535646
519534
29787
272695
777047
598426
30859
572457
137151
82244
547551
35541
353419
447931
561755
277542
720286
864152
219997
78459
650532
329147
166222
552238
112095
137438
250548
763330
361150
884882
451555
846504
668777
356574
619091
89710
699930
505009
801997
873733
330853
684032
282624
598829
596376
273472
107312
10495
692093
382722
533390
107862
736444
294438
532706
544475
843869
113341
943524
689068
212012
540223
81771
84521
772469
944613
54141
322715
121455
640677
61509
43904
836341
747656
692706
841399
493103
106217
275996
523140
720655
249484
905841
758977
257592
312216
488078
274018
211385
358066
543321
243619
492662
446200
649515
482896
19559
449303
490331
947761
33722
648458
395957
558735
150484
59375
393162
766759
124469
335943
456097
598827
833658
749130
255371
150319
127547
947941
53140
209463
350932
428753
608918
34970
150081
788561
401511
826450
809891
424584
99890
5219
547935
644404
302947
711334
445478
16651
357308
605298
550607
387888
474181
457061
316384
192338
719136
380628
898987
450402
651706
593229
143829
838447
545054
242117
658546
696031
619619
703331
643148
339660
892806
77416
333187
61240
904850
104889
630478
789871
609979
17994
961951
217720
980299
548265
847269
321975
426612
259428
25003
824418
17988
826200
147486
152990
596598
549336
403691
954869
253924
767414
632455
747382
943130
612913
233864
741866
387207
720955
554864
270062
56269
258661
509771
226738
927927
42857
628782
35404
359754
369620
300767
697274
503348
723982
408211
450483
299937
295431
813202
14568
586861
533248
557175
319516
253044
839283
938323
788700
772804
959200
800626
28061
56436
683702
910837
182514
792334
462170
91934
811879
492903
7702
612907
302461
785872
772129
635929
957441
747685
488583
550793
320843
539395
765493
621888
974352
120406
457123
244425
760997
773263
383518
838389
543313
201397
704049
862403
108813
949075
134511
301786
652250
339791
874272
705714
191743
913883
703942
907795
596574
244996
938058
809654
652338
491880
433608
689159
191336
431493
922548
278220
726102
656172
243367
34207
960476
350740
535562
649559
213654
758218
342109
230917
207419
525574
125797
869530
31829
170522
77232
701030
547741
713795
186118
963515
686514
681570
940910
251184
646966
686148
59994
22082
913413
509853
865008
823764
82963
773204
424309
530199
786657
841400
129688
701188
837340
86096
176665
129606
227474
984847
206356
872886
531217
521318
785710
990142
954782
565748
624539
391582
972303
300953
230793
665165
967558
621800
687148
770039
476042
164154
88551
959525
36419
482848
148
964539
440530
824880
476976
742682
47435
467776
511462
616998
260752
572913
698486
383265
739403
474083
242370
2422
733639
710214
799349
230610
189804
287440
264592
951917
192405
765515
282770
461351
27983
288646
108356
697357
148721
495467
328030
873914
93203
125361
739353
203354
749740
861864
554962
33162
261516
514033
214488
893275
149234
744976
704146
155894
444107
150810
818192
974617
738120
748232
545708
371648
978586
2670
891100
601182
890125
394309
902488
548810
335998
582436
248738
309111
950714
701710
67703
719580
778229
379940
753488
769970
512868
744443
810005
986396
887863
524616
432671
540000
79287
729912
357864
261587
686199
999005
260562
737108
170682
360770
687760
556590
849377
549023
3573
100321
986319
30056
339351
351290
487195
833408
847455
72671
255345
527179
881521
669287
79878
144096
571826
56934
790965
202141
810042
716486
250939
480086
652184
146384
822027
220389
35964
955594
757263
346149
179845
937211
393469
198650
774632
785290
823889
636423
517305
69189
327276
94723
821401
927933
782217
612838
856061
680718
508440
962173
485142
212476
92793
351325
217826
237432
516502
602548
366031
366595
877597
543610
964103
215914
344537
63879
403549
745455
729900
737535
57618
101960
219819
64168
497283
622144
204694
602524
255411
170556
775474
356186
301937
996248
549637
252406
258854
713776
601710
70577
308861
737339
385182
804323
998127
931857
430775
465429
259498
968013
52287
747243
519133
697805
175872
29374
382499
770710
845120
744648
799625
914453
325721
239480
317373
997120
902388
363174
353558
13659
865638
920609
20986
738391
431783
709795
982640
961365
553578
939942
750339
413768
561118
248207
109327
576631
202753
520329
818027
174242
386652
406957
449011
870268
212063
199197
163824
676759
13145
751728
822630
192478
941459
998535
23035
335867
621898
890302
25279
352345
83656
888255
568028
674435
647134
394672
834651
588331
209920
858444
473936
53128
674557
514703
351524
288662
885465
846795
190141
9345
776009
46168
758156
865948
773706
349225
559538
511819
478494
70777
500432
464002
840612
526691
74858
929380
990419
895761
708022
352397
850066
289869
497415
220395
651959
838387
227921
639623
638107
987527
754008
333986
729943
746659
939706
981626
789533
883849
163413
390444
280756
421399
686038
631987
922193
226520
679199
710926
40015
157174
452692
858432
132428
818510
409347
465905
473119
842652
306669
418994
381561
957781
923765
886622
967959
115860
797604
265627
902433
683244
160023
283008
408163
954716
559430
133521
26917
539360
687857
540197
399144
453924
297
383849
739456
415187
105720
860989
542985
968974
739758
773052
501831
577785
174921
655129
822814
4015
296000
464996
868202
195477
728748
687660
991164
998540
624851
710655
953394
421440
860499
535053
21362
647006
452584
856107
435843
410146
672986
339827
250631
930446
51910
774152
918617
468406
365318
462967
201855
572536
379456
716217
538764
193354
198472
789717
649941
911596
645299
328098
494925
267708
146361
306794
312320
996520
608390
884971
377128
778045
242845
586807
596271
22111
201513
677947
123330
565074
57826
343324
731087
919540
757592
872893
337435
273293
704351
335069
23425
260479
275224
38238
347274
373720
221143
345312
140582
35078
732278
402828
961605
573610
177333
266029
512149
927045
609548
864376
133912
185103
932368
141804
581089
218342
769597
181588
664746
277667
78502
553130
222869
337481
48502
178838
640638
691031
886050
209363
557817
890493
306669
393266
483693
776107
391447
105849
142412
988932
767523
47651
330286
37425
251140
925963
102153
757906
201251
629411
525711
415120
167376
936542
402724
41614
365378
449006
386683
944958
456332
139879
107916
897680
443871
227715
977779
768132
842550
292863
235112
562145
297058
398946
592151
269374
543986
590685
141276
430845
83710
156110
702109
565976
866704
5023
478083
133203
867376
997707
66133
45841
240907
60161
812787
12675
830655
155745
700013
255931
222726
171875
42238
213854
235644
839959
579048
906808
379662
335814
201069
90666
863041
407096
433639
769278
99484
573135
541189
400731
713076
390545
549666
411732
462418
966403
550851
999514
881794
305328
480429
340370
465083
771657
299169
134466
94182
732838
567478
782244
291853
306922
84305
971037
264097
867333
774914
764103
413415
387732
457214
103146
176449
425571
290165
617290
235669
254162
471952
517338
844380
934869
614921
447694
707721
734805
744870
818318
206099
257332
495699
405382
307425
526574
674715
392538
910674
183322
559427
261559
652198
236624
610051
971589
891340
56293
750177
823289
953800
304338
994284
398598
209216
129779
13075
927283
686116
909867
721504
920008
913656
700644
696404
870690
145792
119540
556255
531430
25543
669723
294076
885522
213579
74089
409127
323055
738632
483837
166140
630435
314591
70503
968557
892899
942179
234479
663840
156357
132225
962031
765731
479091
980425
434523
640845
674683
471453
763105
186866
574020
566645
618539
307842
229596
250444
3138
331774
315244
863210
421708
547800
197453
787215
540214
940519
487475
120761
310700
677188
566407
569298
711493
828484
804051
324602
321405
534354
21207
883052
464026
74215
736824
926799
858351
380073
33752
203931
307326
824733
313345
431718
529720
883595
299834
6539
583201
449901
340476
906933
265807
61843
889150
48013
228753
970070
626541
11198
193325
308854
3704
504673
495169
891475
868551
455114
370826
524805
91659
567022
273923
192152
947056
938351
569573
744743
71088
836806
91789
656659
290881
827084
523772
726177
775150
794661
402872
232814
496644
81418
923407
983119
988067
568369
175163
660489
917876
574618
418913
254697
794041
529208
713780
310018
665087
284155
82423
578945
815473
297462
188063
258350
219591
453682
398870
796929
435739
964174
266652
341855
997468
575505
504712
67184
192603
376910
938541
325917
205059
852403
634199
99115
755558
917038
658101
425199
496242
502459
951632
304685
921474
92942
174201
898321
797840
910362
946626
899465
984649
559933
114914
263357
4537
490888
107196
589228
886822
192366
503609
913124
435448
18824
550545
438302
208533
466690
784617
748211
438795
545254
454807
111487
814055
553667
902401
348689
70434
229689
1123
886667
90363
72868
994159
492765
509792
868387
887310
813784
983558
825028
592453
142450
771544
422861
227699
787925
963851
941481
987958
32483
958352
330158
553838
691595
589411
213703
84185
53313
99265
567043
369437
143837
360886
385465
985317
716818
908628
781013
63138
131465
766272
893444
585139
980057
712358
116408
190368
785253
556940
483288
195775
529107
48580
495496
870457
997733
106747
217872
953895
317743
267179
532566
146001
522878
231534
890601
689265
171673
548947
258526
541905
780759
653986
209705
259631
96742
694843
522684
76643
542684
325250
943528
477142
47596
121639
318045
46752
860660
430929
806157
25410
298354
270566
470767
238396
464023
920889
131680
29389
708532
758993
792611
275525
509201
436114
297161
789704
234141
799243
761772
521121
459071
418267
482453
904000
435466
840320
902589
282066
761488
408893
469297
471163
165709
339688
675278
87603
357188
816013
51948
136122
116264
542914
42136
622969
724976
876105
990521
851959
420941
956635
561171
746228
939768
189847
293354
928678
871012
910215
114494
302093
630867
908939
554613
668917
488133
723236
637271
323144
811339
910111
528243
704845
390905
274715
265502
903361
146169
560249
986139
348688
871676
49184
440790
536304
946380
249450
617227
440475
693374
680495
202116
343719
703363
424940
288767
972867
363805
574863
653998
45968
136942
91745
404887
679897
769003
297872
179484
927665
704432
433816
294485
759464
552174
572366
372121
991273
247743
971465
842652
280563
826394
955245
872626
66354
810594
261589
540274
963321
952729
260764
432309
749407
860145
739785
720830
809779
901379
751380
285108
927900
981721
783001
522
230610
107429
5720
162559
615987
371733
632231
459073
733635
951550
196789
325549
25603
538741
19707
847345
692076
523389
552641
140179
786888
227546
776009
857226
383342
689604
876700
77002
236184
654839
949936
92573
637410
978855
103411
864301
696418
967633
719031
834142
587806
632749
375162
328088
512942
133952
718224
287010
607919
788621
578671
771946
284833
730795
727895
380001
725278
520114
907164
420163
495032
231759
6225
709044
550189
681655
682899
662214
508297
608313
760431
556951
988249
775083
911217
655831
601351
315718
229258
796520
453143
10894
241629
347102
922429
589097
601894
868262
36120
964818
954631
359234
650191
893861
708593
937266
238535
369690
366123
786287
845310
323087
165058
187088
342727
486397
814926
444432
524258
387213
480668
754279
970999
429507
878653
69972
803759
931416
348650
372284
187759
624614
962258
160620
958386
760765
511170
259131
226562
978707
269744
255883
928787
315671
745253
889710
537212
821862
15428
939364
711379
220887
389946
594819
35107
38961
322756
643056
680461
322108
171416
373705
438328
792245
170865
74533
777590
613915
729082
189107
239157
75302
778710
393855
571550
765655
700106
672659
687053
800554
304520
287482
772334
508329
532889
748703
8048
74778
336805
188437
717673
953561
811938
506096
429638
258048
135063
42448
339501
108162
856780
369725
248305
447767
654416
8942
305009
847761
250662
378788
198222
468558
471886
46771
71750
499846
641707
936609
201778
432260
834774
355559
126872
247666
294014
65173
71278
549517
834745
124497
886316
442103
939564
695935
812300
820907
709843
766269
211361
932747
283566
862085
913169
652309
602825
836022
703089
459252
772518
402796
920059
309043
991816
840843
374702
124300
546398
377499
27395
666591
140107
643341
626183
451006
648910
380572
678554
796389
466451
389647
137282
777159
581461
886299
501356
242115
51374
186341
152065
961205
269564
535460
635425
264233
756082
224485
709631
678635
65144
24232
770009
283450
84608
276904
314578
740250
992743
761272
162925
433417
632771
601033
743528
90953
643599
76552
934387
714972
477808
532580
809739
616334
529635
328365
264504
370540
20422
768152
297311
492754
938944
825247
653253
93218
393357
351237
909089
790417
115049
721463
629147
571291
342744
662862
936039
577623
60496
953201
787577
154853
208708
439320
658852
89859
432399
811115
126931
495551
424761
948105
673762
290695
913896
260068
586842
422940
819429
886025
915527
873957
730442
114429
842872
824992
52230
788355
2131
737715
413389
77179
44370
995937
661406
835940
358878
933528
87282
771650
904518
577894
269310
916507
290908
940364
206821
551067
697772
89579
768318
134551
421914
721499
197117
219694
523927
675483
195264
252812
259008
792034
858552
88264
727187
877780
378418
198829
438926
809168
795329
963734
833062
418086
894922
279923
896288
635366
521516
699816
656656
526291
115850
581972
692972
319863
741110
137070
642380
429264
47547
594892
374657
237416
105607
756734
612879
543554
387891
62807
954760
525552
327601
90315
927110
693186
370513
322356
488772
841945
297200
349231
377818
117017
543165
634275
485203
459709
318953
827490
880108
658180
316971
394983
586604
103945
178797
313471
160154
915632
559574
28741
220960
950524
902196
853638
790202
871678
65862
963715
75739
171112
61796
402644
965788
801344
868940
765545
955169
578416
533514
26092
999691
508474
457731
300162
272915
295688
506846
571441
619721
861409
188686
165787
490858
154680
477824
650409
236055
770399
531486
613763
620728
368729
17406
952315
519212
953100
931371
643337
772011
189077
253646
253041
764347
6454
744184
273409
904715
698282
312142
63990
323696
456601
836945
295359
744313
593831
680584
882777
749937
593447
296589
474073
210800
165358
345074
193800
279262
980162
500110
523048
790470
121072
901479
794709
765202
749756
35581
220231
638377
788275
393905
39924
608674
938781
623504
316882
455971
457615
145409
12474
793690
678556
843270
88296
348951
891244
709042
2591
406533
165284
770664
391465
477188
444869
698251
815292
799588
144273
235143
479801
452735
42023
47163
540814
499827
256496
354818
768122
824186
926066
7069
99952
565416
110978
244094
275029
629761
885654
865843
333092
749621
744504
856046
928369
381178
77591
290349
726219
771139
379512
538122
602298
56802
428106
120993
851431
446903
857686
267929
976347
627604
755861
191377
119392
504687
142939
812393
439812
860226
638642
87338
123259
340291
775618
279123
315428
357563
203627
752129
398564
977414
531381
890554
761839
564518
52127
467286
417957
919363
361108
932810
509464
124163
774523
921362
791404
768770
833453
317818
269720
727342
276226
688586
792649
651394
760580
109388
699621
802781
310597
968955
84204
435646
985165
589834
422907
70815
466795
659598
655659
504363
114220
768136
668950
218012
57130
23635
191609
36149
657212
959910
192629
329113
745291
271559
762480
744903
410820
35021
151128
192115
491305
364304
81864
308609
371458
775855
289539
60128
134386
135229
871516
249409
150436
330568
733688
28595
174500
31496
393260
150237
268426
743393
800832
703255
890961
688149
634517
149989
329989
497609
693986
79632
942811
588850
275418
557923
371355
965852
442602
101759
554488
960215
429150
220444
483776
119358
827363
178588
542126
826597
238567
639437
684701
127838
555677
833788
684631
202664
842908
533104
774220
925685
380263
465866
247838
37271
253576
410039
969177
414406
210773
443087
27776
181072
61396
206477
802882
703518
987707
738731
775180
888030
823952
142810
240312
660818
391151
557211
828131
242805
95658
294333
780763
900101
371594
627891
722487
679858
399924
49681
188930
229729
811367
373283
117775
668637
457890
541546
502448
364315
859298
669492
340481
981864
630345
130327
828703
270961
180250
561034
573943
546350
478369
824927
504953
450925
580592
669985
160746
983479
564355
962438
729241
86176
143109
484881
650537
163120
451244
236743
146701
511273
169983
756107
534675
261877
138488
594136
496151
93550
969476
85659
921560
732809
707366
109355
762023
835232
966780
700198
194363
402074
639450
151977
500258
307513
414163
189483
575826
229503
543638
164150
721246
678910
183668
654916
792068
72379
834559
936306
291938
21438
239630
914851
415433
368889
848862
152052
908074
864658
163475
727511
820589
120015
783644
490062
673505
546397
922100
196742
202702
414141
482948
485454
349669
264268
551205
302258
900441
613165
86340
958392
567815
690389
836639
585910
417168
426226
671147
232334
409543
811961
308248
537736
323270
266891
300
359434
600987
318275
636428
633014
911072
893470
662938
746912
314856
328840
588599
500075
964757
143039
377001
949375
337735
738790
445016
594088
44719
716584
593651
918606
620993
252871
916912
453517
714632
934208
461680
560305
763603
131485
900352
188687
721293
225815
638396
669954
996011
657637
469646
511233
827902
692645
540244
842714
185000
985446
698656
176461
905963
268368
138200
845319
931293
585072
215806
7674
537720
696228
25290
862549
941645
439072
516852
486949
692569
111642
947982
993672
659440
948056
427661
988169
657558
315860
189544
151645
393197
881736
383320
377465
146440
615196
42560
863694
19997
933418
550311
402530
738585
285546
76896
886924
643534
252223
437643
317708
957384
355037
437556
758213
583293
125077
642712
689239
637282
817790
795912
326429
362906
914562
825511
726592
742409
542146
876174
20598
482119
215911
931534
562459
480881
485382
213077
213738
142169
26351
738345
223768
323101
219155
571090
476557
166869
818959
366869
12032
176550
439577
378010
340781
350324
218245
758575
844918
559028
809461
318181
747668
628511
210395
463000
907000
899394
496748
472461
689730
736818
692452
392755
854044
673117
15599
176652
681781
792124
649147
636837
183574
290405
150616
808065
831074
73405
235336
375188
885806
751947
817577
355883
878586
40167
618492
454569
135436
345041
620433
537323
27816
655326
575569
71693
734446
837068
604136
49158
526224
604343
892685
257326
881965
47141
864879
311905
464719
476412
971901
987899
617022
901331
86098
276290
556479
879909
162940
998116
248300
52450
864807
131029
572337
214559
327723
969882
871200
809646
609967
184420
207090
208521
122360
339092
900443
538408
715602
617501
763209
558194
367129
810632
820664
423888
935716
61776
805940
990684
329359
132333
776557
880760
417508
124206
938928
588476
747942
75647
26568
438471
616761
804555
378544
186806
745713
591354
340979
597235
319477
650459
121634
260773
806479
217438
236402
717317
787860
415288
511535
169488
43307
534697
986081
895256
526587
282
205434
318070
747573
403231
121336
944218
462779
400221
906589
982595
415659
783365
915721
907658
484749
910718
995441
290840
101973
383841
404286
778999
732692
385886
159044
744262
344578
253500
871581
956807
180128
480701
526498
10706
71885
766047
662533
975212
61799
727743
708558
671091
923740
247769
549040
411312
555980
141482
603783
263183
230492
660150
567217
328170
780250
558437
401414
391809
774792
967049
772981
381062
260743
476795
364604
134165
199650
512547
748867
298049
359859
274005
804566
645578
415926
782040
250942
105642
104616
286915
832826
64462
88283
425473
825823
402338
216409
261875
871113
644229
631410
381044
552317
860188
47589
397560
13981
647234
64423
672205
748550
800669
300434
61764
551690
641100
123757
526313
356485
139068
354324
970989
171998
153370
323588
288165
65564
169763
289157
956075
431650
767191
287860
22306
40265
68812
578796
940696
871768
143262
404753
678596
391330
418884
441784
86254
24701
92094
418038
592110
807642
265066
755908
846860
301126
81142
832652
21703
972732
536304
999699
637297
962916
744954
158082
203383
43180
565209
910482
501183
903938
862956
387027
117034
180075
957113
484634
575865
128579
409187
796101
798283
30097
174968
976876
271172
357702
301287
333862
526858
855378
484686
125749
291433
814628
120882
563663
481622
5308
245896
752522
30417
923886
220144
857251
205923
602101
348929
550122
204231
308529
655359
838798
223269
238014
607913
589633
914297
207859
912239
990791
529299
716660
789889
349665
980279
728180
526467
245392
158308
395019
775325
517256
414770
33072
615022
578035
597012
241811
295456
917150
806269
508122
43158
35652
733728
333749
306818
429045
211855
946528
74772
211491
689029
806069
885197
233225
491967
812139
451378
326456
304964
131759
470875
163200
886470
808925
923883
832887
425697
693083
245466
379177
561984
790354
282221
448924
362207
268234
915015
877566
301226
335905
296921
13037
543365
168360
137078
297251
526309
84251
381889
821949
444187
671610
515783
66150
437553
851016
178217
15716
385901
242143
916850
576767
520691
625070
427719
991113
661190
963601
71740
656207
250287
603915
106243
980570
829046
252131
270719
718946
993357
99800
467767
312592
561421
846145
987110
103535
233431
878278
338543
365614
382044
997365
127085
47700
207481
839298
931944
312449
971578
278238
964645
706588
222080
664626
844309
791582
637885
189048
720749
395706
912283
81078
139285
968552
934780
261784
368250
700749
62237
282602
904766
425225
525716
789551
517903
703772
570104
266656
196821
498037
602143
886916
630213
480729
997122
535144
979347
949165
984253
878012
616260
593952
325363
584138
383521
221111
779471
805268
40007
352374
332837
619016
555868
644392
709430
388322
268828
992460
8082
576030
944017
211484
923416
817817
227553
805562
431641
821636
90177
498746
107995
289027
174664
219142
295929
830184
258206
464306
30376
389510
772563
261981
945108
748469
658828
452672
204968
136162
606807
1622
193197
799312
955168
197224
372554
970031
961981
155188
240746
401815
688420
404729
803643
794017
729852
514210
568594
476130
712016
240908
684523
838277
548832
718454
839694
335428
708754
182788
28110
800451
337414
314480
455852
940297
727815
843790
888984
542683
80092
595962
266583
627511
940927
976032
936000
11690
718245
699303
666272
435343
577020
589179
699965
265956
101299
492789
518136
285514
252722
110121
105931
843161
106731
644109
609970
380765
436040
942273
326439
640754
449220
557567
973317
723703
517910
500577
498382
999474
233735
425481
231240
850112
383909
194096
807362
406839
616720
938703
980852
414042
261169
892195
79684
523000
848331
414433
180261
949473
839529
87478
648602
374278
757431
211513
590617
191276
472109
346928
791818
541261
89574
464060
737582
48907
349391
895586
74205
210577
670650
662774
799016
792968
786770
993382
426589
251699
797417
55328
584360
526696
497326
692513
231958
807212
781562
355483
287733
20713
760009
242178
728664
265870
481862
948276
480375
40900
670014
419459
865394
936200
427959
865696
153334
877801
816154
607717
315320
429920
173707
597054
364511
540615
930009
874997
854142
726712
759441
257946
610559
778691
179629
147787
257179
795915
29162
948710
518021
609725
602615
334536
360230
610414
40457
900224
843203
378321
761931
501525
35132
439185
144051
207728
726958
482897
570224
146024
854903
131262
830143
74024
47385
505613
466717
180863
328760
890902
995479
699140
727805
911821
138621
526820
211037
370009
663349
689546
393588
327506
147563
903209
903947
597084
224870
415657
130872
152602
661622
166955
982565
990161
611146
639867
563305
616859
454686
715153
51538
391813
438417
959940
912708
190341
79444
638220
111034
783003
832319
623986
132267
959682
63358
280150
201033
915667
62440
242012
799459
82807
913456
825333
380395
787271
810804
1797
557649
967810
778483
527478
902989
839786
507996
97305
86844
444603
803841
636788
503842
857673
975786
834476
717646
721461
168134
260880
480539
692299
652988
567423
698834
662843
750752
215096
807533
885171
494082
611388
208311
537045
93152
25762
547151
347226
56187
979895
615947
829571
272839
318799
849400
226551
706043
199085
349504
706366
494729
731786
7717
871000
940648
441606
890025
861499
672972
583080
418064
26408
383607
451539
559229
175209
967145
169672
325305
659369
560627
362386
249043
847343
275690
426002
802593
18297
212854
438887
815844
607793
350218
758969
445194
883406
855214
12451
963212
260298
208248
147131
807352
753275
781273
730367
805449
521105
126803
342045
220466
370155
359048
570078
390714
334102
527854
276465
144512
708323
501343
946896
91872
62947
470925
168273
890862
645761
178707
561675
812383
138685
41510
847779
649224
546433
590570
957042
576062
48865
55457
527380
77084
943028
1662
448400
231842
853513
781080
945183
528314
853512
248698
59163
618455
162279
337559
434118
936886
35525
917147
545459
943174
771174
221852
4244
182180
685836
377711
232610
447423
118830
910999
826659
392667
369688
594137
868187
251761
722078
498091
958289
977715
740286
439754
673404
289324
800849
679723
95691
694790
105774
468425
676238
604774
939932
543773
387652
24817
444977
147948
791937
134130
323019
569146
828284
553940
535658
225820
495859
448073
539049
957611
537019
814541
851351
235861
793447
797637
129782
140557
194516
358017
230160
328098
205712
69473
626608
974957
682213
552851
523780
546213
276997
164986
703501
795853
897107
455594
870976
355852
250188
486928
799229
407645
387984
593647
892969
459101
937553
691269
333290
163457
141271
599756
469310
525866
634541
670876
788792
839697
879979
670765
298457
740253
875745
432955
428871
930964
705117
530882
93228
349933
442202
646377
493998
165443
945093
212155
510086
375206
341740
623952
152960
555276
22214
671754
351438
665381
590553
924347
479240
401676
96268
367076
760964
957017
512457
550232
147406
53843
647502
935872
333828
327811
118033
65719
893329
733028
386702
26069
594692
255350
739566
60425
606796
206193
14741
272992
939794
694743
199048
20578
402547
365922
318650
376795
791768
956253
550834
273527
412788
889167
696602
309063
709466
324945
117606
336992
250617
506561
359134
363234
831093
909583
322442
562966
455522
35125
46330
602993
314335
665859
72559
303286
714712
413097
143863
253035
771821
548558
636347
335568
612939
945012
815483
374915
699485
238155
467847
623098
272352
475434
788934
219950
293494
661940
433818
994455
608154
758823
635938
725769
871662
825409
701785
193451
397233
358030
759963
669840
873868
812051
20680
143667
300555
135633
471809
119124
820713
728054
506704
745897
427524
814821
316900
519107
988399
557920
520761
396415
884390
519888
742934
327332
4892
756786
631344
29024
934961
506589
752364
411674
533311
329715
230018
615795
856852
495332
435837
762783
584570
852762
284575
956249
536369
353989
660385
16008
172990
168771
993047
60076
314716
903338
822514
448132
916753
444150
750303
706304
364444
76810
913550
11038
770698
243748
723789
358500
169960
392034
609682
615545
596179
209323
655639
105951
480555
46268
526752
733264
50278
681935
633304
411253
388097
151209
459161
476925
207825
21505
315787
925600
612151
349896
914468
720689
343857
831257
49357
505177
616334
844479
109221
865525
761210
211101
338142
138446
75831
930750
501189
998513
315052
586682
99808
193259
563479
39297
41008
385571
288031
15175
847126
475988
657669
932876
959570
985957
901688
991239
337318
193318
273223
469870
47257
995753
576945
837413
352151
170491
151768
144000
457590
29182
462164
683383
770131
824676
780068
338917
291099
183050
719808
217277
904230
318830
161674
794762
192765
24911
111330
691808
379900
463712
129497
120676
699283
2088
250429
455285
992230
591289
163410
674294
944084
685322
135330
178682
522453
599028
673324
649418
888637
656325
677496
116693
75549
625093
333194
818037
308681
872643
533237
537754
616051
486938
422150
24725
146486
219845
32673
938819
978735
698908
364074
18452
226566
368171
996634
804599
614602
49965
532849
245156
52858
525418
493706
433157
695457
90026
843402
221762
718617
918933
469618
683879
888943
277224
389397
712564
523367
533654
379939
926082
529558
517689
313827
868621
855918
152179
440319
768802
17111
674726
867897
424038
987959
754507
969084
692480
803924
914227
978701
852836
503569
557208
429984
385021
110165
53727
280263
251895
840713
130605
912837
791846
126847
54819
563585
930582
115248
866551
343638
663408
811294
175920
682055
288773
3224
473470
285392
453946
155740
29363
258583
28752
470998
777826
700866
989967
957959
638227
264418
916431
609409
538528
104396
274211
785934
90735
223945
673890
317873
573771
825507
655891
975940
741473
970016
964276
461504
924629
67531
898983
668251
761343
809133
568634
351500
807238
81691
506642
253226
180118
500393
129139
777970
822017
733244
915181
19239
121264
62461
213542
305428
448579
878698
89473
918893
810189
825414
444009
272084
987237
565233
784572
271479
32490
717650
506582
295446
822295
528624
545784
402274
754303
653088
290837
987265
612645
261977
475257
687919
317242
100131
639830
345790
537587
460782
980077
717374
228295
385215
708949
859063
407042
114501
659819
778515
419401
724682
993303
346009
514219
579013
417654
615444
220959
667788
981289
400594
166112
719014
841850
97544
406946
219967
447014
198419
402991
752949
439115
717657
538787
188943
991855
641422
923712
587917
898218
190994
553583
831770
167474
310264
472980
200158
58177
28962
638092
346288
463909
72968
286278
185513
264547
628695
903035
274771
541001
579510
777739
66881
345679
810787
112693
54328
412265
406844
168755
608331
640236
861338
704816
148484
91482
90328
708775
967742
755276
798897
837849
761296
562939
510215
374251
818468
182314
833600
539737
625253
84212
925387
326811
533974
591726
485889
478547
367808
109624
295334
461295
914948
904421
318990
929313
269646
813508
798108
124728
21418
508427
483878
71963
407536
393311
734580
664482
249947
377539
812967
505489
308152
148378
326775
263346
508026
445850
206677
330254
211562
394319
160239
857991
812923
674249
757202
47765
891836
624804
42665
61275
382758
155698
367203
304613
805589
397575
572851
782145
235092
591200
960753
631095
536593
720880
408478
358310
103087
137225
500164
413052
617978
298723
924604
198929
840758
153485
798281
155489
509136
57773
837666
308132
730230
944693
165838
58060
293378
333605
39
938458
676241
693814
923712
693470
379507
806442
412643
739593
608315
976366
786803
22448
46197
211560
994800
244128
619319
964579
337625
929752
668304
333972
165100
187943
274910
609353
64329
3811
623228
987629
993013
218371
183255
88570
92409
642202
289634
45883
612970
862640
907168
114301
53636
250431
469726
297810
87728
871431
206083
97345
764325
501902
368575
749133
838954
623864
289441
341600
299130
524798
491845
838036
250368
382286
787946
284703
110785
556159
647074
913880
997913
492528
355362
969386
719837
622652
751545
165460
49888
463131
310878
186202
711505
126680
733474
991756
345281
311530
639620
981424
904323
506738
712355
993550
676972
498512
31182
735769
629754
941154
962103
884725
317521
988379
630471
841577
279840
253947
630283
736035
122723
190448
984139
635810
117825
449033
565627
235204
47637
711443
1931
520044
73162
616850
901017
49487
800159
122462
687750
266396
432202
372119
831910
275205
268473
631942
40273
481775
269683
943889
412119
231154
879709
166619
68560
9869
916825
953654
689936
875945
885257
374661
83706
756104
713713
844467
224236
218378
48698
470090
445656
796636
736595
829169
72946
342909
206258
611333
802757
463086
363769
823378
888225
206262
831731
785262
803119
784655
488381
626482
859621
947185
338497
958102
12884
781304
38558
561704
209310
378676
283556
876457
190470
138445
133627
443588
319776
839633
897443
179755
752167
121628
925653
457616
343469
824291
769609
90878
994285
431133
836113
766225
836156
115939
507736
279454
717169
446708
231557
164533
914177
871295
412047
760469
638820
956196
970405
537906
656692
799086
18446
631163
619372
107501
467425
823360
340012
3842
850974
437709
730985
297977
975144
515739
470068
879824
627616
715676
666789
890518
217823
532213
536932
427503
882319
725064
346003
347828
121831
101230
859931
476343
578369
161860
609234
919908
123289
139421
922438
563522
431396
939797
552041
211737
365259
713285
344921
176814
785986
256914
983114
985770
209737
14560
671954
37465
239743
281188
571408
346190
143646
463320
12858
351011
724247
833799
87618
399453
875979
387528
40741
939631
733027
491655
759504
499157
394764
123774
901999
185057
925458
995972
203155
188499
297496
985340
54334
277664
993522
558510
876494
566933
736095
66290
758660
817173
971814
856328
914609
164862
474379
335493
671868
205738
88302
173736
168338
270482
370817
777611
296298
855884
439204
148853
364148
198645
80735
772492
371805
649129
613563
42600
69825
968047
832189
523394
723054
40626
863872
344267
809041
587242
52590
872665
718848
264858
415323
82044
533347
282226
229694
771439
117248
584404
804044
863082
985633
881395
9651
161108
988899
229848
834032
955990
596382
632767
7949
620939
610604
609054
4986
315155
142040
447045
124359
230663
185381
408288
848124
50439
227576
447962
819798
42030
282274
594844
997790
773927
269966
964403
242726
800089
814660
967952
467491
273534
871639
731112
364514
946769
269041
29500
718633
756262
238137
623347
677611
815187
946654
66019
911974
394508
311235
686062
109213
703053
900103
18313
286061
17648
197680
252696
638991
894558
702899
932341
85929
630242
73314
950928
623953
338073
783538
396720
395679
19526
442152
688088
143597
743554
439968
836420
403758
418832
772602
853138
765288
653839
969505
652606
146191
509000
226809
37702
946751
122087
545061
334892
343190
379783
877874
107546
631532
53862
186147
6943
948977
351672
144601
212504
47905
124119
853471
93034
817382
527575
937424
498091
207818
685624
15077
767264
560598
126709
403423
187489
930636
514553
346573
91865
517118
127217
171067
706602
457226
766780
97079
560749
410227
235903
572865
364055
339868
976022
816462
99575
278051
484005
141497
152795
648727
278028
140231
786898
578072
679545
43413
783949
342282
982039
61216
895263
693109
765220
572401
234532
550844
148768
432099
958525
247416
319713
671698
215545
83697
760003
6050
571215
86969
338749
349737
574216
860068
442064
500858
921657
531943
714968
825487
441198
312972
835077
343570
117731
847247
599011
97160
885867
431001
857813
270683
37876
210070
736032
618690
926498
828021
327523
222671
678679
520187
506981
522068
359636
157444
318791
196211
192313
722392
239192
102593
785384
8166
399879
543126
129288
407328
974771
632372
436453
525810
183967
495954
936309
960480
945089
429060
538614
140923
186617
94536
113074
878143
30687
311343
95076
13644
726389
998693
886133
657535
214395
395616
66655
703981
664610
681889
251379
680763
382296
837738
684277
867549
514690
791613
493989
134633
936904
260812
643481
568663
382281
440258
142597
952856
408112
573484
909533
854991
77342
664390
440081
274992
869255
752670
867127
740020
51353
706343
933447
891190
257366
89437
3519
586221
943107
926991
634599
901703
118008
292878
795183
145438
177240
38384
951988
392985
706395
660609
46049
102370
47815
886280
205746
238591
982846
774321
973716
377807
604656
592092
403305
565604
545776
332545
819047
224375
244644
170173
884384
724300
878935
787262
664348
261411
183721
924296
817250
159512
725030
173537
224150
747800
329715
991711
707004
666496
334692
922636
412379
822995
469291
304627
958268
399384
548844
296458
939409
752718
996588
799931
836595
715405
362279
207825
937092
212603
73600
995899
399604
140903
795347
784704
215326
790149
36839
249856
714002
32583
709951
143331
614510
963860
686479
129120
959013
602663
177740
233388
646754
603207
549660
33149
303173
745118
558701
72121
569867
559993
928865
441024
809293
826203
925159
683987
562719
690046
644645
308959
358937
884775
456273
640938
162994
593700
730271
307289
784327
240933
227669
634331
128892
755765
77114
51062
313721
529619
989036
310828
174742
72369
883025
630217
919441
490440
285094
578572
30204
102166
263987
341680
584500
285686
210271
999765
768523
251418
9568
592336
4935
409830
708042
820940
250052
809772
672073
571803
834420
535360
681642
392925
793287
190968
435539
609227
384358
117826
687251
635873
777432
724834
703188
869286
19656
135622
692013
974233
792862
873031
946772
529209
99977
502270
290609
416753
180126
723649
293453
489055
465050
930873
833961
442112
833603
365281
762859
377017
907885
673757
405556
758468
198873
877941
27597
744885
802552
603436
989247
690408
2381
767041
152897
816458
327152
375169
35596
472320
813550
55559
858251
958903
143374
739346
736622
602633
363247
8769
94942
312521
216205
761773
923019
122219
972450
198179
907488
684691
863465
988797
203992
837048
901245
433435
630250
164469
651872
444995
981088
306156
948568
708691
764166
36439
474804
6111
316349
494445
565293
842091
343087
1388
346087
47558
635165
46409
321239
128001
881683
121842
991358
725003
810877
431356
680403
870058
6164
915182
830078
813720
461361
417833
452353
308472
878722
22194
36721
879475
6810
721566
583010
823540
211490
982553
539490
584252
800493
708818
484763
874722
442218
157319
458588
747819
926898
574248
909745
75457
441473
609131
582766
872660
641282
829484
88395
535306
605891
514942
275369
510244
303688
182354
945907
466990
403515
607362
486304
388450
610625
676475
821588
294171
583783
153541
527334
102961
38203
133169
231612
620853
922872
764894
375123
158730
557657
335911
329755
703710
386510
370540
377407
380932
935116
851196
998850
681648
17343
204060
206149
917518
507483
215926
768677
760831
625168
457761
317953
821488
278556
577929
797465
320473
811770
220347
738322
466576
82296
248528
285526
617095
276198
948915
832152
584488
428906
231312
363509
744587
101745
420250
212918
412050
940288
902841
268530
348066
462760
448015
173520
517502
426456
645990
287658
585473
293388
522808
392142
696760
6500
982489
227614
185306
342607
940037
837655
885541
778790
507906
853806
984405
884885
805297
965526
394371
533108
723703
151199
543897
677812
479938
419000
384558
872180
160762
158037
843522
984243
495430
197676
796311
210784
719416
165337
30378
852750
805078
430177
312909
794883
757958
972755
695778
294064
87061
405194
777462
757626
215204
533136
309559
75766
286959
2141
332627
754420
810171
338813
27503
537970
852508
492623
533441
145330
462368
471273
658827
83430
731164
71961
18293
814791
827665
863302
444997
566724
237626
360694
548157
754840
677492
7401
640913
432180
314058
594402
491075
164956
365660
774725
326109
376846
474668
289372
397322
624604
421126
653043
622162
85275
5065
249828
600817
968116
782869
324205
893842
21591
167955
138237
929965
858192
555931
465166
21690
350578
825030
155371
884880
359407
992274
31955
356383
388938
183915
822966
233926
932707
567708
659996
825682
422705
645778
760997
410324
768911
608904
796267
47134
600941
309652
299459
865434
331047
184142
224931
797830
261490
623192
277341
993232
297650
64591
968329
147209
300010
694925
961858
588681
563019
940439
721351
309152
932909
808874
329857
22196
392347
901661
929955
116732
89352
694835
754861
781912
60320
859071
211276
992714
500730
29236
91484
481365
961385
910217
117453
93808
527410
196997
935843
817895
915735
954732
882775
692111
558866
515142
493723
305380
148510
291720
57979
743809
940078
955810
45343
193210
144321
760996
539437
527129
45197
309005
85003
847476
34072
608178
783298
559655
643302
399688
508542
743476
146061
174990
492658
443891
939748
151001
368600
374519
705818
925117
314646
288512
326947
437333
841084
297238
436748
525680
600362
912840
844272
71000
152847
563009
972483
329344
38028
161987
770827
823561
885302
756291
904879
576881
772346
47201
886056
162393
553116
808259
511572
709873
594776
92365
451049
614210
177577
533438
435846
955799
937127
350890
874149
48393
887435
356944
342509
117286
659214
573911
818532
652733
647408
397418
648322
41801
146773
855597
899552
265720
10570
366106
413072
455638
257509
226301
393094
654171
7113
495944
64307
671949
334408
721748
591538
687251
455780
928053
95643
211160
453934
10104
902454
54552
323600
773563
585098
152395
848358
295465
643347
688746
572806
618641
573969
393570
604256
244131
835005
769748
807553
643014
408791
870215
117554
78296
273818
831851
132861
219395
77009
358091
391439
810872
188227
871758
53305
195660
480138
507689
379409
409067
522178
830437
905845
912765
944028
138376
585199
388947
745426
715427
637364
264078
415605
797303
50247
932557
307618
183493
684027
637136
925011
634865
769877
160750
18961
69202
403535
971759
96007
888345
862265
643975
49331
728731
97339
217584
154933
997884
763573
837666
967178
622842
731591
53746
251666
972499
121644
692420
651277
725588
625665
446062
849700
840896
60772
807339
299620
167513
212087
874041
654149
72333
568068
467216
938217
751040
189435
985215
969504
561266
155670
431204
317672
981261
445981
67335
399602
388814
284933
826707
441951
20365
400308
527667
188298
720618
885664
110918
265278
849558
100757
472702
286728
206395
947733
225818
78696
576329
915225
761405
542497
347359
681462
795627
493168
858002
421915
544993
385433
362844
667127
467662
227548
53604
593527
733169
388487
920677
186861
996176
505893
102910
80268
915026
90068
122262
357904
511930
9140
47082
798842
262016
332923
247989
941881
628814
100454
264123
935973
51924
76874
814769
246628
134216
696137
238412
934447
795325
670752
743844
366831
652959
858588
567813
308865
767561
70572
143251
674649
996355
920402
149335
942786
428251
278900
253418
319299
829022
394255
21692
986654
872755
261387
360578
903922
114709
775465
65146
788992
155308
216600
121372
366986
269958
491047
323038
811799
172662
306710
639396
667540
930185
122821
993411
727956
169762
140366
783473
757496
690865
658414
932938
696554
950932
762142
154561
554499
486730
615488
106593
985805
381072
166645
349375
518882
968346
499595
459007
1651
68143
454420
334591
392293
598497
528785
340963
266325
250024
169741
137278
315772
557659
358215
581785
837230
886026
866440
576740
73149
992634
326546
309559
749370
664318
784825
43651
851163
252014
116619
539737
643192
368455
952234
747798
565808
409439
212795
165419
602792
310531
303287
97733
49715
475758
420127
568093
669518
25128
644876
801373
816834
774202
280420
354285
802284
680009
210473
956634
299737
690455
785515
950179
553675
12753
602526
771807
123289
33493
274502
275086
767794
586309
811214
654586
51649
821633
151865
112649
422893
128516
779184
661346
971640
708253
101625
431098
640135
622599
827464
398330
275584
601895
172016
936143
813071
39907
787058
164045
888580
465562
393718
387905
128150
211203
468504
300497
399499
996325
453401
389202
155695
162096
633654
648359
498305
921527
705238
208784
459182
702923
737564
617494
135797
354613
297756
242193
611625
628495
156779
429653
164949
817087
786512
366967
974201
181777
504598
125567
232627
478192
151939
965612
188985
664129
933347
117790
352771
488285
992253
998180
322054
109225
752743
139618
12250
479187
93878
344031
738172
131050
923213
132969
504496
547354
173398
940389
986943
41795
819087
772279
88926
459382
529724
135562
339503
75211
653179
367740
338016
405282
689588
140201
878130
108724
8046
745043
92564
104597
240383
729771
673069
877064
42332
797502
594233
326718
279438
385727
876043
29101
878150
836077
728624
971402
524871
810337
955188
387811
899329
406390
230910
4186
265854
941909
870998
64257
289653
305755
225991
688911
811068
422890
191072
748221
65435
521737
640916
339008
281020
345912
995969
622947
746174
126357
343246
463616
125032
752100
553581
144602
263162
789759
507648
837594
508128
804313
266008
42405
205504
229616
465240
884502
302322
874191
248696
875229
496975
765181
290789
732211
784546
191494
551238
521017
543420
758627
931162
387181
499492
530760
746429
690951
905835
951562
925961
518838
239900
578092
968665
918450
169234
861381
416873
887166
787621
193551
250713
106876
557756
915662
826065
639148
268166
318170
747070
369731
358980
205195
91001
264612
225981
528001
996105
874301
246229
119822
124159
806465
20152
529280
908416
942013
873841
909390
142112
501529
103063
783389
699240
633390
167654
412400
118330
633854
88107
605099
176332
604116
589785
111618
334480
281145
255930
991939
880244
965008
346879
921788
625989
453199
761592
951114
98798
995738
415135
345407
219039
337533
642254
795567
640201
865670
784657
166679
54917
372413
948054
775787
537428
524610
414785
202491
13313
329025
588892
975425
835363
507731
452268
895753
313279
70644
101086
451261
448522
151133
388576
879180
453323
977918
214925
859191
41439
534234
914368
636408
140439
669502
285962
919759
39419
803551
433534
273130
569330
991823
38249
743215
474105
976028
610655
625770
304401
307525
205616
950606
745142
884762
283066
873450
717641
22063
384088
828073
484559
913212
24888
616517
956818
243028
320139
498570
268901
908480
636181
885059
45829
726968
804196
259011
152539
193981
95453
979473
398623
690838
493937
775665
807894
369573
717295
768267
857851
388260
899636
700987
173948
878530
583101
199604
125531
443540
463709
898129
678709
955129
21513
147386
824032
210319
170705
494191
372717
208204
295658
419764
860876
486202
113894
462553
813135
99537
456708
592933
473159
623154
323044
979807
423051
509374
78099
903352
735895
488209
783876
465368
571088
379103
866528
587523
202533
526121
329908
365480
755410
894171
922185
837830
707006
515461
466257
687291
756229
687540
469245
307371
468688
985964
421484
396681
359711
589253
100605
582661
504488
908511
444037
156626
120921
553604
938396
304019
103738
519000
10322
10657
397166
431167
781375
910971
878488
379019
902456
325899
602395
127392
49118
427345
612857
860007
498320
948270
592413
166699
409536
443151
466036
822611
223395
735796
991541
291260
612674
45212
754114
409587
232494
693199
862950
707788
217233
210696
48446
570018
985183
353404
123061
163691
12074
831947
481640
200630
911253
749954
161000
433796
21856
290315
650141
3201
855907
387954
925191
775645
450262
602708
876960
702987
221325
463206
981342
818070
735297
155743
571860
58651
406536
94659
421176
962279
605863
822221
145983
146925
945086
360633
448293
664356
969441
978155
453001
319099
61191
13567
442420
311482
909532
196078
342650
262775
27569
545369
758969
168049
713491
715382
230591
768332
567161
510292
560264
601129
295959
74636
507748
120801
552015
796678
794423
600735
850311
511717
994970
292439
976533
454544
32480
20903
255575
590622
560307
128776
404128
999581
195612
738352
392717
506687
155297
38344
714805
285410
366088
829125
913662
649467
698938
286054
799373
532830
588419
704072
628629
865452
689462
742185
51921
819097
969005
489207
702732
788120
967214
631188
711645
977766
153130
761001
372657
191152
862303
978340
194817
338978
528285
998095
130402
443086
227557
265870
184890
774004
193324
565749
294480
553588
634176
896068
91453
352909
67650
193152
303295
352529
521297
215790
177005
835111
125063
133999
354628
167164
630877
227571
972639
913928
678378
942619
228997
727865
154056
383855
273885
583230
734103
51448
223356
785521
926235
137916
561567
245601
68993
395092
487732
890427
258623
500075
213842
935637
576409
348245
520458
78168
479103
122313
490261
244551
800468
418621
815596
103280
465353
679837
654903
927661
170024
991975
879069
373207
701549
288806
660090
147017
28814
466824
867439
166412
755868
73182
546899
115940
635009
570480
576646
682102
414761
947899
23590
517204
716414
555145
279515
567335
126603
220267
119182
417208
844290
482772
732727
354395
999961
876437
652114
487992
235534
999408
787123
275127
723212
526748
816625
457735
516646
656789
885502
20172
252096
402716
275671
440995
772877
283154
161046
966482
617970
994093
740325
157457
769097
821396
8781
237039
616258
69149
868588
609059
265829
440801
8901
95408
534899
294968
700209
234931
40106
387542
392372
365132
834406
146817
921771
915559
668260
391982
299873
49510
829026
423351
275904
98989
871587
766268
647140
541321
31694
532755
102539
693630
920246
970413
662377
186603
824821
562054
800280
71388
72177
796424
25389
501612
789824
144253
553830
505045
579624
981039
375103
998038
405439
393823
756707
115455
556977
400670
223168
413788
880416
984714
53555
378300
427814
515944
940899
967005
19765
207835
180842
920373
62624
975615
891309
949471
529395
155429
864204
427425
200572
22827
291317
430166
838829
96630
77779
610748
69081
285327
822116
22748
78172
638423
751657
847506
399832
810920
932982
432568
970393
624522
605481
640243
378266
7759
41975
224857
523617
859660
359586
284606
242629
902964
825415
978842
623376
808146
162643
658712
815167
830690
551318
156605
453222
893901
480368
958131
699824
790720
781671
92338
552581
571624
422811
875466
792452
603020
520528
273231
690479
644102
863275
438689
880294
6111
733944
794326
671948
833670
711080
966279
37254
728877
588568
923572
39522
853185
228236
397524
480916
447556
397306
927806
784731
647304
252291
599277
388098
52233
814717
391027
447490
219112
900459
96317
528772
795264
637582
105023
184517
134695
3732
107516
637075
866947
573935
687027
290356
631174
541441
485929
41253
860423
629043
568976
980864
503550
637413
543441
903543
81372
269823
737531
169532
671045
486310
392007
663491
969643
202571
284167
325151
472776
643101
711915
256265
587255
864799
814832
85056
974832
68372
299750
592138
560094
342614
76124
386968
292255
211846
60714
622791
22104
425053
433498
81795
955953
731681
924851
357830
50548
295540
425828
482110
720638
678406
956298
248589
527263
938091
369950
74410
677844
825416
570046
615268
774750
54950
291094
820423
404158
120360
5227
773975
752848
629657
184580
558521
798017
851615
581621
58866
594863
271757
845001
623942
853403
823444
331083
423746
937229
106712
262193
335510
819973
252833
450918
747162
10649
475048
957810
923505
373296
632594
692745
759627
119449
680633
40557
504004
61577
122277
911360
401450
320175
400281
734186
304092
361782
221834
939107
846733
217623
677483
890333
881640
769175
991843
866897
736334
160612
470880
863269
740090
656072
397125
584503
91398
962824
838271
613961
8582
495195
11765
335433
293010
373898
808093
678651
408674
476193
337964
421637
696210
294159
579877
114519
448900
8415
968147
959157
894948
882131
687826
584226
69959
412314
437447
214442
58477
724335
765167
532620
152293
916622
939221
261891
651151
30354
561118
262768
872893
427312
297214
965990
825587
81738
567117
817169
719630
790641
614900
496259
172289
470586
847873
999645
499130
808123
788251
356374
133155
207203
744975
802539
18116
416947
691464
133411
281157
884701
780573
698558
238737
354039
384581
391290
801367
687900
18854
245121
659050
553056
434826
834674
173640
67501
282098
794378
822264
353406
291845
434543
659148
817528
20833
306585
467334
293088
853459
444957
438999
736445
928929
316375
566851
215179
607044
897588
742304
868697
636339
940250
968573
675904
316250
974644
800990
782144
274730
663197
657446
564984
747465
592360
629902
928642
282730
344330
26385
130281
994424
531493
50602
289927
196588
306737
836853
479360
218111
376777
505010
125973
255545
65808
70569
967845
475687
551358
420903
697222
444266
153226
773158
827900
442732
4534
364106
855892
339950
340402
535816
161952
867773
907182
649313
478991
796548
193471
185484
302312
855162
288749
768498
573411
716284
575959
660755
77604
866933
437827
72454
336981
34297
108614
803869
615007
717873
10892
820263
405700
426097
946821
976143
132444
366694
472748
420577
321193
654123
74357
469677
933337
318842
713811
465156
993049
620351
42659
406495
83153
536840
413880
718688
921279
241369
753604
128752
708531
944797
781023
161287
485989
172854
379255
990410
502510
879093
78101
964814
298089
906533
593096
863674
576423
769026
421296
528907
46089
792839
194920
114610
974462
578405
734289
538136
598426
387151
410552
524545
943439
793650
931427
23566
774538
150915
696317
649052
223084
45360
567579
200203
617891
150392
227818
166617
62309
595542
114423
22508
288649
697881
533659
77806
862850
997839
377473
227154
45752
807519
823638
177782
469124
757622
673483
650529
95880
759514
280074
846059
819114
882778
696819
918268
298539
244326
794577
209580
942503
254523
691358
163786
341803
295926
436911
472376
567534
113546
840509
473140
499886
324301
182930
823985
918441
187245
332173
534435
725300
35967
194193
970138
427194
763704
532240
610182
871509
728692
136559
874969
394242
812212
780631
214666
768452
600741
497240
738293
477848
967195
771321
824095
122064
113821
205088
213528
127759
230105
944666
471737
335968
781112
357768
690829
241395
276748
624039
331404
36852
702310
773562
346178
547401
839941
31126
523855
137193
128873
545738
657735
178196
168581
376105
696378
793138
674450
365365
867981
313420
214656
229673
806535
651169
350023
531362
568680
527334
458076
759916
255283
455326
61568
24613
420557
556945
565618
454416
341118
374764
467077
6329
30484
414069
850700
245696
327846
825384
478385
768003
97718
315571
423077
669356
375024
412619
915249
53332
747663
299177
905708
492306
75679
811877
33029
672613
921821
744493
441792
456249
974522
789154
281278
125977
171646
886223
993204
695538
450954
38598
49470
200640
695542
683929
988108
445656
703448
733746
624250
100944
889894
212048
747582
631886
771507
310558
486651
167532
371989
903666
937522
756869
301032
701407
927128
280479
398699
804151
856066
237173
329479
752992
430908
179935
473328
929041
884602
358368
423397
285418
196646
472844
323409
150062
8984
678100
834772
695518
287780
691759
762779
576434
132364
745767
718187
493366
567510
221566
177342
685952
847033
14267
449796
662730
242545
762964
638218
99120
208562
277497
456952
284871
866617
961723
948596
448023
317373
634199
991333
317879
717188
927523
324882
656772
181331
979988
801960
649661
858942
39849
158554
179134
884829
788408
673891
109911
95327
447955
684775
522377
165368
126423
870135
317084
797814
830097
161459
292384
555634
726604
156234
663294
544353
202811
691038
448953
98314
796735
503810
666567
14098
945174
587045
382534
294259
471202
46920
788253
980875
709969
839275
293168
83856
72301
528902
541119
843426
810882
699059
821276
754617
541479
12585
990791
103357
175851
958882
405991
730613
102238
988510
569575
145815
631993
953729
705515
713406
689770
33816
232750
279865
560512
569017
603514
335807
57968
972488
663490
229697
727426
50838
920159
999512
581979
341347
399589
54750
996199
533124
937186
699096
13282
141984
716083
856400
814980
19604
424514
885570
414919
926775
418911
451180
487382
447543
654906
281288
508372
442146
812859
166358
89285
628609
651134
91858
759069
941983
7214
182726
553443
580071
412157
529464
420290
458283
272189
657475
644012
149057
580638
626819
524587
132744
500804
536106
738566
215688
899140
374128
214988
774391
181756
831463
372864
18776
894220
258092
237601
271294
588277
780153
137108
32559
684940
683736
370352
407267
327450
118770
511398
498220
640019
161926
626187
180847
142321
826933
953668
263952
572013
202041
525581
384236
20570
250422
761446
705792
105950
933865
765018
222183
710093
650685
151469
436160
814564
331900
306401
534254
396318
782050
901989
996408
11574
956046
585307
642513
118074
154386
786564
81779
327113
810793
646539
112932
78441
647560
86442
165275
388039
274765
289917
620604
8844
215060
856033
665918
854744
474729
126344
909549
426717
934807
570141
182603
778459
143711
476814
157074
474803
633796
744763
808021
260587
159235
832313
198404
102077
626465
129922
879310
575260
742812
710397
797025
864452
169091
546470
33421
774652
839457
65626
571590
162603
600021
759554
802312
417748
871805
693273
500885
315248
833873
634459
330074
519655
374732
171084
593840
526762
273796
259170
15742
84335
804891
748752
425147
634250
729486
277551
329809
965157
642987
112331
672797
144476
803935
848072
873939
21239
109037
410352
729215
822405
436923
124186
706214
334801
426886
94007
343563
708932
190006
873468
735309
978263
223309
537703
984173
416178
562168
673713
161006
908838
611592
951375
69973
933060
674362
839140
384720
151640
631026
824006
230835
873541
419783
946859
816477
570302
928695
160560
437881
154719
927163
633861
777248
79078
589110
365689
455644
403472
134919
536350
866056
951828
384510
637465
231891
101750
751594
474440
456163
748938
242960
711952
535254
698374
529977
220418
402147
280194
578019
149225
594399
486286
771927
603250
189084
943216
349402
970168
996652
56312
883325
218604
982403
174018
592271
248094
591418
805064
613491
95082
851632
959585
759628
701505
450891
486746
962452
406867
202972
749872
857292
613590
132769
338727
33742
522294
302179
819913
12030
735257
109248
577534
735647
215117
523203
812037
384322
167185
84015
664909
778585
91261
659099
761138
223017
861710
923191
746135
298846
971666
417580
928668
857208
456364
194146
994748
129123
675525
433243
890438
491429
757520
590012
623542
418289
617399
801580
9520
213144
61351
196181
847320
890655
747637
963208
862544
426347
681707
321789
157711
65561
34355
39608
576986
293226
66911
570438
433570
138460
795155
635367
751995
501012
332432
524870
802932
701942
202397
288931
891223
420503
806932
880145
358910
214026
513670
725211
883536
126615
79052
865858
313047
652490
752235
771746
608191
293223
182371
910962
633966
257019
489684
887594
888122
217549
407118
194879
443019
911988
772211
379914
29839
629250
658699
135111
468371
279518
186020
103160
456837
432751
539556
994857
785859
752436
793389
815503
726815
665393
24875
473482
840562
620356
357373
752266
30937
861270
871997
732941
144081
314157
421358
962566
269355
2653
852993
716378
478507
37342
195780
463619
929603
692985
254376
328407
247911
259293
993709
918755
326925
198926
162348
867121
469827
572989
42752
921833
993516
613362
818706
469460
568792
346214
309888
509563
941119
211181
517930
445614
492506
997136
95192
833633
569439
328889
192395
735088
723735
105159
70559
684547
425181
699650
96345
208844
528373
376872
945299
815213
426822
481894
636929
479863
19382
659490
945823
843790
371040
783157
501689
99944
726964
940342
730966
142324
951404
619569
915138
310487
118439
105271
36791
555921
246500
672911
959015
337214
285404
617866
936553
998201
432315
439732
142909
657563
799037
522791
973438
523169
361250
326393
377059
483947
622925
685141
617073
222881
718783
628775
196161
45936
688106
258225
638697
225522
33717
774139
649674
505132
810315
862695
245750
202481
229920
994530
997820
635939
844674
68855
954513
30617
962903
872062
76636
916957
536377
809265
26845
800396
557547
467678
899323
439200
365046
504953
592426
688523
91620
808521
982390
933625
731736
366723
772142
135992
616264
612468
157807
268468
143961
419543
720844
190811
608982
704006
57111
713951
324876
974413
735503
76570
577284
216923
177894
665035
574685
426642
811629
556798
669446
629181
724126
524490
57942
483169
82182
440948
445576
574060
64845
343409
292886
39115
588899
333577
152688
990167
94217
722007
997273
175855
998329
398381
389471
184353
448883
367572
260149
466817
270054
729009
365166
388252
742007
983043
87896
704903
866096
377800
64371
101968
967368
340287
131917
97046
792907
906121
233147
56053
737574
530217
612406
691737
179281
7274
657615
272948
139161
365408
594704
576010
117001
740166
629873
948073
426676
354439
834612
374967
661090
624152
990813
437219
465365
68098
228369
993533
165622
380925
95754
656546
199969
833272
888053
859472
98890
355958
664873
847960
206794
43922
738371
864241
813258
885347
15970
900008
355594
100922
669948
62389
354063
963144
260443
736490
570791
763549
51832
378181
102938
292363
59954
471524
70063
788649
91563
584536
581655
473011
517056
485329
564986
176655
347810
192441
356381
153706
721686
390558
101613
239809
834565
541319
49067
955964
49280
434151
672307
554676
93909
429487
776170
241941
670598
468990
943171
527455
444524
676340
657327
960519
912168
866468
601375
368506
646721
640872
820791
387585
363039
973326
412304
309823
365539
533551
714282
503832
283425
810912
819117
835436
484795
431298
562778
293889
431323
426613
228307
338751
521676
883817
59779
39508
283702
136084
116267
509752
700468
727168
856394
186506
944020
850044
920104
914521
692906
407218
226432
459520
75089
674393
589000
136489
717695
871681
790174
273970
541636
33355
520464
327660
33055
856187
732616
163008
255741
79334
519763
753772
316623
690693
887564
167083
86919
621100
804969
741235
235630
802388
96609
513880
308645
115476
210041
357902
255606
675247
181610
942283
510358
985990
665521
328715
149433
221678
730483
225965
471826
121756
349706
603707
84326
108285
885104
320647
42636
261603
406087
542640
248259
180121
175298
811780
373231
474711
652084
432639
376754
376145
164211
3890
543843
149354
775912
842047
210990
9670
676150
277377
990344
50428
466757
973768
588621
739819
420330
373954
379383
417636
367861
142901
921725
585860
71510
712232
110790
835429
651756
868322
771592
137067
199212
607882
359618
391353
487978
544941
462930
903366
998855
476446
315315
845322
701112
359480
214551
992594
644974
633151
451357
150067
218599
308325
61871
146971
871249
245224
394299
210563
609110
850584
378444
127168
686920
716983
421956
801849
686443
989753
174328
254131
728409
936490
961000
493512
45526
498927
158938
648247
553201
314468
611217
96660
901715
773413
825903
686496
282663
359912
372388
321587
450534
577543
166930
164246
861181
703964
890303
618989
986910
360838
300278
213777
717728
747464
422970
364540
496212
110223
548264
888349
332965
38036
104424
114444
870443
615064
971151
874840
466060
222348
24021
489403
846927
639507
898414
748527
95039
112927
604103
153881
620088
934200
43614
439204
323025
566107
977342
921449
276517
636351
247894
419018
803264
644915
321845
824030
553315
651363
357989
242950
356021
886329
732385
215454
365446
276959
965043
458832
843072
65635
231407
742850
172140
399924
861830
816879
414302
770249
722951
607443
643071
615265
261048
312448
555189
111845
152461
150542
866801
868393
350595
635312
570260
464721
619804
743969
525566
69328
754871
674940
994933
701900
584715
861547
79599
116254
537088
596152
490685
664373
484394
133631
336340
508314
786402
209092
146168
567181
661635
635681
647751
224463
439166
73496
359647
804729
999963
477959
337773
567434
964749
80569
316499
395838
420720
201240
143925
226457
76961
287681
609697
831107
925306
778864
901080
121229
479912
556890
998013
110225
483947
426266
616665
547768
858090
928707
726729
951062
623857
729172
583045
225903
537416
107017
785869
522525
956337
292494
218865
511113
96509
807182
872318
952215
104267
705130
716608
65182
309854
211142
413561
862548
508890
484861
260764
360521
876507
602996
970950
727498
428594
838156
254842
475494
546365
190129
49687
451469
515810
352656
368409
717651
292712
416997
205640
873620
240946
768690
315200
712306
550680
620491
649950
920826
699363
346062
796932
632997
19429
617585
918730
688122
210739
759092
127425
997265
123137
771701
807013
476018
665176
866
295646
239771
687670
462025
799411
460064
695938
281355
122892
773037
919146
857199
724962
280039
235739
807442
374597
209329
124764
13628
645641
507083
638984
432975
3022
522196
914150
826777
248107
198512
92262
615112
209527
594244
480506
354429
709363
922718
36943
365625
292183
400626
947367
782580
763640
436159
374485
2636
71058
450641
683732
225498
301688
934239
322179
527457
667093
545236
547265
37280
969822
753259
588513
269383
962518
247603
249802
869062
696189
838322
57006
710912
924438
303014
883685
958622
561620
279335
599653
958144
126752
66280
500832
364623
526793
993116
700346
95854
907977
983029
144230
458831
429552
321735
547420
698402
44400
403723
699321
171303
780356
26816
395443
407269
162173
381868
797750
211123
688746
731969
358112
81331
711331
842266
833430
361375
903986
810148
441985
602811
310047
131610
810153
932010
294039
296296
179244
842461
494136
559537
270618
737382
869051
767660
725296
663851
311295
542505
827888
102517
874798
710002
218457
1320
224014
394316
654664
550221
421030
366109
213419
287371
594890
731303
652509
888693
490246
23538
307748
968892
53411
923528
397059
359941
229785
358298
929019
702998
611217
383808
83621
310953
255636
214622
679077
20963
993942
301730
395980
145630
682329
133545
405388
441763
736000
782529
424344
517299
118385
647113
785112
726468
303653
733173
395782
111497
552463
11310
487848
957290
936806
59030
690474
598931
64977
845289
720023
307240
998446
396671
976500
644886
449407
701806
264377
994885
137842
854348
468077
159594
838092
791826
5213
5368
495665
369756
746360
40310
309074
962892
630474
958572
17395
598351
908179
590071
735640
475895
618499
143676
79436
368904
697557
539897
964365
869838
981189
142327
588439
823787
996079
680860
443787
85551
518726
599261
395452
921184
360237
46160
87383
567193
891637
980895
365612
336910
71028
168152
250205
221421
475454
117410
530529
944160
391363
603083
700022
112111
667909
52156
694561
75203
991988
653390
233315
104197
361063
640245
822650
509477
236857
201114
451152
85623
430014
989895
527044
320951
954465
266044
515604
214893
973083
139358
764068
508780
532946
933199
729517
192180
324812
264409
737605
901495
579598
768067
16710
187193
318613
901318
172446
484496
241392
733850
676275
945675
559800
764329
7025
884847
963822
80677
987121
511324
490607
13493
930631
758927
991766
895370
686120
920449
662958
715408
397622
208748
12498
255489
598122
741421
554980
838995
695517
94917
621990
295442
366259
145657
786872
324040
165412
75418
396462
841432
349032
416415
738381
388266
3967
763374
426467
148096
277082
674041
400384
324967
930729
710149
484116
51530
217986
252166
44710
52513
146987
861927
230383
52230
205252
612581
378769
79144
239444
861595
846199
37272
830190
40344
364746
609985
753023
116268
90380
368245
289591
642626
479381
757474
731026
390631
205672
259875
664578
847913
465138
934131
324219
848410
867550
60156
943258
869492
537367
220237
752819
125974
262875
33771
190710
465645
662969
670910
408316
889006
894631
964908
314292
672831
175618
778563
313189
689717
304546
136976
51487
121208
379353
703309
424578
892483
78025
368054
937130
525128
589023
378876
118262
441712
670576
181587
278196
434496
538350
281318
51882
319255
529158
720170
895491
420372
742810
269328
712277
693460
408790
694100
42443
503385
779185
246451
259316
56646
323970
951481
119974
491270
679292
496376
659024
245773
541000
994709
771420
551991
738942
297916
119805
233676
30655
771571
849882
133477
269361
836108
271510
659048
535704
789109
709372
862638
82830
758761
771076
8582
156959
859145
944580
218643
714051
28293
791158
84944
243704
656628
558946
943412
346428
145412
922664
626033
120996
586891
77356
711318
750428
528764
945374
613908
830076
515189
608868
8797
394370
642612
472935
264744
383986
222570
624439
111441
510855
291816
42972
970782
249620
596278
658042
558301
432508
561731
467872
132520
443530
764278
23981
844683
855598
219938
761759
673020
410261
948505
302585
264840
185252
338839
740112
234767
616720
27423
577715
764198
425628
83428
882421
192858
895088
875549
899353
248660
589907
16251
463448
498968
118917
242935
571665
980711
232124
576452
577422
979781
645689
709156
318062
199829
335749
832791
376053
226784
429453
584558
5292
122548
640535
152061
316278
208233
833760
842798
86449
206527
498068
641010
107333
76067
584361
986323
227148
435280
150937
175334
378014
365075
640314
364700
266040
879527
500283
93303
63880
155454
220413
344473
704471
949985
280011
746295
715475
152750
598072
885357
502904
77569
428884
645612
476379
724718
850506
977806
123219
682282
269977
244682
707908
662601
951277
196035
816457
958305
930842
702779
706685
792654
296244
509604
598502
956879
384205
49751
92095
199630
430348
931678
763425
270525
885222
179691
929805
782108
525372
205164
770200
372311
544081
118
422580
160651
611622
354910
249174
706985
526132
903847
555081
171827
274310
440981
854607
46180
677872
821344
439023
219756
510895
248708
561568
753369
532319
966517
719888
470609
125139
473904
750481
593660
317588
89709
923617
226494
2681
703921
26900
365602
920608
386175
223584
84050
930182
699182
364997
606915
549513
727510
37591
805613
102903
374436
925033
365432
294674
64014
493208
203890
446307
209440
163313
764605
210679
281652
748992
747078
317946
211647
779318
464815
766511
424456
592374
178703
108234
526837
750972
826255
956778
559166
475050
367989
708790
312962
556849
583549
811219
495032
319256
113827
930367
55358
849132
702590
475853
613261
64196
448006
7421
448526
505648
890486
957687
789253
401662
672205
12004
96235
148264
180206
542122
460763
466525
825255
365378
832034
913066
418638
474231
259769
642309
762055
187965
460558
527670
553635
697195
233662
90403
159651
813462
186912
443126
564058
308044
525371
960365
661360
910506
904151
195325
910147
609306
756657
903140
849063
564973
252040
399050
668174
375569
864596
760659
588675
130031
676950
682884
702416
639652
420362
498895
608704
172633
650938
801084
284351
393793
470380
383862
44765
485934
578940
672048
161649
408273
142404
384498
22746
511500
559479
556996
331809
353013
233037
680053
127354
545834
98840
747208
91626
695820
126006
611708
444290
921626
157983
259063
119753
948458
157022
495118
48824
884741
965661
341428
625502
84640
891609
199356
752356
224563
626356
84620
448299
878520
551401
625312
957585
578
529242
228856
71059
580856
764421
84896
854924
623916
89813
585242
543580
36124
906709
320297
910884
442820
845503
539772
775597
715549
722035
470518
574056
527606
335811
845078
30160
144686
627371
762632
292524
16395
369630
491271
74224
755707
396027
979757
452739
880356
353438
149720
185244
64874
437715
149627
552517
761213
129446
871742
158082
297563
448342
296979
985227
112937
650152
60887
870580
862314
19735
743584
951149
121945
220264
475625
922790
353193
897820
283991
232203
744151
360959
139879
128365
225640
82718
225463
991680
292421
686229
621229
924545
337263
228678
831368