265159
219103
799818
691606
218242
726875
369327
929266
430659
660523
671547
408277
563757
278469
83230
880645
994259
268926
21876
557225
562996
491437
816339
935404
135077
762975
958787
110858
991244
198832
617357
387322
163912
891724
388076
369400
289070
309250
780768
364526
693423
423042
949410
884990
9045
234931
43634
246639
799788
921651
273548
336433
415293
455660
367353
448014
131382
872271
538817
89008
4901
511536
150014
345929
166691
444926
729483
106595
53133
66269
809244
87172
480430
26018
750567
573949
221945
372458
289920
958031
17649
599832
97795
441467
374443
659753
454314
565669
868011
973365
398207
534628
275308
261572
595371
17512
158588
566986
382444
842696
240003
83585
327205
456744
848036
333665
939023
894276
979323
342079
182605
819419
134151
893439
305630
60986
221281
860151
92908
975011
238506
55266
399745
623195
868292
779838
62425
848205
482230
41155
429714
679518
4275
938239
791552
141454
356212
658835
419421
648327
391106
101956
527645
198406
490128
365374
662048
795299
67908
52844
493761
851390
787926
922540
802380
816136
846033
43571
249676
422059
936055
540797
487425
863255
14850
21870
53488
119338
2820
818762
655765
823868
934384
127054
434932
71684
294513
931945
248781
435690
58232
375450
816814
136169
432659
728807
318690
937888
806585
553527
80327
646454
16610
445453
660798
87400
234899
2721
172731
703345
887
36189
506876
992468
417449
614769
67542
174217
949071
742739
161002
582658
884832
920918
95287
454168
599813
612070
556233
7511
609757
45342
615504
140451
15899
256134
31755
87237
545674
397228
272227
266774
911793
388061
192724
947846
550162
395648
768838
124169
517324
308624
508730
714080
831264
629812
776736
406144
240592
42877
519173
89952
227427
293243
699881
757220
460870
547900
740398
457057
610061
313122
201005
25356
327127
165024
512099
685700
829774
291025
113033
781753
922893
907125
530177
190391
48925
290440
688428
468691
812312
78081
239064
320112
616687
682532
467095
923887
342535
972612
304043
824369
129021
367513
302941
585097
586315
974714
543981
459971
549442
208439
366307
969356
775671
6997
780868
611580
457467
323238
299680
367303
970882
523653
498632
364795
299172
972524
610270
500982
719938
766258
275396
279528
239681
678371
59062
899585
977522
363389
410932
147895
154898
134917
322328
425589
541868
970181
885638
594851
461533
869218
924864
926030
813680
421341
423065
286389
479591
828262
348801
492015
630107
437272
556543
646012
920763
612758
319422
123878
941616
959360
780926
822291
723809
900753
64683
767786
727442
903767
628043
67616
545767
146320
608912
455710
447367
346270
393229
99153
288668
928231
774725
403469
725686
861324
568416
424350
957903
26692
826743
361517
890217
200148
980238
534540
858708
906541
685473
524894
470796
658530
373719
301286
947774
560772
567955
102442
491627
740956
277354
341699
663397
455300
928047
709636
480183
8034
494313
642117
916322
810818
813286
209995
346945
803471
361129
402901
539086
6254
250942
695174
632509
108280
380206
525802
45830
602705
730703
865446
358784
864041
468275
407489
286313
614607
153536
131401
924674
721325
509728
893923
673367
509476
667470
330163
317213
18181
313297
198948
968819
837224
370438
988756
745291
444973
55189
317663
824546
529485
834950
280839
567467
906268
206444
760701
194762
51037
251903
536206
468475
549953
20808
771117
605587
500286
281269
748697
981215
684424
13772
17322
964521
469679
496060
496894
75416
787349
421328
986938
735159
251530
173885
69119
799438
623046
741210
426475
867436
744578
879727
586569
833031
49907
307365
997846
590394
541476
147229
668145
66412
779439
787869
280094
241105
921431
792934
13366
929930
968837
627617
835887
339432
71262
413879
317764
539534
716029
294208
464641
628084
387026
325523
493421
520712
816854
919804
342355
276719
232554
783435
493679
92264
583243
757641
308082
754642
377652
223814
946098
140740
861009
732750
900210
126170
206299
480314
78473
844304
182228
311970
652401
977414
720225
371056
67054
364131
343295
637200
430872
268374
777315
646467
981895
778104
166450
3283
357595
458765
922970
720673
717413
729066
39819
920538
947446
947824
904150
63944
146690
210102
928480
586052
183215
78661
741186
659594
905600
192124
154817
440933
140505
929236
791013
503113
24558
741502
47032
626495
60620
118377
945949
603322
787204
361247
20106
536393
88815
662415
635491
228006
92259
282469
353460
596971
960177
400277
64971
698468
233943
27192
803760
533119
90953
133837
860802
839136
972631
490592
685552
359505
428539
987847
990480
85015
746497
886793
734751
6816
99155
10010
231766
988696
603168
403330
678693
791066
36393
930523
958223
656003
527336
366905
560225
207075
584412
737892
601296
563277
242421
190528
18542
879822
808345
677326
377673
959674
935825
184139
131168
128993
866644
432886
68675
258017
498669
32175
279814
983061
715275
934715
661281
988972
334501
94884
574951
893396
29832
314365
45153
460884
945662
593092
608327
801465
238877
720032
725594
859752
683049
572297
45153
341523
1575
875526
324797
47431
637247
684946
217771
338721
503500
513304
831894
282656
623812
312222
125079
509014
175103
805694
45130
746553
670886
903950
471246
470038
406713
909409
723160
891941
65980
628327
610293
136311
640319
528303
122586
1164
879497
99725
384745
352385
18208
506391
310211
470502
557880
511049
913540
47278
496566
827080
847647
497215
419551
714948
783959
205354
969378
886326
252824
130932
810814
988937
944752
131475
891985
838421
875309
419253
11263
403782
653779
888249
165115
231771
456314
233665
791221
505035
385922
954655
429152
369602
324980
635180
660766
808648
300855
511415
896459
881667
447276
7387
133603
525203
504422
703658
414865
595355
9
930373
721685
154591
806654
380045
623696
151177
809040
682036
32815
767430
682726
552237
499122
703437
862621
726210
475352
805888
355202
217604
341545
807083
931433
168412
848351
534121
131692
830400
184626
865317
254660
170754
90559
669630
916413
512706
897620
853700
899097
444100
778907
526048
543683
570908
35808
746320
388910
523782
432960
391247
349386
521810
335856
435730
514787
199548
770983
401391
639766
459226
490409
902105
990384
112878
65201
393670
991780
898907
861563
385649
769001
292981
794347
684027
298414
18737
302301
952237
576187
615803
976778
414232
763493
30183
143507
447517
167150
302911
488046
666569
321527
119482
475498
874264
125986
531086
897568
71195
657992
15580
4088
930291
745428
893898
633365
144701
5370
194735
950430
312520
569752
882919
57642
248257
71207
633413
405767
629744
281245
189672
937639
494043
412195
479142
840488
117704
808622
953446
636287
760096
419644
939082
814080
932143
336621
957001
105100
864136
931836
583898
633047
393542
568216
124684
759380
927213
239459
445043
946944
844142
414918
706684
289672
258953
862063
242466
385368
237325
509352
750521
160705
912123
90773
922088
568902
407625
513034
478900
164100
373186
345734
800503
456955
774218
317201
464623
722621
507136
651757
59954
434673
182012
222075
546623
638340
891767
226542
476273
485166
701386
739428
422989
139036
582031
421414
769146
11391
831076
400445
4048
229233
863694
648495
92552
371135
363513
3477
374100
76183
623709
66202
358536
472911
434813
248786
594165
510288
337801
735476
211671
404509
252196
619702
215460
44868
768896
629764
472196
330463
174436
519836
458464
443911
424079
688904
665555
486807
790711
513401
507774
3416
536490
546237
598328
843662
720150
114333
453794
799454
775396
577878
507096
127514
358590
234290
641731
646827
500593
712577
775563
932442
940526
956089
970602
946491
871787
999784
730972
143478
355559
608145
190578
528691
205450
844331
600390
50593
325098
557426
646345
288676
47146
365927
852216
993881
452029
157483
885293
523910
886920
373748
870098
777635
480806
491689
133744
983871
473477
830112
857638
808721
18477
12273
167220
840732
207073
856503
288567
913277
417502
605731
503535
761492
300736
650876
967740
850317
720836
379383
333288
668426
464936
953134
180317
795055
757679
120192
33527
35273
40065
354694
498804
174875
434286
386413
519560
803399
977107
980725
643598
659542
294741
388549
51352
184356
195659
363496
847975
557227
237112
404776
280054
336618
29301
71685
51761
829681
776813
171858
37123
393676
295042
875501
789453
703946
25998
180569
879218
552360
278404
546170
173647
904927
533172
7404
205896
413639
581165
691968
460926
912614
27324
685331
633308
764890
820243
891277
243921
380446
176582
753651
347544
110268
68590
167850
100978
656848
618480
855177
226293
762868
831896
662681
250622
744717
773151
468012
121603
587505
543883
720791
462211
414900
540981
257741
208158
101006
98406
894617
708929
190890
840347
735991
352313
978317
830376
687440
382505
381537
79481
146321
81431
585182
401587
108391
832096
634964
273912
186521
557580
362711
443018
834177
631932
704583
95687
780584
252672
939258
44626
377981
692165
146888
116819
151986
737259
330996
113556
634804
161461
823858
69580
18820
734938
54873
460921
186615
859704
451495
685798
171590
559848
548843
446028
684243
841708
1427
654869
129977
848709
463058
726459
562126
184034
157870
292175
561656
911026
9443
113942
200745
363482
395383
283150
179832
352898
817947
313166
39133
232458
854267
559627
649929
710747
423971
953783
825568
744664
834957
163651
8404
126066
897163
193413
187103
628251
181581
957686
475804
194706
981264
729426
734595
340637
580324
216482
862079
636693
363544
211414
575918
38299
215235
622475
884020
498024
964082
9837
659836
511939
999401
635638
661389
351883
600024
220693
405124
915892
330460
629097
999604
740431
129262
487148
609815
202625
350380
106797
651247
359509
989698
63413
214077
524078
498741
176140
47773
447317
433804
82836
948732
226737
376795
248786
894776
317012
694701
247053
673682
283121
121549
941391
215698
829548
919537
67528
561464
807242
384068
202194
550298
5320
760334
586960
749599
611207
672706
425519
163542
792548
112933
480206
506100
906662
376982
904762
396072
663057
45566
830354
783197
978327
193556
415434
819723
899758
912781
395914
8442
119229
512223
300598
87957
703087
744369
984713
652775
247850
425185
282522
646132
426074
64113
455105
72822
601831
82255
633875
872755
859205
871679
395336
983031
153065
363687
381758
331828
755609
416566
912854
141938
162972
33394
201404
180468
296145
278750
200389
398313
306780
91588
681649
391820
386747
36324
42767
18137
153974
329017
398080
298411
283253
353124
950035
307447
267691
504440
476240
207775
285936
882721
281169
286068
376301
255409
713545
521163
190449
931849
596264
670074
836128
338208
338391
23408
529610
860467
655518
896622
162138
919241
452134
106662
403365
226850
127128
934510
8226
243835
776547
944289
168441
380289
271645
57426
590836
357776
223425
756014
919762
974438
179351
280365
241338
507369
502961
680309
929741
948049
629201
544203
831380
925555
422952
74678
965912
310059
161209
97778
365073
132774
994140
83982
179318
460745
118239
960355
380723
480258
851975
670641
907961
230889
379700
800343
16239
784274
771298
317486
853254
314674
371660
578883
224298
642474
45227
990960
382164
725685
707355
874326
706620
472299
823391
796281
457324
935279
117307
3128
37936
746748
589823
646951
399210
241734
311972
454027
725442
411024
244239
745649
847994
288394
331826
276971
460959
343844
549842
12712
637403
342835
144675
714863
400232
222462
378959
743480
823839
207847
114581
946087
850542
319089
505230
131238
199720
322802
458316
272477
601271
369494
743963
631249
179372
644749
407337
403094
576375
973842
224898
552754
366194
82841
106675
948304
558935
22037
724880
620894
639122
356771
203474
570692
654706
582422
511896
855552
620089
615584
612494
348066
490130
562329
58475
106913
673314
393967
467092
997465
555319
807723
211294
561698
868317
858523
562033
610190
237391
773474
557320
916734
714571
935640
409236
515105
624254
229663
627776
717707
549343
772547
565456
643246
184472
430093
79842
21559
904350
609317
534359
567879
893858
398945
856459
405068
454367
829998
154879
631100
851668
887769
946328
378798
146700
424635
584448
130709
719512
510207
859179
701977
311327
378961
921332
154131
333132
517477
421413
670117
888933
842209
830102
173556
403644
561449
851692
848260
601214
973573
611843
930670
982888
578224
714918
733568
370650
335743
643195
421489
53572
475883
575868
491135
783613
846142
465568
79527
122802
90134
157720
744705
607547
578457
280629
560885
510217
703734
411302
342110
953468
738259
245087
773497
888337
748697
360790
948617
37304
131928
653735
455307
819716
678551
413336
831761
586172
590268
532662
155454
537870
184212
363486
216349
999331
281280
434520
511134
794062
550909
784413
579821
232926
662542
201977
645104
494546
512520
746187
976350
11820
218426
786218
537911
619934
28470
313250
329251
179745
715328
762524
700779
940453
608403
742619
921806
269155
508170
7394
854529
58382
414770
775860
387207
412263
562409
261683
357096
934320
854962
166890
975633
6456
747993
471718
146247
452693
137021
960255
159625
1264
432575
569012
442818
228794
509510
736180
179048
183549
98156
57977
729012
574221
139272
50703
786174
731293
163288
796659
90612
696557
246475
738390
334903
975073
432873
30785
206290
3694
722080
422354
112919
959917
533164
480740
570392
185042
727009
73165
526079
195446
883864
988225
374539
466768
208500
62291
875175
140994
270544
444572
283432
352719
530311
775668
402083
370859
817887
996957
646505
595883
948690
220352
651489
519324
15547
30543
468736
113967
907354
800265
423015
557777
506692
174748
819224
631833
46378
633124
981014
459291
900227
781585
873625
732570
760921
293928
401515
616666
429421
877088
263138
24210
446856
19116
201786
624000
864160
164376
361743
23895
276451
852557
790067
298580
338531
777135
486578
407983
962525
224677
627616
987308
497447
222456
935898
807376
316726
84692
90402
856817
450953
672045
926545
467879
297334
264251
10104
760990
433807
198885
956183
98573
622833
586812
796217
570497
408488
308382
210922
229779
773506
925435
645335
419128
114991
569140
158144
22391
349201
592735
118620
568693
274470
219751
1225
901804
563727
22353
748141
734970
985341
716633
58671
293014
684279
208570
549196
410845
403466
898573
272022
520331
488461
513417
228047
532165
548751
688105
677982
755026
153504
41323
513580
292266
62073
396724
172318
872999
308936
152209
649839
709336
827036
526360
743657
187573
934442
841709
617919
39596
771834
189856
707082
663066
350001
269620
98078
916309
47867
254395
308553
255014
842708
554524
581031
350228
634420
690999
969445
488731
772373
294047
463440
444412
639970
659014
912409
416942
452798
910006
809063
306290
384621
55483
707353
81988
357731
898655
69847
705709
563431
722509
640659
808373
361828
593239
701986
620662
434764
437331
246065
704204
482473
575264
222245
219881
794626
814342
468435
906437
710950
644860
455961
805682
234392
884739
841175
917517
532567
200303
270414
578257
375688
429445
952403
187141
387202
708416
225455
849366
401590
554606
225366
756607
915513
715960
190338
19748
531376
843262
851180
683199
860503
3104
798119
175025
273389
142874
714457
974330
310848
299207
307798
692292
325200
761030
544218
2778
532963
157050
642851
400246
687909
559979
148841
513143
704185
334602
299963
917873
34080
327953
637112
978334
969988
547465
422118
511027
223970
144101
621106
552206
711955
174540
899973
760203
553333
581236
365054
796278
442874
966186
407250
708890
485389
307246
393278
285560
941532
71738
411044
176980
818502
968803
662601
420329
697955
384281
858538
968444
528298
517833
565494
163342
923139
715105
196909
255466
199530
626675
162067
933855
705596
245235
517968
76104
629730
198171
739495
820295
936535
110061
578705
64592
595607
748952
50678
453985
594982
482100
691207
961999
852090
822568
176762
99964
886789
590763
432483
207525
91555
713127
757932
886488
688029
364537
782705
99203
761816
183445
109498
9830
548701
799943
77526
866090
416966
905684
726864
981452
194689
112959
273425
131698
113156
434791
191378
404766
690445
198350
269435
482944
39701
38068
400733
216933
93969
611170
812297
639502
400931
942274
389963
910492
523364
263083
466502
163750
811398
999547
100525
647021
184618
92766
21915
780647
678461
520107
180368
207991
410191
776749
990537
301566
58546
451838
921339
16011
957195
31119
143979
264046
959288
145925
371309
932394
922334
199742
861687
796552
171021
19249
424609
245896
13266
209780
834107
174387
504218
475606
361163
401932
436670
759980
382817
304356
545519
700905
119961
948237
7039
265063
293485
256230
152266
801794
27828
368533
587967
928803
896699
20564
677583
453467
766
489314
27952
935845
534084
829081
477198
676494
752212
263840
90959
266736
49751
45558
132289
927194
803595
812143
788515
152267
124961
100668
964429
616029
207733
128738
539068
409407
727400
448205
961854
365723
546523
795518
499766
809366
441865
112159
633677
759349
765057
834487
723061
148061
220287
461688
878491
623155
307366
840758
253033
295394
927709
635058
429493
534778
468035
649237
47369
397302
240784
155384
688847
534294
826057
306272
663001
617387
455007
766407
710411
438577
720933
310549
231078
465814
698413
921454
974769
555481
346622
189732
554630
778958
196275
480077
449718
689533
319347
236016
194906
386538
922504
985753
105015
595184
57502
674508
288845
700359
417051
360982
991484
146917
353877
225343
481235
849408
113332
350619
147895
882928
705765
459967
865837
593971
601016
332497
11012
168267
229976
387577
399394
529282
379556
604596
347753
152013
453038
848583
142725
670478
736655
698576
487189
143732
140260
963511
566835
283326
506410
617668
829922
824540
839602
858827
882707
470966
662016
987266
372052
608902
458182
198643
100374
595680
874424
364300
716889
470738
699020
823892
426870
121894
908048
920568
376072
127236
196583
260292
615224
772916
636961
700077
964004
201858
795062
683274
284076
954
195231
26595
165464
36819
676434
645154
864297
977256
259672
108774
773883
592225
405388
776631
786387
885296
929330
862676
877131
830840
389233
2023
400983
22728
10350
791258
254131
753540
529095
801346
461739
328292
396585
565049
440326
720918
325711
466571
617680
730367
309528
567431
370307
62367
527810
615861
169745
627219
393161
945062
803409
894515
143318
396774
441731
960411
821158
155406
51522
971143
128696
579446
237573
288088
665586
949064
198481
593843
990737
511217
913663
728585
870155
590000
20389
629105
955332
532176
285476
575472
606120
731187
62094
432859
430763
544324
383793
175060
938779
955726
37765
321776
198174
102315
237102
958905
99598
512468
806765
756175
243629
548120
97705
240681
988679
487272
170134
426169
260067
481038
880576
171054
831397
250046
385078
329107
875715
376261
517653
397332
487970
216094
577328
664865
508300
158948
766361
980139
309392
900897
419407
642892
639287
640004
735619
133891
442654
147249
359561
221853
808629
48243
647832
617263
43795
307277
391549
160447
620979
446382
452451
181442
341007
403266
30327
833792
518359
102949
959675
251988
290894
837746
759977
528527
211906
433722
908033
666300
601126
322640
216113
638143
35597
733698
52961
133271
938885
108706
560920
947394
311758
640258
371214
694336
172086
560765
54798
444335
192786
511538
816263
596309
618202
557132
462577
956221
57826
44541
538263
191928
202481
275529
922948
918533
947904
329918
45390
875979
290960
421826
857914
887298
291368
669701
674058
870258
103210
514261
418282
573652
854225
522768
605875
538452
790922
547571
739865
891000
419499
374225
430008
553050
627412
848096
903926
666193
987489
489902
434132
213486
597833
984305
784342
591778
946966
68155
5901
476285
716097
243084
315262
411345
716713
782081
516081
795253
804656
93483
28567
731557
855795
924859
625880
836167
859747
603097
663353
679881
477700
971475
532839
85093
172546
450418
795618
759238
234539
454633
155785
26885
819086
806887
259326
297420
938925
321804
250357
171419
973921
160119
190750
209769
11531
111870
475757
946018
73202
390391
613506
662095
878910
103731
404538
712916
907472
649931
915026
155090
452028
684114
955187
838381
416548
307625
317662
52455
873906
599026
514996
325611
363761
331037
430947
952486
309833
654558
575017
928784
487765
885119
253126
606729
824099
929937
120834
498142
583431
803134
196376
805034
577244
946362
15230
154457
564120
537496
18386
792776
387915
564537
678818
395848
506484
834271
416216
643650
341824
851359
928960
564276
106720
486517
268280
575321
349189
990769
261043
138087
753083
597392
613353
430642
337567
104038
979231
58734
910079
662198
731022
70546
343052
308388
968883
912855
857918
72001
79347
136095
728197
899910
19816
354483
435879
417308
886092
538341
805243
333080
752832
26004
718400
285252
117370
418126
491610
593688
999690
589200
24427
8392
392775
531560
116298
154743
969818
187196
858915
140809
141350
810851
547307
749014
936403
133937
501693
569274
830710
219536
194326
224393
821982
773577
664170
931488
605758
192930
228193
467927
377778
279970
61297
951890
551344
701744
831384
45943
299404
435290
769079
986233
284391
886129
300550
380947
569909
239952
851576
902225
852266
488958
540076
511176
185537
114281
689356
910630
705641
611155
809990
33188
361868
199241
45541
393688
40956
971213
110731
277734
947516
411925
752909
900759
560361
326636
476971
174722
839620
173879
951210
818086
537949
660946
583824
650138
33948
962137
158012
520731
820975
273155
301791
694085
43148
898216
623451
787677
491297
739747
540214
360202
693216
134482
25595
270564
998944
382458
138797
183333
402994
273160
335145
506621
48897
504306
260695
997761
158500
655100
431692
618691
511620
755863
59776
778877
573797
692708
921319
337958
633171
47254
621294
975143
505321
858932
963795
182055
804161
662846
40801
942914
526515
136039
899655
200857
171916
477569
403156
223811
835021
517367
339666
149794
782748
316339
370812
153296
835084
535584
286364
231479
240836
594569
985029
961024
217358
984032
563498
662691
397566
290523
352346
326685
310077
246393
301721
985920
878769
839971
61020
884964
950986
606317
579680
633403
59116
128507
271015
782786
9780
542017
749968
974868
420137
118434
126162
361689
702337
207290
26389
396059
566285
558199
396909
283641
686594
482018
49331
484852
102180
405756
277826
318630
888912
745667
405579
444755
69671
245844
481622
632152
506387
752746
209749
315648
631415
673156
751910
51702
158391
641829
627878
973140
810528
378165
928877
752857
160694
986565
246953
581498
19417
625136
385562
17039
973267
161500
663719
569262
998785
358880
687644
415509
951195
66496
13825
300352
992801
266451
298008
876379
476003
734086
230002
650514
894061
37881
42286
331716
420750
81543
901519
53077
167044
890339
239417
903266
353542
502621
632584
734672
515118
115140
286669
781758
852288
697830
714854
851609
736539
16435
543097
950221
748794
593344
592333
259224
77799
748647
518725
217851
173630
803595
981689
272523
481498
684665
3570
87524
967198
78250
727554
15740
518050
266597
480446
801301
462199
549441
611802
482124
560153
982920
775903
339215
898608
89399
164235
457068
105411
565667
807173
872324
721978
449141
553979
206046
105422
923926
877018
41752
807951
636646
41577
751352
343505
928613
902018
371936
279796
44468
592303
625760
163343
68918
707933
548710
313337
878417
485823
164240
257587
682961
541122
989218
25845
613483
123112
29523
217939
526430
337732
672706
822988
655413
234641
868742
105584
51946
618350
507746
169067
226084
730042
941975
516209
210913
324488
329748
148104
262319
357695
407817
256429
903445
105873
88345
794276
917134
500182
170926
663391
887925
359556
362406
180938
623676
644685
716395
112049
202454
54037
416352
280655
447925
150031
949943
960372
508525
546611
258271
253649
943672
586654
316891
205795
98323
226757
512494
544890
579461
5847
775346
440486
454271
631087
972488
587005
286879
943539
689578
768458
841295
323212
106333
910421
946250
132546
890754
459659
773759
314995
632778
604554
548685
114671
75593
865419
907055
189299
47780
856941
712241
135936
661477
186138
682720
263640
750509
34264
850753
883477
815497
137902
527287
96998
201245
258864
741320
99430
631868
716394
790713
517530
210266
420069
111125
207495
895961
510040
230413
982190
850431
461550
558649
13030
315145
872560
682684
501204
167448
20368
180614
621512
229194
538449
652468
231991
702052
160277
518610
224593
701547
986309
707456
240703
260626
882903
840690
477435
530445
573247
193041
203019
643844
656244
321343
849499
694435
564445
696056
370422
140814
265816
541587
134305
543666
698087
452648
999700
668727
196408
35468
443222
816465
111888
687416
897332
393910
870739
270536
998493
869674
876338
219231
723293
58549
327729
968679
712884
686326
905748
289718
397970
868818
381285
686988
145394
659781
463717
198329
77008
686744
583629
213276
634248
702835
934207
914949
358029
189706
383822
271036
222978
949043
674598
159963
214328
405976
527898
244502
270021
342216
568457
289499
751613
370280
552875
651156
855632
404998
133053
176970
104896
736398
255303
336803
652477
181781
825095
89356
697374
181139
985276
442673
539518
655022
288592
598569
432433
947953
625378
492527
382562
764955
594480
73483
932298
184660
143710
210576
407951
710010
340581
143038
73591
494170
619547
135303
83015
260795
16026
724015
492860
157332
970192
277068
599845
291229
487459
462381
397659
698114
265022
717015
583134
291124
503293
992299
340878
777818
797105
180259
835203
999718
402896
271995
759625
389762
766908
258220
747259
940392
792622
384915
483835
689681
965695
827953
319691
262469
104403
656396
233739
170001
295394
621554
984655
808471
5284
730525
526684
591551
586905
378418
709631
220235
447026
65700
407563
160585
229535
148981
94701
863329
256950
316061
972525
591054
776125
52163
66691
814762
691604
224936
901588
689761
242562
687907
70280
317338
213319
696265
864262
440457
295584
693657
14832
867327
114588
496336
678259
477688
411527
215473
875242
955430
873455
199528
49744
208253
660583
620515
180751
570842
149798
241162
688247
235537
749327
367452
934730
51410
970507
485735
546356
288630
111890
439460
52248
565356
491145
364717
272581
418682
993158
222363
427847
819826
509487
43136
212698
141620
769920
803646
395578
374490
741802
292418
394197
125188
251097
100705
424930
483327
693070
895181
986763
521172
804332
259059
20294
583723
836622
790581
713026
313051
441877
868031
664636
195855
467775
627720
476208
546198
417266
302631
132589
531270
439897
891919
703041
989390
874725
48681
373844
551191
469109
3020
197841
972887
602192
692252
804543
424818
177167
978364
334894
45964
365592
949937
610764
799343
995717
706900
644119
679766
842786
709043
849773
111572
14357
613958
865023
315300
398425
27081
955300
397518
473827
5947
407753
829618
81509
361393
234183
377972
982256
983959
306637
397636
547572
983172
980028
792712
365603
988473
858898
396137
896820
816311
348477
748343
399556
20026
832593
51514
921238
608533
74581
739094
691835
358955
772984
163161
607693
691335
562017
982437
305365
547801
943716
119925
329164
144654
955216
272653
831679
332234
883877
469570
404427
587205
962979
884835
643400
638335
427133
337347
258051
853921
305005
35300
126179
724594
698465
706114
351788
465266
577043
917049
748706
914455
712694
560979
903493
452513
200012
747314
493883
693340
609300
677207
301516
311794
96929
483468
322823
382506
230342
232820
280001
764289
377902
196717
105085
702179
965000
837407
203943
180294
836703
123812
59259
962276
863623
514324
170755
314963
360627
769963
934013
167490
524004
799577
244762
501458
554172
774119
174051
118542
229553
994945
974839
875017
615004
994084
428271
686355
980657
356837
293218
722583
629834
939931
967108
934036
105500
648682
340969
183542
733578
882285
922088
101776
345496
830079
476762
457017
569272
849062
639874
121920
638656
772957
289158
21517
332477
40253
774492
571029
675937
855815
822848
554809
993879
718480
106017
928572
524471
325769
581980
706655
488597
165098
313375
340059
550260
233339
132272
638331
279576
715583
180742
846483
120121
562429
272341
149088
187348
956140
366887
680766
170075
7930
60902
379776
495500
137401
405238
895279
996063
704487
513023
922082
926872
876696
531976
115767
644221
412546
250623
642603
249826
776997
986517
452635
633568
963861
584134
425112
528292
109669
834166
351329
564771
841266
679095
545279
549099
997129
818279
102210
323797
912950
678134
884371
6999
855210
277766
530166
333430
29448
425451
918751
987352
385804
870290
614637
521911
200152
656765
846343
172466
538717
9452
384850
443645
479586
181592
474188
15097
157492
621016
910792
453599
539626
381479
462022
226389
237524
721789
645358
434915
794944
964377
188585
575231
112680
210016
799773
969348
454907
802463
83139
735745
447046
277805
88742
48174
865279
681964
606841
336122
930542
79470
573206
316480
577849
986163
987791
286743
393162
23120
711795
105992
948831
718700
636767
230619
218413
457765
564989
49738
887858
40912
465950
258199
916950
861405
254640
675705
500221
835544
81244
371185
161708
72459
499902
812412
238485
91329
176898
245793
560256
817829
461464
428202
177432
4809
742163
981039
292624
245828
907171
630477
200048
192243
561581
997430
162176
718815
655684
655843
37583
570879
311111
447652
348640
763796
739095
840727
215986
205426
153074
838647
892715
513055
601009
760652
932960
646548
812570
814912
128131
995040
827107
62994
98154
853484
957124
33507
964856
898265
483831
196078
538730
460230
301711
464021
186752
582189
704370
118870
404357
232365
553205
252700
627709
4130
886866
382578
412779
625648
742600
851922
245756
767135
136400
885340
923027
575136
182711
976354
718130
439598
338205
707680
482946
987280
478024
726857
995839
250683
499814
433212
353922
453844
27229
719318
17196
327634
687761
552481
169324
304066
573041
118441
138414
455780
674302
638447
857249
404851
711130
968375
652770
213890
669832
517180
958602
323074
119878
387588
344465
254624
976900
129166
406941
939019
398400
460967
59627
541267
423551
209307
281817
738029
77161
310089
231053
836115
767490
47312
937158
180296
227073
338597
571389
893497
261071
992711
188919
515519
858461
31689
6378
712001
905250
196878
992265
286839
800560
840660
28398
768585
876978
155622
576867
276566
730244
963125
429069
887568
968943
315841
389174
156420
875136
552050
381110
827063
63299
768515
559292
834284
779809
31262
925374
747715
940563
465410
500731
410171
665090
193888
120617
339736
250941
948230
90753
957408
255126
423666
62435
426111
170585
302985
254246
381898
875562
327008
101120
495904
232826
155382
691791
365741
556966
337413
668802
302920
124652
457901
934055
136252
110026
52177
33425
31652
262197
623613
998821
318191
1907
62212
222081
206020
929621
296169
271178
893631
569685
949363
152337
457112
943304
681956
923106
345061
287231
715906
987624
866550
149952
322516
167168
299870
917212
81833
595224
51409
464237
228945
721156
586793
387310
253295
171869
167555
234039
764134
629846
758534
767699
369329
605597
351683
879999
567247
731561
222008
809026
808155
577702
223663
803300
908026
853243
169220
329868
643245
389876
20931
573882
187910
44433
188848
717277
149495
54698
88736
383697
510853
336125
769860
591545
946204
195606
752198
59638
898877
247449
365771
109377
668178
620591
576921
559723
496931
523915
913554
797934
352800
886744
802975
928942
923038
452737
85352
36498
769631
125148
128319
375994
5066
577524
605276
169180
942777
424241
337155
266686
585905
647014
216066
341842
157613
238135
717590
839145
36051
848549
370798
151381
781704
47352
713991
145824
410975
990920
9206
877538
299564
923431
60292
374403
529143
667822
155827
758542
314956
331491
224991
880621
501040
498948
426112
935047
816686
210227
955212
478515
220879
506941
373305
401175
288231
536008
94624
777378
347084
722457
113597
4194
190818
877760
948627
714306
405458
25120
734892
690212
956697
224927
85694
286935
135804
223462
419178
762613
495129
991893
809374
415900
913881
835527
759129
66311
274306
792573
332494
170696
857449
817961
355810
87140
151685
815321
578960
540746
303710
147134
7084
354226
50851
338457
157381
195471
190363
889409
584163
985456
557172
91667
812975
393784
998328
439862
621298
415928
320797
741897
242614
906918
754811
754540
325576
890173
674520
999784
265119
787248
880479
619900
764439
358412
293552
835141
295190
509801
643601
509512
721232
726540
911873
749279
77605
70556
500653
776831
177191
368319
99964
365410
867386
342865
923653
14997
390612
356033
586336
561056
928933
15495
983386
254541
938896
312645
511938
641175
474198
652986
627040
353521
191892
712349
839557
974639
486755
602140
697406
506901
261469
239600
682978
7483
52479
349149
667467
545049
737642
653763
782753
837109
554884
981604
481810
642982
76539
915443
449758
754755
939114
378965
426190
243117
900884
615991
3332
271670
167500
501003
105198
365165
668023
280096
591892
380424
573098
953884
217873
194028
730605
256473
690911
206171
983457
579610
818827
358074
819197
372137
299143
869758
742580
105742
220318
250291
433459
785261
60482
370601
688134
743293
128193
998651
370202
380513
828438
918717
36125
960868
205916
782785
164354
398870
46558
347334
432160
995197
418633
56318
462266
278906
916611
892539
381209
217850
916948
959221
860950
835861
360834
612410
788980
342662
948348
995378
688169
180296
647276
250126
201854
728073
229807
253197
770124
532493
79969
507882
453350
785698
684369
290406
618005
969211
236180
322605
820222
857900
790197
98920
447008
982401
990282
792670
519034
303035
876962
624967
14409
829416
724314
597807
212399
535070
613774
510276
845423
226132
205357
35516
168789
588572
884134
708005
307891
64449
981183
624522
262981
236473
697476
772095
956726
365383
737756
657546
454844
201584
432631
189230
642974
570583
618531
815637
206998
627127
419966
731417
325009
998525
766278
113519
842898
370624
790924
345904
225847
650526
507783
751110
661972
332980
100037
538415
186555
985145
440060
408241
161694
339960
76735
18906
869451
687464
112524
191027
745877
266473
396738
335553
172499
210717
866288
630007
216386
207585
367368
990267
914182
175015
398130
854099
941966
794738
80125
93996
875092
729900
250160
824903
286084
754663
380991
792961
260084
978990
911961
44477
817234
525639
114590
615663
696732
825289
641134
831880
858439
120788
466013
83193
110403
323056
283330
564326
644502
547141
776431
772585
638437
494388
348730
464384
504978
697554
114170
726036
511742
312255
543886
63911
423855
87974
554839
351321
123341
578067
616197
112854
50375
25963
639823
499167
523091
744653
383356
910324
637394
634756
332511
708380
835473
359909
448352
830288
975532
8204
597364
725642
546445
185133
424622
919397
432722
757529
853231
600945
607437
762000
54521
971733
302308
59261
641186
129441
811353
277074
244068
904560
245540
453376
99985
304182
523133
348627
806371
714988
674294
989097
76530
482901
229444
720333
832190
547243
487902
427060
463596
88555
83261
874451
422798
268282
401284
277019
358171
303602
378874
404179
642110
251726
28530
918672
518218
295790
210764
271954
612170
128390
302292
107262
330870
369513
838215
381748
81026
845294
990198
435276
90897
90364
973188
680434
200776
485816
576073
20187
275773
273799
920601
759907
850445
110210
946847
254725
150668
154422
286242
767670
784984
137044
948778
649694
716743
948156
573244
442356
346494
939488
401728
735029
913507
661144
151940
368192
455786
454915
291545
652497
374412
346836
914843
417752
6358
139136
174863
170101
979486
699842
339300
685843
629776
486217
418972
885086
610918
576512
401476
207138
430070
377975
35487
385345
222053
131507
548129
989905
277049
469391
898071
126800
167885
915404
253540
224388
192925
984125
269733
6643
824065
855304
476726
794300
969079
550553
902222
564881
125849
788265
425221
151058
788781
412838
6327
17926
667611
10368
706688
576504
778873
347024
139430
794348
982338
104484
170774
788477
270118
597675
470727
570132
919739
711290
51131
447367
100177
649464
591588
897931
420515
800429
452899
99479
923560
725729
379499
627480
57289
256436
570373
955850
676206
529722
548460
74938
119986
931344
603800
160789
968437
30976
968920
606635
300303
312844
545112
828870
744609
592987
192898
897185
988936
601405
324161
840007
195371
273821
931553
140298
791860
307714
869331
310428
363675
964929
504972
886349
551262
48003
205132
136801
85005
864111
725564
673293
177153
108532
705456
387342
855725
108724
163213
265383
838604
361616
338756
5685
836730
383436
494332
51952
654559
127199
82574
889344
468870
124570
279530
385593
40780
931890
721751
636149
523955
467436
195415
171149
736726
672036
414504
198323
771383
597369
446311
554671
515764
294040
276240
160692
423704
709284
42144
614303
954510
875775
942107
492555
72625
739832
321257
567571
448894
691665
156188
933477
471979
574315
278605
510783
934545
150800
327908
551562
904580
122141
133813
897935
471555
386378
297415
641050
157771
343256
296625
255146
439558
634006
737886
174801
272737
189839
400687
495662
270843
353939
229311
769925
771001
266784
13954
283384
544054
921902
602374
47076
713816
341268
172380
595803
889470
681242
789456
310393
444629
239772
107475
579877
531018
881943
34618
976486
963737
704275
62047
618655
482308
248813
108645
316009
589536
919744
533530
917451
881929
425903
102389
268952
145974
125330
382078
628198
239207
231739
27341
390886
413691
372452
834538
860517
360542
315254
58580
717662
476447
89080
897885
621497
8095
392659
438386
145956
258469
878206
340409
177421
304527
887818
17043
615161
489763
117644
69888
119684
971716
186850
942498
241909
603712
658276
989402
884733
612550
550185
757903
73677
917237
815155
165837
231569
595343
904312
733065
965324
372812
158477
233219
442257
668235
536177
119364
123355
87203
528564
921671
180298
162648
683010
93300
730235
236266
129424
878343
128706
750535
164834
885712
262982
883424
113782
260435
205946
858904
483921
942095
448180
959769
947811
651996
146091
757185
225561
272237
419986
939322
291072
71029
314635
42280
701969
259111
646090
589947
839901
570197
355399
401764
563862
691322
631071
780260
500471
396243
855944
502335
859793
927015
631343
109008
997171
638120
998832
191222
204406
642226
763505
817068
482978
897584
42907
892087
702145
268894
998134
413368
601598
283816
20321
707617
793976
314162
101290
677572
691049
309553
40080
972679
396013
658678
130770
603828
910578
182859
983283
588653
122747
290806
178189
651964
626768
453082
122959
246025
928838
420669
1493
504293
357031
649509
69987
897730
19325
687643
816125
218949
593344
556945
759717
643700
151705
778079
365938
367370
843922
189993
968713
405482
250653
179165
132987
431984
288766
649625
180475
654690
334421
168233
493754
778501
479628
873710
129633
215308
562137
80346
514538
874347
560304
381463
870299
432907
937545
811719
926497
105942
936841
925159
715397
513073
485647
361101
343693
409866
490526
141136
613106
8903
628322
398726
364152
602909
579873
712232
436464
615298
119615
212562
452614
572282
718701
142951
682695
561486
536496
397778
208564
218332
415690
432103
44667
870535
956359
393255
603800
333006
935909
385186
164424
106042
649568
395703
541541
938545
369818
26615
391075
297385
931620
591912
321893
446518
239148
832357
843645
584515
372739
101411
578815
804127
200649
533774
236416
902831
480566
998865
804080
887682
566728
463477
255441
775810
640197
974817
511891
493061
517100
985536
625486
44547
288124
809856
580187
27746
936416
731958
40912
662190
181301
175454
742806
3428
765690
833024
173863
686189
684883
981551
366377
328360
385018
984556
207970
568864
4738
886759
812824
937821
910153
849317
303814
880086
823930
573629
165628
66116
974588
479676
405780
650385
322107
459304
706508
17327
600785
134626
781189
643014
880720
745444
996951
190533
734702
843306
617999
717466
872462
131182
90374
265340
141863
981259
972255
530213
734931
731779
433884
184286
869814
926492
387421
301426
578377
288613
491127
296260
698050
514070
143021
462333
85538
294293
272270
188637
202715
546325
391978
560883
662043
283161
132786
244008
724537
958423
478187
656053
297979
486071
151567
972020
532481
365242
840960
349588
984978
477752
310314
56295
352706
356737
851380
889494
414844
222437
28002
844660
12210
779600
933130
210095
63454
214285
499248
398691
72371
327467
667521
505672
246885
695101
359976
486156
188754
519803
391185
772220
624779
764037
180536
348827
438915
847624
681645
414357
5012
570297
613158
589261
133352
771007
56064
775379
342410
630061
609300
670385
764297
943597
471282
237412
582854
782520
909501
970088
276123
938369
75363
804780
200232
422833
797622
72677
902331
529549
914220
828735
888603
286197
496496
691694
755378
698886
18722
735074
94740
681822
296370
85400
541616
52671
835860
663245
12114
671564
570016
978637
832786
114417
974282
196906
311325
795360
977273
408777
341981
893686
919813
493015
335112
683516
156306
276697
541634
895432
798980
899936
35888
878596
83614
136282
553306
407366
591546
761541
563260
553119
73575
75263
213866
560816
409818
287802
541469
954677
329043
295371
259806
907749
37582
112289
693261
791602
806113
6674
278606
259691
4920
616785
462353
491714
276715
976060
885181
126503
550265
962706
184633
967506
667684
581826
366870
95264
98024
224542
413276
382485
461593
325807
850480
707328
651480
901537
215071
669308
83633
367199
726153
785490
997077
855162
362732
841148
131823
716674
304012
104773
123364
818679
37757
687116
19116
220825
433997
497127
515912
483356
21456
751395
519519
621432
138760
577706
977721
809372
767025
390270
830359
166850
894439
429793
127980
729502
266101
41879
618428
180976
285499
67523
168592
928953
385275
690734
242771
71818
946368
990055
674701
664631
535595
587204
87929
676139
911835
164230
599492
418261
170168
761883
416165
705792
38429
546940
710035
838913
125535
566583
675624
307977
838974
339463
291728
217754
946024
677087
633901
675031
312420
579654
74059
976436
445473
651099
75771
110604
130012
522234
392654
681297
812840
232375
350768
60573
660829
565191
682462
977064
553439
399167
867077
240595
936074
676660
991865
984096
106231
186432
688910
547269
832814
184230
30103
991765
94504
299981
934200
78046
197823
879145
904362
106514
990452
596983
145867
455901
520029
458086
359392
306837
412137
422867
274664
354064
965073
779757
163229
786639
917981
457592
764106
943127
689360
522477
315204
192416
988402
403198
271942
834407
549944
687094
253485
359518
968849
408575
78604
465220
777295
229181
458797
708879
468848
431896
176357
999556
592969
903192
440659
585065
470158
180457
957621
766867
231552
23165
589798
172121
490099
270096
903800
607209
744699
838663
582058
895416
709299
605618
820166
200149
730729
806065
827034
274775
340521
279538
479120
737525
234981
145624
483372
814388
661118
82039
243746
23931
916977
328252
564242
208066
126369
617642
263457
596137
290621
852991
381365
361893
382477
877301
318540
746965
41310
980452
633530
425075
404936
296964
1469
253541
480857
869073
487934
134003
278432
440711
699623
259604
483927
301645
599835
426273
378798
679662
249430
337707
496944
577858
885411
129704
642196
311403
579124
206408
127459
77691
522721
590182
518016
815795
863872
312921
997785
217510
286685
593323
865897
786813
631510
537313
228839
278547
490838
917113
570126
774400
886252
554482
540810
411187
953479
528901
40956
197561
215824
947825
986282
483034
268836
32436
377286
830562
794221
848789
37273
894973
511836
472158
577484
244028
211652
953128
614035
624244
103894
830222
685879
366533
484213
982852
623806
522168
921973
794240
656184
113282
932725
917590
732393
537573
158998
910945
495310
928438
639255
507165
869582
846905
443151
668498
269502
377256
949318
173547
463953
696979
845615
66725
422171
849121
163398
201699
279808
42740
428994
716318
87229
714411
710840
259961
112466
552577
526348
258674
884683
777106
758356
587125
174954
880894
986699
564811
514291
746662
319598
542191
877204
54868
373110
820033
5294
656503
712755
759764
321220
971275
273602
871074
499519
291991
474475
345055
639259
644432
44185
267690
902066
396251
943414
143648
107683
157936
108259
539851
852127
517274
160977
628024
308880
583258
583615
230310
335589
646188
395216
663642
838398
235937
247816
620432
523121
33579
462691
821835
734071
524471
522962
101134
156599
438133
868243
616355
218860
524979
626731
89816
62773
709351
165251
375178
983161
833419
75996
534681
419444
811683
702321
222971
419235
633754
421544
822124
231176
18250
498612
365635
5018
854683
148170
333472
773581
898947
194877
719042
372089
816107
396792
300661
158890
471602
201624
276072
763587
248970
211492
69468
511119
682560
891369
34233
552742
92890
465654
663483
619896
948761
610993
516105
17401
943838
606613
564646
108073
643049
431433
593472
844926
962300
818845
93286
202865
93278
282211
48023
419042
250811
64552
546166
157161
702633
537486
354457
925754
934533
9735
655360
390452
133756
455536
340514
265286
427750
137224
629795
330110
5132
94027
34659
710704
37130
189167
434352
656191
39120
230906
849499
510923
595330
718206
983208
950647
229951
319154
900959
132565
752319
809071
946239
428657
658070
990340
991250
20727
838997
568374
368412
427138
656207
169303
751469
406081
725497
991809
672790
323336
559659
91760
32568
963441
74755
769657
9592
122604
933161
949483
204494
343082
709612
142529
182013
586530
868491
729088
703133
933247
840657
697971
636244
627110
482135
815617
247779
160743
48429
30696
292892
409919
69652
273432
918641
771464
39842
729454
242536
843262
907784
210123
839404
122286
421617
470609
587837
30845
465856
535802
135878
539666
571516
176404
876623
787873
889480
783069
353417
547413
641739
339959
407559
691737
872942
785991
594060
104068
232003
663600
618751
876831
221571
647271
239867
953491
320752
324403
791875
508020
461657
964612
770834
524196
335164
281325
254673
560037
444037
686654
695778
992127
839797
614338
151769
699978
753566
344594
761675
349401
52234
114772
832446
527875
81660
501140
295040
847503
959694
422012
805715
143291
740985
304627
456645
339817
851507
97168
63519
130599
551155
96378
17459
274009
567888
868766
332568
148101
11399
49163
579571
6203
426907
462701
498027
843103
398103
3172
661118
492053
59311
499520
583154
188935
522693
555355
623651
579925
754055
200979
78907
223706
952373
186147
721985
534360
366720
552606
364808
825855
200526
381895
72135
229215
273883
400143
779273
72039
132729
331884
786875
748761
748983
500242
997283
725004
844128
656272
712624
293021
878555
203914
734892
198515
165744
912207
429069
340654
996586
925782
561515
702252
410263
748058
593677
574071
81836
364367
899804
30286
462597
543999
74361
75919
100875
315014
748778
341822
943087
646950
174127
916852
117522
184584
182515
757030
422343
266704
241630
678097
173680
504027
259079
44735
634437
465432
668167
428793
442739
665984
348969
590858
147040
327731
982013
135275
471053
946161
659788
324048
344213
499569
616805
802766
582482
207009
718614
977959
899295
479035
891510
545140
533239
20737
133535
132845
363196
780693
594106
644760
279316
475191
354547
594444
291054
345819
33995
135329
552803
287910
480779
816503
580983
463749
238870
810463
848446
115946
613976
378793
965339
226916
309531
927498
175780
235930
482488
700650
164961
621860
876458
305224
607411
152519
567230
469515
861330
688138
288294
646054
236783
748729
115694
877094
752952
181878
212294
813083
55162
802358
311613
591329
337376
991455
812623
892490
309337
549245
698133
261097
909144
606619
809242
856829
862517
240772
110030
205945
16881
946774
907284
666476
183382
941055
196534
642322
783997
55127
415608
567030
574249
393434
442634
941506
569681
258432
976918
159973
121979
525435
156858
773599
175236
270349
499664
182444
342972
932291
675944
5771
192302
113233
56215
261801
685565
409163
723433
347183
417705
543486
217521
361317
951345
461801
277634
897409
101267
379931
480758
630096
201263
871082
750891
226240
590090
902861
526542
586056
635565
713751
88655
869236
479277
385553
289716
838928
309318
195506
86857
392240
430113
298237
896565
933531
544949
479415
544745
388882
119561
445700
84593
969408
667607
964062
483693
364991
482381
219312
7577
849796
288621
355477
395143
825257
891540
764840
946095
89622
791895
576007
926365
297802
546889
64937
791432
328843
793113
356057
36035
158824
884120
553231
777036
670120
403673
775721
60226
115537
497969
672523
300916
555862
820318
692752
486741
97182
829956
790635
513291
506669
135890
182879
633126
803377
675972
484247
54638
411179
274945
353314
260437
887992
415716
767439
861579
651388
448600
567842
639089
439530
368924
468656
664613
996913
39910
784348
121276
363910
332964
353134
937229
84042
640989
551117
107242
239769
328310
114201
587818
899183
498065
436007
303266
900534
227216
930010
274866
850096
4599
916890
63163
981565
806959
289716
1326
449482
834983
248590
539072
472662
206997
291397
352762
106402
484379
412261
478956
981045
706884
513860
64001
956233
670189
482747
601454
577621
870784
707394
427396
255544
59356
323751
154022
568831
485137
333867
560916
970451
977287
427577
480037
410626
393214
388548
371475
606248
206127
633852
895344
914425
180050
384876
713271
887022
491001
32051
154302
351818
912409
874012
661319
613512
784297
889117
648373
664995
627620
833641
760987
942081
139880
55986
376368
15677
148800
832830
792095
910416
874047
422501
558331
793819
808707
258085
195408
937235
379097
403937
584532
24009
853567
964924
747005
410709
803396
123406
551084
964190
687692
571842
932615
885385
867440
849228
750116
429628
497282
526601
253280
370574
669870
885236
860880
29517
741435
368834
105103
519915
39345
258972
438647
46597
963861
581943
578475
561297
983120
436817
228368
586404
215598
842633
733083
407582
241537
276059
466245
519475
493414
795768
407132
634006
475039
625534
290867
204932
794272
528281
178618
675754
210597
500085
115560
129267
577152
487455
325844
504626
896689
51319
401187
896617
200173
795860
418396
738036
466369
381364
641496
361301
306128
528926
35093
712861
492280
279383
982185
669747
218579
601660
682067
509124
41241
808066
936429
425479
200547
678728
819325
325163
423946
854422
813420
859936
116654
422773
331854
725311
214867
597162
343327
208535
50661
586128
553743
462869
448540
151441
820
539983
333434
80641
821279
210861
259570
356311
711945
394356
152291
308424
873899
865392
509185
995010
832940
569534
95445
245122
219701
193779
378907
87442
10081
588269
922377
382627
659216
376884
121135
176770
631002
290828
215289
262650
496801
605849
70098
642887
130688
341423
594275
879922
878240
377270
989177
388238
825577
761526
600837
260109
279188
310405
547196
277439
177567
300170
694239
996969
812442
402349
157845
564414
756063
76509
735796
458877
531423
934525
34014
665382
63190
569324
897224
805210
291616
166639
193622
191438
298470
182526
845154
523307
66416
409192
887260
818630
377823
608867
385163
35831
117746
491828
605746
733848
814213
937271
304077
809244
177435
413900
486266
49545
654352
272798
564021
426899
921393
194449
1340
411095
398055
166151
614737
471088
522126
145935
336862
91002
311587
855276
357426
55905
467420
595709
733994
416932
627026
955405
891755
707820
710874
196025
838667
4355
462385
592698
936655
344307
592149
801743
217935
677052
726512
676680
478518
560880
53487
208752
585062
402671
840114
195992
101304
742523
752604
67836
663457
601783
802825
945557
631600
802497
240095
105978
288819
492520
706238
668980
10361
360268
628113
809693
441907
566033
963782
692467
375732
872959
53978
973374
428120
14202
87181
212572
383360
645337
340149
382502
94075
125796
300207
61377
346112
474287
568624
195523
127639
384013
690361
598015
384216
830131
661801
645295
703180
543339
709932
958397
390000
193585
479249
34350
947735
507438
942202
812395
631023
23566
942828
297070
67996
77888
246343
936453
682432
152522
854095
625350
838236
504902
305256
388880
933392
245948
837729
136441
106430
650077
296615
947289
615117
57306
681010
900617
397279
124476
966714
713512
542640
879429
358663
699624
882590
948117
741591
530003
913445
739713
813944
727972
250981
189006
111386
166916
26619
342332
71023
730477
579644
302521
870204
723568
801166
842103
412864
192017
571618
262999
60413
828240
335121
342660
758375
941443
160658
27229
260008
659038
882006
379914
78542
515413
835072
964592
722962
692632
739460
681791
909062
48829
81499
358056
412058
463228
446816
532268
752586
364371
39627
890256
209768
463434
913031
220461
209409
833105
304241
715427
878895
576325
80559
324078
281083
835985
877099
138193
636332
916721
847851
998638
487793
188050
819599
431991
319910
438550
627686
486079
647494
169907
926444
516970
806382
368123
640676
728899
976522
851702
828558
535340
696990
601835
15366
876208
678835
735230
947961
171381
253468
817715
53828
5453
199907
994704
492715
596651
396437
885345
56626
665074
750375
740117
456091
202601
800196
983878
960765
663883
511156
647190
954494
330747
385002
260789
128237
796309
714602
48062
554302
952672
822101
602241
519587
408287
681106
169052
925763
53063
829723
566530
260185
306634
576225
388253
919148
494226
855837
145552
501158
431753
335989
878997
869588
362325
711111
314758
84089
412321
946196
314679
11663
286359
938380
657280
749339
659754
36210
560152
423020
20175
764715
341340
402864
714507
218217
328816
792178
606439
731695
563900
229236
345857
338944
601304
834404
752829
499176
75522
374591
237272
46310
98828
758527
68124
659508
129427
480898
972912
509173
593129
543289
753223
439930
822804
560009
621689
455921
644528
841921
806126
434219
577199
323384
22134
963784
4225
450947
834231
924994
390671
339473
284414
327186
228256
140515
896182
295234
284318
975978
246582
273425
341491
751422
720500
500412
996110
952249
573143
808303
268418
832174
103659
274824
782861
575753
557038
261124
383541
194693
622279
539592
977358
824068
51094
368398
601049
570062
147174
907434
296839
934696
865919
535288
247963
877328
131289
647012
219565
530452
750058
978966
468106
280844
116256
22136
290873
610234
967979
352357
884569
174076
415025
499759
362406
934379
135205
169421
266970
123540
807730
841376
501359
972305
701841
404896
974019
33091
753018
788967
55637
718445
944758
893338
476012
139824
237779
54960
20759
82655
187185
237664
23631
186302
649594
9259
137848
912028
971311
19779
140102
579274
705373
612247
523709
974839
116526
498428
799825
272169
144987
918329
968235
408154
493503
480943
268941
786669
627847
94243
554956
630795
30662
500586
467324
418847
464677
483632
404587
943210
362872
632356
502851
409347
174955
823363
938579
82415
200475
242432
414503
223065
436033
356877
301011
112494
229129
565961
264655
324631
664001
419398
970300
872020
622444
873013
523973
963634
292343
991089
982432
800104
937923
739557
141236
597844
26337
727066
128789
747661
401180
105696
995178
79524
296751
888408
252720
821628
522391
84637
167831
30979
572931
212685
291338
765196
728553
278519
56396
591371
417202
867939
324606
252780
15317
370872
206141
576400
398530
46222
317160
62053
481460
886033
774463
819936
873897
198094
649959
147802
794094
378269
994634
408004
393939
289835
438107
274953
644351
56227
361591
625983
885020
61049
198631
928008
878066
44243
771266
822667
529554
405716
316591
778
836712
859205
413064
495841
239476
713570
455323
624474
115922
263999
435978
669743
990645
540501
763026
531037
991602
793837
700648
275425
862328
742952
489919
840466
973598
704233
600679
157850
314645
377375
870991
255634
592765
695346
860843
716921
63635
720393
883632
130513
732999
664822
46588
413143
623851
271295
82260
839069
487176
406602
730181
480837
58059
6820
967979
468956
906653
24942
580368
739856
910992
814756
714412
437392
644404
557643
990283
656063
638730
428279
639116
763028
289616
180918
387205
241296
376443
676892
812548
637341
752259
596524
969520
705728
367256
63008
528143
923259
38962
557846
457505
722818
418246
703255
253737
644183
925460
550276
202059
218180
708957
246303
629840
89973
878579
23987
214599
440303
302952
246434
569799
272305
446056
270089
816591
276197
642211
351953
297806
172355
783458
564501
112894
546819
801787
267371
34986
6908
135904
832273
417489
245470
69393
590646
999331
433161
793714
507362
788264
804423
783991
879746
873152
236461
505403
205396
50501
661193
816496
60523
996172
977736
439857
857695
173835
992103
342708
240469
735060
862292
667803
531559
912255
566305
519657
352239
119079
629155
720465
350069
323018
933101
670762
808051
892564
224932
774272
841345
366453
271103
894788
365409
478638
626462
371939
294761
774636
863491
199731
228169
937099
452017
86410
939384
53371
335263
652393
380608
185664
140697
466134
53026
362067
610868
699847
224487
785510
752556
92026
570948
364677
712732
557218
785640
469272
663640
595387
246630
559429
275754
243135
783290
431282
471528
162929
923194
942824
733167
316502
660314
524051
260478
259011
121884
426790
626417
50898
948050
880987
942487
451438
385617
153432
628019
531406
909300
125101
261132
354495
169994
250874
347185
771673
188893
430062
922893
527827
587168
964458
670818
627763
503604
430083
665446
489053
780247
972518
936183
854477
503017
714262
908027
451936
409116
889682
374680
964556
713016
272146
552973
913201
736969
173743
716139
599623
272998
661666
686516
522998
183902
172132
205582
7044
435648
555637
965348
631912
111303
268217
521818
646590
362592
810812
855018
404372
717082
319382
806944
275809
157545
924202
835950
465813
616919
664520
661997
575884
480456
410739
331505
896476
404584
581116
896263
314957
546931
94605
281677
516392
689824
451330
43118
420520
157099
739249
293818
247373
824190
935306
29022
812432
572347
407962
860804
294769
168617
468586
983690
342380
172728
469956
390167
826826
175026
398869
485280
14099
87296
348014
173686
258913
28119
88292
995529
109007
915581
44248
422781
533457
97148
36369
150567
633438
152737
418053
831972
949959
849969
605175
900886
171691
374122
973370
576828
953603
993713
577299
519149
427737
76189
122684
45745
155862
643166
393861
303356
49272
435467
350358
72264
808482
515208
855439
916749
547981
729680
580304
367136
191453
570789
187220
359910
396814
393105
755192
634291
959501
808407
271706
714499
509731
540091
476316
647059
661196
388651
890696
162845
558246
71177
443918
950959
60869
421910
170408
20199
183075
299324
10334
99917
502837
795832
127205
231501
534616
537250
8547
673679
289386
787610
202958
844149
743606
315217
328818
274736
838279
440881
858577
771903
810781
618090
911396
387334
498749
558938
983744
771207
985955
243416
798612
889535
367955
943710
863311
76831
517774
441616
953310
462053
486431
179629
410003
786967
36500
993745
34529
749084
380618
418788
60356
178871
442530
197219
821245
308000
429584
960393
685307
253569
124946
211353
7190
993738
536509
117835
36980
92785
940530
588881
869326
334218
17968
713668
905613
228606
193219
468016
75406
510507
590491
870392
872005
697816
455799
333352
929469
809299
467712
841749
636477
518569
841330
922035
691014
528578
634805
296755
27258
239958
609162
991958
556951
568656
849249
892307
140704
362493
515975
36513
362268
521329
57276
729826
238456
828407
751971
255916
26823
900402
393426
251124
982826
362708
765129
431129
816459
276986
798080
496779
600067
615331
73561
650134
261084
805900
408821
858703
986352
307113
304354
107801
755120
805569
130162
140820
870017
291367
614055
73188
678912
937744
758218
198873
757286
300182
616475
285440
302535
333256
484450
204677
832500
876843
365412
873347
440769
414674
916273
351402
942625
654357
611802
113420
962605
728241
606913
414276
813635
568508
652297
267331
140619
100163
625195
65848
146453
380738
387242
953372
795806
30911
957599
749975
635698
10755
750190
157970
34987
63990
454425
906842
446871
956182
451379
822509
307704
461651
864172
90661
944613
492939
863435
833854
761549
104413
219195
6342
178203
751340
908284
266400
247862
804594
467450
685684
585440
569150
751163
865335
606718
112203
469297
443794
794358
153023
29103
963505
872564
158525
40313
463531
55176
409255
989492
356361
918633
59507
548540
113333
990685
317928
929620
783809
193776
302646
485112
952016
900385
799280
219919
804581
917789
620263
661692
481030
289187
744292
655508
763916
960518
959297
241578
880842
59729
965668
121029
242072
21508
848857
452851
94779
71677
830860
553527
364658
218674
335584
635805
368671
113563
308462
966319
363537
381996
829085
12224
122474
425792
318874
586661
797170
937233
444596
317123
187255
731556
247191
599940
408990
77762
363811
204260
712203
46624
103145
631527
754216
707040
722434
882285
361046
473264
457291
631197
380398
47121
810176
426879
904498
268018
154740
59750
165782
905402
569066
559242
976932
556197
671572
486836
552080
781894
683237
469266
632216
404330
456149
645098
253719
845533
423921
693676
145832
37190
386524
634848
563441
840749
416870
450622
730835
473245
400582
258140
507948
340325
622135
70594
856519
116280
873453
589593
377441
615092
555443
889410
236569
869440
461603
968516
208371
777742
991745
432093
634184
914240
837684
172025
651534
894055
892449
568832
251392
383270
326565
438282
20330
362805
990255
23918
584019
76673
89657
860280
997254
566833
407905
375416
714303
130820
427432
517303
611375
528790
886470
535365
179820
363073
960167
511662
286200
711136
7814
674891
328684
891055
386021
535156
558978
169166
625958
105107
283260
282853
630793
451348
194611
801889
77571
183672
79743
282139
565431
7753
107968
729050
660563
623208
626439
325743
559242
146882
395557
154687
143465
929377
366413
308829
51928
929566
370920
484117
638512
266997
403446
845126
952115
42097
463579
530919
683436
222534
21646
454826
902756
922173
435609
976893
846526
883146
749133
530669
716080
445945
904262
604261
966430
497991
340119
913941
693269
693965
936593
719790
205856
830039
303349
401481
712587
504275
788340
212007
572530
912037
292638
424851
555140
634263
493103
484196
390042
608814
864307
350815
299630
957272
471698
800057
84217
164737
173628
724985
644397
836612
344817
641276
640844
213822
744109
849938
884131
641727
230255
988486
506279
502362
733605
248380
580394
272924
166006
844530
141050
403545
480747
296617
661207
829858
974395
212125
711950
562194
170417
243119
765238
384008
876732
254692
131590
113583
646931
775878
463570
818232
352131
555816
985696
396649
871062
773127
95531
164431
362722
345740
504307
470927
988395
394927
312127
404123
147510
774965
447345
87744
954283
489049
776260
585563
56869
652681
799652
340267
602778
832519
751081
339266
319586
617584
588018
318102
312997
472922
817562
627508
774182
529110
82458
603348
970022
457428
529339
336391
356086
180262
411701
887821
464925
652381
535209
185475
462241
115152
817848
458425
32502
849083
35134
427618
970432
868675
187439
128612
586887
896343
540876
281360
844214
972787
994945
871980
66960
431294
460446
959211
976304
338771
80496
782846
881083
709597
121340
235075
449508
232860
911319
767516
517211
793988
72869
149147
914003
600260
23788
458969
259822
20324
685460
157542
561608
936263
156733
851226
820573
541200
444157
77194
619096
596577
29044
70870
49529
497791
795982
456032
156513
671762
336469
982935
393533
80200
878833
932401
212941
668440
302461
343415
533520
734180
265350
422906
782990
183
814626
93667
264001
513582
575403
227624
316577
956980
720599
108379
521483
593510
868725
758492
487309
25621
890310
776815
388304
176553
727414
391208
578595
731874
962421
411075
154144
744954
346167
873680
540925
214375
494340
786635
907889
723068
871420
114954
936384
187567
307627
704399
480421
614645
858181
597501
691675
243978
750526
985832
198025
593933
627144
970053
567112
853063
589930
401856
247954
613196
602746
975213
268360
175802
623415
914006
410975
708574
682501
59122
369513
900215
57285
37047
728252
876498
140112
745991
157057
311892
894993
711493
9627
112022
459644
147147
387249
754154
533039
239220
53530
111933
718691
287316
73700
163797
761103
246791
710081
291449
671001
330343
200783
934511
77497
154455
660994
503584
242989
677116
729585
276120
901075
636492
900601
380906
426918
623806
159826
567216
30999
74593
416300
814192
886023
369865
415877
205211
340575
388003
384010
965167
649485
236074
669159
877628
347099
30834
786477
895619
794413
493986
18591
202937
709911
651775
762201
410412
908569
555171
337950
657277
224312
757836
375868
520075
212154
8592
830046
647792
18109
482798
862382
370725
823604
741633
692453
142337
464831
305038
198832
2078
565926
436028
73600
449692
966707
699683
101999
205375
496553
636412
997130
939828
950756
763001
868479
297905
194254
568302
569636
696186
149051
48300
450145
239807
90338
293935
181884
926754
218745
57901
562303
179863
70572
900046
364936
253541
64377
58619
853165
968521
407147
975568
318857
336505
134640
670955
71336
44806
650009
84518
266315
939802
289007
632225
680664
580257
93804
629816
421025
183173
907165
624916
182671
212369
906002
136029
620459
732023
508478
647565
95816
932909
684914
43872
493137
659825
347569
492839
927467
465134
584943
933500
989958
843319
305451
845904
451781
623664
820070
500064
603783
788747
447358
160263
457170
911664
68588
810476
31324
749878
338327
837531
170613
631182
169426
576242
749076
152448
995129
66738
665276
182797
679651
822453
875594
261746
96324
324222
39518
466190
113058
50988
51236
405147
203058
621705
928382
431128
45775
375295
764816
132295
836694
962730
867943
376146
868448
98313
837126
971849
707805
360589
694863
755078
131849
358100
183051
918130
853646
125359
345686
791648
49590
383327
718314
23703
116043
892383
782022
161197
781326
206107
395258
162638
557328
109758
911250
243548
930352
240105
188444
296817
259697
750207
270104
787647
52918
419101
825468
356761
417757
959335
55841
394
300918
703294
568653
617763
720095
617805
432350
851923
65981
160579
609295
41070
248601
606491
966890
233488
702868
225302
878730
444763
240520
785291
691020
49179
382781
8724
879570
826315
725637
372714
580211
773297
451509
69195
951874
578660
615616
434455
969722
671470
251953
775355
829251
176716
389317
17924
595299
319570
325666
310677
400004
578155
353528
930548
271901
523646
679411
558526
532096
318381
866202
376571
774144
205047
140807
279244
332669
677117
670019
11713
793870
687650
294717
432071
110857
760843
104295
580094
597874
225734
794798
688553
236861
807303
335892
729407
300673
593037
622891
163230
622460
856035
680624
867103
990589
692674
227649
904004
473266
808275
515260
903630
625678
769043
765814
809132
508118
820752
946837
820813
952329
287056
757195
372118
636202
78480
988655
942832
698603
125034
681529
233912
7096
970512
936922
38554
75613
909748
359414
492728
33108
843914
673023
828483
57519
196581
643887
975533
581726
38334
355298
36725
365790
809300
162573
707297
312255
909357
992671
725194
253007
142074
139698
115089
3688
460632
664046
203247
917971
281075
916667
662699
458392
202885
787744
725476
96548
923644
462269
581134
570836
402170
878433
924474
227044
479734
612681
703949
345071
746239
670582
611730
615714
493473
771369
603756
206145
373024
478462
924068
621589
699681
493347
689505
550449
496041
160243
657461
795616
997564
881971
590867
544878
885927
460391
682655
562063
505626
666066
509982
818095
815789
632905
739277
260054
43523
260915
915981
961207
232396
37535
201211
232086
907812
170690
882206
62357
52889
36364
588922
746329
498826
104869
17281
735069
731370
76233
686121
806931
124132
323837
770201
878130
663961
788396
166012
203617
313604
949475
620856
84990
943551
99878
389625
537163
251038
810349
746855
621557
293817
228926
977270
725123
321544
163240
811483
976792
339430
41561
147420
649444
421624
307421
611712
468973
542247
787571
38950
754934
254729
230478
440242
757513
976157
98021
687074
871974
351093
788407
745598
746120
631214
429279
723054
201488
406235
500431
719718
684497
831296
476460
768828
720823
975354
295302
481369
389332
481148
379570
925838
993224
375988
721670
48574
722573
770316
932529
901945
580125
700876
68724
746026
441728
183452
335809
384422
515573
199399
558702
847396
486524
570396
541654
577740
356094
804558
788237
126120
187930
341755
71357
831287
304782
101546
151714
836576
149245
424877
114910
660868
512354
439814
298937
837164
121234
501414
602873
946721
434279
212561
76442
992539
392463
485213
894379
105489
73775
209304
835333
909039
219381
972809
380136
991782
587001
869071
23283
446109
700623
959399
811840
575941
566379
691657
245786
711818
72241
206001
894108
627429
729561
808123
843495
981006
202172
836647
752959
265871
320445
820669
101186
817332
151702
796810
675527
322207
58110
554824
23439
948792
944052
22363
140074
270017
329835
729784
253098
637575
600082
925600
436028
817972
782399
19274
878440
574914
316535
688095
279205
60746
771100
669471
212121
256954
118260
116065
262125
124901
734546
58423
112394
828469
321443
173040
813618
714427
764375
384823
555453
92263
333289
340760
643310
93587
307085
14947
286001
350137
273526
918185
602227
567110
541569
335523
894430
604614
223233
233331
568176
548350
481319
279682
908599
476632
10126
962440
688747
751801
25569
403689
516391
537135
302570
979773
662598
843718
774135
795048
118166
859577
914923
387176
160060
685830
244126
631790
875364
415578
855026
939555
960162
661228
279091
255115
333994
975334
376490
718727
79528
87933
676799
377972
853117
174626
437000
56049
53399
552208
731506
465343
144364
20230
533066
711425
2835
688207
700457
467170
706943
970620
738746
136341
245272
308788
482473
621112
392056
556578
640298
131730
389439
697676
751523
41979
785747
621828
546295
154523
387511
436407
308080
95434
814663
465890
680968
158807
159053
7845
366996
211492
287108
609584
247566
890927
767079
715418
425853
269483
271412
800144
524227
927436
160642
150826
562371
976610
493180
823257
105837
861725
985529
481341
902887
803567
746489
541907
642329
21391
865279
379404
384917
624665
689222
142456
133026
789394
738145
222369
405988
395082
745778
344373
688937
988762
373958
737562
907666
395469
173388
944742
560476
310299
990128
865511
318218
489936
18841
716508
852337
305292
277179
157255
440607
386147
852441
210586
416105
428068
551387
320718
12112
154039
186887
949843
349583
919136
650143
677410
24772
755040
926679
121070
496504
150842
739954
552824
914957
600595
277432
281346
76483
865075
174806
13723
152679
286696
547730
209049
566424
432073
8233
819493
930935
165016
324678
690480
226923
699521
701857
513284
359117
898047
47155
53941
168887
921822
349457
923318
728164
637979
327212
370504
605572
240871
51108
849932
883935
242442
590276
191866
103843
63013
845662
341738
517388
817296
431172
883088
549038
206497
686944
170821
792610
602638
333361
947328
543819
428586
589347
86371
702980
767435
470409
719665
45224
489101
292793
988126
498109
265583
458372
174847
291965
223002
761808
439393
840259
742018
473620
46197
485775
274725
459568
621033
942454
148401
225383
940305
212905
840579
5690
683652
276319
6857
815586
874564
703330
781320
129961
223765
992499
610233
642341
101166
254043
760399
322194
937997
9936
639316
207691
728165
84736
751281
911973
240947
533820
157388
961128
779183
175492
993868
470443
890909
627947
741240
783179
41474
670119
963965
259847
544628
689847
842190
850875
204555
409713
41062
619255
547380
79143
268585
985212
397283
189045
996264
475730
842984
391978
197251
591753
954395
74385
313769
676298
360434
760987
75068
261912
419697
332650
820815
206633
193344
822460
665617
882011
355352
7090
755907
655893
669463
513212
794661
691259
652084
758564
858927
164557
787852
410163
463163
983581
76699
848771
393728
291883
460486
317219
156792
798174
659732
163680
394467
871713
462333
479350
157285
31384
411
655571
222923
155262
857597
880516
878891
526621
879195
303679
714537
678504
347939
169612
770902
646456
881650
291472
906866
577634
389982
640055
373842
403569
868848
944957
912413
820037
897583
690906
790448
67015
922327
503048
180194
258119
669225
628786
28001
17717
878556
108090
395003
180537
154225
84391
177785
646703
309860
23402
846758
465794
73790
55947
839853
591652
611527
781237
353888
724199
104025
196698
670037
708667
272400
315716
171499
260869
457502
16186
106090
192024
968891
113227
114824
3666
730169
132986
333000
797461
666485
823301
362493
780961
965994
17940
432301
352971
588127
483323
137680
544604
410689
416236
851832
190089
808459
202300
70090
914122
654369
160976
333354
144473
929725
140708
454325
128584
468864
631031
553896
351871
52714
472791
922974
342993
182821
336836
89654
457403
275708
774532
770835
481848
333673
168259
258492
874884
341003
757220
351652
539947
123382
180520
317125
122188
390949
645625
240101
42799
337418
590804
17211
104448
745670
956689
297514
759528
412724
438033
77164
113031
632608
382531
912650
534351
382550
945810
966983
955264
580436
397231
316125
160572
709665
30646
987871
647366
287863
4096
933693
952027
639067
187268
323430
995309
850318
531498
709064
35448
286939
477038
544883
17731
477777
503661
137947
762805
402955
587024
419900
106322
480043
600658
26008
347664
153957
983407
731036
994970
51191
102698
982881
209568
116983
229115
979854
442713
932484
796308
156570
453718
945438
160527
119727
767300
286674
538166
697386
937854
491534
887214
393727
804941
110867
274688
448250
213885
556615
125317
874784
806685
927978
560302
779316
712402
435937
670958
936661
374680
472942
115524
811844
175063
96065
458792
208004
139933
596519
197905
107866
116606
996129
704801
727476
153285
65040
541614
90598
961494
107595
75758
759119
706850
102867
447998
382554
613381
201886
359439
525344
439871
171791
945902
265451
141709
818119
278446
364694
220899
540693
81203
27408
249545
408457
910430
553535
719759
743846
234896
743425
220398
628021
405725
324429
178557
270390
765327
432184
222156
163186
656980
253908
303073
622956
678917
748979
863501
179253
804499
438601
854505
345311
874896
541871
134514
923785
928024
158084
499006
788698
265114
617902
394203
214217
466054
215998
219715
236568
643541
859058
967485
47840
234032
749715
799826
2504
707582
624575
697386
825743
122829
137089
648836
922249
637980
383324
950159
409447
537282
794663
405735
880494
113983
269522
279343
111562
112222
793478
324679
873404
886915
300971
999210
582382
353431
460995
626599
381799
590348
112499
721850
771609
642831
915746
529799
71512
228810
814970
201842
491301
268114
807180
240413
616489
394484
303504
724927
403389
289559
368906
16926
488230
528526
735687
269865
179486
421373
473286
177524
152589
21220
540660
170128
193815
669645
967504
978758
616526
297550
62190
599856
630792
220028
26199
385013
369996
310124
349197
500255
249830
64103
767916
256347
676762
273129
367467
288652
741813
768854
568194
211019
142335
249786
832166
713088
779148
841979
758704
433942
828657
389470
540956
382814
770900
695474
540076
839810
645853
827485
881772
268451
39817
448449
472337
561106
205469
634378
763643
904104
618231
863254
495194
113923
743359
921922
227436
915357
822461
752205
344484
630154
588421
613484
821670
220494
939981
454378
288431
473880
353311
264248
763858
284127
576681
607832
282205
389656
534258
279266
597530
726417
258023
332146
518449
250221
830356
272303
48107
737340
811182
333944
198417
298486
966732
519660
201075
914709
908150
298966
932356
780172
803606
910644
732579
615399
111500
90147
493749
139200
146461
517864
386669
578459
952075
155613
398701
168927
593599
286646
244550
883442
499555
595439
756060
706223
26508
894804
395109
646919
448725
116268
128720
615345
396039
811651
443010
122639
24500
690899
596795
149599
551843
712846
641175
553754
337445
932427
460849
347501
160518
313866
534242
326993
345247
956901
87207
589449
462536
865110
676320
252791
521388
898079
597557
91356
61429
902746
71507
26987
256101
505629
939092
545736
286214
703497
7421
684898
374458
183920
514849
696297
747436
451744
774690
361262
755815
933648
151255
958551
108869
884198
942921
200123
60415
218595
979096
864
41252
404524
508155
137486
418725
519158
942757
797903
427469
116812
985346
637190
734349
215360
215136
147626
17909
513324
959915
16477
664831
586724
246673
747373
153670
544570
519812
437094
266388
525996
222
230865
809688
472750
912862
733390
690934
414992
869392
604297
461049
274829
993931
12700
561316
662191
436884
587585
454886
250465
902432
199154
950571
704851
625335
302559
770639
790788
858548
714955
372141
604271
175849
291908
782294
238100
638559
105085
843294
954273
973819
262601
112784
439997
526652
810358
161473
881202
58080
225348
455810
609076
22438
197441
184367
204818
686511
781954
908836
374328
714558
846464
75727
234526
459998
351884
298401
486865
354531
652080
530206
25820
853640
141668
112917
173139
687799
332970
33513
157371
274792
919687
474253
855961
535073
777950
835982
877654
270299
974954
178954
808268
928965
504151
833150
477487
628002
418110
292029
731354
922381
770427
327933
331125
154717
609581
345740
513089
367843
766602
440736
272000
158736
910236
368139
90180
901492
779420
612429
771474
759649
770281
120003
981873
851182
307173
334462
286293
157463
925869
818287
601123
799170
329907
391422
125985
858012
832889
610297
850684
185186
821355
710313
304756
944252
440602
310849
626024
456003
330577
835568
501881
85603
307350
242326
340446
366108
127870
421394
707780
676834
540653
170170
362272
415205
646314
471780
695186
602219
712091
537761
977271
165080
44513
106634
862411
41232
917010
778098
538489
682547
335887
567611
551874
122887
160578
32772
725061
496692
556087
24832
799600
43560
817811
367202
921092
628059
919605
970804
367486
940588
302759
217991
958375
603178
482496
497285
992442
162992
860698
293922
171565
601832
298092
30129
179166
988720
174595
441875
712155
225561
615906
158282
717582
408076
174002
914347
923075
765703
3623
937906
296344
182597
45874
564527
116480
247996
727772
913247
105075
212800
428550
187030
554294
36741
924986
999895
731266
633857
979565
594822
162068
179440
156499
512948
133392
972785
617951
122074
336275
98702
994518
5986
133780
267929
261775
225246
289909
602609
281865
647003
449388
383460
178409
8144
361416
726766
909454
949169
986211
565792
444819
919009
267427
728860
11744
428932
560812
736893
793005
925618
613670
548691
445077
818759
600806
29067
420626
427671
397051
94318
721563
597695
212312
950144
17111
88535
454745
451528
75516
32003
515507
86192
8841
979049
261437
499714
735836
533436
241237
870802
909809
749047
339888
695099
168823
462438
49090
166081
447568
141022
564102
847190
246630
605133
655338
694520
746021
661420
296155
3319
213976
978513
72744
307668
267683
146592
240469
973061
271194
271458
421439
76374
794557
770414
522343
83561
219090
807107
592156
995550
131421
303736
623561
257166
547069
645322
259673
152944
403750
189973
777794
136030
833142
671646
455349
782898
152310
657485
515744
823818
577904
685240
961630
674860
474536
748057
235901
348930
621368
819746
71209
428038
888203
531239
208953
849913
986486
47546
138006
946892
239086
258197
956612
912162
951978
344495
359310
135085
200854
856561
112018
831349
646384
439042
81062
615287
330179
346111
493734
90922
469950
852358
426972
850525
13745
980401
736650
163260
72291
376737
160406
904753
219474
86640
271507
444454
906440
329288
321512
78761
387094
280722
926175
750953
635120
158086
950284
210525
751716
955745
86167
80708
555832
999861
357097
8455
618144
504922
918511
174010
921881
17282
641166
331265
45797
192746
468579
584655
780003
779757
7861
311114
756426
256691
287546
51595
260802
496454
159298
244737
460447
950213
384068
220148
293499
171441
543108
472615
238638
516452
161629
651224
401196
389410
27184
2913
441084
225096
721577
588672
134801
304929
719851
244596
872775
395544
923416
967358
862587
551879
261310
906631
720135
566446
757409
381024
499097
911551
999393
589283
748782
875029
113352
988473
644784
801605
212722
343670
10922
229709
460441
16286
14116
281962
697853
257227
301920
863557
646380
931494
235119
558541
225075
577746
794800
187744
572833
931497
761830
999778
89844
400734
560501
583344
929891
577026
928121
935599
921095
326690
410500
351870
682471
803469
245490
145802
126494
169715
644137
66175
61355
422312
37554
246876
668501
897480
747567
573151
93817
142581
921464
120480
633842
114428
409878
706554
821027
559894
372379
130915
98276
589066
17948
290141
135110
52912
982477
939653
936773
756624
864887
977481
961737
544488
618520
161271
360601
134092
453207
782256
574301
798184
269858
409403
712589
640673
50278
350646
736636
675866
968746
105767
987899
658067
45129
767664
981355
349995
579722
776865
826595
33414
527645
431848
679801
571273
802613
63011
792113
479618
115260
399510
189504
783269
309560
70072
499387
548145
561912
899048
845665
33458
467898
961149
54657
488543
474845
206586
853130
411427
575869
47264
594413
995769
292080
126494
257073
771184
158236
291108
530835
101710
316979
290453
291031
195729
236429
383515
339311
55184
986976
471316
255047
844033
7262
882922
883435
693588
599020
452480
740118
324732
689658
600328
174936
716557
994243
37169
889058
711936
710627
273790
260081
988564
642256
533554
368341
469071
44726
173287
303773
118819
130291
443839
873889
182955
766956
865457
50732
857428
736138
250949
913732
440537
374805
640091
922518
927782
246827
962980
935235
718046
38108
932468
405633
747000
830373
556912
818159
731396
741768
794658
125306
912396
234564
839787
583013
226261
683638
198680
717112
705093
164108
610701
653831
470174
257250
498781
727453
280296
366715
615164
941766
936493
526109
170956
642038
546462
500745
65043
583769
429907
766805
611790
960056
917296
690344
166622
709
933603
291154
42081
224643
321609
748741
631388
977876
785136
327412
834772
347232
219319
142727
802300
392991
6994
357240
420680
921988
48874
476877
235936
987783
257121
486770
286512
14157
952307
620594
737308
717365
272120
684498
213073
735489
260678
107786
54391
205535
791027
916705
545730
407188
603128
479716
159464
959300
340337
77378
205741
803296
98880
33159
28313
820332
408018
445299
751307
194027
817081
245239
857320
446442
853881
381643
545964
973607
637470
699502
827424
9372
52426
814587
138796
779627
806733
431909
359364
924711
484973
126735
182206
880700
203717
355339
20804
398717
106185
139564
961189
940680
807847
891401
946310
193368
146953
53969
14325
491239
627255
832326
941150
268286
41306
431512
815958
214106
568731
47199
30933
110845
134378
267059
811713
547982
420635
374763
616037
653549
879146
1329
231680
120663
363551
234559
205434
373491
518285
56440
423985
620279
431796
533669
763250
472442
120006
938890
565508
633622
453959
215140
94494
13305
222669
39234
378488
283145
33959
398077
874750
251761
233498
69334
486497
650061
198726
348906
55816
464302
948328
310036
771301
268554
782393
503327
513698
480003
598707
356838
386937
714642
477555
613323
738979
16208
111929
117008
353256
296609
992525
463509
812949
327869
562877
186030
25932
593372
435969
504992
155381
475902
93823
467577
270162
597204
230825
278857
917361
596430
543812
847872
136378
329282
279428
853670
495592
590197
933204
658417
871637
669770
332977
139782
67437
88581
808566
467407
139525
126266
192434
129397
284932
151958
375157
464506
109695
477577
9642
67318
965091
685455
209886
860269
341963
558746
41887
694409
240946
248478
19199
651448
657538
954680
199928
953508
835083
189180
483753
362571
886607
875097
845823
60732
649082
890795
542703
483885
651759
632989
392927
788987
270397
700729
189796
862910
286896
667022
474022
321160
878404
486333
359840
28475
610101
682336
982788
775556
49649
885142
999483
306552
590319
636655
623562
549449
177241
749809
235024
495653
39013
887045
266668
689323
501890
536577
639355
126026
29741
96787
990207
889912
563362
445958
796699
585612
737520
815732
951354
934009
119781
988233
223440
675432
597609
441967
322425
423153
206759
46107
499709
922677
308198
482356
977589
842778
123894
783067
318279
962596
627013
490971
988044
491949
377809
983023
789331
474625
852536
660586
40767
606232
813355
81479
889483
687536
170945
549389
31214
642887
100712
615326
338777
979186
135990
793245
875230
544989
500253
94522
640234
15648
325693
736540
771379
897018
777748
40298
691565
499756
33040
237173
135221
133748
408645
22277
756369
123300
162362
847166
336719
410463
862302
928302
151305
907056
351704
886838
903562
178567
822652
135315
22859
653393
539801
870409
121814
300211
875439
4779
763212
568866
844350
11721
50114
936354
540921
835190
68165
572952
433690
472692
983678
699470
134863
865919
749681
917188
566226
896371
212895
483629
147414
302618
828620
181325
666077
269206
515291
298028
945446
692007
208085
335031
941060
703386
463880
930804
446666
696655
411020
437472
346531
102885
763297
886376
616702
155588
854836
224960
338854
177478
43328
785570
864367
59139
23889
809318
749132
21303
921765
319098
379966
895634
882027
672319
783399
450781
966509
130497
190653
374788
642697
941008
194650
814084
110490
674495
443311
694833
452535
110905
689305
793060
242961
594875
52172
330241
977920
468401
18411
33633
380759
833137
318906
178656
510899
178510
765867
857860
737619
167962
486868
924616
931041
896572
608002
547653
544143
797929
533479
889340
308509
75458
82222
846530
639415
680522
265711
321736
914618
735363
660158
615110
29207
563620
663838
484612
160336
577400
623891
177349
210400
383893
371477
544080
701687
130360
866465
824988
750691
887546
321001
976215
344650
633393
756843
627283
333524
97190
562783
173134
85989
254190
173769
435100
872456
929639
446575
670323
633703
631697
991141
242707
914166
518854
567748
947088
792816
463127
832377
388349
92474
633285
417593
263607
977827
104217
980114
990091
107981
38880
511901
96965
114725
167239
152464
605654
269197
909710
352688
407648
154524
439148
431075
923170
270075
4224
637603
282875
35504
866543
661967
770972
759415
690270
792219
871887
614092
107661
194024
226590
45574
711758
21167
869921
411293
624994
975382
818664
865228
265583
246821
294209
558866
304671
37394
556262
598162
594199
341496
507014
910298
856466
102886
694894
665600
234074
267156
522004
876584
440675
151793
556224
327779
615172
148248
744663
407346
723794
211424
763398
822888
638939
852946
45703
92333
995708
476022
288915
77534
342304
235846
978596
309266
864981
217796
267238
316216
906956
46823
145530
570588
823021
719345
592933
792008
743765
502492
844251
314567
5805
418162
344228
146501
491752
338300
217321
298770
926424
210450
781598
885189
402606
125969
345547
243453
947468
112299
814904
59651
413257
112409
156340
349579
958976
476331
562114
603802
165077
955199
846433
699841
583174
397776
146039
74567
501289
183078
137561
160741
372296
135915
49977
804330
979221
593054
721517
139455
468427
88928
772440
571589
309540
649260
994935
183834
820465
753508
329802
269435
681753
229446
248668
69507
562800
37373
601713
764178
86195
822996
920204
619145
613534
749765
22426
76721
329450
442032
183614
244923
56934
223719
175610
175202
640113
241958
850742
46381
991570
502368
698481
665360
673012
347124
824897
753586
193409
286207
472712
427722
165209
159371
394357
926370
527151
894180
784116
77374
300736
256203
430900
459670
122609
565060
986130
197118
767301
232970
689767
205286
169080
248291
227691
924414
118842
20942
728452
897202
476747
233624
580783
278163
850735
358413
505097
411285
689615
551436
987899
331381
372204
807348
959936
275699
608512
140666
793173
486525
883571
299933
845756
478572
528183
196080
125036
953319
901568
256470
786712
170213
239459
193101
820058
992017
440458
452640
370556
979654
280978
531648
435427
418489
426241
187054
270297
790006
271847
456015
796981
224771
914640
98401
596585
480993
407714
484429
80232
159792
61210
546322
925554
67698
283549
534177
740413
399144
409214
231496
809602
673560
728523
892934
537633
56304
763028
80957
554417
179141
717945
611589
398184
414452
973615
770396
624292
284393
991375
109116
398484
876350
975386
758021
301893
928635
30221
873306
254605
690236
19037
548552
787598
900848
504720
188639
651111
234749
557688
476773
548221
377345
511116
649952
872993
338868
206116
485714
591134
233449
563217
544194
978786
510067
558422
483188
984263
159908
758663
627066
655036
432881
92989
205347
423956
109105
631988
963346
424683
365636
494977
449835
284337
52945
6066
554342
719508
504743
768196
299973
50254
462405
275451
901090
75208
323637
672418
727586
988649
596754
756447
924294
787008
72619
374450
513440
761162
293184
923530
494178
87264
97961
715780
317009
973376
337366
739841
607897
220726
588017
678882
496379
374246
214368
719459
883810
837689
556838
270097
29779
796962
937705
548521
298817
211468
660814
566543
753216
997474
398208
930983
362642
647802
697360
719124
998942
369567
48631
27979
822654
351609
993718
740115
924087
247259
410654
812891
765700
799337
113900
651511
789835
132644
577612
652281
773809
229908
714686
309864
794569
350289
7062
595424
788135
552877
895069
281669
38099
199041
922198
153893
212825
713555
288091
331306
173118
527841
761061
457272
129613
528780
460457
936169
255567
317028
868000
345826
275800
676748
140640
36562
228798
63050
472422
572487
791973
321773
980917
12588
54070
654235
852631
311523
621486
747510
310210
369403
713170
60843
418518
707918
662337
712663
831683
649018
71649
948245
193736
962298
374907
410344
387862
148256
629667
944706
816915
875313
992272
24751
333114
925917
789258
852833
855199
526745
6017
327320
57744
627227
548857
121710
592919
34481
745123
534012
551901
587263
969928
30061
673257
681043
903774
604189
214277
135719
809341
601773
110529
28082
360171
869606
93969
33835
428307
395527
809361
462875
146133
344300
383017
537437
675319
162653
996748
708277
516728
768177
18202
833739
538949
939613
60646
361219
386373
285790
68305
956985
138063
137534
518037
184542
155963
49669
413214
539178
285910
888320
20306
41405
327023
410407
463218
583702
566606
125805
609624
149422
732548
436265
573536
338546
749150
459548
722212
937628
280115
577630
599327
840877
956829
576554
438131
240777
81284
151042
739141
16174
23062
661760
78726
594002
59539
363323
884685
628441
627972
221778
45728
47920
194379
914520
782162
810761
459158
518236
913030
211827
642285
865683
882065
996117
537451
854437
279870
265798
938250
501137
710059
288524
846167
807549
956880
797040
710084
661214
246624
631546
386588
628032
625671
379151
943569
281074
692692
276515
579633
510738
677041
819932
93431
441072
704269
98693
619262
303970
781786
89899
792081
363876
126258
648536
299997
379369
533717
555625
36744
612098
764429
632718
940506
299818
927346
127902
443033
602284
150666
234581
414452
458673
850888
144747
590613
683754
470197
717521
395097
451798
517356
145419
91612
723376
973247
839013
330925
721785
258168
317331
314977
623709
843385
346793
982531
537413
230533
103027
588073
325624
804375
543730
594018
103662
789424
692020
79371
268403
363631
1998
819201
180660
394072
14329
489520
881578
590903
408903
172938
570912
208797
655552
402260
608098
750089
604445
115034
764036
473187
166304
189699
775692
938209
5710
120511
872381
325772
639946
504604
846913
544925
955024
135480
136754
953345
130122
38673
95301
763068
733586
405816
963027
873385
446085
130660
537541
737888
53056
739683
92764
781360
297210
319468
142299
352075
32830
37967
324241
740481
238339
118413
785799
509477
255338
760388
280642
49548
251923
506435
543605
83891
605147
254332
496710
873920
698870
932695
573435
688289
957670
754467
973313
281873
555542
610471
637081
2937
691029
181591
405279
612403
897394
146850
314808
578345
214384
33320
807192
297180
609254
646857
367278
760961
742006
739481
788460
764357
532007
82543
444598
271794
909282
825629
274982
652138
683718
870777
593146
437711
598632
715418
282779
96901
93418
335391
246794
99343
446006
125417
954345
544342
237272
74472
104036
15304
482998
423571
765498
290141
833644
817713
784108
690101
633224
401493
351360
403678
803167
234791
314994
726641
429514
552988
404344
634843
545921
271559
723249
649465
539857
495753
664553
565277
178877
128676
999627
630766
15279
556398
217444
400364
517081
494305
813648
290576
188525
981071
573891
353745
717685
45299
740662
318851
624783
148130
72299
539866
178953
69920
432991
529549
865877
858766
69644
99350
550249
757953
812760
969429
74102
331631
185181
41812
947394
106371
404630
827494
718308
830224
363554
445096
696412
822497
435896
463785
676172
136046
922408
598182
321111
997740
823818
743918
29653
280828
861061
919780
767600
460099
692157
169123
790878
544281
92250
222012
477627
969690
519538
144602
107521
214235
658706
73991
510951
996407
15022
842247
363220
409927
336162
997602
173439
201391
852708
304960
7909
788053
385417
19884
571941
242285
704048
323323
980411
809328
131663
468614
221911
24363
546392
471762
806169
12532
881031
478929
886700
628151
83147
926849
267836
15150
142926
654643
581397
602351
696291
989990
640538
37855
854347
345426
51550
604420
78948
326784
674530
214137
558767
394262
905452
596154
46140
593841
396352
784415
886708
539499
142909
992742
415747
617468
857111
413609
902816
132476
591085
312174
548922
292230
129799
632541
567105
807993
175021
542348
756046
219928
996774
48374
657775
821329
304268
580427
811411
731803
390216
216929
866638
472440
377776
568968
12426
344474
425274
696443
544843
211682
662363
151665
315613
151107
248896
784083
280156
164613
223912
123401
934304
133542
152668
967726
483523
914011
474380
601186
305488
132532
320776
638205
715529
781213
744151
472544
420757
224960
505784
36072
775108
215368
378802
787132
425281
65985
525018
849862
236691
727451
703265
49087
535631
379405
120791
202402
538526
386647
54400
658114
641575
83423
998225
782135
964504
841149
335688
747316
934294
523218
658917
701108
650943
856275
651016
970835
538840
603684
746216
154169
630552
488799
700781
724721
609360
977715
648747
232152
61749
235753
161340
232368
131596
537602
575481
200276
19056
803517
65493
550662
929859
680565
696790
663396
859695
903654
933168
267706
377624
354832
279231
484464
860896
559796
789280
447012
681494
395835
498989
473363
736316
999222
523348
396720
604211
33088
295572
376023
25925
167872
802387
844123
438735
780235
414686
480507
999945
437542
30973
49780
962995
636841
940082
651376
253982
991742
214286
549532
77973
272905
163057
399959
74342
120994
689308
253638
226960
451517
15540
2372
659786
607915
368854
331063
948334
352697
145361
57790
279937
824694
308420
944198
910879
776531
381269
658044
961223
943842
206667
51676
643649
774017
145801
323560
671656
777488
959016
541237
515864
489053
477616
60063
375348
47393
312946
932253
84948
295908
786948
300335
22218
249211
133146
869044
170192
73970
326077
220632
873423
135428
645803
978090
467982
512007
267084
25675
237749
874917
873868
50818
496317
836036
291481
797677
95607
505863
189051
573906
690485
652334
268298
160852
330777
95641
524305
300737
430648
895018
639614
676168
743978
357191
331458
501704
457392
484351
566155
885635
881155
442948
428123
48753
436981
199638
631109
290097
529030
514625
834628
29979
551366
337404
906168
930288
302753
854067
137214
933043
778252
896031
763306
627089
328267
103376
959012
757243
496092
159436
321628
605844
653699
133842
389739
771590
251315
100663
322568
317167
243030
466034
482851
397049
619513
790131
297953
669640
533463
714157
548597
633036
118273
344565
567895
391350
633895
230274
801508
223623
839109
676052
863442
916419
546412
830514
243662
663877
53867
866188
901108
238956
882715
631102
609578
786995
885508
705973
910042
688287
231407
942828
198730
337745
911305
154000
988121
836411
801585
866498
258584
966127
708255
963322
311106
615507
515376
745609
342810
852721
769746
396343
222752
740267
760392
750730
197999
135883
776538
593768
397942
163513
430365
270996
281360
567878
62362
530516
108611
920676
580574
735091
785170
29240
87582
588323
522175
883336
991940
465978
681505
332367
964250
774109
528797
571760
41298
654970
352068
714311
592047
833135
72969
453722
7700
580296
192413
143854
155751
719525
515113
651510
369250
341882
432359
369127
140022
589553
836190
350183
651803
266154
262136
803747
725689
551138
515777
709375
234668
357809
131390
237609
45944
621357
2600
905671
250697
115245
410116
839054
326629
495272
195040
783412
882992
993915
218988
256893
954331
972681
741426
307250
890475
269116
731443
452977
735649
778474
374688
444957
281035
500116
865713
612085
944615
486152
453606
453506
65583
126182
130136
169962
125510
70015
958075
834659
419965
167769
533619
221505
331458
159439
108175
318639
623013
745237
479206
25084
974216
974938
286605
927885
624739
980678
174514
444657
258930
687906
707224
162770
996219
808727
554159
450566
790527
491663
249487
942213
237757
773368
498065
561589
868509
680551
57418
459874
953664
905689
71973
131017
481825
95124
600156
605203
170088
451756
466195
90399
430155
540641
413329
500792
271009
804838
613339
74854
676165
748412
156463
2400
978915
702269
648730
331487
212962
723701
748854
375757
973550
317675
247300
817180
854177
500477
171041
80052
771789
257449
560616
430788
651624
204200
349349
780986
979605
33076
861553
841549
507979
943595
519727
133495
789092
369548
390177
445249
483652
990942
869736
546550
526372
781423
530454
655673
244730
511738
514225
581171
739847
981858
372999
706212
286204
493275
456553
555547
88522
466024
90949
408833
342853
791998
205476
940431
418676
442056
504892
124063
411063
960196
526707
308064
553109
312650
509745
391396
649314
415405
699936
589076
133449
891002
270211
693635
775868
510493
608112
829215
972085
851364
411627
274948
838887
408411
835425
134122
500678
76629
467966
141503
160752
325388
322091
629136
953782
586784
348775
913632
181963
18875
480577
589659
363656
821014
357615
291364
687066
910804
941967
188747
651465
765644
406455
470554
681765
130212
873402
371150
942927
344664
530554
895843
843361
422426
898597
675721
28219
70420
761102
784498
567467
626889
612392
762445
905208
189017
536417
481677
248203
891811
441817
851554
614459
775237
135549
162505
967924
181247
104644
931711
365699
297461
830278
534929
256832
350163
86708
34255
884823
549131
836280
222686
239605
213817
473450
985581
219021
835816
909803
765952
55620
331758
730082
433832
23231
733746
928465
583827
515270
657166
406227
879551
620949
472655
884852
686090
766143
11801
520493
237990
944704
309800
393722
513256
74333
919153
941786
873599
78138
442215
541347
428609
788024
235225
880063
735969
306568
833784
411591
293373
359633
515575
393850
667732
36858
753995
178073
205909
931604
433042
470563
50706
446503
268368
475368
454484
179608
189780
857292
262728
875443
907961
594907
789910
958619
326472
636291
410962
623755
213435
355954
761675
15240
371292
105037
488001
96805
574092
612681
855157
209266
418912
14634
504344
46595
235750
529686
714405
549080
827205
5397
532746
367534
689858
146920
705793
290145
754271
621379
323070
294716
382494
694824
868225
502687
616547
231648
549643
360012
921463
892057
124397
112462
552745
974295
79547
321862
678223
250840
642656
445395
197930
37321
474507
465757
135207
511006
736455
676670
689666
820242
51113
683534
170693
492539
175906
657290
706030
486920
422069
365664
919471
965019
17474
183834
952079
222077
352704
15012
66926
494722
606473
392636
734309
846714
993999
947061
839820
300369
914796
637479
420757
697988
434840
917430
430293
952320
502388
106814
439843
267097
84867
229656
915225
334051
952952
526604
948472
656625
106025
117075
656424
980968
298339
865671
245724
562750
362072
146601
903252
388053
667252
906766
307708
13422
913101
444648
391474
891659
530297
627693
960357
87846
779961
773862
754840
361223
8978
309846
589638
744390
969532
594309
983200
424669
371572
941480
422130
901481
784364
119214
241315
88637
498019
999081
365595
815267
741583
303895
190335
452912
969077
621581
459544
995139
218395
315327
666769
84698
449622
538670
803871
435088
558781
148526
727803
519479
792830
359955
598859
68238
33230
364408
344863
786847
596732
525035
27606
617656
100447
905656
533345
889027
370094
486737
371295
783621
105582
987991
298792
385775
561926
961927
648421
421668
595438
7364
329628
964872
875398
834108
426378
181825
301763
856698
514089
853006
922116
351944
666897
692928
565187
41407
599803
9624
493414
626093
823264
607679
374005
724321
134144
666524
643623
310229
154750
675926
556309
198905
899944
697638
513040
900568
572373
86231
348750
704873
637223
423645
110975
514740
298801
190863
434686
633631
48050
924227
229731
801109
704510
949061
381557
769490
904701
525107
465084
540685
126925
681464
239797
921665
887555
167523
741791
601242
877839
749539
153139
698361
346621
468961
281392
69924
459928
728058
4244
517517
226985
27608
237478
671357
796445
911788
268272
920861
670724
876298
816523
928289
249462
236640
991634
947985
173520
882516
338809
927286
225372
181178
375798
868061
751951
176367
373853
85322
300331
352789
48649
447101
40389
347691
36982
130842
199457
971719
762348
685559
930361
938867
529430
262151
501148
209570
200881
573725
787699
481933
363616
839520
599840
642031
461596
999690
616191
784409
706696
703708
434318
12722
962786
780258
983849
972047
303446
379102
175662
504363
177261
712404
977471
798979
550562
822961
329253
895825
69653
503257
54354
111842
154649
534796
992063
601814
483368
677940
494260
634676
618550
727757
357158
430823
850658
839089
899898
33177
133321
305407
352744
701931
825461
174631
576634
389518
6515
883541
874996
491713
555010
444280
974030
746535
784551
125294
109341
22020
560798
668686
928912
92308
808747
795217
718549
320584
17230
785629
774939
157918
58580
25968
442035
883099
623178
910630
246224
947304
418957
154150
665069
39431
649981
88879
387341
877744
68880
694587
151006
673548
53890
446477
478455
815309
346474
140828
227392
656616
794216
434588
385201
926576
968955
766949
121459
159312
628143
482754
15266
337189
263283
136409
550644
389686
353097
706290
989491
600849
870038
282981
103398
427075
462169
60068
481614
827059
796152
432099
184396
833627
735990
901536
468128
443364
814785
449554
14476
428382
801128
994162
402838
468505
259690
971040
79725
381474
944362
285428
577635
101533
601790
184226
583513
94460
902246
626889
457976
3033
495193
93720
874907
651830
698491
737181
611978
851150
734188
71852
932002
790039
635002
405480
453008
578391
974966
161521
953468
359456
400676
125610
116290
604842
930892
655141
136667
661131
356525
551086
860058
778965
78801
287601
524179
870604
771900
929800
801686
859394
379070
792677
112217
256081
7592
544089
926899
542069
189403
307902
726533
941188
699452
558791
650035
593866
228355
518370
82832
651269
598387
984967
977304
240506
993636
479649
982038
170354
710780
779285
231974
379924
345340
361331
174293
431520
516534
96888
33956
49989
574429
749245
846124
187360
745332
701760
903451
490835
217833
596302
333340
269501
306747
628489
126293
565147
323925
433243
231626
420987
439999
835576
613215
12376
573034
700297
200826
392215
874409
746618
836679
844637
553599
667169
935061
440139
119699
659977
793757
287703
824576
136219
338019
289864
275337
510504
541942
361997
639146
469334
882257
5755
352457
577892
293604
833698
948747
317403
436076
697034
883971
4243
194558
824207
121478
65311
60708
597206
584090
892182
597982
991979
286925
968511
871882
204921
974881
722520
424094
618533
637797
120515
100817
549831
35423
576590
972185
873797
976101
387357
178320
432974
990026
505014
381488
722288
715062
824361
698877
53911
275599
961242
614594
989347
435667
656108
501299
540388
111880
748684
463089
257781
845450
953623
461869
991666
788675
75689
646436
411607
517690
760835
222600
878454
829634
418840
275071
72660
75794
567604
552772
662881
172533
511178
865196
803283
203224
958744
406083
11678
89345
101113
775445
335186
945375
884423
850760
706256
669372
541674
667046
55402
670478
479426
46649
428503
424365
618669
121295
848207
745888
52981
230429
616457
317456
565017
905152
804175
398814
739382
913758
813242
398736
67794
802155
198736
876006
726214
736392
971190
616139
436741
994565
512723
130919
316237
30855
941892
370897
185192
550981
835893
908066
473759
228140
157282
859557
114236
543459
250027
131690
701819
324329
298893
946554
863949
362394
837827
462884
34312
849808
902840
361526
638190
112293
308071
307976
338711
388695
833809
124594
284030
975365
685850
506781
703974
739670
48193
109111
414567
253305
694906
467648
54105
930886
147754
344833
732443
957251
744446
784733
282561
10435
251689
809216
82264
141034
26680
893172
882646
712971
688595
281426
928291
266162
729234
98389
1534
804157
288505
221962
220558
73637
925202
864420
970438
912474
117413
587244
643891
745229
930391
204821
982885
96519
765917
101485
988727
61046
538779
80432
228285
199817
134365
567351
982794
494640
404784
48205
139739
247110
818526
699874
144740
972491
616453
193177
527924
390090
184595
787196
331335
833177
940449
391183
326184
810367
283304
314946
793537
684912
913444
373760
491393
357683
106883
211556
151784
275300
519562
489227
29170
960086
725189
488196
439197
446608
616105
153380
474521
354936
723976
588983
342860
755342
21615
812816
27903
71439
456799
232066
727656
221242
567655
979303
830868
139374
989786
27165
175601
168562
85682
947857
637173
71567
148481
151027
450799
451992
816016
724681
439144
178058
205334
837152
141365
718798
386390
995804
662236
655195
241110
806385
554913
105656
268471
817962
453100
395551
660406
392167
76248
335229
991230
25636
593946
358422
74535
316659
949772
21702
232655
946764
325781
155746
732627
435259
91447
4285
435883
804471
4789
525191
947552
703507
21407
840847
337706
573326
703931
202217
732074
486853
481106
537386
312576
969991
998100
966800
764106
880393
197353
378111
775162
899760
444117
989158
846675
299340
911686
198848
724160
64229
576445
312823
576273
437677
849495
202018
193362
843796
88183
705903
447306
431483
577298
103644
330061
431808
327063
569823
231230
961272
305017
117926
992165
430843
595226
397817
38953
82520
177557
67515
464170
111337
162984
621135
233085
714946
541437
451414
544517
493571
991251
162967
120298
549645
144206
110008
250489
628369
710487
769321
259160
132548
463601
858976
702692
950575
475546
85566
398185
59746
806106
773137
996925
749768
437803
345459
340025
855574
760324
852815
537429
395230
99332
45635
230303
211712
732984
41441
731096
627711
177673
352592
15531
857009
267781
574224
24075
655312
3208
873115
746024
652847
362310
669862
31181
585926
625784
399879
865113
775854
808097
711472
6040
985640
652540
407577
646077
673175
891524
767164
946814
620110
366111
825914
623052
614276
41256
838491
251246
270308
962648
313843
258361
762881
27088
993823
297326
803175
786629
9583
411248
212684
491528
263070
59232
180774
429361
283516
370391
558486
503719
284076
40767
180162
622287
835785
362126
494592
806351
180644
812896
702509
735102
181865
961265
611998
452394
160160
939060
797870
590276
212815
840658
23927
856364
22716
1410
652892
949525
282959
579137
823426
755925
2838
601711
646814
47244
932323
927110
222953
123502
962960
268343
246769
503982
188643
941474
941641
565384
891852
868338
804257
744491
157643
144020
502576
309442
15662
909970
884877
22686
217976
566032
330269
603266
703966
73761
461287
97930
540523
183687
780548
640568
882307
126533
87282
873180
22788
817059
302023
906848
438536
276350
799106
947245
961159
459593
61053
805182
500762
546084
168703
933759
572250
981911
450542
59361
3879
644011
590241
453437
920836
12581
391123
544738
351328
738464
483252
313085
69360
889926
18074
918692
274295
656810
395222
876799
879847
304325
249441
707475
993889
20492
348340
941356
938777
45034
796918
306023
40021
29727
357776
469721
304916
719796
170077
109792
50507
717402
249789
535876
517770
74847
893833
700296
205566
501644
661856
804691
173199
438621
594784
846774
849514
825309
408689
609114
651673
13278
400955
593671
149581
292498
42551
30035
955262
951434
622115
276773
556457
275912
792207
182181
534712
124802
76949
230274
507072
508982
737766
279135
565924
975780
35966
154459
658582
391917
521529
770235
968382
594630
536320
674294
799987
101017
203868
787613
47206
756792
736235
330022
912158
894462
82735
953364
407453
436612
112579
606148
598690
947197
985642
300501
599624
543343
918016
74165
622796
760142
806674
743173
674924
652279
118665
828904
898538
406342
805569
451245
794927
541588
27384
926742
208013
390480
608865
636933
817565
316409
641048
716738
37767
982197
939185
181675
419552
270865
98345
517689
810606
191766
452030
991210
398150
429764
554778
42001
33686
598510
683370
914038
981567
234865
593678
901803
464602
998866
264105
897708
470556
309043
899351
867058
215892
775218
726142
351444
65297
378655
808638
114202
356896
797207
745090
771552
471858
841793
331896
737828
964637
690085
130141
392364
798777
927780
669361
426070
199211
140376
792138
641982
372286
307465
251973
999429
822061
413064
833047
359108
196541
462124
497857
4046
93447
270054
914274
261018
640723
514051
925478
565525
42592
301183
537180
538819
574017
627968
160614
809166
843105
815926
526218
532973
526695
954956
9189
703602
493940
223307
862270
789424
191945
344396
332792
311366
574022
53016
750882
285709
89166
372318
28905
425946
978438
318607
440877
820080
578363
387674
775216
786565
6115
205119
329131
595631
182203
761938
438203
372139
235536
372879
630776
960522
912026
402516
424998
873913
497538
579007
655365
429163
987909
751652
650691
932901
894896
807403
723474
130405
49099
809093
422483
836656
395730
276233
730289
554487
113886
966575
865547
726565
22947
786215
97673
885000
573522
683927
486352
553561
623967
460016
13264
777194
783709
316523
337402
599723
404997
498406
350031
990168
162005
759957
919636
80259
714325
247590
812450
679097
421620
44533
70426
841620
692881
477609
411445
144797
451287
12905
276409
156827
55616
365567
864647
73916
6778
435591
9361
558367
844198
208083
448810
110844
603965
819167
903030
210097
210893
994987
811904
329834
749538
642427
834730
703787
568320
654055
171519
94653
240715
599839
641893
197747
945737
169087
935918
867287
886784
203915
274893
454774
496122
736263
673125
963269
324199
841462
947709
420975
563745
761453
402896
142076
635914
611346
104130
137119
268817
650550
613292
201372
535124
895181
570008
107220
637920
365638
546888
811118
872083
181451
291953
229604
651810
663447
906629
614247
140535
343342
571694
853552
64883
845758
211862
779941
800721
784208
952995
263331
741610
217643
334528
940590
610837
626117
546455
735667
232806
372007
814811
760373
571991
615452
369921
402268
466373
175061
119246
377111
204177
204252
834123
718697
684391
691379
597654
910167
563611
565769
127699
492717
640879
157784
716287
862056
908977
496158
312805
563779
3841
320181
282729
55649
53233
281041
308097
946003
230917
785302
664644
919943
737753
705364
269082
739214
207586
274336
79827
229192
552396
750096
877397
853102
764291
764882
983341
16188
661454
2025
510342
363193
371157
511173
197623
699044
494019
132735
186934
731645
572678
120622
630250
285869
697267
785512
511391
337555
448391
22297
967507
128619
156425
954489
363181
431389
419467
129005
442765
712672
697295
76988
174206
794185
659077
780460
892744
588404
323122
763449
830563
242317
743405
504689
210565
403708
92868
732847
741724
271723
470075
999857
832536
61045
335860
509784
871071
669484
298666
211581
296612
58567
622103
753387
114002
936934
862710
876604
819746
257412
683875
772563
689356
562488
679326
152051
747481
543400
364334
962810
340055
206474
914914
625086
52391
478872
110451
901699
537968
289168
348805
367509
763574
344805
399884
618888
628357
112645
747211
947722
456071
543240
735992
6882
459189
415922
953148
712327
983210
745445
833622
395359
260307
59750
824863
168595
164675
859018
789736
21387
12259
973244
567935
539659
160263
244910
471505
841001
171355
285402
537897
975722
640124
956276
994903
96185
22627
281774
46699
874051
209148
482535
663072
853106
711445
637233
440343
136707
422194
496829
46264
195974
529277
257382
378813
998386
324186
345750
791882
501666
320217
302937
230452
285680
650885
264828
410786
541548
773977
108641
548305
802682
176402
138594
119601
960581
43424
493088
784365
764196
963382
771431
762952
930183
921408
694591
379874
720733
512692
974162
789339
983750
145794
456501
688206
970288
649893
363669
870654
869328
586395
688511
89039
703679
189681
72843
533867
195247
390520
209638
930437
547720
412244
663931
978170
297123
75762
164990
124243
700194
192665
839253
341799
634922
466074
624930
875870
3902
547554
488369
185424
468729
875438
112315
334539
154343
93661
821397
761652
890561
552225
772408
702980
52356
446479
361517
350260
269101
777431
490901
988724
543315
626317
486930
577044
516128
437093
737814
618694
722605
35582
484550
852858
527738
592085
721866
35817
44359
475418
694580
340206
390801
180575
913162
577870
275180
278765
950898
105304
50425
131121
197241
227432
29573
27604
151871
336965
943807
59560
44867
792426
961171
207294
521031
240098
38183
893972
823264
266444
899569
177579
864604
565054
674291
655991
162767
401030
732884
786096
812092
53388
382940
204870
609949
893395
212812
547441
290896
818718
51288
990182
613214
424239
39682
278629
988712
672875
997268
876911
896688
784153
683642
27542
750849
294473
579322
655084
159484
470673
590096
774301
134273
539059
918954
801177
34294
944794
812988
633321
95543
945283
242049
883171
820186
675385
956112
282553
647133
944312
645527
272043
887791
866227
597430
8221
575383
158065
80250
184963
314245
241362
60788
635896
484788
492976
403381
548334
754872
990241
887849
250432
137001
494680
564046
872932
139436
832939
461263
93116
473115
83247
417601
268683
191696
883775
741753
448644
601619
107484
35463
47870
731357
38894
366740
528645
631049
901417
570452
504714
246294
382219
376679
771514
990235
246017
975890
586924
53384
52457
274260
292083
986004
705651
347688
917267
685896
996961
326935
270545
575912
658669
149046
870435
355385
946057
354627
947463
350196
893313
882328
599600
107461
14973
54794
335770
637632
47714
697633
561343
95457
273241
180403
783458
947966
76519
285919
76232
808587
262075
360227
254790
885002
156103
855259
628662
569677
437574
800983
882435
557033
245147
786071
136036
206521
339738
614821
40038
590220
935264
773519
892641
600428
270044
302272
963148
737100
173105
53051
840877
365773
604852
102003
363817
818285
179536
285897
123065
857548
480265
310370
239357
321628
503389
492388
581162
516709
51718
871310
762528
468275
556701
235698
357271
584541
877400
220495
407607
193714
556724
857039
196038
285697
205614
326873
51195
709445
907307
742228
498610
464171
218871
417786
493561
270594
459370
272724
967623
260990
157927
961303
491788
332201
131262
28955
381732
301031
481201
849524
313829
296036
245908
196975
536279
585692
168909
157355
627203
503046
752955
413329
747492
702878
643443
251569
606267
427086
856166
565562
33406
747576
651358
733654
33520
341986
362919
601824
899084
958143
421258
999555
360219
152470
783669
28912
442597
449873
539574
153403
127876
298596
311270
370067
158611
582296
940515
982300
977990
270963
415221
862699
521812
834374
951570
683357
640846
134227
821692
644244
539411
112536
439112
406031
220700
176125
985979
837285
842995
257621
217741
654366
272769
835924
159375
838190
913412
274126
145960
217743
827999
401192
447803
822970
670795
345949
598756
394753
22444
305711
149026
524300
739454
676136
455055
765422
794030
26827
237193
549987
847813
919132
285685
795048
893503
892617
483610
877879
497594
352692
645160
314590
192586
385694
564188
584187
829737
923185
165179
660566
339532
320233
927163
387867
218896
663777
226881
303986
759315
866230
983045
940797
99744
63642
553747
225133
320194
688183
45098
727938
193785
162557
942151
989085
636811
148042
222396
818883
945457
825461
871033
240624
933554
587383
758124
440981
761358
488887
50437
418225
10256
314993
901394
646535
216838
665538
67146
19073
598413
134866
356645
589153
651718
801310
210664
426208
166821
992545
440063
86373
979432
845406
515778
453027
657188
128077
39386
927823
492858
581727
243773
201149
964649
141296
41620
318742
717502
392329
962686
903800
271590
127886
943598
105002
761380
34186
114160
334906
470109
460501
443977
412278
194256
561696
532155
182979
936036
150429
981863
742365
399578
6605
189453
236459
105442
749543
837999
939134
169289
325090
606485
997030
157455
198688
587113
699761
767191
242103
22210
625793
192823
948764
417342
484489
600239
89966
355656
207716
917303
474013
710137
317393
343089
336245
676826
16911
11518
14859
608072
655121
656173
662402
728752
445151
271693
240314
265850
195721
619747
46806
914115
361928
94071
355689
86594
821874
976905
851645
982092
259225
283745
668223
186738
16386
314884
172298
253384
408573
554626
590734
728769
328166
567724
567837
774198
218870
582116
464978
498309
738758
601293
256862
129814
299362
335393
5744
536761
461318
218144
808192
807915
566584
285414
137145
349496
900865
737430
792193
876090
608457
651442
824102
395647
85838
190413
517286
118664
997761
73559
531867
514414
68413
639703
588865
389792
53604
549112
19750
350023
35736
834042
615149
142282
136083
789513
434878
811309
516964
906411
540237
669908
49927
149074
208966
157990
168479
653521
469714
861133
474194
479788
423497
729625
481857
994312
676788
662276
372195
460097
545533
456464
468541
998362
306998
452813
380160
162511
847490
387447
508414
577607
279652
920891
965002
200293
87714
487962
132396
128126
857877
605863
648062
973285
943248
499242
273191
499425
372907
750375
229425
515328
819755
242616
26376
530693
999951
413911
65873
654012
48825
767032
183332
178607
556151
594707
894440
870321
734382
962111
445770
798935
886114
434362
24538
874887
994148
855109
252162
245096
820505
210156
347299
419705
737314
503012
537357
809789
412973
656076
710299
482068
663192
913942
587305
583398
953277
769599
723892
200632
620190
673146
957452
350816
811630
547371
868024
968469
446138
326286
770918
430048
883570
119480
989581
97903
121112
2358
869473
556168
21188
637906
99250
649179
98129
160948
883106
577200
544808
914916
667841
504319
413863
737709
176711
450206
918381
351389
261037
802773
300933
389290
993704
873869
217452
14255
894659
758695
532096
978835
156247
193066
641992
997066
867370
296212
284058
967861
204002
916881
87981
182181
975844
118473
745979
419965
7630
322964
507154
313333
317389
467465
445368
871483
314843
962996
794617
740852
317976
319909
910479
807072
282564
978533
908268
311387
266967
270660
585894
954687
42621
48910
732031
574439
972081
322716
838928
932943
261749
490630
512850
292439
167595
3510
185993
114854
346708
674200
620430
574059
762338
805037
44663
406015
986939
715903
854181
404326
285645
363631
752361
82421
851784
357482
663763
513677
653693
329210
221017
822981
76305
341496
268769
607590
33181
222368
470251
511183
23270
450109
191454
505913
268724
714947
453102
486357
936529
300795
355366
191378
632543
663065
841047
10747
278998
135593
523165
868284
884058
922472
757130
130052
725173
23599
799986
98246
687670
708554
725395
797595
561061
766695
921758
610754
42145
469354
773734
510151
836824
748381
648996
292865
589731
542981
959141
734196
227388
151696
435921
894935
530397
39850
57880
934961
204598
205230
714682
339037
457417
198330
449395
788908
633830
487387
599170
835881
441790
627175
206613
489975
317863
122602
224595
900247
117739
932472
234629
878854
321357
808482
234210
58755
196313
616259
427317
845934
309735
993850
820781
978764
511020
76338
1345
804967
633532
425500
456702
417491
404320
692990
791150
336779
182159
461989
278374
441529
858957
57206
152237
663060
845853
446307
294404
316964
349604
467705
803607
872097
969628
853333
144318
200377
884785
862839
78448
534769
817980
209646
594053
918435
780505
414963
605733
825253
232935
91090
54674
271242
362459
944323
283344
649474
188481
271447
144813
346205
143121
144718
205552
105516
458538
195973
705826
690888
633261
786188
876147
111916
126585
808406
177803
80573
39614
472650
220207
428011
431360
895798
783627
388463
919274
112419
151714
63028
9932
428995
526799
586194
598195
569863
139382
953653
94628
292941
829261
830364
297588
280503
869441
175934
78983
939735
24390
978823
370787
139910
266942
316351
863024
435220
956869
597644
324750
828697
656727
514702
48083
118826
938526
325160
448416
645159
674908
500511
102431
121138
110834
456282
917147
633978
506251
563145
563771
590581
216488
538851
184860
984876
584904
164423
190026
697328
683123
115716
833115
518506
567011
644020
166761
954320
468560
85251
862314
996404
802071
581709
544430
364982
305926
683429
489844
595098
293062
565171
422696
839476
363813
709301
13181
446912
96768
734438
173923
109390
414537
785531
268069
970970
55227
814538
587234
815098
112087
598790
310054
269168
940505
471909
449125
289183
137532
364578
877587
998683
374375
202526
343203
952857
766515
612130
290522
966981
644569
265279
684302
995955
334653
604758
514880
984429
852305
597236
168147
942507
991463
470037
890793
528992
442072
573578
910105
479025
310218
770229
676750
447936
20768
680304
481023
718951
739332
249357
149446
511361
205578
380536
98336
585954
437249
893817
782976
389734
410139
405014
548048
594535
543030
525909
673221
827720
566534
77855
28765
288110
543713
98432
17464
565391
578087
309899
521936
440930
871052
286043
320791
66998
452228
257780
349484
852895
364938
295623
831801
480650
232780
882388
336363
296306
928374
786794
143951
259563
417497
299722
697222
669980
779320
916266
876964
652682
874287
96469
924523
880207
928385
873327
307231
177385
208636
408471
752710
806062
520395
963429
418110
371166
568920
413586
3450
264465
157147
675383
989211
150607
31364
148782
224871
782590
889601
980437
354472
566390
21996
374193
987619
179121
146069
965934
146612
417374
349287
366276
60611
294676
322873
449654
124773
308963
985459
483957
498961
492551
303515
845601
664252
803446
295739
790703
452308
493016
658993
276965
296598
388247
260499
460098
811341
315532
743164
745148
768488
679576
430776
116833
812406
615892
188296
364575
960064
170528
687890
930847
503875
330392
885096
184139
714312
506085
537203
764401
545378
491503
555131
570815
15108
860464
62614
486510
919292
20452
276524
52604
103952
243101
929250
174289
332083
184818
818155
801411
952932
206743
140007
891189
345444
789896
982710
46554
334226
801632
422174
100567
825636
952902
65429
240007
387908
648134
444523
735704
290693
227582
736790
380498
206912
490351
531036
628216
19407
41075
630231
367751
355237
355662
659368
376923
643913
475676
424507
535153
810413
702122
625266
85255
862703
323809
562736
939808
986987
301341
409669
55076
184507
18589
965233
905315
194060
791698
708823
222842
388190
384666
949055
663246
389015
707654
50440
612534
105797
78551
710888
593205
37999
228552
196257
188324
988566
558981
350723
231279
524173
593401
661016
388982
177266
485829
813103
594323
130888
267148
318344
406651
848370
464747
436313
200125
666126
733958
860667
549480
983532
42942
3828
657290
51114
280574
727265
636946
73774
65205
820096
425431
454654
75166
480088
874737
640063
770682
687237
257477
769096
552352
317092
479711
620898
948650
182871
384440
571166
438673
739637
11926
230739
797139
922385
544211
628339
283344
800293
55861
372745
512693
71964
908092
865618
390991
710841
924475
912885
372161
223719
770206
746399
539729
699741
129610
658047
160156
106157
907426
833115
503082
741290
248293
840206
706524
886260
961460
231454
294850
587810
367153
983806
386633
331914
745796
424541
908881
106543
100087
787304
696541
929544
274305
88675
25828
646880
885855
961540
9169
164895
125657
738966
310991
401527
844783
556956
134737
219538
797312
890391
348170
756778
378334
537078
765823
674256
194354
210408
748783
294153
366381
328210
403293
967955
207207
366493
303291
463621
197270
694182
428468
635796
307179
436121
797398
483314
501004
212056
940827
633232
699498
860372
557715
737093
191808
207359
602735
982343
606375
116824
149612
187605
200215
606949
138265
841143
714622
169087
838919
404317
185654
991879
627469
256101
107687
215095
34741
750648
619257
317011
951751
59348
948659
332413
839599
439652
887733
773416
626765
647818
71182
320229
622042
176895
118843
442777
224754
65618
703229
247248
70018
259852
498198
169066
829646
784565
102559
708723
966239
488239
691145
274385
790024
25279
824238
608662
209172
4012
814291
928949
525134
950336
910781
1874
366381
479787
20652
757362
249241
879303
325688
841618
846622
491959
707655
769171
793260
65704
100521
134418
436040
971257
483536
717398
166419
772023
163119
525539
985269
549633
133869
450667
88870
368907
412358
408356
46937
677949
423551
391925
92741
27131
419844
5002
167697
973440
575071
949510
946139
964515
203991
342424
891493
23228
560611
124391
220828
626400
367113
979623
468998
956359
563544
89229
687880
891215
621566
160223
378898
438170
193671
92644
377000
245394
854131
671739
280653
146252
347186
830088
796558
551242
898110
722121
770280
401435
272597
61575
603927
902173
845330
394215
451964
548131
53863
425824
762217
574705
904569
838599
558413
801188
265752
799045
907959
302511
433498
538667
840968
215359
91987
711644
682170
474240
295794
420776
961415
744761
508987
632378
557815
163091
593628
482855
393865
617975
729519
887142
940541
617620
53387
271519
735548
34688
541063
140700
570853
501558
558604
597596
768693
440318
454486
388422
49746
131946
895111
747387
238516
865404
663720
907908
384625
334949
78141
404459
429539
954344
382787
693285
240183
165469
323528
261804
912213
472146
129831
302315
451495
902732
896479
897619
99657
364523
901584
232075
138379
235
459985
110980
865061
701127
234032
564010
783288
924856
903047
182710
561725
143323
548983
513120
894412
529328
982212
981938
137675
112062
385677
482680
794737
909461
386214
24340
697078
44075
517972
304878
742553
791592
445924
660360
204621
349757
598568
662959
123329
475055
298767
615181
683275
806770
749152
85276
261296
204976
207123
646965
423378
170345
251852
205638
640055
992692
158004
292578
761650
828771
291126
825843
862320
253316
130835
654538
404960
993156
945507
510935
717632
542191
747241
766836
719681
747154
863825
415771
327062
885634
593864
501561
791838
680501
883128
839386
876076
458701
336287
656003
430959
208117
783819
215198
335235
764836
610996
887440
250643
354367
961718
111079
836008
558299
42089
600431
797267
930208
26847
72100
291059
144713
432185
601473
44836
759559
644902
353335
37636
740613
272569
395641
948451
13255
393830
877300
518919
574060
600218
261532
827864
527890
639220
339490
848558
602776
485859
740353
786422
406974
264733
472184
876027
112169
172664
294674
763799
405444
806185
865057
325557
700736
80600
361801
19841
331067
615644
660024
340911
898238
192280
644659
619429
794081
744561
167756
462662
637833
907691
177136
1308
622738
623391
786140
974689
984391
596763
627696
415018
894670
93462
908444
467057
103777
764750
125687
837181
741495
693120
470830
399152
180225
230339
228633
313837
355728
503618
477609
802340
654931
14292
719870
790971
534526
40378
414677
734234
364167
726388
837215
236115
195146
134656
942892
929709
970061
3568
749830
610508
234333
888615
85659
44222
529367
737711
621970
462756
124163
982010
601982
483131
604826
397812
487408
188806
729960
671809
433126
428058
434188
404120
799522
260037
528349
469627
100054
263452
583271
493842
755643
381600
514643
110371
728961
348684
30372
570097
607905
48830
780382
33774
974542
398527
532929
426077
467593
616945
871027
546569
775636
118228
58747
547547
147006
54901
462953
679708
753373
377907
476308
629704
840602
861679
889532
640011
650342
672655
171405
867547
989387
607535
467461
625521
694941
181798
851116
789733
631631
936432
41090
577061
188770
366845
686263
754129
695351
150421
125140
952950
710726
45862
71671
611430
341607
904044
158011
800048
152206
51067
976630
440450
164756
70060
823388
114391
594992
346658
200384
415390
829060
715831
965883
413609
121492
58248
663653
933006
184913
180186
907648
866526
295251
145832
750901
405631
349862
713226
16822
623401
966843
242563
585026
438905
757696
513063
514375
836085
57034
554279
129825
133789
459885
329275
137729
818922
802798
786475
318825
352742
783760
161465
877267
572135
532938
327022
964081
135145
604634
9216
887568
462919
731699
600092
206614
825302
625042
531350
173994
875614
202415
559147
301042
66806
90830
658479
330103
624571
673972
320855
520422
617901
257719
39909
99312
584102
712047
282540
513680
869367
554889
509951
488748
250080
683258
505018
237525
744748
140879
746348
359145
984615
577443
313952
992536
351229
848747
722311
15427
854705
204715
284035
940288
159670
163723
855442
725946
683053
631044
994069
747638
778876
683445
401596
632880
981127
514514
171984
687076
633294
538363
257629
911848
615971
13227
687930
678582
97734
660039
943031
107784
980831
318614
842721
374940
204375
62992
205748
452439
258771
87567
101150
377734
206861
966306
512620
252159
466833
483777
599059
665574
322130
593242
779293
239755
752167
81098
24111
293617
621221
881703
274675
190634
729369
431418
963686
704349
125218
208458
749183
769962
317673
604947
660155
821668
170239
692630
606466
845437
342417
523530
306871
896704
814154
234288
268449
649655
334597
238276
564721
250988
939054
647567
419055
553101
20276
967833
362373
393384
820972
382844
37992
69974
445829
465172
675039
6901
646756
838099
763569
473870
308380
894961
673967
610773
958411
979072
173147
17934
904852
921949
846324
983692
573364
286019
2015
129492
589251
974777
16756
245025
961546
80172
5410
545153
371195
12119
886975
894429
455313
766238
496431
694230
598789
515515
224688
11594
960426
362063
688769
514037
879653
78874
512173
272180
104909
289414
837304
861861
642907
343966
242980
49067
874958
419676
586848
490958
128542
966879
852110
431615
242394
97595
339568
139000
615072
544683
349742
640578
757689
318881
633862
177232
586831
930814
996176
741321
998283
904029
52589
965795
132111
451082
885324
515307
137677
501265
125784
240225
176450
405808
310914
512383
257939
841454
754278
485082
48898
610117
528348
863522
132941
235834
883486
62724
353187
208206
107729
431854
145987
304397
433906
972082
254516
567811
198750
265732
355419
682702
946429
276382
600636
521743
943757
562691
73808
662714
508295
36575
876222
742925
48495
607437
307066
700894
872957
175667
902455
266828
135331
155464
298314
871831
501435
318774
346332
141388
133199
398619
294476
109017
998532
169001
432863
564287
640099
198764
608036
444004
239429
179819
454889
436936
647003
350888
204371
952656
659095
523587
837854
443774
203899
891643
695730
573698
352764
653715
715870
232553
957650
660691
941875
98228
963295
465957
474431
177732
448249
798048
738853
48368
690326
550627
558806
966201
196755
913431
648430
350869
51873
54806
885677
558055
150861
33578
907216
348752
368298
236525
702795
984543
769564
805648
112294
550372
718852
211704
104433
721826
424259
273731
60965
762722
545453
41065
450265
408228
797388
269629
910174
643057
754510
453649
674423
937932
852172
610425
649080
724039
422519
985641
228218
185073
245985
913592
467448
88941
332261
971205
305161
219102
612341
696568
329722
458238
390142
936674
823431
696526
880442
842046
55734
703655
770193
83289
405777
109232
805485
325901
548094
405161
669977
657513
152252
343011
443540
27629
951420
931282
411064
610800
574170
572475
924418
218404
916726
111367
755517
925938
949491
575098
750672
335167
515724
749117
137376
170896
963022
173911
744995
155018
81334
65402
288067
219922
507943
858042
160234
169619
318343
556824
14064
290398
471736
605629
798367
326635
149550
231106
416287
338301
562162
98604
207235
466532
264946
763893
317230
656796
394946
202437
193315
724435
845875
42816
212777
742984
91726
737720
993303
124047
428846
718723
856257
605041
734839
210152
108223
720496
564791
875827
225367
156327
428503
838248
986566
755152
60029
16852
785776
253216
451650
783393
250957
37899
916029
478399
582383
413894
374820
893455
764548
187907
122519
622048
94414
863020
897217
820375
747223
463459
543646
37848
256405
339958
731443
285134
239848
156673
919390
434776
683391
914081
595720
680977
747291
843408
857206
870329
531244
71010
872063
382469
534103
316891
997272
539903
32537
917931
939659
647003
878277
961479
103302
466136
521705
43428
833424
718351
189455
764690
163286
824476
679327
910068
341924
744422
335010
809432
347375
829004
296929
380215
8910
397997
886123
668874
850057
581652
683510
114886
434954
602111
163677
440630
147633
462794
471112
239732
901955
293949
775658
48068
43650
728751
159907
671245
81943
686932
243013
388469
734316
634218
979187
500888
108566
56445
108133
894500
80240
504978
157577
791636
442243
332790
857220
298374
256737
349027
22038
554811
14801
788811
352156
601195
898084
466692
553198
727427
411622
172369
945896
881660
152816
742473
676999
301849
645147
821031
942825
232893
293455
291629
380406
587366
491193
222261
470750
679882
879962
219925
122040
996556
85692
172974
16586
666331
116481
755537
880870
411048
631124
233615
85937
424385
287488
84572
907455
199567
267423
6175
591706
587688
991722
174105
48226
482578
328432
268143
966606
607061
62178
664533
514320
835324
798603
953433
327831
827240
495964
441226
535854
511632
168677
722627
404162
501400
399840
352727
408064
741901
980968
490842
65181
179067
414215
959946
761583
212715
257836
314265
346424
409917
625339
444440
888388
617246
571327
48769
887848
313253
35643
659105
756714
593167
887326
50336
971391
53461
845076
796975
300143
744616
812281
997132
366165
62665
335912
428149
661314
248326
529074
959591
508930
234772
939627
519889
713654
503110
806558
67226
464416
426664
76512
159692
795262
494202
761794
925531
493773
433612
722336
560150
315502
526259
147670
28777
183654
740837
435154
23180
694080
377910
156485
886092
438669
207664
535412
485364
425484
772744
172267
115608
141924
966083
913872
64573
748173
523557
438357
449000
401935
118481
629127
5826
24483
793922
939652
825828
158198
91748
102729
202885
412811
824592
204457
314685
598335
223651
239386
254581
163368
622266
365802
44334
816855
838539
787599
885482
696317
322403
132123
657594
949226
687480
483790
486693
3376
176426
235270
44658
304486
358107
467025
887763
890377
416423
666659
978222
233788
973058
282339
383881
639536
643181
129311
772368
303070
183893
763168
359046
959025
872904
21785
488966
675330
40660
935801
753077
323323
761214
990176
806983
554908
970076
697197
825770
619100
839568
262710
542674
333607
495521
800273
514210
396166
659767
428751
852084
396253
138931
990537
675525
525261
754985
752850
647168
813562
531643
909516
703781
364135
344083
171926
637718
362108
42300
587811
411326
203370
781597
828710
225246
50405
938260
987049
837046
545872
117483
916925
793868
319223
48378
468236
392412
279605
601
150922
790812
645302
110271
637642
293418
727575
264380
763501
288212
938858
90639
486901
838084
260117
968357
43447
311622
743961
5679
444143
391479
678769
411422
363886
179725
322641
28158
119918
807421
888781
196140
43462
301965
216347
27509
958968
396534
344753
403981
957928
252085
622344
357609
825640
418478
857667
312953
846574
739325
518824
416965
763687
836187
671052
798499
51236
791338
84814
295699
278002
532702
803129
698679
579017
861255
484045
582769
524058
533886
486744
157275
769483
846316
294013
37406
671295
73522
613398
540079
676110
358200
801974
185836
374036
405398
496647
184271
584741
207000
299602
303436
94238
979377
663902
584013
851159
923840
957167
302664
748852
431607
296367
695737
352347
919534
440171
44225
849088
54787
617204
53275
881563
962667
996710
424631
455099
437850
136581
9845
154484
478411
998018
900991
455476
592364
629278
290307
536244
616041
152102
743948
159882
697236
92380
203516
219482
641902
366262
549352
505581
254869
340799
15888
407322
582857
143900
807033
828768
704220
942378
497065
147926
47414
90626
38910
15673
930114
237022
797292
672357
696377
58133
244241
650911
812297
547650
374903
750735
405857
339331
225061
790027
946268
660253
420258
266126
227399
175805
267719
271943
627665
999065
59200
890382
455182
709045
599199
543793
76392
604098
664604
550189
610210
419041
231533
934968
921610
417733
817406
470331
292091
178486
257294
977245
847116
897073
239782
217403
237913
209964
713462
771955
851884
523960
37197
91232
193223
186496
316468
740768
896976
162926
154728
294160
288665
89197
546867
456857
808331
914505
814822
195364
679088
511922
901621
224809
811546
488863
150959
686629
964338
304846
971160
851754
284064
846826
986980
384848
314132
353798
695059
339657
981232
832710
567908
973714
622930
107870
325815
599174
247489
179249
995906
437325
450611
547355
455151
222705
297848
260298
723857
987665
797255
353671
394498
288430
387235
262291
521242
740770
282282
990764
663950
838385
75770
112943
661666
372152
519296
429783
245964
734338
832671
15267
297639
92858
797689
156182
771728
59066
912220
160152
764321
655298
971980
505402
544008
737988
431145
529047
538755
870491
35197
625750
711290
803100
202980
161035
413112
416453
727704
341181
594824
668243
475544
138178
350440
132847
520437
758471
578604
429320
279353
696748
673650
793340
17076
625804
42110
498735
188772
757658
491826
921727
252160
876134
593195
967630
722593
308479
284090
715582
185614
950387
474813
250043
764066
587634
674330
286385
636956
717905
467223
963295
406851
355818
312857
820355
268980
252960
632376
566453
846090
494208
688443
332816
382568
235075
620277
321802
78117
12080
312763
628965
684437
43742
377728
151550
379056
852951
297040
370243
426658
341337
136421
608322
89070
200438
982505
296348
383871
174619
282953
762776
422861
578093
952690
392852
365160
464591
198315
544918
420901
276416
289807
156032
51298
885218
608869
100194
532983
29333
215774
129578
584442
35458
760682
26799
904308
972535
245194
817547
16352
75975
318877
53859
228357
934316
961934
106998
238702
652323
395380
115283
27733
630219
192402
137000
414114
720896
248874
336297
720720
248217
626024
554585
35377
610810
689599
666232
967112
547798
394513
498762
353428
526660
819784
101247
2284
776573
380802
653316
523717
951920
412777
957861
442705
460546
672544
835677
870082
993573
261017
800444
456876
112724
300547
426419
257609
446824
504161
688383
43094
118042
42102
437872
898906
335574
832924
225493
884422
433208
24245
51718
208568
236453
641528
728782
195930
303625
79085
361586
783527
21352
270900
219362
406158
126691
387454
878908
274031
32458
36447
250487
157378
425368
258044
849074
731799
988815
217439
254745
215159
212913
723753
103473
988650
176024
666983
202434
178642
76850
354941
73950
40501
216029
140926
671313
537112
35995
133982
301479
795782
323762
914751
910548
264432
687203
295143
371460
536046
758660
699475
980032
396900
136444
55973
63865
368895
681307
156728
228533
234271
106196
633044
140691
182159
319128
626877
350140
624815
815439
821990
996456
925299
40949
765827
140362
596164
502032
269628
320026
494020
682953
677309
814333
792623
521198
663914
393170
567517
416579
648944
403419
168995
937409
368887
717510
262361
58284
807411
180375
222391
345556
660634
943285
918297
299880
230896
201550
835810
998065
501117
970087
543676
781427
612577
410179
467453
698587
476670
907631
506277
210596
911379
295400
459012
744717
388777
802346
5241
682543
970597
130967
862804
413245
383038
160704
34013
430557
553993
577362
728622
391837
802736
289888
322939
832531
847554
461256
122610
671446
798372
432005
86973
237971
580068
743953
651045
504012
693742
801397
69968
125299
215639
296494
873003
39711
197591
245181
26211
149609
288276
218444
289420
789734
234265
419192
608549
419904
459493
658751
356019
289779
524576
950215
783369
549345
270569
778377
975913
312595
277258
319576
935621
144269
962573
226066
869278
844813
155816
441890
271502
821664
247635
795311
126816
752288
419898
916196
376733
990285
410190
282653
664354
333831
31670
675819
257708
921125
616100
414084
106294
244470
214978
884554
56761
958290
307978
85110
799570
542491
645941
826529
989378
943893
386955
411951
782543
330335
812697
750424
711175
213774
928833
333332
640932
762661
193707
202338
972555
119410
98330
329974
709295
711943
219225
124157
671827
959252
190547
450382
183340
505310
335746
568750
968740
915678
313216
195328
220155
569592
941881
325575
12680
773782
59266
396185
594910
222881
301186
475299
827209
385372
386830
325331
175928
68445
367379
328294
169652
404520
919020
970574
29198
492777
822868
855487
582360
900622
176181
895062
328841
265087
253983
823206
507076
41083
924180
628321
751858
271952
361984
393184
76875
367542
601990
526991
916468
848457
556661
464248
755971
700834
575385
209194
819294
546897
734382
863174
307841
39096
255344
457125
511198
118599
806030
870697
538462
210255
800892
831135
359302
894341
336935
230094
570741
210134
824964
23199
127049
281377
903874
543784
743458
54230
649630
254935
655102
822569
501140
324471
242179
655026
442803
378786
384220
917028
650698
530052
193403
222119
783230
128583
955388
666837
921085
720032
658346
251790
694605
731381
925914
278969
420606
894570
10933
325911
680574
161479
535380
748741
515979
758343
547972
525774
356995
201088
531560
989866
459031
963818
95998
697624
771358
894861
509818
314835
96070
381131
251342
298612
316837
176263
59019
892963
247853
12337
86113
319547
513790
474928
344578
673466
515734
680170
115237
884641
352355
298931
852647
909614
933241
3599
213771
625012
47711
156966
695202
819668
260868
83267
782470
827738
581135
436488
909888
631798
937172
990322
528330
561941
245474
303237
842606
643483
477945
573332
605837
617279
257945
226927
864955
471300
940725
461097
736328
156560
762631
828420
547034
433259
715453
339259
287221
575893
371217
132396
562461
280195
69238
307425
320339
129592
554478
244346
430458
831229
545144
291768
40541
288829
430247
428264
348426
143871
405454
210922
899414
27776
424344
287069
803140
309228
108340
741353
186497
444025
280941
935144
364422
545184
239063
513777
11040
583097
302053
503491
466252
547315
496536
191307
892604
586989
18578
401234
812214
604467
469641
499590
528924
667928
782295
914851
49990
492268
302445
768446
937227
557978
28200
247790
732831
754017
378620
373143
579862
267565
232332
901908
742663
384081
410780
822785
952907
439203
61022
843234
591013
260917
831016
771571
399484
449387
263879
981644
97539
7614
237549
673201
802233
554060
53893
342324
172812
345817
27880
902727
888537
237222
548071
845794
612878
460972
679944
641357
668913
284149
407439
736075
639801
406168
415793
976227
894746
981135
804526
876620
160926
825142
112951
707188
357231
693602
237130
152301
22193
447836
877855
738996
756428
225913
848762
513696
794311
317335
247265
506532
124368
566390
793128
277952
311000
360944
743592
875466
998619
770006
780238
298133
270717
472617
599439
491323
796944
784178
213753
70477
311090
180031
811109
146195
917588
12858
9417
775233
690005
357991
359594
34873
205388
65209
772270
952951
633829
248338
529935
577566
457378
278934
137260
725724
489987
458155
502266
142588
912961
609679
7319
853000
478259
626005
181567
89240
372436
932413
160087
844603
2268
11631
896487
776129
211082
668628
449189
283684
870403
691217
144236
842769
919892
836577
304076
399702
810900
341838
773562
127785
354341
872716
165288
110354
104281
499570
657200
112822
653872
393558
285929
279874
314944
376579
148572
823792
814062
661465
487633
819577
443224
239682
658178
647767
150613
9357
882289
968374
956244
132904
459413
873590
10913
842110
109552
741343
985158
412267
105788
735842
553422
314456
960707
618952
66020
612088
885134
700026
301979
458590
270709
808299
73991
623224
716885
201830
802440
824876
276448
355439
213287
401485
774351
972825
842840
512698
90290
666404
804511
450963
788839
135696
212752
697561
537321
844994
809006
300641
191104
576914
267061
786805
600470
4719
391924
831048
745770
927472
746001
908691
495198
615159
852464
134160
783466
826884
185711
855762
903219
889492
629832
258303
16822
896947
707930
701548
86238
135653
446401
137555
658678
935597
191137
311923
835577
744760
818818
500740
234884
154409
795285
537878
662444
7682
480277
271365
342764
269931
985545
614491
177463
277538
974630
521346
498092
500800
450001
657572
307304
794596
399105
977121
348341
463614
667971
230828
634015
640442
178327
520643
875303
130886
767672
26185
667153
192962
911609
603073
777944
661956
156491
837225
812354
381060
168283
381297
829006
428011
660056
196822
156745
401459
518994
722400
653567
906490
750014
406836
781071
121577
327254
555030
936536
813691
776797
91391
235727
514029
139776
280919
43443
996289
737624
275856
566615
743406
873549
767775
514206
937191
78868
904151
898502
471110
519192
153315
804123
706581
481527
790175
360715
918777
380259
750292
914202
942844
827113
554254
463148
496949
695182
655900
332479
861526
688789
103780
410940
381970
297310
137824
258914
940201
234664
370425
387106
455249
729271
983934
371146
981698
392593
447169
626713
974879
505634
880270
287921
894972
190335
954249
315754
374736
618055
281571
651010
581432
616358
400888
353075
339813
130739
721225
693277
232804
43577
934481
872995
933192
786387
21574
443538
905462
212209
38061
864315
912141
863543
672602
294753
886768
665348
562307
527374
827953
368848
308224
744576
594779
392750
670690
608065
147612
699057
105133
950484
658893
484587
307443
6667
177696
102288
907918
708022
911077
640378
125561
206389
280697
919110
541515
100271
277259
38235
310354
696027
331020
869067
362696
570811
13171
934801
411892
241001
584938
291642
775968
611530
531864
410913
304883
685407
844556
913427
896554
265914
231427
757521
579191
603661
911830
610547
985270
50590
514499
811305
601480
995990
584405
348957
466318
575801
484211
326836
303876
89521
835523
669044
164151
503747
800249
83072
43108
844131
4544
525182
23215
255458
295299
976537
908477
683973
19800
343074
971822
969202
886729
910225
455162
672196
134273
5482
889447
65149
232656
906363
995684
322331
261979
299393
933510
964099
725219
936491
243292
507034
364528
590134
18096
439795
459929
213943
12061
765666
22963
321527
407368
724079
81492
398520
180284
346214
627075
819990
76838
313484
308797
505161
410793
113964
803430
353479
453407
858127
302347
358214
934318
619849
863632
129503
610882
371568
181435
54606
921068
825384
466267
61590
174871
166618
516502
300994
834146
777539
120782
251589
476895
834088
80240
489475
237160
471912
345433
782057
384729
514602
391460
279926
747117
469940
844116
621341
355832
39517
907099
70147
958398
489179
728453
501347
190063
144630
962116
467217
627520
181726
645528
122908
860007
837911
479963
373836
834931
278098
229158
668170
579397
579352
845475
329119
803951
76319
695409
282837
38887
222527
372845
294458
957671
657918
379683
676994
962021
403527
968273
864076
181098
454778
271828
283453
736978
434461
916018
848457
9311
900975
798275
276176
511993
686685
543548
796580
421190
847374
974745
452073
768354
809305
786087
238422
283643
992470
742123
384408
400140
143314
550322
620949
793396
307228
879159
563469
168434
891260
486570
929309
488512
571012
19683
310366
443144
500926
325091
63914
54215
143108
164482
614846
163965
661999
766587
447291
494030
98599
133648
568391
380409
398362
162971
438544
396530
82440
46579
439985
543517
216954
791159
940013
881321
777746
240058
288536
762183
706366
795403
945492
670278
72391
709791
629049
582349
608966
787165
440654
319156
604341
830854
665076
172543
105699
965824
103203
686967
706625
94653
542411
494823
835674
629068
518300
372464
397536
303676
772321
94281
236513
679337
941383
101847
809177
823844
430588
88037
948768
307011
351667
635840
838980
166146
90243
142770
414321
958804
561071
846041
937549
184010
288577
586403
486944
326623
166863
766760
522737
551325
679775
874275
33516
850352
921063
475086
45630
606086
616749
428186
534275
306719
79693
438984
51671
893174
229849
252071
846537
212940
97754
951786
875758
146957
40181
170725
831313
239009
730665
467300
825352
49682
323893
815784
46882
71125
267158
167871
513276
731767
896622
203775
433395
712165
723969
741982
133555
235416
125528
895473
53166
69147
848904
13247
480169
310330
127053
214914
150704
142665
836879
573497
687530
218126
631495
461484
213319
376844
286459
261182
26581
650797
451685
77224
555442
187403
850802
925784
330460
555930
596902
471397
969828
46838
645212
663405
607810
182213
587051
485261
368961
155017
359397
560316
382875
235077
153465
367044
675871
522888
277176
520030
274446
259738
679796
176490
501318
620162
754372
114888
557206
775666
607909
357462
567088
589713
122939
539974
959804
450019
774773
897242
134409
28438
395022
593727
24606
227307
673583
562436
49583
304126
314417
900469
101419
181236
300289
535576
830258
172609
838493
354819
186148
994707
488186
67288
518037
972319
168840
644959
551516
424198
489677
707454
157195
618723
133422
329239
80889
336884
576013
97854
410106
807778
528395
37077
856944
418478
940590
280583
1339
541050
606430
980061
953675
829362
914826
330112
427031
174613
81576
653708
56230
375076
267353
805644
739467
531557
755114
412056
75246
636500
360439
899720
263428
956135
362474
870996
365152
68029
920417
688650
182499
551970
353454
718058
210128
788673
429047
900449
492218
368231
583870
6496
705694
668143
477628
430425
429517
590672
354022
911254
952258
209855
981265
613174
722194
244482
611377
611268
93505
54867
681021
155957
446896
261357
754863
885566
483892
595702
484327
643408
794627
370760
198319
465969
678664
406941
553113
403320
901462
451287
757253
70053
46584
243946
687295
271002
826663
23591
537349
934842
196693
376741
379301
71325
156902
194126
320261
941
192702
482819
578493
513568
373877
162669
212318
620626
301031
292641
220822
851902
89705
420783
434859
310233
815382
286408
783589
79883
974151
526473
799177
519882
857504
338024
28863
886293
702727
86842
710613
357963
348976
268254
15388
293157
479508
437642
170160
108886
381120
540272
798806
418558
287306
620876
241406
199813
75934
416653
893799
967642
911350
505117
812001
686920
52008
743823
354990
254322
141273
966756
405186
597355
830607
151930
652394
92980
772453
764626
503305
18131
454679
11644
299644
409292
760765
291617
796575
609471
39381
196525
628329
117021
900537
644183
567155
602248
611695
698062
811030
915527
960671
472513
682225
141731
547679
161739
859274
227105
22251
554362
524300
324443
452464
404923
344238
591677
197895
240675
730292
897625
882367
952988
687567
423976
30419
937514
333728
876574
95482
329113
596123
970664
843166
641989
563974
660933
370852
802758
397471
333950
754410
448310
722397
89091
375631
628191
849743
769316
188459
212422
566881
186153
114783
323982
18110
909774
86408
456075
885583
824030
89485
86692
546912
998762
586392
490852
493668
564326
341218
905949
478031
805729
458918
799481
775649
793824
975479
713310
364291
972758
505197
304189
793865
697473
354619
718072
789592
992227
630940
562350
897505
181851
251244
933604
899787
629408
22995
992849
976879
745499
609116
130758
870781
562398
781604
92024
479164
203972
761133
528235
339374
655845
515730
236925
315089
214966
611477
69965
391810
292476
94164
450758
95741
777835
716315
690508
378047
827871
451474
752705
987532
33782
268887
798004
61325
133960
211239
583526
357137
50244
724149
447867
467252
828648
813085
222074
990365
637468
846386
764545
383264
719148
74675
781704
512261
371040
994589
759183
345824
732986
745242
342375
821919
865484
275415
664090
557410
923763
233139
755257
641988
656564
711187
725248
505081
679473
460754
682855
494032
558983
40278
667464
394583
153479
265086
961767
427997
891216
418295
417059
188818
175174
940206
617336
233739
661937
903775
221743
694050
943668
11212
17827
519035
1063
29962
533872
131361
231572
587189
571769
907214
975179
55108
677078
467017
895458
907767
615641
1578
269709
243245
137403
598265
198166
918802
114472
468085
427257
257973
811236
6256
246558
601911
708440
640151
559603
383135
63165
289104
939877
849547
575204
883708
47804
36354
284831
764060
227281
555300
736912
37967
250860
818114
833612
859705
842622
121610
789738
158208
987511
610203
807214
296752
150853
82167
958029
484734
615147
355606
834141
561322
806073
573911
332507
909309
28590
608146
402264
979762
639718
681224
448832
475313
213121
374268
678216
365110
933459
290011
994036
23121
547713
181654
197762
624134
391294
241937
719158
22356
29538
713395
519171
582291
982756
503134
607571
807734
142964
511672
967539
342193
790264
693608
927582
913588
585120
818205
427749
646164
30952
949000
886967
9739
373866
975850
526483
502358
381853
772487
663815
91900
735854
386746
530979
415727
895929
253858
991231
438091
149604
134330
949414
444411
156888
897031
615390
541307
206045
791722
191509
310776
450961
175765
703274
719507
727429
20826
488468
53380
986676
404831
340083
115099
823969
264814
664817
936034
758476
544681
425365
802463
441552
998491
65316
670582
711004
628457
850868
38634
248268
571175
287950
657348
514339
141126
777279
246860
473895
343724
176699
887476
919514
92956
165999
206421
895760
478356
379042
339984
700082
453622
486727
534359
790477
591966
929569
384196
31319
54098
469075
649638
149696
816215
61315
970269
734641
165664
67178
785819
427429
837858
47740
838602
520352
663555
35118
355724
817295
206576
710632
497950
771774
544845
747209
91606
599792
609032
432081
809547
822430
492999
753392
107027
42959
255743
171432
460455
300432
770726
822881
230179
885969
149632
635977
41898
389468
994198
537253
138087
485938
873862
829113
468270
599620
991987
573712
748352
735499
663964
481769
609901
841604
950667
775358
13460
292428
961700
974578
305350
528595
793181
884502
509129
935104
137804
889048
349880
718817
174363
78344
561800
830925
419737
741768
465637
298585
54379
422672
578939
62131
735264
562203
642576
812062
793890
315250
9934
913610
821703
344787
333983
63183
240327
993598
851057
844294
450697
186395
541721
480836
162198
615499
796371
828852
925999
55497
280039
617296
647993
25149
567912
909244
278614
70237
959767
646335
406672
425344
596964
649438
985071
520833
844180
12567
848810
800460
880894
264567
414138
142536
871215
929048
424137
971041
620461
883451
735306
471728
862297
859326
73058
779146
999341
275706
521475
564962
986277
786939
150874
188380
128379
994333
24030
426351
130250
446591
678025
400501
547540
649383
168164
511698
891487
407026
619322
532799
815226
540406
606830
821618
745693
969974
516265
254508
37678
382784
262891
668830
877600
275367
307971
118713
941558
260697
2906
113745
561062
282972
760361
984940
466584
280745
179851
295405
232845
854693
717804
696920
48669
762680
781601
768897
634201
530380
226002
519510
104271
161252
502098
526277
120299
905686
260111
242315
692986
109543
909669
517723
786826
402881
236877
118695
93102
583891
390450
664013
75614
819205
196260
115169
999738
861015
470437
700179
441263
720917
233249
194493
380018
956473
637755
816396
796394
171869
135939
852168
346602
770715
348291
914369
692508
835651
262393
616216
727993
210744
804062
335911
59764
65063
151141
233806
326263
50341
931455
119387
266244
322724
7131
712725
685438
69394
816108
290405
606401
267023
277474
328034
334763
531016
626170
271607
930878
139957
650737
979123
903454
150315
226964
934189
856820
590686
940275
153298
225461
275831
904755
778701
50365
688526
525315
759249
421461
260805
947879
510342
7316
425408
688112
795150
404705
10052
749516
43570
973270
272363
485625
948142
151040
222337
834005
284629
309379
473151
356370
648802
198042
468642
22213
411741
588541
202534
279069
498727
953051
960676
423152
498082
141958
734597
138161
298239
604911
220322
101246
248805
67014
201402
791830
165883
599811
663247
16488
560338
618435
923165
779910
158642
561482
136696
803385
105151
638951
258689
242222
981256
439093
826308
913229
69229
366909
806769
898666
134570
473337
349621
608596
632644
579764
525365
851851
470286
858957
546343
540752
563928
131034
200908
249492
384501
363112
515982
913938
723368
552033
629874
709368
820843
301319
169081
321408
659099
604508
534617
132766
480323
365540
393107
142290
276931
86978
286577
1117
233500
992127
745246
341072
241883
724778
872929
191423
826912
460633
958776
624661
102603
866381
551693
679745
84546
877876
762711
435215
768160
293447
575568
849937
77885
468308
442254
372731
842966
140630
854785
970575
749657
481920
796936
401261
820112
210905
766384
1356
997863
2432
751561
500294
265307
456785
451943
528589
356161
461216
356594
309307
448625
614370
920618
1416
52941
502252
921596
374101
581937
68499
941625
387685
446073
482290
759033
976235
204393
334217
297035
187069
986941
140738
333399
288936
789390
649168
525459
805918
559646
389808
119710
539147
377792
797713
289596
236614
505063
560848
900591
554658
174793
520092
749614
243043
365359
963001
483013
65805
2012
406048
109064
10456
286359
111875
558453
73985
394135
920365
85477
708346
55179
491464
404079
10626
488899
870073
512922
768015
646334
605734
771516
47527
274193
75863
186803
449997
52720
723770
430719
712089
906396
919616
506875
141601
904105
516646
31926
528531
968299
532110
433330
809125
364157
776715
857016
89507
156013
770236
321558
249895
229831
229263
231415
362279
261436
21287
732317
468008
361327
751384
390461
81
474013
798415
616951
713946
768678
418767
170032
530403
945724
749846
766286
944865
232231
705822
754831
508851
969138
485503
90758
510803
493430
909809
15604
300775
836288
249648
949311
535351
433954
832056
121937
496314
395091
757808
21584
71433
938307
839651
496885
945077
639488
61161
571019
680628
255870
902052
881542
474230
579718
655782
926590
685398
393470
181488
320774
428140
854481
362389
1645
802047
668090
801086
998865
678103
803762
103430
442779
236849
36340
875013
338394
507596
858153
782827
440767
160609
461430
889538
498227
401519
587294
34453
320721
585588
870100
198511
626819
644472
867297
316412
465148
268354
20846
753421
162191
546158
271343
806327
545195
202967
72876
822298
400244
650350
964205
478143
992574
955436
316930
793755
857384
676260
45612
31473
82579
634545
467884
213971
626494
795343
941541
719880
495423
525382
617456
538697
540192
547905
100668
949478
691156
428541
459872
831814
873685
815389
312703
984907
659163
229658
827159
484820
906042
823575
944486
596892
807065
40018
889977
35007
200970
964791
763346
903901
421067
784911
732277
217175
346456
749589
689103
902007
331051
26281
379780
634092
261906
647198
1300
351794
580906
3950
447016
781520
403069
85197
925567
88507
201398
367002
391216
359704
307005
258034
473307
930143
209779
776735
138800
185691
124619
868142
159899
28302
960259
835550
347659
340017
734206
833524
131294
483480
888768
639404
110891
65460
356037
276234
326699
127091
914814
545934
719236
959554
459049
815749
236404
374322
163660
869820
734038
911672
623821
486416
193044
895886
515249
88929
741290
702712
782511
630437
314642
981601
21936
547352
178386
923236
225126
827025
41950
886694
743750
182128
861803
456224
253795
219956
641361
725498
618217
610025
146395
304467
188210
546430
477295
181725
401608
447157
393940
1254
823928
231667
142949
956081
83599
506807
816209
264130
93748
326759
742924
758073
725409
235334
694998
362134
842496
196867
253030
365019
517726
448938
3443
629327
173390
771261
943454
77278
641117
242398
122431
451550
720109
142307
522
770668
551536
723788
427230
367733
540803
932048
850346
610705
737636
131347
150204
100873
511122
744053
477863
259385
732672
405636
314001
26001
713397
168721
102487
777525
938179
926368
514077
108228
660897
43961
290357
438710
674023
563675
32042
21535
897894
211856
448683
362512
536226
694684
700175
454941
142894
5519
262281
781816
802594
435898
862953
733500
514618
398270
230284
83206
832590
824896
485410
875454
932074
115192
520538
404084
187849
410985
83244
6692
920755
308331
754818
115484
102320
546020
749444
927925
435815
571093
326143
84220
617240
218000
818481
305013
32947
514056
10099
21621
33299
613697
132483
106862
112794
228966
770861
939656
41769
849337
781270
222826
583996
246564
824101
115351
558049
673519
23695
17653
871763
556427
425341
245034
875959
580555
352027
12639
259634
276850
54335
96998
60517
67879
352948
569144
124422
317957
52579
963607
252764
387087
921053
95570
486295
716865
65159
858919
908617
599745
830755
854722
924229
74612
182199
902052
903635
477741
372572
307679
275916
972929
596580
559421
748696
983606
276073
641921
774466
936986
499310
473285
604213
954095
109429
204930
378902
783940
606557
861934
770877
787871
124340
431872
664784
455702
650657
210191
892030
508477
953511
921688
416342
801849
317719
401439
476097
987955
980885
463020
504738
91432
32836
396918
895113
9566
29713
163678
75662
970481
955865
221778
477392
512652
184696
551570
411978
439603
390767
251535
981326
15676
161265
55791
331682
738462
858634
627950
222516
422817
989549
179230
830842
746421
827352
481103
645674
453727
142438
683849
264339
784014
477873
840694
716055
454348
69281
815389
942469
149584
434582
704905
668951
729456
740014
694408
13381
512883
146867
966351
771
633348
81572
142459
338718
569283
183198
792370
321263
601526
433255
893288
601337
134493
263319
763965
381669
371875
967780
978756
195543
359280
343112
582175
673068
23131
649105
7238
717587
966589
697285
366310
952837
912225
301487
276774
339810
352791
813514
58308
594473
443816
15241
454750
93268
548003
620545
374861
159310
917142
105140
798444
474450
671129
220091
707766
541601
98692
874831
326605
530591
657280
406580
710871
917835
684923
385474
390851
312217
704373
925905
171818
511086
421496
294720
287888
441784
16484
670242
671817
254247
110376
352710
147320
239243
504653
816802
683123
781323
883180
258396
892930
153983
741760
707316
127879
566571
579734
865104
595895
771545
448801
782437
116678
628754
199722
573248
610145
93496
29092
497711
336981
206467
825821
452814
269005
847382
447121
11953
627064
634365
436313
467435
430281
847558
140288
699449
251096
171449
477174
524622
185318
444085
682398
603708
990845
288488
242498
729468
744054
671402
141478
277402
854293
597047
552890
984128
267086
336775
930409
931677
466539
505612
840078
467377
137221
206407
462598
288568
179759
812103
640352
600752
718003
33216
155185
271369
934708
728068
936389
140905
498162
274912
824816
634840
33388
675606
618626
456847
603424
254706
721176
960920
454190
423051
795791
816225
475035
448600
280788
170787
485937
216428
792023
336042
981571
124623
206430
603648
189773
262843
63670
332794
26938
579632
434500
464478
99392
879604
685625
468783
929127
529195
835363
329560
170919
698062
605025
713905
887598
184203
582127
275312
724096
619065
658143
692975
577465
782838
675305
782165
29614
922912
275545
415908
649842
740332
778726
272351
992308
372838
260323
220182
22725
739077
684239
204367
918776
167722
374343
38547
867683
47733
568731
733522
635649
640836
654333
36083
516857
221194
201429
384444
435706
124999
12914
702363
116669
708137
421212
752655
428524
443071
894981
24054
897505
590038
193821
257587
402631
538930
702021
170043
209629
426410
251611
207613
790297
832801
293556
909420
954729
679453
500520
84074
965652
251653
714630
12306
479231
801851
616488
758306
73804
820756
465442
560772
565085
723952
606804
741367
965686
863611
425055
604318
968193
51839
679028
164005
504106
626787
932936
265676
836650
472963
775204
891154
948066
363245
218584
707646
311197
660790
783119
989068
543800
955000
560830
226291
33566
217833
290551
587855
564715
83032
397210
518384
374834
40326
737194
669823
63578
466910
725437
856071
167395
20562
290253
674855
935238
170132
835821
96531
17915
517166
903829
40962
966996
759679
596190
257336
831111
965139
227593
531504
168329
317661
490873
126117
460181
992851
389057
519677
291851
412966
812568
522835
806710
789277
730153
193567
417062
301133
552071
335940
461692
300919
201918
336759
826116
636926
938949
433863
411260
197635
544911
126220
640243
611679
851968
919408
248397
896508
420029
918229
2659
794001
238300
103394
337863
636024
270139
825389
825445
250413
516780
188678
840581
580453
391758
286942
74540
617928
176567
362259
534626
922317
143949
530009
882063
390321
58548
183686
559615
700052
399777
493050
632901
13616
169421
917032
914299
935286
815110
289862
669159
555271
175903
56461
784505
335820
172872
782701
687792
297458
594232
211921
434205
433477
369414
373770
944704
502696
114200
13274
416974
592814
438386
412320
893780
274649
386160
150683
244469
816365
501071
782620
639055
332207
12325
573069
57724
600511
716337
566551
300725
271247
113869
189173
87888
870655
425984
142867
948394
362967
567152
437602
94431
474080
93172
669307
567862
422879
333960
892589
522074
539439
364441
421413
811011
331322
577217
571705
740276
837588
107341
836881
181661
916148
24953
111730
241888
753615
702973
577448
69424
775122
176768
694416
736470
740284
815147
184255
291982
873623
739865
228626
978126
497553
372010
72339
721126
28859
710775
743237
433986
766173
2079
311885
677773
222195
791104
785917
443248
46857
781506
971069
655608
307054
738445
64792
553174
582808
931674
7649
486079
42900
626535
724864
927476
488231
906180
618268
571356
623623
857675
407014
783949
987695
953389
847552
644585
934755
321446
288201
503141
266560
62226
233351
924837
766463
743322
306095
267075
185350
37959
177363
300591
312426
407223
619945
437168
898438
741676
509363
921865
620593
604610
717840
188086
349918
336249
711263
314006
683157
161136
278412
805730
51658
944691
523896
537627
840535
876267
195785
422786
46363
55540
906123
226113
629998
443788
469121
391143
289984
26598
337549
833937
802061
476062
338359
854884
855998
7432
893085
597430
517536
532193
537400
145932
391801
496487
944582
458430
870156
865028
189529
79223
521195
797734
292028
172569
610996
522154
752829
791229
447337
140470
627676
630424
785968
821350
613006
885689
631459
565021
941870
860078
432149
646334
85441
347335
704995
1075
188644
756338
173426
487786
157461
880965
5642
5856
941146
243355
595406
536085
231249
905429
695063
654751
168981
590402
4461
378139
240074
385049
985249
727614
871750
614051
682442
64329
623196
409013
506714
733723
633670
374427
987356
95392
169326
414097
19084
892392
982361
946283
533010
924882
616241
685204
710365
72231
563245
679603
204249
188867
765471
915753
626828
542317
240602
198967
703058
811016
422589
79677
190323
132515
653025
609565
606046
259307
37659
973886
732805
383872
641454
615852
562452
803044
374800
964637
219726
766992
796887
313167
948935
415649
836224
629068
813816
418095
651740
930383
754178
373310
605656
731777
686402
877326
142247
175324
555277
868813
779022
682353
979656
674477
142027
305028
967527
941968
144227
961301
59840
637854
644231
572410
94091
671609
79458
190631
786488
216840
460290
621328
234221
617392
840608
342821
717019
651297
296589
524412
381820
968396
767868
501325
708907
995698
583910
339286
441823
378200
533533
624415
606277
446039
414833
101080
715258
734352
773817
832478
67426
653436
386431
120668
720872
39841
458570
162190
59730
424736
701640
623393
642687
880875
4696
497271
373376
213077
828274
856518
567057
390082
536564
670240
762675
964413
81033
710349
590439
645032
277176
815188
15304
590030
882375
806361
482246
872533
987529
34208
341115
454223
675083
503280
378283
234223
429655
34322
892573
704408
745763
558265
795984
617297
11225
13819
88732
229205
913092
343165
684583
451208
566932
336302
891008
319171
438926
481066
494363
201360
74259
439422
389097
640625
790730
458635
850900
692379
834093
349891
900948
515968
471341
832337
420081
32458
705027
437013
37781
603299
298324
296397
992333
40945
634688
594127
47068
577631
482248
738994
863356
160727
856153
643085
434930
831244
202745
277271
734412
106099
13773
444013
604858
767505
473092
184883
656263
506543
666852
620178
529394
458347
616879
638815
546285
300585
477169
36187
564017
261670
406441
349591
41404
919853
171986
110896
619240
800994
832013
700216
85673
367803
709356
351285
957347
884303
340317
76547
365542
324486
917617
312020
853575
701169
334216
403224
332572
880115
457883
959288
722643
676764
65510
432571
192687
97686
804336
384780
733281
694072
25656
977683
799807
621048
566526
210175
990691
561661
123947
904549
596387
294611
958109
59330
524456
918968
182931
105244
626669
602323
715954
679751
308694
37828
401138
296964
804010
904214
11880
454852
231535
340881
340336
589898
232737
370221
785270
263982
885006
7393
494369
519677
956241
644696
19358
878654
112745
721669
495876
552592
465461
708493
978409
153391
171726
602019
177025
38805
314625
939314
60653
976957
544935
192051
249640
96642
471139
166878
690697
757286
645560
47549
98741
438255
291397
224475
84773
135020
282397
899292
79568
170326
23175
68006
485045
583889
747215
888509
685511
221074
121543
521773
110580
339226
50973
389344
360788
602592
638810
908879
156523
953356
679669
895701
506779
941856
613266
331231
752937
297201
387802
260096
402409
9043
927351
838945
669577
964564
800108
694358
77112
926750
604048
192203
35569
901248
56997
519069
686248
900422
432217
167109
368335
374084
400536
301807
421445
388338
398412
939945
355804
834609
889650
603895
741445
72812
707610
59907
535130
739354
66235
615601
760456
312351
425584
327889
664279
820626
793235
142638
326552
197018
110709
608643
406826
579121
599863
364621
125288
90506
167688
72892
852147
186959
233211
539651
513111
264643
602691
78350
367772
684615
696911
331731
359724
50936
952956
415170
987164
84853
804539
369366
822488
582846
264961
349389
752560
971320
76324
756404
479097
726221
341017
410268
525473
646640
28935
921897
758739
847934
434887
655432
948163
688128
601403
460800
291542
791949
887496
368354
555249
777740
646193
591963
787677
502680
589137
599400
61652
403004
967413
643880
803371
316125
887636
269197
973531
961015
695467
582380
814061
878271
457209
194805
813826
487272
461780
112508
703164
92290
46247
538869
623181
354940
749513
617087
792282
2186
365882
106839
313931
161378
173628
407021
763058
347296
899148
627539
385941
814729
986747
164178
420889
700268
620782
164247
372365
951588
809134
142731
873489
200699
871469
352704
451298
801193
656918
703879
10755
426810
922319
927326
362824
754765
133198
635846
586050
882744
761813
130547
113410
450185
432459
832797
669964
349352
494841
837492
65306
259096
255838
426160
746441
797020
24751
990918
90340
280310
426798
834038
604364
543690
864293
475585
243265
208802
754559
375993
932111
849547
800708
175024
943319
364252
80815
507986
484089
665750
959790
450895
62747
649703
625654
928496
312729
362761
291200
280203
619529
52423
440547
406226
416809
501408
281615
386117
946727
967236
535843
299464
899341
829179
686636
812815
797704
914213
834555
70645
252563
182620
618274
876524
263365
654133
403402
411215
483699
277606
535540
208276
736451
14785
346698
260125
339214
114655
247905
819693
921585
433496
907534
346167
811889
379310
569634
346258
170312
647113
442115
475978
38608
726365
495656
644688
439691
154663
598832
92497
519245
481815
902880
936740
800326
928072
341816
994012
504560
732010
676976
735485
7889
149569
794836
584972
145197
86726
589689
775679
240780
989291
82011
390804
552547
921916
909460
482878
786850
183009
282875
849529
529562
544448
169495
85951
808840
331647
817407
677395
184194
781479
55567
1466
646524
968484
919561
865673
683447
86313
761221
873434
956808
626608
184150
737112
567169
246687
628219
236858
387646
451910
603519
598989
80013
781125
338286
582761
697531
595275
983860
373509
513783
801017
630739
208807
555494
445860
190912
174132
298178
82233
391387
109989
760751
408380
360714
308826
680604
603945
748337
726409
277330
558459
572175
317007
739037
163146
769784
133095
121811
176143
187435
24184
855941
924804
793743
389960
680578
290470
450255
974543
24514
194908
682830
722918
186102
647666
443145
745758
488682
346750
344008
597677
908371
535587
682497
302724
958075
341555
655945
806460
143302
979632
557111
693614
541344
76523
467607
989793
416901
968462
370184
58654
242220
564917
288499
703328
163793
239606
210472
966312
588445
468481
286103
979372
567733
977187
914151
336047
665628
462565
545846
761644
882438
507153
860846
560044
311930
749204
272960
191351
850146
784831
995008
898471
572594
331752
371037
761688
780147
496237
289147
251707
23851
80408
448559
782730
324971
93150
470934
955094
258741
614274
148754
51643
846471
42327
691683
880822
11784
41122
697566
527373
752334
798429
631756
604012
527370
434904
941281
825552
515729
348411
97046
527324
78983
153958
371174
158153
932842
272633
452899
784443
923064
515695
705458
667886
99838
75173
797865
705359
12799
147449
880579
264679
884669
50702
284478
351858
291687
240747
956050
614798
164766
329603
57101
328271
448038
33679
120591
726447
676966
93591
328224
146595
703195
353425
636969
49224
815583
960864
971734
12412
535186
657021
47685
721482
251170
242419
922731
836989
128253
959044
178692
3477
686416
828713
338740
92888
301882
665847
280639
901311
243410
389597
724642
756945
966993
475082
310540
346574
767262
38507
788284
497153
441141
886610
110008
710393
110323
658738
456871
875281
693568
401607
478796
139050
573081
641107
418015
42362
247736
244930
369801
921022
51683
697519
536957
54795
587470
485119
17646
185026
267310
729771
549680
560546
119580
954908
201327
979768
453857
509551
285894
767665
811812
694104
796541
348240
863149
821346
518370
388282
570965
346772
806274
134894
23885
311536
419524
781395
649479
393621
101987
730666
431428
450372
661190
686883
909435
312255
575294
846155
661795
714381
748315
76578
579037
2971
997163
636747
605377
350524
517264
191708
566212
643153
300157
351765
884675
652612
111181
579566
612334
200174
299456
189449
438484
566809
500498
572679
319686
173599
408250
694263
173675
808241
145596
484200
637600
509812
971819
720863
902281
556229
184383
419364
987129
70365
825934
959607
831994
826064
47019
905760
258873
850864
195416
996324
632785
133262
881960
807251
16882
276384
347574
700735
885102
455550
472380
128391
101024
786439
112209
940369
921529
928864
852993
814870
134504
128220
891274
270678
418469
945528
802609
898285
518683
179389
443007
214398
170928
222792
530588
624779
609394
639782
96454
523559
560479
666777
13614
602178
714513
319288
966191
285092
584452
527090
971948
901685
95685
469555
131396
925240
541945
128671
955893
656088
397896
901179
66058
428123
282084
456939
987458
240755
650106
518038
678783
117171
323891
975973
386855
234719
698599
728811
365275
400860
575391
943135
541778
670278
556997
267332
454481
553504
293866
873769
683401
859238
626548
395404
72077
813823
916258
195034
172014
776271
337726
551378
740469
62248
296990
321031
65916
715680
279382
778500
184041
963837
158973
791817
45896
625933
800154
872244
159812
692371
982188
395451
257794
381723
150867
56342
535387
384111
260702
921914
375795
381154
116402
914815
563578
472137
347731
532003
898751
902986
967314
275111
22380
295884
801875
792151
36962
422670
820730
666151
123314
698771
332274
537529
312436
762299
859482
14395
637512
246126
193356
262638
782247
748721
875850
729921
116900
963034
888007
358619
8581
72096
842704
274872
134136
184780
922645
823595
479988
726988
630616
271425
726893
81318
509489
95942
39987
504138
769019
910113
563240
99072
120799
195610
32412
960192
17083
88957
270279
168096
847534
654934
721954
185128
851394
148187
696802
494529
707639
25833
619794
896652
969960
407079
182220
312208
254364
137031
125331
494155
410924
554219
386640
712873
785932
925412
382120
655314
249463
145749
45366
347998
598523
717622
429098
248676
459998
884916
778557
562288
956908
69430
23440
242130
497438
100795
402080
992019
872169
340383
579816
22211
95904
928061
878164
227886
427462
470381
127069
565357
573492
433390
611909
512728
220131
617887
889457
175129
739543
323560
326238
672796
865385
822838
343233
103074
808239
129507
233471
11125
785993
206195
858886
567158
510411
946170
687238
370322
392770
746396
462800
921363
642085
765037
804105
639827
550170
719734
502218
601867
37601
137369
170776
515657
481185
608524
607547
605568
250509
783169
950845
645753
493299
967078
331969
568296
27233
813960
544061
972377
135284
176083
416341
93961
725822
394228
251669
952913
223763
773599
571083
959229
398961
195308
635327
203771
131913
568028
813968
136303
798446
726266
784045
585252
85977
168157
682924
29084
478934
49418
287818
924424
665231
499894
147328
722899
154803
13032
161790
714904
852099
712701
468615
685685
58425
196294
644520
627447
364565
485324
919446
13876
109381
378739
549795
795896
624816
566076
368413
171671
645407
943332
914115
431906
835848
210730
549733
561780
233657
304046
232151
695980
737182
344885
343889
953397
845679
194633
887334
49536
500600
653693
328991
458771
121158
263822
638004
93883
142891
245349
333862
727453
589807
389178
448828
286059
82963
255826
92247
263474
149506
781160
567668
509071
439255
394346
147966
959234
498757
398746
644622
938138
155559
946197
166912
146000
964325
424369
3507
227824
921599
890111
107484
23730
388473
700592
390215
824871
196260
813139
861164
364367
516612
987964
440874
234567
422371
471553
300771
79007
987697
279326
990387
523978
308438
668024
497549
605487
702038
806078
257908
383004
977376
887660
86484
477466
963955
896617
912059
907867
216878
302289
489079
340112
234098
632077
859788
428887
494133
262237
675794
881490
263142
630647
690409
177107
950072
710537
910298
270515
581006
192859
603340
678786
272001
587408
462944
48664
540945
941835
118697
195594
562917
19055
802443
762104
529408
658878
528495
775108
127363
226339
579040
260381
818905
745099
540037
893817
699522
552621
570491
726753
44736
625451
415375
407910
682648
391632
47573
551793
139909
421561
224615
344824
346687
971729
740477
460045
831202
130357
746022
215568
59583
32374
242017
491461
457468
155324
432026
250048
548520
916551
569156
740157
708767
855825
118799
595980
630102
387152
412999
377769
595524
655576
557001
443050
690926
373724
541986
399697
344333
428884
534405
857345
839837
469051
178153
440398
738629
489584
700029
366893
573918
467388
254985
936394
98209
317555
294306
459449
983090
5043
902217
139396
227267
795978
64610
136675
498406
338036
170828
599433
454259
658561
286817
581723
620626
543253
118667
212091
565670
312969
355649
244483
196439
36080
446941
291854
445369
33844
12636
380016
653470
57758
374833
178309
485749
814516
813126
671463
991581
613500
140112
598457
251786
946335
579469
106400
413522
604329
746461
368914
520085
114541
503035
402310
440135
787973
949206
694411
249692
721399
915984
744821
951182
386036
465618
60786
251214
23098
241546
241146
836421
235481
444226
61925
468997
136914
601694
784406
557201
269210
74866
623189
399237
927487
679741
626299
901667
176674
593926
864838
152508
152098
559570
303052
695480
850522
966399
353293
173186
516480
52225
928161
69010
54830
856886
35856
84568
518269
717095
692224
681858
144909
140765
713033
920810
866274
440542
55013
975007
163433
135363
413379
417487
292248
435063
871994
373326
416819
720270
968666
531461
50026
280191
658207
926458
730336
16896
593663
693111
581190
93820
618147
886042
482662
728116
72562
564793
878588
703983
19784
916783
738238
991967
642501
46023
732349
835922
526786
799364
716067
188177
177567
720011
806940
94233
943160
193134
599442
683699
877750
125654
169168
433202
209025
442572
211208
20297
234515
294820
28720
505414
511400
683398
739142
454319
33874
432922
796341
339192
205032
208592
437328
560542
837726
284937
796795
711842
88752
320421
947049
878757
885561
350506
466111
931037
148064
553357
672791
184753
158065
188129
283170
963703
145994
961625
424229
708295
30572
336891
39460
645564
795121
366948
973468
410439
706717
36274
496361
13231
608844
127185
865160
262121
683403
657957
439799
206415
392899
862225
418169
82688
609168
75682
89333
105365
77617
716252
505342
389499
405400
744159
392878
519538
90336
630964
251691
55329
907102
230202
638091
850963
784335
692007
216276
198610
430129
961853
90460
979550
477423
885836
737039
133066
113268
574557
711119
902388
377313
734978
672822
338463
538905
628664
631543
702319
677625
410870
333922
813184
638629
243349
724550
509603
814206
858843
900208
255413
730479
64869
671442
717150
841191
202609
567615
948835
346081
97797
423059
781929
71454
239424
745520
468871
152693
572667
586915
212230
404737
328028
201828
32568
428344
997367
723196
377330
13083
548896
159233
291175
830985
491601
231357
575842
771631
108788
272429
709215
580378
256527
657573
735239
933997
9738
893585
869255
17838
283933
682902
814092
520378
30554
278998
115228
78681
195732
36178
251220
797164
71467
637611
9210
210947
219957
579265
764094
406539
483467
793276
657042
832484
272237
716393
898467
36113
575315
224892
337842
733065
456977
85876
294356
588970
768677
333980
567362
800653
925281
101421
370846
651252
175599
610257
553155
434208
45766
185794
685831
218560
120744
90641
397584
188675
330389
82307
830799
82447
402768
673173
412510
732746
563595
341409
356146
947605
791793
826137
272317
12312
4560
170607
536483
753336
231522
285911
632150
363301
780278
311076
117008
174417
885312
27663
257004
543867
231609
327767
650018
406633
215412
733442
604957
560884
52863
494273
483579
486653
243634
763185
242912
158782
245975
365630
86455
809211
152886
442978
172103
281558
244411
748491
967661
827074
171654
571291
605820
552912
278543
42057
414446
753445
695540
302885
293509
858573
251489
309624
680706
554344
75355
132361
980737
393794
432041
944636
311919
348417
317983
74454
463785
795831
866952
246171
273139
631703
735727
856216
111186
863365
231370
969789
911367
400070
318212
114338
689320
453911
451622
912042
408668
21465
358625
647045
929522
217385
140026
617615
279839
295630
395282
783766
837010
98124
177617
478905
123638
129173
928367
49643
339715
658975
80735
4439
626433
351441
313112
628062
42971
845271
51840
460347
299356
633557
682039
99720
535496
426039
542334
267802
642457
101479
553475
836870
864341
975128
518538
763207
470088
869695
170361
242360
132516
451938
503808
942267
570481
456456
430883
65148
440818
787024
303845
887440
34582
843358
365779
161207
336407
568048
179178
689920
273203
468943
575846
965260
639941
438304
519784
355498
221184
236698
411010
944418
36423
120466
810722
738445
450859
663666
968346
899233
743617
621448
890312
94155
583519
159674
857703
655413
206580
744024
419568
217895
470849
220938
973614
629001
424440
291176
244253
878982
765807
10856
311998
672525
507457
874994
966586
425457
602049
1616
179952
424433
729372
811201
297757
724497
991178
780268
398631
345767
532528
814514
541766
402098
441046
861596
872783
645155
561152
415284
227423
882688
335659
801647
832992
272862
399398
789831
907643
370188
646346
443943
882714
879695
280343
734336
184088
845831
205036
257529
254600
131760
773538
50883
625951
896196
829766
664266
416319
439742
562098
156871
153761
176378
276935
670002
222429
623032
28361
747093
834905
971264
142743
917372
349260
649375
323333
614473
57518
759503
772824
160740
512638
789877
691165
644239
327983
138819
83174
871447
70640
436158
661602
170598
427991
519642
96792
782006
730153
167553
587904
691360
547208
80626
318718
63634
557881
405766
879548
295263
335697
749134
94818
444081
116476
771801
127221
624922
498090
212114
343049
683079
283927
583493
925220
527509
768565
283074
484273
639230
306999
897882
591070
67692
522812
218182
855635
209710
214359
393256
220558
568264
879735
377577
743519
589220
211064
736321
385277
189095
773
298901
652292
127839
114151
184826
277196
247320
343151
430935
589671
241998
58940
67881
277430
537660
236650
772321
626216
804563
934551
752552
199249
861446
228563
303298
592547
290114
530787
367440
160651
17659
994098
447535
695978
271842
274325
734591
730414
127667
926329
475902
278349
541866
73708
870162
916254
107669
546244
379045
681876
253509
944048
790314
752279
62878
406297
30975
143744
494158
260020
475243
139313
322394
377511
549830
368847
859412
500309
55928
436766
415913
468488
206233
126647
761622
132794
945976
591016
339067
378688
672504
126696
833544
324116
968724
544821
639636
495357
828674
630796
469196
388317
121333
14469
433480
731735
397757
394696
840313
983002
479818
489071
745215
785039
901390
424954
873687
214171
143424
76265
519602
133457
861308
561402
71712
225655
709639
172351
793771
102707
30193
870107
645121
923475
739603
851929
277769
878134
600376
223144
132822
508633
389592
379895
691129
173186
901824
922857
527792
913091
338125
901493
47485
124651
159894
675614
171730
243919
500458
184585
626088
239024
824110
757376
161199
311817
830633
225986
685856
995576
63195
461956
953134
794246
160071
506249
232731
83605
536402
483353
784230
620901
436804
638177
998817
902594
12971
311974
903649
244878
298206
568359
173456
607335
755039
674959
475420
3764
389786
736788
720722
258641
229642
266607
864261
367764
76539
651320
481448
203324
985770
126301
551100
687350
312520
988286
136546
647563
142301
613161
443666
221545
718986
470893
35684
624715
999015
446813
326732
906504
621515
298211
253411
131446
597545
3774
776800
257720
131991
930329
961573
240683
19690
399177
441590
759145
53630
899747
586436
312056
419282
157112
291432
216403
525648
610927
843243
49682
802025
720573
759297
367480
420063
421699
625687
633753
252444
453827
316354
743910
222464
393280
896854
990679
121272
686130
884312
167411
660745
614179
372811
351551
625261
822313
653862
822849
351764
734016
249127
277231
888907
413571
885185
495929
940154
74375
559729
746352
290375
548885
528367
270545
384153
477377
695935
520626
968823
229867
588262
425992
508366
708882
588602
400019
939537
928720
841043
105575
920059
788406
408734
141463
871856
36932
807184
244159
64897
147589
89398
886830
806543
192005
465963
649262
232390
730800
992932
897842
369995
222665
228133
876764
672753
489347
588694
305000
347812
206848
579568
198072
235496
210467
402130
98428
694716
698068
763696
565245
930968
499728
738538
361095
224406
455337
180603
679345
573229
706273
239688
841418
520855
544799
66008
380386
704341
55884
203107
140146
261961
173325
501507
319081
887296
381661
627975
687636
109586
334085
884711
977640
932770
93115
884369
16111
608897
310357
112098
704973
700527
256808
467632
850606
200897
88450
309764
539599
135582
524543
875365
191781
609315
40268
387279
400749
456423
227766
623491
504593
91096
205358
751608
689844
169412
254235
171695
352027
450868
57180
685220
655095
832947
33945
52256
67987
842028
245380
211627
262294
949681
52978
82335
373878
649624
260048
682265
233850
286720
440579
954184
452009
864753
136352
502631
582932
887009
864517
628551
286461
919315
965842
50949
275043
269146
708295
130844
259499
984444
463740
714131
144556
784754
20599
450327
551639
614347
603885
218275
642946
459631
841880
947867
952975
872961
500273
807609
818557
396510
354315
479838
861835
486723
616652
419850
102404
584779
170568
637287
725484
57429
386875
574592
95365
196996
366499
767119
875262
269856
228664
725107
662265
812441
984329
982080
959160
773356
918261
773873
239395
986847
594754
47928
735672
120294
354397
507382
471119
260264
676910
310279
361289
226907
224791
618740
108309
528459
245194
657548
473246
139450
342980
96012
872340
865762
763818
197563
920982
956566
702398
786835
944121
895366
978302
351257
999480
231841
408921
636750
325240
637781
40143
449406
1718
404402
642212
570997
947919
382892
356480
56913
639531
747391
508582
312435
90183
958061
785103
183375
585502
645347
529635
379875
105780
561018
560723
338949
231551
906137
809429
437332
60914
825399
510589
95568
13159
806398
781173
334022
662888
706187
396889
93220
543705
521746
279409
253483
801990
289439
287948
153474
174533
800567
441269
359014
95496
549277
777301
307071
9153
691696
350693
684302
596274
159345
859405
508355
653200
387683
898334
975723
530259
507595
799721
54663
624349
621143
639546
615608
883972
656091
826548
94934
553982
870198
975242
604063
587944
406995
187735
336460
138291
604620
803931
250175
182123
319080
831379
485977
226981
530757
169524
681897
179333
603793
792899
315007
799785
100210
327828
749726
680182
28614
960413
276815
521789
665284
525878
510098
782857
960065
991535
690160
212039
570959
310413
681196
146195
614976
283875
47576
847515
289096
10890
801859
793714
585472
836605
860560
780211
253639
248787
510434
786704
886403
731225
894195
348726
111621
614411
687172
379358
606411
343151
454447
49971
140639
856207
402008
58075
575964
695249
925378
672613
468240
116340
441469
878605
839485
189417
807741
517358
527866
31884
604423
643781
494007
667517
40132
823325
742877
190752
300344
731741
149908
19373
721228
368042
868830
93172
545159
893114
480864
326705
902875
713079
515457
560647
83740
204363
80939
305181
456843
533518
996911
448146
983697
932426
671941
542622
263751
484263
389553
780614
53490
405240
531520
533627
628492
845920
517938
175696
859837
937122
222386
753623
610025
503045
410752
971671
404003
315296
202479
743915
369087
773639
889482
138618
639876
229906
738386
176782
939904
971334
223843
892819
976950
586211
101365
308206
294963
457482
214461
361912
343551
271816
827379
664790
386478
472387
333743
931766
949142
567551
535405
44264
496218
173262
811055
618454
25061
535122
396289
959842
741299
563888
516696
108443
826249
735699
337044
555035
161861
616986
655397
310527
887632
33759
80841
318532
830767
632229
397299
415611
44089
379421
329864
11880
300707
527509
304642
560125
324727
405694
176887
967150
569379
707032
685364
462833
604782
901180
102915
599892
228869
751942
622349
462266
129332
221341
387928
397555
417520
864416
993520
842743
660497
559790
777700
2047
477532
461458
786408
999425
389886
612105
508504
796038
842390
339762
504092
476777
410153
788050
257510
882478
246265
979072
94232
182332
317743
275251
256067
102456
604405
752998
369995
231936
898208
103717
705318
167297
84811
54392
270915
657078
972223
370857
727303
930109
373006
759922
801522
578647
371775
71048
998112
79804
768547
337790
634988
569241
774
174296
433327
29480
686977
339821
236646
584745
494317
327799
841906
182914
857778
794363
922168
764912
167549
29263
164264
405865
119504
611213
157723
593936
781299
850963
840918
94740
615176
192179
477996
377510
562428
402814
830399
672469
626905
389416
570150
207367
912313
825496
143211
290262
382549
88527
976043
491268
227644
361970
853984
974429
493791
21493
87932
658472
961481
547494
920107
462217
676459
477907
303739
737526
679253
851674
451672
3412
529985
290571
612464
327085
491530
794939
337845
563280
453242
620136
390401
387334
835136
900868
639827
532908
59328
412192
291319
133618
229765
643062
504260
489775
322770
797523
132415
923870
627094
558175
626270
931897
711997
205578
354342
163376
111267
735765
12789
845638
870627
130490
964700
400009
41102
229562
999012
567212
720504
877249
870130
559618
149356
91703
700869
815769
962687
811621
106011
371761
925250
993986
829939
457624
283537
52378
311086
711843
46024
936666
241551
845642
260629
276474
638241
422049
18537
409351
715000
413551
916361
716812
97487
94573
907713
62556
992657
734620
171767
962047
287219
389123
929053
93879
225150
185476
2560
218029
332330
629978
171902
364669
980454
130738
981524
331291
225205
441442
445845
886112
818866
498698
207671
89525
671924
311686
368072
217627
831180
874317
650110
523668
217003
953257
210795
414257
824737
951891
482383
392505
671360
737642
978568
377843
909471
18128
567332
764561
877370
129953
320663
430585
377975
849873
868360
368624
4227
711073
862853
487653
193051
804478
201495
373720
266983
850294
438129
418021
406464
10007
700098
428145
474002
586662
383338
323376
524829
77561
580041
959952
16342
194418
272882
206725
422826
648792
1086
2162
507362
491731
627389
669681
160737
218692
377800
285951
70603
768447
459058
470983
469376
548134
442205
672265
239622
710563
350824
926375
643461
399425
645190
197708
895339
3688
406122
160889
401072
604403
10014
560685
402356
554416
877427
300721
367876
825395
341203
327869
167355
799447
400754
30026
522821
544978
952547
776373
21823
459764
412807
564045
322746
475004
412640
676601
695903
11031
122051
768009
253356
657206
114092
517975
527260
215626
239532
640537
599973
714911
326269
168327
438363
410130
40374
379299
319154
245617
648281
109354
150304
418797
797450
912341
995873
489214
569883
382540
803220
132052
956802
935080
852803
214837
831980
957603
727488
185207
145386
414175
710570
304220
738058
298895
656911
822213
156993
656262
582635
105045
841923
90
274191
23459
73205
379893
604253
996571
460410
611064
936496
107378
367530
876107
164440
751939
860321
143365
569347
804107
95347
925237
143735
503166
46333
354891
281275
764099
122839
909414
518486
287059
178597
263931
795695
210921
532877
947102
43667
205863
74755
623921
137813
533445
596479
595302
382736
163318
505424
466482
380232
996697
434954
569168
321071
196760
86875
931950
395203
761697
24700
511288
883540
663423
79363
362368
272420
720724
314389
341575
829479
582645
228344
508587
132393
943458
936134
178220
592847
226656
24637
773020
997557
966901
549748
495267
667767
694208
257000
214828
988811
735858
991925
472304
386123
884717
834336
977373
530129
494135
974289
553314
435324
27739
210142
884442
351119
745756
588226
599954
508088
851223
488428
133497
164461
92532
474932
54243
470450
363208
732648
774713
707256
655179
538245
175297
967647
304305
701889
218950
391324
240743
216197
169892
654646
857195
389176
1202
971626
88456
440183
399756
247471
658157
35809
861883
994004
726953
439694
361796
308677
616518
350751
891338
554284
495423
659248
559968
191411
751966
723050
149231
81576
554358
555638
149504
988538
456378
455372
396583
621664
352569
919081
134349
124057
608375
650463
591256
851214
970025
891782
811257
899987
410828
709392
494545
96268
156194
460026
146241
833260
899018
25631
37901
218969
163451
754279
864940
932524
670109
167324
913518
101012
505988
763037
632266
604186
929353
911979
17091
754559
928135
358625
407927
518593
254511
867840
597956
555708
945865
924008
572951
30382
603911
229091
385106
481299
312647
510684
454617
929903
899622
87213
662138
634858
863931
870102
994167
564949
926007
653321
762608
391498
41623
886817
895857
794930
407555
198963
384790
823457
213063
826429
910039
762779
300267
51708
224756
372730
762416
51289
738878
452967
321130
339011
472127
341958
997685
515544
943239
886062
286677
142460
911764
973589
319534
252749
477405
121547
655772
906925
334843
523933
709936
723582
35125
827482
430792
305900
64486
249970
887114
461539
181709
685369
425661
517346
224433
136139
17091
293799
372527
856330
142391
235658
49825
803779
125407
816998
325229
858095
15566
213618
356455
31765
683737
668461
783588
727181
341875
743032
818588
218975
874856
884541
966779
201545
294963
907085
738756
260831
713916
265288
824098
783693
170289
891381
135117
199608
354047
535410
915989
208067
274605
210373
90447
763438
438549
420432
646681
404440
740417
704611
697738
69157
574814
976236
700667
992570
387999
984393
409581
936805
399089
409662
550677
517978
966678
368450
780235
546841
257441
712052
313099
992747
848589
313003
702693
165642
370617
832234
726791
472096
193092
139315
157093
881896
962689
679026
746754
292849
776087
712154
561502
995777
568120
283918
607228
144534
431548
104949
880783
709000
563545
425200
16448
384330
22977
898472
750559
913231
408408
443584
757091
838281
573393
524522
284831
225612
188196
382741
539140
851345
372270
84164
905933
725335
940260
405178
426891
590564
906357
346769
137229
698154
309628
597099
277547
634372
929055
610303
734191
320223
828167
990485
411041
213174
649212
924749
798126
155957
240731
789593
592628
454591
125687
496394
815213
117963
260426
518216
106741
951401
905046
5980
473337
570787
968477
285799
269054
892222
421305
329270
9099
444064
637721
801005
159925
690251
3736
183519
930501
540935
295163
617408
688967
926942
112071
752562
214450
364097
376765
391419
465327
147721
49268
687064
864072
584919
158353
686187
399598
757148
819940
714703
448999
853876
139554
590412
354834
431277
744059
186726
410264
387367
544984
203088
399409
833555
105587
674750
94544
781981
564626
595608
842732
302694
498721
942986
412908
196778
358379
254968
999343
665729
358517
992847
568053
641025
774711
11959
373037
171072
444984
710372
879387
8631
813700
748108
979749
758722
210317
21299
969979
926147
904156
811297
417698
580903
749234
346294
969435
187905
44159
544852
470964
849426
692926
897594
327978
126378
498795
254193
635961
309671
298786
823454
919811
579292
104534
78712
248856
639758
227818
173268
179816
230808
609967
86109
423874
616366
409595
110175
29064
729918
377890
293506
942194
709170
468308
694739
822779
777170
922451
328510
560747
628039
278158
489688
454786
531002
444703
15449
578046
839771
764190
193575
715210
701054
447136
653325
563011
918687
666256
40906
623975
30662
900455
25478
998236
243782
914635
874976
230107
722463
180162
403234
318007
787395
243473
593558
724942
982454
700725
741042
413002
694222
40509
491182
955540
237082
295490
667894
415383
868319
923012
171067
365356
852605
581795
72420
621415
830001
729143
642979
738365
223476
818252
376994
653969
870336
579581
779675
802906
330738
73835
777607
553713
698251
861019
988782
865660
522576
87658
536285
269171
304402
128557
626038
156748
325192
585833
73569
406919
768920
242155
780897
27864
997236
476614
916865
2476
287329
940455
651052
551833
7571
213590
962204
352487
364021
382795
248363
167157
898949
993515
680133
143306
54555
533726
720319
575033
400521
262861
796416
567536
856990
573
955101
858525
76869
302211
735811
595964
12427
392547
231629
122498
331518
429833
129846
702687
620720
461411
845544
323572
516315
494745
279283
811025
573598
980010
156313
726313
152038
405540
535750
985557
436008
118400
11805
178945
557898
345624
498413
866295
445985
247749
918530
894278
41429
522841
147672
912846
851873
379830
989227
114091
790455
124041
63082
755260
622336
388839
132809
965647
363713
699650
832885
119083
533081
463175
454307
891065
881191
852888
769666
491727
992136
680609
633167
601882
925886
228185
172934
371496
508012
87895
873654
635664
718270
676174
662830
771902
473509
265767
39571
509919
315072
536569
707859
668069
799702
740264
105332
103479
1920
573079
624774
537529
681508
133259
880311
193395
617499
796125
909317
679136
873012
890459
472014
631958
15570
567357
201795
635724
739568
118015
865403
332813
856709
340639
760868
800440
540803
314933
401940
458609
29753
314026
916477
308136
155864
955542
653183
455812
64978
636666
923544
989163
889438
515287
415286
865200
15256
117417
740717
152538
531398
174339
839492
632781
263414
389064
786666
301464
288195
997699
842822
79322
755062
226340
621612
874705
599880
414616
181099
953665
490181
648195
25731
848637
170253
825821
796276
945685
551349
529318
960881
404828
467786
116359
917044
34068
828725
728455
258219
799544
169658
502054
584528
7654
809883
106650
845206
699752
100249
357987
941375
604318
251866
95437
226378
666249
487782
233858
157002
556982
472587
824201
957394
932677
499489
563167
720205
164500
237096
289584
774250
268109
953229
865458
739124
328394
518668
76319
871103
68000
337455
180621
160958
180815
547252
654635
724402
327300
514444
306138
368573
73416
658240
793893
917205
526409
322414
632799
970452
678915
226546
425816
925099
251083
468896
157179
271735
203000
932845
730311
968236
450798
901101
125352
516910
869640
954870
557105
504510
919521
40740
267065
596305
253120
663478
686927
38141
503582
932438
191579
408972
724756
930806
486226
638835
848101
25622
534933
534108
621094
718690
726951
661664
742150
225335
272905
744849
272382
76870
285556
416562
409686
412305
786546
288138
806992
448723
715802
136461
499574
89469
213030
626747
42619
61018
779699
396613
357904
336595
588372
45225
644038
934671
233362
791967
42779
762290
897924
93419
527715
760967
48647
896979
110932
476920
23707
731947
330670
156794
265050
495436
906053
472197
373718
964387
770605
832321
155469
960997
165120
374397
96779
358880
202574
407384
844509
72109
701346
841026
932845
654018
262829
519965
161151
204836
100882
783293
857607
87097
374029
457678
182180
565947
757633
193045
111485
223561
334556
697295
490999
940824
932393
316149
8208
80198
1009
898849
972379
301839
870991
535562
412248
856664
246927
79979
718703
718249
881410
158979
308425
919480
193825
39221
926028
744608
102875
69199
51441
480881
976702
693479
698179
385376
356030
804129
414581
518175
524516
388750
61600
210376
872085
480047
57753
619122
357821
995415
727212
843558
989209
121838
178359
374316
741983
50962
26916
134718
85130
802903
927044
844190
435589
761263
185925
280515
841459
394469
682832
617967
505817
631683
340609
956636
103017
45844
614468
465940
766956
72516
75912
919392
298955
736035
399331
787032
820665
275656
855170
770266
409600
139858
221771
598741
199015
159498
906513
459653
676797
288612
549299
882041
44038
829349
366546
192335
240831
949406
556908
849794
921166
696150
801562
635418
924427
752518
600418
801090
923941
737597
668730
888182
873074
362020
854938
877531
457303
204316
727484
965736
191632
703811
951923
54722
797405
126806
236517
815334
989898
869232
513767
24512
193817
63281
810739
740312
648717
579578
349384
701868
795286
456852
452767
630936
508820
431472
169861
401393
662281
850953
34458
377138
897568
559078
858404
893710
180948
158267
847312
736804
55039
781039
931335
924177
398080
254265
442345
486431
50503
734115
712041
446810
638976
771121
652869
830083
146969
50459
482528
867166
172146
337141
12349
486438
581280
414640
152282
672289
703454
966009
50407
404046
695377
465535
102946
855546
936887
243538
841040
429106
675755
992167
289497
624210
80023
803512
602113
769212
655478
954248
703679
765349
632836
865732
255612
557577
313925
14277
194857
768510
793071
936114
790013
853478
84406
218051
338954
33023
913138
846240
268987
60757
774702
20135
285804
559190
294351
785357
227238
315270
596575
505691
783029
198665
379893
250778
56872
321438
60227
728330
379621
436011
278524
107339
972902
937522
185376
149023
19092
345187
680357
342599
744894
185164
764099
319753
988086
250220
789404
270227
292104
290917
949319
137082
128792
515663
962360
86491
959191
615209
236621
83234
329826
210858
424375
13161
648311
147061
916547
235384
883476
160108
484420
299883
588654
708316
574879
973873
146251
649046
420403
104880
560508
117149
443875
479238
300283
206843
497857
43179
52125
309230
91096
93618
153971
532736
392982
929646
108931
575092
348116
995505
591518
813148
127492
39408
711518
587656
372278
418562
412350
91288
671495
291399
176150
598835
282022
952358
224881
419600
855364
424430
465996
746801
293720
393502
762670
420400
554828
107456
949151
410546
639943
333296
3142
35448
461400
555834
459042
263316
644987
819809
712229
586808
427276
606268
478312
78634
632901
429628
720783
219347
734581
47496
191739
20535
283456
908425
374245
877824
512973
860609
560734
285875
690832
587606
826016
130308
681203
375853
650511
764100
986915
58290
29650
875192
689078
77939
420233
282886
318772
911660
995050
632969
220169
352222
33531
376131
760261
424792
950894
936370
73997
770199
487636
958587
816034
685385
952383
573891
833739
836462
73017
746397
993250
384151
671770
308317
232569
835793
70346
954123
472231
339099
898388
823988
3634
284114
436066
805530
547930
896366
339931
878603
965760
646757
832726
879247
652658
81901
678265
945594
28244
557343
335538
142434
267372
98103
77906
883563
242825
686776
520001
110142
768977
834284
318754
533720
276326
889609
379204
316542
955060
353647
927361
15
821786
672974
941879
126130
838579
739301
481440
635565
509120
12709
46865
421335
894900
353460
397068
718566
308955
96141
102977
253218
599335
81092
168168
686843
708312
848999
179956
940917
637575
164865
931124
232257
592336
690616
172683
709992
592218
310486
812618
463648
430789
428068
902567
845057
741166
148018
223261
643921
945249
477620
890655
656827
527900
133831
57402
811999
549308
976273
910918
771715
443015
965253
206664
689830
738453
314950
907815
310901
745691
106595
543497
108183
880213
514817
95818
271715
117712
273366
164953
237425
53649
305937
917230
955342
881253
978776
596587
77769
946310
271081
660623
935338
592871
356193
273937
12867
689181
644315
202079
319774
260585
557233
650034
413525
150566
595166
637261
117313
755852
519428
474195
943562
716510
538760
393155
491102
820022
877595
900049
78269
252459
101140
959394
43824
108316
338041
693219
862297
663516
150045
674118
213862
386426
454307
716122
958368
811627
277472
31429
250400
698326
418207
960865
248992
610556
344638
517809
448111
55362
979765
618943
397630
101661
93367
465363
418264
443161
349297
793169
47599
369990
906799
482736
465873
145151
368478
770579
84538
998616
227564
247749
561474
432611
595595
613718
812471
685727
787541
764044
128645
468031
782282
727176
244242
539858
449780
365047
439655
196691
850155
296753
192456
358415
905141
547889
172580
843823
136645
231985
121191
981409
621284
695266
14381
491367
211437
441157
618066
948860
170226
794665
565541
920926
374717
416897
511035
791229
390385
132193
187231
393470
218062
619541
327335
380076
57363
921694
53538
200764
652861
801290
618541
952187
307502
910191
307045
810902
73065
437060
279030
28614
236090
367131
891858
843414
982514
165503
323774
146450
373648
354022
687878
548686
769404
647635
823761
400080
514476
887755
529039
376027
246633
494961
260622
126168
390700
763520
14188
524067
288034
413477
750503
910640
840527
353847
850000
270745
746575
363156
15391
100357
189239
432089
838559
882230
191321
286077
739146
101806
61990
628747
324783
837311
717486
76858
722191
511726
752964
799722
953864
511171
41277
343933
611113
257776
284567
267024
156324
426331
382837
242645
621025
899082
181192
415950
70639
900074
452490
905128
117781
494460
277796
655026
352007
195613
87728
48888
368180
91696
446488
324416
388796
901674
558621
122656
367871
129401
19892
415482
652369
791826
45451
238934
282761
918358
277929
711450
138169
960864
320243
975272
604280
110829
899658
965012
81626
941737
44178
203905
217409
543250
927374
877847
589
784843
514855
350755
329967
704063
728716
886154
500891
883568
618994
232811
207771
65755
348924
921809
164417
406026
127735
247249
594933
210038
889404
737670
546668
570774
967288
188327
330617
885320
709001
6402
280509
452955
209918
440215
440443
786807
193281
484564
848390
255210
116177
773288
987099
883279
270119
432517
296011
544285
245562
506359
636113
570505
157662
756764
133058
672857
681928
45247
495458
860807
954796
616149
562322
304398
255047
424723
676775
32339
925753
271082
114199
984691
86346
504225
951501
157541
668813
776205
98972
199692
417889
969902
909647
935068
985300
661545
737055
346470
377315
767262
786750
952001
392477
330085
569808
762967
896229
408426
23801
756681
300310
990754
582545
158464
613121
216873
953332
361105
187985
774010
627767
630412
606800
226186
867125
882786
268930
85825
260103
159792
732271
993302
874641
327020
553215
656325
24569
438827
978429
786928
368371
79116
831166
393232
202936
938181
290139
622998
185494
503304
135769
777058
654496
625489
831978
169503
81989
385615
815949
270649
633854
369196
595152
68028
371553
419451
659317
512842
382995
174845
481715
687992
64474
619920
371027
151943
693521
173685
302267
623098
877364
295868
334216
847960
120155
259790
485908
254656
734212
857175
430935
147108
437321
136718
450857
728868
247152
759138
26149
693959
535393
916354
567338
504600
871026
12041
586299
836891
271007
984005
550342
909675
995093
309795
320514
977009
229677
506808
95345
67587
665590
853678
600645
180182
756779
684553
56991
770081
380228
697813
243378
595281
601576
531694
522758
843938
11071
33963
352729
388577
330726
15464
717856
65595
916988
381615
616683
205696
801753
960579
140070
215546
263839
717896
584827
395300
506984
801362
89109
720009
694942
189640
870464
880379
368490
776309
438636
470636
316229
974763
813329
743660
655146
504276
577388
383039
629612
10902
64295
366682
197027
800994
801558
533370
786498
424346
458461
100513
511492
252892
216752
142511
786821
499312
846067
504025
111725
887498
784768
567816
263623
103996
454854
445392
539824
140878
308363
219114
588939
613209
665682
50128
31754
670822
191063
29988
916567
43472
144226
142404
191581
606803
239014
394748
546815
58863
546367
706228
740962
946917
254027
130762
988241
330206
274978
62267
906705
984235
542131
46778
520514
109927
396156
612771
929007
549689
633829
20233
31154
439030
613818
104747
888711
243171
238276
101062
114347
436056
985411
55492
605296
433663
189065
108306
396128
266684
63925
653775
586444
62951
248715
219808
693232
638068
561325
769888
664516
47732
678136
433973
946593
826868
906302
329342
400142
353667
603099
492136
689895
840466
247734
777248
523689
658612
919318
628898
853788
769220
847454
395952
444381
87589
502823
615519
388999
956580
981816
313996
721278
370747
283620
172459
316952
842479
788929
461247
685415
38744
377600
128806
689319
419905
795630
338444
228161
810853
89990
908608
534074
360410
362416
103843
478139
939338
747482
396988
510333
679387
925106
859881
483665
937584
284797
985969
832265
868489
282775
554804
595014
523782
449543
297411
798751
314185
779902
315916
328171
398904
69805
867950
763500
582818
755456
551979
841048
129081
70714
853179
765189
330749
769646
403069
103664
541370
733207
446921
496489
828520
150741
298848
794655
678640
18628
152453
760900
749006
441659
106341
835548
850193
606110
749169
634024
117952
701089
101517
837353
845591
911897
894048
133907
76655
961856
682124
992592
18939
944645
843000
783085
256046
77710
481224
557733
579002
299979
770670
183560
487476
514360
925402
996488
751315
376111
113101
494176
338584
213671
953931
369058
432775
652237
386479
327387
782867
818493
86616
687012
817495
895197
967937
57224
92673
36886
885359
527501
785929
564400
400515
341089
766623
244042
60015
688803
143843
84850
950533
963274
75854
869287
224043
92598
37806
151272
981675
11025
781710
909304
368935
791073
651252
453169
315946
424686
146947
348290
7897
380106
412481
930183
623048
965378
526131
606019
442473
282848
977253
426621
787615
275929
950534
754228
639600
314586
753711
36671
946905
19882
867396
252358
418108
227643
506227
992535
173813
716563
766234
341670
306506
875602
646917
909924
420800
127903
573012
590714
124810
329331
133755
560418
905757
182337
108388
692578
223711
277249
285679
136295
390589
339608
745369
802234
386524
729382
316794
293217
665703
580523
201832
358740
588871
326166
612026
774298
478193
45868
103911
587841
427928
129042
642956
514230
843012
695223
330380
945670
505723
666592
726289
16370
106203
627665
997617
554664
329609
475093
892269
757476
81156
962603
703507
647267
964563
452301
811843
572735
906269
881309
196046
388780
539991
998639
337594
70669
820631
327149
899810
445364
2376
412139
756346
727349
96950
434888
985649
74853
165705
31421
547951
978548
835663
408133
790910
856100
36210
754345
300037
101861
715336
111463
492270
869071
273225
745406
797225
163195
803932
305305
327946
113663
136202
356566
52750
557763
980884
901937
400251
511428
697951
923473
567973
756197
1869
753199
738060
676781
137192
657503
501091
465442
260984
859389
116396
641919
302708
961973
831102
557460
390229
694894
418344
232507
129861
987988
89264
642930
880567
385024
199860
132186
472720
59847
209074
686539
87810
406300
202019
733266
677818
688546
138690
65736
921648
312210
521002
555344
530843
726214
987357
239468
978247
369184
91553
801788
886782
787417
78916
65301
258595
327594
195713
829114
634655
786576
667003
878650
967538
765824
195430
134565
185195
426023
947717
702700
167795
452444
729037
996820
450179
153829
281257
507095
248246
633443
646615
627415
462200
573467
440111
97087
819422
643041
509252
145209
167312
213731
583843
761797
378913
678671
588793
628349
386175
547554
493457
653666
928070
40463
958842
139681
664623
774344
15174
252072
309157
630123
266607
685024
356984
782348
757205
261574
128106
408795
127267
721513
679463
654578
936207
437698
704594
420222
407551
31915
951291
617927
94537
246398
412461
393693
126611
95115
794531
276129
621402
494389
319962
718061
830158
828201
565377
490401
911961
758716
622413
456971
943744
847713
929833
500914
980706
639748
771147
297215
855134
780485
896226
908873
598354
27092
101611
351547
797694
711589
187363
558500
243846
74448
163607
796443
646870
805065
798359
306509
545952
323895
47497
858149
383105
851186
479257
112854
162049
786334
898638
321032
450937
687455
546168
25052
613071
389047
225861
69790
819101
992451
430452
218246
309872
630351
627873
184555
433324
553937
526334
327173
824653
65417
931106
236317
862984
138675
212091
112083
13008
608421
99168
340364
443316
371019
674049
78070
559397
730877
508544
967929
760598
259066
185688
277819
226556
634820
606075
184656
631221
774679
779194
706749
48837
957191
448670
525991
34619
625461
723412
173213
17010
322157
846020
505919
886579
311008
685314
84937
342456
173497
333597
604160
709963
670493
760918
864311
328717
364420
870123
913214
580563
877231
602192
192232
887787
539077
328895
109560
215612
137294
222630
316711
946251
473867
122559
416533
443930
186543
9278
12682
196267
224894
79331
539815
942242
652225
650415
162797
624328
346659
347059
782569
518636
205804
367299
207803
656036
756055
731018
815042
182065
428753
433720
183591
744192
748305
459990
728130
338061
294862
602425
981996
181026
101794
523669
811234
590334
165113
230313
287762
602384
190325
418904
152838
852258
993122
773080
34730
662867
841553
417283
679611
669437
978131
684811
713550
818165
547411
869323
993146
609456
669201
527480
149732
852994
351927
448246
260325
58754
817945
292295
912538
609226
508174
758686
248711
837595
204773
85586
410216
507229
535814
191406
416918
585603
594983
772389
419347
294605
368807
180450
381042
424231
957707
160766
234086
652591
296722
52363
54309
955092
918326
542925
333176
836378
157442
706120
697442
467833
695371
198581
254314
576229
733964
50510
323143
161577
124322
465800
966504
396973
601952
660961
178333
238742
837904
606159
653221
916044
676487
343768
966036
248279
301796
130559
839393
556706
56357
146780
266314
350178
574949
287621
946596
358224
469110
406824
984963
101842
479831
106491
381953
655480
91346
270986
555247
46433
224885
90159
502806
572542
534250
306592
457960
75374
615605
268706
970888
677769
834826
963612
352115
274361
436233
446982
83721
606658
939607
219072
557052
803169
453594
141887
698836
690450
84688
616034
308124
416044
596813
628963
434412
948584
112783
300841
10324
644351
798975
468729
564386
739697
610183
442893
153745
123297
439306
855037
786766
220381
675140
226330
96232
23996
142272
492378
484947
343841
980784
954093
737624
644764
16044
193006
438237
421359
597834
49717
573132
203629
246934
221833
718755
713918
80750
317939
916952
704192
60925
275309
587559
974728
910482
993465
726777
105926
796956
918351
3570
580614
847940
933422
953624
186387
365671
143508
108443
466742
103471
178633
556677
401948
941709
355797
518143
697365
613652
734545
574781
758265
832053
863963
733959
34469
581715
993635
666149
776611
642306
449250
708903
476648
3745
450027
512142
227126
667217
519321
231066
170786
19985
374760
233265
904304
784056
324640
222249
440218
297614
821484
362034
21744
609222
600393
754019
219417
399324
633178
114591
210423
282887
903896
726692
558248
587356
203110
282736
20073
195519
857410
370896
684886
989446
647320
259270
561741
55659
754801
730966
703728
22702
764488
374509
752904
513989
56957
308271
117319
223617
829923
135963
513894
13375
283508
480157
875373
323975
337508
680625
334609
158404
700114
231855
497271
276512
110299
26615
869911
950652
277065
901689
33340
394249
354473
553185
539303
791750
922618
235486
498451
902550
886721
787982
305428
134205
223290
523144
197529
281847
333161
776453
213520
624501
570638
630827
229928
832308
996726
265400
785266
754556
713134
206407
910945
706419
170067
31426
989296
305947
702213
566437
479394
444591
16506
210986
621669
785557
153198
616663
590544
821439
916152
90912
328715
179364
347896
212281
317262
237207
64557
410557
608002
92353
96995
823220
577155
299008
234377
685124
605639
533402
202337
698423
988504
104927
195280
31525
114365
237723
164437
12670
50615
471733
249494
365110
128295
51752
913366
129165
563021
689499
332228
154234
477355
889374
371053
936819
10696
457539
691600
267868
772304
162327
290962
825226
562328
904828
601224
273522
959424
216164
3378
464882
617329
96812
727240
499452
614918
713491
779051
209883
226120
69205
173118
893027
515409
786856
113294
538809
996049
696594
23276
298108
79983
740517
927324
789455
927367
31640
865382
453445
605522
166596
934729
544935
413155
924152
950223
435556
366478
335033
987452
895318
370275
47769
190624
230125
230424
401138
841100
436986
217413
553728
768033
178522
157256
762712
752964
608573
847368
24777
973869
797522
169495
38414
954143
38417
710961
314156
756082
723044
220769
780014
25356
694643
807939
527611
33902
470411
790692
423057
280682
764458
88069
766624
846387
936553
546111
553413
247373
808838
755968
136673
981667
93901
703987
73558
582647
129891
477054
103966
45363
127471
235173
390087
911519
541989
824396
389199
928812
654128
786841
77335
409389
148668
606072
575303
872677
713501
697592
359935
830331
112799
302034
218101
796170
117803
693642
531952
10517
413074
360495
398176
145560
243257
212220
276055
363577
475681
848993
535272
214941
1746
733851
36635
300120
445668
298176
727690
424892
358442
528151
371739
881682
836603
451427
360218
321383
338782
260033
938737
110397
461073
805095
130055
971235
696822
630988
562803
171551
447259
684518
13660
48775
995493
675983
564783
254959
134296
353601
191995
465148
417861
514368
15404
485783
59088
697687
642722
737277
37468
758650
398893
126900
705430
346058
69671
623960
34587
46264
493358
101524
707783
389377
731581
112940
872091
433303
663719
773622
693834
813344
703279
685353
33888
995543
397894
380813
696911
796433
442530
525330
286168
470170
688375
457469
522387
774590
504404
853757
488602
344483
3101
456860
422040
848723
117729
975249
654057
434776
933271
843826
739694
334848
271546
3526
787313
818432
319806
181816
253359
412469
142893
694632
338950
716485
125219
240540
111612
970788
399074
58452
459753
696371
185811
300411
539907
96515
343130
35577
173956
807415
467348
550117
77178
208454
654832
436248
547307
320672
855143
357661
858722
584936
625049
754180
885594
136416
668102
2262
967686
342883
810213
981026
493051
137419
778916
752502
568571
162994
489789
57130
637215
986582
462962
422870
578656
171222
826533
154467
684162
689049
853910
932671
696925
941646
774777
336682
165961
255373
180403
594158
144037
294492
132785
526635
905092
328718
893413
884496
347189
705799
925278
736486
112494
66010
283907
171142
848020
799571
407724
915435
837802
525648
756510
491234
592915
149706
287840
633950
529989
829170
568894
771112
854924
102006
699162
826675
772792
239970
926505
851661
140645
715555
912529
505202
691429
119912
368093
672059
872076
986721
962907
161652
951191
370601
618387
808970
502649
376960
490340
967459
309060
449073
538876
929480
542833
270931
792307
259005
319564
685802
653509
7154
703038
554157
556394
755730
412408
944674
7764
409464
426490
998950
358853
561345
924925
465417
995530
950396
163843
728085
908887
621438
34873
404655
674880
132691
414725
916823
814994
878735
564658
333322
437068
288002
758390
453063
985405
782537
919132
125486
424315
423809
788818
714755
568637
117847
118481
342098
720086
829627
165668
305965
372047
876531
747672
291537
170527
617100
90879
592487
938633
288811
206432
857318
164690
449
287550
311573
772190
729309
981315
489838
879526
456603
435018
410142
309848
302266
341830
365418
758860
786635
728273
280427
927006
756934
874005
425978
433004
297911
977297
205158
522605
823061
30409
690594
918060
73523
944909
151356
268961
734992
103011
16776
401514
573385
944915
694107
422315
722350
210064
322995
125439
659249
286782
967796
156697
494458
775588
455309
787644
624536
881520
634681
464147
234451
355041
569122
723501
515741
601429
740128
501785
20519
58479
34910
161562
817743
923876
957533
302024
232886
570147
713810
391555
936112
301471
597675
475668
738773
933114
873328
540769
821556
384719
768708
155213
179431
616732
835850
968810
372738
115594
322532
979932
207077
32027
425238
949323
23729
518959
619465
238084
778519
257971
535468
637613
758220
519591
894325
146531
902809
768457
51653
109938
322510
359075
559018
49776
272918
508910
244990
613814
567910
165282
650988
776572
189520
652699
629074
684432
593908
598441
723266
289523
998229
829428
606371
584208
968713
848906
410677
955034
385163
585479
339570
708672
778603
823200
429455
903504
775844
580492
139426
518246
982350
372943
476573
328334
12394
181988
529976
739070
919451
9478
944621
483369
660340
785307
66525
711873
305580
101118
807760
991244
796846
51111
679834
353314
292941
844729
933912
329536
16853
35560
841178
850764
97661
491717
19739
957158
464632
949224
369707
682471
765866
368313
334958
716089
277432
188443
831485
947347
831928
510517
723242
573007
65032
56669
96736
38825
458618
911779
20649
320982
479277
541496
87946
393279
779959
270394
704841
372633
676862
201629
792911
189218
784422
575799
607527
198329
617188
676583
323046
338074
156337
57123
69029
373622
221019
406878
929066
753067
844341
318866
193829
475045
360623
172911
813526
762896
208512
510112
38028
635001
371967
973110
89351
147456
120018
800051
577151
413692
425853
580085
989566
973099
309020
532350
114216
626388
352620
372764
353563
78267
931075
825465
281393
602112
58976
265921
72418
45525
429213
767211
199879
713114
700033
884071
532153
800087
497586
635362
626264
490005
949511
304505
168423
630553
506172
925496
800853
533374
822527
686733
653271
278126
12583
656077
485680
167293
550148
506338
693842
994274
921873
764177
134238
568466
530310
672548
880904
987771
855882
891768
906390
470170
700678
752613
836231
867769
570133
101829
910480
267401
167447
917859
710978
808599
932517
93058
138503
633262
659038
26311
79947
796106
53984
315908
129783
605236
621907
878369
980760
588415
205087
848297
49566
642653
55421
691182
603073
321630
41515
768794
528894
178247
779577
642196
280255
412427
432577
280139
771673
439337
770804
538658
249775
344801
253966
643960
668852
940756
22571
971219
42765
993079
770164
267688
484372
804275
644850
993673
594489
771677
757827
668395
230851
592077
236137
575059
645108
571933
173696
913053
310219
110784
338120
577769
609187
787836
267104
591650
383481
845765
444308
468204
569227
778360
521549
456554
909083
935472
897255
925801
610195
191433
411488
123116
144770
298735
345835
145492
795588
160033
499108
493676
64704
389896
508127
778191
352075
63214
130969
292534
696939
5085
867088
593442
378550
833429
991599
309026
369432
356904
54497
274306
654194
300854
508934
906128
802784
148609
974211
189324
639187
285996
419508
856811
395293
915541
865597
292488
136588
455499
70014
739752
186925
111598
504932
959848
275122
363426
765788
624773
362670
880303
757283
2248
741628
303225
570745
785164
739968
821014
520500
895085
244549
502929
562097
940367
240326
218811
877541
665032
359944
880168
789521
128875
536164
84429
229012
211186
884067
733044
554010
443207
709761
375257
170099
812911
560660
25061
569342
874324
878918
251204
689732
319469
22846
595557
119713
828172
669470
391053
970396
361411
806373
350681
590616
912308
171955
202190
124196
202676
647405
153758
805805
972188
323063
846586
511507
560364
25566
207758
58648
921179
827032
647134
334581
410367
72290
246075
763847
807253
432201
780577
726886
851886
279173
75760
917335
947319
140287
925829
117079
658211
305204
760309
840279
598327
840241
862246
803976
379313
972286
300361
155788
689238
279255
713911
206923
959191
296789
345703
812455
992095
916396
943498
362631
219644
122253
288451
241104
290215
603500
538438
704754
366129
799772
47180
101726
106252
506518
106288
61782
916340
908696
371370
116636
243000
431658
533413
262796
831849
818556
635262
41542
832541
716715
877979
158915
904864
823906
254438
795529
698617
990749
991013
304121
818900
17673
727032
413574
815953
635719
667886
887744
215016
907344
972611
377870
426486
984114
488058
811642
129001
713913
475091
300583
574213
547689
159786
273309
457232
411943
397676
746693
812576
288375
146934
669232
522175
373023
818316
841681
510840
705195
586226
867787
545793
905738
638506
611109
277060
572054
486923
251675
272140
265073
976699
706318
347849
217546
426633
990107
875199
898367
154345
697416
912977
695645
101581
314714
518822
908482
220252
621381
800245
898724
549713
243515
530035
894378
435507
210854
567318
983544
621548
682224
306372
345800
780105
476863
14941
110259
116685
283199
19106
195280
9522
528919
456896
126067
515133
785213
778557
655767
615101
112101
756286
544918
752928
735444
921394
767060
467057
441684
765919
576508
287601
4096
874311
773986
578449
122175
642294
15752
137610
465933
160107
884092
196762
256309
157537
655838
922396
636571
737144
997504
243330
299381
436101
389158
620465
905882
615923
124332
592248
823027
642836
128455
572718
27726
726792
20132
484520
693073
929096
180908
724372
989899
374032
5033
547702
992550
292071
563138
702972
393849
635788
288610
522431
422586
678463
146551
590425
476240
737768
386391
67293
304007
809896
853628
142903
36637
388347
726128
13729
190393
66695
512516
874751
945147
365379
347130
37273
155182
201223
922114
864946
802842
689964
28065
538633
84599
465631
19246
699372
733052
182535
211959
753523
192212
454800
270912
493216
744242
72084
481835
843601
294332
99942
648179
326431
643938
456378
496850
577047
650706
885940
49347
5267
927620
313163
224802
898612
519920
297946
527471
743293
953824
458243
193905
444431
258079
879616
402679
566205
836753
487688
215738
869579
123100
753946
113758
111816
422276
489832
99799
373381
236309
795811
21352
312561
25209
849951
379399
486802
312041
297187
174109
887202
372544
696528
57065
210180
691307
363564
209924
832737
393085
62345
621375
422884
828127
213334
832424
268878
74021
27842
881068
500982
120891
714568
782934
354209
913470
847580
594486
517306
236519
773616
37469
236270
99618
314275
903876
763046
716541
764871
358348
158818
276412
538445
583391
268335
734921
981391
785654
31620
921032
882554
682421
204799
932745
33558
653617
781943
985303
738804
333649
73149
167789
489075
583122
757492
163208
943598
60324
938442
28376
414213
737074
232914
49872
402439
24895
895040
255068
528185
993132
241984
64946
459142
938006
319219
90050
795266
745052
625479
748743
161372
407166
776625
13567
63648
534752
326410
86775
561319
67822
647811
852928
361692
824666
746566
831230
272235
950657
841771
991070
600327
579180
175956
791335
816344
617843
415590
570730
837376
776507
471972
111508
688713
860959
143209
262050
751341
898668
640706
359091
657856
562823
463462
992249
300926
291434
521043
24521
83053
297163
642246
965139
868783
256221
623830
573739
800870
642543
67053
503365
255939
317683
880676
962496
33774
288602
33850
491289
137292
14618
62641
636672
801839
531281
257030
782727
879392
514435
518091
768631
748161
978496
510754
40829
172898
894753
384664
328194
670435
667696
325339
641112
707457
495015
552602
759376
925694
46545
110967
589480
171313
825677
40939
773281
793191
320050
273655
683503
202229
197964
796739
484874
585372
353539
294869
148514
586135
346844
563951
751279
307011
404889
412997
271142
840747
59900
866201
216903
296112
310634
105397
355667
443089
625386
330693
32796
499357
408652
390606
713460
271346
972134
805135
272327
734768
660090
201202
474757
110720
166835
671023
326903
631290
861454
496766
359923
338808
404054
4534
648491
72885
584903
956231
811359
957216
540308
309072
743603
894467
748677
426078
34587
36235
646008
618435
918514
407603
99207
592014
135402
259409
742154
68716
998366
796669
502387
709082
232132
704922
518552
62918
794046
28738
502606
343362
539727
698962
973488
154467
38251
396111
634623
338108
932967
831027
922467
995378
241487
479256
821072
365564
649046
135360
517572
353594
476456
297023
945452
930606
67164
142405
285543
231707
333765
459340
628578
92920
990439
503642
397794
605073
518279
692467
142368
218939
266268
70431
153166
962674
498209
560531
946616
596625
541388
948159
178630
375852
245528
337651
996702
977485
634943
629551
844454
410506
437252
596165
4775
328256
975596
298477
397581
515502
684172
965157
197194
114096
119550
299203
169691
636309
157037
347609
137827
473312
200912
609731
183219
771544
140212
54607
251883
811276
660017
153610
160057
28327
900478
332451
344320
722731
98593
295230
707413
960141
28863
151512
176739
87853
149585
886034
252910
603377
801911
384924
171124
395965
283687
151935
30320
199889
169150
480838
5560
120894
294135
558218
246790
582598
481593
585817
223443
818191
439498
293699
531807
363460
543522
504448
594446
662473
170202
169089
851500
991768
753475
302929
477649
823293
49363
773096
262432
576554
974779
909773
307881
829112
700756
713380
660334
547643
144695
39387
85443
477952
526187
197613
731214
464485
435961
806226
350638
954773
171420
245956
249337
231200
436373
723501
235677
509491
17370
706226
623399
430264
343918
587478
780002
134605
813452
102668
449240
2009
535165
68638
791604
536273
594697
445171
354439
275526
679562
781696
613161
800935
252572
666190
916664
920347
496176
287395
44412
194291
750528
781584
48043
739024
517917
638743
995400
700561
75428
765686
988261
978102
526479
915924
271562
418838
815207
717383
102702
38585
225751
649088
716578
447827
636380
833684
195661
738142
15321
931111
920978
363858
377095
131063
323534
602244
586314
870786
267005
673177
65502
304917
337148
275941
318704
730611
465897
992420
611017
626462
9318
143315
145125
484741
141885
716204
760546
213513
251549
722813
60436
540525
42307
431908
723893
234074
820
163561
32890
359949
934822
264952
392640
182430
932095
737593
641189
177006
688309
450958
459508
518507
116436
428200
981176
143618
96542
443014
90545
346723
325388
13324
459493
468394
326579
958972
704205
687023
559554
885907
946992
465067
477607
488002
607758
433797
188178
116551
572338
973304
861778
463528
367851
485155
498203
57740
803732
26478
691368
133942
787918
669587
866877
795038
132367
108496
112390
357294
349460
19944
274011
789846
838194
460304
804901
681100
867722
802685
565274
440484
398171
612808
174308
646151
830706
326010
470303
684755
703932
853754
619649
542223
550716
493648
288981
420361
331095
72021
291936
52110
30285
498361
267108
266182
279746
176433
725954
121321
485818
423483
94010
903522
669732
303567
59599
557118
913613
687332
407558
835857
923509
802459
465804
974054
244031
19148
217015
635488
498945
485996
607333
161265
386748
939608
977985
564406
410085
876032
599012
364014
463330
630258
619927
800982
717520
221122
662711
368994
269313
282324
198833
934873
392899
747910
98029
422157
251739
829372
843208
465782
842961
24777
688377
631211
447973
899894
72405
240956
426655
908211
771949
216430
260420
960920
834709
379156
815716
561430
597952
31430
894225
771326
760967
65793
870954
221294
625096
458651
552917
934740
775723
272673
172491
383712
900608
473103
395532
424906
413892
283306
421428
793469
621507
923326
548134
934879
796695
891056
483300
677949
159054
274175
785153
625496
673642
537179
558893
53830
371713
988770
650288
977671
927749
920115
902130
165733
222
808113
32566
236550
477683
808342
143335
22674
834824
502577
683339
247931
722113
985469
336852
182445
854277
970080
270741
683092
938686
473533
381266
220420
548860
345654
92528
209226
966457
596225
771595
562957
403063
561893
445734
901471
178246
789394
167805
220774
936738
292763
779255
871457
461816
785617
498488
162649
975561
821949
308562
238311
860328
240825
577627
853532
909981
17067
397657
306384
932844
293535
893530
934858
423984
550016
856545
501129
368544
939315
960506
606381
961267
167121
433519
666949
601568
784767
169939
167414
296383
958443
940603
339076
951755
611556
542989
521984
971336
876694
602992
993806
578049
460769
322019
894034
548523
663510
149162
701879
72998
589518
831842
848795
787105
410406
502774
257690
731484
45914
696362
570358
967177
919229
230740
68320
544396
502354
978987
98214
381730
563723
118072
342712
132189
215131
14441
575960
707661
830906
587588
392030
424891
790453
367417
573733
813519
745775
534800
448470
920785
87608
410753
988430
23116
967431
778850
936111
972558
549207
810171
923136
372749
268892
851317
521410
371428
791521
895793
449040
617594
825664
209334
718897
435588
277245
134786
397310
169440
671743
894337
418794
361698
622891
288220
177075
540396
725918
847720
967844
813622
353351
476415
559492
96750
283296
541548
641183
274169
584967
767296
406766
475415
104829
924801
176485
853732
852985
415234
641434
262970
269290
382926
13197
604212
49800
995326
431256
372174
755350
484842
805172
350760
852214
212476
842789
888745
822824
814176
602883
786176
397281
702999
302055
948742
623876
744107
60462
888960
408255
826301
832173
929472
868101
585146
255985
607146
631459
781996
44849
631124
37825
707949
888531
25799
73592
63414
520727
736163
197130
605781
522532
76702
760578
3261
829101
841388
199145
807735
6464
541947
5474
707703
206571
403734
764707
323337
414027
281961
623952
604970
694130
686244
591606
332595
364980
500152
400416
174576
255630
574398
254234
666191
92212
838135
915968
989044
331062
569326
232001
479210
961102
831674
664886
659635
322568
792607
767065
642496
833038
885588
930275
839100
395983
455328
802118
249026
881420
32926
735108
333808
19135
51871
685994
912595
683496
691118
999917
804033
340789
927150
78687
176198
556429
563616
437390
197302
611961
469825
725626
550818
420015
906000
349232
991269
971965
629934
302279
341086
299342
107357
174518
369976
562460
408299
27473
57380
189939
502376
820382
286504
309022
566738
781912
878097
146032
995154
989695
623236
232688
553055
407194
290419
702946
313153
703243
100267
374510
228720
405581
887113
615088
988891
617164
221965
762587
887876
33504
408134
193866
455176
807912
136429
804005
282748
931775
888398
564716
590963
345502
434081
733347
74205
904334
814647
183834
269962
110151
171984
329688
730444
801066
701001
801636
695097
364696
929394
815087
331087
429037
457726
519393
901683
72861
668692
480318
493970
790313
110018
582517
191976
40893
75985
435269
879135
420265
762867
203596
208655
264762
751513
580462
240996
219317
493601
84830
733725
590255
679341
113548
137905
709644
195599
848107
549708
186642
992352
133598
629623
708905
738928
696766
659861
631985
136343
921162
802377
974848
158186
132972
916213
151798
530569
511908
952670
360319
235926
912211
219883
899173
938304
746726
573132
610127
209149
302749
431352
487323
194262
844599
580686
743891
405340
487676
549533
2318
818744
946983
825983
35110
249824
591661
370720
899409
91814
56814
186524
759646
160938
388983
343111
691150
58416
780402
443142
557901
506316
322475
75226
691019
399674
372671
572541
499644
700490
861027
257189
473448
632248
493070
775013
583215
365850
862660
783027
547741
721202
139841
14404
432870
636323
504702
795347
712894
936193
222370
434881
49175
30145
179080
173143
27640
902607
507753
749799
751607
732735
887078
98256
813395
971419
467445
800927
658032
975963
47397
709458
441711
357234
180047
78521
523689
388421
761691
868918
765065
112823
575916
989795
886019
607135
915625
352274
2549
722267
704489
535279
264088
520190
395770
409922
597347
754084
835791
499729
268732
379111
252547
435235
22491
542826
131982
605150
148542
15378
45123
64466
632387
639573
174531
807311
172709
874986
24130
310960
460565
65696
740275
184827
904372
929035
880723
681696
786347
269977
887247
850719
167528
437634
66707
428935
792245
546782
872561
386969
793974
720656
476586
499723
331583
155808
784987
883240
493072
193191
414854
805268
145070
412707
139068
730734
951583
866602
512357
547022
207297
538044
606764
659182
256071
67057
585097
34980
644881
586001
773676
90317
845095
15618
91075
181062
869907
248476
697320
177748
625112
147481
673706
802979
461330
376232
521014
571948
152811
183648
910755
835631
479863
136273
19735
917792
720173
157943
207768
335262
337347
537416
653299
47454
764901
609773
203139
624934
419601
704077
213982
720118
371218
455364
545826
70081
349398
668594
299607
387480
39406
184240
740225
199528
517667
762206
192261
188314
667375
867864
502197
150680
392351
848775
363258
890096
371971
622931
407133
374801
68366
362230
691314
506609
245777
883756
870817
957393
910287
457671
886418
827416
441468
877534
834676
472668
639895
847717
785451
352960
238113
247321
290324
244535
141624
37266
173750
504423
670933
246650
652166
286184
789535
476188
849366
769707
990953
214870
96988
521592
43599
796265
498075
912655
360616
451631
759152
284144
322600
486252
101819
836982
23509
301180
349032
116767
618852
190764
958041
958183
879408
949605
820338
288977
700822
544132
797568
458695
917167
158789
279943
460825
322091
826909
732454
728609
361094
809446
385833
437767
880554
316213
300203
364449
87585
867719
335078
130866
658549
89626
526745
847379
40423
295769
157652
401520
411976
778223
583459
189737
391862
281597
143829
737560
943095
674342
616296
925746
417259
908423
938898
479750
403249
814916
619118
505379
197977
900478
807106
68119
360961
76385
376745
935185
798606
822873
430242
705576
242761
528100
235251
407285
898259
494658
208699
179546
400518
662474
389331
866918
442922
227671
504800
81
203217
934239
252281
886882
693776
84067
472111
661680
697498
218946
491581
694084
631034
919209
613133
24030
464429
727653
647589
14991
595225
846873
431468
186243
782766
957387
439709
163297
466392
6232
978695
671051
289566
179528
69054
64832
176346
401852
45346
976225
547605
385220
621897
303761
438078
858829
722572
657589
862471
459768
26539
570778
447133
590661
847582
380662
144066
443630
197945
406151
618184
928912
90746
601240
550059
161028
248690
223074
59276
521229
752910
218383
810758
127593
133698
35866
490799
253322
246289
791506
68141
380831
112379
147644
952946
518219
308034
432088
632533
150455
411099
705468
477006
877571
254126
746781
409358
392343
661386
435053
268345
999960
94953
523550
531649
413431
689498
898308
738336
243747
135569
412248
367858
426718
59719
209560
314476
440685
733455
824204
207997
558505
310071
391716
352319
482803
558295
703486
614042
659525
483257
654851
88054
506339
702500
108081
35098
198127
242567
346291
20902
141852
878911
926892
543017
731387
579077
87698
818336
519345
398135
212343
469388
70922
608065
171620
121390
642982
583976
687070
624610
120849
401523
565002
674517
245937
775030
365164
590501
844184
667836
220171
61012
98874
333712
841521
89575
408696
572264
471758
140705
805146
731119
758844
751767
652316
490286
799902
650096
39903
330710
214369
36155
558976
275628
859364
329389
467590
906001
326068
86005
382837
738605
750064
909374
936191
410616
527884
435329
63194
323556
599729
218628
15789
729002
221056
169394
795684
271280
237751
441176
490979
449748
587117
122362
716630
904920
931831
342032
45159
292906
679533
232224
589001
321678
238214
201721
3569
581290
630816
118729
582373
955758
397341
240348
70189
304030
239463
575601
10021
239741
941715
578810
363444
654935
527651
957233
850071
481196
196326
592722
302039
851636
58426
808377
447833
852883
808114
837592
3028
304283
662034
932692
239645
409336
766903
685821
442270
760252
25620
337896
799397
556488
508502
966059
759704
438931
584489
660149
431495
886170
649108
789511
846042
362532
819136
372563
918249
998321
445846
921007
69226
241599
456710
448182
497029
464440
956643
257340
43204
204987
831979
644331
97318
307205
417509
564287
346451
869308
304291
87834
971113
837336
513319
433412
581620
259118
186338
79875
604413
243163
493719
737555
684665
360649
528991
666307
249378
991649
915909
671020
184611
153741
141649
559694
610797
255528
292770
768840
373159
239045
75572
296820
20866
264281
256642
835485
346922
193798
988613
415581
142424
437252
919770
313496
818692
826926
355713
435727
637496
827367
894401
142177
972096
972327
254506
63909
717822
554662
197235
557788
850714
378659
738817
452822
846870
631505
109449
25764
630079
631775
46860
585206
76735
464482
137665
240208
64848
396514
781073
449517
819147
74174
380092
247920
648927
61500
560537
971075
758173
355569
799290
325967
50223
790025
417389
347094
701737
942644
54175
583280
975735
221934
186268
721568
451766
352616
602482
433490
354848
919448
160179
687219
374367
698778
411992
65389
598978
395137
274946
281662
877645
726527
800540
590196
933034
794668
82141
588615
798334
207542
700714
874258
438103
294054
613656
395888
893249
343371
793359
641839
219960
408325
878282
756468
635959
267504
682554
138155
652655
735530
213322
800872
167507
501955
105022
248991
64464
118208
853173
788796
465178
590732
149389
342240
789666
420412
689445
364089
339364
566461
135549
987709
112668
315869
739706
294275
203352
463026
851399
685566
19369
783978
643029
320982
553587
57073
216962
746149
909668
587385
67992
258507
839745
957353
289004
461102
96540
332644
614055
68113
261602
641204
309345
643280
792081
312339
732457
686133
734470
189590
524769
189306
719220
492151
691014
618908
849777
815613
59854
403289
162282
165130
988714
540998
357879
231296
82475
968911
762057
288529
607041
437835
698944
849379
400286
219066
769625
239196
80760
459231
535429
459471
86574
771956
895957
177922
729730
305167
463056
814171
762436
976399
873447
483751
857424
260930
781120
569031
803886
182935
387950
310392
902551
447994
585538
719293
501655
58130
851195
980843
771406
829971
10008
933329
809616
272896
276302
547266
417580
684289
8214
515968
578570
446748
580893
363334
525165
678483
987423
796594
583257
530074
423886
357069
270222
8436
989804
730168
576498
857577
157816
774262
269900
507366
678020
110992
916524
279729
59621
324393
168425
368519
443269
132190
257667
715667
983699
893657
76263
853901
299801
244019
680720
256557
928941
400195
319690
478539
581633
460424
968145
777429
791830
240494
841241
814252
766029
306945
790055
857051
241374
304299
726556
452020
565537
610987
320082
206665
773706
821461
862751
837252
62002
391999
937591
287652
859792
950415
945006
162132
625478
209119
941338
745962
14296
788618
864278
220985
785207
276246
263908
165331
563132
144382
785194
438366
61104
297562
626461
567633
757896
17581
566843
952268
817518
236107
858738
397458
118010
938853
872798
328484
103423
159411
969968
736058
486146
519548
495978
974944
99782
10693
866694
711724
347331
414932
677750
630424
463988
229215
623111
862144
588367
962006
189855
719865
670224
626762
2661
750731
607727
499448
997503
762829
331440
662326
153526
434268
118681
175289
133047
593463
162493
218113
342643
170874
958583
519521
498149
920693
217779
905262
881331
148265
136102
79876
683630
228574
281053
261360
519220
16420
470643
753725
754933
359332
385501
735518
634898
168289
373343
300597
739809
289041
609825
102718
27341
255890
51612
292507
424731
945931
934383
502588
959943
160928
250318
128106
312205
308177
529946
168497
380611
336880
945867
980072
831971
661821
308297
911262
375783
259871
785306
417379
136973
454209
991542
697776
49274
544839
609271
466420
473211
707628
951468
304443
430950
930874
416333
596477
237727
535780
330184
811649
825398
639875
825338
523820
849198
545067
772985
815786
384409
283306
354574
862456
476767
562333
7168
466635
804637
4590
636363
914592
838761
975021
570672
222049
744756
376330
380774
446769
451081
45101
75310
266708
561202
616946
534084
967934
346937
778436
880369
417975
719116
69461
226302
670759
744378
964535
795011
619588
356058
953818
741661
665556
248906
153955
430973
13089
291221
445733
191645
480825
148782
266302
787470
371807
16921
782928
904174
299218
456809
762779
609333
205623
493284
746228
656878
540133
962114
749732
179074
19213
555540
174304
793967
143620
487298
618144
308120
462191
882029
167773
173047
79370
330675
854572
898350
81813
484432
365362
442682
400539
615073
567939
818952
932960
172484
975452
850978
37798
452572
984440
484866
448732
58609
428690
982727
377444
215732
793721
369349
970879
199968
317897
445559
955288
516859
98315
117071
860522
793468
693291
809710
603982
92294
339730
256688
263012
840274
677216
18974
208542
673708
433927
960263
887076
128084
773703
50792
238567
130565
738881
854152
429638
382098
377659
636001
408470
299883
516079
610552
499538
843263
965008
470286
857439
48444
294938
798127
79353
788913
16020
338023
424576
694677
793957
601748
597913
812705
116304
219159
262402
933720
58574
824804
146614
537127
724999
812729
464313
597926
998508
656364
720129
667390
482484
811036
246465
437029
634864
725513
627283
595077
357965
198912
284288
858044
273062
3951
905263
399036
630724
29143
917417
958225
830643
793887
894917
233155
84673
61252
579189
612433
975510
575342
652715
388062
715691
528862
998761
369256
243113
8900
291684
873330
6174
193070
105492
853828
267166
974298
103195
689161
451124
745708
38543
353622
285252
356155
598310
181258
209598
867141
811325
584848
775617
751171
550277
670913
29834
582488
713098
843559
942167
371362
786081
743517
907228
999795
16622
659794
835681
294874
84815
198828
159734
678234
159721
729672
430356
279164
749965
144160
240594
975744
878790
225094
977856
413359
961153
69261
980836
219788
685337
582
828559
258729
978367
361448
521370
79061
191491
311817
302658
863859
203457
468809
616029
546086
494314
941710
143032
81896
789742
204265
878800
124602
330051
906455
374057
376374
939541
417892
953613
764224
622410
129066
650468
978907
62320
65400
827245
551959
616582
540494
692119
147688
271396
41988
65022
310675
945480
334281
592389
523073
247229
224073
850956
383478
503529
15848
570830
607579
493364
18220
303194
862583
675409
327991
518636
425596
333098
782129
974056
599294
550956
786884
706674
300222
307116
873793
4844
85029
986420
93728
964813
93836
908719
18788
442075
170872
246892
684957
587525
398499
389970
520135
805919
459125
926049
788816
954042
971602
472032
917879
904735
982413
936937
535440
89384
658042
871053
892004
431548
477152
897637
157173
396901
550925
266294
466590
419088
492612
261824
644057
61152
685010
199203
431707
227950
878207
355759
799386
621729
783007
271879
992558
822759
435016
568816
58773
12557
968157
797051
186129
392257
363721
645133
34220
850977
741640
409096
716636
152703
307871
175832
293185
127156
487212
825116
423690
622110
986136
137326
466040
368695
852008
936785
406075
499155
471539
761398
963256
333430
410094
865131
633580
719311
842851
213729
413994
329109
567424
745752
236608
450365
699020
17513
575864
743637
563636
46127
810938
192960
559620
376467
961167
46030
163185
371763
751616
488567
804883
194799
113757
458549
866736
837264
220825
203579
519090
97684
5010
709589
820987
619930
56111
169181
521743
673574
586531
658711
668784
838162
665102
504682
184391
725010
38018
569724
735038
399714
424610
185512
762474
226382
940967
525983
54950
663389
448508
14168
320315
82907
774857
529461
965819
338818
431374
507252
506157
716613
816997
533902
57698
960952
685993
159087
295014
509407
750838
314771
89298
164177
229574
724282
893439
509768
578810
614471
839573
337864
686266
426491
457537
480810
873651
716552
50885
62021
542271
656725
772777
443575
718371
30798
430351
425429
318705
398180
908388
632749
762382
682536
399282
296116
151822
300799
926931
982865
835387
368515
858113
926149
225973
313079
105928
875765
891891
783908
822428
521621
192423
553492
283143
56051
128
570090
868346
740637
982217
144156
433029
541168
340399
550479
680482
815487
872351
789070
52396
613916
608462
683110
8685
438150
866450
557216
908628
422319
547374
130332
101766
217128
57963
955910
287051
214763
113825
86584
47913
492677
543765
898540
41230
414686
105020
895132
143846
862246
251358
328632
518285
196446
520022
640899
52446
159232
98486
549451
136362
721420
346759
130371
294789
925233
423021
234622
24570
670484
473961
521994
445214
768575
519161
693223
796866
455145
752538
781091
493186
96734
653037
624851
487290
771403
609847
221552
144665
409640
788611
319499
218893
213698
905122
814062
781918
135396
882131
426001
137239
687393
961597
699254
399710
814081
871705
318882
797029
496710
209964
6904
65145
929497
657266
736563
242744
65494
633687
132735
578399
794289
561310
554805
899585
86339
821925
139889
308948
283893
176511
480338
752294
706375
616065
934606
653485
634494
700569
121647
454843
517224
765975
149678
233424
387789
194319
223722
716938
654836
904087
347909
776951
815567
130924
352604
663691
147972
953329
988321
774701
11800
931863
806358
694315
153594
60376
711079
650511
796714
880604
658917
959625
570244
403711
750235
720971
942317
66474
586191
788852
595736
964766
478294
695140
41910
331983
407700
535022
511480
404461
199504
666731
574274
431933
526832
984363
136173
663782
344469
409991
625273
173384
759893
780114
683342
887943
446033
274542
388909
761830
578867
969210
264440
95053
171782
305833
573978
131949
253874
950126
917780
950714
429650
664915
469989
6167
932404
466537
635990
987088
841516
708698
697695
806016
27029
894106
595321
439635
630182
600060
43265
851238
46892
240481
729414
66123
346025
44363
648367
211560
137225
484495
965644
531839
502525
56617
58359
740552
293687
74858
655974
834298
816000
641164
603025
874024
905721
544806
459706
99464
639980
176698
801310
62992
826510
931372
299894
21626
611987
403598
957162
272870
877742
303446
596947
338589
448804
803377
396907
417011
740748
391088
864532
717831
368101
168737
646849
440933
351508
109113
419845
744138
987896
495276
800054
424263
845867
680863
541565
413886
433560
905141
105021
169609
781044
366918
840798
874043
687707
870126
746293
259646
598983
777473
708818
831963
316015
562844
721381
298393
327162
270615
633933
373436
89374
462806
395007
596654
356890
887679
501199
999100
797772
802950
880222
896055
152815
293539
911201
607483
929205
689573
550217
393164
726973
316768
542484
21596
194610
124546
605680
972073
929983
493828
138951
435587
516722
329468
483372
860267
589100
831055
12896
117015
464450
548611
597824
914579
347060
240242
14543
184705
54984
470874
246492
624513
827074
843538
607824
742891
57281
478167
561750
388089
54649
515717
778983
841602
815240
847137
882161
710113
312503
695187
115171
349748
13904
538097
191383
210880
286231
81398
477917
551026
399846
578065
520288
420352
274344
619226
679544
372078
790130
206623
648203
236141
13305
556701
841632
279582
714612
270474
699266
519284
789711
428495
967885
981431
957704
267347
958552
335076
678698
348787
169023
408690
881060
752782
388555
756783
918214
876476
432128
767753
33111
315550
75076
574953
494997
32592
275175
505402
66058
269435
243091
76104
440903
212232
527185
935107
294656
991343
636981
588706
159043
987437
236904
808996
11798
504852
177552
1393
853421
876412
83294
534175
129861
751703
112691
134418
96800
51427
228272
515131
76637
167992
827033
893697
545203
574593
687588
928700
449994
955527
421540
230301
92982
643369
46157
725996
442384
183656
880611
961898
745459
704351
728324
439957
684496
619343
525326
310986
63471
280408
555950
628420
720259
898052
825094
589762
236648
983358
600314
559175
790587
745184
442648
310523
821462
545194
981025
313967
705766
282766
892664
672766
59883
258343
885094
250319
277900
581706
206088
278006
180565
826677
680854
519034
707470
541221
360720
973361
340345
469572
7815
252936
7015
429182
218629
525855
20343
721396
508378
466577
72556
72522
157700
511953
846122
459803
279034
67568
176525
862348
173077
985531
6886
259262
904411
705408
690452
422237
926634
620145
117690
925973
369022
595362
973538
17893
536479
701869
179118
844171
45162
223349
28534
720607
660281
22919
523267
526140
355122
634204
102567
398873
897577
144251
417015
775669
105971
857531
419239
790257
637896
867174
884480
887415
255507
879418
122112
682776
208538
811401
933582
56116
84741
379712
476184
904082
780941
517700
89547
629008
513474
660600
225582
694644
895416
131611
293852
411552
440911
629263
518684
215332
736094
99956
890910
822510
218236
196915
745237
741084
355690
73239
713771
743602
95008
42453
42341
844007
126451
483372
333781
90
588319
533543
601014
790178
232119
849344
982183
976771
746854
790623
569479
860156
472033
459072
237993
652540
990635
265202
165684
983989
631876
683835
180442
293002
257135
290649
979059
347874
576799
187811
117685
487902
17853
663822
281106
965223
709464
84940
761455
616288
145066
434575
522492
16059
559683
2540
23156
167143
384277
698394
514931
155367
844315
47769
944111
989822
525158
814703
817748
856391
937861
88845
78400
980385
708432
181969
389080
913350
998545
210085
595909
803133
251856
483780
286351
677798
74042
189661
391444
20083
782509
497680
378468
421174
515043
124885
170748
188116
297272
144508
583838
301849
229017
475406
303753
376614
753163
658579
963802
810757
68693
997485
616511
799581
617868
141026
197396
219072
469305
755191
463068
948834
261288
84279
468061
793253
968976
341587
822872
720911
55130
470179
182947
167069
543760
493835
42213
907953
681315
819961
251374
792166
817624
676554
134960
354180
744657
770444
146526
623183
942836
3102
133856
279930
726202
969716
95472
739961
748822
618807
983508
97268
229311
888393
478392
741463
192412
144550
418279
877510
692939
288358
570982
837294
193679
689246
938541
317943
845524
271463
588419
363477
435807
457974
170293
272574
742102
550506
353010
202166
556521
866021
553926
842246
836572
274001
925745
94027
287027
990916
568100
945258
777145
153982
372951
580769
2924
652047
764233
274361
183624
687318
691285
289879
561390
452324
308270
329778
895281
540158
30135
116191
619646
690049
812225
754313
925029
257120
415074
374268
92040
609545
813230
766048
913695
735143
772949
467202
626597
952704
890137
212494
703394
469821
434410
230617
136918
6154
581023
367899
266495
329364
622419
152826
937159
635311
665818
723905
791118
14810
801055
84783
915215
850906
869084
526124
707313
621122
212980
346071
423404
200276
971568
508218
141142
913282
780820
50975
545482
740557
552669
184508
600051
696079
723738
217993
662714
860884
797476
469426
939082
462562
411836
361640
280700
775961
411647
28755
458148
419509
762056
477154
689335
146417
478114
850434
461655
793734
281384
427244
315965
50834
493500
468313
354818
476499
412704
751249
105674
676050
570676
350753
8462
64156
441996
226411
995204
468523
777005
645655
279404
204516
863781
943080
655161
590778
408068
377321
421147
595568
852154
110406
48869
215547
264655
742006
131168
356997
87737
269590
549547
349134
730397
132882
215181
172141
807909
231548
561689
72693
51834
104958
618428
218803
854430
923372
976039
692243
54761
437427
129171
492514
885022
872303
397045
412269
759018
528920
463488
339529
845432
290843
139090
742124
444979
761671
309692
888569
723673
691870
100657
26137
747641
53772
824970
374404
313481
990068
4083
780640
82982
462693
96630
981440
80680
908843
137506
603853
535137
452610
825111
229890
111347
887910
584817
833041
594379
671494
179535
456355
870270
727638
488127
132925
800574
32132
606535
876350
799096
68610
422226
25220
206350
466306
570166
623343
582188
572864
552862
298685
909257
429432
744089
283093
912188
138937
517950
933279
464888
490514
387193
334416
317990
475496
517559
897603
802142
934121
563626
645379
416065
132891
530233
701733
527605
554382
385352
567954
379902
367792
551007
730531
920246
441215
935161
969701
113001
822809
884779
923515
108495
859631
286959
58147
976678
561944
794829
568017
6444
462146
546661
961463
121526
500163
88219
767206
127024
873165
171679
87438
951602
369088
94423
912353
589114
368218
640684
768470
452364
847050
351214
119178
559651
714466
142501
430849
315602
162922
689845
504777
921148
323088
256301
357375
477612
245629
230572
967915
764690
759364
429168
475463
755739
488244
753276
560669
116844
885837
987750
694414
189754
568207
615930
605422
945608
1133
823438
533197
513022
5793
504868
292177
871203
646553
920181
151295
207288
315023
486432
902232
765488
842358
702063
922656
894479
968336
248001
959290
893149
388892
972506
820462
714439
262893
21124
816141
774291
953174
51679
932844
104318
342978
150412
44940
597236
497824
892914
876634
549932
338619
288811
453137
148765
94823
395215
273789
113504
918359
435803
144539
443555
430604
493373
985501
890439
942248
882558
517065
533976
900385
645004
293825
863590
384337
70563
136285
277636
161961
816152
801844
420124
496070
106626
790074
326253
155356
236613
663235
102435
948303
868412
513510
638354
967136
174978
979645
722766
447876
502749
451144
248489
475281
245000
767857
183818
668497
224924
23722
36262
104377
603802
216626
78750
599028
614423
740471
110069
17752
513413
162966
386732
359354
342810
884606
356221
757084
946654
595762
145264
825797
805334
100589
598940
384170
787528
40159
403070
441992
770923
947094
37359
55379
601773
520696
894725
806344
1376
50732
256265
704863
274242
341529
814544
500252
925095
268550
442424
762757
640581
929313
515264
465518
816092
914971
33669
223024
712256
902448
818581
10040
220996
789764
484338
352955
991109
431785
619045
557063
768912
376637
318459
178293
468529
90289
987873
711483
516377
255204
121687
739102
279083
158893
360660
772
117987
205048
91895
79975
980131
964103
392165
513382
12700
877466
591299
442230
947413
545258
880273
5173
53147
287119
37025
716319
888582
105921
125171
206681
440867
110843
640239
595499
316163
124155
768383
73483
218271
51686
584774
509652
477094
112521
561728
225814
873829
293115
138295
985990
396498
496606
159647
802966
730293
160964
71055
658464
663156
91118
744348
319867
412473
844079
493332
821296
182658
253615
607060
761287
955013
880523
539207
548858
964093
987738
195067
728715
600469
743755
901217
360817
206192
475562
889505
386158
817939
227713
782232
422076
102832
513435
966511
75429
236176
145764
202073
291762
203867
871596
776616
835579
717575
19018
933645
653150
158619
977309
198826
155339
760863
361710
730838
51707
908962
441201
580396
476800
142951
690794
747024
49080
867949
664109
672832
476763
789786
748477
806546
883060
820803
306006
841104
362989
222875
304775
778412
354626
231733
258166
818785
861144
197751
639624
924713
563110
762589
459736
169621
800529
985127
256484
902540
508374
749985
791367
543778
444705
675085
594592
424596
434938
216622
22418
302942
457503
105587
970597
471673
997228
403903
424139
529908
33079
38289
750652
215534
195768
439765
4930
783982
727269
823942
228753
969759
913948
161022
468302
75371
729338
698395
456624
363378
424329
312080
879108
998759
441429
678597
835530
983559
3935
636204
545981
519607
306667
371618
486192
281274
241844
88445
701332
691276
453312
610104
813718
928669
596750
171256
518885
739437
438891
602298
947921
492800
52068
969948
892047
881919
673365
278468
256281
799595
672416
675057
13298
506046
322042
113884
611463
93792
209375
955722
62833
313154
910629
689265
153496
770779
92270
418116
825713
55485
221880
45021
436583
622675
589583
248327
833432
861242
235938
977381
97206
692280
273650
388545
63694
986141
255078
861045
354981
436405
432316
349744
288510
328614
668506
185126
86009
368941
465538
850838
48726
257519
517284
830969
702550
10942
73294
830212
692994
895595
872319
396442
297157
801027
456985
390866
740980
818599
836532
92640
799535
808972
62735
746914
922975
806155
791329
67401
536094
559141
970062
510178
742007
421527
810805
356224
243202
6422
677222
436552
940146
373608
200753
107481
422186
23903
311001
892950
56969
753010
797224
748881
341639
240313
63068
753493
574007
557381
427071
162832
181612
372313
691348
725339
446968
671561
155373
886952
224016
822638
694938
480967
681611
69379
210555
12308
978633
685024
279863
972033
33264
810320
801221
191420
666962
364241
162279
565308
76458
872103
548151
883757
267205
961757
491674
502646
634558
395545
566929
85475
463266
348059
389038
158900
201650
383314
552483
81537
64902
997403
735478
485640
913934
642071
386833
86485
663412
657639
648565
412685
680734
507591
841231
317974
144015
229636
226851
658470
172909
925211
717157
689383
708957
701872
162534
778436
848714
838823
528811
38163
365381
383203
823386
339103
290886
191961
297486
508177
530065
458512
191369
503482
720244
706487
716681
166975
989741
83682
107635
562145
62248
840227
115948
601831
949797
760769
48711
140011
239288
635224
41304
629631
933994
40396
62567
44666
465533
336171
787713
258466
660237
695135
499944
369591
656274
789004
532394
947354
803714
876620
169615
41368
760659
154692
361899
585815
887582
463971
908436
477916
324511
103671
108078
550327
319897
334123
735330
85068
174103
309665
482541
629374
236749
878824
560277
358713
765340
806490
388214
40604
451508
606613
724218
446658
293460
676884
13351
336940
58093
540201
658513
548812
904804
219289
822001
214192
580918
983508
482062
470602
418423
209359
146584
414552
732147
389568
192212
267956
720309
351029
265520
71482
82661
653266
696184
910993
338956
284069
141921
741912
146100
12903
43971
347439
360107
369170
943396
14239
991974
589530
555247
747815
372929
636105
843012
591972
441252
345402
54121
384348
134146
844657
959454
520295
630651
307350
778637
735802
228641
305164
277664
417425
236312
709170
892333
322168
860823
889142
966989
432183
673931
860241
56330
70872
331738
28003
231158
543446
82180
895467
582232
118116
644582
50018
134274
827286
71513
934197
540030
423088
407415
269406
167526
983818
3710
30558
689811
250460
859788
692889
725038
314860
597322
340557
151970
306321
666534
648880
188594
396195
331576
645862
991974
879361
961414
511580
73249
116478
862819
832708
348686
964712
226482
893677
441785
619127
323464
113150
828794
261327
483183
735246
530123
771826
728519
643171
240443
200517
308168
104582
891963
613821
911970
345663
501398
711014
356613
734643
969918
895248
75900
244374
151105
130646
196276
886798
512027
864268
42267
347622
824420
870532
235172
51499
305066
337853
230631
831207
293657
580457
402596
710647
65687
578522
711464
287499
616621
616136
698824
262202
561055
471489
773834
57920
682332
112494
735588
959765
926160
708605
979932
288554
202455
679152
150542
212611
350605
789314
290508
785643
371329
519153
810655
740633
846024
971757
873772
33694
417325
157851
414322
104071
686534
732038
984560
663957
497378
165987
217188
136598
20382
828543
543341
440095
807191
633927
162962
160233
518457
192755
902363
110022
539702
599825
847581
140286
558291
531690
469652
824266
577244
688210
508712
900332
739960
736785
566930
87017
951063
543337
960600
885604
348295
720964
341748
300057
911462
336508
953939
653874
407666
574662
473721
183433
380668
791804
448129
573307
978620
223557
40578
179685
31869
464163
966030
535166
497145
641368
541076
104081
384447
424566
266661
420437
54160
989698
192403
960234
1418
659780
148214
999731
293372
921518
577288
652682
905432
679974
891568
351204
476166
852210
887324
799939
446549
777983
175879
517714
482508
402830
279002
804000
455903
720444
202990
854268
572349
461420
513072
350697
559622
151443
211870
457086
817242
186591
368558
556381
542221
920389
148493
825549
385142
375014
132676
756471
651943
491165
450551
682490
517111
330215
904776
518955
64314
874415
882200
621868
42002
3638
523118
40295
522911
875484
23920
860968
344914
659725
953101
437269
12191
565771
140349
147978
897553
820435
430944
300565
559735
680879
759491
336715
386364
967192
293314
713157
802452
888965
203591
74938
276818
106708
544048
295610
640471
524564
888975
889669
895782
925613
386891
86470
959250
68140
202531
394479
931032
874287
164179
513650
463945
108137
266319
530969
722080
721491
311468
374402
264114
998128
956766
25211
900995
233339
330652
532598
88436
872174
837856
712041
478170
54257
240778
759621
624683
733086
911140
122832
517394
588013
187072
123105
273442
798529
632254
940279
4198
957198
821226
166647
234263
48101
356034
879041
876775
448477
246869
641134
370234
757344
401990
567079
29556
961679
314352
541285
53677
269395
146019
843392
35457
656513
993165
159990
711813
961001
827765
770427
744148
219387
794400
183543
634823
942231
2134
170721
910723
234928
857790
120502
604267
114779
61286
403157
442038
68218
750431
83130
379356
790335
33797
792213
546347
883423
495133
200518
481142
19222
4951
823736
755180
405264
189426
495703
33350
375867
758398
785391
669850
654759
333693
218594
613709
635670
296611
867782
414886
898150
946109
170265
344381
975704
545454
748321
456722
830396
710036
514853
229625
464635
845448
106433
669747
296576
521412
233514
907353
86532
54240
31615
360113
180086
433717
234887
691043
572035
701282
840653
621253
722183
348077
563221
161683
103760
588353
604282
284474
457610
640405
348709
162963
854797
256494
431980
511149
162432
63483
496389
242563
943016
103069
887205
114765
353297
39946
408889
910002
589975
278919
317248
152922
75857
946386
119043
96418
342043
171042
431858
817769
497343
413126
465117
845127
149760
738730
860299
61278
17730
904889
764858
632136
729
63900
611060
196016
665708
983712
456011
530492
733765
767605
933809
632040
190009
332370
220726
158126
842671
29814
366366
245729
465934
163210
498846
708314
611975
69475
387699
151817
468348
509603
237216
677101
912331
535614
77314
202782
167548
938650
172561
820103
504259
150416
228405
280754
944305
193360
583874
873852
31101
975201
18834
198823
728939
822533
407486
170510
560599
141370
538105
431411
917600
164381
538184
691508
788276
674794
861026
379165
394483
893406
720864
648471
499074
675901
510688
141501
700143
665904
724540
844431
379260
602118
59682
473471
270090
908187
800592
109417
787428
51094
303087
958176
137444
443660
384841
454115
994373
868226
660647
478063
992775
854607
950795
981870
199801
97632
212998
640717
656614
380502
869688
512555
724958
105482
493730
888365
546144
862960
947241
264110
761825
474265
754282
653716
168251
596626
722676
133950
784821
323306
988390
274585
144619
711249
401446
19858
353690
940060
523131
819558
471370
528357
143304
328468
624728
688400
492262
955828
12831
428136
14492
91170
464579
675943
298942
844114
419801
918420
720799
778759
388598
565959
968436
667295
241171
518664
888262
330246
887898
885334
694675
71563
84431
70595
417154
382159
220254
526780
498178
684889
736701
503015
566014
130311
10749
356389
411646
531616
264371
461751
753629
977348
94845
274684
697379
814788
257651
787288
253951
593422
65388
800881
155362
383809
774186
355027
698810
145759
170915
613940
855497
683040
678061
454993
291618
595555
999557
132406
9152
622464
281979
863453
241731
150201
13630
734702
98056
409166
957888
543845
606755
926767
526213
338898
162172
85004
252813
620665
53507
67977
165340
841497
97489
938765
543459
79882
546012
704826
71500
337599
432215
48951
481383
995116
962788
399528
580972
948353
753847
599295
833644
815572
336968
687596
152217
692956
868916
744240
157422
164505
161393
311439
851900
91090
53484
255588
891027
463734
954945
104270
643465
7268
907030
396680
656874
630534
868885
503959
124796
431000
818116
272988
775277
984967
137154
856201
915227
377460
358816
896816
64256
494167
245081
407479
413625
718976
836336
79464
739953
396793
477733
63717
498222
567752
260819
229817
753528
518993
628649
152521
691489
663191
387778
316009
993526
600291
669796
159051
287040
647869
704018
469778
833207
240919
312462
373956
143812
829450
648559
814174
302001
336120
988122
315906
453808
357584
18912
52364
400965
959023
322868
94338
900688
810084
50119
66473
287099
23884
369474
863284
829116
656348
859295
165336
508103
895037
155365
430395
535252
326674
730750
497354
27848
305877
376950
601450
338243
754975
272338
483782
390149
261638
414027
76679
642429
351840
181158
615266
365168
405414
827057
122058
442178
953844
131739
445895
30949
817901
696177
176159
951899
271676
383409
226160
62889
346293
525965
341215
691290
653465
475965
5227
318700
263097
673089
829531
253468
242929
548082
628886
228233
721878
341124
925777
952135
891114
484635
378850
577347
272652
123014
686068
814158
115885
680092
165587
952456
31100
901553
112551
124394
609316
500789
403774
728303
629035
641834
256770
503264
433339
695937
240330
989435
979006
469648
440651
166591
849826
999089
730159
156823
986300
758393
232574
817568
429128
803027
888185
952729
402831
85049
122118
505766
173537
35022
852676
894273
822594
307163
59392
640894
238817
605669
527809
656120
544835
879719
214782
136861
823551
588082
884976
285268
828514
945373
859970
181446
445682
586410
878180
976592
9296
792118
129726
287299
91895
853788
238658
590870
831201
990824
245210
637161
785608
587379
643265
580790
95625
615776
58989
439638
926949
737457
500714
471342
570914
372871
683266
963636
326799
133108
203480
694241
357924
377790
270677
42165
624135
888563
412665
508770
426539
352996
37907
651158
722451
477631
979660
290536
792053
633165
893277
115102
640377
760964
438113
840409
213984
647370
875589
856158
692226
89991
613723
170625
503984
314213
780046
405872
84024
616167
432944
648281
412102
62243
58095
44857
458023
71965
439015
305986
936937
881026
268049
141032
48095
16830
522840
474313
361793
205690
445644
628727
580784
94773
995503
755747
23958
768510
295341
900967
760236
861963
117098
946479
240405
324601
485491
105797
247400
894177
288278
18617
412299
486995
818253
79721
295546
925810
36053
372338
229735
506860
285469
987763
65468
397844
966234
544507
122812
957149
381239
910479
829127
824501
488362
716569
617788
751995
42146
30383
287608
684447
181340
139327
245117
138389
392277
744533
556591
663350
970074
258825
700087
532339
942843
501512
232202
41142
792478
925885
675460
247575
214447
469595
811886
30711
759797
902922
126047
802365
375040
869995
80446
126123
605374
492810
690789
885340
113774
104671
187105
169564
660204
881153
879766
48996
598570
136872
943936
761072
832447
414237
271316
552703
7001
591616
892740
545255
565519
762805
635426
75474
710673
835821
902492
3928
140481
964940
576101
369339
183642
497020
904885
669817
83534
703438
451174
311250
899247
247880
419327
513878
15555
373711
356558
792809
524282
641074
846958
143127
213499
683920
381609
951502
105242
631912
575094
371900
561894
828667
258019
859270
582240
919584
672270
643937
468486
156004
263629
846097
929484
143195
15021
143292
584492
122888
314072
330154
923221
495844
378960
89244
218111
494031
768664
346950
803294
532496
628977
283561
788212
706570
678465
131089
348225
337662
572369
756968
251222
633399
397741
259062
457864
654294
986030
186998
554239
481594
608404
470998
554414
919947
455757
12106
886941
971812
319635
747917
675617
69275
546801
499125
737582
460974
583973
736753
535619
653387
486113
205858
695619
597243
888620
704788
551268
831725
802534
858072
949952
567131
352040
260479
797001
208987
632265
417141
220058
202628
418494
229879
380072
881211
204121
787634
833687
106265
906738
698554
649385
818810
50339
158499
409169
623845
405676
731392
684966
27603
993847
616182
114611
647134
34807
57467
144875
915463
339241
679665
700025
815396
134333
852953
536246
305124
421006
173429
615924
648769
212427
429183
530295
867073
96570
961535
71491
295016
271123
822157
868241
655229
581512
495523
926363
143735
641892
787806
423766
10244
679441
193873
8832
966263
418676
625414
139407
514316
875571
712146
966665
145048
440214
658964
110770
348754
919883
473226
895263
33655
591684
958159
331177
916703
490491
924405
536573
341530
804181
977531
292369
91206
219108
550507
766385
137969
803271
162835
471927
881637
833836
374557
311897
40596
29686
203277
842012
490081
315897
230487
45031
44169
56034
165659
128882
625900
131252
817918
501213
599676
49773
13542
259869
897217
673223
386898
868881
300486
921946
13587
254003
21411
986783
812778
602474
596136
954447
959168
541179
821731
611369
191932
592224
517775
714643
731588
241457
417689
796440
293076
498367
235087
957008
602484
601984
65512
200541
265689
143076
403690
245521
778074
324550
441340
521965
299725
686974
372296
208005
971070
491603
111244
881151
831435
460750
328190
876282
338399
205865
732378
424651
460809
791910
655049
343266
620600
277053
514543
625099
95125
985965
616849
895504
632701
12340
905954
269628
518234
465178
671081
549179
660317
381287
602512
773214
258650
6900
737482
601402
383359
308959
604642
564336
971250
993880
931997
584199
449223
158872
168332
522228
676123
287666
932848
867068
909200
553666
926409
665136
588836
916801
937597
732503
156464
10811
206050
356522
755451
491735
494184
697721
766265
567125
129574
672107
86819
442199
176767
256162
315700
818646
888048
558077
405373
954165
133690
199991
980581
782002
412774
655085
881793
492601
282106
128956
694284
904915
898230
675080
855683
704123
327115
861722
214432
12369
962137
258337
24944
328040
870371
974489
701715
205434
450770
530121
425360
517051
408162
75238
587986
184330
34413
66901
518723
315332
380562
151822
210692
144435
653058
906588
259078
25316
962279
871425
272328
699606
748465
687286
795885
53006
26942
587663
560825
195848
95204
46717
930408
88392
43358
957614
735787
942030
193810
340367
338368
194023
528187
170993
458284
487456
1144
481993
255768
95126
84528
925074
697670
340521
237728
955341
441006
819599
798850
534632
734201
754820
434715
685629
599513
206367
219298
16881
282307
658560
159432
206269
904778
127974
489768
265097
351513
939741
702989
38580
730253
435988
691482
834864
71213
469325
809498
640139
20871
902445
912997
74376
691944
769395
839211
562668
21687
640518
230240
791188
647854
653478
910148
825091
495990
362437
601102
331258
313119
450863
951348
268544
865273
645923
875866
595521
231249
973446
583572
664275
749067
571053
451162
645907
858137
591704
413255
412014
731733
538687
939917
867324
865537
8644
622330
709318
618776
162951
216223
679848
787792
641368
753314
84754
555951
647495
647266
840616
52615
254232
625154
328010
745040
987667
592341
649582
908640
804023
279524
756520
885705
951822
663454
515851
585871
500892
221341
269290
118340
592305
144145
921463
886914
557534
939595
616589
203717
407556
567848
895753
534051
850696
568984
287379
416296
913250
764554
358843
521810
594901
523894
295358
997733
929401
799558
794023
5932
483124
804642
593618
232334
326279
725718
273484
618761
555268
608226
137430
311693
196638
492895
432072
33847
497049
887881
88723
590440
584800
464301
638815
683714
357365
380464
610579
702079
796483
791289
54514
686893
521039
514812
271394
141706
766349
801892
773321
282488
211599
326300
854928
335965
482648
543547
716617
108185
257743
129290
714029
113061
884431
263474
475198
413573
479963
176327
91019
609257
517743
902507
470994
877862
494641
218784
547071
211148
962246
707630
427603
865827
718146
413293
404000
240199
102583
282480
430321
268829
129006
247182
264454
326257
581684
418510
211900
494638
810827
483566
946187
899960
824898
839248
904106
211754
553503
218754
451725
464743
896888
837096
39118
737375
563809
237129
398826
109920
297471
56370
17442
474326
652475
869258
556545
914913
998419
601588
49917
305169
830922
449242
248183
751425
398399
88669
882397
809357
405980
318358
881455
914737
130213
620039
264030
211775
954160
206307
752976
248124
508980
508598
635329
991512
929913
790322
438403
699017
648815
750424
353062
942275
983963
430719
318322
83350
747116
815492
341905
886243
43948
789711
488650
125500
772690
553085
216040
540312
101812
291119
313273
199727
326681
389551
733746
376056
846252
237434
953136
793725
400077
621870
665881
511255
166466
259921
239905
652620
756747
214395
29737
218817
801491
793826
585793
499805
785026
740352
202702
643581
835248
175523
392583
191949
942259
406352
587353
633993
79257
426645
189547
166416
444721
333290
54779
289570
21636
878339
264743
532982
387169
99765
600904
564155
718294
185538
960249
931113
91195
488963
204917
884034
947816
552561
747166
667050
623558
468303
621274
691616
703043
989624
110936
594200
473439
705856
161329
958199
229860
986506
215017
329066
940402
369638
960916
488035
982264
739108
54421
629106
697535
217658
325058
515196
479648
370573
707683
67482
728278
840927
9946
660816
807150
561046
489372
18408
528731
628325
546077
256682
184806
162329
458762
324411
190082
739714
817968
728528
29693
758332
122298
827597
879891
681945
625431
621694
641629
386477
885562
327856
253863
826549
585403
445485
578654
235876
301723
266835
157224
59212
260901
254608
215182
928485
135407
880188
852628
900606
284672
255187
561130
623677
784075
149326
958587
348820
771866
415836
254050
186178
582086
553922
861628
837123
796834
561612
818072
769174
714808
787439
210059
212969
777259
399613
28577
870434
216572
702531
50734
265292
951015
510978
90882
822044
8109
304072
272250
153440
133037
312427
761907
283139
158380
957410
84250
411839
652532
945600
663583
645791
663128
586254
327496
802800
495829
247235
864482
121732
653395
7714
183954
368738
392395
415217
150601
684621
974596
58129
608662
856303
332086
7295
830293
912994
108111
461542
294917
692380
745811
296414
36471
761780
368542
725829
300515
16533
291909
98104
869397
416318
391835
359727
46340
210547
567119
902066
477443
352643
464691
504380
318097
298743
475991
235947
934667
389972
770964
464288
23361
326605
8613
536761
294885
139209
485231
642344
920415
76
27745
153456
501246
89860
23542
536508
96458
798835
263447
252764
634293
738675
451486
472924
400048
906091
66166
117699
629337
479501
36254
501221
849
346249
803788
226341
288684
187281
768366
892427
254466
590282
67915
643390
286690
484556
173896
68574
941734
669846
403399
479744
320226
879313
961706
405831
435958
278463
488693
663579
229059
561536
785426
837193
519354
407617
843181
577783
975440
931457
237248
784066
474958
555393
892457
440758
738564
433800
238198
224553
295326
961616
428803
635316
760206
250705
943035
790671
233705
225447
702138
320648
652494
646562
808339
23008
36032
104426
960749
653570
437525
919693
25672
371809
565256
117607
614942
131437
848233
666669
658788
218161
310835
143254
445999
426956
817726
828326
918516
123594
448907
19223
988648
196446
358653
215015
458438
511742
59175
127289
97007
838619
460352
482216
79595
401468
579251
434159
565581
733750
352531
743214
648437
443850
356844
265562
518191
887963
572213
371204
810105
365770
16097
313604
935330
836208
667220
523842
781710
527479
861235
364512
851094
591957
675220
184775
542028
168166
712405
876877
459164
128997
255496
811456
421966
737672
169292
769170
749159
452853
684791
221473
804015
896676
360495
895969
478926
745618
368088
89320
900880
640862
891559
496725
15240
702981
34389
733534
665104
127669
606064
302965
431790
821007
797643
26007
390482
830334
992726
363057
481916
342831
745160
877423
581434
542508
34104
719586
115343
819161
231116
120652
906095
597065
81608
49163
324007
48829
432520
975328
213146
617275
299849
58844
662438
374088
941665
370150
863846
825474
419535
976939
739664
101276
374125
212706
74685
617782
583362
572603
303305
579416
608884
842403
320976
719755
268122
774262
669593
438100
791152
833218
425615
780942
933668
556980
92266
16483
691213
361570
715757
706598
832507
816756
363464
308496
307241
338223
425245
976662
971919
641888
836640
452771
684948
55137
820439
730999
606881
106379
401089
988379
27921
435512
601875
571264
228612
971315
983453
216564
926099
423167
40715
614528
708893
395905
843144
446496
234112
110154
630717
44767
6052
262597
123255
143503
135217
101242
876711
49058
522656
979516
286019
106473
234095
114677
598665
406630
521262
152844
641187
744655
168695
6704
740902
440930
782523
800388
844916
492063
200567
862439
393666
475175
511429
915422
301940
593327
983886
748833
206180
502113
649757
168127
941378
937039
155087
116078
982101
36052
674983
82035
556960
93129
637822
897898
719392
741409
100119
315251
464945
627170
570256
170937
44943
686784
930741
991328
265850
235544
421551
768267
595380
617990
406874
441863
443300
479331
781172
111191
706845
477406
675440
959644
165944
160118
77227
856097
421533
611857
66486
252225
663265
677692
745361
489205
217929
575936
639993
836670
654637
89373
301529
524843
109560
649958
13468
792456
406220
623288
888354
551459
253570
130648
390544
997884
960271
644328
544514
271880
466306
688134
769436
334882
390953
218498
930366
234191
146324
594041
365525
533100
524337
697938
16590
296822
131350
342037
525990
539958
757022
853731
624029
761223
940778
95254
47306
751877
798153
121718
138183
806420
142194
658068
875340
154186
446702
341447
491417
194490
229203
547520
509005
408798
182122
586316
668372
544224
167538
430375
962814
412997
913278
422967
977386
773174
178553
466412
487585
216877
536202
964081
201471
16057
993042
60303
771723
83437
26642
606111
5928
937579
572458
632938
318437
349896
666108
301599
551791
870236
296623
720623
416294
508393
270928
126089
425420
615462
831250
515309
108058
334951
439350
939503
333485
958634
882886
333834
666013
943488
938171
686111
391407
88661
444670
325257
450784
392287
324619
685597
415777
64223
573810
32195
220835
773847
30648
642795
430984
145097
587546
299119
513657
914599
750449
40260
622421
137884
954545
285211
127558
94645
88779
649114
691824
543086
127603
468594
766147
917397
556859
631452
104432
255581
142174
751221
657145
919042
333658
867444
501984
882067
374004
573316
855233
378081
102879
574338
359036
691202
99895
969941
36746
148034
540776
448804
394161
550375
746540
220088
95314
840928
169393
523824
941792
665546
13848
152283
98027
719006
219866
321974
200730
553273
874117
231809
462455
921673
740004
98880
684773
784657
520125
115467
813868
234458
520884
148626
82357
313591
978893
614513
689809
340147
443087
293804
464307
371737
263043
361543
304830
262239
379100
655173
747129
859183
476400
500347
95520
118099
381412
290191
236500
669629
634151
285394
251314
409073
766805
677624
425216
296784
677243
80112
194372
443330
685050
575652
445999
801470
19908
121359
198134
754617
855492
192117
990274
630185
426074
141380
73853
735668
445060
950021
111437
561146
527960
487167
43742
966396
443117
383464
501719
211303
403354
124233
301934
903041
170902
510957
754967
335919
490687
647237
164631
620896
930486
922779
522936
689306
824039
510321
343765
614047
465254
432054
959509
145147
817525
422884
921588
505581
8610
764729
172861
193839
425677
806671
898324
218980
441223
72858
469871
283294
582487
835326
321893
678345
377238
220683
131743
104631
894842
8790
135659
789448
899247
524789
683311
423797
183457
830742
515258
389690
907671
320508
594678
983454
627833
448215
856762
493728
922930
619456
925884
257215
619760
980494
999203
58918
122568
484375
906619
566323
69239
421959
913026
643747
998851
401814
978079
673371
155713
404201
757234
20629
343919
579271
326854
68325
782465
708662
903843
85223
617401
516338
857089
440456
214447
492105
496407
399789
633136
410838
718609
735107
852099
201943
9119
688548
619719
930349
479274
707491
20984
252721
531233
311860
976016
859501
98866
86203
350538
834622
135317
379567
48129
373828
148226
606699
744183
989571
607875
69841
127411
708057
807907
748059
472194
53532
6342
602111
710109
727055
37586
769278
143659
521985
990091
140298
15837
176899
655357
841746
515191
276804
472530
942315
529839
837003
552067
511324
886062
879247
489899
729926
708083
504950
707576
48686
317335
47721
188858
737705
122859
826832
314142
310627
376765
6639
408116
545035
797882
301596
808107
28511
904557
928028
448543
855503
56869
670298
565193
171025
758453
441923
711445
543552
222165
233153
891921
21489
282214
4881
64961
819413
74131
713347
405007
785924
788371
955214
349343
159980
398218
92749
985473
535125
451023
828826
287744
400464
833161
231365
302103
28796
281906
819890
197379
41460
41534
558988
244212
885400
672660
823977
119261
887351
56187
609724
818603
881942
27024
383921
337554
171295
946675
852329
504770
554217
906754
493778
896888
828256
323389
206817
945969
778833
984585
481903
806010
218389
22096
885422
52836
940759
669765
277638
700051
619651
266117
320272
449717
794892
68057
968174
293135
861594
799256
505348
956594
661071
593769
25560
698701
90357
240039
417090
230428
854789
543133
685839
348158
800086
514224
420536
572069
944353
415836
73402
881767
100077
70359
110354
939121
845531
17169
573783
602522
678928
691229
864691
664917
760442
744873
144063
180673
656961
691881
334139
596123
898060
833491
288423
789587
742509
420995
750592
529532
34218
431294
897178
200988
864297
952467
6486
95203
304951
778525
784129
725561
408885
234086
624266
808176
486751
79142
708893
449945
713786
562729
922976
247474
954842
233486
650761
215101
384909
856747
528666
649195
102632
365966
370042
883895
973548
529375
101873
472272
845843
910945
197824
664366
420541
105751
18523
681542
505138
484611
902212
536088
511891
953481
523077
367846
653218
304563
472714
106815
351466
918862
151512
637433
849677
532273
791022
659836
817896
18205
412983
723451
851621
701440
493416
421054
466460
388436
628540
456667
167782
451876
708746
85508
546945
207279
439167
398457
592665
823397
945086
482206
492345
896334
101073
217319
186893
674698
440394
804719
881491
738867
127098
692008
932766
492255
944461
153453
7495
632449
403521
795188
234608
98543
670593
803743
956918
743230
506466
312177
713587
774409
59577
601054
285868
336849
659734
658683
354206
619262
87202
901332
400928
165316
433616
401180
490357
225249
701635
515903
738800
133058
377916
377940
269380
879173
455550
387502
232871
858777
398017
532818
362915
463234
785614
695682
632953
289017
322941
225592
1394
159280
89993
894894
338435
430835
262669
142170
813852
723434
394398
148984
993485
416955
924100
608063
714645
49612
536725
655541
82761
275238
422832
332958
986910
787317
176019
335504
629011
501228
232730
766754
237565
821125
734485
734722
829936
898342
607492
362534
578887
255263
146865
256219
445585
327312
478634
7801
125720
169640
979994
136568
124687
266440
615172
877275
709335
111110
954011
36874
277166
442829
145088
608893
390453
735457
582680
311124
882524
184704
754121
587333
330284
188900
815122
944173
592560
547365
575172
691079
567169
876348
499361
888698
831277
465123
732880
744396
314819
167575
643513
317941
564478
602047
450947
207502
86540
35623
607976
625576
128569
799141
29425
140665
12221
92764
671443
133170
602526
10015
383654
431660
168323
761261
332734
259584
238103
252442
546856
512501
601238
178767
984579
867988
159351
606248
731000
486104
590070
910587
858071
641666
247485
653881
38223
481736
352814
311596
826314
133293
522768
778656
654243
905196
292243
485470
451013
910798
837825
890643
621345
536027
424708
970000
506571
547309
857486
167979
462258
481952
946537
472450
387514
787557
993179
254303
935096
308598
361269
54199
548297
921828
689464
944845
102159
977804
510885
514868
842313
266536
852832
140721
287246
106241
342528
852159
902822
246850
616310
951467
127621
229288
901399
442016
685349
884502
405511
244989
570815
694661
614020
473058
903461
53273
47756
899082
746303
266638
997484
995282
260320
226577
79143
688664
171652
253867
817919
366783
432232
898520
919714
166798
960838
301878
655988
616248
888748
14297
562037
602550
320632
705467
784271
157520
194546
107281
222079
618428
74310
132536
437725
894877
662236
270862
239625
56684
436758
164510
55412
446452
285861
861619
182216
437367
290697
822029
333237
637422
40803
361842
62810
184366
623672
237531
313356
651558
301444
96207
529541
778181
259512
944654
161900
221048
947347
311971
359420
290321
993240
556253
979796
372547
398705
492631
65179
689354
840736
416306
280590
93224
134302
545700
539112
989513
884050
82730
390893
966856
272367
116249
129106
527562
687978
907986
861260
504584
901527
102740
519859
130539
972063
637356
682195
566544
677408
156551
185296
700011
144545
735848
599091
755015
68848
407412
411605
291947
403227
698411
142182
636825
299975
23601
695578
474992
86512
483018
172530
325617
507773
195557
314467
27102
170751
705999
75108
407614
803974
839816
284185
955390
465632
407027
640471
375986
524783
739750
672404
322360
321254
72226
960876
20669
79008
1372
647634
370073
829916
48122
552273
106838
946329
554905
650750
55182
823498
232011
178109
654834
873655
106654
502828
10279
832880
63063
468783
529354
234094
990078
367513
920404
523847
809043
212403
442713
385357
955294
31469
962475
398277
474212
313758
79323
928127
656181
639610
156895
149526
998883
383567
895695
27078
402317
273723
26762
580581
289625
969902
908342
135424
517120
684952
350052
9299
959746
17263
967313
36644
447355
409438
622920
660668
589326
790157
352101
717827
335869
961353
449589
937847
858587
869393
377210
629129
52568
997756
618763
938644
585980
958282
797015
442426
659311
645125
438154
384733
523060
339667
394568
237751
876470
240795
592022
112663
522747
111186
187032
588281
95285
253921
662837
844864
481271
704373
503574
762194
60997
404194
169550
741840
920004
768052
2900
79857
389264
494996
359787
109626
525740
319572
120546
726108
197076
529047
991223
972969
840943
335008
991895
833780
992161
461365
740289
695685
234108
355247
461704
749814
700694
48225
840759
574766
167925
488547
862351
65719
426983
671802
877611
483133
390255
197477
87493
171109
466521
346951
494289
848327
693871
448300
355271
698378
345540
819001
570238
916507
87725
49909
447924
707273
871056
589742
923562
101249
533460
102409
773100
679393
226616
372458
613550
444090
11648
678844
16786
602215
315913
46365
211847
675780
687678
852393
930443
59213
152419
635298
331984
683285
520975
509625
375357
926368
281654
627899
626635
345821
596964
333531
799568
706627
36422
405080
774489
984006
442019
309515
379055
894966
315176
443855
334588
716853
767776
201228
328392
861395
481218
743138
519964
70664
649508
373871
25863
803469
303118
447742
526398
545175
762217
299468
288990
921457
864983
417272
590158
372724
218780
708998
130688
900134
326969
207503
793302
378157
828313
176329
728993
791534
642405
427695
583684
851783
189170
288525
839287
150820
743194
675434
3112
631554
235112
4497
76667
514174
971565
53694
459762
193305
627567
978274
89384
630795
42241
121363
422840
18496
397422
195348
246587
768243
237839
343804
761773
978214
257660
974085
245361
600187
257119
910963
822891
155314
949028
506334
185675
468800
230028
941342
359850
927944
249185
350995
657868
994425
249924
132878
12101
196867
852642
959520
817529
703990
19973
844541
368316
547258
912903
440907
763736
807973
166817
851213
770988
872124
87521
956199
115697
239434
16890
604109
157144
32982
637429
84620
153935
197379
190150
310645
276195
259785
555513
98
907520
534860
597067
77286
18579
31126
46037
897045
515856
719990
979811
710636
430991
703924
4643
508767
626322
408815
652793
754110
502753
434133
797296
947779
521366
112639
543498
421626
910837
500327
156600
129101
740915
972614
980965
713003
725272
444430
658284
25109
21310
768513
702507
230405
819065
560749
193519
229371
174865
227524
106511
348773
598634
190684
81492
692841
130821
868991
150933
582227
438111
74736
532258
176470
866167
622779
13591
573825
287021
838967
779856
180671
471430
547228
951291
115978
425740
340091
299720
165422
685138
939166
317757
253622
192597
900028
698023
961205
412543
370777
820715
12466
618117
523448
342779
827761
726895
243262
86948
926554
194552
253157
387203
345225
189259
869401
792600
801521
14637
270770
986675
382381
650618
731471
978762
56357
863816
820235
923500
624729
128104
620831
316944
216845
266443
566036
640519
264593
987328
950755
676433
543660
861787
308907
413259
484324
599474
885709
478917
289901
246977
212328
460338
428
503149
342572
254777
453926
987814
347421
960232
272458
23013
326822
500488
497239
23061
886103
328331
193067
59598
502269
880226
77354
243836
975709
854123
791111
999134
101644
782920
835890
677482
939182
394955
875550
734286
227785
897933
339950
639122
498565
15390
871867
20249
892546
167894
212612
76103
902678
373642
354803
738236
40802
59419
70344
878013
916751
386984
106084
158516
389162
809315
704948
59726
92890
903617
732280
412994
512378
496267
399727
9906
978071
540306
255265
827370
241671
911871
370761
837061
884388
552712
909596
3822
883428
575
377786
762692
904150
51780
483888
337239
414267
437531
193448
924751
86463
942616
326382
423277
439443
534327
52767
897064
118952
757256
297072
117241
477385
810567
646744
603571
468373
434186
784347
515593
387992
342547
225908
175540
947014
476805
805535
581420
26131
562228
240832
534547
160434
342357
739059
450993
636455
490837
321137
90842
825995
150149
720027
605996
825436
105714
504423
591861
267262
343763
828196
854961
764115
911259
551019
362288
455922
782511
406820
985174
676614
775346
950386
206909
390982
657595
570300
919541
844236
878760
881817
897323
138837
373516
853911
671911
994836
709571
391848
956783
201011
117223
966634
229065
864679
286043
655058
550430
571182
865732
562868
200442
219560
518936
473009
851632
817103
709646
812797
92955
431893
806069
855563
660543
84440
739873
310616
420557
821957
184384
556113
861381
884102
769162
776290
605110
248681
822999
43420
513313
560207
329418
759938
845756
191436
359403
446769
459858
650658
398867
174057
964359
504981
929856
67196
640505
214891
863752
644433
774531
685122
517931
284885
305115
933837
48193
378816
304731
864813
909906
513919
328349
895016
603460
790660
326847
53512
765231
799462
772037
860178
307213
882869
573470
668833
414797
558750
668799
983648
80326
608567
944044
947873
437001
865513
583381
105052
358799
853559
381981
137222
710865
107887
685621
300749
834935
316395
425383
431726
391656
623300
964463
615540
989312
270997
945924
868750
350367
639463
62004
192651
955294
716990
85613
976500
33309
552575
54744
542150
922488
2044
592159
351882
44376
665246
423311
164179
616613
154926
299545
219988
868825
183680
449011
426523
988208
512188
945308
48878
656060
188618
730940
441408
569365
369817
178089
768016
345581
89485
23110
694047
148993
565827
144262
634444
365611
307137
162574
847821
615700
67967
834489
746572
711368
359820
175093
174940
768546
816287
910538
757142
896294
462523
711227
967060
377645
447549
570437
119689
286779
754885
345860
993596
919724
247103
527925
908575
816717
940749
620182
651472
844616
143187
306538
869355
698743
474206
626584
422409
112793
813361
42419
568858
165090
88942
242517
166299
909036
887070
459428
409011
560204
675677
255030
585456
695743
829861
25873
445785
315908
822517
955211
490031
897411
355933
979024
937925
697130
586601
804610
964537
565721
196712
542843
972750
298675
696472
301742
312039
7829
661103
359211
980642
338979
435912
388097
334799
636094
38376
398973
912076
427154
78125
407953
87934
893643
660050
560912
397102
246439
791329
290838
307902
407334
268470
281157
108358
706911
182315
299498
599119
817197
353893
17149
78378
65222
435962
999111
466222
860779
881790
289502
875277
39739
215465
907468
857170
322467
225702
368142
159226
425328
815610
460152
811692
961477
162319
886134
998549
499944
98653
66925
901092
435702
623988
321535
384095
430839
776488
830382
901728
887628
964953
698904
874608
410181
725213
520416
291903
77839
238989
543981
585149
383243
268329
126668
719447
694521
419752
979569
18961
782739
612001
587483
176188
832054
616079
720981
618069
445307
729156
295320
745274
50277
540077
281870
114441
595762
543550
286769
79383
459348
299514
498450
266698
895738
542688
469942
502612
969863
759797
482651
411596
212132
744683
568280
845995
334769
972523
152034
262623
201430
634052
772778
15439
802616
204527
584100
425964
635976
184254
478563
341936
782389
994209
341344
483255
357889
532821
845466
479734
76145
333098
351383
551708
721758
25775
592776
78019
347369
212155
314954
281747
309836
678171
81737
942900
775435
790355
259903
565613
190985
249299
696474
333598
535734
421944
952572
910742
448166
455227
260892
133010
591165
5946
999242
291539
476807
554977
309263
622747
285668
545269
137586
611203
998752
322621
329111
65084
850337
834573
619011
781408
862585
543408
905787
464052
148444
508849
627849
422973
230379
320646
449120
478459
823278
128666
567127
57350
578401
377845
618961
718084
158821
866571
5630
481093
268055
741726
643578
434683
567614
855632
636883
487129
521246
83465
375592
260870
722409
241728
8876
727166
213525
190634
443594
2630
719305
497469
527715
376138
448753
273952
801779
770324
888817
439025
148305
508907
355765
910834
511445
945478
289767
596177
875988
47787
897402
777298
361158
528233
341539
110427
810889
640878
693096
149980
299518
5766
300881
669848
489937
802801
933242
503573
321559
782367
208330
337436
888528
304906
677054
607917
933131
517296
927903
104707
903273
444012
531666
350143
918457
672880
91854
115444
481859
621345
272296
285838
866336
740431
985546
440735
403270
793360
665026
771080
921826
42104
878774
615616
950366
749878
624758
292804
18178
751118
874730
881627
455094
498670
989290
104005
331046
546672
429292
919104
208126
452587
246488
644342
124373
825782
148856
286662
478502
364154
564811
728621
499128
976307
454009
618833
761824
621699
809696
56810
211549
926963
918668
733389
196449
211335
597062
891990
250863
358268
709379
463858
688159
184928
298365
63111
89087
522702
891360
937984
410196
311557
635866
245560
201470
362789
913301
248770
102329
606853
613441
227987
762239
53683
979018
240077
809419
524169
764585
311080
836921
977512
809878
414015
448970
264980
794715
530293
828547
219180
497540
337346
446452
119556
926899
152797
820694
191713
774544
563080
392718
726160
344413
530419
725070
712483
789543
963790
28763
581193
442456
724334
156969
949193
751786
450139
316194
852635
622838
935860
564869
809251
361259
307967
211307
493258
790170
269201
475365
270715
11309
40022
944386
334775
510200
670206
982765
435990
239591
688708
588466
164251
681175
403420
201505
30322
446018
321465
910475
393928
14098
702264
274410
347591
857878
91820
341725
31213
693010
419271
940432
642696
646384
759457
556602
765328
791317
769832
572288
430113
925263
532773
566391
942483
163434
213159
997255
953144
373026
979918
846570
897265
488882
36277
437332
950509
231947
597629
877229
105407
939040
732915
914553
132955
51038
405533
752857
512621
229305
32998
580523
864151
776354
443875
188940
414853
451605
122049
882045
195309
35278
759565
442403
334696
723291
929376
834984
587048
13325
518757
980480
814678
942792
903753
868806
258057
789946
996413
947140
610532
821928
257834
507729
823820
729828
116723
550165
796996
339419
934688
428201
975784
695499
703084
130841
942787
439121
746604
947595
83789
932512
128217
508601
47684
864974
729533
382105
780389
917128
402999
53023
386951
627046
260458
906008
28757
126233
908680
758199
404902
657217
882870
527341
225211
985883
966365
414129
419604
993560
662093
883423
85167
266313
492621
268285
429982
350197
160131
927192
9987
621325
398460
88077
992683
273591
950681
714467
180229
218054
45463
381654
662782
795851
726009
992879
880122
254021
304724
455630
217520
795955
101303
424586
547618
780810
330548
88943
20920
527235
627664
274150
464632
387788
209347
868274
955556
654174
383467
836694
491569
270190
760404
584981
993311
814973
520924
487441
988089
263434
251718
279637
699435
809832
578974
637038
869115
555626
806211
292212
574502
758906
818774
344486
80984
574921
532094
985139
246855
868192
978901
800469
881516
223317
952498
851224
332063
41050
122964
451641
849294
278000
699687
510377
259993
209017
27446
564529
487117
954538
967534
815983
615484
7327
761739
100990
333045
376520
920289
454644
569189
215745
783305
823300
801226
694656
130854
877380
171472
896935
3667
194250
707402
723002
852779
366255
957390
406442
37044
454005
144621
928336
119528
283845
915917
79605
355746
437201
967078
846030
382626
714264
574933
442053
735357
313031
436768
279986
812516
802429
516423
672104
283406
663591
254851
458988
32645
95178
979358
106241
37771
581344
526510
464031
293030
663641
885039
874434
280399
69954
94780
659230
639027
193667
273386
65391
71460
806979
800001
807535
402911
346342
951128
73505
982458
863990
523916
148619
725802
148767
815964
604608
909422
288404
629412
915355
230492
485904
810549
574536
216582
13303
870221
4348
685577
848027
48376
341061
768818
960602
744002
442171
333452
798116
781143
651670
650570
273562
494074
491033
196237
895762
70366
303276
663827
260663
632676
414216
434429
585997
78642
389068
29308
441043
655852
825068
533975
585089
602962
21449
578715
876593
514038
159707
263519
176410
992344
491082
600498
652343
444896
810845
659812
878086
976375
537161
326574
310508
692162
261547
732926
857077
245435
45649
294627
712378
576046
962035
645330
334747
194446
523199
97491
418092
26866
71506
154059
461229
30319
390274
552742
204592
600082
932888
605664
416799
782906
712731
988977
852054
529488
719239
875091
173932
956325
126685
206769
786191
174182
294420
734702
946957
247422
53997
911374
993135
300040
151908
660293
514560
749551
757122
884250
131435
262309
346192
228472
499074
616316
662438
706705
201755
329636
526753
127215
647765
363906
860978
862041
733048
555369
779987
557406
666746
224439
597397
360769
806878
642255
332310
75905
300984
732078
346702
255619
635787
271916
170056
876894
47763
209618
826221
307011
348510
852242
106235
62407
699028
361127
472213
439311
701208
887434
978869
164183
84743
5517
242813
280287
970590
895576
481706
596338
84664
841343
459625
874964
670452
727484
991108
710983
570101
789454
681781
238842
836995
563821
106779
638351
395790
214888
368266
757255
914963
100125
443133
719885
468568
812693
667879
907291
209233
922362
204838
519117
959013
531061
852121
689344
302026
808232
469768
375782
189004
731845
550978
782506
702253
754761
604484
599354
544743
694745
952789
728181
257805
877175
557359
111155
282320
806945
122583
282539
844060
823942
75854
861381
901794
421989
8480
114749
654449
145733
719577
818480
955390
728523
942423
236807
484802
259003
576251
101117
727618
405838
212217
606862
208042
748459
892175
281150
439763
164741
729299
237571
439204
207762
754980
881744
679252
248164
354179
275390
115533
879205
103098
187161
575788
500019
499130
47493
813349
805654
741955
692492
443076
264090
957756
266757
973710
187598
910690
287841
745606
376023
866333
972309
141515
218993
377198
568415
726622
874820
700549
167096
90434
841887
218928
840405
970044
372179
965997
331417
166138
228014
418720
69018
644944
626579
457248
754894
979933
580723
606123
540306
201292
956394
220218
735766
233463
816824
922032
900841
844965
300250
113772
460829
854580
718404
305277
922135
211602
784958
598837
989173
487333
919000
358038
536284
131211
531467
911337
161564
490171
847854
623150
791298
819018
929810
954222
900731
477386
4538
437100
692064
972493
827450
982714
263011
666119
45803
834663
112723
814225
893575
174998
533583
112842
725736
660394
892229
67736
142168
679261
128422
227084
902740
310448
889576
463780
209122
578301
403191
894826
500492
562920
688249
223161
474424
674612
254332
912415
87461
74225
847231
368606
520196
543635
88410
649293
959728
541919
986570
460828
719308
152702
926109
349301
732600
191540
255798
621885
714416
517034
928574
631545
395585
493223
281640
934350
201447
742429
596062
516065
34312
255392
873421
525405
99847
679474
201034
933522
395271
309369
633759
313594
960444
346577
104886
205784
349039
334142
954657
648442
970958
666426
397316
126813
604461
850989
833504
145327
475101
752763
18620
760495
209767
323639
531634
844528
525926
727157
596435
76029
383422
605372
235768
665751
736764
334106
492774
380698
326156
719570
170461
588478
379537
295857
458877
368376
368613
320127
741334
921280
969389
214480
775754
54958
340311
683130
570657
88958
120755
196257
425001
199410
986923
312941
340168
415319
648481
169885
21408
352351
275235
576053
278941
313517
450061
487955
474398
968048
651324
225568
181437
140838
570922
29793
715581
53698
91435
521453
201807
155881
342211
983353
451649
450070
681633
377423
260868
794845
108028
722654
997528
187916
808521
966826
740758
362605
256598
792804
638617
741224
937350
516180
366858
743621
815530
660530
249927
67344
603832
292757
460080
132245
99050
159235
640653
482891
46197
673254
732255
891149
725604
159584
751234
139651
86737
87413
623931
671
404736
936423
237604
368643
924440
16223
709617
794112
818239
235079
505950
639162
164113
68405
97847
20327
514876
615873
263555
186486
665402
369911
175054
237836
640748
660392
17298
891369
143120
235931
431617
530409
24159
358049
751410
202343
815814
145030
334757
103676
281854
435939
147125
151909
6602
660497
73049
391491
588237
315000
821014
685179
890949
695493
283013
320510
188968
782970
20284
739107
471065
878111
75164
886895
18823
703574
870519
866423
759203
3340
113179
603484
966203
713483
703552
115894
249656
645613
151690
389836
366768
527276
69498
294142
266857
846676
966583
350982
63467
189657
63797
774867
839233
130629
668864
805845
211532
180490
644647
67415
17667
247989
980871
824645
203274
927491
859059
134799
413998
514254
621181
565926
533819
156704
345572
202212
492154
812649
35674
790664
746507
345163
274480
684446
886618
110225
953632
438141
164353
803584
676150
970538
803322
464070
293277
129243
487487
765839
698562
3669
559233
400375
536231
642166
992769
506585
929606
526095
982797
730950
624927
273769
468570
287698
79072
352105
814267
282888
509681
988942
606012
600253
929433
465430
228381
260034
15120
15873
981038
943795
108449
837485
67780
322156
722747
42848
896533
196124
837910
124964
323701
640945
5245
246989
986222
724595
672699
759190
53173
744237
663526
286698
887951
739269
3203
997758
598976
925677
814548
627035
643435
442098
555461
11769
948875
2866
118063
323143
674764
485867
523462
884552
967175
416366
588774
329111
724249
684785
252917
656907
930719
852804
667636
409461
563727
873884
116840
610438
113718
747659
639903
10894
308810
813073
404129
101087
953515
301068
549045
493584
891771
688394
488716
630813
886870
30079
803790
714156
449072
626578
212288
402218
764234
958034
959951
142996
964369
219078
10556
263314
101267
404257
102691
905021
354718
139988
743529
47810
45943
90110
748417
145374
232948
151359
486875
62153
798263
932522
130347
549167
142919
938776
678481
666009
51212
899417
408618
659691
576935
679622
108723
329734
15468
566706
924949
307213
769661
515391
268945
394181
235140
845068
808968
922134
870988
678604
471720
376622
851004
827762
652975
904581
507378
60616
980189
337083
537592
51295
989434
414813
673766
679585
433473
175366
518548
998018
611048
666402
942905
172693
25677
679246
311909
613563
457726
439643
215319
7286
201317
270514
116732
14171
577934
301009
118661
380582
460567
298419
899043
720552
899443
747214
875746
657115
526746
659190
936351
407446
216593
762527
238567
653083
403985
62592
396910
243086
120855
937554
786601
402945
524872
246391
319816
253546
365630
697784
179539
786742
85683
752103
751264
122678
266760
828195
31662
678904
508147
618618
572706
802417
825412
722857
808347
592982
832658
400382
426996
959497
488390
928158
376341
630704
454275
808867
847222
492258
892977
136029
570162
28667
629413
547322
822340
30863
747502
118592
835360
719931
43135
727734
75696
628823
738100
759971
221225
193991
272771
162670
903434
267441
255232
60772
847921
142537
755276
388057
713882
823431
100123
392549
782964
149114
104289
638799
970466
199670
555417
370248
406155
644649
545138
856014
597662
794316
172438
529841
364517
535413
475479
835699
127493
103817
296569
434120
706384
58894
937814
183484
61895
653982
732530
124724
836335
792695
23516
835724
880078
396336
607549
521248
156098
755334
869760
447334
39807
94421
289822
178873
580131
765474
458244
551025
632504
796821
248484
287853
244229
399108
798677
735666
811473
596330
51048
575277
974261
133366
203272
779220
407133
173952
4493
135531
940635
74582
112093
170531
508775
5301
249919
592796
523127
233235
294142
814091
266807
957913
810422
396791
135846
236975
167102
967198
780301
310255
219121
931572
893788
548091
847131
275723
380770
768618
561277
801678
110568
744029
863421
721063
988651
264880
74990
269121
33461
172172
21495
361511
244247
532186
969186
73227
509829
908882
464323
853411
856526
258737
978115
564910
209398
7433
490888
793493
956017
705778
803651
494316
396478
542750
250901
926935
159518
565899
509726
358729
370289
135121
546468
215912
943659
265307
108317
773837
339127
696178
237146
144295
287336
995701
195984
440703
961560
179621
393027
831382
775711
661341
916880
509162
530930
685406
789464
391255
816981
259336
141701
429147
172030
850086
51514
353138
839432
394272
359131
249248
21648
658195
668982
683277
406704
80318
605964
474058
427606
218835
752896
385330
879680
868462
676315
197163
866646
576545
49402
537164
634467
267885
197205
331545
328049
761998
331372
403497
854017
754734
484303
396328
180580
808697
966794
228217
93177
261584
385900
88947
911364
881431
374515
868877
357735
877225
330454
952148
699775
975467
168879
156696
944733
689662
950530
305767
281759
675214
798446
710641
652203
79431
839599
653131
138823
573800
274573
549135
568728
354863
992996
42912
318773
162868
609041
647755
684520
310930
596598
317704
425601
986432
84011
812961
798742
801277
841345
672746
154138
951146
801268
293678
128408
713201
966252
580202
678541
527907
430000
315570
444000
35872
806504
684274
744959
393391
291917
995792
412631
7982
863727
543788
628271
590243
767394
328009
658210
496432
623750
797637
487991
741221
579634
617860
450207
551792
294205
853739
376714
829359
764008
293384
686374
97702
91243
827727
847285
338060
991386
50432
965833
193088
155124
582692
453919
968473
118793
607669
783766
509403
419653
123997
878026
487557
212700
432023
876625
913607
959636
706738
840274
581264
325290
494708
187261
788806
154594
546075
229866
657423
637230
385791
757842
419596
847290
116499
237924
721894
733458
453962
805829
557696
189361
929622
352487
811788
7527
251083
420101
988089
151590
553058
419128
826634
402409
473818
383033
130370
406080
260218
130420
954300
558973
3569
542021
90199
50485
572957
128145
143182
937075
877994
409347
916773
557439
800595
477090
155263
945990
970692
381324
445965
89254
641248
335122
919649
281560
641566
409775
118432
545019
32718
536805
213910
904313
392442
21238
879588
229208
525671
864188
187604
312799
785979
332069
717709
604834
630776
824975
872802
670253
676006
825852
462596
208201
473040
419698
145688
622061
176676
860722
134307
814277
257726
220370
764706
434327
70718
106873
88311
582424
278933
36279
497981
265994
198431
378559
775036
532624
437611
70850
561464
363088
968150
351848
419556
682947
539028
522221
103028
518428
570064
528470
108944
120466
489068
166287
148900
117132
615713
19747
382228
631016
673354
598295
291149
695528
777084
198691
170231
808378
285133
65614
391942
232163
550198
701477
601072
420103
80659
272279
882361
376407
118855
749872
444650
932823
860924
338928
964640
294539
339912
72904
44928
15933
625195
278640
102472
251822
15797
827176
299969
118743
376132
437065
995088
987290
461675
826950
503276
740682
973167
898181
524331
795732
118827
801108
658037
499464
450451
909641
232345
32712
257621
779963
99390
987211
402843
696214
522673
86990
673773
693215
229086
386393
316916
654725
579994
758122
278233
218464
105629
500288
216588
301321
758541
848581
71969
248277
329397
744216
167572
852270
216340
980407
312877
998160
426258
750854
186047
472349
792718
773502
356426
972958
442898
946037
67584
300631
443688
619269
156069
235846
369606
160092
31375
899319
53284
364768
977997
60743
191535
160701
848356
968371
607125
476620
381493
593180
784065
375777
264186
80537
711137
682225
822191
59257
485986
981022
32205
124372
359549
39521
455985
87628
601451
935955
562076
626917
299572
547224
739091
65534
106789
674408
744743
731116
838816
747579
50703
622322
760653
493201
517297
44958
693743
594395
953344
276098
451281
20873
834494
755022
193823
840369
819747
493703
525840
578201
701974
607526
518465
725025
550488
33679
150814
698256
570688
624300
218169
771385
623904
392294
110205
301385
150599
974912
400507
609456
34528
612240
839267
117674
815160
426266
949904
758505
767581
799178
387130
811297
493089
629710
104591
273199
502398
885582
584539
992615
689939
300041
639715
650233
870285
100749
734034
617534
613665
464402
129291
450341
80821
346676
816541
795957
600286
743948
171540
837758
519044
902634
16236
757024
679842
261616
576609
284535
102378
332110
965602
849634
278470
682517
661539
297454
163064
966906
785362
365860
805794
762218
260385
548268
538914
627908
328130
452509
358677
303288
577585
39458
753277
668282
121323
599306
838077
672226
831164
924523
525377
118371
17142
565684
497722
439461
199869
566734
199111
298754
450560
563759
949679
339866
402498
426875
488779
945044
609174
111446
391873
126513
219177
616843
854250
439950
446009
167122
592341
737718
485540
374785
267877
415777
832283
590930
289685
850638
969845
696141
139868
114744
566944
293202
234924
230008
236722
447621
251156
101750
968605
760022
86085
368397
737665
805995
866481
300603
216796
308141
957583
207489
240157
204908
144187
38813
221526
130544
666427
76770
94159
227037
431773
702065
237174
104833
744316
811798
898420
305470
11873
16641
684764
843471
360325
129631
243069
633656
33845
335572
941655
696782
416270
802455
198954
620192
6952
489963
879465
390337
137807
407222
621390
172403
917164
180351
247495
374578
953731
268617
187918
467610
851990
26502
395030
955061
25510
799738
744225
623333
532505
510510
850671
400299
276535
758540
340432
235921
358862
280286
759835
724986
437430
195550
917879
176388
690095
67385
613398
289175
711014
525413
188290
231629
696663
48667
277263
136126
508940
475123
199472
200038
754243
716572
982182
879285
27373
851508
848467
243892
852115
110858
753517
496079
164755
420973
132814
988675
758985
333873
380071
137061
141321
407486
842773
857548
833352
311636
307020
403996
104218
226783
668080
829808
914709
946674
132994
229859
40277
834275
240951
491003
450138
264452
476773
701939
627339
486777
151318
897380
872413
460219
968511
97359
613199
729832
873867
737545
217933
297668
979536
373571
455732
606672
500451
955957
532213
475461
68551
925671
457235
904621
161984
662684
607878
374431
525958
513499
952066
579221
842773
444059
798929
916971
939937
112202
631133
640630
629351
672250
382858
835391
434527
623145
732096
36443
694477
604715
296838
784808
211639
768886
686793
618086
553649
149450
114365
952943
744340
967483
76379
681620
26061
580892
606472
261718
142353
126346
723414
862590
884462
701074
198627
404378
980349
88448
419679
722260
774324
951109
875500
525744
329432
726532
537438
118689
138511
600057
855713
747273
955411
951174
975802
697996
148291
175388
977574
45199
889876
828354
838238
253843
891108
940997
622844
106088
308399
815420
321463
615503
319002
841655
558282
611440
895277
721092
860916
109172
20062
772253
920280
953600
773704
122481
771460
428111
647739
989965
589582
915627
942444
889895
637019
619528
612173
142919
400697
846781
368504
192147
725036
30368
497029
859061
324358
961084
899770
593899
447343
975537
757410
906602
428037
29993
751286
441712
943068
325042
128376
361893
850790
564925
551007
673901
459438
490098
490285
609293
236671
572334
352796
408695
194145
914906
865334
441843
265539
793065
369284
55468
397556
134766
557918
430613
251147
628439
216226
605942
552743
816714
87808
456215
832401
676954
917553
375431
989502
666662
983431
378377
335920
362190
209760
657756
78459
138707
494388
382438
429413
118090
784718
455804
681831
85885
395032
316752
105936
962590
512142
160504
639689
377257
522197
768087
621811
979285
942628
213162
207788
53174
733152
384241
514993
575218
430278
301560
712286
852253
488386
994688
503760
748916
625948
829071
757611
200563
727698
123601
372535
876307
184448
545770
978533
129636
699068
67289
191856
133442
165694
537226
44703
935543
819708
621752
165862
174829
396564
975804
749740
150350
831651
627127
985960
510010
12723
921753
308197
668004
726737
690891
351332
315210
247547
271999
492192
681743
61816
206609
305836
179638
862146
373210
254521
482173
264287
548946
691188
302228
774158
561759
574412
166968
499292
812926
611921
480177
405846
946125
654904
728420
37400
132146
181691
982677
13188
545836
224605
526461
14671
339700
389451
114308
365877
595087
604894
658716
101837
879923
989117
512570
630326
95379
656160
147120
90289
831049
786351
500523
757641
768159
643016
28103
499821
415803
328288
398858
156382
992164
739073
740612
741251
388341
503921
596993
515802
887133
639987
946024
733641
33359
729447
612083
177298
93645
688076
113675
44965
322317
305254
68223
369872
853445
266619
197665
85522
727576
598903
209533
120461
376668
756335
51639
387225
664455
253314
600704
327925
302071
373531
890548
687000
716827
162964
256212
12966
203457
768693
576603
483006
931132
79770
77374
717296
680241
316274
780805
111948
904959
311588
348929
726997
907400
636492
981161
891029
545312
760354
158933
340426
771730
39163
941590
399934
872393
434730
665072
698996
463970
44223
575541
658558
387659
152239
527423
396908
394200
151124
608265
189406
234722
960587
870634
26747
20700
518907
578288
498810
787124
60085
343573
216990
17697
188919
284512
765822
503311
750667
616283
705602
760677
3597
542765
388714
615663
615497
849747
493768
930221
140994
653119
93198
289847
482576
828685
904514
746123
985825
909662
123662
55349
176479
666515
343283
61657
914418
248232
121310
149408
499037
489706
177363
343869
560579
917718
262598
411611
987916
979792
785096
826917
618467
880317
753694
31345
185175
146877
408686
588426
769505
106568
774611
446232
518789
934180
877903
619374
997969
323136
772128
923440
970498
40497
294635
636959
788678
934790
725717
51331
877213
883849
197425
24564
500953
446741
73491
113028
79556
120015
932803
472204
532128
554306
797198
323154
444489
623835
731062
996244
506487
818685
667849
163444
320480
903938
612623
625535
148794
875216
461277
951579
99998
831379
520262
970125
4488
542684
91441
353061
973435
419734
925574
138183
42049
867552
249218
78806
756432
778252
415979
448254
929800
451572
745373
449822
130137
181427
708610
921809
696706
394119
195808
742808
737268
121985
601740
58597
445781
2086
391996
343046
968160
117798
681850
249324
717161
295414
637109
212184
235774
291340
475186
528161
761770
155319
937695
565476
340435
307288
904968
507912
168835
762625
736354
44012
900355
172392
153605
414128
201379
972423
665207
969181
683479
861140
465827
785074
786620
461528
656681
331404
174520
842926
132367
446128
44030
951259
851413
75384
203057
996740
424229
187289
400672
250512
464681
1613
596336
927259
554551
556513
238743
516883
806376
776605
984516
64371
813318
276235
917789
115610
392611
85798
460192
159111
682630
252065
516075
361075
44097
365584
88086
409291
45086
518711
885118
973001
30328
563118
852957
146350
746533
891117
222677
727134
551889
860282
756556
25112
231654
778924
494256
670992
5927
893018
143771
405418
912092
261349
48082
397077
3112
14175
922984
40450
961526
687319
950912
747264
115154
31171
746799
630006
227540
116872
840832
186620
7542
246248
312849
834774
849735
107400
359066
720909
814841
13661
461646
421868
419412
622387
261850
192148
789709
811034
775754
181692
626545
760173
662731
994825
200508
352384
887179
673798
71942
810533
541052
526208
941981
570459
366584
630401
276398
453140
176319
857127
994396
747938
569755
123552
417587
225661
918117
207427
253750
789427
265632
690510
929812
329772
439490
202744
569401
719257
188819
526899
432833
59833
618607
297664
390856
862472
86821
994798
114589
681028
159874
500016
505941
136476
986472
677722
855931
689208
557399
981560
11813
37151
601614
328715
229090
640201
649034
234465
311311
776066
616621
563280
300873
338296
747962
972174
444348
110369
136829
926640
847386
979083
165704
514621
776232
397633
394839
428143
669490
718295
292757
424965
512287
159827
768632
829063
330079
35832
633607
977432
882112
334064
800955
522033
581600
781781
119171
158592
410813
963228
959906
279004
961577
799774
955124
354531
606361
483397
120846
530546
766876
574223
437826
368256
765736
818050
570497
628247
189199
441709
195356
644144
379217
76182
494243
911467
978316
190341
796782
142952
712847
665772
982202
800581
632396
540401
887082
409972
183147
724634
905647
335351
596475
335572
319491
492155
260355
851296
173327
262798
211959
68379
349101
409983
790086
705640
963463
416913
193424
111675
36190
902427
610421
581509
997607
325183
5577
547767
199568
465477
483876
693045
517344
95955
516501
366682
245948
511563
960950
926625
571141
13121
725210
279222
764063
351639
923235
247578
256653
54072
902641
486381
855224
604077
591029
111579
567759
785951
327971
894630
399943
910826
718086
21643
976836
228057
292461
480468
371984
741124
558403
806841
35591
628675
881468
616820
276630
42446
312620
147424
372632
358771
145778
440205
112223
127090
201361
103970
506004
508664
675486
447727
113590
898038
162709
89103
139582
476318
267655
439286
654243
45754
286319
110749
455161
235881
482402
926407
706549
611830
386276
136750
788363
707798
359575
670799
741240
291838
480590
560335
958236
427871
693119
773001
943359
866111
517911
113589
571316
762869
275560
921206
121946
9153
439101
209215
174847
72453
685327
318243
711456
781796
59280
797753
922252
257910
925220
850664
559143
988517
351535
513045
600393
934951
154313
652518
565318
44504
172622
77745
648841
328691
676179
85958
819353
36333
71667
227797
823422
175534
432647
30846
879420
80108
41908
476980
922366
564966
808861
788108
680782
234618
129785
134440
785665
132644
343104
183866
155440
193556
572544
95863
823968
975083
617932
508186
998275
739537
204371
439890
961304
928949
993230
714890
23341
866978
572115
864978
906949
141371
684103
22639
87828
681043
990705
401852
873767
917739
575721
844090
954464
970825
301615
30460
406879
696113
939863
63208
629501
709123
954850
929962
363186
695088
128617
650683
582550
54810
59443
859785
13508
340808
311013
112964
289307
661507
939929
707397
640734
241295
544967
587034
908987
952585
978527
747250
283689
960218
848441
441698
484394
18773
44260
778130
55856
658739
854811
386311
709916
288616
891606
710797
481953
213985
651836
6592
554055
625181
421621
827319
707276
327845
869470
134158
803557
732201
703190
906959
218850
833721
685621
453372
600815
664733
583261
671420
958070
820945
345256
727584
15202
557856
734273
930128
415487
528155
439438
69334
718525
530870
364811
450567
47636
555776
334898
971721
370881
288126
416342
493638
640814
655394
889744
410540
868271
804781
75792
748957
439145
721182
11157
697722
92045
530581
607991
353543
157314
437513
966113
187
795425
238883
285725
583271
615129
263989
118024
286720
736435
363354
841828
879819
463473
200106
243916
980516
415631
316762
440962
971946
701611
276847
592164
914250
504960
188189
811134
132391
377806
670208
96185
667747
896086
864438
442672
348941
48193
252439
441123
158247
932384
663570
113092
595474
358158
844453
670063
987096
248882
705912
769079
531350
344225
834711
457115
288452
625376
215178
718104
293347
130311
947987
342360
282946
535425
481604
465160
377132
878639
659898
176519
360561
491180
935930
858426
215567
126827
672422
826812
164542
11581
848091
775667
780373
716336
888746
529598
272860
574865
591410
358154
712815
780945
922455
2372
316037
501345
584617
973368
918535
633715
175801
232275
592122
546405
127049
336951
558507
615745
802104
475080
577108
565463
727993
917211
674618
526269
227343
914949
337526
102887
418520
240895
357968
311263
228544
767091
929478
269280
822998
361189
116589
213269
320251
608193
640431
839657
355703
190205
739762
116042
576933
313514
894426
489024
782159
480029
7268
925988
222676
360756
528627
22334
995462
109191
742440
550911
353872
642093
602090
272151
750292
738152
76805
750708
230547
653742
628206
481113
437702
955284
946533
690838
551113
209945
436723
400745
759991
173965
580691
198833
85969
779165
365101
512075
253271
684411
245757
198540
118329
223086
727186
760217
298023
953011
144755
767397
475653
409231
248028
614280
440058
163058
55398
21369
938280
1353
1668
149992
722038
477665
55529
247994
299208
670707
259591
491042
896592
276880
126579
784921
569918
27562
72613
880249
10835
931452
476251
994812
212051
269399
304796
483916
619289
637131
921754
591430
641156
533998
729009
245776
529423
163596
70476
939027
636223
113387
165414
511511
34357
942009
461934
932794
447715
55956
625604
93645
935835
722998
320801
916555
322179
492923
429267
939831
699749
750481
793765
233553
479715
252923
757213
441524
816264
983425
282846
838223
429369
942072
512366
681726
275274
820330
892306
508164
141549
430561
496662
850407
466373
263765
771113
880360
663064
294383
155236
308446
189027
640633
758635
226222
997704
838629
777324
897577
852835
881655
975045
261058
751930
217743
344386
598250
345746
437783
819012
357066
264478
756293
558845
901085
241811
407565
178327
711207
617943
482535
200308
694037
119383
190584
126544
814770
40312
763552
127747
565124
204837
308895
1443
274433
807111
859236
564423
291505
775827
60916
344742
336929
220156
952051
433501
282817
583498
574738
516943
927131
405251
550230
528551
131376
858949
33665
494073
799665
877493
379359
786246
467991
512338
965294
268446
205215
945315
368619
544672
213734
238415
979637
378973
155420
317579
418400
923995
721320
921325
54873
480885
521560
76128
441457
329311
749827
250864
226056
581768
64830
229253
891351
484632
656823
515757
937945
136729
455409
789906
719063
131442
723804
505547
910287
257613
667408
76941
897856
730458
412646
338242
156181
45613
701171
302002
188267
647107
625314
789470
106753
300258
140653
771180
478139
138910
806392
456252
425043
742199
856330
23960
16220
564448
614440
378058
293556
625627
979408
435720
998534
63487
868047
7243
328889
114204
870143
497854
741177
927669
774561
320657
210720
270379
641619
411116
618560
918459
321774
566529
50256
337246
362110
187386
707632
339791
136286
297746
680026
350249
430384
596800
697831
604270
654967
811725
266107
342052
890065
408518
702159
796825
320852
583054
853145
212104
902147
791371
178330
147028
473196
739840
796548
67057
700450
716795
500229
503714
613459
547365
559604
729884
994501
423991
542167
265546
70321
858316
847887
398378
200700
841361
734752
559317
253006
273368
799585
114523
872593
914892
252988
326412
268680
289407
883043
570004
526217
126559
407632
857342
425113
35016
245878
668185
396706
414195
375817
946168
422483
140363
128167
857298
700052
829280
844066
708426
904933
181493
639915
143818
148050
931571
639772
57352
773589
984129
810401
758379
336072
621931
21892
559494
742021
84607
720724
529346
813788
700599
216754
988379
49328
61200
746680
721921
903534
678457
882950
24734
512043
555431
764522
815927
453529
728389
131179
468652
135270
560265
930995
357785
500402
598626
365974
156831
14698
490573
566531
285629
190150
116167
243334
79639
944987
238877
736567
479897
58653
740767
411715
38517
455541
215859
397140
939912
680187
581573
470176
576218
505553
123868
671243
12420
88987
509064
519738
561132
249246
29624
760565
51756
720820
353576
280824
20689
384297
72567
306007
628479
277174
423766
267659
793842
583575
867804
909789
760607
730763
547191
610733
797497
315496
931070
147935
698063
166808
615073
244899
904850
583796
589570
138720
9653
818363
185436
529597
323693
312559
557729
564620
574424
335372
990755
971794
427258
351078
129256
579895
100898
530526
44576
541895
683243
317184
608178
502114
831774
14396
558194
965254
376501
5503
402352
721399
203706
377838
650154
309513
127566
412863
961057
256586
676358
877299
565704
910798
15472
872948
273241
694935
827187
10951
145475
548001
837396
559533
716926
306824
74837
334684
398206
229527
901624
80725
894149
708782
275425
492962
461587
915151
74201
487790
646073
209605
341871
318848
830156
839793
204921
312277
235892
550194
125176
480922
441572
483376
250521
582083
857636
914438
701592
737227
920201
496778
770879
694920
90631
240121
68621
372202
286237
3588
887409
871504
340270
84913
267061
703878
670256
545904
659384
312735
723517
343099
484372
68780
715847
483176
174174
542806
954025
8654
504907
888797
409880
404434
277231
256685
639288
985933
559521
353242
793291
321947
527227
737977
520196
745027
567294
130330
803194
512510
805842
151525
134712
895270
976554
715408
774065
688700
278022
112954
690384
612438
940498
745127
213742
907939
71340
42329
870557
889756
820931
535623
572193
640457
465179
923260
238078
726317
279340
775567
386477
162512
365674
387451
777704
787495
824736
394778
949285
376161
93174
240515
712159
300624
938705
128892
218447
386675
689561
422814
508730
710108
664150
544452
757668
737858
534900
258351
550050
623653
107557
942650
672013
520538
151397
393076
26642
453234
618905
245279
701095
648971
672849
746116
168216
803058
53228
388849
762239
556083
218395
263953
487058
391872
863998
330534
71318
75962
903722
154469
385906
965406
606860
124077
643038
68623
714151
832934
518394
972476
502137
248627
149499
533485
408443
205779
376256
361456
15688
659929
269315
927834
713301
176262
798187
492604
192414
232384
119742
846692
168674
411505
569523
386060
27972
184575
114085
504484
805779
378659
837348
438583
323619
754152
925542
638268
710106
796930
633691
509500
921479
982473
930718
108890
204908
454416
965127
183556
355292
460198
978397
2613
57087
795241
248105
452708
148531
561345
395557
660556
462733
533696
11796
541849
958269
714196
87403
151404
260943
751399
668013
475851
657934
440660
75476
936040
361475
931781
580267
625740
737883
907117
195513
947360
669862
157855
472087
723736
315516
1610
388643
841981
649850
145873
759949
209685
397034
183115
484046
917680
684801
418836
330745
722962
931073
94670
104618
710968
418623
877368
13978
953417
700607
382440
950933
209562
525563
974376
151170
912350
957187
932075
179425
259945
460542
513195
351316
914463
585550
43744
340948
468285
722258
904414
185604
396227
116421
448396
148130
172669
183555
422332
93146
247085
585324
623084
634997
874775
369185
906072
193710
929449
208235
718522
259557
14788
778748
210208
734061
103403
197005
932071
104064
32263
951014
767897
216338
7060
290172
808993
703042
988652
790196
61607
949293
466734
272006
276044
778589
33611
494333
747075
538591
835117
37146
688138
500851
592707
628120
474884
473948
230701
793611
971125
891414
984129
850978
362393
134439
59000
339147
51169
994446
565241
496117
5195
32856
439999
994929
593693
559826
791657
862770
332541
370457
283934
682995
525616
887245
428570
884856
283373
181284
9818
216620
186717
686554
305952
962793
652722
839238
875043
963671
338721
964808
893015
877547
317181
486367
294228
676561
230898
505303
426406
926692
509914
743775
427952
816474
817535
98809
400573
226813
116078
945674
169893
815892
248756
688721
969240
521888
771576
641397
753546
726530
283508
790006
195003
353594
322641
363654
8865
422858
624159
539057
204085
157177
424558
710391
699031
75763
650380
107834
70879
478989
764443
193362
432321
809895
796301
339454
945756
22443
473535
442550
586975
347697
996271
187164
28248
788421
671452
789712
862683
248832
505273
324194
147275
13714
352141
150242
81544
39202
193322
757780
694581
548108
378119
519680
122276
550665
219004
571301
909217
773229
843226
292814
63960
274057
91237
118396
318948
389936
415280
286722
903220
834711
29715
468592
560540
168982
8906
425703
813494
311179
916397
452428
556403
433437
134599
558552
320514
951902
440534
700299
213082
514186
999455
453504
883240
298668
66219
319068
752848
522912
61601
73440
990946
996019
6849
408798
506843
691046
696123
673673
578005
626578
793450
697061
559372
826725
534768
147229
297293
723914
158382
540531
173693
377703
406304
641490
230787
553152
283668
869119
164627
596601
157253
694254
283864
733304
293912
321521
558333
513513
602290
666571
992409
166555
591412
233507
559477
43080
353620
691604
388474
320754
183769
162465
851516
976040
696563
942278
490845
582312
549236
876329
700767
637854
979823
425391
715082
446731
710059
582508
432502
863105
357764
82162
783926
278410
242463
608970
181217
802600
700552
794049
153726
825016
558058
906073
817611
898864
265642
970145
932714
144711
36576
784415
112233
487796
78706
76201
107052
795726
695951
318419
451769
328018
198085
924034
648480
406787
655360
822367
601157
761196
381984
467368
624076
766849
449141
972320
934559
591652
214298
402663
566047
742659
744235
309412
689828
782110
22116
116638
49843
723494
427991
957034
372091
628993
477834
834559
697996
527082
773163
404453
943189
375798
144624
225740
668056
109553
726223
851193
508140
36647
545495
572955
390126
329086
167978
66300
329350
489472
26455
134419
546897
61175
259864
386806
584048
318577
309541
107564
368812
208420
455666
477344
707204
2410
835532
794482
930838
620333
798220
229992
551590
454942
389941
338242
975181
227486
734128
693099
919296
684544
726241
683787
973884
231462
4261
245562
617547
797575
873258
593486
238710
662483
608236
411349
678664
328557
508232
49630
88186
793175
745022
319922
420608
458284
805896
358944
823215
777798
284817
665206
145801
428159
826388
398540
706919
826197
607314
556922
986305
259687
47407
173417
657885
36380
717098
879431
453330
169379
831159
223508
444472
385812
614267
662938
979183
803766
607652
366649
511816
64538
324258
287072
201875
431140
895045
13016
547526
472745
761332
692090
983110
855220
161223
289153
615573
44195
81986
410874
442905
852847
991215
242008
492677
247177
978263
291492
136166
885663
997212
228177
330060
534397
382326
210605
946579
727185
620552
680052
398733
156103
197662
195711
684045
364755
454022
9434
224403
391629
938888
120563
914063
681205
866946
360557
785748
922456
721829
433940
559834
91788
446662
31211
919407
147029
171874
65506
903100
678442
627185
647844
672496
927889
48677
740876
419851
157287
819583
505015
440393
186492
312846
577716
122857
916123
729542
997208
220888
515943
672057
991087
632383
635360
998196
482381
635622
382597
216185
910658
288515
22868
755028
331883
562723
489325
889884
177125
972596
494804
191944
772509
466093
880661
179115
628227
417114
291010
827917
668189
184263
782424
262760
172856
582408
447616
847548
712441
817572
717105
433679
470417
849756
188850
447685
614991
853403
677437
367511
60431
337595
735808
150899
152592
774897
877757
550576
774692
917847
596112
723628
414912
141333
639889
171653
840691
439083
480527
279664
41076
227996
634365
611001
355475
116794
684329
989655
58770
239499
308903
440811
341581
530773
819852
750677
580628
531083
672278
644595
379225
234068
790761
706103
71812
22196
649140
508580
493733
33497
4850
985893
148801
531972
458573
800650
617677
109202
785885
80480
990329
248359
992525
177131
503843
543030
232798
568322
664364
434798
556358
106952
201960
207556
188400
506754
156463
987161
78247
911066
477072
468873
449101
602607
12261
300176
239877
672407
158594
41688
204209
513266
369607
895907
684885
325228
375381
405457
220378
909838
43101
28175
407023
766146
467988
658332
619722
413537
84163
667193
966604
641850
317434
88877
103043
213090
991909
729714
591369
789299
472054
639615
147657
288099
499266
237683
280034
794177
423656
819803
384356
301453
443115
910048
590135
993845
982561
741840
250330
298856
939397
235527
192073
757273
895399
849401
943864
38162
617667
660831
833789
288306
920302
296892
878538
411589
613292
491147
524119
975934
626463
416135
206878
589587
694426
928150
395776
562997
643924
823187
827461
564267
669880
274295
86785
695882
97881
221155
843218
671827
298051
991052
836933
518313
696941
745731
536664
484141
824522
634592
316890
908088
406718
575755
310255
874996
763950
861670
492208
46679
586160
799578
64879
449470
288418
701245
408855
323426
790806
528413
282482
858489
603371
901548
37957
82795
225399
888903
37398
38767
303712
544612
919886
378370
660234
881304
677625
571972
331754
885059
172905
394479
170617
103321
940475
709044
530053
877005
673457
77940
919201
883996
579710
946007
694397
284723
189089
323405
538512
987261
786025
700319
915633
61133
35158
287601
265478
681189
158112
170902
481811
234785
393233
337040
607348
636675
295565
816995
418918
772444
29106
505812
894783
847827
43034
814915
906878
631189
798589
208290
799293
199065
433908
128977
217539
623694
241624
19800
268086
215780
932873
707648
674221
493812
83851
131662
523236
256461
634314
826461
839433
414684
591422
348887
980147
361591
701161
483471
579634
667014
203005
694014
515393
23630
320156
555225
103960
933403
432759
488971
31006
374282
683863
583444
675324
144433
482682
37950
963917
354027
773909
953463
180721
680643
1977
571600
58561
890620
894928
286993
293212
835898
979846
492214
731232
358417
184004
426123
75509
538985
546519
258463
928579
13386
756207
829992
442244
320586
514692
167219
538611
919568
858387
717701
207395
114500
117575
422804
916717
776469
896882
504091
646466
47974
926138
695390
11935
133398
431889
930490
121310
997546
682140
853351
235176
390234
637749
339534
645192
115957
804684
611009
416987
636401
961576
774683
650724
961875
637195
470326
913084
829431
137204
302466
247462
338941
377406
3656
437632
173328
544422
635388
996502
24852
90922
47288
943313
287979
719628
638235
725965
869540
705206
812541
919880
74050
798967
370317
124277
711588
441131
121162
544753
99030
163321
582554
275021
730419
994423
163466
742409
768116
914152
132323
956770
638554
750117
440485
645507
543092
570265
461027
816215
745357
924773
380795
543806
845878
865189
970479
981981
468587
89802
630757
79760
15269
336678
460855
352699
636
602951
523640
110782
274870
947130
696644
691718
807280
451057
495811
639936
879719
908607
967866
904489
453155
785663
533069
546626
832834
713109
545749
794975
154589
230988
146970
473437
995289
295903
880045
346227
270796
337747
352421
53410
493449
726081
440308
682566
125386
215666
800613
805519
145785
541731
728756
379401
230555
951207
496521
483350
502553
789356
416659
574654
187053
715797
595965
252125
551589
124423
695248
55162
338263
839552
271845
456696
171810
551841
26885
824102
993564
678156
368415
864305
405213
99816
382885
723449
384423
331713
119939
237696
98353
182541
884924
228991
18574
426825
315363
7955
963775
219074
501556
344341
374482
403504
871373
162567
186740
366525
429004
20009
243354
246051
617286
929644
333768
637362
1120
550270
740861
976241
280974
618244
152507
91421
359782
699622
925686
429517
431200
501251
190233
993973
388652
653189
500527
984329
86000
336592
788980
153081
84509
460692
365625
808155
904429
343554
921966
646247
671675
407004
39951
626651
699838
384932
640494
656703
786659
848566
436057
417475
367687
570226
539559
187268
887630
395793
14820
767405
590115
719129
203606
183866
258572
907179
182956
91032
286504
832570
226882
353257
854536
920086
239123
806563
417640
709350
106684
578200
538249
509365
357929
801104
231596
131939
65566
970450
943020
320571
661988
629314
21241
279269
680334
827364
288173
624818
544231
209598
123596
469141
169401
429468
246493
91697
826684
441773
648479
392397
463706
448459
673322
869605
898907
188312
911204
892442
172978
824067
11612
695305
488483
549802
833990
751800
382735
589466
352659
355757
979486
317169
752300
500569
511175
984101
676556
488690
43967
179101
492408
705054
534331
2557
141595
887051
1444
57599
788226
828059
946711
568829
186480
451773
739349
978635
754975
929815
309134
712896
355604
490271
991429
835158
257181
369033
393375
519271
864810
131226
535886
138583
309574
600988
110421
568017
741872
618922
251319
725097
425946
146923
659136
646753
964157
253851
374447
219271
547799
520197
954302
109308
783682
695117
176400
11151
344050
213609
407990
685575
113547
241200
942814
331392
20637
101323
460057
332780
189757
133832
486472
53051
739521
185165
131746
204885
102423
878057
527715
87556
346306
722054
584596
816815
513331
224379
498356
827713
893376
981630
943488
351401
705219
723063
18980
125562
166482
469487
900798
460466
905942
689703
364363
903191
77066
332421
209392
330941
925010
99305
782119
299813
232501
753566
253892
790208
790649
752749
941347
854033
451994
22027
899504
603888
323878
406322
45011
312042
730680
107277
50038
376518
783247
625164
309556
946018
44554
630360
474463
993404
494914
889120
675054
972430
931780
134482
334850
85776
577321
440358
864083
513697
182932
869780
257659
129024
928712
85862
316063
702196
368419
724647
879862
548812
288699
967867
870775
633217
398100
694856
720803
911543
489339
700818
601196
948962
818242
629605
405441
575046
4375
840171
53111
66390
8259
479645
472341
778110
683773
872982
538556
841980
300072
714372
481713
341033
609776
272631
360073
976918
908988
180380
602160
351889
41360
805507
527573
173319
324739
620891
134454
504067
839127
716800
157955
783701
693690
36523
750321
258638
45464
762504
73566
290279
611227
833125
799068
295105
455808
78406
515933
41159
812439
953557
589433
952751
864983
493046
491614
923168
924635
336761
358740
450798
478205
642473
759467
158976
871502
894977
183044
913427
331375
59646
834106
981207
348175
87440
422763
715319
34369
340330
866726
821942
32888
103289
69747
540597
183394
225713
427769
89425
871135
542722
453776
291561
437405
922665
238372
311293
841682
480932
87874
75121
119828
506622
865538
601521
889048
860680
387025
452592
133765
669928
732570
290441
156532
365707
172561
876358
522375
591414
842524
315966
442915
860282
699742
983832
367627
978758
440544
103342
729626
871574
529054
574350
163485
236297
645292
633754
45003
375697
60867
572175
380513
746628
764013
177634
180382
143
417480
491718
855960
791369
268922
734475
725306
906917
842801
874464
83995
864130
560725
708153
36539
272029
753293
855947
362588
974630
483947
479860
665979
234992
523829
803256
184681
53761
184529
569255
910475
178057
409228
840858
68202
927344
53127
879643
54392
704584
462590
824228
186464
917154
790262
471488
128136
751996
870467
699791
23334
553816
809139
988965
296636
911015
4379
708497
213041
138724
766075
856634
718350
175806
517840
156645
701777
757933
502263
912084
643825
589158
756921
308745
562800
900457
150583
935657
403478
395512
579763
451579
208591
706914
420024
359951
369571
313981
802664
798971
99149
295729
148704
203521
430331
564017
475209
7821
153506
803461
233470
956185
521722
937475
263509
950195
97501
826141
221516
315607
565624
481747
493778
54454
988203
591433
108207
800984
514115
728051
406736
205533
844753
321772
89459
81375
26023
397031
440491
626035
58606
952636
531409
680271
904999
264484
966215
960005
197692
881728
55338
299949
539714
471379
606163
525153
167182
659793
380042
982114
304305
406799
413257
459097
745553
597081
186152
255223
18661
235426
694441
999293
670924
803350
259810
540760
14603
687052
821955
430564
74017
780439
789443
918737
394761
696956
259116
67491
397132
226045
381887
506451
704192
504340
707077
278291
975585
206075
785139
387055
677385
135912
24633
88079
366479
152407
912295
268633
811834
823295
221180
668723
740385
473830
59213
56294
592736
956944
352527
859294
961784
412179
606593
945485
403268
633030
961656
302512
990292
579032
913032
24362
833256
121468
935820
938700
790155
572226
668179
19894
659209
960449
319975
378327
383182
706993
305723
63503
110556
395541
987568
894902
233192
823381
606724
376630
881938
854953
463768
610323
842944
461682
72284
140811
625302
4387
969433
304857
962195
234588
489434
801043
451467
690967
338424
753715
449340
838011
7553
629618
823952
606286
417348
919376
802031
439368
103484
197489
850749
685506
644567
470689
836087
503629
897185
807352
732197
271327
815506
748185
511485
886761
967920
427732
573012
849860
181538
520363
489409
147145
552723
557298
476816
283071
301183
549072
474784
947247
684125
311522
419674
530772
385897
977662
635406
658351
608333
702868
642092
739511
180907
279729
162971
845740
403082
438301
390905
887564
640922
370149
784880
279455
67429
26099
297969
866029
462165
869465
265168
643280
698844
943276
641148
849572
261891
885197
267673
751066
556435
722563
924412
307628
253786
349572
443074
308395
342490
442387
639693
93108
755476
376450
795933
726209
688684
628377
105287
218459
784825
284751
285140
292525
844267
668405
266808
422260
875929
292722
999340
243731
917415
138473
310891
961539
87824
991863
384518
261480
869206
391704
210981
638334
334595
254825
262619
54194
473626
795528
220772
560269
132447
393751
211902
720907
495488
295264
459745
89482
165599
178002
66523
782366
960509
177834
72908
489153
484612
768941
481852
994984
188465
900369
351188
86897
738524
570812
773632
493943
138277
258276
323934
236232
51645
437717
40035
70830
659278
477649
40587
48618
803016
35473
998202
392447
500361
218986
109940
319274
795816
870859
482870
829807
59295
356579
427567
691598
624978
375071
341342
341269
14720
668369
17993
642639
267653
970668
507735
50842
224905
408044
918027
423958
563145
558098
980125
423929
922112
405133
719862
4224
354289
530356
12488
514176
41812
116528
357129
640155
600091
269303
993482
266765
772319
352435
465208
250406
679468
36225
775469
267090
705317
914964
922356
754324
369238
457402
40856
726097
488597
326583
694823
55369
628755
142285
548872
154528
589444
136861
800054
122010
835625
899495
534616
856870
906422
743598
735039
106705
531237
468855
196987
385307
955799
451503
758042
525479
659106
65388
729470
506635
507963
251660
582618
258888
589185
567674
232009
978643
375076
493135
950603
278162
910640
265492
997212
193698
507450
330790
574259
949397
50789
897843
989908
217977
317585
742688
522834
38227
526626
819917
549989
936875
463272
746224
789987
860801
442928
691294
24543
633245
560230
402216
510747
488388
881061
105058
589546
470215
183005
449343
504359
381749
395232
130392
416907
347696
157193
454859
280495
1181
700425
48320
469215
441269
937103
456327
786007
330361
352596
327389
123293
601282
265472
196110
941178
188662
893820
610612
587926
291350
358485
491165
857263
594549
481929
499083
833782
192068
445170
72916
618310
942856
683340
889194
599554
765740
465445
763125
663753
763762
557408
117276
788441
480709
434789
668899
698813
313387
61609
89647
856564
75862
247061
923492
621984
115801
61142
908591
313511
350072
181504
87007
323626
766680
408927
257710
53344
632149
284700
633630
867470
160563
188873
422271
37861
572268
482953
22285
398840
333223
947615
474166
860824
366154
681809
341688
647822
205926
321208
846761
620852
161041
311399
583312
659632
608977
346166
850993
874062
335156
909866
245607
761657
176893
777346
273897
497494
524985
271457
118831
381501
15855
761811
420973
144597
16821
2749
232510
756619
764191
153638
225756
246575
28755
585820
144268
498539
937976
284740
647959
720800
761677
187586
841010
783903
685974
936576
90495
378496
807024
383775
268396
752483
684230
618168
97465
882817
225756
485902
320472
178861
200777
885330
573101
824941
638017
363345
505717
282927
472144
52158
63682
531498
418147
16856
968036
955986
495297
451703
680036
414199
5335
794617
936746
278971
165040
52483
623678
414446
764099
696438
42923
866120
114406
834224
85504
512706
772833
324092
137968
779089
626973
264279
532825
70272
429436
289888
337249
142249
223938
381723
943933
21967
179568
224033
921932
275675
398193
731944
265247
399665
310382
449259
771740
225455
739388
233974
516216
849474
190581
223056
67425
109476
10020
720260
231230
388086
480154
853454
484558
953653
951005
467295
768941
490268
528448
467277
903797
928279
605710
130970
602753
826719
885408
210016
549261
566646
681870
883926
23289
677697
385218
392001
73068
126205
444392
732793
775637
585759
760321
657686
309901
464524
926103
847352
750873
678066
463243
344112
657483
959681
23498
627727
615495
224714
260510
489096
472739
167602
589025
397060
171496
733330
53644
444291
254326
514607
295213
488298
479811
621137
755319
507117
193860
705794
18227
884825
40996
452005
640853
754686
411121
831792
3241
599608
774358
726087
146412
774170
371011
856374
427575
493366
25961
590475
483798
179210
744865
303246
586168
22282
686892
353182
752766
515525
22677
741994
906550
719415
475187
570504
305889
707692
416587
741045
350128
194124
852882
302314
773710
4743
835343
342167
309719
923869
915807
662207
449702
140170
510354
71279
353611
191949
174515
146588
997468
32212
889318
171928
395170
191110
21993
691185
141428
455084
311612
247590
226914
778621
845533
914695
737608
970820
771437
128360
895682
538224
707758
522689
773502
405112
743086
111333
659948
616809
439933
713309
628691
886541
153881
794849
920701
745466
735467
537778
945107
311668
80490
600087
261123
614464
735006
256625
816029
220870
658431
912893
827325
303073
749756
932646
263651
547143
242455
158917
524447
878160
286829
998262
781863
652965
663700
955032
216523
807750
739485
510496
748479
286903
257080
628762
636823
628296
170487
927294
986578
122816
845419
799595
254733
176549
422634
891779
803736
794667
6770
659106
898854
908599
194024
334651
472606
587150
267385
215377
267982
720606
135074
4944
892543
565097
308170
563014
487651
309642
93068
745921
867819
172710
653075
931461
361141
770032
780063
237930
817443
878104
261860
181520
593159
738513
469521
610752
96122
615293
168430
742113
326156
987064
939230
272596
284885
346878
742788
704684
692650
869114
239426
497421
457516
103596
898333
483936
595322
898741
796540
626032
465926
625154
668303
241764
795205
628819
251853
673625
741632
125351
409237
920411
696200
658822
463094
826305
456390
375530
950922
574946
104176
457547
592637
753207
295192