625214
381788
120874
72214
319136
221453
188355
247492
66969
826044
144093
166686
570157
428602
152958
219914
353964
126444
526934
210837
885679
242139
72653
981216
73984
921081
677237
654439
956761
334065
99615
494639
697861
622441
112329
419148
354660
733463
36917
172236
695562
892157
452308
213572
327558
787010
92577
637876
393151
975279
749579
766489
37178
503234
376458
578000
942137
270642
938899
951906
273726
324801
579878
15600
927726
310263
857221
744764
338576
203200
158207
569041
865972
774884
34154
414225
320176
649758
267438
106841
830470
2686
385938
396002
976979
287522
200727
59902
287419
306928
470590
426728
636206
808666
819013
838556
964377
601120
814747
279499
506460
770150
66120
963069
737604
780896
131385
288658
900706
433833
716588
600228
184328
72052
922740
315208
322271
585433
446570
877300
72808
217489
94000
874682
807949
763261
733091
219506
728739
366624
793052
887862
656959
530158
507299
10887
489266
697788
337266
67342
669474
141270
382177
107580
540422
426991
722098
146898
768445
452595
508987
744317
684044
402297
630508
69337
585970
705684
172028
796694
875690
774537
562229
336568
532221
749018
295512
111096
498881
900609
211374
339208
432178
820728
653612
315572
71018
275637
620546
392932
69760
963956
548672
11838
837819
271596
724773
919592
987634
764515
516166
876843
473281
605213
514328
433459
495593
624624
66586
511026
945413
657011
189985
434341
381797
459029
262017
250031
914633
453321
574549
785569
684796
663711
912876
665755
87498
114734
222544
359564
154591
71854
772532
894164
539965
129314
227193
980171
950553
80754
500573
755675
234195
828950
725441
266568
195537
503023
268053
638352
985911
794672
45410
490798
399300
389049
166963
654328
954124
670852
18081
572904
408141
582776
35578
314871
944817
309531
800653
706341
987360
592997
914325
273046
436158
458031
817216
666454
784392
29770
365082
900733
207302
953260
78491
176174
592174
180870
392585
526713
883861
164337
609675
386272
575954
286406
711948
444919
893233
386188
241608
422885
347537
5260
860790
239687
908059
170177
965394
950579
825247
630188
784582
758937
680781
606852
171444
103238
559372
408841
396195
150274
773690
579577
752259
351770
233857
295708
349214
111736
445586
457722
90782
587118
382593
13293
124021
879569
966333
304977
183340
789058
340586
362455
258188
910088
57757
724665
222307
731609
448243
983432
602419
190008
290830
433185
981629
514871
473710
263486
490277
249182
752168
870184
451202
668708
10437
926218
269956
879642
29369
733537
530882
407463
478973
196880
327264
540014
620108
89424
430105
700492
798839
782277
955887
862973
695014
334571
490476
838622
233516
62639
915
840141
353797
405402
807400
992876
116975
807656
494809
885893
813410
48183
288456
54279
343148
432411
61942
516079
592109
881422
726285
452674
48493
196229
409802
676854
101653
945886
457797
731569
604561
923444
873950
827753
100607
696405
762694
253610
922708
247691
545575
567030
225804
891607
422833
704646
215115
473788
480514
34031
261589
648183
478769
170528
839591
307980
455672
123400
567984
344763
344571
362772
119023
835090
604665
286166
234602
605020
567182
634945
729096
63479
970850
340433
632012
559747
471794
258567
18158
678454
188985
231762
266583
787085
988474
354505
127097
321181
788845
421397
267274
171976
446596
564204
759899
855178
559192
141688
475929
244979
531125
471446
760734
147055
443774
436793
270901
907649
7807
746479
437481
662222
492046
420604
174856
799126
127644
746338
671033
524029
982493
952898
936951
312711
60754
454812
173417
167139
266991
88051
371040
548958
778094
614860
838252
209080
866224
855956
207323
430932
618763
545633
597903
511176
789620
218129
745275
670101
737930
829327
295994
437936
199293
526964
382092
748287
875737
135625
734573
561951
320755
633835
95508
252194
399854
339976
114309
186134
545130
628741
851219
650240
402315
865474
563702
1384
993889
749429
514756
22926
301113
771443
84688
762298
591423
689485
801884
425137
943502
720983
364219
733188
298518
729540
551432
681666
754793
891245
222076
543949
829922
871856
432240
154954
591730
400437
748336
888370
650120
462476
67064
848326
689693
331058
338510
693663
672857
311475
589691
6819
391525
891753
68455
898259
515214
624930
854096
445506
462418
601312
774247
309601
527755
697849
753479
47989
146293
931615
662675
844649
143390
652218
496362
555711
320937
336305
341322
720866
249150
968712
603262
865304
199442
653860
811333
782035
992654
855081
760385
666342
410591
650308
117912
254357
943385
950852
188139
17157
309704
644899
285681
794066
994645
409443
716143
537024
423506
963540
537430
729161
450338
756466
261369
53396
298248
331371
626217
959367
324362
227773
773871
892851
360705
462462
694693
681582
794944
248309
20721
644094
911007
234470
413855
861489
955235
729324
479258
599818
27659
269310
963719
162070
419450
673556
175998
163612
119420
150434
544102
978226
562614
619459
838828
973484
180079
63601
74976
620016
976373
848497
129260
535973
404589
853580
443825
490378
510907
397559
563456
913315
264265
906964
128689
426829
358840
827025
127332
971955
532001
57774
178834
907161
98439
870685
259982
510294
155931
788546
440798
523998
6442
922138
848560
243837
848935
752567
970171
888288
700625
617961
282483
790990
321984
64057
80232
259444
330258
657103
25212
33565
680556
613683
260095
81600
596527
712112
465897
922099
1977
851285
448499
738814
611861
969941
821650
193034
460928
927694
849105
640249
926617
966694
679050
567887
66084
264274
403968
78605
608954
662641
762460
612318
825553
701332
757890
987051
374052
469857
776080
473289
234047
683277
56371
629586
29673
840454
934117
727313
592557
293683
659143
519255
562887
604307
43350
667306
60712
161218
24781
103005
399078
368858
538328
464187
953795
761526
405744
46813
350745
350482
913623
493723
434527
781710
444658
606111
541850
763025
753022
1493
28450
867082
980464
464638
424143
650898
15341
409380
154689
294830
906211
941160
495561
122608
492034
601719
940344
778364
397147
677403
893825
825448
390739
47918
885837
325885
187971
909353
114716
948379
146800
20506
895123
87800
136674
502836
229414
917193
143395
427264
372642
486841
905878
657202
78359
351958
486321
748758
996833
404811
29784
895657
848659
209672
836055
697220
929215
74622
36412
548595
368675
884166
246223
43365
570931
86049
369711
25339
311614
929562
961291
825219
467776
453576
724985
80254
453189
784112
37558
874397
122229
806471
810427
480971
398848
888596
129400
809380
405094
842484
628976
261891
103715
67319
684464
68088
724086
603816
313645
688921
805453
114731
488889
42415
779983
606846
948450
171537
604485
160353
461287
900815
454438
579858
220184
689221
530301
124914
863881
59215
655289
60803
135794
979995
57105
398675
694566
812377
253266
829042
417966
123984
179398
827486
316546
811466
239235
301120
597347
700464
465933
745807
197016
974000
493545
454291
358658
201690
939199
30148
811678
215050
90410
950225
832663
313600
929440
563452
936966
95372
839929
917026
251527
232484
147870
603481
596857
404440
707023
7154
353745
847644
650384
565149
217627
424708
774961
519212
215759
560271
60281
697648
69964
279770
548014
359807
735220
642165
512068
655767
733475
911379
83104
391837
755980
908443
960199
673278
71090
457243
848615
964599
814209
764060
380994
269615
297927
743248
381491
365953
436882
641448
408223
467736
210534
983042
954361
21428
99995
62528
17457
141833
900497
773876
49658
784006
830801
184503
69814
315955
101058
630553
441473
408243
866629
926322
299991
762665
269677
891671
519779
558711
35870
394537
170149
805218
756737
980999
875006
797777
919713
618979
223515
165300
217637
235122
472444
664578
835114
931901
729248
826778
121212
750997
279887
175115
579378
29859
576771
456943
103075
433565
321204
85362
764872
4245
529471
309041
16944
956140
950770
985917
867226
811363
591926
191294
815666
323218
978394
268276
453803
953777
383608
422553
645237
886995
352262
401571
828252
645491
377275
806245
7421
66663
256219
333717
882917
252081
789921
948776
278023
490101
59017
810649
233690
802884
265847
894473
683533
958550
702855
676545
62184
82839
22578
244691
274624
839448
712729
503134
755862
446630
18225
50543
972686
620216
224076
204229
515975
883841
198208
786093
355355
287590
556534
587916
217268
102154
721489
483899
258249
902148
195512
40652
905908
705074
363586
816299
614578
567079
109053
440544
615990
618111
195227
39793
101354
226260
772346
977061
481155
175945
599566
537507
535551
558723
502446
718264
885950
716024
553783
755575
35706
297887
130785
364666
615909
869575
444444
15239
290014
92036
788518
686799
901327
450116
699500
885264
28326
86463
639002
348313
767789
958797
242881
491309
941128
497809
675300
644673
294667
423827
464991
614496
166261
935916
695349
263087
800205
595482
563509
50250
319832
791091
125511
800524
339828
531959
241176
304110
745557
929214
646304
57095
802777
904400
451404
945649
58953
240659
570189
189516
890990
104159
67261
677212
234766
855214
427305
343758
839938
59375
662015
567512
107637
134393
845333
511037
239867
98269
408403
13488
671371
480532
113471
263504
987291
172887
992099
386322
370518
918350
961117
561533
624189
888736
175555
507406
541719
216425
699760
630843
245910
816265
472176
564053
372488
842521
553348
213510
89526
171257
569490
112250
418845
206981
137516
1115
566790
937766
147067
571252
211396
320324
221384
421815
630282
114073
496294
899289
823590
219489
590656
482267
768414
802926
270971
13348
565286
589208
507527
8522
53754
593745
943559
315952
808862
457942
745691
478473
190640
721025
228870
198075
536295
6779
12993
685214
816682
616592
322715
695907
252239
553179
946059
30866
2158
636448
654420
846827
225186
442488
16467
668078
856476
505447
712360
179447
386019
43401
79615
807937
288684
25195
85370
151371
527761
612151
832189
315351
571889
145671
109589
237007
775397
373082
862405
832579
842586
949860
113775
131213
468816
916927
178908
80598
331630
710016
169768
885361
277311
80293
287501
99876
170125
422442
597514
365704
110488
565178
924015
724230
113139
250946
87368
890881
121788
647970
296804
842130
404598
702845
115840
987310
288709
895088
248725
302245
6341
936287
428795
242179
619079
274347
62520
147737
488424
907904
297450
497238
760208
32778
438540
328974
155332
705799
173928
634013
310825
165432
579929
79397
661846
398705
854396
384498
500884
447504
825075
858303
869365
539338
362517
895378
777677
150369
438326
314946
395794
30193
299726
531289
283596
247786
668680
778580
766968
52248
474793
649287
277887
389534
671451
270429
744654
825474
152918
545853
599762
652705
151658
814409
40849
30339
808170
813568
589352
390985
518136
979971
481949
580483
418218
649397
860064
609566
849814
559803
351139
551227
597312
684579
487826
945050
736284
113760
925809
252341
489345
745331
98706
832105
241133
581478
274543
144335
652335
307827
975593
450858
689909
346753
500574
829816
661554
228558
989153
554027
524651
18344
944345
672498
586015
200981
114999
19120
947025
972306
36053
52110
106739
813688
392360
686828
690417
810619
230498
638706
244695
907789
512295
632197
644255
264224
880041
357718
365211
387400
797922
360020
149755
693758
640365
251585
541116
961281
276930
775010
639918
739606
894476
877072
278687
389297
588265
947500
641257
799724
227389
629552
78421
869044
341683
821280
394795
280387
989138
625247
669400
278983
319351
110685
136506
4258
815605
506478
989002
277259
383557
748726
696998
648017
521452
162817
791418
8512
343912
344239
660618
342876
118166
305932
315487
439178
750627
13310
715724
836302
121644
812311
117276
995951
836405
74827
617371
892407
414083
172283
386813
246295
409303
323119
249070
120423
235655
767203
900790
810122
222138
605944
86472
993328
259775
502155
676713
173365
346442
105827
352888
210982
883085
693764
246110
58788
40496
374048
195666
75426
648364
659181
829961
744905
346121
86738
219321
341882
246194
969979
571401
242867
437490
394252
358807
965515
508109
680625
45925
172119
415421
258452
364640
475375
198216
99880
651599
130891
575738
422755
420629
518022
694724
746568
24546
666309
644785
302882
24252
580465
579777
927692
706918
739871
219044
103277
365098
385233
339732
419906
955208
335894
75087
972116
138107
844428
720688
997384
45156
251334
848553
235669
762326
411720
771552
686032
331901
660207
222691
230691
147947
326126
855816
652764
113473
461555
47845
175777
123830
629799
129640
149826
464135
443733
994709
54759
567931
423778
412507
154856
915154
843514
935633
959163
730121
278604
277394
618504
627085
567531
459889
654553
37178
342293
109147
447853
101454
521809
994440
252396
678702
467313
294173
940852
142101
314167
295074
600849
394069
419924
943899
363276
17611
790539
495621
368218
621796
196021
312238
654965
745861
710237
441521
683785
189980
724811
846222
766276
107777
217246
931042
419088
200072
449426
851591
24157
640869
822882
180042
661143
153020
261383
426501
790007
601669
122974
491737
489078
769049
629351
193034
787675
712923
490538
508599
211573
81413
651572
50804
109477
538318
805119
360134
705875
780725
37807
167930
947713
370221
420857
714658
860860
935269
536158
188973
404270
399091
420501
336354
671185
511772
934791
934201
661182
74946
426932
989782
807716
413611
8691
652067
768788
277994
767958
117704
618360
537004
853292
185930
397668
567585
607391
269629
453380
592644
101822
212967
568757
315849
244182
264755
366577
152355
241273
624271
461282
47599
336160
19490
139799
555840
191020
811373
735060
192071
626888
627517
149507
855199
854955
937354
106697
216051
772794
243184
642484
333645
299338
382599
539216
502203
380739
778017
325849
606048
296736
865631
761866
701972
951954
340784
795476
374265
910021
155112
354474
909595
659898
644473
595257
943299
27411
244048
42101
807321
675821
736718
340111
735987
823143
910625
744643
59454
19330
216959
534285
613127
111777
77695
940667
30375
918639
645523
313054
768073
979743
793510
603162
114393
365006
483598
432157
978955
63430
578478
131820
207749
127260
671339
290777
212522
407545
741641
106257
543428
191285
470625
950098
516301
855071
830465
134649
502491
992601
30112
933305
46245
273696
481724
722472
601846
599466
705426
96947
144556
423976
400441
172082
212717
308267
407260
500694
345320
973155
452114
875455
719107
371266
266780
629995
698022
291454
590586
215240
951843
69558
955818
75946
76097
561708
337982
956695
777828
594673
868761
82880
225818
557086
587846
436491
524228
523774
575156
713419
607711
622345
709202
125009
144686
112459
564227
42396
66694
471780
399678
237803
632502
746728
873734
733555
207056
615782
802112
618733
505176
196166
158070
199623
613833
428748
23527
917690
867774
263609
672008
26683
85316
676496
193691
890059
326905
908598
657963
800681
170080
285554
128673
590824
442565
867413
125382
328539
482567
581491
667478
192812
875975
299471
143677
51788
321580
147221
727089
656004
728656
927616
705387
588458
519626
13212
663491
249776
869336
639077
189927
714903
455721
363471
82679
841345
866949
247647
769601
101987
659930
716470
353300
863257
331364
674542
383875
66579
436599
546525
11960
864173
965932
793079
85874
983261
317862
896272
834076
640581
675584
724542
617867
485545
478677
940829
51028
90810
54251
901612
168712
30993
1916
296340
217678
145719
674467
920649
127131
485345
588128
667145
834640
40953
791112
646146
731439
181335
467148
203664
563003
142734
47331
283812
393580
977379
387095
358272
453132
830937
711017
449118
755697
663400
359970
502193
12887
231884
881784
842563
987033
642617
883097
392125
136460
397163
10006
590149
740089
210780
833199
566593
753268
63887
419063
648443
50205
520906
904164
203293
282355
277280
548341
923739
822288
546412
29184
377391
708421
18394
520279
891776
70162
372575
307542
365916
828482
270601
47564
616036
339873
294448
879684
422919
11675
783436
503983
747814
842291
761184
940719
539991
596636
464469
480450
344774
906296
88993
378505
831349
63850
78182
766708
545379
560346
670295
531469
584971
834309
886101
464797
898755
21629
742488
386559
530629
189572
24648
462143
400907
386113
148716
285997
681491
454301
943033
571844
238914
134461
403660
899890
163557
798364
439924
999940
364434
435715
931366
375344
820141
710632
555411
513406
659527
236513
891415
360147
879392
31427
34760
126939
478605
598043
363247
412690
279541
331208
532243
89264
794933
229940
261936
771055
150947
477421
55175
675386
859184
27684
60751
549235
580007
391104
287625
796961
852178
890720
282481
171125
480379
320236
349456
704759
521744
535062
928687
425554
662432
917683
125478
818552
615234
475312
898386
549747
720916
414322
40932
674314
33761
647310
512854
504524
585884
926178
224953
2492
480777
470414
723051
786136
652283
450898
726948
918536
131576
566022
760943
993504
719032
462192
355381
453650
420556
823877
379252
283507
540508
452415
28111
902568
803145
635351
782592
623661
689649
444384
587177
189569
257680
349376
332551
678258
185603
213003
699143
304320
299625
26813
939571
523377
965730
76564
89541
897649
998713
966472
564956
332707
838430
82344
899916
945928
122316
61459
311312
71562
270537
527823
23195
698854
696652
243209
791564
896501
388664
936169
30783
788245
287943
944657
314239
317176
545026
842675
106074
505161
622828
513868
826510
994614
77823
505345
472607
844062
340494
650836
392778
435993
172873
358147
209619
454622
677215
878973
91835
814165
626366
164930
508238
580026
990902
638742
433112
905578
152315
142305
116087
236750
99145
200102
68364
389793
861858
580638
795083
84639
914739
7216
428594
513228
24660
276752
536343
632029
58542
909489
620250
585287
257016
23208
152633
732387
239834
997535
789697
430331
632690
723058
64162
820084
800692
717737
472476
763991
173740
686163
161942
199677
799583
514235
667341
366359
129807
50058
104553
38488
51998
781433
129259
567359
447434
363056
599107
533380
425687
377728
842559
653854
669450
307578
677597
274095
395921
443242
934337
823438
398592
979763
392514
869486
581558
16776
391262
77935
322974
130756
197262
925185
257681
77031
41269
746481
484249
570286
547570
564626
482769
179854
386196
50441
109928
651404
293677
956212
595908
892412
867391
132791
163394
959252
790675
825061
584092
795179
488553
291592
750884
591444
996874
545422
910573
293201
639481
899856
414409
448694
797832
108799
968492
332956
178438
557357
317615
627774
1110
5302
949361
98611
634011
128265
442456
70088
305231
807126
357557
574137
505907
866262
714373
537868
938785
495922
372436
414411
207165
375185
149181
434140
388938
772097
660812
717566
951704
793089
776068
113890
59483
242280
787004
622948
312152
513526
931876
128292
469176
160118
884965
118790
86655
868428
436902
743618
213910
66593
284268
151912
889860
91047
60889
534388
355579
808779
480597
850569
197135
549943
621002
518606
18434
499137
148361
101730
637626
270771
304010
627453
474132
31863
140112
636580
987281
258719
344747
699016
972654
111631
415447
845884
604114
88776
846914
631505
490593
373265
866283
508369
750830
721091
424166
78868
245645
921970
406972
295041
249349
799859
698223
475429
540004
757263
197851
897129
766957
236675
339063
914163
96045
27184
722491
550300
152812
919781
435484
928265
306302
278087
473459
161000
669305
952923
36219
862985
638209
669744
328953
738006
659262
861932
477174
615153
968879
814961
442088
608809
702616
894315
481519
636184
668311
799416
104507
747995
354325
486261
740490
855215
518295
744802
810383
344548
5172
280881
485166
444545
128353
652464
829988
958581
41576
880015
899268
526069
363320
33424
162396
964278
893397
527884
253558
336969
180144
642780
433658
379278
927313
782762
974449
441878
146288
209812
263844
328153
741220
523321
64611
283152
986995
50596
714721
716273
550472
396947
376765
675077
176066
206499
281051
606247
8872
225689
745585
98779
171771
643279
602462
886280
389348
993017
65204
861203
686477
90451
413782
686618
788236
593449
26621
357578
921657
455682
598229
258334
718752
955690
780868
299060
875090
56475
435978
49613
808406
212231
354371
286689
319293
540997
976906
989085
645779
618453
957816
340027
384625
89617
934474
651259
428656
52915
784544
989379
390456
824893
777186
244048
286838
235081
365181
104216
341932
737453
808587
203710
689826
239498
926737
20785
411770
517618
480865
255586
625121
380211
856672
726432
678754
493380
686370
46225
922068
165259
818545
853519
808564
442313
799469
72028
981901
346339
990861
427780
565267
6350
725763
703758
140048
479829
895102
582366
640758
574154
275657
625130
153746
701895
254673
906775
546338
941728
780036
806831
752765
158311
640148
728513
872624
308634
499802
875606
988970
613933
297176
603979
436941
385136
457687
473232
116900
851486
441071
103547
493172
44481
783461
856714
328043
384068
680622
461364
151925
257687
59666
567018
646702
437369
943148
466287
843058
472165
701134
568401
143247
968155
428481
570371
392284
186953
404265
513688
914659
813078
618183
27358
825785
51916
920345
930965
125871
924896
423004
653450
948321
782302
427890
992341
8491
556405
715422
538027
427964
271901
414763
329057
847106
822048
804716
933118
54789
984396
379295
409147
895376
237876
404587
14745
543049
134301
313417
311263
482786
32524
200895
42415
398312
604458
73798
633028
611449
205457
118861
94091
624915
136373
738902
266970
388167
945586
513727
854417
437644
327213
348635
705100
671215
77098
296639
105730
940200
361194
538265
740413
771080
783615
196793
110134
895247
41838
58612
391756
125915
243454
846557
305569
713402
163747
641524
559889
753120
471362
67227
496976
953396
451233
266115
773151
799749
135789
348774
745707
780506
168614
275117
314690
514662
940907
585649
315314
42522
304158
386334
642304
933333
976179
182708
867074
525303
774042
23399
739802
489811
381191
425767
61711
45890
269402
265338
713801
283092
833904
819716
680361
906978
489669
354473
191555
88511
400580
393097
840889
295437
923886
333930
995637
196843
897890
605172
813890
611276
691662
698133
352584
516003
509747
354628
709538
695738
452174
80035
744862
645410
818344
36030
552208
588229
282620
884977
509331
301143
413120
366245
187613
511019
598162
782842
520638
897506
96320
508993
336821
70718
65460
37920
413103
394645
159930
48729
232989
835488
44720
271268
13552
297907
723721
25528
529268
529607
322109
205353
875142
281779
803153
657323
911668
114938
987518
326388
357551
545277
284865
603392
591279
663185
271934
216174
168676
752043
620818
539400
324500
481720
337012
134112
25045
998537
685958
917077
602665
422252
838782
853173
711985
250518
995499
68924
339280
438012
122023
894843
106205
757504
334616
298900
922308
361352
855970
886945
592570
548075
460845
919221
110874
998853
303438
992954
880225
82858
553684
528505
236482
320951
454770
455801
141351
724036
138308
79422
745478
120757
215167
672755
672347
61232
531706
317026
116551
374761
834579
108383
865733
358488
527359
381445
88197
563532
164466
561816
228007
273242
466919
171850
529941
43565
418509
121817
77821
22529
352526
331861
673386
458603
568828
952191
921470
210192
334490
290061
488398
844022
523717
735691
425050
770871
819518
495707
68199
538705
132308
889501
994171
840987
355570
744809
437493
752083
233539
205561
506374
179474
758333
164644
201296
142176
435025
278213
725337
529380
757934
616122
542124
391348
113644
960008
999820
145547
165660
331036
296150
270296
729577
657197
759346
215987
66858
523197
533941
718762
553928
121213
488023
767098
529799
795024
252172
774745
837938
242856
365056
872432
904999
271629
49972
890599
996284
833148
280176
424728
996045
815148
260068
408037
775588
93611
495263
47397
281731
625127
1003
273913
859216
464585
733699
477501
177438
256956
818225
686618
548948
760652
777800
606585
27132
813609
575419
60946
161258
454602
639129
502818
730758
522798
155110
165243
978361
504189
950167
228213
92912
372430
60777
742530
494096
315266
4574
233952
538870
442701
973205
722919
923817
156181
225477
145026
215391
19314
994134
312762
442025
693462
355739
448750
132155
53254
810352
488287
161564
25414
327085
756392
371942
225683
48900
307851
585723
650250
982525
25125
350212
800678
603530
746564
311143
314919
257993
55887
718789
486733
911063
384419
314348
539907
408267
387583
625312
869529
114134
877589
195265
222122
643957
625281
797849
2013
98128
765653
645892
650502
65139
720467
492860
784236
345382
114612
904705
417190
98474
300389
827873
68638
107923
231313
963113
377143
350205
266841
877352
857547
189228
889377
881756
909901
452036
165060
707516
346382
363489
623719
632609
955483
114516
673899
435474
374915
953211
804412
232491
480693
872124
851398
352808
169416
435870
287560
32275
562773
690883
184001
148552
732607
550214
452486
708706
755091
621677
700917
509572
420234
276107
190148
631110
876011
65205
341363
351353
872973
325150
578528
507865
773563
675282
121017
183054
908144
575051
816395
577759
381569
391668
631417
935028
682138
141495
251465
491973
165280
35461
760345
985381
294582
600226
490479
157797
620507
584041
555885
332902
278769
829028
381219
584703
232217
553536
703167
88711
79033
886512
345823
154431
242271
801313
916871
834143
339391
259413
506478
853051
342936
930463
695283
218962
691253
257273
722733
469171
766992
425605
365536
314189
843281
350687
610187
840081
69876
352731
859806
374534
559880
680032
931336
655081
729427
321376
788975
348670
993427
904051
303161
200631
727647
951631
173511
348608
748716
534886
345026
362853
526444
68508
627021
639649
373009
773732
685274
144580
487984
831862
936600
357375
485184
345390
281866
381583
513729
929028
885363
331908
711801
433380
253870
350573
634201
83242
183002
816610
234175
644732
962738
310638
604757
367427
129466
857239
605910
501702
590549
760139
643697
328741
973172
310760
899974
579440
65641
671847
84685
946274
967513
273446
150486
777917
356048
427986
148459
611587
938223
218670
329297
534478
684736
789314
790637
35021
793962
994210
341700
444379
549824
841881
491355
556733
726451
618419
629245
542008
497512
857060
760027
150221
684004
422104
211085
859603
953060
113368
317175
580207
750346
938838
280455
663025
762801
8917
756570
688654
632225
286263
643198
177334
740958
318436
174354
986962
888603
362261
79050
845980
302412
840122
550159
646106
414745
553294
967043
120248
637422
301685
628322
727297
733999
933198
171652
964474
896329
34971
69375
661595
231972
742154
308393
885738
725364
892576
29370
943350
750767
701057
416720
188782
796761
389918
881101
597724
996475
769787
888091
672449
642034
752668
621840
399309
125091
364491
947500
259003
42252
497481
864767
895367
837878
161679
478952
95885
818183
420351
304504
668672
28659
199916
584628
301699
960467
638530
623417
720615
78286
750676
399098
207234
75699
408768
438054
979432
337065
287361
755109
950601
570109
439185
313280
112935
671835
54521
839584
223665
657304
541366
6126
619777
166700
852362
594970
507887
561469
745244
365175
116304
358422
131852
671748
877007
359222
253400
529222
259557
628229
249956
437904
40888
889634
652457
619365
105742
299735
979773
150068
714540
294830
942266
263425
831951
771293
634958
854309
983750
787228
730783
670764
836586
869336
916440
750620
967931
858624
516693
661589
941593
56572
397095
733908
44252
972541
57348
942673
236176
590383
819022
786377
745744
971019
518526
534230
897981
38986
270893
671033
825244
896052
158207
1978
337930
307542
369580
977510
711132
202578
225324
629624
369687
529297
136959
338514
637320
183315
378966
819818
537538
851750
888353
549058
905522
828917
718518
230415
598112
764728
362587
694459
203076
924425
206064
141318
182275
699159
943164
652039
588997
927795
648914
358865
71667
74440
47711
24561
758802
102311
989907
377491
611191
624768
565674
611524
369190
442286
106006
733650
562955
992169
962187
765775
839188
963231
333478
212149
529833
822812
848443
154019
492873
677797
188601
106501
433282
272613
27516
175955
410957
337727
764592
791344
121219
490946
175196
88434
666688
669754
333842
216257
652691
596899
929330
20760
121183
326457
239382
299177
9105
353771
560477
40477
924925
311405
31383
83257
828824
492589
749898
345884
427788
486493
131359
823653
471804
119279
34412
423857
914260
354975
172575
983233
401931
479018
46915
920699
439928
386908
831922
633095
313486
732743
806936
349722
789750
15567
762975
722063
622919
574435
649916
326705
10277
247558
940246
221205
180211
261579
111054
236004
604918
418399
466607
619383
533703
884864
218484
600475
746868
886156
622832
761076
658741
337652
848478
847357
459078
393295
360901
302637
890341
963659
379208
113589
548458
847614
790152
126566
465214
216026
875254
47152
863033
696959
661624
43142
218972
174571
776439
144861
785448
329741
131971
26706
934361
380087
465508
766763
393538
908785
80702
706485
876166
358313
210079
412557
890416
357577
426409
865915
916656
912097
794391
502841
806771
691715
841325
430929
274461
718766
773760
83876
156710
725794
618719
839559
846606
555666
687453
236807
939390
987512
75196
625933
141245
94530
490232
173085
349067
837866
728557
332024
413150
143587
506789
861794
858294
677871
753666
564542
655071
371918
615492
398101
830083
637840
856248
737845
657321
837324
39102
138614
813134
440809
717557
870872
611550
175833
464773
952520
606799
636070
768520
96641
735387
4772
703510
687695
129112
591942
313707
49071
917301
944013
961143
841171
717267
515611
781699
404226
881725
800486
816891
584155
564870
865544
879452
998713
51198
138995
632506
468594
390608
317185
426286
248826
264059
696681
525468
550053
236843
764942
161373
404810
428211
797937
581325
994243
625898
725575
156530
343888
229151
313190
784135
340251
507514
80856
978405
754646
733680
367442
665741
434688
45090
615423
592340
864583
504211
863541
799467
123144
811588
79881
179466
611442
512686
412478
518009
382920
661851
990296
102779
515781
757474
790799
92439
423449
395837
507295
143748
704274
856904
790268
53680
66838
908633
345635
411245
300556
79734
70412
305913
744987
270199
393532
66600
944458
927993
652790
519152
293447
658492
429393
584081
756931
81178
528229
138399
123962
604069
968543
955565
611152
156443
159604
989208
840791
489352
558322
595629
504558
652409
909106
820024
759939
960024
317098
386730
747512
276649
457439
5861
487843
472800
107447
958824
480048
564188
851500
901202
684130
700484
984605
334932
235638
295293
99135
593720
18920
91397
301424
814024
280975
278383
212588
184732
1187
407035
810200
608196
111455
164817
200188
666766
330881
890202
118094
765492
745967
566332
993961
993509
889588
873392
552989
588910
649703
33601
698272
640069
878124
626530
625697
247218
442196
172844
381309
640731
991456
998836
199179
168426
489315
848070
952018
617628
685189
749120
691418
129193
707491
354444
177375
29708
864020
270459
388642
90478
620231
560443
975579
228019
642184
810677
33353
924128
13025
912133
399785
802662
701853
837463
492357
77200
472680
139034
65059
704518
767250
805028
837534
498492
231858
387234
64851
223802
260263
222138
135538
15112
377466
540159
338804
23221
245919
323728
431915
36868
772058
494990
866997
310708
610687
379895
472458
963819
831058
769700
9589
372222
738828
814235
980768
938015
574463
846546
836871
886436
105937
411137
971599
359472
33700
615074
397807
801536
156630
543624
302412
453588
329700
553817
298787
546551
287721
928234
216800
662829
32773
531957
49291
643513
808344
742713
195426
718664
100398
26031
508353
569789
78133
893284
832446
369562
517929
328440
355857
171336
190864
890865
954544
46979
157601
345978
155556
343808
711362
492745
825420
479780
905507
751338
663658
485914
809106
883113
496298
573602
998925
679493
144315
498039
31735
414018
349114
866413
569171
623006
601152
224946
296351
577947
900421
958518
898059
382587
149679
840551
528853
835658
971259
969301
849538
236629
486598
413749
136442
117048
820729
173697
45121
266005
457935
172860
249870
826721
844741
160020
51274
105944
592605
966240
148838
765969
780750
700168
518233
944364
620363
548995
306485
632935
115054
542331
728933
846608
197441
899278
172613
329813
684137
302446
455454
212215
639664
474024
377404
61149
760365
13698
184238
687237
544210
265341
947482
835541
37714
309625
906234
602831
293805
701048
763063
439587
898969
304250
822496
484831
923791
376456
203207
668098
883439
797773
127992
281646
174992
713630
168023
39931
750312
451099
625301
930088
989397
161965
401295
717676
573830
613487
631427
140587
532680
589929
537903
783556
103537
566903
482056
440519
765155
184264
829332
854404
36541
421058
894372
699646
338276
371651
377522
30207
90729
814979
477395
874373
427288
798805
299096
62298
502556
36684
600327
645761
114834
212410
945969
39052
926056
864660
840880
821451
349553
306097
825215
486815
249033
170225
219894
37036
396896
621370
595232
158572
378724
324382
946938
574561
880527
905561
244619
462754
713354
318134
663899
424087
236413
145616
611921
469504
957620
971830
205676
985199
537135
262824
993502
558294
532870
931518
699072
265915
8887
542056
152310
737608
611726
20432
32865
892414
791151
85532
194810
312906
608707
148559
15121
379184
481277
47375
182755
887588
862216
146881
579665
677815
652879
64848
14787
766894
940904
506125
826840
121903
104926
244337
234248
145813
741721
195389
995609
319011
512684
901314
830587
365652
460603
825149
158272
661392
145671
391130
148282
190523
532440
894361
156659
974632
964422
448654
164035
45483
740835
844674
81554
769356
832968
199159
70251
682648
897147
955593
733432
149649
74874
50480
828896
440389
128294
795682
701178
784828
143631
791702
60332
355851
234712
51746
658788
59333
41799
910725
602994
562257
50284
721985
832705
544087
921834
995809
294129
878868
759527
751321
644370
171726
708172
954826
385470
250145
591737
637732
104723
496631
587785
598310
310731
148950
198396
295873
63483
386899
362311
705818
23141
130084
347765
685103
11385
646227
852728
205393
512879
716559
58704
360655
460922
221853
575447
308787
89833
893995
846310
574502
451551
696197
950888
13038
955181
192929
841593
7000
592329
4948
91642
642609
380974
446375
961140
343470
121807
943301
220774
738795
432312
435275
673773
454736
119428
772290
165326
754000
730869
567273
547811
876683
426739
524842
66272
541972
579556
462831
859074
585164
285412
291662
652243
196525
853025
963808
13724
965091
531926
76271
420839
277396
190370
666125
467055
649729
569476
288513
958182
316804
709366
806237
567779
670137
30243
472747
643623
520825
48581
495046
463242
509698
157663
466564
311367
99826
79444
140625
831520
898482
105123
773911
203247
263664
280192
119257
527563
107460
618000
263263
400915
70004
93696
466892
750042
858515
854145
336203
976495
326084
525860
86440
454535
14556
424335
485179
7306
150757
78234
1662
710007
915071
12873
502848
841204
448162
680869
762803
860086
590078
229753
407263
441801
557571
733414
885433
61244
320893
189796
479566
812333
726038
245461
708698
510253
892351
537415
92086
515407
499946
284551
850029
691090
148463
84700
744175
815272
349262
643367
842654
352930
579732
346133
32774
374139
861846
852478
92970
557054
126234
667037
78329
963284
531798
5804
797920
786478
463248
578588
839609
15819
188580
940526
420320
797734
183076
659249
605734
527808
14553
971544
8159
707653
335912
193079
659222
468894
564496
962010
309985
676946
219088
625218
52431
981401
708326
62269
955645
640319
639857
12193
330312
484658
163832
93797
149788
631592
157891
554395
675435
50799
531431
219982
893114
778258
115936
41908
746261
203557
219158
56464
462371
256558
122114
761575
176916
509232
850858
127644
894326
796053
157000
311082
810663
3255
997001
848446
858341
75467
888753
538479
79426
452714
323035
223387
991987
127101
751326
975583
197959
312709
299596
711090
977204
548485
331860
733407
686604
792908
219463
287645
745168
598883
479223
909772
472155
727311
144316
290062
128255
162563
267408
855168
297645
93349
840538
608212
220365
670139
805576
206028
412654
467506
659541
462805
600087
829835
509354
201150
607164
485090
975457
606035
306636
614492
226020
128602
299815
937645
877748
728617
510957
697732
966534
863906
282354
530387
909959
836046
989822
284032
749712
685712
358623
918997
994253
524946
534580
880296
308888
711015
381478
74075
63060
491825
479735
405618
359785
948304
816263
725782
386531
949877
143618
486901
635882
268628
442631
766426
331768
319100
728940
817791
157936
760961
362225
797486
996327
103476
201138
540354
970705
996235
875353
118066
200130
517349
101060
159052
132697
558734
165957
182544
612121
931761
26883
214635
338776
872923
996413
757263
819407
29544
30127
851947
535122
1804
376653
477324
289563
129856
32876
594128
833343
234502
378560
801666
2242
503707
481216
664599
177670
891769
729254
862660
805406
365638
177746
799482
260480
587356
537038
246143
836761
855990
39084
438314
967739
123315
756300
50683
581682
870154
260602
52565
410740
223947
109428
817625
249462
364110
296777
470687
81371
443450
487068
579731
885575
785140
990344
626282
529810
785377
501150
451008
162137
272474
833289
899792
87278
703212
62483
467343
716527
632072
659136
684389
490612
857869
696344
76169
349154
955696
635778
246775
123228
871494
302860
532689
216666
322990
704071
738320
237009
729950
739343
910373
633298
826696
431081
86576
784495
467880
947141
28571
475095
298541
286178
377493
979843
915585
713809
916903
529929
745207
680465
360372
51854
974993
15449
956305
670617
537066
592501
487231
588098
893638
662792
784257
777993
371060
91376
524958
144323
80030
500742
608949
543854
860141
601412
352568
652454
927067
985922
214087
420145
607062
272729
729065
849588
531470
1448
105193
663177
954780
824117
956747
732904
539598
786219
424745
128705
154131
998529
117167
508204
718784
530108
776047
151800
181436
86091
457890
845984
614862
287952
73404
501660
65345
931838
94507
979027
601074
956765
784555
631341
140534
890666
985672
896071
430634
376348
990706
348992
775960
597442
813942
372976
285250
311752
582495
856441
546831
366553
195880
462581
629327
540638
992860
697039
41645
229796
205452
853357
556080
253467
162605
726859
158893
665082
179084
520163
440845
660224
234030
331464
69239
411926
838152
802707
949594
373265
968471
449460
152920
740115
445277
885802
795730
755409
131514
642701
112204
37231
324643
141512
61181
933958
744193
271397
495414
961608
165928
522433
909804
73595
493554
852638
811620
702625
233976
128023
807226
717497
124012
593070
765901
590429
235222
234817
105610
668556
493289
997404
787284
192322
30273
846184
877197
764164
593404
9536
856836
790904
132274
949220
382971
520112
762386
650374
880211
516999
130650
321922
327446
74788
592562
477931
776417
499548
894822
567041
867180
511860
251327
789502
299832
40259
53884
314767
935699
407670
717362
705184
76107
84654
150013
645904
382061
219652
446562
378308
171832
768172
815427
48599
558371
81655
883389
342575
615688
438770
221922
352747
534572
890412
438350
479416
867307
879381
831080
376003
433285
724290
764407
372297
733247
984334
879326
971658
790583
534746
197110
760859
63560
803956
390278
839707
444437
3861
79969
883581
889206
721604
929245
381765
114365
25817
392043
413710
462820
277852
957848
442247
582292
222284
236319
463486
979156
828411
968488
398932
752972
516950
531553
396305
606325
102851
852280
107152
514656
869603
251570
109019
904415
297143
109739
556625
832724
394015
919274
190596
673876
747964
555936
835551
315767
438775
694782
176580
526206
572891
925552
288564
90786
169694
430713
309480
742453
747645
274092
185212
101687
630725
697284
49931
465016
962157
659169
503318
896164
277536
280735
220829
939632
389082
478421
981264
394144
702760
285671
653663
809074
393937
7497
451502
265194
143635
208592
799716
256251
738566
342710
594723
513423
315806
993258
398738
575604
528076
554386
584853
480227
392259
443486
749086
359405
855512
293514
341789
720900
244546
486512
363475
992227
338305
261127
951556
856539
664860
4732
358539
683131
985922
481963
598215
768092
145874
454138
554739
282118
70198
605202
346900
811778
585194
88507
685195
526846
260315
853843
250570
92630
589674
491883
859939
435077
475983
97791
145724
139239
732059
837071
947999
631658
593237
398686
813614
118353
641990
266886
596532
102500
870161
94646
170006
446520
417466
402506
248680
353622
371335
447749
453532
837963
462787
789294
789461
36492
747807
274564
932825
657411
161012
440798
381477
416954
917988
245348
504411
720675
662750
235044
628823
978689
153215
409170
550111
221879
236566
108383
972216
337003
841280
85108
616149
211031
328818
150987
110827
651436
347989
187242
886880
281379
316300
602302
483361
107041
439185
10128
255443
675461
15421
31846
958049
753426
387942
491832
454836
823348
453922
861709
67457
980465
180970
397874
374460
641069
574939
456471
661994
354265
89046
438982
918932
912058
370182
828161
998359
462289
722689
301430
514456
696109
29704
998369
387670
430025
897129
899903
824408
607970
606084
238698
633413
43738
282986
675158
64274
998210
231712
192614
521237
192392
981508
237100
438073
149884
52487
411132
599819
189696
873240
647275
682800
952588
992546
261225
178745
662620
161899
70968
246479
943159
875933
770056
96393
913179
623074
963953
379868
453770
335016
686348
617074
302955
828740
32814
524563
997151
927667
445634
713088
253793
84219
705474
490143
772889
774511
133650
548432
127485
724434
677113
128413
384420
44691
402813
754128
448745
561015
304409
645471
356728
990677
982237
550787
134328
389370
87267
602151
688405
391789
625769
85051
757097
26956
217616
467367
453574
735445
254384
546333
804706
980161
867477
174279
819360
354890
557083
322528
853175
384654
161569
212447
933633
785547
34413
831245
383458
103882
149660
24376
358035
935065
607300
390720
106122
984944
30440
801614
862792
239926
336983
854309
813886
921371
886305
777552
483293
738725
257975
70267
985081
838921
828126
789406
357529
679279
477968
838676
652509
970585
127087
290890
32140
189724
635814
847634
616122
762188
573599
478807
250514
164598
944346
415083
421830
352070
710192
718524
457488
604553
568101
701286
276003
947085
56355
414370
58547
79013
780121
971803
755934
371273
513648
694113
875829
406938
542629
220151
401387
787394
404807
135367
720409
720954
840975
82421
538860
21541
995415
875536
424556
374298
356857
661605
542313
316991
242821
974318
468932
976528
840030
720168
714135
628031
451505
916034
150338
490166
333907
798833
384147
123128
113271
615648
105169
498917
984904
34693
739941
810908
593513
77391
69990
579003
821255
95931
433792
772225
776855
301382
205952
235605
164593
919805
528382
993376
845577
284272
170855
137428
434950
965957
778341
121744
937664
558696
274542
825884
515611
759072
552422
674895
376955
133117
126386
221648
696354
392110
711642
886521
941805
816431
362202
876439
296680
868703
511493
822478
659209
233007
777943
409178
11344
507190
437269
855472
29816
436002
10339
633986
930650
766410
556002
251042
534943
421150
129219
796222
831712
375360
744941
424841
496412
651180
913671
222843
466517
560209
981538
276846
969159
684804
809670
437801
76102
640202
94360
840442
80115
971411
314149
388092
258266
844038
716621
805881
826476
139511
749902
992296
522836
959542
352876
171351
325303
997569
784250
235812
462797
972441
445896
46565
881431
473778
283562
693544
59196
338499
951456
567572
686724
528382
634855
391214
386031
137370
245147
554232
721779
115403
356743
925043
77841
546323
669195
598662
253267
902962
831785
487863
112484
763065
181036
767509
788172
624253
801269
679480
228486
626918
774691
131169
308543
461159
143326
150651
385453
704008
42816
707907
435594
857566
767649
763331
655468
397725
97726
989369
412291
612740
235846
160215
78446
699958
851712
973476
321914
899689
408347
346432
540344
466679
108948
893316
158201
302482
992318
670599
58024
863957
638769
54142
12357
135349
34513
850555
469114
691158
741050
431574
772379
554938
94469
262505
880255
850068
395066
514356
232629
527227
29586
838818
407077
481274
679783
115171
162437
46020
492730
289144
862772
87748
328801
976013
237815
669715
33803
92736
582349
31491
724017
168576
225136
806872
520731
842640
3883
85911
140364
254507
929426
257910
392140
993154
763235
690162
913936
591329
313464
650880
726023
958063
163365
647963
740803
937172
471732
547196
670594
421109
684922
260072
219353
338906
412885
203811
497340
353777
299973
899330
964716
655404
494117
20766
73277
232901
597765
763172
98243
865569
669476
255306
367321
968914
824015
357724
601421
343159
954192
131316
176235
587390
976597
139016
302693
168650
528799
380574
165660
207664
150883
820314
847949
24026
810369
559735
454171
634190
981278
151892
624436
351561
66272
997990
68579
736389
157637
425420
380338
997850
549345
213312
633914
902721
900658
816105
927945
5043
280801
69645
290990
707119
181016
404707
463459
874459
681082
566342
863704
355202
748483
258118
388696
165756
190590
613977
281370
27947
641053
625327
332007
838369
348280
209379
245026
891039
116069
197645
346553
187897
22704
234100
809447
942869
350391
728865
37411
758994
577701
278862
595624
334533
806537
511998
858850
636318
782802
670886
705138
701673
466089
904585
153374
814193
807467
15457
561816
369791
802945
585593
98025
442176
951006
424344
2042
905988
624213
387799
342015
277858
861397
126292
664769
353210
680322
970879
230918
269523
135920
481617
880734
341346
603006
822429
202573
430252
680909
908543
42576
412354
108572
288049
829902
559339
887170
133180
750364
499297
960263
967562
989869
107505
570782
355162
887572
267589
618243
344206
220600
294079
756653
722783
154707
497851
405488
72944
817254
663159
4211
752703
703933
384975
541193
395896
950618
403616
772717
760228
386753
509647
388639
250047
313312
142114
877717
119398
636248
638603
418592
22767
976812
15749
937245
245971
305221
278743
309716
611142
95775
861558
421424
120808
448532
87432
987995
565523
915587
566786
168053
476564
142429
282930
958386
212151
479435
104601
880718
651132
564415
80944
234669
17638
695574
560587
874898
562033
858855
609563
173116
542435
490603
503246
465688
171899
587913
229841
99111
516742
829820
537205
947758
960337
190115
843631
678356
175609
771877
434362
680923
829150
490046
557655
329406
485238
741483
683188
120227
485501
167150
712491
125436
582730
86590
67233
797120
58750
942671
915087
328514
987733
298233
131805
65003
803678
350023
396970
390360
496455
657311
579113
861074
279250
20937
198437
612518
998564
534941
512612
285857
33788
206734
354858
59498
216513
371341
664469
361788
607411
686875
842917
439038
372484
527086
24094
963392
823296
743167
563014
185620
241639
436974
399946
985415
584795
697235
743229
676219
51700
914274
428736
953250
388401
622842
315004
666969
490954
174090
816204
893470
912481
802464
846712
533488
429718
738512
371612
90626
238585
271549
156904
622683
856219
584775
693056
411405
734845
614865
476804
646159
826858
845357
810858
872378
241761
463719
68934
630173
442602
96683
991019
467325
753417
728851
726764
615276
576208
156305
637500
994180
426383
463926
635635
135808
13927
448413
791985
729912
911421
598710
174173
14584
31178
508018
949447
294203
107918
609352
276076
711753
741860
498595
805847
912682
959281
720616
677860
158790
735222
533735
995168
100571
837573
83037
541900
597657
745745
891811
672065
229789
932574
954808
216877
256008
192279
762662
346491
177788
469822
538259
355025
745650
420990
170278
403891
146939
78172
687827
111492
176593
900172
703557
508845
560281
359520
229223
712598
654200
431707
849615
717138
474575
1892
223240
105623
490516
827350
510011
597226
46542
504948
690489
923801
329709
303546
397032
594658
950339
478734
424327
228978
459875
89878
957471
668295
194517
774947
172808
935350
279347
456266
953813
988489
354531
179219
477341
111104
380528
750859
849319
758584
620999
680180
135985
944553
485004
66397
227549
687242
759959
756364
835001
218127
537743
600791
676713
444690
154784
346514
617459
369680
970972
694178
908903
639690
734444
608752
656297
968331
526129
674042
358620
266314
166139
728835
453613
569253
16804
970475
296505
922189
642954
120537
420188
298945
5992
232596
824791
602547
37137
367025
208669
867143
715720
856167
971898
866361
642174
468350
960417
512925
290088
393958
395472
338818
615229
176804
817442
238896
842249
224103
106545
825553
517937
472377
373541
647596
123780
130897
946078
500108
258297
318981
54970
186943
111563
403484
795331
420090
536622
741634
698040
524442
859820
856084
617846
864261
924577
701787
260995
967343
85071
531414
60536
932601
555615
594160
387976
267507
34485
701393
739121
211202
951854
65169
879805
496029
259129
2118
276981
239025
567375
613182
325923
511653
386192
773768
623619
839800
106684
459885
312262
460421
973514
273341
855106
597224
631336
480003
460601
804155
483408
690202
554051
521082
93635
681305
284251
797381
810790
578601
223556
126275
495541
784632
843158
24994
391976
186630
228457
359485
625121
925149
224924
386967
152462
808285
140803
171012
153121
262133
700075
241575
126953
721198
981066
956310
16333
737953
574984
93722
272165
170185
151908
512274
475445
348467
411269
107190
708103
379602
796894
539833
402404
16623
933180
870664
184303
52541
576239
104496
359837
729290
904018
91612
724180
646674
879353
459707
382239
708142
252151
642944
945036
154602
355145
297667
693731
33652
811491
656581
581443
486191
826260
510417
156890
287399
315352
297341
660224
16864
632506
97936
478513
571527
557092
883133
985253
191498
915333
197454
414414
889667
480733
269084
671726
659727
8168
747450
124050
205181
611876
994034
990254
321570
583809
858471
450774
466570
115685
244954
271319
720905
209817
625224
900848
668079
926163
660335
818608
475993
155808
593009
4205
518500
352622
314066
220894
771069
185267
498332
400790
490196
753342
826210
33053
867183
865880
720289
452653
546843
109526
278082
104582
580157
684286
409211
735214
938118
281812
879126
300425
381381
621376
362378
273424
200662
1373
194053
893041
82680
335392
650059
128516
837885
263779
896056
8805
83290
941069
195809
992946
126942
992096
283353
415074
523584
119775
917327
763392
45264
282330
247189
330243
277584
411096
259835
365708
182364
56735
596570
832828
947780
185826
355501
310447
140538
940168
480601
86872
340327
99093
959053
784825
914136
510647
800196
975808
263637
360815
194151
354553
403346
614874
413072
721460
77247
140251
988522
274292
454970
49959
151412
626513
523748
136237
43748
827115
739345
93344
706792
733707
145497
801890
224455
3415
932491
803855
343462
198130
747906
552226
296039
849390
584975
119240
664364
945263
554005
727359
207034
317213
83764
929963
454904
959045
131293
466677
821846
968653
73093
842528
616522
696594
455477
989482
876341
448736
342205
919195
41508
535501
697737
245485
513651
287026
711243
332311
474893
629575
634136
781688
668174
714330
920591
242845
920777
105324
407988
199471
149797
468200
211611
407100
49698
64257
931519
86176
503354
99622
128178
668367
593186
755877
361199
62594
163823
602073
466251
900668
511958
973073
468810
921784
551820
328127
638414
905905
435340
95578
161514
160589
504887
687057
950357
980839
309205
211563
133498
448952
981561
833152
719788
78945
344067
79245
320311
528471
332863
262584
805330
348459
41643
201633
832560
112757
348183
408225
986229
481500
68196
67746
49990
727621
704814
784603
338809
668822
643910
141222
205420
712422
576984
338815
61681
700419
583468
569307
676135
748255
927560
829091
706340
491415
794162
587019
818702
65377
594
597780
947657
692562
841974
843034
543754
293578
187440
392794
835402
810557
997210
611460
499863
477854
564090
361721
66693
506473
738688
488418
91905
933005
906540
405484
131013
944501
678220
958947
89895
104882
16931
943594
217997
372551
688422
721173
714235
384592
47455
955299
281805
78351
89973
856923
242944
382420
814659
722305
617898
135305
561124
808565
214026
286680
204880
592745
480314
341113
955423
132221
647681
938075
938669
70009
323333
238830
914455
466150
173469
9803
866145
603913
20101
831105
252665
481085
40107
643325
726
854380
887398
209813
758651
751018
663686
545265
388120
236398
357958
194966
361807
637933
706206
217168
713172
905557
836085
518716
887277
544355
906100
181487
10649
954337
443766
825095
559181
974592
487835
785932
186137
348621
655164
93953
234346
482003
693752
524365
483176
291278
729837
408129
173055
108103
830211
740294
939964
187857
101794
366244
229453
971422
833796
634673
46443
119102
77092
631124
840659
921462
658902
493941
32175
596153
591792
696259
124308
255301
448998
900705
473253
447325
940660
3502
471572
997086
817460
965103
536584
841409
29647
229723
200347
509612
206736
716995
201082
188917
55700
859613
804784
798516
530014
127212
424508
175939
345095
513293
990878
390741
538770
289503
616817
807280
675549
921680
200626
636296
558004
322561
180318
199033
459648
526357
620218
408481
178461
92507
490220
283993
815369
804629
714951
429966
60984
812581
263268
505791
237764
530963
847659
503381
984065
170237
267057
292698
615343
624028
289531
396759
703304
680302
365729
194319
109882
104134
947982
561489
789551
386796
215012
171902
18439
52466
44092
100632
921959
653268
543627
786242
736171
685899
823584
117658
705975
140974
678921
330799
749419
145669
951446
799457
632308
187948
74549
717844
35007
625249
901628
624144
552905
325930
318022
357305
237587
287142
819188
906085
68401
707502
213973
560863
530240
635623
658784
179384
225015
439335
185822
40708
186007
601857
699365
282552
227388
755631
94078
75230
632150
867611
814056
97138
62321
816714
77814
901725
328111
60453
776915
532491
931416
889509
259174
118507
351752
317723
290448
240130
418183
439194
331218
733229
299893
985676
818289
659812
398121
496992
641664
870592
137191
949813
887371
620905
422654
498520
68030
688417
13668
340796
887837
325025
672431
594146
577401
887366
523484
335892
186638
650409
668732
82443
557180
246796
487612
559920
186784
305199
277583
187903
454735
290883
311034
8200
284911
343734
846652
267024
727665
110893
292695
925844
777326
165008
360767
698861
294813
77246
973086
214671
28143
734817
451394
803179
230343
815133
790052
417397
164889
152162
415702
709440
618206
874914
540168
718084
417841
927516
776694
208898
174345
520981
898546
835774
299348
773864
935817
514603
409516
279477
856213
971685
392248
881845
199007
373592
629538
775278
520174
531390
855600
504449
431472
566021
676802
234465
386948
586382
188455
312734
770978
926418
53339
306655
100456
847455
736545
513711
183234
630720
160761
983598
808820
902843
431551
509864
582535
520052
367200
886338
390350
627183
932537
463696
686739
258099
671117
23556
269475
607433
687331
431042
473331
968036
344378
568782
366062
93594
814634
587047
713692
634513
19929
873581
937072
914421
922454
979261
969454
423333
227093
563933
566071
256045
475912
901907
457394
448558
810710
283728
791385
289562
925242
459594
933469
565468
394747
478247
870583
763476
423619
34645
945549
915136
435167
407222
728381
70518
970962
737081
222408
921933
37462
623748
619550
394652
239920
600077
708546
708762
278255
496776
411417
126181
722816
676986
675797
902238
456945
488557
6712
585585
543232
483068
849799
16178
937759
228622
42318
390563
681735
319711
313546
444818
50486
104314
609654
926239
609735
360195
764533
11228
37420
505008
449304
220557
950730
728024
356685
80654
374640
204260
989861
579220
376053
154722
624320
958603
377838
97080
955928
834911
564937
282485
783782
219159
693770
394499
971508
967323
375455
897849
484800
736534
451681
204365
882378
584054
698730
39143
784763
554832
191437
39440
398706
137057
521334
398601
810283
79664
521823
198136
172558
671311
357292
634493
370578
593023
631909
211299
917964
723315
162957
642803
79896
943213
743331
105058
707426
391813
991412
191722
496978
680392
489691
179190
811090
409405
389207
294262
174333
940291
779207
487379
866853
865942
613636
455036
225921
84016
559835
13151
552625
287820
877926
189364
753456
184582
459654
632371
347989
42718
432830
315238
83206
344667
554031
167641
22394
986700
171948
514861
98344
715753
225657
801932
60561
888025
229029
662454
139303
640973
77313
198138
723673
160137
577852
432705
951612
425027
66716
294981
143255
627748
201627
569119
164747
164523
363036
348029
228445
785585
55624
361521
669538
523975
853578
102823
852742
604411
116899
480943
416312
598906
229802
254072
393013
902671
4388
158750
667312
830281
615739
109786
627675
653563
236639
611736
637717
248349
340214
478374
274544
847696
537857
154888
441693
916991
53580
968680
246199
555041
432209
477994
180456
330650
359403
242526
778940
163713
994610
770959
57728
846461
249655
926968
81494
854344
125853
59990
537625
74710
351378
715545
418087
891086
822441
601780
700495
277367
937878
671252
893720
285678
950661
332525
879660
140819
974999
685679
112224
996740
36282
183256
312801
734849
906147
946147
2812
448175
185835
648606
168841
418808
272003
644121
190005
159887
516309
617146
498091
246929
632953
84014
826079
61511
960209
239034
379511
758344
932482
787119
133014
257660
251087
202684
385925
526267
573459
649117
981376
292371
277211
602033
306203
297512
924894
771754
220751
477558
788890
251934
224485
191283
192140
623546
132542
252496
759562
944341
901436
169437
150529
539106
586705
880332
456455
561856
714146
784013
840796
440044
748631
352537
777922
451350
243266
642059
267702
618385
165097
343656
350154
330979
817330
147583
412064
23996
721258
452396
218053
420356
391025
532790
185511
712845
526022
968408
753460
22888
964011
819101
321617
734931
793013
521508
841588
482000
429042
891203
532511
108433
75126
456200
440122
262222
221124
840795
72779
595257
803222
302271
7892
300233
535050
369783
309257
251571
775593
445317
578860
582072
446804
714061
404231
209495
667853
301081
297285
463010
853279
730294
902702
720366
453803
408379
571646
333924
739537
666857
892448
445044
234103
662126
283340
303402
724985
385988
864186
932184
941101
553271
315905
746035
716049
929859
973393
979962
668308
349979
350793
334097
536573
397958
821750
422892
207676
908964
284649
241702
800652
646223
676788
570226
932481
290781
97665
940328
381811
84033
768462
44161
679047
328657
918345
941342
481559
976098
779331
524034
978877
443663
829140
396257
383489
655065
773900
688656
665692
915432
268113
332507
131689
24176
215770
10165
574183
70127
201607
336970
867565
40466
716762
337009
641899
828343
158614
479229
836568
827854
490354
887603
477373
169560
841082
42005
9694
576017
696771
523485
242432
552427
813641
725573
150428
259759
22247
222147
75614
639496
677745
208147
503450
294107
531057
821484
938572
77646
594877
104724
605194
438506
327474
344207
558536
550491
431823
54515
964808
780308
833136
475031
454876
295759
251236
855978
27737
596082
588910
584223
640602
509006
956373
983302
141998
627328
690664
617334
531935
605690
522002
682663
68384
868380
219093
693084
228562
50684
653670
413693
511027
355589
280037
591554
681699
974459
298424
25996
286932
600988
167043
767310
759758
230178
503750
564840
845789
311654
77714
909524
955416
153374
961513
468089
875598
574791
733937
428189
539406
928222
212693
89400
150291
220999
460729
523619
759754
71057
646295
477167
139650
772753
63611
38483
707951
496490
55383
820605
538459
295343
869188
16393
999338
681311
537366
866383
236872
350607
435930
807447
941169
388325
851438
407015
354396
763776
744893
379709
290373
290869
138774
273945
325846
50741
747561
498930
477937
203082
521693
127176
344028
404352
578960
697113
330826
805088
685036
973997
882370
907863
148131
80396
843438
599414
438471
465552
978243
268947
540743
371925
331911
978572
705162
871564
723012
70956
768801
253103
663047
534501
791533
98255
414869
854461
860877
374857
468971
661318
452097
510807
753265
495429
958752
681474
741882
706229
826674
513653
843322
269476
19051
215597
802117
222010
336837
430093
492224
613977
290168
28879
906854
44320
404313
109140
284473
874890
363724
697371
209923
782772
246567
16720
943751
357948
619877
548988
4745
25861
803908
443547
520695
591382
309052
671819
684979
417762
235484
230944
378942
346850
464770
728916
269186
631967
989174
646556
486844
643084
478052
78678
439940
659023
274868
505310
956154
647072
466248
475135
61071
593674
394193
210182
349613
868367
842638
974707
529156
942185
587235
552137
132402
920874
491730
433029
577358
642244
23704
716203
988114
847333
938662
898299
947426
502395
214970
316291
625405
43157
497818
32654
477759
349994
702189
884666
622928
300466
654070
950631
299949
800562
122797
998859
596113
167125
451900
782691
210111
763958
555923
75652
368431
429755
933416
394192
426706
764827
291726
425027
872964
58175
433329
81581
889294
251526
689964
149242
877332
718691
795271
858669
359329
898081
41872
678315
433293
196935
371028
816564
932169
632983
115003
845100
979591
120624
682173
49687
193352
565715
456581
48996
646467
369218
58464
270880
718191
605316
882594
910219
128366
508166
739349
472072
897622
772572
952479
607853
359900
665508
448431
384379
645151
201739
3491
557927
238479
538601
776762
223191
607608
615944
969457
613160
721519
898626
610428
636524
264471
72712
38754
836081
948624
419007
997813
560828
75006
432708
592813
803861
692465
940497
709345
717500
156406
747703
974497
138169
412601
696779
121906
820945
915029
536541
699495
12309
140154
990115
744536
841620
683962
85173
880962
13552
523440
588530
13435
804558
934797
756096
953552
505831
919872
302896
208317
675964
380545
746431
192263
736038
90491
460152
735290
114443
89556
91768
664443
748653
511450
684362
668041
284060
819275
609968
78228
77900
327745
967555
946681
851777
124664
862001
444314
891878
393726
667366
41815
348413
42550
867270
28651
974001
529736
408918
919653
764424
577448
816826
968768
948148
916098
221401
921378
493384
756095
778653
419182
912136
355255
990742
639686
744089
487731
43966
715296
569687
173469
851223
624451
550534
846279
251825
175711
181728
304340
267655
490247
276940
847431
592713
816908
670320
803942
577077
614071
878813
912010
832734
303010
853161
746822
749135
506483
454042
232690
324233
621174
755134
571859
330151
225366
323544
79144
45923
659576
329013
797011
674929
308917
796828
488866
681097
990642
31395
881018
742658
987933
217438
367007
546586
191941
434099
520162
759570
698902
304265
137320
953590
872880
840799
691666
960826
153764
331193
845710
116224
654091
660148
507130
486071
775426
365947
632496
542813
917957
719058
956850
71204
467623
75344
562995
804019
61419
600874
888064
719939
453443
918505
847370
82090
766242
808765
211792
804725
270016
158700
24877
987629
548586
444515
621883
383676
370690
904365
304739
796266
238746
385921
977475
268992
325929
805365
794042
782925
877224
628497
37715
57542
910028
315583
78027
760712
663904
294942
746368
918842
662270
673717
437753
96142
11626
330500
952140
217510
379274
721718
719024
344979
896582
303796
757088
551800
32632
223059
712807
228173
325008
315373
269582
234368
660807
208205
525216
244725
455998
563076
387863
116782
197683
642072
288165
680774
243486
946460
745952
423192
794606
784219
467978
128701
661915
831278
26236
962609
152680
663085
496879
365271
762999
910018
630119
492627
90952
640921
130429
111637
872208
835956
241415
892982
75634
987290
813862
507258
159196
654063
637867
752054
952513
930079
70886
174475
893934
920116
309453
723344
895243
746504
998598
869582
361713
512020
34834
357220
482210
800230
120789
164491
223529
732529
855750
637428
935439
723134
177647
165390
793015
319745
672097
210595
282071
905990
69176
140450
537619
689610
857798
878839
244792
110247
103839
509014
983185
427431
656257
898583
555625
131129
755485
84348
28127
160320
932742
46222
933343
628041
471093
812644
698882
918421
879735
49477
784772
319317
830004
225061
908510
588852
25308
909452
292096
265742
172399
358612
279917
161918
63913
530449
162546
625812
978249
966219
66884
535782
515325
502502
177781
559869
638060
942371
23251
188017
897119
641983
114653
894991
28685
987193
810787
692406
798465
152241
532793
968769
72874
557804
886167
368350
432959
855412
898448
967869
776205
22428
708589
656165
35806
424290
879206
479840
412679
565549
541180
436375
236367
961077
935798
229880
741111
695233
279542
67475
187819
223500
431286
202116
717379
352129
25189
366731
53878
110822
414104
815928
830300
751189
311983
899329
679005
131748
341829
116790
693500
449830
430227
111563
982586
782411
848098
753748
698664
939938
787178
176400
674508
668095
533964
636764
903343
514104
561641
167625
976258
727881
133213
426439
35626
239895
413788
976960
252975
328530
440999
922369
932092
255795
393130
779283
790420
518629
655797
253096
832978
776192
557653
481457
682458
159216
167886
738572
7970
81268
84408
551579
371863
811202
700084
448624
182509
319177
830089
597476
276422
939022
204126
84807
408766
763192
230870
608945
627409
975847
557124
568887
270634
775742
246729
84986
523720
473985
786897
386201
22479
55130
369190
102982
580841
960502
219311
993142
507479
596940
125450
649650
671832
76030
230081
251851
653556
961688
51947
168746
914789
963445
807522
824453
166755
445312
828188
408302
369483
437720
452264
585478
537131
286477
773383
881678
328172
398279
905381
520094
52188
114247
126194
746862
995416
978821
728482
90257
623507
264311
964733
664002
447813
440499
820323
474455
119346
104747
329696
36754
759637
709464
960744
178647
804393
903346
788719
114423
237717
374235
426151
320874
695986
495643
56151
939228
985338
983494
495573
292830
574286
3642
85920
549885
680803
646341
93852
171440
775371
163235
774634
152618
523548
438052
878243
682768
14527
990764
231858
229765
836630
490133
525451
433824
94539
721327
847372
622847
97714
980071
830126
454709
655386
665157
835815
554719
759029
571535
190432
100628
533921
371915
424526
36026
304786
857570
31600
221109
649310
584224
723555
239803
20901
235992
117541
604675
357531
262949
720484
165980
681012
901899
65794
44378
814123
337915
549736
692139
915310
478389
607236
132295
55593
409160
743776
604678
497069
269685
807840
322059
786557
692914
354840
818206
945845
479434
464456
746200
17944
553825
129333
379511
850804
250837
945380
629458
292404
869697
23414
36646
678850
278235
502811
311566
254486
958589
279476
217809
849568
318209
748041
72661
744398
473157
27300
208754
795962
166350
374280
860898
289460
241032
655121
410004
453863
556651
644265
197215
432298
886650
309092
4372
416101
474597
929913
362028
580062
152463
583646
322720
836255
330410
661247
525208
610950
398909
594842
411899
175977
491079
998650
430181
33699
608382
297549
222327
150848
453936
119396
729863
205185
288459
347528
979000
651148
479480
989427
363237
912435
991457
148658
430967
276383
885139
418517
942102
499288
295039
581455
71036
734068
147099
585777
979173
760859
10214
650046
988515
170099
693256
74730
423630
402540
287895
465140
442904
201769
913782
359773
958398
649417
646168
417795
551578
268050
833250
332447
359189
367674
556975
216791
283963
889937
694381
930817
330023
13134
410660
988342
353629
630964
220759
833998
678966
197472
893187
707069
806262
225842
797188
361865
383097
890646
669591
710887
208652
242094
191994
184114
438297
917917
11120
113159
564986
860467
556321
716351
227054
494128
319261
177738
385833
570935
741057
797220
603717
204369
902066
2679
453975
468954
271239
268749
344349
911564
124035
806832
628563
492581
491711
221025
670948
124408
347174
227633
601406
822926
420762
131966
101374
613750
479221
624525
756298
575024
734122
771841
450942
458354
338633
101558
327038
422357
760929
765245
818795
54623
749823
408500
995185
213165
382037
580480
773180
357629
576759
432874
422282
794006
434110
187731
625564
1108
886607
464341
86982
461780
184374
371256
955238
56376
852843
440078
270769
649431
22327
619564
668521
655620
852208
231813
227563
10041
788512
422308
111396
556577
325572
922117
648996
195455
250480
52049
571338
276286
562192
794677
560927
251413
567561
418782
603711
972822
759037
294803
982898
702356
694126
504942
659674
223727
230074
591672
956420
953470
263300
552416
188512
642839
955635
124760
158094
586493
873940
468941
228366
110247
654235
627969
216794
125161
517127
255494
452624
183938
775459
251992
564998
76481
833320
516888
945858
140308
535424
481249
506754
622254
951717
402889
128437
303700
37416
619638
989453
82821
388494
68890
871340
576324
326613
437900
22267
601347
460948
602564
682458
966766
82688
545715
870001
624080
791307
807741
660005
225894
543846
664468
13863
203135
269223
273970
351654
598668
201094
944434
986852
138634
383042
569804
141030
691720
912481
458988
82629
800791
323092
458285
764066
408782
566712
228407
387639
751095
655865
14961
716296
211482
241297
392677
94520
968675
481647
579760
700087
65842
370418
370082
880089
171840
427604
93560
473602
930473
885988
964915
111870
830810
548779
353364
461357
222871
701040
595575
311515
524201
582616
774025
720558
176099
469029
970984
233336
424528
839263
839446
171309
873723
761232
734808
354222
297563
113704
987121
58372
410072
681281
849206
588008
356670
455997
706318
346942
642173
907788
639176
725858
364634
143306
410585
443547
790582
417541
530544
528045
835193
868828
639544
134731
218139
877058
530602
240232
904847
629666
242891
163950
787916
682397
250057
752712
291641
263151
635246
670682
718388
877935
75263
588368
397631
949109
880756
435412
658439
613270
650515
280793
321043
186762
890731
804309
699205
720303
696490
692811
145424
481830
939995
156358
642103
642203
379392
66210
994621
959715
287944
192131
150895
305150
433006
636521
741450
3323
308910
850204
299402
623483
669603
464705
915600
280973
924866
513359
779887
451449
147885
358747
10963
299736
768437
303759
980302
272224
461487
153657
848000
336574
530289
980351
584739
742300
783402
188081
968369
714626
740891
764407
844530
515544
330934
971049
710437
388682
599185
278590
518922
911044
947335
146907
158858
623709
25132
273165
585796
294224
359466
337618
695925
408420
381884
144914
341315
838830
45703
446827
119718
156077
625552
156457
374004
354515
665566
797077
378567
669923
528109
748004
156429
393461
793100
472465
908267
841815
856340
479173
171470
531854
795013
367665
597393
512186
646462
919806
134276
537303
319065
473564
663967
919263
799137
674615
417411
971469
176624
949064
334505
862589
969386
823560
522921
930608
567376
70015
886569
723691
743041
542906
305568
594878
288659
415962
635974
150370
289546
358409
316250
396092
340979
342216
303183
828670
943264
157028
96724
868269
229377
769671
338239
684093
837850
798507
366421
794712
267750
313641
976888
456573
879880
635696
79982
87109
111530
269969
364490
190274
592629
217846
529017
224064
101739
993907
493611
734829
349540
718133
431771
778581
356387
594966
572349
263621
628244
587731
437571
445649
449252
556821
334285
310898
829757
932971
681131
374215
88477
274777
404431
291772
472850
519818
851796
259656
840404
661664
330981
4176
255870
103596
902859
430761
605098
254009
261143
902779
407145
440067
74600
828160
82332
495621
670298
357164
424819
952880
572556
842535
347263
923511
680331
527478
160949
849863
483808
472631
360321
476756
280754
865675
973060
899023
463322
417934
382252
349044
861058
219649
837871
841727
382776
950089
503204
133502
286037
812368
590270
521474
161860
750474
821029
230063
194417
813202
979315
333107
761424
50482
726152
260115
724039
708866
66762
170721
5433
335335
955196
541770
596848
137597
856250
803596
560870
457679
2126
187652
111984
790531
316466
106277
112072
636307
409379
298949
116085
210678
994655
701265
807705
171037
247739
946337
283031
853144
362402
927527
210847
475801
253806
940352
216215
421009
510172
405037
854823
393783
347440
31515
110817
977127
553828
292766
6540
769511
212878
579388
764492
262596
770765
650598
549231
25115
845487
127362
962134
752115
391011
47395
207230
308872
911061
41562
992106
375907
868268
270630
494895
469476
751324
275078
366811
445986
870504
531120
207299
27689
426168
414618
938664
847074
61330
356533
267205
543632
153528
326841
199416
152822
919646
377883
936458
550743
604231
904476
976157
162901
543291
107195
874481
616699
738599
201483
760275
367382
418385
705759
714146
45950
17077
144609
787903
548082
439297
664770
581264
342049
586154
877835
53873
755461
112041
46674
485625
403370
183766
199433
630628
275021
350047
853617
163362
890783
202533
874092
361275
218345
145523
393391
20957
210121
319067
732950
251716
28954
546159
988113
902148
918322
109337
465788
982902
697156
937368
200717
325821
31590
70103
586662
966196
660590
578028
440011
744373
268469
520298
230701
702728
459005
964067
780325
554471
758895
926013
685500
203563
987261
696047
781671
480596
584550
8217
758480
108409
634328
209214
602575
513738
111279
307359
937464
705407
945563
300468
898061
986400
279456
535305
684692
413039
423736
1076
46276
593973
475091
245615
624025
811304
432894
99734
920007
179830
619425
745214
864778
654896
681827
356335
622684
153878
680936
630208
917760
501051
333626
494350
793276
840789
500741
246360
746019
375267
260092
386618
309328
806139
387738
93508
700655
274415
292803
410743
70901
524123
219785
493979
782256
810766
852554
339968
56120
52499
482550
56847
414213
565723
122094
549643
41115
937608
400840
553002
214560
311256
337263
92042
357518
260780
997863
527762
536515
974132
142703
956774
774837
987322
993087
84102
26436
343367
935601
204804
917032
370549
154940
880672
191881
872659
379227
524097
365166
276398
595852
387538
942349
277826
865844
854583
719552
447293
64159
789483
99289
65772
363558
325944
848140
844869
961578
203409
994187
637263
744060
907343
410415
697266
981791
900614
623377
349527
237349
467140
270009
965819
291893
1382
455598
169686
536174
635798
842284
484578
977766
836644
72244
320458
457740
958464
779261
527408
41963
109138
926984
355419
964879
196150
45073
540988
361346
501143
518753
578075
314671
456615
107073
786723
401000
343736
309129
585350
720835
584570
640022
168142
566111
729297
194905
441730
77380
805714
965068
956145
938665
884123
477505
138077
411087
834892
825811
593479
412554
258342
961469
454036
818335
508414
687881
26137
647177
339869
816928
248840
277462
664759
216000
694326
133039
313671
29773
729672
539444
896643
71102
699898
159749
881729
555960
440907
65374
811878
652216
673096
753818
239046
892265
483700
776152
944222
957589
232785
796859
229033
417016
179918
399371
689314
373936
836173
829881
437527
733393
670864
791359
422503
551958
859199
799270
617688
198002
378136
820385
376023
698564
826995
516311
80781
84648
877233
851454
50394
699561
759873
624803
703856
510549
583630
582854
84431
850794
247369
197409
13464
253484
843150
928777
794321
426456
641269
89454
883380
196018
123192
43069
673780
33019
465020
399076
281101
933695
893118
868405
580486
431050
745755
808164
174790
320763
873915
158634
478416
306928
734172
784012
384541
563105
197175
811062
800469
631177
211088
621185
855081
333758
445151
57748
630736
865122
914262
56806
398555
152818
430287
887713
228791
100987
365524
72354
868735
840621
965578
841885
635068
70152
40954
640414
799482
288179
848957
483626
24391
210539
266052
850692
326539
220824
769986
133131
917823
319996
809078
496705
364939
636676
420440
123622
365760
175105
938719
814147
438255
218544
183981
977218
80932
88117
283608
54138
510338
855719
53014
312457
42300
536196
206852
307226
453870
926725
763155
486151
645846
906253
999888
775320
225522
977339
369934
666024
129974
490462
438769
976552
52138
265544
894042
704125
207902
765435
798442
774981
528779
68097
235573
56311
299272
846616
260869
505192
238245
600329
84168
560810
791784
641433
781079
769871
925153
434009
799971
658315
527276
850136
309502
433656
382083
982201
394115
850098
487933
296543
89892
120482
619303
681668
273742
454873
314366
332329
554619
688082
939142
372520
662483
905626
189897
674917
55936
184139
234927
72355
352717
960243
722935
99891
650681
463700
619792
461766
816606
325957
97686
530468
324537
415798
722156
378741
769366
270929
47794
57725
236825
727803
610915
891429
981866
5945
287310
182836
467838
694256
979439
586333
83135
455813
791914
330545
194264
961059
357475
623797
522398
52634
884220
880398
793118
182756
776684
358361
117887
495684
15352
944855
1492
725000
766161
879237
49601
420525
529803
276810
854022
263649
19061
478922
260141
976995
858393
13272
780492
572935
80529
611336
789432
586389
511684
52577
566022
663313
974396
189618
22847
909974
695717
44732
14431
928284
646053
99532
825098
69208
963026
86572
665612
630594
16468
605231
575499
68722
948121
875051
461196
91300
458222
84036
158622
726427
14465
48930
953254
575841
347056
316484
289032
259563
619597
870638
115888
838107
421233
182718
300666
308512
496633
405469
324676
513977
990882
558160
476493
493590
975293
674350
201034
416735
115727
691180
492165
141070
80391
890900
706930
754871
817180
890581
643024
400808
751747
535283
550520
564139
163210
378335
41670
511144
834772
607969
416737
344487
107505
383729
357288
323124
795097
618854
173242
999515
80262
924294
656482
819731
707691
35260
642718
474615
583572
190055
316042
994991
38491
531726
587950
850925
295364
714482
993313
662355
553142
999228
885720
910259
803735
138966
455822
350510
358082
363286
136978
695997
283431
116948
597416
765454
141056
674652
872989
688646
485612
399103
556075
623973
829866
670980
866884
422472
650931
600508
99646
813063
973235
436659
547996
848062
85158
779458
511285
279209
61004
969410
23620
840617
999304
889563
745739
29603
17947
631994
524324
469704
120823
424545
33125
552623
336451
728792
270063
60509
625067
189633
705556
517095
85024
416265
59810
179759
641971
987579
676176
494666
68681
511534
408452
733186
756924
708703
76543
183351
990223
139609
484966
783904
6603
138448
559278
912559
58938
314510
849826
805459
384831
864709
385428
772375
136016
45443
883678
661607
847762
101443
770707
62835
512208
291359
805768
87084
188567
342307
433528
418732
6960
761278
283800
46834
593338
141458
283640
950922
736036
801962
120978
989196
656901
418507
456691
782715
628504
800675
479235
48013
317079
729822
46515
213706
912882
920344
431105
147469
868780
43885
376363
733671
941779
100907
835758
530403
641818
919465
718457
216805
748756
645937
404275
455916
220367
808088
952742
838006
107083
204399
74822
429763
861718
369682
103394
149745
646021
658589
590694
319430
56465
534527
423754
615757
561227
784934
416859
969815
484733
4634
592932
394466
75743
695270
602617
131160
231987
152752
215327
15022
550589
933930
245275
741421
267426
127905
86422
822990
695901
235699
185193
564285
42200
262942
852299
424448
255917
165939
22036
472241
783288
111529
701741
976103
90520
309773
962455
550003
452739
789719
593492
898502
554307
686041
521397
441328
207697
576464
101505
488003
156236
731933
324287
756758
620630
365197
243873
722981
563660
267284
370829
887254
553439
277593
97609
581399
622356
55531
849666
962338
274132
155153
147512
188258
985776
506302
740234
942512
494326
162723
9433
739830
897897
490399
506524
195828
560543
98706
719616
792353
520764
998031
877625
733673
170886
331567
533290
796501
146470
236738
412525
364617
965946
43041
910335
359270
143449
939487
976075
503632
693988
720478
758481
909577
204165
703997
426355
305404
422023
328751
373404
193110
838034
576167
138957
71823
260161
980719
509254
914503
819618
940504
808205
526923
567113
852940
317534
175094
676369
612031
244975
616116
787249
568836
742686
363234
187702
869884
830073
743377
854946
972905
842858
763946
290465
287521
614269
128427
980708
324125
538064
744399
710429
950897
832726
495564
187349
633814
580295
705206
653869
86499
273640
171457
840751
260891
633266
609060
207760
49503
64354
380376
957124
79748
694300
27839
95166
871231
111164
252450
615299
239485
334587
550483
744298
626895
630779
574641
50034
633091
226928
777418
298175
246222
460074
190107
819955
756709
752067
439026
872869
414378
124641
170549
433921
316419
330792
257019
274044
273607
13183
590871
300722
392210
386430
249526
522909
715000
710897
332190
43956
707222
169163
385174
383390
853828
545771
363237
186129
958694
918147
813426
887180
630178
428843
179466
882925
123180
295873
461825
684591
995836
926522
579055
799172
85346
482890
418268
145739
642096
105900
987190
336430
139349
289806
13566
428187
672649
381533
607044
248349
24100
803688
230471
638870
75594
992755
380158
880091
276801
584027
234612
133548
908195
905760
863630
26383
117294
911572
558696
4296
612153
904095
951966
724214
318466
718700
501991
907724
278370
339444
913563
430571
556257
312101
937173
279385
735974
912558
246515
674593
571911
248746
321338
766215
141759
163942
745623
685861
127549
326097
559168
676454
314009
311295
108281
751454
956513
564634
276467
193861
15314
47397
763086
548431
187427
465454
527103
675561
160698
314448
794701
168785
943874
697186
629942
447442
701332
943424
735982
529051
917522
216052
511431
146363
916627
599936
885996
827068
487096
753802
20487
776217
930397
24484
382147
99229
876843
797752
510251
590937
415435
513229
454641
55937
193269
635256
966411
254755
31974
772961
631352
303365
644912
15344
756193
157147
577323
203477
977306
560098
616585
971378
944455
498972
982536
737061
366876
208808
182144
192117
622588
838077
163548
88984
742339
275779
217317
215646
658591
865038
626874
401918
55065
809783
91292
845500
670130
438233
884646
50739
304488
414629
89562
611524
748376
594851
844182
621083
864509
911750
245989
354651
624086
823594
775089
787174
925798
464300
293846
999818
973077
765926
425299
120715
747316
615621
384986
315593
714142
65481
683399
627278
335801
295257
508525
830518
830300
832961
233035
910651
22155
23049
788765
117724
65373
384307
950479
336810
295551
335824
290444
312239
419857
680895
95285
791099
91630
942275
117294
120652
321161
630528
899730
276697
425970
837650
335238
190075
704376
398410
999403
530937
542761
637446
300141
961710
150389
499756
535289
26649
174065
673795
89675
219265
751927
400814
361125
229955
586730
659077
12123
114938
947095
575633
781067
647241
635639
244132
626219
822023
501137
369427
227387
666504
893884
442258
589529
300740
894722
910314
784307
199463
366240
508569
325014
253108
983467
796486
280997
302935
391180
935775
439910
85573
444972
337745
38007
25490
26347
595427
335390
117775
873609
958960
542654
557533
270823
788671
247972
503251
314536
62592
169537
987975
316082
34726
849203
211389
521233
819419
53051
920682
878842
99236
615763
582819
667628
723475
982809
200871
401778
969059
769124
717125
403909
419187
950392
422379
114447
543842
436244
774669
198603
411395
833704
99694
835272
297149
578723
832590
314508
552770
804331
163121
848853
985258
994726
65159
909947
27883
988085
733629
622641
935799
804673
178463
866602
514291
428909
960872
383384
185103
904491
578664
237967
179782
104043
228944
472521
387700
488941
965341
150978
832271
391799
404447
615620
658115
383971
937509
965181
769710
589264
786311
818764
182901
548409
144528
57946
336001
471650
147462
544421
773082
50670
84054
477080
344862
455374
517793
938454
188637
469012
646301
3862
433684
186213
435369
302376
43461
284813
355186
667990
432047
776429
326011
142118
875119
437327
705932
932859
203763
933914
637817
990235
938007
112417
150285
253387
81694
147925
160532
654934
946766
941915
573762
394157
248488
933497
200515
563816
896258
435305
698976
404394
623235
413584
373770
933411
848187
747656
580359
373168
744156
893401
818102
18717
555609
881351
142336
974730
47386
863493
57053
7083
328921
827911
202432
967657
124188
919093
533089
414182
296527
648059
70693
755614
275901
978109
755563
945960
638187
866856
267509
263580
636689
619236
467697
559759
207286
616230
62179
738042
541543
983649
642482
7161
53459
560540
521356
988975
143814
856991
890230
98886
865664
685127
943475
494356
331633
296825
253264
15833
376084
168947
790794
584485
604261
234686
777181
914582
362560
896768
862507
916671
506904
251821
282053
275621
323216
740382
518424
501283
20985
114426
249143
973485
59625
558928
512448
714993
914740
216711
191790
723865
420042
202285
414779
394221
37293
488363
267184
922390
443917
225369
11594
105342
406337
240942
711434
434002
318116
194192
393434
115625
32266
79498
324055
426174
182686
419292
134719
963353
442586
657771
720568
471245
500065
251737
145595
860890
280764
571951
578843
525106
32175
151287
854902
484697
5431
655911
656759
298661
103715
122743
908677
171621
999692
315412
107467
487518
961715
186669
855269
336881
323125
633258
269540
194136
985965
311420
527230
150927
71270
209935
328661
210383
437883
430109
744162
929013
416974
859868
532798
2690
50337
817559
455373
273020
843284
988443
150471
189361
390075
902279
636644
100763
105371
266503
732195
910111
184002
562650
769848
883568
284160
181390
89680
950800
544069
385550
865090
278775
181848
849746
640979
918668
602738
270132
323046
612880
151029
468067
618302
807194
66636
373488
707250
823485
504480
95238
470316
838213
273203
131639
723037
343968
732573
146481
182337
21338
302433
306575
316234
676545
481004
357515
739884
927847
691177
480850
168388
26438
835203
815280
215781
368062
804408
823530
417217
159161
174103
503339
365873
416239
786710
286998
632033
876677
662098
937722
977179
214929
180771
366947
82670
616761
932891
982477
788539
588281
329500
144052
39899
160642
838867
344967
822576
943808
832405
32699
23559
338612
189844
891003
760039
375296
732797
596860
673465
521410
944498
672303
876435
67095
747487
841744
548259
575169
169147
932892
258420
682083
18141
516447
412704
44329
863288
592811
932947
242564
652661
228
688567
503443
698220
972345
570177
809693
679166
911341
437592
796475
967057
198355
618141
864211
43817
133720
451803
254079
701408
184186
650956
498123
268738
661655
550214
938589
210951
388960
870721
436528
523181
352364
505605
846968
989298
295081
65012
624234
640427
820973
91953
273556
188292
493099
448428
209895
805717
162048
479884
119829
278940
959085
387511
173717
802845
329056
326913
620484
551379
819883
841454
967845
628753
81814
385318
820169
120378
436687
981300
591306
216281
940480
458810
652977
323870
943993
845301
407735
375350
659020
689129
359849
53766
944440
617449
157284
682947
339581
90565
750720
449712
846031
243472
394570
844981
869861
223948
406121
414297
422640
749621
301729
212764
701225
839399
859254
297012
836483
463404
304040
913186
116544
146918
648285
622127
411744
784213
730013
757832
925939
305670
485367
719987
160528
750681
796480
739245
158110
95597
361339
574178
206671
512618
110932
514184
903597
202922
473607
270041
953676
146628
110430
365099
836832
819767
494743
873453
525287
109488
779299
818240
743302
818104
877195
24816
350834
654269
671918
615821
515461
693884
878437
221866
52977
350471
142407
692849
843472
704120
219464
924065
866265
292530
973884
795494
632879
745552
172666
297428
586707
868078
951323
936063
801722
450064
135522
881529
301434
590642
976245
248873
74846
281196
26378
921988
816920
717058
155677
712875
231318
951110
817629
950625
687213
604714
206503
311911
436914
969766
910697
614902
532584
97218
637161
964761
421843
536321
224734
300260
317739
462826
134972
757716
396012
854644
866765
695109
742154
697805
471547
659210
972802
183559
345386
46189
131148
844191
197314
904707
689453
667500
630986
736106
721256
547553
887088
935905
792212
954302
255909
926597
458313
231769
100389
169956
783604
401349
864084
630976
639882
282012
376324
560738
69081
684783
63379
831191
103930
321542
918385
525388
250787
127574
754240
657153
587161
584894
642068
871661
549890
128189
831577
881583
268185
868405
30036
545131
96698
821396
651842
245577
937373
554981
485212
369414
84255
71474
582908
690165
884348
584275
309210
981910
380506
889688
944175
167505
35326
333646
762618
107856
766433
297906
405600
844662
524253
691952
361518
400703
13634
940118
347387
167221
370246
68122
133737
386316
412376
399108
631818
569115
966805
648761
444702
876407
337556
743718
75322
463022
219740
352773
989317
32989
153397
23759
374173
579246
996251
548862
607255
502322
239247
671678
451554
435607
831433
899951
146572
909126
46216
530521
160799
144924
594249
558189
908516
719618
564694
816628
140231
537259
61877
873559
315162
919593
640514
308809
665588
152173
703447
116373
578290
636313
781863
788351
133469
646276
896618
895066
699820
875593
629234
320166
499232
468364
304925
903331
237389
375179
977123
168694
739769
576476
185807
733431
27933
426248
42571
956885
864904
14020
637843
595751
680867
811848
976460
422864
616527
806159
637166
273869
691499
663017
591067
806814
818737
495488
136660
185678
603520
680613
286465
379233
87668
132886
462637
289818
811569
453583
327893
646438
33599
871433
499477
210024
740175
150995
322883
496546
596700
387340
946007
322172
362093
367355
402695
378548
228023
608971
459442
274211
698783
463590
43378
576232
310748
105388
135060
579123
550267
23760
230244
592880
900604
256783
512673
444237
962266
470094
841295
527722
82152
706384
249132
418845
266711
787409
111354
109726
110036
27841
14587
442902
628046
636768
617403
619007
812437
243826
551239
939383
642526
546656
109499
90279
911843
700523
90873
90186
292327
450893
889846
365917
846935
403758
730030
143330
817420
372287
413368
168336
188525
592695
385972
279834
233266
884136
346400
593946
186691
395325
766218
779930
501566
207634
123040
27071
585752
241136
66083
517331
943835
503012
983226
691821
305997
346938
357987
786623
726257
906651
941316
166396
706087
602816
775968
980836
812206
229714
819429
45037
554954
110624
948897
43663
532993
996732
194965
313837
145535
250355
28514
879003
389465
281574
942624
24848
4270
633609
462030
974825
51114
93816
605475
260631
364324
930673
827907
547431
718887
197746
649357
968429
642830
770480
140177
521996
945992
637425
165215
768739
555516
112327
936506
930327
973830
281705
759148
12793
527070
887727
239539
16276
978778
360298
345817
196182
473610
221021
557025
16472
489473
51484
444317
992716
861555
294080
300317
640386
943674
993284
383682
431383
834227
538176
934768
781434
955269
153599
625121
229084
991873
721087
614295
975732
988837
689028
643946
420716
799547
883737
942399
397867
268127
943588
785241
3136
259997
47397
93001
965736
616120
890571
869761
883388
222536
447091
24647
327802
783931
610814
744261
154030
961404
683981
610940
86588
525808
608603
92761
337805
37277
654904
627360
225748
758309
145118
336837
755260
834289
817202
638490
569904
990569
484120
949601
931974
112159
319283
360963
34120
194443
26424
760666
212705
519857
21614
177001
693921
633887
80388
307819
565293
629650
337166
731848
366790
474040
316958
997348
965300
773393
919611
905362
344014
104431
490113
105959
783913
927324
278996
433576
977051
502170
138754
548453
644011
221381
148533
808735
84631
99925
737873
732900
300224
147840
337264
322300
376566
65660
761719
312572
553436
480546
374293
5943
70776
170030
478488
495060
98841
668707
936811
293755
659749
393931
994032
71145
713790
136284
26934
788068
462865
9975
442135
336328
237819
401353
252017
411711
113047
912852
685375
183375
200232
177800
762259
326541
382176
540171
934130
937711
631051
475928
641868
279743
183387
791491
318742
85356
824528
834907
870534
739707
681732
428520
673194
783258
47952
404819
669734
264405
447198
726757
53832
517346
56077
704680
698377
881494
24250
954729
90275
544698
619826
303263
911625
270777
125040
176806
357832
430576
67220
501924
726520
668520
152995
909516
753822
982368
954741
230785
216290
67458
198015
99218
910183
592184
861821
350884
791244
83800
588988
718893
883519
201979
284609
613916
787897
858539
739866
88151
44506
646906
989951
922908
572385
898864
545763
97417
876551
428636
775517
431863
685817
521291
615598
832192
705137
395927
124334
948513
963056
157782
906136
260539
99290
722868
683182
736564
952173
79771
935050
561658
54111
793358
4867
634024
290836
977813
179512
709057
61241
149459
291836
348888
867008
247859
186782
345106
218936
744321
285011
965636
93319
615509
967554
939382
900551
958121
60204
207753
21947
648076
568055
129268
320429
397872
913750
911274
453925
545757
624342
638232
817736
865096
269190
857610
101194
634367
472452
927789
365649
178811
426848
924783
22568
277144
609584
333379
801692
540320
42416
325632
900663
681475
516627
441961
370646
706019
6570
471943
625513
40076
544624
375731
739079
203393
521328
132208
503340
978225
169299
391476
719760
386953
909066
241031
527076
838691
564436
809605
58347
971675
905964
526014
145139
347394
425939
834940
671792
708588
893109
15588
571059
431588
298938
584757
897932
677888
106924
232878
267641
34831
817728
696204
892425
723566
56643
934065
941009
16378
302306
474272
182282
378847
690390
682341
935686
134223
5482
969042
181389
108111
842154
862755
247384
408555
136234
959107
559081
269258
472752
841064
799557
997404
668799
976281
499215
287024
908225
727119
462147
205729
889680
472633
741387
323760
352033
678938
30977
40302
806861
93966
556738
424016
951869
629482
856363
848165
377202
302144
244211
606627
343663
236994
899749
232477
197315
444030
657400
161681
371766
987207
490572
331741
474832
151668
670276
536146
215040
195586
292922
291361
485936
707861
986659
389554
631523
352347
744001
931796
962951
855825
145471
432078
911901
875808
741740
29204
872065
789727
460247
731798
405848
732092
69187
566578
789526
89012
62215
669385
10858
576063
359813
975406
291142
420490
100100
938299
110606
165660
108717
482366
87004
301466
825887
83281
969454
336806
352431
555271
375981
459809
529919
30786
321306
733265
37049
336482
925079
468318
988009
305112
764368
260855
693237
885912
388996
245458
242489
64173
710260
461904
293379
978150
227302
592318
333992
710254
143510
289528
984449
859321
312378
300456
96453
711003
879601
849196
702788
98099
510151
804502
534590
621380
235815
238412
871390
569892
866718
514256
116374
689293
462215
604314
468312
723280
228825
392481
23534
673770
722121
316602
540406
112687
648541
275671
926398
663331
609615
389168
681784
18472
679258
564478
132186
473105
111268
158692
772500
616980
604743
219369
789807
85214
849789
188128
381695
727425
818920
863977
369156
481673
66620
302480
143715
283180
325258
387218
104572
642847
470249
223744
867880
391749
410307
39677
35792
168770
363321
432545
455597
833262
440820
110016
167127
524006
53002
141381
566348
323900
977032
609207
970816
488590
934370
129886
990235
178996
538292
767167
985620
60627
182388
958530
954408
377806
718263
277557
546166
561309
393052
26089
898682
910838
105881
569786
376548
195303
446560
54252
613908
784389
613229
961585
488757
231678
166255
523912
830131
891979
22288
455935
449626
781634
841251
240089
573388
608392
250537
617738
868767
416996
178688
175519
565073
661998
386089
312314
907560
869542
216436
929723
741867
450081
774090
751675
348982
366237
571927
622066
567038
29238
850002
738488
909282
88754
747178
321385
663913
951670
91343
836193
293982
549468
852697
378662
729029
716444
220185
826149
312313
114599
379
384789
624227
114130
739156
650424
379289
270063
245198
724672
167313
893176
939629
845902
170176
718309
614909
563157
844243
340509
614938
377693
466249
231752
285596
241572
80491
586883
375837
703071
754921
422125
810536
985566
449619
567710
808255
471565
601328
411192
208009
771222
137534
998933
175574
666020
460871
512672
419536
292931
882269
628352
449729
261731
490802
406126
967355
536444
768982
73767
126696
166539
830413
469053
980014
516602
693964
881033
168702
338525
567696
188155
190202
931673
697628
56594
270017
688671
734349
13542
490136
83606
882267
476130
40310
527639
612974
688336
993644
827154
14042
711373
573871
418189
42297
576219
777091
285965
702372
233493
747718
555789
371406
566333
966807
87211
653052
94578
688865
58082
400869
450301
985352
906034
20962
946634
353070
287772
735121
555187
349666
691657
769292
167480
804582
380683
869889
367563
625115
429947
371118
191368
595659
181248
553212
284930
380179
778801
511668
760377
834859
990674
70562
989159
485843
701179
901765
417337
597980
483415
506095
973659
815185
348487
534784
717100
826048
29670
10617
757265
506408
769896
802367
272997
992832
884763
393903
310990
207074
45200
70744
278827
327762
522067
341913
279273
419631
728149
556440
782453
93941
601579
797404
631628
101741
658095
994056
120750
303858
252932
277493
555696
488224
668664
379114
706801
381466
507714
940923
347685
775992
859562
477563
326093
992652
815688
632671
37639
735119
528036
966832
555201
281133
578173
686508
126473
611050
881125
512058
125824
559215
814985
606153
756142
785525
308367
460036
796911
537613
810648
903603
524234
109321
324708
145713
822818
428939
767893
442182
218373
759848
951052
397536
677537
746104
858288
277747
722583
523708
295181
359658
790760
919724
267096
298824
669261
43933
680337
945504
579747
757516
634497
413549
819970
103178
499683
144975
126638
385603
141983
786979
253478
503148
930289
85117
262810
877513
995688
292037
648506
894616
117579
766315
497706
714589
962774
763400
189265
839371
865570
332690
88209
545548
471906
620924
990161
264749
984969
577704
947637
619049
31434
486026
459759
431953
835127
287322
947759
214484
794955
101749
897590
176817
802947
895569
304328
754166
633126
71195
744320
521779
27366
452527
841405
832960
131999
541427
291386
585448
204412
167185
310332
73521
753913
586511
419108
788617
956802
270604
275556
163983
287163
828697
535567
686650
614105
838001
467784
904874
2285
977110
91228
53513
759873
852362
458348
18334
847963
353640
323139
422510
896734
610461
787654
125903
238032
286469
623049
898250
671735
526822
720894
607020
502940
854595
126088
915562
535089
755934
177006
115758
864590
307534
147178
126402
18007
56696
562593
669656
830906
979757
440046
483699
205653
979616
650647
54966
291828
834434
959841
534407
155256
510012
229760
873888
144467
682056
81446
561202
522863
12909
169724
573109
332654
261589
214830
789841
599500
473612
294497
499042
364641
436823
927488
820460
175812
403887
839220
575003
716809
540377
563954
692532
420266
53283
237742
961054
669315
535100
614893
110855
552119
873137
8760
823092
547185
563776
309868
743081
561157
597531
16302
31793
314036
634874
264189
22283
716494
898333
914016
175665
950898
665565
89854
454470
742769
403886
882892
731547
77009
532212
683552
758622
64173
283838
563173
473375
943226
562659
783784
269376
736292
374007
722958
64441
723350
429226
115496
772358
938457
858878
698527
460781
622356
521828
86538
326127
928689
873009
213471
840651
721889
697026
467525
940329
110837
162153
344903
379114
76269
213650
532773
867017
637326
409911
129413
686318
762732
537915
799175
702543
638408
220263
549493
842435
887314
417024
58009
84453
614735
489281
459433
677793
894101
156026
421342
555038
484148
732229
50275
473352
521135
942432
599976
293305
524968
861996
947285
769987
731993
295041
710812
125980
444030
829420
219431
652263
390865
195462
10033
97563
828781
979570
331505
902930
779732
428594
279856
451440
24716
497703
277116
500014
748964
392483
847477
50690
895252
523692
805316
410733
576066
720208
58220
454560
688417
965408
831096
222476
462708
337098
617428
735941
904433
139031
998456
646290
254464
649341
120127
986387
850530
682594
610262
874959
593327
667694
472591
220441
969655
819211
6357
383967
359626
940220
39098
141199
559508
558423
542189
736934
387296
37216
590215
224087
465789
528452
444804
720852
56382
235631
508558
979131
346138
176778
849973
547744
243508
295572
593916
607667
799286
250588
182861
35342
573526
926872
491212
208862
266363
620773
223880
699115
973944
295836
398670
936069
119222
560845
539416
47245
825009
971035
605923
574173
621337
276916
125086
926037
343256
750955
681662
462787
724979
915571
985134
607022
792842
103354
273252
788031
160313
246111
927695
653773
136033
503954
877100
393156
117249
431687
164408
58672
3133
730199
357632
81580
534017
604915
534612
317089
969535
798405
123162
285437
549588
27493
184446
709234
839689
717684
765383
822696
291188
853337
268101
812929
286527
719382
153831
25478
441984
503814
211561
252851
539464
358005
92842
274971
829688
469020
772187
882809
396620
747959
83603
819285
763
760709
63616
515408
846711
117467
616825
268428
402063
194982
626159
295290
258932
661435
910849
184833
631769
372444
449710
920200
35827
320970
888676
601568
877856
951490
860728
210001
707492
562261
469231
711040
454990
359655
33145
684345
570617
373444
416893
393567
940846
381338
301583
492013
109991
558743
486015
372456
739951
999328
645195
339171
629797
611050
179764
398958
394270
824441
641006
812444
543402
491507
283888
647792
403055
409952
371308
38692
213938
608129
391065
88853
863221
152713
453163
45902
349690
232252
304932
332399
389669
559715
938820
180537
419967
192745
132892
893113
858135
224982
599361
280847
347907
396261
957211
354779
660420
922179
608029
388675
340231
320423
824271
894626
165000
880009
987590
669520
987602
449600
737142
261770
993505
809403
253854
895166
12200
349787
397793
915702
915181
223916
318517
364638
716370
212543
131572
940659
966192
675813
778000
693899
101276
448010
25572
356603
9611
682603
785701
929576
719122
580085
151159
402925
650885
582844
182556
343462
190273
607828
492231
206423
893958
604688
267535
152573
723580
588437
2431
201326
163478
663257
121354
337711
106772
262206
667227
746386
166754
725509
328075
353866
829918
939248
975596
301581
112247
909433
34562
924644
642097
974952
112274
49106
889733
986837
280274
315999
873188
532154
19327
238528
768348
473908
620878
255972
704148
680470
919866
77853
111601
731946
559932
504489
109467
532165
893721
348765
388250
842630
331093
333229
359386
241835
560517
492826
928909
741455
889346
803768
508911
493252
558521
455259
800037
229257
215712
80286
220991
313256
190979
324751
238941
126127
933372
471738
613613
420936
658561
603152
589266
711031
10072
397108
125600
665136
197605
325027
701060
251155
217764
148861
847553
259077
668849
480436
287189
392620
655364
299152
715706
346758
561403
712156
483144
358759
427280
301553
17975
556301
976042
864540
311810
664033
560719
608239
30184
226893
815478
211425
404173
896628
340538
259362
473789
218963
142059
470336
617104
744370
513855
819119
690792
421638
825126
78328
889559
509926
809979
163777
689566
586280
910550
929589
608080
737560
770942
538703
783638
179028
713788
489800
575755
871367
203978
821147
456775
672576
172715
208498
659129
682734
524052
60207
412462
569658
227080
728664
140782
911169
461313
297375
767493
841517
489354
229517
862175
83567
535018
178315
895373
229275
665338
810445
618916
402847
400472
119515
993924
375201
440692
713213
567542
108341
875911
33091
963951
277112
287908
425454
485297
44939
855719
885759
190801
134127
345802
617369
922387
719610
208662
994069
619697
12212
904822
717923
314299
572945
729894
537943
29336
94474
70667
94423
907626
216090
482077
787040
3280
606162
392127
935152
751813
594073
153776
323540
120933
249604
12313
955470
689232
56654
573446
943842
26215
718068
849970
726653
445236
159280
805818
475779
562918
469455
243124
950900
559353
903473
141977
970426
418228
442973
914205
129681
151500
703230
872992
962451
696870
415742
154044
983263
155770
881534
766846
342757
60371
457583
518962
305105
506866
75792
160920
361298
352403
881156
100595
918726
846151
86223
124223
278340
456832
254701
558978
194309
616875
873999
314235
150575
930168
653939
583159
821824
223797
52254
370691
971219
244760
784633
811068
772050
946715
317894
978946
214521
691586
76349
207307
890883
441272
983239
261972
947379
369559
5974
919857
324160
92103
522911
387526
914270
736445
950901
697422
954981
521381
811459
497944
166432
632219
20326
581650
199541
554642
506853
31550
174572
392151
286478
467585
839069
81008
923310
884826
72122
494302
100588
506096
592694
294530
787586
840644
671761
172188
83801
732101
232642
963566
583808
939778
606528
105343
702154
351482
227948
835195
455105
437903
158558
514680
779722
15897
724874
375635
186519
780055
615951
885753
482690
635009
276124
845890
963085
338041
818367
324343
814899
756319
801676
347124
104106
441795
208998
542249
801912
39350
855021
562042
781743
178233
34052
499462
679239
983895
660349
205189
236630
957647
178148
354891
697774
342313
382501
874729
120979
393513
761626
823474
321367
678945
124405
302939
480276
975137
976454
394172
519622
681802
555242
314803
581634
782977
694161
464744
730903
435327
994410
984042
569920
575492
488045
20152
694914
477547
87684
733789
391336
702233
344407
173234
380121
966223
473715
537159
907219
554976
669270
547549
558790
725244
20377
165258
726479
841258
940538
421119
598863
14420
328517
26662
373224
537596
8287
399525
588820
13837
375983
377920
943777
842892
652522
572571
885965
238125
999417
560796
609850
184706
843784
81583
297806
337870
713965
862307
539625
234040
589107
202418
299908
278491
811011
462046
445603
736058
945006
334454
515958
862865
202137
471416
180498
862854
824774
488848
510278
739967
75003
806207
757149
282125
201041
826647
893616
228549
916186
682658
749989
572144
900080
214627
812808
325784
426135
20404
765700
64195
399822
618190
679421
584060
178103
188583
530253
717068
633056
436278
307482
627336
542701
584850
56337
813060
882852
432632
445057
34597
648085
263915
270678
973396
328804
999414
342832
74831
529012
532045
871775
524377
118066
357842
357054
468178
911995
292787
454313
557281
130283
407152
462044
60877
493635
948282
965225
710763
398518
590967
539413
667442
700624
103394
256720
11946
953732
517584
663120
322691
440720
749453
501897
656066
254927
73573
549259
515094
806427
294271
184183
973129
617436
344867
852447
212498
11698
455835
2937
231687
760507
733880
309568
808943
379585
104748
954792
908598
806979
377940
692988
905657
223902
816153
883285
444097
508888
982444
204537
884110
574409
853742
507789
501768
965863
47730
370168
48730
517932
812826
678806
982555
538214
599902
325334
783841
420699
594091
930161
605882
947414
204327
702151
187893
2131
156883
896280
128923
854850
601162
568347
205756
149243
428262
869183
605731
69375
918338
55611
509163
13223
931801
101396
302059
186092
145805
158891
615564
136978
645572
20224
789820
338225
333613
588359
267003
590625
981856
789349
529811
644545
566180
462535
718949
828324
613834
131167
984733
422682
725494
956349
11079
372438
315262
9478
59131
322561
710314
202643
941812
219930
712923
567144
607103
401607
913481
911759
794959
958141
695973
350480
688237
208521
27421
433360
982220
359993
83134
324420
708539
378665
244403
736912
218355
667693
861419
195712
576912
734232
204121
579425
211613
289319
54101
56957
649096
90510
651296
969970
130420
196444
889412
629614
89645
537997
586394
633865
861239
166188
899813
419263
847295
597411
229532
658057
332787
994017
122245
835926
522349
912678
35325
435947
29578
64110
592724
972372
82201
990327
962773
80837
139119
255537
847651
52051
139992
690306
95358
91208
443240
606259
362533
920422
341167
43258
527382
725819
486154
676964
853745
465821
986902
669343
446714
714115
494208
249249
958141
52032
208568
388601
869836
102109
678468
604720
512036
664657
286065
503131
66286
388191
874916
343872
676513
869965
818382
369827
325700
177340
720126
276972
469457
673961
532880
381110
170230
920063
650691
690806
994997
116310
591401
54534
167467
282700
991863
790221
25197
191294
390588
999629
424526
500836
127215
173321
285629
451206
783393
205905
91659
169183
615953
681323
466059
795021
816414
444832
558674
822001
225175
83424
967774
44841
610606
855698
954195
677927
976524
369597
276064
221038
652990
422476
904961
115561
101836
628801
286749
804584
171690
280249
711887
835127
348488
189079
137730
286621
823236
519120
289333
564014
284223
527891
202142
771533
484941
535507
398890
929026
557254
644594
382563
336436
399417
155019
243819
233219
180993
922268
348005
895428
242031
643471
223347
513754
135270
585507
680857
204525
99334
302140
355520
355850
979521
673731
486679
202391
986121
491387
354836
246897
966442
934306
304729
792804
385716
271359
562033
121926
184272
598862
447673
306288
868019
598022
811483
829146
881009
242180
849142
263314
529001
482197
466522
964185
766815
515685
329647
379738
874151
615615
693749
54472
933756
65023
879141
974035
420592
260956
544247
73094
219710
200780
633341
884928
265211
627155
915564
6796
798891
722924
737403
544480
336688
126226
670052
812591
677405
102251
492488
569259
540969
71442
36143
382363
494655
400383
434733
693780
599859
127445
194912
506263
974670
66953
765205
414983
470410
809962
19530
395461
325401
833680
664846
339050
341919
920933
546629
915680
161985
152843
443784
11677
571541
844457
652585
661501
512377
22806
862612
109627
213695
596576
69904
393484
286470
75768
599781
142297
772836
522814
550040
453143
848447
341733
383250
55876
150587
171971
528351
905599
372557
70648
573585
15493
317039
451256
310341
981636
498604
618742
267261
966301
912155
534830
503469
97915
832680
589007
988561
742155
995597
594180
656251
775511
827105
975326
606635
780802
82951
335648
305942
376354
533063
93030
197385
394229
418169
652274
709159
165058
598557
900756
6350
484558
510984
222454
761624
401143
970361
404225
868029
789360
179978
458416
835158
39385
724674
609007
29372
417850
325447
661487
327503
287772
395248
59657
967635
212036
955065
223820
476916
757133
227600
217061
926378
644512
441228
157290
674551
526483
244029
744835
299214
989340
603678
534005
536782
635824
300647
860172
182123
964925
146239
949093
450926
269056
521615
514389
107602
226627
932850
701561
238032
511927
617544
279644
954229
49258
2666
811134
424366
318308
526200
873095
396710
42916
169165
731592
196678
218290
166932
773225
194459
986017
105652
866805
720726
949283
431591
908543
372908
771400
393768
764975
561886
114773
301899
981740
819155
52093
613862
884200
517536
482751
859373
289859
274538
755739
707740
219164
666531
809586
899213
398587
911664
988985
846697
384660
618667
671129
862203
425337
966212
851239
897696
560544
180226
432635
92571
464715
130664
307439
513221
995738
10802
886326
381537
877353
397822
715990
621006
669863
555720
856579
150933
459317
918222
647002
11298
383606
602322
682487
990096
265465
179582
63027
694621
182272
117281
34109
577277
627117
684952
258324
391242
872776
52552
981342
436760
759535
402247
282152
921703
348699
520026
941819
453233
10698
529945
990999
573092
699150
601071
842127
768042
259506
924606
860672
200099
927428
892639
269935
428532
948548
94534
145662
310265
491367
997828
289227
383766
170888
319335
655398
62891
263660
428604
893868
664678
605680
463861
282244
426738
955730
734629
737846
157388
974168
571943
30371
580919
36640
218591
106789
945926
370182
581016
52227
398806
265003
969613
945233
524190
846568
367619
647586
846367
24911
510803
489131
747189
904218
705670
470390
328400
319155
54425
220543
122172
890655
64159
59439
741851
463944
417414
939826
697397
744805
91057
370295
22694
87432
862917
915524
114358
584516
51520
599283
890502
317432
897603
134157
2469
919293
440496
815297
125442
39784
925742
481600
322940
233468
501513
780793
520725
131183
587831
707564
40966
507031
189942
303981
377964
4401
442320
144823
209312
747150
793408
607851
824484
81755
528431
106724
569208
125067
115799
996215
271885
881059
530825
95244
186705
100257
837513
263827
55657
794122
654935
599974
229117
494799
212937
311609
76908
641691
300563
990912
426849
451388
36905
742046
558333
857195
67067
293765
249972
169018
796511
31918
182132
855129
463693
407990
709311
693060
563779
144468
975065
909261
685641
839987
779165
762113
96143
99120
541419
392890
361522
524274
92860
763649
236189
599392
566742
218717
182924
422659
795098
27964
874348
139130
935867
392893
413215
474836
19465
785176
766299
554446
341611
112363
924082
770792
589804
157537
628652
69862
3948
781697
407760
630944
372087
485073
316546
882758
543026
474404
743302
403828
803697
284423
232866
820142
657702
723012
3298
956984
806005
903889
713141
71509
288099
534169
739701
434778
225516
508388
286084
809069
766707
551269
407186
980511
198420
974432
184442
868772
452437
456566
985484
133995
761532
683342
766694
986846
927866
783458
204987
951864
892357
134371
206005
301565
923651
891338
811639
327451
947170
858108
34491
893915
584836
58905
125915
248260
157912
44898
930859
280972
824772
508036
50755
730875
114238
972677
840154
248543
253178
792970
323917
301030
706942
188483
332416
383643
62673
512691
62299
486400
426833
956511
650230
32580
758756
750611
442127
849633
753095
29323
378488
152916
60802
594821
465550
555578
993788
540705
34659
817924
52714
871409
690493
314007
998883
611107
334584
159491
544208
329992
990726
846429
274175
770496
591959
234554
899542
522756
749907
281675
718116
723152
125956
514256
559763
130283
17233
888442
980282
624596
351845
515426
834575
254603
376367
970015
769786
284089
722306
364103
955844
252
238812
675014
83566
149523
323203
440788
919838
163619
907467
976790
871796
77604
968629
615827
213500
442027
60658
974353
418876
577364
352645
359051
723820
656203
515526
182802
614341
420536
593730
866430
529778
639749
877440
790286
972643
740492
703391
250467
181441
132962
79130
894294
897596
835899
463598
75825
787071
335864
833810
401361
517317
542548
523173
350678
795973
224038
298854
798084
662537
503891
494492
898297
247197
813460
736150
212171
576162
795744
378509
944125
803010
937846
539941
977118
497981
337993
642322
270655
149666
949639
458968
972687
769690
219976
256426
749717
245343
996304
540596
817608
545162
201025
419317
980686
827401
914208
642051
177808
400495
910337
658482
217846
706213
944594
86608
960772
410302
301058
965575
490256
908329
671436
698214
722719
709823
621028
28089
157724
809852
664828
787476
839476
830091
638323
737519
740112
310778
280859
898475
139184
862349
587045
943219
213793
789294
656171
829309
982043
411522
735770
491440
141881
441046
249531
263648
426389
572664
235100
24628
992255
579746
191007
712297
110618
547282
717214
457199
422356
493813
608122
123825
543296
590017
181567
635378
745490
839074
393013
491731
507254
635404
871046
801969
718349
136431
32135
881963
23621
670857
414500
227137
222611
481045
696109
337624
57168
766305
792695
184410
329006
539709
128112
264762
45461
827087
773571
118165
204958
635780
151844
641012
191082
911265
247288
430318
912864
327095
496996
44522
700675
810101
941617
267586
691052
306391
884121
707460
67240
66365
874929
100882
467696
408342
599858
100393
734081
164091
417957
638078
926232
149144
188075
73092
440460
866117
236326
726411
432903
200691
714568
282882
370210
837953
527094
773533
565085
289838
91800
807249
529592
222377
644800
604028
994352
494533
103284
273635
526937
405320
707482
834451
420052
541794
808895
415400
909038
48379
278915
288492
927957
953701
199141
326039
840952
166001
326759
34292
277114
679965
387613
448229
542930
299883
90648
900093
548994
20237
26665
460747
709745
763580
297364
690294
326567
263911
857235
983044
245797
880392
548931
604277
714463
537363
791663
234060
804311
589001
905912
90157
824087
20457
879646
949153
848395
769797
442605
743223
834488
118706
989382
420870
162589
608345
224905
64525
592037
922474
537244
401403
774213
83441
302427
937866
32824
933761
283356
348037
510613
462924
934941
724843
940041
847252
908877
102508
465399
260924
630003
291216
474409
836088
958143
765495
630513
639971
223787
96443
363552
209072
381582
867761
941922
931576
235133
426255
101621
252977
71006
798183
811332
179967
5258
266513
530532
27748
647646
716072
550634
717844
69087
460010
244646
145124
134983
640643
780097
519200
349744
387811
754926
667707
363996
277451
602832
945249
426719
258088
802024
262313
683882
762838
956345
551526
856436
390149
659835
614685
518086
759097
411383
131152
137316
362155
518725
425337
136851
63565
783840
988114
921035
893675
68963
37521
964411
890925
102435
28210
809844
741881
995880
605740
695155
867381
626376
4485
789070
244842
152866
825729
368569
567492
323764
902006
781749
407542
603226
988027
77783
204858
141476
995455
999217
525366
185234
755637
183071
28858
842734
462445
807727
907430
153862
717054
635758
752297
687749
587360
358027
935268
364334
955990
182699
719020
988916
484680
297672
324590
835960
616815
295494
776045
29087
149865
602964
723880
208015
812908
23547
628311
970503
248279
914759
382227
970136
227044
227342
232085
411268
887866
218721
975254
529906
579743
448207
516566
179658
408715
470225
974521
959795
505815
398805
427979
466918
373716
429482
549220
763375
638969
990212
859623
126912
531444
445613
997284
868850
548001
552265
335902
700825
694936
966340
128230
186498
5217
509338
977894
188620
931907
624642
955258
324640
278777
155704
738360
433230
237702
792613
191056
752645
660320
538222
800591
255087
211783
325526
569854
464423
697529
157137
808231
367896
604862
448230
958135
305395
567646
226303
629695
368716
105587
719376
612884
463186
536665
636834
242775
829545
45057
650299
191567
75174
182053
988908
844338
567142
155286
401911
768387
913675
521713
60698
360469
866708
437296
36540
61549
945432
306204
454707
677317
507807
85216
282416
326381
331293
289977
585160
374988
908300
112906
299679
442437
323813
877197
430387
942453
52794
653155
862530
965080
770803
706636
178906
62411
657059
366449
537531
977580
102662
315678
413802
913373
295705
107982
808725
618152
922134
501279
237278
196029
486475
803237
645190
410390
31446
887130
83575
59
532991
869747
789485
941729
185138
901838
588930
1006
478743
672839
479382
984
80080
63785
391064
329067
592654
977345
197107
86889
708496
28815
723735
967115
719738
234646
716066
718630
857550
758547
137067
942633
836873
668362
107179
66819
536348
854139
373897
497249
220934
563060
3969
967381
602890
834176
270192
522898
306514
51069
968318
682580
877088
163979
404648
315164
48109
711008
76968
826009
293088
409721
629188
745442
105516
909547
280561
38496
608646
784216
175713
8585
801282
930236
104432
941703
388425
684135
9894
106423
104121
768901
620714
352909
809241
602585
431492
503764
316599
412681
200589
225619
821793
966034
668086
389451
604540
996443
956401
386206
522564
388008
844991
236618
992800
58597
179287
100754
527009
560674
782576
358333
698647
749150
669035
384631
902672
428220
178784
231318
969262
222867
184324
577592
599780
75745
764404
779848
179853
23455
805792
636319
173032
819247
348119
953031
940340
941681
154346
780634
252068
251446
194624
293833
3840
359500
984246
247160
254104
78456
738416
854791
516324
365570
232705
943084
140605
95018
18355
819964
705906
590200
727923
687368
235720
976689
156956
350948
977682
708198
51998
718275
521192
722982
617547
80446
798855
856723
169342
582067
519429
904914
545512
369546
9327
211420
745528
17875
936897
785906
419366
702539
726145
349613
836829
881982
254520
256115
124611
212614
134222
177862
742758
712561
600897
744694
633412
254657
325378
451575
719863
145740
183788
36301
452475
233028
207585
764259
73629
270929
120131
850876
451075
421786
184076
57792
907538
870179
558923
574328
614911
151569
138492
328661
882550
257544
815170
187627
525728
448501
329923
655163
932949
545128
623648
449773
836446
362776
981583
930076
298597
311499
89688
594764
325243
633613
535848
423415
376262
489501
811605
406980
150661
56680
849647
737497
293890
980781
363135
870599
917331
204415
620191
837924
855820
279465
866230
927031
867524
658155
211470
499403
294594
30371
663699
259750
102789
24071
796842
7956
479853
501903
640619
967580
995465
741487
316605
539796
303870
472002
849549
466640
551824
528962
582954
521014
564560
640500
788096
506157
548771
951137
471536
781236
781418
904254
133768
4111
312915
189485
773540
892763
400252
478300
98016
14787
509055
213644
297848
624139
205918
113132
753599
473162
993100
404003
503417
174645
64086
885997
43797
465365
178604
226077
726154
532186
110608
819584
939596
684810
557466
475746
745771
815186
482789
925418
654025
382653
116058
116960
827126
378562
645655
586063
225002
275127
697339
905926
624094
970852
420304
788088
335559
318835
937814
621379
844399
504451
559144
830542
214770
218459
580685
263883
465043
202363
139358
978524
50361
910223
499215
858961
821577
410237
483355
996240
367457
141149
421328
158414
357997
624968
546164
520313
380330
246345
898963
732856
28021
387121
454310
920138
854351
713415
775138
378315
374320
641371
47450
499989
41924
773947
307921
943747
121286
496703
293088
706705
620472
959743
905152
533535
241340
289637
219893
788692
897746
84061
676760
248032
156207
686441
224383
440793
198902
180240
767498
261511
340118
599862
295693
194683
193855
154055
287445
375898
185729
124941
174937
722551
824772
392162
87423
817182
589598
857663
306183
915950
615572
298162
533528
267678
43696
679278
215077
296352
945979
529660
309692
820386
573336
910096
210795
549425
501565
271031
727247
367800
156238
516715
785658
269479
902424
667273
431360
171887
827687
964570
562399
588009
328772
905165
641992
572758
968526
691078
980878
483457
325235
181583
864362
653569
513356
78316
581928
920091
902611
403213
428082
85316
640769
307165
231480
471811
573384
407480
299768
998581
621610
367289
294895
619050
106869
505904
221404
545901
342043
963379
505645
727202
82738
445260
462985
819591
835460
684560
697337
279261
422228
78287
537267
631456
766574
873191
466757
224625
784873
514931
571675
628437
586109
473505
149421
829782
907771
684449
347335
521927
1389
943930
152822
57893
565386
994166
160204
469593
101398
575102
131217
307738
465428
344000
739206
748272
504233
635212
267351
648979
209871
605119
177052
815538
375538
279830
973643
493327
372586
487972
216574
243847
62486
2846
126685
96560
679953
562964
375272
184475
435156
400058
989988
499448
742760
729125
993951
44185
324998
557777
226208
708559
811277
82526
840496
288560
219934
460636
591743
861627
543255
853307
20277
911442
140779
153125
761302
503589
984923
837287
862417
45744
711059
205258
810725
126554
571555
800000
49265
70334
515032
139898
127446
958471
155063
600151
939210
874357
40533
414774
618428
226748
826582
114476
723168
139083
485312
295313
673366
815978
624251
565621
404795
378108
61415
820208
886283
799716
549210
309207
435312
889668
372021
636939
440748
455457
658273
324587
373728
713250
879659
332137
472439
95416
266618
940538
130866
87895
415145
786663
873552
513121
910277
733185
751833
323876
183908
234929
889735
274106
700064
939822
847314
978703
607727
674119
841430
800256
651424
970528
651044
209758
328308
832569
174754
996561
63447
223594
634335
605273
799930
599851
127287
824048
199502
88719
861919
89100
935838
707473
311054
497728
608777
838023
527177
171074
502107
706035
72841
275975
892104
255289
915082
911499
13380
140970
248179
205869
80194
142398
405981
858870
261062
486049
855809
795898
999273
216932
126851
890711
407977
507476
644053
741978
347434
577768
836873
319298
975949
318739
514295
151324
729452
991930
254983
123533
402735
187584
852572
234158
883854
463548
691102
592401
482403
335116
286625
685602
301930
865731
195959
255273
121753
939454
549071
588972
421846
815700
543368
194546
218842
279723
156758
177954
14176
151464
477071
98057
153545
924350
152275
265466
323407
116392
550998
359567
176164
416241
46156
998350
666214
949936
618479
887912
320513
740498
667824
452059
642402
123407
746232
392054
719316
626687
55129
121853
914169
661765
507478
796002
909285
468329
206603
646387
256218
554564
348603
347092
674716
201236
616244
980065
75185
228016
52897
958261
351415
921237
381292
469449
883297
379102
902349
121716
79247
889746
835444
554256
508362
12055
487375
805757
25561
395781
354168
652159
713602
260438
940478
724931
242976
421113
716495
76799
443294
688005
941695
407543
494221
112011
801527
931035
799016
271236
656829
938893
66913
287017
711387
643905
933351
208546
786287
350142
777271
92246
956751
75073
698332
585249
258518
585600
402245
385188
419663
560716
965377
57397
622269
705359
142361
57975
608389
45621
978250
492357
123834
327720
388893
733512
6658
692467
112037
953897
806121
868744
527317
991647
87938
24221
937659
797545
147061
279856
589085
984408
938154
475820
598446
87620
485009
143972
300077
848351
251019
339451
506011
12198
104440
388134
282391
627187
121246
285770
714903
308656
768690
302975
343941
969510
293895
809206
882740
918259
426192
21367
243901
473562
914643
750274
483514
995188
469421
33239
850078
229189
863420
780690
930480
975594
656300
146478
473570
95469
101665
90090
88850
929339
97726
309320
95964
756013
586321
388018
500057
764098
373979
855032
685497
290542
932863
210228
271289
997579
254597
498447
268096
101230
610188
51548
187100
679637
633034
616994
694676
469884
106049
166135
869609
370254
496961
822471
963950
306937
56595
800756
341953
744858
336777
796183
676965
367064
663328
760229
67773
718348
140559
80686
558887
166686
328111
579070
509171
339179
575430
970534
665279
672098
538609
189717
274288
412910
40942
997599
978319
259853
885636
847392
507261
418112
274831
817082
450517
378331
65707
367033
316445
523452
238397
38232
122791
728408
885337
295325
66762
218993
121427
454175
246776
926180
948133
510248
364924
40926
347450
437109
907987
380911
713301
653274
299300
797814
952289
200514
554460
451452
356949
210004
653162
857630
736835
901426
360084
154337
967230
509083
370100
136042
153446
319920
413843
284165
177618
50516
90273
377123
991576
345580
790414
162273
83387
995014
806663
903939
62514
609878
806288
878207
454289
863834
763066
479286
608406
277599
205890
461629
161555
506910
172358
910170
78963
635134
915492
26891
408746
789565
265905
717055
288829
34601
197715
697576
731819
30472
599612
582376
514167
428247
289923
737512
118611
320816
210209
15560
777578
295044
468292
598768
855882
429256
235027
570437
332077
618413
851199
910840
130467
825223
365250
655544
450717
741327
627832
871560
401368
756420
996438
951402
103523
977452
655307
554939
801615
241656
850929
742936
310259
944197
900784
880062
401625
777855
174448
993520
844809
144608
871224
224849
296751
666902
732584
727889
76651
829635
762575
376772
950517
935710
830954
347342
863915
973430
945786
839227
964409
78551
56449
459115
516196
927045
306840
536362
672051
583653
458352
977630
1018
36923
259299
209177
826692
591694
90614
693135
952924
403112
785326
880929
636024
170362
822667
249624
834115
345244
113381
204909
681670
230577
166370
547716
40050
501865
764370
901818
919628
885920
679783
35923
945589
364644
221268
800790
744725
714387
953664
684853
835172
137123
500199
152163
624213
960508
964430
639626
471135
192256
709025
822869
782632
783914
685994
814120
545233
319828
849584
396720
412888
355538
399274
272596
278126
560636
441630
257354
663190
604426
949915
716551
341686
137175
92623
687758
512446
458312
963718
437034
31026
235782
678912
973367
630485
186278
132781
932378
608436
158826
627911
950160
888972
582305
780748
364004
683673
126249
460503
74746
970428
649493
885722
440137
477383
532713
207738
13350
955432
207746
283143
468091
463281
925267
786775
926998
151168
924426
339198
114205
886800
779985
448107
800544
432858
637232
279330
687879
13353
992463
802129
299626
844857
449689
333458
226304
817675
966397
55740
871150
392904
997582
136486
766081
469455
424458
789433
477175
206237
397496
724849
389048
561176
132330
634224
735906
525112
266146
90175
172034
720275
181009
858402
619166
876483
409275
445078
79726
61365
949622
416809
431468
78353
282000
214774
567233
944577
801168
107452
702430
25824
466389
24986
204332
372161
647452
948074
130331
516313
874653
780023
964119
745354
892820
556636
813145
194253
489821
707450
810778
505082
564472
738389
203938
307255
198061
171660
187902
33723
580681
249075
412943
305790
878854
184527
55039
415871
398664
465901
616399
368113
595332
65311
180620
307459
27259
749652
179425
4619
30116
537875
172869
854030
515560
517588
743124
717422
569031
35067
917308
767600
117208
376433
925006
332265
952365
414113
498868
859526
415573
192844
422914
239220
146299
191242
797029
78066
710443
553630
994744
799473
276533
272308
511029
790756
110058
775929
86536
468714
668099
312727
922367
568022
198178
461516
388894
966615
387440
640614
553552
507977
248677
607965
701495
305303
386469
719053
68196
292938
58120
630286
661474
393523
463794
961073
55981
43761
940449
884634
568768
913120
837126
958581
168076
594014
401162
133462
26436
396155
84017
54257
675989
2620
787484
979762
296436
136396
498664
234363
253391
830080
13044
162104
955109
598341
220673
106335
827569
116009
593586
482249
335361
111490
382130
98472
284582
212543
945268
181029
823876
974217
441110
501143
509065
387605
263263
997793
921659
497545
483879
849256
773417
512136
96790
673775
794179
307612
297156
174354
856646
578687
95168
710108
618319
487814
872876
67653
449809
924331
66245
99211
781602
727861
626817
521451
693935
177606
21649
305596
650128
386817
734342
919785
123383
636693
941712
481289
110913
702699
296417
598557
826991
508520
347824
56485
391214
166623
653785
371103
865938
28759
435105
970909
521058
889523
560536
749377
64460
989124
94359
349720
359417
111016
401385
877329
766587
18460
417222
150745
342435
320358
244602
491988
904880
973976
690149
453177
204193
513345
824347
694026
55212
449526
649515
810991
415815
743480
120253
409710
710883
960770
762773
999241
685944
304434
489268
726325
914875
390161
85277
388594
571757
757121
1909
850571
472333
665026
580164
562540
333166
357792
914520
449627
265955
593725
736008
179989
726998
398135
611094
692486
687288
835189
698606
128547
157394
148819
965835
303016
61179
249896
21241
621481
93090
817584
125941
563863
80715
55451
14192
866002
788759
969649
996914
540581
926843
240864
757660
841955
99347
840419
73414
224283
359375
862673
580102
807098
964619
634496
828050
618814
12989
67220
225597
942099
725064
619495
158109
302156
340717
290454
226766
779519
377825
135334
526671
879805
466105
399890
883529
691948
127041
79538
754032
966659
977773
850057
474626
648674
977127
859179
668013
415628
710727
517449
270221
162882
195425
822619
649747
825533
516343
992360
903937
152263
369999
503221
69073
837494
695328
876040
79926
211334
796518
860247
449722
629458
924373
965906
572870
702191
685481
884298
546688
452965
481628
427517
986447
817483
495665
781695
258426
973054
375406
857029
644910
923069
635047
579281
336606
800292
238068
642166
263429
127300
31748
79943
13831
511259
151499
789088
558645
789429
714327
727120
47983
876190
627584
429922
518500
786434
987006
725062
583989
270116
103765
201057
806264
382135
738091
409326
81049
754844
359546
952591
592090
247353
985696
324340
637050
534578
810451
531878
232180
711367
935283
844977
993374
349258
383096
615660
320626
354235
25354
922790
9386
248642
214448
201583
274372
819400
799968
42496
680549
499826
906548
875912
218394
367226
597758
525204
36601
381164
72882
990105
834406
803323
764930
755297
885938
268605
788935
607824
519581
857930
108698
396819
830268
123820
520515
701348
391478
261827
537481
1467
810664
751544
583016
406804
213097
837404
282913
736665
641575
149084
592491
314989
690160
613411
226183
664085
113037
290572
386865
52418
867976
283458
805106
587903
356687
896247
233619
575539
71601
401149
199596
730132
163205
8836
917594
611241
787306
431985
403215
889
850216
913687
643202
864853
3317
773204
933128
197503
231252
390923
346427
915382
285016
904441
523286
113631
852615
810614
995491
278354
906585
839434
265291
884477
183648
278826
115917
768953
881665
516430
903690
528551
283360
359408
126588
394886
872730
860898
519111
658261
559019
205196
831016
327647
217009
32258
612810
934184
865800
658046
682295
434994
945619
976063
808427
699052
987164
980221
375940
163768
21075
328327
763286
223384
946291
315451
928732
424884
205378
809506
406537
999562
400567
31973
508604
818162
650677
161392
855953
511053
460854
434978
978388
31626
46659
81710
755088
163924
809567
838289
316934
256732
922052
426224
28473
619646
164741
911373
342566
330578
39634
536485
19921
578578
512154
404394
589179
866019
70155
677016
772848
667842
391733
427446
370108
265228
384972
595500
906046
211817
506060
408315
838804
507094
463735
186076
629174
229070
200378
87481
323295
645653
994670
52994
471461
340065
748665
553518
490474
938661
975573
637711
736491
666043
13929
553807
778165
860589
533587
739980
753592
879264
617607
492622
931572
739613
862481
178337
6288
686269
156790
627028
227529
636401
613625
663756
460935
197739
952505
825477
808396
980013
149111
22311
450117
48300
266870
198273
159107
661664
668155
613988
416323
347115
648628
316894
111401
414435
275509
331026
710860
369022
244829
321201
999978
603417
669399
261015
262588
362149
924732
441412
105061
188462
998998
502837
848900
311113
945088
302878
392552
690074
794665
250503
662627
471424
199735
83712
741367
639517
26376
136962
527406
817029
109523
361572
745734
776066
11373
258167
573512
349953
285672
792958
615993
375582
683670
746957
135082
148807
810667
884860
359530
863503
265088
668744
372252
677329
377204
736328
364323
503871
357613
646983
19833
141894
163516
963458
266463
646560
891103
519359
187375
390645
352351
564168
389389
516590
699418
795587
982716
755865
223387
910575
470093
762994
250469
825853
21169
990484
639247
583304
116720
153340
641673
925555
536115
137461
498428
831198
80315
347750
214480
445124
660468
710900
872711
938037
115620
946965
26182
322858
679614
987955
579444
45770
931091
576504
789371
79160
349800
202556
337260
166103
56418
670857
831615
390491
250014
512199
122871
272589
274909
339721
854628
570331
868508
471090
776642
498649
585026
299845
926143
134744
955251
744841
137050
696993
365122
574997
669863
64399
309251
305085
661167
536582
473342
313689
690228
595
596159
240174
974610
991714
876746
303612
374912
834518
392235
161188
365558
283337
770540
958771
431273
870176
7520
597519
748722
27465
169629
248444
108876
84500
321735
639180
443260
744747
859398
875297
357003
876463
160409
34080
710319
341617
635460
762484
747272
331850
440933
263292
969734
595864
440485
832978
516391
653397
339338
186297
496798
264085
292584
941666
846863
365276
269943
600987
686263
638297
566912
18645
209897
900035
643442
969552
236787
542799
193681
942117
611487
249803
22990
759088
11477
904218
141489
164376
928478
785293
957618
928508
137539
397146
166568
215483
588884
436155
316953
193824
949892
486885
871600
799529
901426
2019
665164
780594
437955
361551
351605
777091
464362
836525
170729
903922
568777
983076
933589
75318
185137
935002
29279
268234
128326
203883
190240
191354
181118
246981
487791
234190
690568
950882
142296
899728
951177
591587
93292
175482
323265
466694
488242
320321
840780
942468
961339
845816
795717
173578
109907
246179
745669
886865
703379
595417
750857
246492
721044
137684
944497
442574
983422
626457
197989
227685
768062
893566
283730
157591
408982
340125
306450
370055
240910
618004
457386
172452
10312
125557
490541
404127
799345
751953
383997
238598
906644
379932
882865
95874
648008
941501
482130
471465
387210
553077
66624
673345
970021
479017
904754
462994
818637
690829
774811
437799
825036
569775
897191
95649
793684
374558
873316
779447
841267
94069
603390
301965
854180
622215
578403
13488
573889
919912
709253
270636
505686
668054
394877
52682
207058
323971
104269
8938
148055
487488
985150
740216
63152
319687
191400
65998
475490
377445
994896
963366
608603
358530
932907
693050
82631
35214
420545
957050
479298
582346
906029
719017
618152
42417
773889
232021
368135
877057
699974
895793
933686
376041
119393
37777
86911
985232
7568
165953
531319
77695
518996
162561
684719
569261
716585
353953
133123
928422
427953
978933
545231
987287
411119
281462
909634
407288
200238
565813
754698
244566
225986
182780
616367
824060
699558
671043
715580
80701
669572
80780
426135
170017
972052
289564
455986
135082
653532
198678
240282
503106
799253
497461
359469
762370
501614
905125
279977
338273
810986
176831
849695
195447
390564
546464
644742
871149
260531
906980
507563
598724
267560
776068
441030
217534
882548
824842
460009
40940
961575
674092
187409
202453
982355
313741
993951
784384
717519
40908
303584
450015
248279
512006
647752
970776
832081
823343
615742
321520
669610
967112
102865
466006
730527
524029
234120
453834
584344
923551
780374
198184
742766
912377
233132
989269
679693
246673
753449
711941
888949
499069
81645
564774
689690
79262
451851
933868
627628
80254
775708
316794
834673
217730
558704
75498
341709
249356
517664
979001
98788
992431
582591
859218
70550
863951
622447
776693
792873
349973
311567
439684
836805
880845
343122
80490
893656
787036
296555
992168
648922
438049
591268
187454
673578
754534
557839
61938
765655
256579
822163
222271
393404
256655
343720
322013
115267
472836
652893
106601
139722
681966
714262
372466
547234
295184
791060
705311
747123
686804
674221
245312
154494
357676
746266
880751
759611
83913
740847
964515
99873
695223
23845
831377
268420
149651
92371
182654
540376
381546
423228
209958
176147
369968
541761
522946
503217
265946
246711
646330
57233
867352
920467
986727
810941
294002
77634
85507
777223
67838
67734
838576
790990
471867
991834
148641
325536
725582
309702
845033
67833
613014
104526
667678
523114
547566
68820
494570
202517
858814
620735
681134
230741
497342
968035
964114
270586
812041
2719
286189
300977
259738
728646
885262
673603
416357
318837
826341
407924
960212
553348
611281
634315
363804
828376
388039
433010
651900
67028
804315
120179
515026
67759
879791
230178
78106
276257
477109
309018
972803
434615
291874
221279
726000
822278
62897
389987
280456
302332
447056
409892
943610
964369
578411
363762
708944
97501
413524
610190
659247
23684
541772
955502
555753
716
398961
901406
753535
514447
152067
35392
828726
639884
14612
9652
840212
485271
585484
318034
637815
41969
185174
139540
608403
275122
403115
999953
385350
976994
364345
454564
484378
133544
917039
356267
426006
870298
188072
28844
183041
486323
619441
597201
992500
551586
722681
245268
177499
181759
17428
43574
583688
656664
185964
551080
702707
987562
101700
188109
617682
95404
711402
175703
63505
92676
563193
345678
740015
673373
153160
409263
275381
873744
417331
474161
995346
573759
608643
399267
218072
567809
255357
693744
205133
232375
273220
899333
945775
568829
750891
896393
924680
524541
234971
264587
953833
214237
825693
742906
288134
291928
683718
489741
910702
607018
699516
266563
169637
357541
799592
331268
699935
97761
524410
847463
14491
340496
988947
525517
297498
497136
413076
908458
484283
534553
378241
417636
100341
379062
806353
286355
557808
659088
833428
89577
614656
87238
202369
105451
222847
3353
682203
174493
911621
434404
876096
470461
571591
770601
477966
852645
992393
128710
256754
586707
930177
580550
204814
302022
217290
726419
747078
881343
216065
526730
151336
784487
416960
616935
48950
491855
466677
300127
669969
802257
954206
273997
20739
616726
585571
415556
573736
528561
236495
29507
868730
288361
837932
778950
669304
740565
271547
794041
331699
321567
458893
707335
683253
178538
178369
584657
295630
339600
155739
808827
834300
748484
459708
171360
857718
899799
721796
756517
925333
360342
472513
29867
565280
888720
28114
33630
204466
254261
580636
718443
294858
782169
936616
15566
336175
420120
971288
341513
315902
865428
579524
81136
879697
225946
925942
779809
274894
214115
822974
49362
678473
879990
471410
874755
640343
55339
624389
266258
425200
991690
45314
597101
883584
819281
62502
971489
700362
252820
641368
446097
410361
748095
584070
173379
48197
82167
893277
960341
64062
644447
933476
176397
164985
668791
992246
949774
932820
662110
830490
714661
730854
597816
964161
812803
207688
977642
348315
785286
750779
597762
161110
568688
221173
618420
559476
328312
367883
303999
221511
501887
203708
76335
188812
585051
858903
312955
719394
249936
429002
339790
76645
269981
638857
436963
982699
421746
312023
35529
90395
169023
137012
736262
327973
632999
987171
752920
660897
821331
314327
8918
306760
514595
225082
609078
442889
506304
595737
601576
284361
809741
184110
748190
401210
529020
722315
657071
722646
150973
301089
406801
599033
848144
189035
122052
836249
780731
21690
712846
175267
170776
332445
50401
300338
532294
429228
218776
923950
645632
672818
970336
499583
408714
180852
468468
5549
303623
56930
771648
349462
459560
120089
16743
392843
514495
191315
630304
399111
508273
449260
605051
990668
898186
254929
397442
267676
837035
187335
511354
948433
702750
310933
24009
258585
320010
572496
649777
273042
361602
141057
919482
950846
594679
322932
884078
838307
282830
692896
599742
55106
593485
426670
320962
727793
619950
32040
389790
963671
362006
706495
438208
277956
945631
735417
886469
680811
138257
477429
177915
863229
591984
874140
321921
402594
744111
627494
856651
172566
203330
700294
213442
910366
260049
295859
848328
588518
852424
488788
603801
482681
430987
617160
454669
534236
515207
396495
727610
857415
363044
445656
180086
753729
434519
524647
803450
947287
347155
261602
275298
102200
892063
390009
607312
385392
99203
933745
142833
186687
919516
328075
626711
910486
494415
320341
222854
609965
202586
161932
856138
776324
963526
542188
117061
357300
766201
592855
379015
293040
207655
841566
954901
785246
537577
154798
29836
257292
229030
66585
556128
292240
220909
546752
441533
14401
283749
476635
790030
399243
702236
67173
218203
946355
731387
298598
498893
619368
470299
924766
231693
843330
27056
877899
609995
323802
58147
718616
565979
428612
145726
519650
692921
812269
119105
293863
753069
419022
897041
287693
115145
811402
141456
299405
494608
782378
516808
954426
384241
223410
527808
41010
560880
610400
92401
329952
15782
607168
151506
68970
879647
557039
525008
242110
504353
430698
638042
494644
924556
722002
819160
468576
848861
104382
118523
26552
342220
944253
834543
795676
921494
162343
758702
200518
206357
259742
966126
820431
613706
829094
109690
974298
167485
477086
421151
620066
261372
935835
198780
498460
208255
128160
873213
947144
330924
148667
115233
492890
946549
633022
967478
266815
738911
548569
151015
842702
888158
60177
781740
349772
434204
192031
395551
769692
33113
351847
645103
466689
698989
977619
879341
8849
881000
638092
622980
287033
677530
461717
738246
992295
234862
324548
178657
532696
729393
691933
192560
117246
607857
226636
508589
350284
464000
801855
435333
825762
572696
780254
958468
45776
556888
356136
966319
357641
895725
75243
739249
386726
413068
525791
981997
108115
753307
878624
584306
42906
364143
416327
921293
825098
567536
201252
986039
945795
683417
364057
820079
573281
930012
568981
864803
608899
807266
994540
710536
839159
52400
765584
686345
804100
962917
39791
869467
314323
786336
634600
233455
284410
270142
291370
978305
963430
446401
130924
148750
230949
646348
939587
657698
54350
30154
910819
962063
867853
377135
992308
825402
675919
201302
604816
987023
357062
690634
487191
885588
908697
689185
366128
554203
249196
369217
390172
797713
681799
96966
864952
799348
337765
861052
83919
333858
251356
750023
678617
565324
791395
877986
977365
607561
626181
932996
163710
356615
29537
443358
925420
984732
176475
364545
222410
751867
541155
895389
576624
897282
391328
500773
247261
957743
260216
484686
562130
390835
909759
332853
321933
603231
10233
444384
375009
963771
222989
300637
246383
219317
924617
27142
287555
874487
435084
984998
110349
606481
34452
777590
867833
142421
637925
372608
248814
692418
276754
884069
316384
880600
433003
723194
813843
333771
226179
63564
106541
863826
73308
61700
970357
289950
621169
706854
323694
259048
989216
925043
932362
927843
465459
482415
711629
856209
775690
311677
558144
593778
836518
124646
172941
770454
525972
145912
487870
104852
778612
464907
622925
895955
533925
402975
332263
472453
610318
119649
603714
489716
639948
357132
781463
704245
798195
804012
404606
190201
855299
150334
946662
762177
723369
260276
703469
888306
426926
56597
154018
614078
986176
114880
368148
568386
571355
668624
746262
758447
69972
311131
610643
560543
849474
57301
639176
326985
719561
48595
908898
373968
312580
980585
26676
405301
232654
453108
309524
404141
502446
819635
621267
696974
874717
91984
675736
360547
776500
251389
617177
507934
300983
21562
862709
125549
943544
940210
350832
926821
293609
67973
809483
388955
323010
247329
398655
433874
396875
508745
559446
203982
332742
953912
852007
65351
549629
263390
996844
455033
530595
708873
788225
246424
886890
258271
256827
762977
256928
803784
201827
367948
229254
400296
702926
841182
54512
35722
125786
183066
936658
757848
715719
127063
192684
393606
588335
541421
52564
759823
12451
153801
260509
690136
186980
327840
646113
85424
277243
293825
643632
188793
254901
321218
954197
612640
177599
290972
553473
876231
114138
99539
711575
254917
900282
768461
539539
800259
610305
856517
313496
104967
306067
622295
812628
218189
698773
48443
660562
987409
556423
929167
184859
29802
772028
543948
138762
201744
192626
297883
914603
907326
336466
103232
765455
905266
64773
275764
380079
118866
498736
912849
456315
904745
658894
736039
530558
455758
787369
724652
743855
292965
268405
308239
294422
486463
364617
140845
156760
376477
728187
20765
731170
6802
412566
431142
67758
327430
664122
776592
160757
956310
448209
446359
945073
93017
487273
706108
869645
637630
892147
640119
404204
9425
808983
496135
603667
435356
875506
613289
381812
783978
572909
918567
312728
568167
516923
606791
267688
741859
906159
669349
955479
301941
199095
865179
985647
89980
582457
356124
715319
355457
990792
54816
246911
554168
890115
323193
760200
240294
309386
373381
420690
535772
95198
457212
117826
474593
839124
826281
78960
595054
933494
159286
790923
586834
921654
456480
637225
713206
181968
759881
820015
460091
3899
952556
387866
157823
855755
167659
358951
634111
560422
46340
894693
890134
602592
48034
954197
750628
77238
666256
742715
46474
999652
559688
269444
536145
702819
154473
859091
935978
55875
399688
780394
898128
816032
497693
306673
99273
960964
661790
368806
846220
770073
721322
347362
103613
5193
475931
975684
182548
680180
12222
121084
387099
995725
452831
166006
876502
664914
258557
685472
849212
924646
685340
362074
682340
138700
99450
259833
30651
421506
259481
855096
5170
318584
990587
412796
873396
910507
460972
315843
812693
606691
923257
868904
706310
102085
485246
518933
803780
941781
679901
335685
503378
761100
673675
168436
247259
571538
701764
453670
134137
230489
694623
321553
525331
577493
937084
561257
79648
211675
291481
714502
304331
218837
651652
719731
555823
241568
88171
629269
953089
934018
170895
968694
503053
38411
919831
173293
324185
923655
327937
71660
434150
458077
431795
740582
964820
779463
492144
523611
602341
721582
590566
68417
245914
339297
148003
366352
829241
592306
381352
972202
449264
905261
632086
889318
932435
829494
659909
761144
12034
765886
654580
767166
490406
769185
909594
457705
416602
132767
61723
423878
339942
882102
88726
556648
325862
345048
753947
422900
89609
516494
936634
598857
459573
857577
722102
333450
517128
852448
576281
500489
556922
661451
971169
206801
115550
777083
776280
849744
625543
20404
169921
41567
400711
388424
595310
337200
799571
973905
700463
14163
243394
450698
692197
999205
506804
166154
708596
286677
633232
818335
959702
359316
7461
241987
103501
497433
473650
327549
467121
438926
285825
411159
920103
233050
946797
437559
976050
491340
23173
134749
22755
446496
498953
244792
857388
808178
670097
140261
105811
332860
101773
306757
388674
817165
997031
511033
239099
147465
883141
4477
257704
597207
711466
2462
728016
966379
243644
891929
296742
382576
697760
430610
666236
505937
834945
76910
288341
587364
964400
761741
4119
987059
215974
394727
772895
837609
369060
763970
749231
526230
837115
566029
626242
353695
392872
509788
650496
678661
362199
99841
456653
99792
180360
750851
525436
772503
622415
71742
534050
449903
771189
735319
186181
738286
684669
878745
77490
704602
92801
415281
847469
145075
695353
602242
91843
210522
57309
73382
822652
567005
988323
114691
537133
700576
505378
445381
124969
176169
822231
142013
771479
146503
833348
461718
935071
896736
292214
635695
666047
817366
407648
442266
859322
181846
273571
639537
459887
94525
778927
425999
523335
751078
499459
472946
123592
800340
891024
698795
298823
19961
819836
664127
796666
674529
366722
642718
210795
667198
794678
60605
586057
701968
643494
121618
615833
696240
973596
532076
928905
801018
782017
210668
865445
983701
697564
534371
826339
281761
152439
486538
28056
179323
835362
631704
650126
701039
670417
907140
937005
125051
761440
421207
760597
144956
531255
29612
719886
506808
778057
652872
88215
122439
39094
445008
630875
553182
645777
831979
323841
931769
468987
534773
727778
834021
487406
675996
618390
541607
402838
421595
623399
836684
587673
962321
704167
478286
993208
237053
772958
504096
400461
469848
940571
403671
464116
233679
664875
766389
710407
337052
990376
68050
509185
156608
143464
409001
383108
309471
418903
985788
356469
169336
647391
931557
354117
992447
242883
855483
423499
186072
507275
331101
267085
470706
652058
782238
867806
45630
480475
819789
288417
479179
660570
256607
7915
863104
376431
498747
476359
290997
728341
227426
414739
730222
453208
818682
472199
949108
529901
908021
677398
539666
362075
728802
72492
825577
326999
371536
122584
821232
422319
55002
223876
368780
11036
986132
668575
916040
806074
967889
256091
214193
959699
961742
909522
81617
279447
256638
143747
152070
294120
811186
674619
451453
481618
183588
748623
496592
189976
194337
475142
611514
942441
85970
811795
840051
399026
302629
582911
720877
723021
551645
415269
864553
382806
750770
226135
514870
353118
682469
507935
182471
769657
50277
522079
840880
771763
658007
491162
601597
596639
510278
617675
465519
631695
408743
39987
859924
481695
564359
779569
612418
506220
796051
219145
734319
395491
39236
972487
540016
95795
377765
315388
433484
891300
890626
152615
219452
116673
237871
683120
192066
517041
795506
423117
529635
101476
915598
516423
463107
710633
58924
2903
931611
216604
203688
870570
306137
719931
889718
519620
906068
861658
893616
126016
352297
588973
900797
934069
973368
399363
731871
941109
736117
331410
279832
406319
231531
366381
310010
987444
765715
672402
289738
555095
44109
447263
399056
156333
396345
749669
368254
433459
125877
105877
731003
1295
206451
478999
48778
892463
582709
551546
900124
411662
597480
229254
70638
332885
741466
429996
327840
123230
923226
271647
608276
819475
682667
139260
597567
410677
914212
272740
681935
179833
83879
84906
796409
851084
57852
105320
629342
291064
911497
472748
406297
321054
670512
241040
285224
652067
485509
404327
121012
861416
716074
211155
450302
879857
714954
392308
799848
988775
680814
959931
417886
138936
664767
634268
792735
242204
973721
512098
84524
856243
467015
946012
13131
775178
76577
389557
802616
462845
34239
897762
767529
17974
46873
379892
48700
304723
137085
19085
584000
959270
49387
549295
599645
89302
465040
732976
705569
796130
248989
431690
622567
973702
599172
873806
501542
198454
951055
637369
572883
787719
396189
289503
943988
70701
32569
505284
717571
92831
107032
930890
426939
175959
68975
893892
877633
223221
558191
374376
675698
48451
316574
320355
442565
917012
250899
157703
284061
702661
677262
790432
513198
575909
784881
919716
757129
497393
589983
229832
449413
685560
752816
783279
205452
699357
678478
320253
308095
860603
277359
60106
646855
60963
348975
9331
979577
981120
164937
767434
807269
898588
54385
779565
928700
301691
339666
133428
770587
384741
34527
484676
279800
755138
791640
583873
324456
244573
182363
621152
44106
145227
84324
214938
785236
233893
933283
523772
402616
877104
125305
937371
99506
735710
585294
349029
520113
873901
123921
691091
707039
755438
237709
705723
932431
896096
152741
331202
214274
168379
338540
973551
549654
824968
521379
159322
223308
66989
502928
327747
747572
286599
622455
683199
140279
850096
247416
606604
497921
624224
789636
198
149321
871663
732413
412147
166270
256120
829418
328312
298511
97050
375060
556271
45911
177944
569663
2832
26340
88032
744712
540876
8675
291945
36760
315192
276841
260469
128770
144294
668832
606646
388543
877072
694924
420301
442371
594734
403065
553773
218427
429287
749187
773278
390054
511075
676802
924510
802957
644351
32272
148449
344352
548314
675575
580473
827439
853452
691388
317778
187329
791607
726914
622868
882325
449845
495005
256299
359411
917553
89652
355747
688557
476882
967186
347628
327671
87121
357705
285181
333472
627755
881603
500821
256364
745906
483686
713821
723472
956095
137443
290346
137162
37570
484316
715486
930202
206074
632304
798830
746784
958399
922404
453566
152915
607677
660655
856360
755483
645179
794402
57115
36749
169753
404274
112672
632577
515161
257315
982072
338192
102227
374035
169826
908847
699788
757601
714169
564899
632482
47096
181817
388384
419166
610235
467106
419458
911852
34255
274613
832359
943334
799615
836507
150311
10508
811024
409317
438513
882448
449699
708462
883971
451406
967168
439773
138565
549657
775428
667847
440323
450289
236650
540913
880389
636624
630575
384051
414413
796963
510949
305015
946989
118934
550870
710497
536962
920072
12819
154889
662992
506142
677720
557155
728828
408819
978397
254336
329568
282733
176444
199085
902222
606187
502713
891321
354341
481370
105651
489685
282057
255399
113702
512723
95938
50127
374874
193105
452659
511250
6380
213359
281012
249861
117047
389691
602191
317895
864095
546862
460564
59724
77562
391632
16089
211733
456155
789238
308050
975424
442811
716268
906440
901243
445126
359405
481401
962708
989568
499855
429965
322732
773330
611260
679024
83659
179381
124506
158928
473101
614650
842956
397301
229113
634355
534738
516152
722034
102337
616844
933345
977862
258683
833692
695009
329060
294328
649064
299432
220330
494714
164542
51620
594205
147319
865939
931608
538610
246341
177828
127124
547593
489889
290878
136598
620409
351708
917016
162557
160966
700002
36446
518950
425583
616424
59721
267813
242084
161841
127529
231522
105301
598142
543748
519565
828070
325584
131865
56895
620159
652763
678717
879535
119039
707017
912743
853581
117136
272103
960711
634110
618389
586416
68176
186677
707520
834228
995159
55787
516801
189733
239059
643002
135577
8766
950916
565020
526797
348497
96113
541626
209461
46763
76169
556084
930419
593957
589419
330413
316801
299722
921857
116623
114020
972256
467655
415330
110333
286805
109418
255556
389758
428040
454859
33862
888698
483504
841698
23203
847700
674477
724608
426718
309017
777193
389549
642743
150890
727915
782575
188233
823442
147448
479916
172099
864118
22886
112743
865217
332138
261758
871142
529798
97120
310157
176948
163672
878267
688135
726978
396280
786178
173849
790249
597053
5232
428938
236619
486988
731367
539340
539479
984246
241605
805221
762475
140014
463887
458421
173907
859557
649483
743523
10991
293060
316330
726184
795699
847174
937377
64888
391881
564591
276376
832520
637329
664492
529979
451008
733832
433160
400431
384767
587782
562953
868319
16837
324833
754021
309172
505602
908143
813668
668707
284920
11241
95955
315232
723471
355436
38434
687280
95733
907865
937051
951132
325551
375003
55103
235329
96001
912584
828991
369413
117750
425633
919700
824868
925261
179124
552379
64680
303040
138401
706576
501623
257202
14969
660230
517766
706996
824642
585665
382187
572403
179735
717136
721233
784194
659884
722314
52805
125312
302064
586628
808621
95974
240139
605804
180887
791791
98438
340293
822447
207332
905610
114879
401675
802179
223681
12210
358881
332363
392473
660151
100952
745767
475047
222499
981243
432821
522152
933473
898506
636401
799138
229291
836523
751874
50089
325861
871102
171169
584957
315158
855886
970786
773521
190915
530082
581089
34662
201706
392500
447690
17046
986648
504185
449220
168301
738407
732767
902971
231730
362200
144533
975944
672131
328905
861827
952256
611614
527571
637083
225942
14972
21698
482311
885421
273431
719537
215170
676479
634061
701058
303171
695395
967325
649784
618131
199550
918477
457521
268864
999048
240686
672386
290986
807738
695032
658289
536634
117649
933647
569289
696243
660290
62375
322846
553760
314938
132547
184606
21549
938000
42264
324239
621714
646538
551377
767338
700330
624649
545004
404436
292258
559378
67585
277173
547660
430009
506787
570807
866259
450796
236191
109021
533961
629593
815393
586045
88989
160253
544118
332316
632616
866763
935149
407844
344550
46005
838230
706820
33921
32217
435180
446564
143753
834315
356175
916612
871041
887739
715497
61872
577299
572035
387571
391266
422947
236752
910160
630580
501056
647594
672151
326015
124663
427233
950318
930390
289730
204694
631505
685272
901854
658147
937458
453302
817274
377960
941435
50562
394635
694131
5679
254127
576956
682059
300846
238955
451267
167769
200919
308566
998799
213684
328712
783389
956189
12167
252864
377144
873002
469857
436646
879676
842563
154009
31459
796253
764984
940572
861034
266500
59887
699925
114327
302857
252372
66167
423669
557709
375726
815978
832602
650743
551181
66319
304045
535945
28704
204274
716936
674078
522467
678923
614520
469634
765429
270577
853025
128558
390919
70812
570367
502558
346097
506453
457223
921297
763102
322108
540140
545181
434856
996470
137469
874860
509183
391089
320235
172759
364610
305365
170601
736541
578672
502152
561324
674304
282296
67870
979666
54332
334700
38812
586654
220068
913492
706407
689441
842524
140895
765902
182454
765549
601716
247281
228452
507912
306919
782540
768486
888282
209416
596836
903686
636104
866005
507148
591205
139848
349711
197332
669144
979099
476458
952719
722157
940395
247197
406720
367051
737724
578842
77601
1719
92626
116440
688079
834803
527584
885707
674325
553601
16296
45365
334931
238917
414836
716822
693962
845192
1007
61823
867143
727641
817632
699141
745130
844557
665860
698000
840786
993960
136456
331603
706792
552340
969056
40342
465604
736334
9991
615599
190015
42208
416979
316815
59094
202504
903284
150520
301111
837432
646025
48332
526828
912823
562654
437441
161
742821
730374
105777
164691
202651
868690
903118
452631
682737
952363
155187
691205
956313
84049
456213
411135
798056
131888
132440
151457
905205
316700
956286
467719
609498
155690
179706
751349
548248
514730
369635
905127
905751
83204
237956
277366
901834
508846
779984
254564
757873
675207
302259
546884
167416
359443
615043
451401
937405
695828
679189
545897
571887
338625
127020
330093
522001
994789
8269
295448
927390
20183
994158
624625
504135
838930
425100
373807
361752
210800
485020
353793
37176
543432
582937
948855
307279
373792
961404
628048
107970
429201
547658
884448
667097
433654
451655
810910
72514
926736
712776
380168
190639
255738
349094
413683
769242
325955
815310
71283
44392
192045
758262
436514
335211
430081
515434
150673
825346
735437
486916
341257
218780
321852
932730
208828
603737
549456
105810
973645
448913
82494
386416
51513
377453
553893
518288
506144
607603
564717
472910
203188
109728
543416
927330
213309
386798
943688
20330
616454
237429
30701
358112
50664
793582
250217
131179
615664
743954
309602
368145
971503
10913
801730
122633
483871
369726
905839
411182
389293
481335
48226
677712
669544
732259
138918
437925
627460
462180
339695
944029
800970
246156
779605
211795
992672
526108
916779
332767
28592
885032
883072
335048
561592
572438
628274
411671
675694
173829
743465
714823
592078
622858
435959
355992
53249
773461
1930
639106
819563
686642
489804
280199
519954
201836
188760
428065
27558
909836
253656
806427
221489
37503
893631
761020
377116
677589
979680
204125
89947
28454
160553
668636
219318
613263
713600
261097
711221
551962
673401
695998
721064
642875
396337
27243
37968
678263
985418
646095
96557
200416
770499
59811
252901
622843
71282
348336
19534
964866
716385
416033
752216
302084
249539
593139
221530
66154
168017
481992
180343
518678
487366
175515
600301
128740
378995
776462
1210
290834
15999
839328
939563
354492
13695
485114
439042
61504
780078
293224
588611
721216
639689
551909
842651
699909
910154
594254
476142
838656
311742
472505
443835
578733
561029
341279
8558
779537
708518
805428
571523
629602
925773
986264
873746
399301
35298
272613
287035
780529
33286
634153
967022
40691
471084
220270
131095
940236
355410
537908
735141
831541
688091
473920
643254
769283
914187
736013
293089
198500
494494
967457
150623
565449
119365
980539
800086
131486
777022
359528
483076
578804
221391
922037
510148
911296
276766
865215
422400
995069
507696
363750
704244
734764
560380
40032
167258
682236
499435
211498
59192
148036
20079
151704
76610
89452
351485
38478
434348
795756
692904
319559
357201
379180
294747
241618
104889
266187
406195
357790
975754
996412
26807
989290
570254
460234
30837
857438
55197
628412
812666
893176
3047
569299
749101
473951
976096
910896
402248
313236
438920
223570
123508
647494
919318
821886
724481
391236
986496
701431
294079
672589
254314
124973
907964
102211
110889
970930
461849
184638
875570
513895
348939
657725
438883
211573
296428
456248
604974
301047
160699
39121
106142
853557
490550
304616
208327
441036
499795
642701
571599
223529
292758
169425
714258
66484
613649
641205
449014
280905
490430
135428
370253
654049
802162
865405
549728
286223
652479
166184
344798
597479
145769
947913
328033
597497
144962
659186
957785
420795
772709
45107
369367
761604
466123
313069
22264
228405
193677
1477
95020
433394
181494
613812
606306
136206
397572
834298
332498
854341
403708
148786
704166
823330
337319
117249
535750
267905
649836
720424
960191
32751
55563
661562
588751
513133
766772
383591
697935
197204
135298
59574
280765
2642
807063
380625
377189
54610
582484
340410
299372
533306
945589
252636
861241
261454
157192
156412
539904
851186
749512
734862
133356
267404
131354
160548
791145
799624
338211
919105
701003
635893
488964
824780
647070
188300
862387
608
144267
588369
882551
506816
906211
387986
953215
59304
956555
398221
596832
307838
726149
113455
60970
207016
30679
983350
967781
78583
559257
43255
487725
887488
959840
3900
854951
7948
124675
498949
60831
437541
162310
140975
567232
169617
737259
42739
360751
945371
616273
887621
593028
336972
831494
378972
131237
569849
340913
315985
893185
535606
989397
835233
980518
721320
361091
455565
161984
184184
685087
831969
245551
268196
694348
420945
931715
600239
286071
559806
336855
264121
454653
885016
33863
919593
879674
863262
217103
926726
864559
120258
194433
687077
487375
190504
971811
49085
164262
306252
208611
807574
768550
756994
600055
289632
926864
747545
35221
835360
139900
538521
30604
806981
774277
466604
365630
235737
795347
858713
365434
926803
675974
640235
9402
497993
453243
279728
96694
740546
361087
546269
545634
885162
680014
195727
324619
196255
908934
486956
892233
166952
178541
399144
698914
221125
81947
353124
91580
642849
693702
376752
666748
646500
984104
278129
223167
319013
785999
896670
426867
262845
525249
955108
637652
19318
47753
370730
709695
584803
708066
7855
185524
919817
791103
985614
88109
288571
580341
686564
708117
39171
783494
642504
489255
186172
826123
459321
44324
300861
793469
919190
454320
285360
476064
328902
365642
527616
766348
954359
609766
545456
688089
636612
13865
774793
976422
836592
746048
710508
213702
209231
983774
240965
494536
693188
722640
723808
8738
244005
650430
94485
922169
22011
974592
46239
79696
177381
292314
480139
67722
166556
765142
129932
905629
33808
481661
895787
945046
226354
621105
171355
271042
430411
806442
533611
218624
534665
2315
800276
202529
969434
480864
356786
277881
801329
898871
400
798917
599462
235800
879708
76536
72762
40545
889337
563236
315640
3139
667891
252034
390326
493587
391694
190558
646331
857037
916407
758562
212411
623276
545244
963836
89725
82463
123863
580655
216605
645544
810949
831347
693742
155158
694133
846474
118135
126109
739965
260961
400414
866703
690278
849566
36835
694009
977287
208972
111235
687900
841391
841569
793469
172807
134652
393320
628016
249742
859016
426895
444195
427881
40323
610703
49503
860587
900572
593459
639863
57052
480601
690120
583592
481142
896519
88608
527131
817337
904139
826562
930951
405611
194902
987953
262835
532655
254263
558551
793497
939905
48138
469519
531814
375884
668494
765708
288990
937320
676245
762601
34013
646707
539668
125517
534136
947403
864282
320250
923394
44197
603422
600755
525803
13261
322225
247944
814466
149114
663954
716799
243482
744077
822688
774369
948491
914022
343594
572830
755600
141411
855970
292061
671566
254582
406577
425252
355892
279522
834212
798945
541501
490770
198787
206355
110354
422550
647810
457304
89421
443643
898897
236435
379545
67909
581006
258233
968053
260555
8666
284921
704279
911088
117833
390534
796013
696697
423731
214530
37566
467472
401832
669064
469872
263764
474368
922454
899106
256155
600207
328405
841337
171269
522424
351239
968569
672190
898841
754060
464457
117327
162724
371921
605145
317281
984717
733654
72031
680272
582879
707865
647612
156456
918634
965924
723902
929599
897047
804208
74302
607343
903644
412917
32682
403182
450378
646031
732445
282571
692931
641422
958890
742790
563338
382746
982008
678797
939507
337537
919495
962447
714809
133535
270545
684479
533486
438505
490379
786791
434829
314006
414282
269734
690667
128874
292931
908040
957964
662624
680939
232256
706514
620531
111421
470212
14480
39369
429530
714757
486973
400317
727498
196874
232453
312775
204512
801768
975929
517450
465340
454432
331365
604794
36779
309845
144962
12200
356585
190184
176322
531436
511302
304626
378697
502446
78885
190877
694012
919377
550817
681823
714865
722684
821003
791765
332742
841221
449359
134008
430733
104764
471221
329278
192933
811858
97091
175183
801700
548965
412159
344802
206192
592617
718353
223284
904941
208244
637447
347877
951952
436133
622707
114095
867091
63730
242095
102979
621057
941454
906881
360130
252465
959731
716505
875284
711439
480401
823223
628777
959829
748435
267497
249866
401178
944714
771314
47707
714113
268024
785863
313135
681106
21883
763251
162248
932453
722965
251162
573162
194426
950484
453338
232026
705894
520994
498189
167288
438248
968875
120363
702902
686490
362278
171341
927860
620931
662723
484748
543354
202057
528880
80712
242321
256580
379527
179716
371838
180077
926807
740783
722268
278133
314829
626046
178005
448306
161342
285108
430652
841204
504468
61379
446538
515126
230100
771340
178868
653936
812872
5315
228453
299977
297293
935982
960157
884138
68155
435148
577190
743086
441260
853202
535086
706613
416747
698576
813574
782936
944059
22067
736950
477879
312449
364899
306490
735725
271119
244685
161438
773733
718541
443579
9713
782982
788614
720030
709161
66506
739020
958958
881619
665324
152585
928744
281908
506816
908068
435446
519617
974428
393740
69549
662904
674036
168740
759408
720474
182532
765707
114225
917765
686758
957511
121624
945649
544259
978253
718780
347015
609318
927279
961614
655129
447276
612514
723221
252546
776792
162603
202707
444251
302723
186918
495047
719831
678064
255283
433036
794812
973630
119550
720863
559231
391606
126696
14781
566138
478596
243607
961707
701708
163267
370263
495247
36685
185841
296747
21692
727276
281218
883316
208971
604776
277072
857149
581732
615527
608047
373217
271260
292214
420959
434009
381433
879902
815451
403622
711056
515807
396942
858647
430415
48268
658725
587192
598231
101122
468031
213527
841345
671814
694977
926196
651394
766139
621191
387204
427113
384764
842101
328034
631237
671452
23019
657235
202851
983223
747415
260916
760884
942965
484900
926402
548238
906779
440080
534470
36617
465229
120155
643739
677898
374884
629083
82653
24796
99368
353132
462896
504313
868586
364869
901482
583913
437121
177063
959710
581762
16543
228974
108358
766605
892239
374026
549644
150537
961997
390663
685941
482377
525761
612807
460011
824760
973338
821010
176741
786685
34755
21828
450485
698873
931397
877413
766509
561965
992249
326806
141487
327737
304360
724966
473488
58495
24513
273412
857705
186982
271542
495759
508858
517435
685683
157834
315706
637617
436219
656427
88191
603657
378657
267282
584774
373581
124961
59479
668832
508214
382745
542204
427386
86445
138471
620801
626119
659567
177056
550551
533132
839113
628393
10668
430215
976387
728694
755429
609149
551641
272861
724522
704735
666276
174102
955674
978904
876120
573841
431648
486134
397158
995636
305821
679410
190146
966832
565701
323165
575295
799999
52358
449193
17045
81148
197666
715154
500549
116574
769694
801383
847891
445202
253778
120377
421810
275957
990945
164959
943934
373163
853507
488482
806051
632799
894782
480780
455323
206615
691188
964680
633748
749362
326421
872630
173359
353857
439092
835726
561509
951168
905271
796590
270468
258864
646761
312001
342743
153554
930218
587086
329892
593345
301574
25434
826383
669292
871202
186235
473052
972336
126546
772091
101586
472782
484296
875365
979771
743758
115560
202671
761415
924591
843255
970371
425552
589257
862641
225452
825720
538689
628537
109082
612590
797161
668779
512465
573968
809202
266317
811252
617578
977230
487653
24810
137885
100838
128548
729707
902747
369525
245824
903913
922895
901376
147359
64477
933081
635506
349679
627372
864631
686615
171090
474486
776511
745525
810999
713276
941321
187715
324036
985643
194793
218887
401135
737289
834521
185807
307372
930747
60150
93643
375425
904176
521121
390725
960181
762094
491142
329535
858150
980983
534009
900648
965562
232087
493180
681018
647854
288717
79453
587059
807370
66196
890684
485293
263541
329037
414507
189404
16613
849418
525870
148132
874158
604153
3617
781525
387964
809451
45817
469188
868636
538560
664802
415047
56564
581233
139464
538508
543251
805114
507506
220694
609571
960866
647112
612438
519483
931304
467829
389026
860177
12748
882791
467092
286093
926199
837747
951106
642744
458247
939158
408405
220883
974203
395863
796232
534788
362424
647688
995135
707499
911094
984491
343937
313684
562954
484720
947860
527621
39568
90524
565684
577974
334900
772806
271663
251936
308637
445948
55008
36526
265079
744386
955078
586960
298716
852410
382144
684591
320543
863967
865639
879163
973812
74283
530952
475039
413183
269529
212924
11030
253623
734213
208550
412119
204343
178799
263689
418540
612129
483102
788611
20257
629935
948385
375018
14167
667608
183856
109122
873464
513371
385522
689880
61188
334634
858264
451133
982986
971766
779494
989282
611763
10643
671442
886733
242553
358281
605573
137206
855349
32758
870846
215296
656597
109923
386838
538199
763180
634721
859422
925986
16419
25439
455268
509093
987725
671372
472021
606199
531097
503907
910972
153114
95200
856792
687848
203068
495518
645917
672620
731337
556094
443537
206720
680939
235598
86534
10309
752863
863122
168173
126886
177397
782260
343520
237274
925540
161561
365516
691590
501255
264718
804217
21630
351800
11425
130040
742956
366088
501324
193448
958665
951960
447437
611812
512009
778583
226065
142732
919316
774616
831054
177327
441710
410894
87344
4754
116791
96167
654955
910624
794702
64003
537007
854701
962321
493776
104506
246952
988608
409412
461447
745309
323456
785717
966500
943205
772667
784984
369825
728171
730340
307156
206500
834779
379416
800386
971482
455464
511968
75076
964744
554618
151443
406719
227839
838003
343513
313526
178798
466077
206986
996612
963025
636082
448628
180918
981832
166855
786236
310850
595330
730453
694491
325160
668632
794917
616458
378852
572022
600856
579321
861069
49076
270672
991800
927566
269315
665983
843513
367998
164098
640842
573548
840797
37296
807833
404874
537133
93948
867325
449006
292138
655929
654655
114397
986920
484845
821953
877990
985609
414664
147155
12645
859415
65586
60117
320865
950916
250493
314500
783957
624507
154170
965411
355916
775074
798119
392710
405477
898159
599430
604990
185654
227748
38409
708892
95501
623848
672809
281828
405074
506436
155285
85584
317448
728566
225800
34877
141746
772405
130611
673526
361554
61827
225882
808156
35789
855976
657147
53550
520746
884496
187432
784955
400889
372739
596214
694369
79248
450556
199566
461824
3249
213801
318368
968769
368135
993918
769208
831933
244367
595830
129641
654411
532628
764648
584549
407273
235986
183170
53678
693509
742332
394596
659495
245289
106265
14427
903876
572546
96201
933560
253857
401227
963366
47117
839278
427099
800454
432067
151687
421767
883740
874779
178273
459637
521214
31231
555296
203070
586881
301188
761158
989119
393984
333055
120135
495677
405500
704001
950584
902194
964573
266096
293861
967928
210967
927683
250305
764945
490472
516441
902648
85329
409661
709623
28897
429864
627124
556188
547791
163216
496061
637571
806471
357775
859481
303797
158027
93609
932933
767240
456853
568038
626928
919799
233568
864315
680743
530015
572447
993048
417873
371796
533009
399437
334934
34782
991404
151578
559452
110099
56310
999377
242921
202898
867763
650538
722412
232089
243257
416291
405207
90884
79391
764818
399589
596835
469972
591689
501305
22454
818251
908068
99431
371848
210004
325297
485835
763237
264582
207421
37335
196152
894809
540343
74603
229126
801424
279363
223133
984257
402579
824798
675160
188106
755419
240233
909280
931846
983494
631380
986803
878620
814858
510184
406795
860232
515526
789104
845825
917535
957748
23621
14283
301727
434619
512885
496038
651570
647585
684112
160271
916224
627102
805710
513386
703149
255307
924128
458822
790582
828281
166162
726264
625443
572703
82329
19876
318378
905899
45631
128666
652640
93497
425512
104348
610652
397281
831935
724862
914730
830187
652226
462246
870697
688798
119464
793907
933442
718070
234795
47354
769285
597619
83765
159660
498529
941710
542059
617363
820224
287879
755920
593851
716221
431513
904600
599149
310403
329871
462026
242327
203523
253808
429136
883207
684945
42262
246302
407510
568860
649885
738813
303265
225352
442742
938931
768051
295722
394907
906001
899071
319391
263389
11481
944264
251721
208089
430217
817571
778216
635465
755336
476372
31056
78710
746732
270870
598156
749771
2470
62839
252240
323718
553419
104351
221331
386887
648511
521521
523537
517771
190464
149193
288603
39538
621644
113318
718745
729404
554480
399137
976606
187986
197487
678811
604646
556161
707979
926070
169391
426177
257779
462330
938800
936307
135112
627031
673146
774506
308621
202826
127338
206753
293804
278552
707912
458314
732959
36215
992704
782406
545473
28172
760507
18544
858866
385615
711896
313043
426080
181387
95116
174396
986937
686018
109523
904619
163626
501038
156945
146531
646738
890721
677898
475425
314952
858702
307066
273321
711749
245280
196243
30267
297392
552584
648529
167909
639237
554964
319611
343922
617888
907963
570040
671552
454956
466549
103562
83183
942947
7623
887468
956469
46784
704540
108996
551567
402761
53263
803845
931730
424114
711046
579109
225440
399728
17080
316533
996022
217884
772046
660066
936033
49983
790439
514822
598544
56448
835574
115308
22789
930407
801479
773279
974182
241869
486431
845997
98224
525154
220992
233021
119627
844507
762123
744266
178360
689078
705472
326395
272102
280683
262433
579169
269028
161009
628214
830732
834737
419817
497833
499786
633712
102955
159825
192573
432376
194476
417804
518168
111239
769097
285252
369398
943382
832818
283541
406103
903495
770678
901189
707895
140027
518118
775985
339277
947648
347369
273993
553885
381607
99932
92978
906234
86516
65955
336970
878556
344431
513489
253320
94681
522520
76720
193472
823236
259959
952621
608326
913119
259409
891747
402155
743101
446071
416578
861091
683897
725496
712603
115015
36428
182326
150156
799541
236367
823062
613635
929685
910926
564945
542320
587191
55301
996136
479563
404632
484474
159604
359807
73092
949878
282523
686450
492245
22113
778399
591666
689305
938809
710800
61885
289681
60015
572194
152044
212182
299998
484953
286782
282647
464105
570656
81981
991741
17455
430138
219919
754159
351917
81104
797788
364977
323569
178408
985238
863335
348471
32438
307241
426936
727906
632461
909249
897806
878104
625006
124403
561081
458874
984897
545609
388339
112511
984097
785261
286398
430700
36754
50160
830506
678514
79438
630392
401779
27940
810556
397700
444870
268755
237058
693085
902308
339911
718897
50076
331808
706909
744735
537170
819074
869752
913747
939863
990542
245413
203160
55026
326110
80399
259124
739298
441708
403483
340467
366855
617900
973601
526556
796272
569558
582664
128645
279106
787265
709821
55426
375233
281387
792336
505977
73854
471061
166635
25041
795997
567819
784111
936905
228098
240322
305964
782757
822936
848345
64061
200834
937085
332546
348543
801867
835086
791866
379180
731268
260874
492596
920407
103492
119653
310100
311110
837824
949740
367382
938471
251457
999695
906127
394225
200120
295952
675020
93720
736360
593159
766359
765164
480321
844559
778456
161359
351821
787921
781015
85905
168387
532650
159455
481962
698425
385276
974590
717075
358391
174862
657706
868033
602535
746401
747646
934911
377640
780176
197921
106343
85505
200994
521799
308540
319410
553136
958161
545511
61223
323181
997584
593548
898886
484439
782951
99401
594599
313
195598
699659
183587
758298
678067
378828
692421
387206
28731
919533
583902
210166
994150
848555
248373
227742
491792
445249
747546
235156
611731
599130
800411
179736
928266
811826
668304
17476
78897
603144
750737
816401
557160
456706
337480
726403
630998
975901
730657
308147
30570
893134
641310
304631
241405
187642
355270
656303
311891
993295
920125
367919
913921
18557
607983
263428
620584
300501
917094
356453
802847
498172
351932
858424
373935
415947
55146
343997
120695
349383
848638
290395
151664
141496
902891
206277
906443
428456
697531
925833
722487
823865
20767
109685
864574
914595
694567
160806
292111
429962
2188
80174
877718
95096
735339
101537
301191
81532
785229
502332
448571
884510
765217
903859
789233
735229
210123
387606
188341
423112
852885
804639
730654
712725
185155
975002
859376
193569
976773
73521
625186
35173
744774
432595
555451
775761
117986
460609
342
682023
19572
728245
312900
836279
591756
126959
613520
716147
80576
191645
252253
6254
581978
411814
443756
962102
802735
420371
51962
219210
301391
653594
717894
631866
340440
917705
321840
938970
548389
825100
994301
779938
920676
621722
301559
41381
845509
672770
532786
840684
612495
494734
740777
661231
721485
638865
218502
338671
709157
598418
249216
104754
167048
677589
335007
93404
562821
109378
770011
433575
307449
110133
94754
428031
678113
103969
690745
614909
929488
188513
632954
531005
651899
938845
994043
413726
560946
942101
932687
429205
821993
87821
245094
220462
717877
334229
586256
889889
329618
130612
798814
704397
984096
32881
437481
770772
630063
290109
69484
766098
526319
194112
128076
481274
545802
933118
661881
472655
536333
829350
56044
795964
150849
340791
73168
364050
267352
671055
486333
369692
725635
674770
845279
974559
451169
905139
638645
29043
277329
688738
368246
115192
622120
345042
481678
857143
354174
159526
442949
647575
407331
102967
974593
418937
701679
491844
730402
48432
479671
654519
622091
988768
126556
369168
762113
689714
614141
85809
526443
28145
931660
346244
582521
129348
444350
499660
375393
732168
935452
265991
117829
415241
529335
764477
499633
552286
304569
949545
401408
583198
114006
519936
439838
131458
910560
844194
860071
900569
511034
449564
510062
559970
772900
30552
449563
59657
317110
914594
462956
621608
678103
454364
828090
249421
708204
81184
802240
368416
865880
990414
207984
40759
604064
254297
944471
852436
112061
111735
874600
603419
97195
556707
451994
507741
228816
885502
931804
790162
22599
971473
770294
832166
49225
178029
555517
495146
560184
885939
233650
460971
806855
317232
52281
689888
49288
426720
147889
458365
69331
872980
711476
65764
434960
740526
757868
84475
700898
212104
619600
874712
658608
924532
838970
983449
829201
429022
832487
199889
371476
932494
18122
913885
464233
71882
81741
738516
441390
166552
408421
499548
87066
445729
285776
716826
142784
948657
236590
394881
330433
340123
939449
683724
384593
892474
494563
212870
471460
284370
926475
175750
358644
91092
757979
704057
372274
302400
903616
943191
351622
567653
722375
617336
299589
60292
546257
367615
511471
191891
18675
966708
178849
127837
827692
211696
328029
880838
947971
685873
275060
217709
28093
953806
47694
755114
835448
810948
763734
373878
140456
982510
779652
784426
779115
512723
791560
666272
142410
909530
956176
425270
946446
774104
673462
630769
22525
904522
570121
66109
147824
685214
348791
624082
307218
941099
46932
311667
306871
530050
979913
846225
48470
542492
17179
860748
497765
690994
23
790233
472975
302700
676888
136830
199445
5937
416756
239162
894206
499613
14921
800451
137020
897361
210207
380519
196573
675811
510714
185812
18346
694
889151
790451
704160
477733
477824
215150
315464
921561
236774
5715
610805
722747
331642
897232
12186
952066
489488
26782
681733
41645
939024
496443
646204
448525
23074
340815
455283
431866
395638
847408
102886
435302
22893
89089
533721
986382
300519
425973
328746
573068
720042
84465
969807
705866
405803
644816
258802
749393
982525
536512
943206
201279
858643
100937
313156
137815
437043
382446
943527
758194
989370
809836
313472
366740
523974
658783
378006
671578
49987
960196
604701
794511
79317
309081
44466
452317
77727
415201
580977
860320
218734
228228
412660
867606
175366
710546
942888
805555
98438
551208
144461
465553
486650
107691
188554
760645
8701
173362
834858
936845
641673
300352
345271
571621
885853
368750
826033
30136
231433
388072
866411
927348
752665
526990
70595
461814
655644
30970
589884
644005
279632
529057
462650
547994
485099
250002
955353
47741
110344
192732
137001
202539
814701
531469
319434
47507
689013
383700
127777
835360
678239
829448
303284
294672
831345
853633
555560
877412
74506
108772
131988
897968
81411
363197
138945
519186
44545
619717
461825
504767
969115
694146
921768
168825
992802
358797
468652
751261
529233
676271
397589
919768
714706
834789
301600
356858
927211
837443
338486
436003
372867
939701
568324
605913
917461
452960
621750
781500
149808
479527
781013
169872
985320
721865
954619
670778
980701
971111
976431
639878
54949
539875
727073
542437
536729
451237
925123
156276
19577
511223
303489
338807
233789
185936
521439
345444
891961
248878
940270
246428
187947
293148
196907
943093
806436
792019
744500
227186
179281
367485
314920
15444
952614
721876
347994
170569
637094
731497
255600
905731
464593
106689
26014
486564
466666
482458
136443
790357
73763
340363
501437
85878
312615
652937
26198
417519
871684
350470
596650
214181
603508
693171
468203
673865
595142
584231
874259
89674
346606
519704
267581
498219
744549
544837
359329
540463
65086
656118
544106
886512
212743
157467
19638
283854
986392
170130
821545
215685
412539
731140
622638
536344
935479
744622
452748
125098
552507
298174
96672
44779
358692
136211
537405
105391
256619
781351
398236
220634
138030
148297
492033
453752
640153
577602
255661
704553
181297
258842
763578
572985
723325
905715
122454
602510
896593
261586
530910
815995
255352
749374
908758
7345
44733
539649
109955
893972
817430
396043
718438
747564
194606
350262
572501
726770
291022
662693
921143
542602
953511
13509
146971
622545
756926
380981
440181
282699
7668
257538
983223
588159
873585
575243
785352
907807
203821
609924
101476
987487
403290
233557
313232
848102
458738
593058
683768
805666
975960
784934
875879
707958
29101
529144
859041
730895
990578
887536
289824
587988
929813
39075
599530
622075
609626
363657
555787
42873
537831
39296
460148
840273
89900
575529
518448
28302
831725
599153
22655
790732
546093
399338
588753
723760
862073
700567
501472
18743
296654
568967
809450
364204
480679
557976
637706
452723
141223
853021
17266
383043
44576
409818
11783
307761
613246
880364
569305
90727
786644
523205
408702
598003
921856
721237
793418
460732
703420
464453
668076
612431
240132
158621
379816
708567
264160
125190
886765
249451
766349
6313
457298
652994
783436
682613
146930
416449
744454
217984
596448
500341
361562
487301
459721
491740
563973
952460
825829
868190
11693
102119
636761
884249
773514
140504
7789
981914
557233
170064
99429
389351
475647
988370
49022
730425
493662
69750
727686
157191
187703
43274
319320
798653
182708
254355
295155
363083
808304
59633
901815
607002
70782
985120
282939
103322
613139
668827
408845
896695
293905
779739
627207
7466
79792
984445
992074
850476
388939
736193
766746
265605
873861
893422
596950
997250
455638
363283
476370
209284
995702
3049
847571
162805
752996
283477
54310
911830
463891
700617
850589
298676
724530
767434
810471
226042
813462
954700
271627
644959
164359
335289
260737
25791
228132
744081
774189
986888
117171
336938
474745
326411
145609
1305
417357
312114
201938
182121
970862
760849
186942
854280
80880
24405
688585
135362
832665
360601
445157
229988
483092
470807
885317
439746
664975
642939
898824
354837
303601
475027
922624
900860
474811
218979
810207
893667
449658
134102
980797
59969
784358
818702
103305
899451
467931
870620
209993
386662
551537
354123
830927
559914
725946
540631
186938
871554
267799
606523
329318
855263
744567
808104
112049
340204
90734
255761
988651
341997
643245
891619
173145
693568
646692
610003
273126
587270
290417
770255
509671
362779
310851
671702
686537
485824
792144
858851
2586
247514
75503
622404
438320
640404
423570
453066
77178
834783
901476
493465
385377
712153
335227
327071
14554
423371
421370
741666
427147
399373
337670
465905
922391
929860
958051
455996
58248
166092
260138
508992
726808
521840
15081
51866
77916
186710
602519
814589
156430
801464
62834
246591
368757
344013
121015
925645
960371
246470
85629
875967
455659
415284
398255
422599
812620
641542
678884
979650
77439
493616
818077
746545
299817
875176
294746
370497
534493
562954
726489
195206
848865
312796
156396
857863
84507
984619
90742
175154
735257
970068
128514
274224
902458
451359
836607
270739
714811
185349
972572
136492
544673
214674
237884
828538
628288
339045
565910
134013
454631
861589
630444
640168
123497
686510
468198
247540
302152
511833
38411
113361
400639
807769
137691
71159
630764
736370
894539
488347
119832
518052
574749
517118
601381
889045
316892
746783
698771
413900
144817
94737
166702
972249
54309
859815
827416
856915
667828
532491
605550
468281
189386
970030
756762
971194
898589
603545
945077
22161
80806
515363
453142
588423
520957
523259
845436
687964
601168
246885
289044
971648
584703
694210
74599
595836
757272
69383
476706
80686
982634
587664
61763
754993
253448
580109
958878
253467
649564
985882
368649
198240
449060
754413
699114
232595
543438
681001
50715
164173
625452
71055
790327
537318
373012
124692
800004
117088
234775
939021
727933
940900
59804
62854
717626
717092
708760
440691
853566
58975
333036
805758
942301
726979
669530
389183
635336
885740
706597
509130
814199
376139
254917
682913
78385
469666
848324
28426
913147
881259
518392
428540
363227
38296
970717
858227
960199
389174
378702
473699
431087
457707
2656
484489
629796
197214
832476
638300
811171
721077
343062
873762
676226
886265
256110
634336
109942
357399
373155
569578
608319
165760
349455
699672
694320
726063
870467
604185
868447
34634
174207
465057
775845
136802
742798
208382
211858
665749
267388
859528
685360
252371
744757
610679
880882
629629
322556
832527
371770
477865
661060
143926
222596
39554
148143
945766
160050
819277
283296
567293
265268
524550
579903
144177
871251
23848
776776
721506
384859
568204
741136
475016
795299
265641
154582
633931
511418
238458
878594
579954
767664
955005
810557
75699
797438
146455
839980
331688
859155
380565
592266
76899
793468
330637
920224
5336
517166
676579
538340
492857
799091
64935
639148
910367
765231
730716
447693
115940
651342
786196
337876
998157
292685
299894
140512
370404
516193
114530
346971
818469
211143
94891
24019
828750
339241
423171
402041
867481
585386
246196
964596
777734
654542
243722
943779
191249
411529
205519
211502
833731
182179
660270
656455
159013
465412
912185
601539
422095
119074
922118
550607
614494
519748
622452
550352
742020
799729
815692
257371
947001
387706
468738
654094
217039
596001
921050
424649
619235
425253
474919
933516
521263
828907
214190
275119
567165
390858
251562
505208
358390
292147
118889
952220
413337
213499
507988
605013
758727
230791
14667
793436
283386
382035
582895
926212
585494
289567
234745
848179
235992
831670
813127
653309
969643
554652
31991
454430
964377
319763
617260
345620
856286
870282
774574
641687
421657
988899
682670
750006
582108
18719
566886
542799
808674
474729
210463
647595
274016
978364
384268
497204
621428
59761
997012
205971
486266
104937
612269
449962
34110
805843
15844
487851
948555
177626
315449
94291
75618
663406
973350
255239
906438
621486
28160
288137
991796
693679
777719
378135
790193
268716
580600
873312
94651
690570
877553
896996
134561
319429
57012
982119
617326
621053
571637
948753
464449
665687
121198
792293
31032
898321
171682
13212
134859
111910
29757
638045
871989
457626
383066
931164
91020
699299
143775
480332
379698
848244
218563
284994
528868
854887
81904
775080
671919
556229
770691
397466
911939
492725
107633
92896
940128
500672
77891
399753
457837
643197
831553
124640
568999
667166
656557
122382
417398
769685
489894
339595
477852
753572
675310
363138
631942
381248
351557
194113
161605
496097
953076
862746
379798
695081
906277
437273
371229
856622
267951
502497
99505
716390
325744
688677
633296
908334
96512
346419
653751
36850
749874
4733
501965
393237
462904
238413
803397
816087
984711
975858
961411
285865
790820
77438
587237
95216
322339
645875
813072
671882
811770
277467
17365
207151
268224
520244
543295
23730
162824
25287
758011
97637
550164
962905
356772
877404
458424
42619
86891
372618
175501
557308
376416
82569
515726
763775
302879
26805
162642
204391
43609
359095
664742
428590
343166
979616
807558
675349
299140
528683
339192
975862
128343
692389
823366
717621
397853
932968
660438
228885
396773
946371
82983
429351
287083
341621
792746
330204
662794
739352
365947
921596
156991
363803
282810
17456
228693
579944
787850
5113
358259
167588
823270
146243
701630
864340
422939
55252
169132
810973
108966
744287
971174
863972
898282
882165
853721
827540
195278
305307
471194
465661
233521
16374
577395
455834
13195
741603
630031
485099
210785
828131
946813
4289
655844
49331
274980
430872
71271
895802
583300
588702
6523
544796
758948
326226
343018
689772
294366
920200
58444
480958
367811
611081
172232
878682
167212
533270
98347
835788
857182
887885
103966
597336
261273
433253
23879
115722
417981
74964
313727
55404
472666
42768
550059
654738
275731
525937
201529
920079
988077
810549
286137
492874
559354
491934
247701
425002
817820
58614
780399
609518
465336
290482
61014
847770
991161
414261
912355
584524
102526
100651
848182
826413
717281
985686
387081
454339
322149
316133
13421
710562
692539
46208
737513
489858
394161
412641
434796
953004
521272
535004
835307
730767
977296
133759
139931
719279
859730
666260
657421
255677
210265
947139
906465
345857
699086
415316
503208
976819
305999
203219
387738
751402
839804
521612
411504
306540
110558
84982
340000
942884
57139
411500
474739
710257
15386
73366
861572
319195
982871
856550
299287
649376
273988
785151
945875
10413
751573
644144
282973
982632
975622
243357
510163
152490
429987
203582
759842
626698
297588
353345
973957
488724
225666
839115
644954
582873
813578
62684
729890
110880
278654
847249
705621
543354
711090
420994
359904
32563
870058
888587
322172
265253
273597
329192
526572
566950
552165
817786
863507
780897
914982
262118
159407
545730
532569
528861
275190
371403
590037
82550
590667
560516
473080
806263
690909
466319
192855
348274
499037
141401
613696
674636
60634
544813
52584
863449
930298
182178
921462
786979
57815
952949
287147
978122
407539
840177
1900
107717
341274
681994
816237
841350
126483
555018
345788
891900
775490
536547
440423
558258
808861
908259
973771
801621
297353
397061
944187
790162
629520
451043
174153
711902
68097
955273
911092
375311
331621
176998
407854
191079
878745
49244
379208
540146
288269
300214
121020
801989
391511
740281
705623
916134
180149
118867
728065
56906
133598
802864
122666
143609
502019
206956
48147
456782
77671
642019
401910
285210
241623
279267
249107
626089
876616
27459
91289
575452
183245
120973
262061
511093
924786
653398
874713
459442
867192
933871
597972
37776
125420
314804
156266
209584
277222
2754
419592
261143
757339
145797
605030
664336
628960
123438
978577
811180
571580
998852
609364
790698
997544
774290
829186
257777
105445
988414
413603
131577
814330
415994
375353
175178
380489
327955
269741
466013
323853
382503
643099
201502
227187
817588
9527
361939
348561
290123
590170
990294
655559
113443
734317
730750
440625
631625
659312
203612
587334
519349
164904
19233
870864
460025
532003
446429
53640
836946
759913
521442
634061
311713
297153
966791
594369
121075
713757
197193
691072
745212
428259
139659
334654
560355
570904
477822
577212
759735
658219
923995
556071
126271
502812
926797
930509
671214
504519
740717
113788
395317
691601
218405
7481
89523
265838
983669
226970
582984
692044
695188
250497
218311
256031
345582
850485
487177
35146
359628
730078
99679
979879
988946
42205
923359
627251
69153
57350
384863
239769
815453
895099
626560
393753
479944
719206
386594
611285
953677
218322
730549
744504
812249
518439
44207
775491
323876
787520
636250
418357
853390
868458
864453
252951
506532
681276
572058
444769
36033
503630
379600
317644
101649
821399
355703
137845
124785
805927
764976
429611
642162
685501
601343
68053
967229
855558
405433
726467
881232
940915
759831
520719
296679
452853
518445
243439
76405
113560
841268
523291
874769
132281
150083
203605
485678
562021
227165
616474
523779
646672
872739
334051
209865
545711
272938
543256
284131
804082
234087
920914
936471
388578
137735
521355
826810
798162
204444
950053
804075
445189
607345
535507
960949
280348
291646
791080
940056
779130
106679
251386
643233
900086
571519
85106
149110
257660
383162
838580
304238
548609
514751
437989
712669
672800
455596
385245
643437
893206
490837
750187
307047
414358
297364
874239
503825
157962
640580
8248
130610
339176
838665
523723
511281
285356
706118
298828
344412
40823
801010
1564
425924
848772
83141
819824
776581
669763
752908
6649
950627
287636
148124
494965
101839
389985
157731
789138
806922
910232
297433
616570
872673
83140
820374
846272
71126
268743
937854
171301
770399
26998
608279
416454
748551
120209
407611
715494
248947
503197
731689
373012
222143
820768
311029
556793
113671
238969
31456
80896
614338
410905
20418
590050
629064
93602
996900
523341
359220
110106
89130
928432
699684
857035
362669
863206
95005
20091
546279
721916
91020
760388
134919
367264
695271
64975
153573
858665
17970
574961
444432
833149
924830
817058
567234
366115
308044
520597
574837
991014
168431
782329
551758
808290
195214
824332
671608
779438
634537
82839
276300
607526
267635
203274
485612
884947
736894
996532
335279
888697
253621
679518
134966
349054
80898
12165
759837
513714
521296
355251
222222
792191
3434
185337
853679
154286
400002
816331
982139
270931
4367
893112
45934
183831
666381
781892
928346
229984
241896
897380
640215
245471
253555
451925
23128
962037
554578
653593
144792
240323
821753
311247
921714
930125
37451
814766
642256
557257
372964
900893
230588
710602
515250
407090
713234
174212
442366
77510
366038
603259
67337
549746
772706
488717
961553
580456
459832
600280
459187
977647
245750
446985
721578
203132
891815
276866
295797
241578
309621
271911
591319
743383
675581
184134
986616
647514
845883
534368
857449
178916
215524
189976
498949
79922
796819
651639
82738
546092
628315
290778
208711
561886
960571
7801
304456
301648
161327
491028
455244
529987
681763
453244
868288
505099
590850
458683
149316
128772
101997
548001
806707
373938
556488
437932
171648
709369
863342
123987
973115
43893
512772
253615
419507
139319
132331
244614
134390
702237
113743
375990
739380
400909
251549
281787
748034
252302
206801
314589
63482
237506
943149
112505
806655
339524
768389
418217
604126
475098
31479
582291
393616
589655
568441
132043
25052
657296
617803
946278
78937
383160
717579
812828
527889
333723
442791
941529
505218
781171
897388
334752
685758
696106
977406
930716
507186
630701
593441
795077
572995
988202
378035
774507
386836
158694
638716
714658
502180
453692
627934
615819
690581
498805
373799
199098
61831
60737
32709
421257
785315
371600
746585
220536
451636
112528
281764
441727
796079
668099
752990
623475
231827
194364
103205
417232
952875
428149
279378
793385
957553
161424
82152
7465
273613
977065
703910
880581
764730
869140
474620
201280
882249
604088
262042
983578
490816
933127
642019
977878
943578
475289
408192
847015
553394
590756
87377
463670
945978
116826
591487
997203
711141
697567
652909
15477
672677
933670
667725
507119
274126
262951
928079
698162
525978
7358
501043
500601
374022
710755
935552
340693
241433
496450
723149
16021
353284
928567
346428
386065
155813
895848
846919
310739
321702
627966
340402
81763
165058
227072
490976
61294
507176
112334
836418
274706
372792
736376
827306
238473
976490
161401
784381
988527
296462
647507
305031
509745
349293
404616
970729
476052
674959
815090
557165
19551
560214
969280
802938
988007
9224
477453
922595
745781
985770
450334
401049
779029
38279
277304
596417
146046
356560
888924
514657
741273
720477
865825
615859
11440
736785
920364
962652
61364
32796
496653
981942
405674
276251
817465
733833
454004
842394
644512
498073
445432
712057
338731
381145
746991
833004
921236
53885
232588
267292
258081
321005
515014
991083
24190
875733
971204
185365
666486
459673
675045
419377
164238
466598
837161
408535
126270
314084
349439
407324
69388
321800
178859
689017
995783
691973
426378
879326
416546
443815
232242
608603
606503
573739
774235
696191
454065
354403
998683
905658
568549
755482
806514
537671
252033
26126
626800
181346
907790
646459
324340
624423
51698
542978
154958
313224
779554
551862
344070
748459
493620
479236
188854
199326
756434
392764
384978
933048
170506
926912
630152
80909
388867
331656
675202
465229
146123
295247
797705
642617
284299
822173
257987
777987
984604
212466
332253
216898
375730
25164
393603
69263
745846
652373
212364
624191
924146
908397
160884
310077
83878
146063
361793
991362
713079
141090
607558
35572
700359
45470
500293
929432
468640
747225
932719
832566
16905
399470
471752
482056
447803
327944
243622
71134
949677
143248
258264
827473
832460
510129
522724
435553
321607
333700
888040
908014
464966
183965
936033
427472
535418
519601
979978
173971
314895
409826
641308
463442
65663
786473
346036
228782
175744
807199
192979
738540
364957
130216
148799
558185
5411
935421
431494
376378
200946
742356
448226
273252
716467
422509
289848
624692
949928
996027
955835
353917
60702
60462
151342
979692
717824
66585
587398
35593
411398
162373
479021
31628
409546
961233
898147
70874
80955
161732
81727
898971
521514
968945
478484
242296
24706
171270
264110
868662
547349
212913
513596
673258
88337
290158
6343
565656
725457
924273
991008
635052
296079
983149
128537
748244
451896
237184
830697
167480
619416
495483
409395
176023
731381
425105
779616
422847
347383
279835
404392
172521
47940
124421
884656
573294
797738
529433
774030
917674
408950
460006
48360
260268
425569
74508
27770
769174
463402
287463
136118
1944
280319
43798
352453
439299
421077
377063
688044
842189
212951
39136
830346
925792
413178
985516
114557
344606
169775
931745
270949
573878
873522
833322
93056
606108
977280
637910
84148
232232
435877
688444
570348
225869
723891
801416
991385
320308
149007
656615
795418
177908
985509
716683
207479
978672
279163
285147
362758
147214
696163
710331
505328
671952
35594
88179
127822
859536
581038
952318
443565
253084
527981
625137
175152
347884
717432
283910
926037
365948
267750
621509
56848
216074
482597
429838
808915
980462
447755
426245
412015
370065
843019
794138
374292
687371
978819
327540
198452
926429
53937
100665
315718
91271
107590
779388
659943
81224
97171
612548
434330
209328
663520
976245
160368
573027
40540
713438
474371
132204
752110
770462
841756
45883
750249
518899
366708
828541
283487
102944
481688
629398
297036
908731
985829
634046
457715
577616
736755
257845
869575
792629
965391
301092
594623
554860
572448
611922
547148
261934
142762
709823
652903
560538
541873
121697
268355
637306
634869
314296
522082
571566
18140
749264
285060
929463
819950
103379
280250
448738
699258
247112
553688
829006
898197
975788
246856
447772
975554
655595
340219
914931
732973
936059
19643
494829
210642
72150
590813
815266
522747
275602
728210
351887
995622
939422
505372
476194
5701
917275
59485
539748
889502
39124
957258
518723
634643
882524
649535
410747
865404
426883
138797
980769
180016
688308
577262
793932
742115
179182
445881
479968
979433
605021
64369
761336
808345
902100
137112
348463
253900
774250
125344
761612
892357
734510
866850
793415
441771
848775
46824
879548
409457
621741
807524
58219
786646
555262
923332
501226
212104
990974
433053
23208
461860
881326
561220
170782
117464
666439
999740
574036
268330
506579
478281
423628
232145
215209
367971
509903
563009
657539
276870
619539
694020
938749
670118
294342
181316
729453
275968
595642
655525
832793
115148
167213
108239
758233
957583
675571
138441
415882
921612
876226
143681
25900
26458
714458
117096
836185
111889
274191
307514
708579
155294
948276
585435
626952
623222
754918
689693
150484
341416
436466
860574
242388
411658
875044
564302
428274
30165
112365
544207
482802
845261
542960
80693
135688
904728
640809
882221
552851
499889
426234
114169
11258
670260
240212
914457
941026
283033
583870
730758
164041
912318
85765
634135
777410
558428
70657
949447
132557
154844
581823
497038
990546
770946
602896
996779
854330
754951
943597
865539
298346
494085
927301
240867
675933
829068
291813
954594
696541
95826
307971
626466
817118
938502
315688
502261
845495
270469
321783
541083
582142
874022
62365
779882
499198
469616
919639
388423
186840
186219
471771
433680
763827
862036
375396
526556
802337
381738
615965
158234
732560
252325
446889
985046
54569
975622
107853
332826
357320
274889
946939
49841
974361
662840
980732
736262
913227
34137
560312
768940
825396
32904
853733
120695
297793
884383
988682
516935
88536
999889
727599
539556
408908
147734
752163
497861
878908
106304
255849
975019
336905
923053
568897
227434
84273
537941
226446
48008
327437
330755
114921
161790
363939
407073
371713
720028
822889
659820
200620
440904
582167
914374
966159
27814
527143
743722
333286
793556
633452
141050
41585
239244
67468
878516
347004
869165
722140
610371
319305
1427
200214
543538
675611
267362
441593
483323
519265
104162
355390
807678
157694
903492
152242
171725
669041
434691
384309
894308
798246
124006
732365
873398
465688
24674
449255
465954
597473
796252
913196
899268
922655
591307
948732
749864
446597
201660
269322
659738
147259
481071
509460
735129
992371
364127
972413
538665
267402
679455
152264
24648
313878
754720
742963
614840
551762
107343
23726
612219
732771
814555
894390
991581
26054
949844
256979
170667
432217
326703
347050
869505
38275
861990
604096
883777
351488
11260
241164
770720
151180
857118
840758
355482
229739
121637
784114
718598
204691
657656
242420
964740
138039
326095
317071
609746
891954
358674
518318
353598
141196
300000
818733
334070
905963
933291
820245
377339
667160
840576
560626
496180
620013
564388
716883
964127
40025
594266
146078
932194
175504
581954
238669
85696
79185
793051
782985
894567
384341
873257
794657
965541
81617
503154
534247
368827
273768
721442
411559
426698
395697
64142
872453
784298
407136
421461
275570
358426
39827
234147
488075
222545
63931
782799
72910
209075
835429
691044
618937
210527
832484
595773
8257
616165
624925
336714
494507
244821
974831
113007
899915
423474
253757
239499
634071
590470
452697
400661
601063
919951
672270
930723
610124
462551
878474
955909
800970
851489
379878
635022
501107
568191
342036
658482
199201
872577
627940
443211
225423
553928
884083
651382
422677
725560
586032
409562
617406
754828
184652
383625
279431
892867
119038
597950
704503
557496
699568
305798
499605
724239
415369
903228
605451
150795
837463
724781
786581
108797
136473
632922
633190
113687
722471
737627
613783
392799
181119
184480
784460
263359
49069
623443
316518
111225
163542
362777
443102
400247
351201
634552
376644
531840
892929
741330
451157
876167
708451
200720
222386
128094
134385
319578
337475
891976
805953
42626
924007
902059
120798
30528
432534
291364
548017
206424
25174
370037
166667
716248
348182
397081
790097
578237
478635
268024
754692
293558
41252
160950
383851
127744
452876
201894
890592
273264
420539
954973
637685
356047
736665
361505
306433
984607
350897
345919
10506
65980
303469
149243
413264
591070
966324
142434
790772
503867
712029
652924
388355
281289
663566
138398
91364
106017
674549
783451
515033
588927
170594
500379
92149
195686
177216
802371
822555
928608
763439
772436
452782
28835
176511
203472
22170
16272
521994
246038
544382
717525
461870
682191
175285
628785
217765
529409
897600
415319
675587
670785
949073
299116
790156
815813
893430
820907
365488
806423
493921
452904
799141
327526
589904
282546
500318
700919
776029
698321
694445
407097
4388
718574
876850
899061
717452
647058
941119
745124
933876
330055
759306
295322
197564
522459
33229
355169
620013
908354
427198
792673
377862
730651
683110
566906
871268
6155
347553
744372
416525
597574
455985
993678
15193
797740
431742
582131
288829
935951
856558
250314
484149
919251
318493
74284
544397
223663
807481
838257
199949
795280
235517
221539
901055
497564
971784
463124
347294
807699
365977
310540
473885
980242
33578
934554
383825
779378
476326
786891
769403
877069
488647
870905
709622
171488
508112
823355
526073
221836
770660
337594
670922
770679
559106
811107
382528
911695
672222
93048
494643
972015
589852
669633
529090
982042
382763
567201
152832
911395
225212
368387
548923
393967
850910
460403
784555
604819
503480
134985
790644
999639
310242
388480
143256
483100
456544
736228
750140
714905
143931
267754
258133
868225
773118
223258
912239
98305
817610
380007
783514
95589
152407
694111
749745
335898
282823
797885
603336
136206
471272
13212
231025
22388
582727
700678
897003
396259
946411
872427
708712
176222
48309
166765
149306
651183
659154
724440
480793
185772
669338
194287
540371
651163
277704
338017
870353
30706
910998
426651
931457
919607
995189
859639
167205
243526
936166
795282
747384
295921
54584
473594
421752
271489
47902
332934
627093
835163
772332
530433
252212
521662
650030
175102
785888
385961
21349
693711
460558
461273
25439
306192
95051
123440
828914
166878
606596
636401
810581
308582
609713
8104
653530
927192
324704
808423
520588
835193
855258
448938
760609
721304
149171
145500
16092
314584
123699
848051
270658
372524
955740
225590
79990
274018
179736
964127
5619
177622
69633
945115
603366
639367
103756
939629
482598
394182
902739
173491
154385
112074
421821
161217
129092
702241
533772
970794
247478
744065
772226
335965
531249
422653
288049
87659
673263
353491
284382
679014
823821
702113
657041
879909
528942
877688
70140
477157
672879
108233
501957
958794
811906
81212
820786
922051
41001
155296
436080
565003
330449
616829
721280
893067
519177
176580
42175
697564
55645
35048
604304
500651
287891
352198
35176
564342
796225
429887
126197
241266
871305
977894
719596
406991
988019
962325
444910
156371
476901
540250
22614
699363
556097
107087
897121
322209
543323
625223
257275
484142
133142
658148
281954
341520
679642
515526
630329
525103
525619
539550
3051
584570
869321
848032
794938
638119
504440
268055
857123
924439
141196
428562
791856
116055
85914
143100
979674
151811
943165
453066
67800
782213
546348
832013
988936
963771
264437
746343
420985
351863
271256
504730
954835
526623
314434
711420
579235
47285
699429
639111
442183
118065
530672
870092
493363
581579
771504
772872
64669
909653
931267
730831
245195
517956
180852
120613
275511
571983
710136
798316
324571
285295
766404
725687
563615
867463
442697
867004
989981
262238
919821
683752
82253
689159
332071
625613
224850
543010
552023
649527
141472
60667
262208
203740
676616
161551
850882
602929
200481
178351
895288
623001
51349
704062
19403
481592
518341
254293
894065
610086
560538
75589
24518
726976
500137
364988
465349
301272
867330
652224
778723
214668
513942
187033
502472
720948
260866
787020
767211
181109
146812
5377
44616
592115
363480
441862
469249
21411
240440
41260
97743
999998
925070
969615
157603
694865
142799
363060
939613
94129
116471
23818
378855
936012
324402
832275
577712
227867
643246
850268
341825
927412
950331
111912
900925
587324
539611
356267
360889
932794
97900
4274
158645
930758
529647
681120
114679
745120
379700
141778
452867
210717
335652
33956
848569
406523
53355
554957
306507
932374
498432
623397
195096
499188
279570
56712
479018
346555
826384
21970
892745
308802
949653
685385
797498
475460
631471
809819
266263
32753
626954
216124
157260
962078
5246
630897
536107
883357
351218
711787
375021
164712
70507
249099
917958
690743
812341
367108
19556
128753
677228
897823
67587
94527
213031
951959
439215
402811
73346
466788
336024
352775
237255
361941
233547
629947
608057
121046
368467
590198
2428
384914
265451
666005
777380
516721
232798
53250
499928
398018
426813
765988
298210
749109
217533
362356
228823
923775
191402
516463
862622
417376
572556
787239
995486
983361
212821
911285
45576
917622
704835
139273
966846
38628
945496
701282
72350
323836
713140
553433
307888
159589
971788
386839
111976
158072
199689
767142
345623
147621
69247
748261
107125
911347
325064
778326
667523
803428
460285
617617
843232
797558
313360
618651
37162
934726
256905
699218
370063
277712
549211
12863
560815
371665
28258
76174
594159
446285
462140
282841
105565
237932
45121
845344
559355
876672
12576
787541
801898
332322
471703
469076
599029
88314
409294
380976
893750
662812
483281
487465
262313
916879
257833
840761
149259
101354
394325
337037
348014
561368
584362
766225
665692
150458
442692
105508
615781
316907
980712
217451
101000
77023
913656
790401
188474
911972
202001
850316
488085
363851
35205
734571
732832
719776
19952
678219
824247
143764
326777
194585
165975
695676
720679
253010
484232
52786
24925
993846
571559
137625
784692
984923
881615
430463
345651
556381
49380
359259
150509
161267
692795
297589
863672
438429
178281
700773
962501
335929
517479
371379
611873
880117
780383
803934
714375
81055
529942
115320
8351
356697
68725
594670
294487
487720
235829
47398
718749
470059
902822
655425
276982
332520
894749
390656
23550
104962
9976
146114
453436
94279
618319
408363
250849
608102
633849
16353
787805
262333
370808
193456
803935
98641
446978
720525
357031
510039
281261
219896
105097
455791
972214
837818
894400
76464
142189
193934
998060
973342
480065
682524
504617
362360
694692
273504
312654
286126
887834
336234
648447
616560
818532
168574
553391
293282
771587
888859
117046
201260
595307
157785
753035
54253
154886
876267
751902
404879
12897
918724
9749
964149
572087
740439
606112
633937
465112
831734
885051
415955
320054
298460
138240
186300
870604
761990
588326
469649
829291
808123
476698
830122
706019
595757
627832
748650
724490
272440
365414
223497
356524
718663
256013
92300
181391
997078
635637
351382
436641
214289
578492
476568
525504
847068
135347
544549
273574
654892
939542
168864
121456
653330
730213
226582
734281
494744
572323
774632
404151
683780
314986
689953
725250
148538
131113
766438
810876
763197
715772
1163
343026
465686
742822
949250
588077
206413
260846
671214
769445
852308
514451
643734
988739
175940
853676
64501
223442
102654
855073
377774
519489
510067
276480
658716
874839
319808
692861
356871
72948
120753
244425
182708
412287
388263
236749
759252
924977
520468
157955
303836
610429
934818
161137
57524
216667
468275
838979
570377
538480
821956
174917
907581
6044
471851
470906
373054
725087
331135
344731
715380
772200
749526
742255
457876
689212
417321
844739
973970
634432
387604
27143
955315
724131
652410
433221
629440
92842
91590
879167
334550
936281
756748
831011
424475
111035
569741
397165
662219
70543
781145
148185
127088
179855
373839
906052
10288
383517
628416
730335
852288
630669
228914
897294
275063
565321
791616
306787
279293
272101
440415
434417
515746
689088
66683
603984
757771
236947
780863
884333
483782
136153
621620
285003
468927
372571
447297
577178
150668
756567
520529
700402
150435
85964
68370
636396
593515
134501
901145
16349
800623
831679
986914
182128
435503
944473
516725
449759
429457
126615
874533
41806
389429
464947
511155
764292
898278
442881
908559
785158
279211
353885
767870
244178
844414
823475
81111
534773
391828
264810
388903
908298
983963
617966
761524
462095
827586
703896
964575
420837
94385
706492
612258
979940
434010
36176
156409
279512
813607
675892
724190
706333
530451
488802
296620
128530
978133
984436
586277
242301
438582
559372
281295
315259
850308
12195
131833
474978
346463
792498
880411
204021
846256
624246
34267
912195
393594
879012
23020
761116
796232
466793
986193
344817
391494
973788
748544
186247
542572
31683
807969
376280
720853
498879
66485
611462
220270
275157
334100
524924
181705
660057
837007
630883
458257
124409
64948
27774
492184
785891
583151
46499
725965
884500
796621
997719
970057
102910
883996
13380
964296
191061
662511
770713
656757
814071
101822
609151
909789
925302
950185
466419
644038
140483
548509
673860
169369
520248
851983
778475
502842
37761
932710
310978
41400
943400
706869
508067
948448
431037
306406
153950
592300
647390
117618
527062
684121
897641
39820
783160
875990
146811
39005
293401
562968
9763
977706
415084
758154
3688
293587
452380
161250
294387
428853
67020
657743
423131
394990
687529
442062
189707
158848
899368
310556
112914
741391
190049
967110
193607
432772
222088
342428
714711
49876
383556
852292
953389
344795
49901
645866
18748
848482
96359
666261
947500
762559
22613
349397
43614
512156
174012
125593
146910
174800
222390
599837
830180
823209
208592
478976
429895
355915
956672
456243
15359
652017
335814
919886
946709
688274
765021
868797
103849
468576
725406
845719
122655
920682
860722
437263
573672
701730
942706
812803
554472
504760
391197
372402
816585
37284
554485
366283
312028
562051
596534
473760
2215
280537
593844
565497
979343
39925
363920
628997
715875
494258
946198
507371
692994
164825
492342
522559
778539
205732
88478
722257
441247
158686
554480
59743
961589
874342
593509
74794
772602
850962
147902
798118
828738
435055
950178
337290
127120
439335
988889
518024
424989
992508
867491
455063
974409
965104
165238
812779
915419
774727
6995
843782
608374
158884
104772
87656
561819
1488
597940
691426
518357
355802
368618
741577
900229
923736
32548
958149
647946
111563
753868
998921
287436
541281
875673
977437
203686
401683
628037
624983
2542
165103
134630
761960
421282
596144
463724
153426
643440
357513
60534
244087
616673
462529
107921
74445
504676
180087
154510
498158
712627
582471
539326
44876
425572
652933
148108
361666
541454
874022
535544
997573
119894
292607
152492
227513
885525
174309
776444
726816
140647
758131
68159
505005
477779
457001
765252
200567
477010
623281
952051
780361
323134
826366
468994
872598
400345
480397
646096
618058
145526
925069
942113
897659
516167
620443
880055
251134
388549
559974
831561
967638
410486
203954
124067
915464
327326
379960
315609
733898
958724
91242
195177
16345
284063
867667
810284
93994
209246
162397
812921
778744
285393
20333
683415
602300
198327
654568
469404
814395
241636
638873
988454
932537
636495
731115
898997
948619
9270
420368
806756
767050
60078
251844
123842
609700
394250
94764
360337
700940
76711
549528
235163
956305
527123
598504
100971
609932
425496
157194
223663
70388
51304
159137
362920
551180
52326
899201
463627
11963
926287
516631
4728
828348
715779
119590
475220
705644
207924
798956
804805
148224
810
503971
492745
911065
541168
756835
334963
856496
554654
983844
43076
874028
145604
281250
987298
375315
537840
854553
449847
435036
212381
718192
27561
145314
894200
583090
296945
490293
368847
974647
144027
720523
896153
63713
423193
58196
882460
371586
927107
265515
405119
154971
651887
56808
575148
998527
745385
809810
518817
547223
209743
415026
10324
49342
512844
662083
581825
554380
673711
137989
775633
959088
510183
415792
140264
729463
770845
623750
458827
9833
926382
766401
425773
518418
100035
678380
489173
947934
183695
469390
755501
490590
419749
629376
595753
2599
420660
265120
121233
965529
756192
540958
156525
751613
600893
308916
618061
99720
537706
632946
455346
988925
304840
130359
832028
646446
78358
506236
151729
640482
228331
435594
532871
740050
100750
610060
507982
566990
370357
311935
579037
99645
899545
170693
377239
623361
922034
653785
267898
112185
751956
334813
430660
743648
556134
660048
709057
356306
377787
890459
816566
16559
229134
253898
994468
832600
214175
981080
43833
885911
416484
851747
794392
187419
973422
303422
870851
53664
196058
727269
93027
600621
650671
910027
836533
759287
858843
794960
855824
949027
390981
546446
758486
937193
942158
445523
172279
429140
543210
941289
823581
868134
522068
632784
875704
756312
199795
279181
284390
309758
161287
280795
60157
588873
953167
360384
291129
361446
4283
537851
209853
588101
496329
954713
745159
582004
741311
465063
480309
81193
731780
963266
654510
559198
536474
317898
148975
408791
358523
608629
985842
869503
438608
701120
143292
285872
744776
419840
275524
6354
52635
378646
143611
298267
615196
930304
436476
168628
801012
885389
838802
20476
92288
933737
917536
400549
674377
3158
365041
640636
873564
760635
598557
134599
723718
909526
672916
268743
33006
712590
969482
493341
8271
392228
145407
751369
651536
227527
485994
611533
155201
28358
556481
621936
473012
313824
898600
732702
630134
428407
227635
317229
266921
666787
781594
823290
243007
872099
797752
530418
652501
579887
92224
194157
772457
866409
339197
672308
621114
699825
890051
600419
47483
691992
32759
955050
639539
388012
94072
702509
193268
490801
533161
575435
656757
906673
423005
653564
371471
848427
251869
584532
38608
539431
431512
106340
860544
267305
134184
286784
114030
625796
588029
938138
157621
970629
283368
459533
486928
500240
781062
479862
884887
933961
441991
285373
910678
159145
758938
869361
96008
218672
816119
500241
349749
831737
279624
537896
585829
571369
517109
199824
995904
106689
892042
461718
315395
40724
514887
160254
765921
862354
856069
231325
258740
921858
132544
166693
941278
883406
840261
926462
91713
245304
568569
477966
843926
762603
73987
517915
589678
902124
23383
701640
827907
15599
553312
608444
378234
137734
712010
104672
803384
284276
225961
501318
125086
624800
554185
268519
689570
651621
892307
955973
159883
667910
731160
805999
702153
1727
42813
903907
518190
180726
834563
857101
656269
83537
723378
179502
628910
498657
920866
790424
638699
574651
532710
448341
471914
337320
308181
202024
668918
227698
989430
100075
311740
363487
854407
423447
556960
775546
957290
731426
267130
15820
587373
735107
553329
53546
486581
134225
467825
881192
643206
782729
638028
895915
463152
227118
210859
91804
365849
220299
778606
363001
269860
429140
148456
290757
147388
896747
533232
16224
339711
678654
635045
541809
825417
905229
331842
455359
352795
98249
527258
146655
181352
903704
40880
109960
294396
454710
300341
222274
594633
952757
677918
403645
785488
796517
501346
49022
145768
355342
863309
241332
425326
289626
381124
110889
97034
394384
690710
899028
870489
65787
80186
968587
806588
62441
17259
790805
671421
240783
595293
522014
990553
215754
266330
869444
55470
856448
721214
721038
943362
939045
628875
618620
547437
410521
625834
384441
728549
8879
468543
603565
36516
554185
871079
474287
296568
591583
108049
580696
522214
301854
459638
253234
267644
248813
469494
73360
156658
372490
260560
199607
310780
302675
593470
630650
596335
319201
434283
663715
760013
730959
812306
797389
957039
599768
241268
561103
296142
322782
274102
729555
172397
672391
334292
332356
800935
641538
484166
614501
452433
270824
552110
510783
893963
468861
30970
408179
195816
969685
29788
365165
72695
866259
486499
968249
305198
238669
741686
211055
79922
266763
615981
592330
662790
885422
486156
301911
599373
137070
296221
460681
570941
49468
565737
973609
299810
705414
291858
728810
724620
93401
608400
55195
64599
200352
97414
984949
899093
796234
7488
414804
523802
672522
414988
146179
266467
913528
549106
576176
926627
126229
337489
839102
341868
768875
47255
872825
163574
979795
267356
684389
571792
349968
45276
113199
230304
37017
425231
421381
272728
563317
989223
544897
641720
567230
877541
112704
241465
513927
958553
375314
886429
149018
670388
749322
531665
12890
664523
517172
266875
274631
624043
464614
916838
851104
38483
52143
510855
212899
671186
13997
236460
928304
642110
501883
331392
60812
906510
485574
652157
235840
628949
416897
524974
374241
991259
349743
537312
431083
671898
261597
55717
414919
452690
776690
63940
152300
628297
951070
776896
928481
910691
59952
430403
314273
390105
629828
423655
484055
837529
244953
8034
995464
394042
426753
545035
700944
645147
835569
878541
702404
63767
947768
143719
468855
622182
61069
300957
650328
735699
996097
81855
653560
814357
46803
900051
55530
15373
535522
751457
3971
685915
411901
585628
731457
886301
760022
439016
870664
361158
255702
197644
145607
279126
824842
829814
464122
194811
147002
476005
128392
10948
682394
303095
750924
607678
804634
697551
210097
387949
578968
908002
425526
260457
322293
789855
562641
48274
488709
848184
652464
97393
886496
959634
169242
166316
306774
503045
743220
350438
253247
451664
412768
734065
542895
331100
756288
462128
307977
439787
49944
522702
332971
442781
19665
304149
306119
976479
189722
599468
435921
726384
522409
573744
446356
241745
401120
825837
308000
709001
732362
502841
977630
276754
856964
992685
636100
999460
343736
412353
934755
892123
814213
574595
746717
877575
603131
985460
422773
215888
635714
684223
291071
246276
932186
332502
350838
706943
690044
33451
833900
874422
185888
924937
115420
301152
970072
42636
76955
79233
882010
253827
571245
156116
911259
677600
114932
545876
997398
129114
765252
387175
812139
893344
155409
124519
588517
199417
488458
117711
787028
959612
215039
406015
909657
468073
982908
557228
160064
749667
646970
144935
323463
613771
461483
621256
383677
623802
947252
899447
870214
437658
238583
442454
972987
81186
619469
976910
354414
43628
291731
99253
800651
698100
79836
865689
25369
404655
504388
888108
915616
246598
192676
726924
585765
289965
517153
716909
18385
386148
545055
474789
407216
714186
390803
321619
830933
491097
368951
805037
546778
3458
8790
410277
462724
894758
938311
454584
615750
332142
320694
22419
390300
867847
874397
597026
717208
926333
404627
944630
7098
579507
478523
875793
366135
75837
783581
102737
757532
61850
191697
963831
953932
658257
172119
463188
168101
767206
20612
704335
8769
134969
726551
395861
941657
103164
883242
242461
169219
858319
928964
30807
800924
249018
320203
514416
444736
906822
899031
900996
482166
336760
62177
580769
765865
920811
300570
351860
79505
741001
726616
379027
828273
524198
596779
272102
170745
894137
459342
956659
819787
327735
423993
523204
646170
498638
147987
236726
64047
194683
553477
258017
456710
775816
725162
750303
126293
72037
863906
161531
882604
444066
395718
649784
232695
765895
624950
741307
367521
400849
763853
183765
522323
449161
726774
991473
183450
28737
984472
805079
981671
762670
331053
24986
300719
703197
258800
918308
179187
967188
349813
204508
377178
768518
40530
865585
501946
372785
1851
985286
940341
693080
215724
800186
536256
865944
805311
89811
146239
481194
973021
683910
222284
597940
40593
154405
167063
886732
587832
688933
671719
286218
207893
152459
136767
388872
47937
760243
681563
402873
537215
871229
218585
878947
67758
944148
901301
804922
421591
223580
417069
275290
261286
747064
452675
494113
323190
822133
933345
974759
623365
337814
149782
86492
798023
29116
815103
831292
745942
157490
189505
917553
639494
942867
370226
125381
996503
553368
111703
755329
382468
757954
437896
603943
948472
256032
641264
207881
54112
301438
732017
212101
189275
100522
644516
334238
346510
1444
193982
966519
35989
79521
349390
948590
673492
543996
78050
181458
964139
32506
995785
128195
473032
568888
429044
986149
576534
243379
580406
642560
542547
905716
208171
980727
738687
298198
918708
771043
226736
776501
74144
472076
760258
419061
500838
493764
339564
502956
265423
728159
545135
46957
117488
409106
297959
299634
256661
143271
619716
232485
340346
898522
493010
134155
279538
135892
758964
689358
236907
177345
443823
600549
325833
398032
199842
563938
36270
348422
816212
400407
842331
230975
975846
609958
514032
873219
968871
475940
847119
588161
648838
780713
487839
801515
764578
664055
558764
617901
417726
240645
244460
585419
796624
863847
815069
87574
438712
970715
400329
155018
858830
365362
206635
651655
734292
648856
955564
309994
601546
195971
766278
316104
461217
940660
654666
395974
924487
768109
696124
924760
544545
443888
337564
856660
792791
922159
38656
717490
564232
658133
662940
837603
858079
3567
380068
760906
457341
930105
991880
244763
175510
326081
509214
692239
336280
479418
132446
981633
17797
774560
966278
860456
755554
731970
560478
142962
306567
458545
955030
709817
511447
362179
924171
483236
272650
272388
62952
564957
610086
463419
102889
751786
785229
656852
340347
760938
773167
499567
72064
918895
680479
854212
324526
13298
364675
342896
608215
745079
309798
545505
785475
697982
129448
414747
907193
863075
374485
651556
29341
12947
237906
199250
54387
698731
573811
114031
844034
915182
386730
432646
258451
591971
984923
268557
92632
673417
601291
831726
356394
371448
607286
796468
233195
527638
793407
832974
284939
916722
531906
31491
571685
334528
372614
819891
873929
549938
189134
929734
25557
438831
769166
819891
104444
206194
628859
690031
179561
963970
516411
514352
398460
343049
867388
668572
934386
583060
500320
197587
227556
39782
837910
642774
933094
43833
455876
242130
64720
731922
536928
901261
638937
408895
542750
981804
572830
612272
791300
238110
964483
764336
31769
461033
626416
616958
402235
854799
647293
344460
732432
160156
265320
203859
112853
990607
43843
671761
162002
213539
439595
459553
245614
544760
581490
954357
763743
573091
415582
997425
430009
751055
34827
10535
69864
134350
466091
272299
563321
860096
189614
689107
451538
255710
725181
396109
899458
928548
376287
582877
878259
103961
94911
91761
657020
820156
64261
874978
131859
830220
341280
734281
696928
642676
880933
205884
983532
929746
992401
298532
435768
215907
793770
390652
893674
893324
97220
440296
250467
802631
620384
618736
846188
954152
233455
595095
561550
398091
169332
165724
518208
449629
401607
351372
246075
576515
733173
857922
99178
844138
731845
427901
246077
780588
399830
460380
331165
103004
942052
71992
508602
538542
863145
211358
960447
490694
832928
856936
263015
334619
797476
352118
815145
995016
404151
857614
208463
790447
322975
27470
853861
628874
377707
721162
970444
612816
627924
523142
347630
944191
662718
427985
944588
60812
784926
421244
548786
463461
359669
721014
551436
287903
649850
763909
588243
418945
60629
737443
608544
75180
15240
385715
169953
488997
225192
132062
107497
225217
106569
264143
367777
252332
948345
789831
805724
975189
647074
380125
456713
80186
295251
839894
907393
822539
789336
37916
984768
244350
30597
489247
898609
952239
635730
481541
103522
848625
421152
439567
266071
83957
964122
230537
347322
498005
500535
290669
320624
1278
394523
207318
80582
632760
159261
315164
712458
641428
464867
657296
542391
729521
831402
677845
385672
120298
735266
738905
279341
662623
515510
60719
917403
103007
676137
736587
750398
918703
915164
778073
500042
929977
582444
330810
221743
253332
959416
991067
109419
258092
515392
752692
254393
823822
127273
399451
325351
519251
647005
926082
501509
663590
310927
845715
864249
580595
43164
672678
974512
893997
363277
672861
475631
716732
385145
183837
340039
829442
392583
150313
417639
858185
840593
259932
469707
910667
786533
162563
973651
113564
333349
773205
183406
769592
497806
139152
874421
254245
138901
352496
259220
44292
976429
49358
85731
968762
429030
920660
595667
630709
283823
477785
649155
986973
163836
503133
49458
53785
899715
344866
691279
358779
640416
447205
436909
492617
587544
307128
194770
92329
774330
394877
525999
409448
998433
129857
580841
182567
609687
24178
453909
578210
63764
164798
96259
844254
247396
617994
972785
965359
82150
935244
489505
354595
276720
887622
46341
827919
82064
726752
98774
106100
964909
931232
120067
161677
27085
33224
445319
440823
445616
801932
431059
578237
65753
895726
85227
85119
14380
786040
486605
379327
253811
466261
308427
262857
199418
319949
487226
242172
105115
12572
732803
898232
462804
76589
483414
718438
800276
454072
920511
245086
768917
322997
919569
244025
828642
138683
187070
31925
926714
988922
449929
211966
23757
166353
638674
314015
339235
211597
476944
691589
139036
287167
192222
264555
226770
529977
311532
258791
294106
112421
742230
356945
436266
406785
703441
485643
219348
606011
208897
522930
916976
377444
574953
160352
748057
753428
195642
562138
987662
921755
439372
157085
641528
754079
798058
401472
957066
569239
608647
934086
979844
3107
318031
774978
442259
274757
3801
553255
110099
986112
60536
655788
609012
258763
830001
669848
708666
546290
715142
810159
268126
212106
501425
209401
480466
765839
54445
428203
117090
175196
710317
802229
425590
546501
347760
687463
53044
450260
312812
981248
842754
590367
885415
651349
961577
796418
870053
45147
253205
701119
219836
800017
236729
549550
599811
156684
117903
161634
904745
253088
536381
386715
655458
456296
958675
120737
851195
593587
858673
804931
626959
920331
215110
591532
230226
546915
782515
648670
563722
675612
800973
700366
276254
474932
354369
655324
858055
189324
612115
67374
119395
303764
369535
14056
623848
409429
803584
717257
508149
916762
198574
206053
985028
984956
770626
177211
733564
656969
633269
385074
998755
920528
129991
999413
886129
571980
333724
493288
139135
9131
917889
161605
949727
797625
283660
419608
723077
690414
698848
723155
569186
237392
152911
539407
19921
808838
708251
327520
565930
732539
669333
939475
649397
526891
562983
474694
302905
221390
775853
890148
580978
201053
423101
691260
978912
647237
969031
271358
226492
646503
924056
761425
464326
50442
972473
136851
749753
730270
415796
56878
741536
371694
772918
161363
22274
608993
114256
964183
900793
6956
116248
111206
45921
827608
397996
469608
206187
520491
780182
716590
226001
571382
936651
592601
498724
142458
361870
677512
833729
250936
786930
730939
246882
841236
686972
501769
882384
807717
241190
125690
132534
418716
458624
100738
167506
380302
131698
336603
328196
470303
347356
691837
801289
860493
902494
139709
860801
977046
815731
977343
100012
10055
63608
782233
622899
855203
957771
411974
153827
44332
269198
936580
990644
799440
620043
161547
794888
19187
432370
823466
769967
268117
703933
522239
22119
605984
221748
574610
37473
216145
906316
735950
603774
982976
462123
180830
167641
993485
780743
680545
106301
839529
388588
929545
910199
650686
678236
331861
485511
522236
298256
926824
363952
372354
416925
722566
950703
784421
79346
494956
156296
733407
878846
171785
826427
907671
422702
74780
756054
495496
269332
966827
445284
194257
710435
69789
854979
14425
148503
135989
42579
620957
148593
152491
327754
920792
298848
669417
58917
204238
409020
195231
734713
763380
943531
647299
52200
739455
544614
898152
698543
79495
45334
50746
687963
166616
541528
499092
779739
148822
662816
32318
969969
13130
29177
472582
955331
972365
959146
213433
580174
660431
398261
995710
774458
575493
228153
149776
787784
399021
693879
518039
798375
398591
834033
17441
762982
526897
652910
339521
243141
279591
794843
333188
488292
859894
796043
683085
377949
321940
165919
973388
825197
332637
955905
632799
426573
251140
976394
245765
326623
65044
214724
816443
833412
777122
831753
158197
575818
396114
734794
233210
11267
227266
936236
273052
435696
247382
633548
707475
816604
982753
850979
857718
850694
4908
138885
387157
256311
501927
472132
989301
36145
243754
411761
572777
818440
681830
431042
35145
183498
642540
426831
138002
99225
913817
253431
966746
409690
812574
707167
235374
707974
241832
506970
849673
706398
718192
123365
11571
791227
558304
529609
140213
77059
415776
168611
388788
175480
22461
110720
484274
516714
294454
952994
859164
515917
39522
179360
65104
48421
817345
732457
307248
936285
383069
776872
568988
936888
22492
69636
76495
636447
132069
840383
499736
911000
878189
190078
143026
168343
121757
258407
978434
678575
580066
364518
608046
381473
344848
567435
915157
200149
772276
809549
168750
356967
48692
755698
933632
210840
178085
80454
115323
742309
449258
984264
941746
371061
745603
478885
618550
310571
449465
354140
346896
790747
950948
420160
591130
198810
722456
831388
319546
264879
155818
559344
267324
458917
752034
713498
761611
688706
694783
504080
56524
886354
873249
519050
110360
840796
564695
403261
816788
390454
705605
184577
887598
867189
26994
9107
397109
14204
946924
231031
669717
227957
552408
525238
871278
383966
930586
916101
956497
34171
565533
847110
553622
209578
49215
995879
845853
61523
767644
31785
189919
116605
536950
673019
300670
132414
760260
512467
215627
476609
660224
907257
611117
984050
843842
831128
405077
732112
834455
502181
680390
772660
97419
602030
65136
638777
406213
695189
146205
510088
59085
43052
864260
53694
452590
866602
893243
14909
710519
216840
416330
749324
646171
309947
501019
628139
861112
479758
23373
341048
517109
655835
125543
939383
591492
602789
274153
125058
103495
183573
25407
380684
482447
273168
911311
691923
891711
998257
950449
639522
577679
894312
100094
837568
687404
942446
429825
696057
853949
191204
778635
554310
318593
433736
613987
286683
742804
516946
890202
724301
738192
236017
230651
240479
320208
794205
422241
163688
542608
903193
886756
420386
641392
920711
678763
564881
482968
127911
398693
730701
664501
627310
293075
864686
790944
327999
879420
702740
380000
663048
207364
786129
405894
229116
658903
155891
146487
815272
889088
818289
427655
685236
992854
952304
810495
868729
729685
596211
434881
2489
335050
64798
54403
61247
61288
760933
931127
218068
593785
699478
560587
56219
276974
783999
135820
840010
27287
526909
667685
903109
738542
123874
683334
108952
165133
271426
134880
838097
481920
891290
427340
992632
561973
214494
455371
872557
342672
51806
173352
545820
492635
965332
732794
874014
347803
990540
879814
460143
407037
439728
82625
668744
526895
76591
172850
701721
247948
328330
601846
5477
711279
295547
108126
636921
217705
884674
890674
217162
996237
504909
606489
267178
788008
190658
52816
914791
618702
997805
423512
759040
931343
534721
517165
467333
203017
115597
940016
797578
436183
506556
893350
979271
302375
265096
766873
585423
301738
909565
809308
287147
254372
444070
420012
452883
545187
38422
566578
764616
947404
536852
281638
623569
66064
229668
209741
107728
410110
612782
82722
421247
643443
222734
911379
726989
154092
860087
682850
459919
507516
903172
640108
778212
955352
14365
287623
829290
994128
551042
416068
956695
2585
691319
966419
534645
570693
392908
287750
26172
84435
319304
951342
466765
675811
670258
682466
758473
268418
970235
814878
571532
328867
230539
644103
495946
263855
667302
299532
706692
870195
989947
41001
192166
241272
312201
338245
319424
505840
888110
778492
665951
314828
739662
315767
428871
625963
611868
128438
594256
248108
998024
731823
335706
854948
237893
68560
6255
882923
666486
283361
76595
9681
176692
306949
331402
329518
375678
747679
340934
963671
118014
210962
608587
662701
724212
857376
683714
654607
832129
216308
842614
526767
617490
368891
126350
355266
770919
697388
620839
721233
264383
386281
63822
40045
848546
726909
185047
519232
509451
292421
226717
746750
858031
66668
976406
226489
309358
113295
2193
541332
638805
425343
529039
295183
343502
769764
212860
651330
533669
441598
845064
920997
95799
333191
900390
423052
352121
511221
624609
272048
43874
865627
904086
449703
56118
625071
201106
101174
808880
712870
678024
73725
991436
76924
648879
323600
111214
360208
783478
598502
186546
587755
95461
86443
980817
109665
483154
978160
31340
743632
139964
2882
133497
351878
10887
358488
602375
207103
351124
713062
636591
615499
594108
754958
227865
563342
357930
29302
280488
403745
567890
518004
186819
922967
461394
676710
657025
190106
224291
275167
855344
934771
585595
70524
952450
483688
456259
719764
934101
525887
53936
837069
994590
157025
616193
767884
836209
406682
659
243908
3311
956093
284516
641008
15372
99620
252706
664731
372155
223381
616367
605212
191673
152705
406452
175328
476595
9190
226079
409632
61525
657556
297274
201841
678385
548428
990249
290297
955591
634883
227328
422207
794167
870855
981375
568284
662336
876665
526123
942286
242484
943544
573897
141164
982906
14558
52538
298291
241407
487652
109486
972478
43451
184673
407046
711956
682204
150383
419978
132124
340561
85998
334275
936235
652724
49250
619895
676542
335444
986168
430335
311171
282334
178278
5830
323537
421416
320624
324064
367353
882843
748998
997124
59188
334522
639627
904168
643515
150099
265520
598968
691062
439808
513279
405682
294540
3930
479476
905121
573017
492668
523589
13491
384062
937711
893123
615481
435794
511223
484120
519803
948725
908665
693744
420598
137349
615111
408053
21748
620330
414666
288306
168262
615693
232907
618457
64031
93862
321246
650912
104144
562161
777451
414277
365723
457026
323738
751667
415031
339760
840538
603453
934240
796269
448975
626119
245399
731638
911062
513988
617533
981733
479669
692761
899656
434212
952420
336800
505695
248828
371058
339721
882008
29771
983894
403676
740428
422548
613395
129754
532883
335024
947078
977281
674273
360483
655439
378541
506940
838090
228762
381403
164953
414640
106633
377801
369810
857919
498624
83066
596167
470419
689292
56725
256654
904618
55345
574701
977880
39736
999246
711068
251937
374679
90287
967752
792019
541084
563375
165511
981816
966661
94536
412063
819290
42638
730873
79334
892794
17634
1234
281928
479337
120559
810015
546535
120389
586578
727407
421533
907603
179634
355520
536732
758966
306921
132680
84535
318922
79068
667938
65338
451232
292267
929492
186931
398934
713924
595961
976468
943441
374866
942927
310256
984794
668307
79071
432611
618770
854152
589893
483279
569427
238405
440475
701696
124901
825832
664582
835249
517850
708710
865052
714920
954375
368705
459505
320380
958111
811670
717629
782711
839149
82258
299051
756566
130925
169349
285120
782765
423048
336591
211430
984999
413291
649526
315477
792556
94339
709658
368797
731291
618263
622015
204562
344950
93697
630922
378900
937949
823754
648775
484345
678451
298017
51495
468058
26909
40504
281671
810295
402345
761916
867307
330183
136715
801391
243721
853409
684738
556899
121090
595968
60057
253012
150956
975414
184777
35811
747594
81968
486779
772907
64925
669090
728428
451650
372371
538255
398762
821262
722782
663670
629627
117889
983648
590876
759900
38130
289666
882035
532071
278745
711396
728932
427022
280103
951470
86718
502019
695104
958277
713594
6074
576150
411802
496042
9670
603491
537436
476094
290528
375298
975694
616115
760775
460971
307955
733465
702785
669705
218917
449407
533951
799610
721157
110589
998814
502307
987020
748125
979146
645676
679104
673254
762941
681567
871427
700231
355237
958169
985093
585373
44452
238890
691162
505377
944305
114255
427815
942577
132187
697033
580661
240569
509358
753497
48359
924286
934382
59163
46600
60551
528576
536124
478590
987176
897321
846490
679004
609388
292077
580022
964627
822558
408793
769368
469511
773364
286877
993280
919232
164953
417937
254532
746103
116309
183064
224075
698641
23260
164322
364004
996904
291760
124619
494276
518212
617523
334177
360730
515368
153357
463875
420753
654281
30198
17060
395106
887770
173664
428591
91794
156418
907780
639109
718607
293615
319560
729633
7395
686532
843402
743837
647955
183406
578636
492173
805846
781332
254204
802889
668533
172
575582
927881
510844
633963
444696
631913
827034
775572
260314
813259
890330
264498
233960
970267
954942
594465
156677
611374
942005
900614
617917
651972
81658
918430
379727
426732
681161
701492
847478
156614
229181
223853
326867
354980
605643
192765
122169
288010
620693
801788
399636
813717
913068
538707
107446
787640
838885
242832
608000
190433
179094
354266
708009
33658
987630
699902
354478
291275
361198
677159
754006
635324
129160
929388
857441
521976
256850
925700
122317
781294
248871
375317
145092
231985
691163
842985
935525
687999
398296
457473
700717
85791
3673
949380
366274
986147
564931
33424
312860
758925
664539
953138
590992
526926
932968
765552
558586
386986
593382
67139
126727
508151
270052
242146
651549
105412
972475
24121
42919
162069
935147
974841
360064
788045
530387
11208
903547
820965
384333
501401
369677
281560
971748
839383
736472
353825
416306
124539
439060
326236
625755
760638
364252
716425
196768
880232
1619
789552
821408
821638
728369
664286
514865
913849
120941
986381
597527
16043
484681
288481
166879
788317
522101
124303
134299
878236
21345
810392
956154
51091
696354
437619
325251
98169
938112
975497
8814
786859
924250
477850
383391
727828
351158
951549
983488
583048
670697
349572
855802
508272
746015
245310
12815
632928
301064
805846
337303
283653
453087
291288
770516
317754
408280
136468
63092
350457
361958
705371
660708
334894
7142
867238
88524
441639
418347
203863
189034
357544
834087
306583
669774
112156
460018
898782
397552
638501
140218
555601
272297
877908
294728
654341
880468
957172
504939
170913
504258
744705
693891
859426
325204
685046
366827
907705
68921
240004
316420
897615
730693
753054
389403
281192
214058
863793
185142
945189
421781
9970
622528
78563
976423
300303
175502
188738
856462
607687
57229
27584
214144
269909
199562
149827
343636
619848
681758
83317
400765
393966
945524
140617
526691
347694
843129
122461
316767
637813
832030
285112
573907
796297
960781
984178
301797
582521
909606
72499
835990
119733
296692
207827
367042
94970
678641
459297
428662
80805
297522
744511
174505
51305
481776
47211
393625
319132
454005
342040
46788
763436
796704
567098
681215
249070
388436
908449
600309
192215
412035
264189
390912
171779
304722
959680
487581
498035
934826
730145
90191
78228
629659
684412
389779
131258
107564
124182
346363
731372
797379
998271
81002
382424
461037
890192
726187
464295
751691
398164
554990
410539
453338
851203
437215
48949
596637
749545
392100
375940
163945
170470
633844
689752
638605
53838
998607
169380
386268
376625
458461
502305
62616
1588
233575
931007
711164
916574
80492
624054
77285
873903
710433
465339
798879
87018
739721
849423
407816
804084
777452
297585
165475
839509
29751
111412
118588
36699
2224
338027
55923
679325
57619
669952
374438
99421
732494
847332
535743
365063
440598
808800
341527
936918
731556
776267
285125
826518
426512
598804
129416
424516
780808
686463
537548
484753
935661
699309
124060
478533
81738
188051
401893
933505
801777
790413
814627
569821
887092
468299
380523
209071
697405
638441
567891
271149
714251
792029
411265
774186
902089
563338
707791
691260
317709
965361
917400
954431
361450
580167
79266
210034
315122
82465
212008
619902
90251
601803
16706
339863
724844
21113
680883
91900
89269
385941
289359
823704
773417
488631
57159
195787
450121
987443
611730
620866
391117
281163
950586
698242
167809
219781
541697
840069
362619
645656
245294
71803
584437
885312
526391
198321
666315
967729
216076
511887
223634
337960
790270
580475
781010
459740
494602
639132
751266
677267
632582
196921
146015
420754
272935
392511
140936
142125
844908
178273
836601
61180
119659
13594
867330
526830
571510
851342
685732
894967
125098
675854
414759
856933
712916
685626
799707
118993
8575
438465
476137
910448
481118
722437
476756
561737
155858
653593
901394
508225
649945
741612
107137
450514
523861
917375
696264
357466
695796
784978
378891
110351
646144
638749
824650
493969
410949
639866
182935
76184
66522
227936
342386
159180
570126
78921
700098
796020
648049
392053
872626
427462
474236
276040
677542
845661
554077
755919
492569
612872
802147
774496
712917
496190
66755
726047
501837
770480
667525
260829
788762
625399
842894
820442
730576
237613
77386
52203
911805
69975
413237
255095
698110
579583
645447
427547
224573
948385
54650
377454
940810
269563
59769
265950
3477
971271
495655
464377
190662
206853
258376
336712
474617
276209
775376
128278
345945
680789
743430
172494
23384
250295
646101
644354
38280
569138
232815
977352
496025
581410
83422
309503
145071
836537
737129
469935
122911
210799
198111
121934
554759
921750
265155
460255
738567
43979
796500
736565
889888
64264
15095
882838
704423
737239
69763
403706
881509
172385
370729
95667
487438
508005
668670
249958
123740
703748
767975
229495
33928
941240
302048
528195
621989
896677
750057
588679
994265
717832
309517
263774
130168
587980
276688
254503
652223
203579
44148
566085
882025
185809
108840
741375
443505
878125
984974
19912
279589
331425
955751
149274
907044
526120
133086
52475
192628
392951
300322
90562
855020
708848
309619
275191
535395
557764
769125
348787
684712
239579
770308
15656
199814
556320
563922
622230
977534
173505
589257
593886
28947
263902
498812
727110
741186
403980
508955
952648
99344
92485
228181
883031
916475
95728
542872
518063
127698
295817
876724
530647
539744
486637
638813
778870
621188
650757
500175
432847
217948
64908
113100
410267
672672
744574
828033
287362
127947
869471
475271
517557
268595
970789
222853
697322
383482
800067
540082
368373
122461
928402
587768
662400
665642
125854
988916
869159
424526
737547
808090
754738
430156
513891
40950
491696
235338
134973
454989
287020
601989
31754
217442
246735
715429
417407
241428
229970
662700
803162
764196
931741
774663
801812
841109
639425
33287
599074
423212
245199
217833
126759
246295
728211
718289
799929
785770
569072
97814
26702
84036
914521
803190
344067
962960
504682
770730
569544
318631
373729
972309
581100
195987
650043
771094
778369
775151
461615
91069
409836
204458
733761
102489
689419
853994
209925
878703
476163
916749
97521
943496
251813
845322
305373
537186
203260
780214
529241
580870
723573
460131
414955
500153
881707
105379
87523
232780
513103
356650
234397
810510
5297
607697
500051
298338
685997
262327
53020
183787
382516
879234
249605
16803
292790
399299
165515
893323
669417
355128
942962
363197
774457
905514
253636
26653
373132
122743
857449
919726
723376
592618
42656
312001
896356
975110
64792
497736
765120
89698
764461
312136
525249
303790
854594
447981
425589
978899
687543
715511
458111
792377
256967
457618
336584
993314
511809
336068
807747
286579
849377
889216
448026
772819
635595
1751
215674
829868
282851
115534
743544
450319
888971
127306
669790
809716
705466
941992
370262
111199
632437
455209
528882
379229
567021
530571
392854
879342
17462
543475
410499
456573
695071
356421
234048
524298
598962
805206
95655
594600
123337
202617
425545
932258
704779
602934
832703
914041
328322
50073
772750
145929
318618
89894
560822
341257
242105
829802
559767
177201
823989
824556
880705
219382
84086
623043
25366
380145
240106
460737
837150
434270
640158
189965
818023
852223
293120
145486
937879
434976
86830
256323
30736
463478
612986
874608
508030
593377
707069
689651
266304
164689
23380
413941
650992
159812
736252
12028
782929
964077
25798
295324
610708
736369
260406
943437
319623
332682
788734
867160
339163
419086
167314
261420
48784
587850
829288
479117
493119
933704
414030
668908
294083
297904
127655
620817
177925
559307
321923
550197
937699
499938
118426
707692
719613
68357
34277
969215
305563
204776
36826
99800
572606
726439
29698
917846
952002
913706
341048
801537
845996
232739
711616
259287
35094
807604
244033
113093
555188
8878
908321
591537
993218
191733
79419
584372
526284
1343
882687
642533
719193
249915
529127
564624
524213
41358
222738
976710
401946
789304
938303
873230
898938
196181
484711
939065
110700
185024
334710
55315
125744
482066
419048
90294
961057
510344
703741
841464
940470
182082
806424
907204
510196
234472
615610
848390
631092
959399
534293
969728
198092
344345
800784
54650
508701
377795
757462
666518
839033
102776
172251
776769
318447
805978
168749
43654
76660
383488
374450
481085
538095
885684
27588
998432
693984
864915
995302
600765
210670
147095
185761
870088
350733
59250
443839
838792
818569
27536
452323
685810
514609
323327
543107
97107
712546
10603
861892
355302
635503
710594
646449
289861
209194
365686
92567
832636
94226
888865
613567
554490
208857
28866
263432
953889
890384
628389
182689
331132
682033
542561
661409
354448
889161
526203
48643
214859
712192
657960
183041
999386
240454
362672
833931
437654
18268
521326
456356
740702
837372
280116
773082
717696
625318
579403
612256
342352
279433
81112
954953
566107
391818
171738
41187
766838
242675
122767
539822
802543
318011
598582
753144
56293
718510
507120
343382
398196
561017
74752
512065
351880
981268
471473
553162
258195
292300
479703
679099
260953
880428
131309
374092
271144
554183
617374
850303
432102
877669
22431
443736
664642
155848
544313
840828
16140
834265
319396
977573
122785
468084
352847
69056
951935
797645
606141
540900
821559
428669
542089
687598
142848
222829
333834
493949
499943
301277
563409
430855
133540
850834
255631
978518
536777
635290
682900
374307
117588
705469
601394
436045
19555
536002
258880
341686
959239
933978
549498
936059
410352
416685
531590
664397
220296
228288
502161
771505
425885
583360
747992
914576
424118
742382
228099
292795
545862
816294
141611
126528
725438
531661
335740
982817
349309
325270
234294
772215
227939
549362
272270
804259
148099
1170
641841
25900
574839
652634
351144
453306
710349
799075
60630
921518
852638
270317
250143
624348
196991
791136
459939
331750
841681
541245
950568
598006
779764
614566
893974
495127
148952
297030
412315
318385
153459
645982
334639
852895
708175
617197
433713
447535
678331
571003
471152
385525
727841
400259
82759
219788
54008
388923
296864
860906
786128
735297
298201
362079
421770
125859
782467
570218
545322
346315
920391
631928
331845
247494
513891
242042
440980
873199
851730
103394
650731
375612
663114
470329
162243
554916
504031
404256
593971
9900
761669
442849
781566
300749
115378
356721
442181
171076
221922
340740
783645
833014
204660
191501
211835
587133
866994
443345
495948
57363
679022
705063
887714
154970
851847
997966
104840
286405
179787
797674
559094
4327
44726
862621
839328
434774
262809
249278
289513
86011
731926
142073
228917
218361
457288
263043
764443
140920
155071
460024
827002
647885
256681
709458
852259
462728
954124
582280
235315
211737
652655
779137
515268
410079
57369
656563
98426
740431
28017
557341
430840
618493
90116
520989
948149
109130
28837
766382
750825
628075
219695
434370
116385
75153
586086
600440
19378
75514
360700
725690
814410
763988
668079
97846
6178
169417
339023
947959
268879
517163
76702
786207
152440
38398
546448
354499
208354
51740
239473
3363
987431
785801
258598
110469
985222
402004
659595
232108
456467
491430
544124
588346
912143
788394
906159
117727
364946
573657
71550
132349
757541
204320
598211
475418
937068
652849
514717
28353
674240
205731
499599
79861
688667
112071
465030
533843
986412
675080
405307
625027
596491
508414
302127
269594
945031
437775
377491
306704
88666
997698
844490
801497
767294
719522
968710
667234
388632
239499
32207
449705
563795
507604
318242
639609
792392
187416
354358
213505
278297
427491
20442
800592
618781
722422
803578
278192
303733
880184
544960
810588
870461
986361
527510
418910
595103
884643
222922
55242
217153
139711
180235
184849
372766
779425
522768
520834
748466
415666
585112
684451
466191
754456
951500
519272
88077
523716
400832
416718
256991
822231
978712
402455
776192
892209
828359
266722
419787
230296
461811
267494
320170
15106
240117
333003
557031
746048
882684
44837
839198
507207
303761
950797
255507
23899
295732
122398
266592
562010
15718
469193
266119
942754
31424
836758
529638
832480
507073
791288
288648
18742
617893
182603
375383
551432
293680
74220
881968
29796
42890
260085
962831
799435
49348
296659
240041
807200
267640
761478
586201
677036
488143
721141
739314
913228
850525
95276
393267
33976
824742
474867
561112
481776
672836
994828
497037
407556
690016
18760
49853
602817
795614
334598
497993
221619
763605
141193
985493
346780
86779
182005
310012
748911
400224
348262
196515
590153
378001
684973
157483
725997
34077
204136
649344
407866
101876
246717
501647
693548
793258
197875
223188
569739
145435
452909
533073
776819
648361
483395
699098
629377
545057
509246
419469
242839
895740
88496
808672
114317
399745
245934
339923
257716
718984
295596
52356
878856
483097
94387
172065
530353
145650
692545
87862
229351
279549
725610
53759
906404
136341
292606
774149
897230
425014
141777
346584
975112
782695
314859
698380
353554
662147
944174
796289
77835
854289
334248
839566
686359
638465
163591
818442
493403
165253
325612
35894
546277
959818
559320
739402
649769
485778
998659
248475
463590
960880
670155
514853
785704
264095
444617
968507
317478
998718
846784
314824
637515
305772
363247
882369
161682
324156
843014
408169
613386
898901
515701
303872
41593
170729
198431
325001
142429
489104
347821
594807
490446
198720
73471
122803
354943
985579
652734
347148
691427
40053
809101
612028
394796
843153
429470
348307
36206
86839
318753
642627
68002
156996
523798
798919
919367
290990
706948
34864
439331
198689
666306
370765
369960
489595
915058
846582
867825
159265
777486
473525
608171
39996
84698
556306
323089
498324
172537
545082
663439
952327
436636
171403
244552
763557
516309
203006
505843
490347
381578
210226
614560
591003
614212
83921
503321
678068
60903
381921
354531
503059
625788
763369
521252
138342
749738
525053
855582
95560
387908
896041
432025
382655
966779
718582
871839
808078
540596
832092
644385
519734
580405
334084
311
887376
15544
536055
457861
263104
66210
660841
955129
48599
449101
6364
522288
440263
47170
904883
250104
411075
675778
271444
92208
174643
625283
605304
690444
602897
488440
247250
625333
486179
952649
380313
564045
147861
310498
933172
963728
113458
431207
86273
561686
105215
313541
4738
318837
762100
355748
368805
963075
182232
354233
956399
407225
456824
901495
161156
731059
412803
242853
65301
359891
99589
229579
483622
714694
422142
397638
921339
590046
119646
369915
715743
972063
187168
909800
314960
908949
138176
918166
730698
258018
191898
378475
128110
224278
886305
301852
569999
197431
273528
201023
906970
474464
165936
63678
384735
697989
42719
231
551808
744276
400409
899105
397556
133687
129614
675514
63289
79798
895872
997787
511316
953978
496799
877149
806278
419500
362242
654004
310285
473724
98820
915209
609939
34558
421497
781798
130999
100718
220428
938827
622903
802004
445750
472925
921463
702787
233245
520958
799024
890427
524423
310840
147000
924846
920313
243794
861865
197088
390192
572805
324145
220135
7227
142473
579446
803602
97139
604808
584932
296934
520601
346228
304020
239811
683658
454068
89114
693606
48609
154617
905259
560328
530217
18031
844521
124131
852797
943504
949965
844180
126591
372114
166512
11164
290289
692225
338358
713088
889075
559207
286295
937681
256025
501287
750859
316806
794088
163305
348050
57541
123694
659247
178141
923904
249339
311750
144028
426044
381759
194841
468325
839917
394241
589408
752190
291070
633146
937333
829255
187756
626956
142663
893191
193362
342306
441575
551825
112063
635941
667456
280082
835907
38359
151460
316474
676297
581200
726209
95429
57438
951571
981426
152549
322128
476045
87026
311886
126705
74665
639403
334237
296571
315730
165164
238310
196237
841094
194874
34841
306964
19412
694781
718607
111813
787570
593691
96183
766854
515901
945058
110168
198892
229133
971487
951682
522655
879732
668108
331733
859290
572820
699237
81325
242383
940250
442203
833385
817319
227355
789538
568855
258023
738505
837861
654909
215534
418769
820505
102278
485851
360661
815599
491848
307467
655681
152611
89518
11264
880844
818226
669063
200733
440397
927144
697513
161037
127287
212631
890691
355972
213683
47204
529535
265566
187289
818491
289744
81827
181578
684578
982173
796972
112812
991275
642249
26847
949827
439876
569823
842773
971305
896296
168023
450909
804202
352888
119495
710106
537598
212324
538025
818631
233251
441795
906821
714651
948887
556419
939323
442504
317167
351610
289199
363037
433751
617243
880785
335499
198631
31876
187399
676292
118941
582003
549562
388415
934589
588185
351034
581528
115394
152391
354511
691989
643327
289925
93021
346436
870103
783746
504819
654591
327253
682213
396528
203026
965673
225985
455698
413043
801792
191080
499420
666863
998015
125334
219491
700518
663899
179790
423286
254829
67863
304131
132584
338001
972955
654764
600188
434491
141486
44922
828971
331055
431824
475302
517652
173166
667511
225059
201409
450300
265508
739379
433425
263804
514336
336278
252808
537527
93464
47837
489199
125179
316562
874076
26217
334304
858507
352381
252372
575206
863023
660657
616216
156154
55540
602242
699151
13911
944596
980421
387601
988234
555109
559723
724763
526734
137878
154614
41371
253525
520328
365704
55450
388392
998982
714710
408966
985509
703267
351420
627291
932200
549871
528363
756270
503365
470165
2493
469078
770033
379284
73641
214455
4352
460888
329298
23404
635720
242549
116474
372560
591653
907263
590547
126441
849814
507400
145398
52850
230853
795959
242541
5572
480356
221825
82730
662176
172531
851207
217179
555739
129438
673548
89301
466919
109762
555409
578925
411961
984528
704399
564518
302108
637514
834129
837252
740562
6507
708715
108991
17058
755427
316826
3091
20355
834688
916474
347572
560867
962280
621406
136991
582228
364035
741583
739788
298772
42741
65892
147520
945911
951625
376187
271230
523315
766185
410769
599261
934856
438858
472644
53109
537354
497764
769954
929651
912588
497055
237037
344013
798187
459785
273838
837071
445812
58500
47090
258643
790195
11325
854437
577230
186777
286998
16586
707719
785161
840998
89493
34852
330879
540886
995365
532637
363677
328300
205025
316753
3028
720420
258478
491831
998315
469562
769290
175277
673071
342981
541512
294828
987959
757565
829672
543901
822931
176733
899538
889156
552081
758756
988143
312858
403691
625397
45989
635002
778320
640542
545197
401585
122765
823669
213586
367160
466584
823134
60424
412029
910841
658986
814246
206365
817238
143770
15297
6191
152537
374337
525415
669498
614528
442951
629109
7494
855680
786058
812245
610320
29591
145822
475480
374999
842221
476789
759340
518739
668710
795034
190202
109893
941959
316631
909215
462441
443330
460407
468292
390025
235871
624294
495964
227307
941193
118004
221625
872747
935155
101624
734412
644451
831589
613457
698871
789318
240423
632840
670416
58764
600584
285201
418997
87431
255051
683185
353415
804629
472303
33977
886725
811822
393434
923440
843909
33565
482017
482447
261904
927500
630839
727909
552923
98552
959343
101915
40414
65155
309231
332178
662035
345000
267187
836648
56781
103753
786299
646618
302771
228
732371
262211
99927
565988
373437
819843
787959
428820
729212
679483
807375
207662
327487
201076
598936
342482
811945
847967
984417
264210
61369
153463
927369
986538
470299
674243
709526
113677
84426
226807
932662
60378
665248
14650
731919
905901
865083
484099
680837
682322
229070
231900
421576
443477
984577
210441
76566
342133
71046
744962
125012
26487
658938
20571
65925
391766
254387
676868
812452
802647
614956
396333
978468
279227
43530
656770
649090
801742
132170
236372
480835
693213
302730
258007
342224
371140
96240
33544
940906
553189
327355
86631
435403
322549
762084
656290
13915
58224
595888
17874
61131
594157
716629
597982
389970
319628
683590
210557
260994
377355
574237
845850
63558
239096
750436
972048
967098
453249
788737
957076
218663
536103
802491
227058
581274
788433
479917
522736
12767
117245
881478
960911
514975
551377
402745
504559
299283
407312
837320
138642
958244
323944
408041
900409
279201
735847
379218
276330
366876
749902
666470
425491
539042
779390
555196
22537
438420
941007
861704
245033
997862
424256
949864
520287
311156
653192
527245
926341
520892
637003
422788
493795
985276
123624
178464
948693
562601
610223
801478
925258
632137
198640
311893
11944
41838
891310
364655
895245
170895
426931
801001
5361
509060
969277
86091
178599
403741
29846
697604
960834
848864
452417
188461
979412
417502
504528
971512
934418
739761
183699
671477
781075
894484
561387
501248
280439
77535
352700
352907
489509
611485
152065
120324
100140
668620
349433
30306
83339
880560
507583
585169
806540
984276
205495
134584
859018
24286
418340
456739
344596
289038
718167
709074
739626
600083
263874
557853
953956
121098
219947
545986
302706
104596
509884
748621
820414
419282
78007
808227
719022
985151
661958
498666
302661
547243
922224
162456
489321
883472
700328
115415
839295
995027
358400
128658
198770
326488
869371
2975
842963
641282
905471
108745
392411
651462
908585
242808
44427
575018
922811
321343
509236
971168
245552
257026
681875
529849
467825
784642
506068
685512
735456
232711
78967
828180
785424
888041
745872
597177
961240
795194
178024
85531
842941
838547
639938
66824
495308
976954
120696
131945
48393
78957
508675
407141
477185
972558
983641
539347
663804
30378
698864
469017
225231
173735
778593
864294
348430
760778
708072
592200
790622
867363
735496
885802
779047
77910
508363
437934
466473
584326
12327
64867
703910
689951
926972
633827
770941
551680
713274
129420
771671
59076
22432
980505
58746
456300
763167
978780
293115
842922
183261
340186
587664
702988
334613
63619
917315
820611
487771
562316
902275
419920
215485
292779
845653
110858
324293
737326
843048
589646
677916
470777
699589
838211
813193
334746
382565
944008
733654
319178
533980
752381
737619
871875
285044
308331
513204
757944
204821
73233
322389
655158
958367
628684
906399
450133
625370
39202
89666
740186
807621
15530
970146
429933
255563
78364
691342
44593
996819
450545
197803
428549
490358
909878
681967
822295
970444
191219
287369
515808
536351
606386
539422
133567
516289
528558
895215
245302
329594
161242
74710
628411
519449
614858
324719
216252
221675
298050
53780
671539
662730
464282
947904
820065
499085
414410
498325
510826
620509
153816
442616
923980
454311
928667
955994
605053
452717
853930
775698
304673
864632
446886
91878
825381
3752
335201
459433
175547
794987
531242
899710
878450
252684
284087
768826
333296
741859
483949
263528
986255
80107
706574
908966
970706
380528
552191
578988
449219
720295
379317
979885
440426
979992
331708
953622
821803
616630
953060
272755
380861
300431
713736
18161
684803
648222
210044
274750
7113
265598
588754
837516
451612
872121
747081
765621
264838
827455
29907
777337
570980
949170
985218
897762
18406
619230
76942
957832
317987
808838
941957
123697
820759
15641
228559
286160
993274
95044
178077
779950
152509
99233
568174
532326
301155
801613
343742
198794
566778
75863
349899
363556
812406
507283
38788
934615
167912
41935
238609
914211
38496
522141
381690
484806
253980
104271
613877
681664
416939
338625
547598
494512
876642
365392
923701
963994
439034
710633
817055
252618
562373
962748
519706
686097
470667
81358
151282
764206
156997
589486
576248
67849
575477
770751
905269
611992
276064
628532
429931
825380
861481
569691
202244
106918
970316
488528
709978
450571
177395
707282
409378
886039
530360
4914
507637
441638
990968
102183
413821
774349
642384
123839
972664
112798
806263
469808
719724
489354
85048
284685
321192
466273
408010
830164
770930
338742
664909
946980
954898
76702
612387
545419
703226
790102
703721
665469
472208
818308
347345
305058
879130
904534
888670
593734
760581
553799
405050
187316
246354
503424
844663
635996
172126
750683
401824
130865
358220
755394
171004
88784
775761
304310
285279
249690
275227
772844
491884
988706
734111
842514
467626
585474
488893
225007
91074
502856
93011
157992
26963
790286
253083
327006
295666
68647
974529
598645
841793
964277
747846
65328
733610
556824
89930
315256
583097
152833
935097
610235
593043
926948
36309
187505
895319
473612
443291
129914
85712
792840
720533
885604
873620
79747
638971
368904
546428
859570
853895
831123
622847
659878
115540
403693
163265
727218
703879
744518
112901
716617
79209
705717
355912
644774
538376
528364
936772
819943
500829
581661
562827
844991
230751
578258
221847
645415
178530
464489
803711
258274
339034
915568
134534
215018
290046
809945
471438
529212
646792
219738
44650
617149
554841
712163
978256
704648
582328
111165
735213
184085
517051
427708
465491
281991
73918
505056
651470
883026
252880
378190
985940
273478
617646
882534
871002
687741
681895
97792
761603
588701
291742
151944
728947
441995
593390
108211
817538
855277
391848
738077
785805
513561
756407
270081
776102
830623
108069
688148
870059
138031
249334
797502
308596
166185
179250
211638
291494
715008
689025
32185
769573
992393
591022
467494
354598
880934
726670
225081
116706
715145
982202
77474
817446
565991
8247
342977
105351
337531
547511
897409
585140
961652
378809
961294
352996
537021
978379
306292
39213
793830
383663
620437
260150
899956
968412
996487
436293
755010
693211
763016
343346
527570
392658
287134
230525
44404
991390
551952
399675
33617
57561
696762
358507
686164
943099
920145
709158
87094
231644
358004
975093
535013
186583
447914
857085
348369
332555
391358
399573
495507
397115
698676
985016
225338
229461
937639
215446
754098
137104
788224
421829
565075
966958
178325
596116
707588
19873
961947
123136
256138
53898
657610
147904
290673
499292
533772
805947
588821
956575
75873
607322
825869
787345
275410
229303
656117
379687
241551
428020
976215
342449
503143
747881
748021
602971
205412
432181
482486
553487
540353
14453
696107
201592
625353
479571
549244
915874
383182
346358
83507
704125
704706
373399
28645
915648
628917
139636
259512
637803
323307
185565
930646
788644
964505
597291
50157
7363
815036
569424
569376
397225
29655
909258
747213
17995
694087
940210
61819
665101
592324
147953
551328
154377
6262
679441
546189
45742
364977
781233
323127
19461
147727
507283
939299
213455
354793
597647
312365
676939
129266
948139
253428
277716
15215
178178
331173
67366
394966
823904
768675
83137
617155
322992
673488
40742
652433
198924
199099
359358
288923
39028
722982
471642
652751
224411
96946
281301
420459
611418
197353
332118
877016
887751
634024
743474
443039
238945
68903
840174
230860
226786
940775
316514
127646
855543
815287
523128
446183
508044
123938
648148
54471
640448
824696
753678
959039
56
191479
825626
642996
268432
812823
611977
555523
638955
40879
551976
239483
998315
658823
245382
399419
978684
23355
670164
493097
417995
924168
904741
215948
316437
361398
216916
29703
451930
189154
263684
300147
353392
680807
803458
895639
240243
127081
666503
587783
244826
69629
557211
790102
340517
799736
755539
656696
228018
890707
440443
852921
826159
927608
633358
413396
106730
163755
256354
566065
78405
118808
35873
480511
560837
853749
56817
941993
671177
75539
518709
86967
426967
305735
388589
470404
338642
308911
110009
30424
160136
221283
622139
383905
914408
438074
714457
803539
473808
567222
328994
419097
638405
492109
68808
635766
725116
47573
786315
714621
155029
361546
513271
263977
296999
406207
310212
937626
414454
431904
318171
804653
172673
153183
67768
538486
729272
245251
859754
119836
774795
487369
455480
670290
776734
242358
988062
4526
41433
114938
798900
755687
228187
78914
116784
376560
445902
418715
387842
507115
319253
249470
769821
288652
831522
256188
840982
577611
495909
246151
211108
131781
642271
726618
732296
735280
499925
353606
490758
420729
747871
882075
565905
437564
146784
414319
419012
707103
636688
687438
574605
871500
128564
374334
580132
275401
767471
169709
734841
41909
386674
162489
185388
193825
95632
955740
33462
389512
249261
435570
993701
948268
952788
340009
22532
443599
180262
236804
305880
278220
547888
571148
366023
224592
345302
646931
943700
866103
222636
73638
435141
452039
611620
630542
861990
723139
581089
58371
374502
880237
84010
266542
743262
621724
950202
441497
46834
447093
385204
250806
13328
917129
283891
107785
857430
440651
147584
604658
886672
17004
668381
923227
783198
143573
892862
143674
556724
191424
773335
96707
164156
572340
363856
398958
30742
362075
412182
467488
876351
17729
699339
552633
705743
672299
66909
909497
174492
494866
908532
80911
995261
354107
73029
320640
650985
585780
64644
850992
487421
529196
560566
927633
249180
647792
894372
798373
418544
547582
265451
162801
73423
857031
64881
685056
500666
95238
401458
357008
18687
488248
468280
963166
411518
808311
175657
765001
530184
933047
220794
659621
527779
527771
438338
636255
395946
371637
571689
610504
6417
243289
765119
859584
493575
195868
453801
644416
550772
260078
133045
737027
971426
495505
972303
113554
969015
969397
926029
120875
282656
191026
987877
774861
20234
653729
54078
521763
368906
346200
137379
249098
741213
954880
252628
239169
802569
390164
824311
483948
990370
230071
463020
482757
945832
337458
527358
448480
46734
227722
414261
367128
343190
902842
665864
511259
324247
828370
709487
384335
642080
11692
170903
808096
348471
270086
757999
441448
382074
423937
11999
673401
455527
229173
210457
488266
848119
856303
580359
697083
981092
183816
97444
982470
312588
548131
239783
443460
841838
750466
366425
462489
92945
357061
388488
212862
660355
377281
606420
420201
431167
963385
584870
120283
115880
809596
259137
9606
550130
82715
409200
835096
261600
845700
803423
807592
519399
494847
611718
991484
262194
536837
257856
24309
878399
589816
728634
179352
114470
438916
483590
358521
940090
285584
116687
78214
51144
208096
538983
58029
358909
774986
303805
99435
382756
94098
195050
896818
259404
147557
187434
313078
767175
971631
969576
256277
842191
467033
31473
977761
779844
972962
538123
813835
761745
856345
358815
69741
237420
149172
839761
27123
830139
948112
244656
743591
799700
869958
978889
362713
167261
34022
781462
499687
37650
557075
577940
707886
424549
552635
635570
938701
357568
991089
779173
824914
620838
717288
379416
728964
492663
804302
544769
99469
823890
356674
271567
955521
23765
760692
959935
857359
814976
800856
811406
661251
188023
172935
356489
615605
266790
684914
117632
829266
774015
177539
158297
977412
188062
554770
215616
240385
319374
877952
262204
116141
93541
287796
997085
934573
148810
177904
37010
784970
311703
467599
294359
896381
403481
86493
858699
684509
834484
239506
335199
873506
879524
792045
397483
38933
190046
127082
264091
50390
353621
718815
958278
94921
247832
955065
777439
516446
641368
482893
880644
347388
614024
138909
197940
536906
701661
22186
249502
232922
121141
831537
644948
740914
27092
711555
50462
461431
969865
177284
864491
724024
227631
976064
759075
662292
729743
137125
282839
669770
143331
187297
166106
320923
484725
40601
560745
859550
200806
32706
980229
540000
919499
649696
5730
146613
920050
65177
663031
773279
599682
449589
39542
270618
424256
993397
483094
330370
750254
868172
52363
442594
251022
232318
841752
51610
96644
915668
418362
941164
126809
527865
614213
745635
722396
164085
126413
870496
790691
73347
362875
707842
509359
60560
944319
804017
545005
584595
228068
491400
173529
20291
833727
780509
594237
114170
148737
763565
670551
325924
629612
595561
810393
588579
93922
600471
544074
178563
112921
518887
233418
996565
417579
516051
601778
973866
537610
318833
766170
546862
237521
838936
742516
323230
260469
245613
957077
218919
545242
53065
437972
764573
828482
519304
357771
889556
609696
800945
599995
126047
611019
25277
597772
255651
738510
237510
400497
378902
282588
448461
512298
202841
723489
957544
452195
759664
542963
705222
633338
585306
800295
244768
56286
674385
407104
839231
925906
390752
942723
559972
710865
675612
382886
24407
388812
177920
901926
868175
749519
591209
298488
979386
834113
516906
583447
19051
714186
463309
333308
405086
987215
164391
802796
868264
799705
793175
624427
450687
56787
219291
409614
344419
114226
197006
26606
449065
161967
431234
566905
839394
930928
536630
443490
674284
585541
789172
106104
869332
505485
992522
702165
397863
634105
187042
180397
513108
784296
437568
680518
822911
230770
836504
666758
397284
131073
922506
514984
418470
621464
502203
959561
909876
367351
979281
201439
818710
788823
538250
858824
385178
21136
106746
773120
3285
277659
479199
313453
353240
419825
15970
916565
497009
315410
715565
345199
812187
978401
31587
909975
447491
49708
509441
172314
16183
840394
562191
728689
782253
733342
249154
276491
254382
278328
271281
854531
558173
781402
852274
224241
984488
928343
126993
45916
83786
429591
500460
349069
908922
665720
949294
412799
463795
489295
897446
660274
339937
195788
42691
704798
695717
295227
957102
915653
444165
544551
926532
843361
165427
314841
408623
181373
964152
573246
723552
27168
19581
572326
93803
533603
259446
521129
502014
40612
498668
288676
47295
872787
948005
597217
726018
565354
881137
605141
212836
213881
609172
397058
322054
191903
281931
283197
569321
310293
212733
955082
993251
804772
174784
699555
225980
79415
400452
605143
770600
736971
800224
851408
349728
761986
100343
201453
773535
800279
979590
675213
785718
659692
638733
606381
533324
499328
821784
331625
369846
853564
986921
17823
722671
338860
351172
565617
985844
729995
294487
499368
964414
461687
136643
330806
515165
844739
679883
480276
611054
634283
897240
635786
813753
336866
856294
553037
304937
666120
582095
584002
543464
51704
329202
89185
410647
51645
148288
980020
250983
758180
346851
303039
378263
812588
423691
364666
476938
108890
773717
963706
630020
92905
736602
865902
142337
362975
547410
468292
331250
353211
536932
21611
872533
993931
23307
696820
898159
366809
38758
476050
693993
697733
883612
135232
206725
724782
222121
435265
498747
505610
794570
499203
603252
65174
389441
537373
208034
284071
852486
338935
461562
258718
748170
481929
262095
154873
124392
385852
649100
312647
557931
133036
106574
418356
440118
746831
284764
440194
265044
171311
358979
318744
400733
612051
975314
300916
755137
863292
12975
330877
471732
21643
891797
411956
948278
477184
663147
97416
380606
312285
194817
734536
989890
72104
815977
867699
125093
154512
456816
267179
665854
307879
739256
571208
858177
767246
638515
822921
333261
47534
127934
82086
153105
988642
600856
670593
674587
502195
750909
534458
262079
837755
549667
956706
265888
974762
419280
771271
409694
449895
839446
61358
476252
588302
206189
373790
201132
667160
230699
241049
925274
971416
400482
54566
25170
930146
551446
235081
304431
612934
805593
203989
914017
383802
953861
635096
424569
725909
675414
384884
763220
565304
425057
431117
924834
774983
979125
696542
867538
195989
951373
612006
128668
679454
110062
667968
229290
857261
906659
431633
929187
206942
962643
233883
200854
320190
521916
26798
604736
726862
584206
754045
393659
763751
382950
795150
685635
667575
62181
664331
132965
105641
703405
586614
521990
955107
828152
652602
396749
127081
43732
930716
260014
845535
149119
672848
190868
596395
185691
999656
796138
718329
753998
542247
220423
954712
250488
517492
983860
197377
358482
307690
503066
60984
563744
102732
93261
310092
790738
798998
425199
935544
714365
332207
790722
925036
324144
962042
84686
374437
26678
425739
442923
306104
374504
366198
533676
995759
370668
927300
124008
78154
665038
772415
839078
877479
318073
496493
391972
30972
328721
183449
616388
732480
838704
87948
57748
291689
601724
670939
427640
502993
66402
216858
484982
996722
445553
150894
369502
42000
219797
63296
77204
369654
2670
468110
670780
20056
324492
995675
342720
606615
457801
284295
498753
137124
93060
307321
640919
287356
834229
722936
889927
894737
766194
940185
121152
484873
290941
475283
989906
528543
850759
623086
589036
342824
408326
257242
948176
392496
735470
180444
945941
761987
558991
410659
691160
775815
516810
481977
679553
706182
888945
754389
526829
712266
17786
10509
493949
803617
615584
101288
242170
168064
906263
669842
895652
643268
578794
34089
627798
904403
656370
473396
960407
840097
538740
701811
353407
522063
396696
60881
227459
665710
319874
512438
606752
653472
908687
782713
259680
922591
945902
329907
343180
130456
198616
158318
796847
109231
493165
762429
763138
714214
407533
818981
570937
339352
145103
857209
612457
338655
366530
813699
672340
905301
569085
968030
821203
816568
462021
449825
367518
110887
129851
540662
157563
139465
212319
571080
599041
116749
755877
615706
266184
896971
239282
104821
586928
151881
377971
888122
222602
842266
39002
240725
314214
999010
308599
853266
677050
795380
602095
775882
436523
649820
671131
172597
868091
333176
918463
955811
153616
30273
82021
896070
852957
722728
437909
805095
946223
186203
506292
763449
652310
568230
500087
640331
622702
995766
50178
881238
688969
288890
94433
601654
145402
22946
704801
757814
656257
492425
766668
105540
830542
565999
437824
604931
947572
228895
597163
587840
429675
560048
532197
364540
274177
990502
786474
804711
169695
457656
608243
586414
819572
39148
842351
185195
801984
292447
159907
527355
709695
549409
185051
525486
783600
326076
257995
759703
999232
664853
248007
438658
131992
563052
941980
981381
177792
78270
741961
791407
208174
990922
314333
749406
621615
218032
445422
766189
23537
501812
210675
971529
821547
529634
159615
124581
889257
278220
932699
911108
77879
517935
39422
715635
77866
451252
322219
85081
471238
803986
856872
904870
442767
44240
372118
278761
791407
495208
827058
644990
433280
781255
332967
488932
833015
126897
772621
209965
75246
922562
338690
504782
464525
509775
859235
975382
143444
815211
262760
92668
205510
638982
421017
688401
897397
814191
192881
389716
195367
914682
411405
321956
533154
963068
682001
538960
504345
358771
565656
173450
937267
273091
541973
149115
102004
657691
989643
991920
188490
878070
739301
571697
885686
836990
855923
126130
7381
450698
871553
207267
504011
92808
565590
184162
174539
899702
624390
817617
974276
757002
469236
964609
549163
689842
675432
21709
778785
273718
751817
481284
846722
785465
37559
110142
441482
385118
98951
920783
324963
206150
930652
600794
750031
421112
525854
285117
41710
259098
427930
2218
935341
703836
367798
190421
626635
427572
438927
633033
951177
545027
119793
404502
141294
341719
869618
502181
431732
291786
264811
465132
482002
982599
368276
959356
428391
557868
941883
573751
347712
153547
269217
970336
430342
237835
682161
263179
531591
486124
225310
467059
200479
117416
307096
656170
242115
836020
31850
370347
610153
280486
522483
307467
151639
404400
72126
714894
618631
375434
199361
412630
575668
565934
817263
554935
77253
136445
423866
880613
401106
889855
450665
855183
746775
645704
453457
167877
466548
249461
575155
70868
339486
598486
20594
376178
848870
641766
726895
806100
518372
745397
582723
898270
301696
674919
233048
904562
653660
722772
528612
168745
796897
7120
994115
498208
212133
412614
88048
495338
69110
453950
680288
846051
719750
35134
126332
763748
246450
341516
349305
890194
646193
746769
346965
437969
645013
75608
65199
281623
625985
694390
916291
189659
864936
945988
260098
254315
407741
947272
823626
820381
176445
439154
45511
802013
630293
669570
229157
589990
780656
759686
832881
462668
873953
777409
662347
743221
316010
284712
725130
916648
267175
127302
895532
530237
531930
571775
931960
124148
854100
97713
376243
822178
445884
47670
848507
944134
133119
311686
308995
104570
772372
583098
375083
273989
128490
474027
337338
14221
775153
141177
825595
915114
522946
854759
942003
935701
891820
306468
897083
887423
259740
782885
135997
159550
104
25645
835087
103266
946616
607086
134631
770662
903441
403721
626746
686978
890048
117170
61622
57310
440799
73071
484248
187552
15559
668415
141354
729766
269394
327959
183453
681935
896523
2439
743231
175348
118069
810556
465816
76277
607604
900703
612135
653293
142940
783898
174836
651271
523605
877498
845586
77162
73255
227247
203187
850448
730728
861617
71335
24885
251903
551165
714931
456106
286292
107773
601290
179208
489494
52678
124011
435330
122024
764411
926998
174356
479657
686926
714796
847384
694366
965287
430818
983671
691391
367133
968225
781244
489243
78689
864894
170052
463208
747322
110673
462034
882219
428970
427444
115903
905472
808304
512474
551502
656775
217895
221833
270430
817067
334988
621621
833400
197904
137565
27899
693704
600088
313180
604023
95081
552658
473650
196098
374233
978881
223153
139723
236556
963396
999474
773072
681244
447207
81117
464442
607261
367365
678919
67795
499023
896535
465142
628773
779501
5278
141184
508848
594722
564713
471569
348935
95771
333827
789386
479751
730871
745469
540103
834229
459291
105875
218425
32947
372643
209022
486258
8671
986803
234006
155904
471561
769643
30177
45360
873102
466745
944828
997172
214293
68680
547364
69087
522214
540950
19490
66380
863010
287203
640721
662623
323235
880453
383309
159779
489200
470873
806906
680787
365085
106195
582574
457332
806845
833975
992764
388639
727493
546657
860574
188317
993279
432510
8382
861802
58087
505373
650529
468124
143270
580064
341744
408157
96168
125644
464165
688276
746268
407424
133902
80355
710920
523267
934145
872393
85254
171958
396253
661734
385054
810344
341880
302495
276033
135112
449514
33560
99488
205557
114293
88926
347239
700146
579408
646311
215834
570421
732878
287600
233226
226590
319280
211462
295667
683525
251972
868449
249781
284140
452279
373738
165614
587604
766206
932062
699504
887275
260701
215434
975012
37026
45523
943798
654522
822749
455394
767006
412044
510084
45950
793499
195214
269623
352786
382625
326516
331358
418921
965409
356705
830877
282687
710223
671878
737319
592997
610750
27487
400938
102859
531495
653766
278568
802861
457096
694963
266982
374429
545001
993937
46396
675497
708281
719549
469965
141608
56536
915165
491857
563302
503022
165659
596046
356393
847224
635197
218790
36064
973923
492707
126793
463463
863632
681564
852490
255865
2424
59684
570512
424691
691625
257406
171427
305985
387567
505642
935974
421735
377614
984452
216036
262318
388842
716217
977474
186857
208906
610982
221652
692771
472689
917135
182988
35558
77292
45944
6606
549482
686570
636836
929247
824345
286533
776615
568315
153019
4639
62058
661061
847299
145831
399867
380313
946741
190075
247246
105662
155890
508840
912789
7543
780642
409484
319671
700408
727420
48029
6192
633974
391605
988482
291844
365143
947074
413023
27105
609161
913292
674478
902096
939566
352560
749704
642647
798453
764975
369604
135471
620036
434553
382134
330653
630481
396177
749529
687600
810000
652253
583559
917590
547079
638220
642276
823322
160829
250212
673371
409342
651601
476839
486208
650161
910054
208225
512853
478829
740604
99281
767784
693167
524442
677553
317529
22676
48871
603108
64442
398925
144793
683132
146639
438911
808004
950692
440692
649017
473300
461744
489502
316435
950742
150336
146170
891935
418800
768651
745009
882447
379249
541389
712077
436003
249219
749327
598581
903436
469053
222736
637268
743074
16661
380429
989784
799551
627507
332402
347991
963638
796192
571805
636491
373363
320733
289867
496702
26545
363536
978785
10369
889298
125914
651097
372438
726366
210756
289031
28461
493083
145879
584519
52491
961668
911562
124742
156231
933546
672918
639401
918831
528612
568422
566685
594119
753076
58858
601340
292721
771320
488203
153752
551336
90378
894777
978024
842662
952244
93983
209101
278310
394067
414840
684415
209092
583879
404795
236761
245568
640532
108466
3133
477537
901016
115049
483685
262070
794921
37505
562951
657784
988682
592548
903716
93131
219402
257043
448110
402083
950778
214106
581780
404739
679497
213925
434283
171425
183742
198509
819002
143718
129936
913611
743522
832273
261733
250861
724840
911419
52773
509606
613409
379701
34811
127327
298681
771085
380008
489515
595039
437808
614531
535865
40977
572649
843729
771618
933503
828680
464765
160995
617182
615709
624820
966500
612364
4324
911711
281590
756891
368955
710910
696412
749629
434701
692062
818816
760330
857043
654455
997575
541936
580017
95268
255678
892215
430844
344447
268275
184495
202843
184728
586337
21689
568459
348946
954499
690608
106748
589467
20681
873906
150361
978630
474280
406542
318437
525063
195276
291916
575744
97290
279529
860691
661322
804912
74031
868731
594846
543463
794460
863152
303615
538596
710571
88703
503377
475392
500778
968768
303550
554796
818153
91424
244473
721811
392846
942602
89183
657035
979206
657202
465593
12406
69142
181566
143902
46715
30735
144721
429686
755357
635488
533173
148185
283509
193477
864931
926421
556496
667038
613938
721999
140903
55962
907035
264641
204023
406674
243877
668833
166013
61426
159089
535074
66000
601298
229476
534227
731034
30435
765804
841766
276596
918340
980721
524172
805533
693364
503066
497019
497111
90530
501689
158033
294751
720865
290580
414674
31879
643959
417489
503245
934001
726485
269181
61662
748330
703008
545145
651084
466592
930989
630977
919762
973442
101132
862170
204859
92019
538299
295320
265254
714858
78972
271049
120362
298409
378369
540802
142034
79127
183043
701763
865929
403452
8945
275273
866257
187737
131462
665649
12013
572834
773043
695556
584607
850329
792252
152035
522060
933128
875871
497680
386299
138011
757998
840598
118588
962263
675134
273495
252773
360251
800568
433008
455672
950194
784652
426954
903072
248049
678918
957120
7642
533171
637881
209256
506737
693391
928407
740480
293153
159794
919395
104951
668381
841343
790973
767765
969901
868416
405980
505031
99247
202951
563931
712651
350077
614629
476522
517364
619375
527302
779365
972251
547255
467431
162817
855138
130539
596342
733282
347366
236576
45445
836171
351105
983537
839722
569581
200056
669919
216757
978528
56712
876754
304718
107951
98312
122238
965739
626125
544827
950817
90796
783910
427252
852008
783571
554065
211110
998770
790435
198625
265735
225132
293204
535963
611361
28251
715887
911362
185845
863864
688524
409741
250700
829429
866278
75962
27931
698846
323352
785467
581714
152027
687223
548623
605505
392337
44811
453356
341223
471593
127850
600664
643865
864232
219571
166935
225804
914173
275172
424255
348159
398234
298073
916327
959495
597754
380194
408638
882296
94016
80511
601592
17517
811840
117370
978530
576885
522071
597793
654871
447898
7220
934559
669771
309327
38778
392758
609924
44853
174142
681564
214569
696010
374699
523759
775411
299823
122501
979989
699136
35348
368202
867764
90566
394690
572980
85899
818660
196612
903900
638187
643220
301107
706361
582038
893565
98909
850373
49266
483941
347217
630976
457194
294660
184266
415310
649058
7988
327222
43131
640660
363268
706401
201183
464716
457131
938819
618141
852860
113817
468834
566149
298941
177961
342949
869209
363043
793395
599735
425069
546875
313535
806740
1703
28580
850388
378355
880870
480903
685486
211536
619904
743476
490445
898261
566243
357274
332650
41316
925916
623011
333637
140676
685494
12458
502937
307557
979771
667994
432369
592465
13334
948708
207380
955634
528088
234396
757340
383866
751577
409073
124517
576626
281271
590279
927904
810211
207738
656627
42375
142107
678680
414738
2859
242780
484627
960838
216617
196263
506496
752846
347707
709472
705828
160065
567914
794718
826231
667431
826018
462737
977162
646580
188382
739216
211332
282082
78402
180287
383368
598506
578439
597530
923955
150430
258512
343968
52097
865446
701852
219038
744719
618261
263701
925910
794235
843495
443013
128973
697063
174297
910248
848942
554717
392869
960412
595614
333644
481753
865780
455261
409841
18643
216621
177173
551249
677403
716088
686979
564514
668317
183926
91199
24457
767681
712642
331177
198846
755817
777895
788466
188621
640262
777266
119940
526965
694359
589475
989327
80371
606400
512125
308145
309721
310403
35069
735233
875223
461213
909799
587385
463643
298175
576955
361789
312853
44007
436359
471628
606611
830683
472598
156354
684620
317378
710214
29255
708216
260511
409207
563032
459676
903851
450080
630576
72356
293197
298811
707026
50664
856696
943712
680886
715729
99361
147888
901006
829141
90460
179368
169907
741341
330258
790613
549553
81288
84897
388646
796716
781705
846416
811165
353069
392108
958829
981344
807309
139894
759302
262572
747324
642857
469632
618857
48238
247718
541591
66968
615524
439789
79346
778984
431890
828033
127970
409576
37298
637671
736631
115928
179941
771788
205375
809944
606657
894278
952412
652098
981947
801715
767937
584659
644786
513406
514377
581892
475990
211008
494515
455671
388275
582530
326654
130701
313886
444065
511325
502996
14266
397834
586135
324638
265127
756709
157055
493037
439753
466127
63754
890954
55728
715839
748562
446580
959977
861450
425638
171766
823776
258561
234059
673937
402736
617720
494676
450521
262985
407906
344729
947676
80765
221144
131543
716284
875559
407160
996708
31838
815736
423594
526989
749371
259296
756990
122510
251028
808661
63985
851757
836994
880258
198607
111667
490411
18703
479666
745864
961617
450377
440232
523434
529476
4527
449842
234441
391608
281176
510697
281603
610097
201219
820412
248631
453658
359421
122452
28168
221814
532201
638872
418480
349038
325615
308876
889918
139144
450820
402452
582830
328889
224977
699031
820195
693009
695235
86591
96771
582484
9518
27612
311343
462569
706206
897064
178269
641196
20476
182821
884629
484062
382426
105059
939652
553596
797147
733086
839168
906477
867778
429379
927001
34196
494613
799699
670232
453190
842413
223777
817175
792661
826909
328885
18108
347467
672445
602515
821524
891890
833554
172309
542536
399184
609947
965493
783934
303537
446971
701479
337038
760988
490494
964195
79647
950439
31305
643712
669022
752615
664163
950076
908890
605503
599002
416536
67135
449241
491411
61344
277358
747635
336818
944073
404213
125393
181410
874675
302896
544209
668225
448077
392443
677147
12843
138647
274386
438070
965730
666883
590152
431736
704791
508789
168160
416918
59927
260650
269004
427737
321429
793524
64832
772274
801616
794019
177
367588
802080
706880
349743
645791
764323
821171
541660
649197
923262
156420
759240
91397
140370
961598
181419
259326
292349
351663
151357
220829
42570
733261
463798
381327
289142
716083
539613
550514
656992
767880
149391
189261
985612
194560
892111
208160
786707
427004
767044
137111
828779
67853
372051
40024
521039
818646
382873
26683
12363
542607
969925
967001
231910
44454
390033
792893
466219
446464
871003
80184
934678
389597
445092
144593
625368
852953
650084
178201
930119
859150
755079
399003
163558
96392
900082
146956
110320
806761
218486
390515
540537
694028
422350
666911
840729
156273
971561
585128
904127
419405
266952
868838
69188
938819
87027
31161
703788
893697
570443
449202
650380
628026
157503
154594
675205
758011
149785
975677
125806
704813
165616
42473
332112
524966
957440
961705
354634
828331
608086
46497
697493
863622
230629
294277
866530
600960
69111
336738
605344
847420
787581
165321
826586
80304
636231
15315
216124
120000
350991
881046
666102
746489
323695
614435
878201
92647
163507
177208
53150
971987
146121
247305
809126
441180
197589
905062
418268
979504
984225
536200
930647
508840
191474
527422
444827
472126
544693
200111
695583
569451
729688
545995
271082
637409
680758
59987
8343
168994
551274
379329
500855
311292
267141
651604
98965
389409
819226
860668
220628
635303
463094
440223
917429
270552
757677
328518
890037
360567
335183
370408
234515
817296
53434
959312
542575
130490
29001
773101
79886
277485
243818
11126
689146
826042
903822
731128
589447
368747
494777
932413
591728
775543
799609
515931
751775
956258
915059
878102
384779
340719
408088
552499
610428
58819
834999
225498
50538
942680
496493
155558
503363
333082
332983
689933
449420
677409
105448
550311
503263
348428
22070
284829
473426
729142
229550
359151
905272
561944
50696
732065
675905
520507
654613
327043
902973
278168
447444
691164
113214
449934
41061
909682
261466
211006
484565
47353
77583
762054
595287
319318
664770
212761
899796
895438
879968
5880
238617
17616
205861
960335
585391
656539
417915
723822
882504
373837
152058
948130
565397
253706
833358
804144
7925
700101
65334
280493
435975
477870
780905
806973
630944
42424
654035
960614
23128
609477
349693
197456
707007
299377
96778
859483
845294
436664
347677
745565
579191
15557
894232
292151
870590
921112
721024
893714
780321
286098
20796
383739
193619
701408
467004
27417
40326
650754
775479
141831
252870
316663
781900
142162
599651
677447
727306
142864
955079
984684
959627
465819
656038
535006
580795
686889
730770
684858
23350
758793
428462
859470
160847
296188
508283
528835
904238
292846
76942
197672
262801
821456
606882
279255
473011
735251
460298
983430
584457
914562
527231
260268
652201
466876
399191
40397
972294
299981
44759
578532
542806
137577
33247
303917
710100
148356
181059
310604
642465
437713
450811
603933
912966
297236
357744
98521
570580
584678
516662
730081
669037
154885
242073
522858
309339
993045
466960
169542
898397
129975
158991
631307
358659
696197
942904
307106
829935
263591
614577
522926
272507
982165
760464
916438
858361
410345
7411
218033
948629
279839
974957
320973
16407
852141
1883
428956
320517
864249
610132
178556
510501
699708
368446
327266
324320
324273
155326
230754
193731
506425
96647
102493
576798
128398
387988
633095
735311
478562
880688
163475
827865
538387
56306
823678
310701
810253
779527
879669
35851
379581
406120
32996
383362
21038
489066
606748
598739
564993
280500
29600
846580
79565
976394
951437
404272
3409
475016
992227
605227
437138
562987
966452
653700
31446
157130
15591
974547
30651
492130
262249
757841
76532
716046
367154
560407
507361
596309
406255
953663
143563
530526
281233
509543
217017
991038
739890
920084
275505
910834
393503
206706
118478
924200
448710
719162
374330
686008
222205
672364
90121
732784
925548
586428
414771
672012
282265
29833
346795
253445
60495
49544
597472
224320
264809
201087
456655
34215
133504
292142
17219
139797
365167
443912
92331
437803
17407
78302
540950
737088
329908
838237
191053
461877
82163
251630
479116
870949
725454
144379
19359
455035
439214
36370
619606
483423
699676
754017
259877
9545
547500
876385
491034
726134
368454
754960
775611
635127
255378
720854
280187
145638
460415
682761
338457
72820
944496
446668
927190
98654
576773
373778
176721
478398
848065
574081
306944
344382
565597
100529
112589
576679
358376
714963
501642
254423
959001
651182
586387
469329
342579
455621
54079
576367
499603
257173
444098
770226
673049
952442
119778
325818
866033
98993
182292
581073
115197
726968
318323
513185
550177
34514
718556
211526
896874
853287
834536
725822
687323
718152
851143
69245
534166
185935
879862
575645
222564
800228
655516
67763
722145
975069
946823
136125
665031
706429
177406
991799
572693
794013
872386
183436
963419
741993
863398
962730
643877
388225
261128
486190
225474
722175
207147
115519
306223
279384
242866
845815
273061
822235
193915
885883
932476
176663
254358
942699
109562
658522
964449
812917
674685
431443
7425
882116
992064
677977
50815
973270
560397
80453
499388
231724
461695
178553
307155
24858
41779
845956
560457
261374
739211
439134
835187
449101
955678
337421
483429
702025
678592
544171
743122
699919
895849
809342
459397
895436
806596
440391
940283
927248
685910
985366
904538
350267
141385
607066
600978
174803
515285
208567
906127
9144
550858
378320
416152
135983
40188
325412
40775
350810
505098
942036
500133
936072
881037
478722
572898
238633
942618
794198
197229
98266
387125
164506
984438
372831
508754
667461
706814
165550
786568
634837
448151
986664
22229
816277
918526
161379
51016
664958
332433
322082
976783
198266
801070
284198
973405
788996
379370
656797
665719
725290
439019
773945
776988
62708
194083
407964
560207
982175
539305
377007
475010
359362
828277
775506
699937
822546
774328
793133
916216
380033
816534
169765
852097
311425
719361
233515
764750
564966
355443
333166
512591
291753
528008
929201
431297
867656
103861
71863
782068
839051
60073
628314
926839
350882
960638
421883
388961
635499
3740
819283
790910
534351
46059
305192
731541
953868
618354
605404
122451
334221
603217
948576
430102
759605
894999
242949
112023
404346
748801
852275
950964
646702
556048
812466
213593
886298
319750
341221
869515
675267
221564
66072
131664
948366
534563
456558
978879
665727
234005
423421
820384
199581
906903
932021
927103
764850
791534
749115
402706
306286
900634
615316
902212
302571
736499
888124
89117
320524
910367
382871
955408
675902
443438
650111
939362
580256
128210
109500
481266
832511
898110
691281
515625
843706
662361
774963
438654
112837
925407
445525
350566
41736
586261
415262
491671
52007
841510
395580
195960
114141
883039
116882
145191
201857
276996
895821
75942
181931
782541
186964
441059
90032
225664
500509
976290
309576
101228
824157
735689
669329
253951
569816
471623
151277
398213
512662
394786
70726
503741
42486
877469
769457
995034
829980
549378
250992
429139
274437
102481
651730
682023
259260
973829
676469
811953
464294
975295
651500
969699
236343
899922
921595
546082
153351
729834
471231
633278
146367
99097
472875
654348
3053
108480
344492
298722
678200
573974
209198
951087
688173
158424
498616
509621
960695
156301
244467
73635
448301
82421
9160
534611
895110
475021
500390
454940
889320
10050
535715
223125
644701
864752
297210
665831
515943
515349
777267
28174
966954
781975
989664
512108
292295
558382
101187
346570
452746
978607
5901
386987
823929
573238
101249
429711
940557
633968
502775
588225
311549
917826
931837
976733
127029
231322
729560
55394
130214
612688
115048
745903
751286
543864
876585
280222
949784
233862
692630
787578
642871
262814
853032
468254
273229
170936
11324
410987
941008
588077
710418
56421
156683
138464
382577
647531
28106
41676
237993
908881
635502
613093
841328
204187
498145
800685
135278
347929
903780
441623
362516
202586
253636
387664
394087
214670
730732
68526
975003
984892
866835
365048
674138
338844
135190
737360
750116
665170
474464
593913
231696
446983
320133
871817
976944
564646
454382
132460
843090
863024
631663
964114
13475
730301
425461
528630
383471
395152
975067
620428
975747
298453
667
926791
595828
823801
303969
757956
701432
469990
672891
695894
345137
148506
913453
486191
573258
619811
338402
102695
3066
508217
753404
314924
818342
934647
973452
736903
615459
677752
579485
830790
276569
65802
518891
205324
142019
84818
429553
924529
490578
734140
798112
364183
794993
630364
594476
13642
365028
569190
475903
195667
780298
849350
637905
116186
985025
62173
694223
500981
212520
859610
355576
642001
793023
174832
460487
380347
54827
798265
436555
257036
174295
799847
474322
974639
100724
633698
495427
762704
651808
699204
808331
513443
53733
483373
710768
513678
185368
576835
490305
114484
762658
884617
926958
438175
434843
813915
981620
623946
629138
44228
330353
561864
526057
618812
526997
57427
41437
603201
108089
915189
600676
650320
57994
876364
705135
87616
361949
116734
193615
295740
799271
108346
80307
645339
279812
767078
707087
376862
481205
54250
634329
987141
655975
867353
546989
163470
8430
994615
623569
52427
217745
927019
581266
555358
504254
807170
609037
203412
522142
73949
705226
834972
520323
907449
620034
572643
155966
407833
345345
273485
914126
221650
422374
684945
463923
964147
897224
568305
9888
911246
474163
842453
805326
440103
85648
281347
14509
598457
327138
888317
420789
91935
397997
976504
696539
100710
30129
911476
161184
108012
759508
518396
491779
738548
94941
761660
975703
628682
87644
95866
583983
952653
408488
893683
248245
603678
484289
640659
718938
329188
150867
815247
398376
269753
657180
574115
178227
419252
6180
882467
461293
117459
831723
905280
282841
474373
307810
430490
429272
533266
624783
832828
617183
689832
521363
811001
332810
514243
14024
444064
907337
284663
652164
978590
31160
680157
59259
216881
9229
360728
604673
46021
964587
489603
686444
181421
874323
345081
683351
289151
853114
421056
785283
406988
747125
9170
707545
294906
369105
424714
634827
817408
86079
489064
811352
461694
793836
799233
905262
497079
376111
939974
954665
970476
771932
630446
363706
520278
645429
733315
343971
655039
601984
836806
925278
689021
681012
162944
934749
564108
19341
490407
405997
262087
257151
510633
973364
909443
387463
813655
708953
584712
312988
634865
462210
619117
15045
33290
202872
961615
101700
535768
955496
287085
977904
253338
419331
580579
656928
624294
363972
145857
424899
604366
443729
331976
775565
26606
897403
865985
285196
129173
603744
275641
256665
556622
798384
41244
478825
941002
358540
535213
174787
194027
571402
163807
488908
139311
134293
917971
757182
717431
640690
997871
465079
31156
398109
76014
529965
282130
882955
877888
822126
220839
960797
37288
102737
929110
429261
677262
30498
510553
999299
746038
483441
307118
98983
931417
488121
532730
815008
815505
150440
615114
645160
347245
450123
315252
78089
879780
828632
704412
689079
223015
292183
486098
519944
784719
997869
543065
218196
98934
573830
124419
648101
70305
220062
495031
478939
273882
804461
729493
186847
790749
127085
782384
615746
746920
313481
149690
755889
270901
235555
582654
835927
622404
374466
404486
652879
41489
301015
357852
231108
4198
719594
905838
315880
358153
274662
506059
222989
265941
937533
825033
647587
152678
975673
570057
760463
311982
744673
276371
312804
801637
453124
651803
19520
672477
103845
344997
135174
438643
218882
307908
801523
777505
571075
354686
384671
389105
472124
600971
512658
332492
568159
61052
686977
734257
324225
345529
616932
331265
555335
907619
334325
918134
344685
913880
8902
528820
454962
600596
995007
127224
467300
806900
523508
60333
515523
545814
21215
217885
797909
30045
645951
389508
829958
350993
704524
79681
825401
787107
977749
87398
482415
673230
210680
964462
622418
969368
988925
904910
734431
579447
581840
92772
922479
826449
913370
144908
833824
911196
933947
813586
522596
548005
660390
134081
715238
51116
740952
389722
460436
7723
437430
988512
962125
72823
30786
957776
618537
987648
287993
56239
497823
918323
719693
421691
271255
304062
535482
861123
979533
797939
875527
988051
51742
791750
630172
968775
98611
139121
99770
799296
196615
525943
437914
835125
58646
542276
805222
941857
5540
58291
356494
629402
53414
449322
490633
868866
467537
661728
464873
142486
301822
511295
534616
610020
275575
426213
699380
916569
512609
182404
247941
768696
969029
440552
514839
964007
576829
523225
433017
177188
887223
534230
581136
947540
523433
670530
299096
246332
802193
686427
788793
19849
757927
231652
336706
657545
644003
800165
305668
39292
90084
132105
508557
519621
401412
550565
75072
814651
715189
983128
317582
360349
34967
370253
29843
160738
8410
266205
599119
342125
615627
128850
608575
555807
651261
285702
568791
588871
741461
755691
107295
879348
709553
455844
548967
257836
334901
998927
54888
634357
935604
3814
308217
647248
945720
2427
385386
349125
694575
352929
640769
594777
140146
89193
211279
847133
359026
742538
347693
969825
939905
562074
133336
52101
758267
579897
209959
669551
677647
639629
429541
893336
922350
369639
323471
803777
947150
92036
358635
425540
260571
971504
657475
650821
148539
990341
963645
647751
634556
658258
75736
1435
780573
905239
702661
632627
229046
186412
64991
139028
931524
183232
152521
452906
176085
675071
332771
545845
804364
326797
323240
703457
580050
723056
523495
325108
568921
174602
121116
223265
317390
802115
60203
689593
819419
1605
369848
372993
434838
754657
934949
756254
621449
614863
978921
960045
180830
948242
856394
39535
210279
217402
848183
421090
756296
618179
172420
411435
938498
284059
744706
982638
585372
227393
234618
111168
135919
898313
287046
99444
860815
88124
936717
529490
983570
70492
234841
831526
918462
695812
438167
721460
875667
336878
549866
192393
969073
684751
649324
412332
856295
199069
532930
537652
745306
774768
978394
674995
469071
701638
174532
521872
346773
503905
199850
838834
908882
174987
340077
726040
629160
725434
250974
566662
437443
522574
776662
897882
653506
657974
956659
570109
274815
276723
277935
637621
500221
387701
71006
897558
369581
122593
510980
739545
276253
426164
469904
709125
662077
132801
440377
344265
148304
95190
413364
323883
999340
168125
580303
855195
458477
527198
370285
817057
790652
598402
785759
302966
722487
491122
842651
918830
11966
467070
365147
446546
710425
805401
412564
709388
19337
84193
243921
913147
5674
422397
86124
649319
556225
347232
617833
592974
602472
132266
680047
92317
192275
517293
871716
964858
219902
436876
681444
852926
637301
812352
676189
160512
397887
360052
902537
253388
952424
828560
352905
867315
872170
515604
861723
175036
854583
576474
307704
257336
459878
67581
384141
61555
137591
280409
721811
771015
589381
274088
547789
911626
492359
308043
331998
438503
343682
578474
882436
494026
829839
780594
479221
763765
95876
587965
286548
90352
881922
377232
400080
719773
479323
733821
226265
588841
539613
499625
590912
962975
900096
455464
714475
911767
948455
16196
441457
632523
188822
223133
722776
618825
262385
228138
57128
491781
742253
924637
676011
43398
177878
542053
703172
866689
12347
148301
784682
291203
983801
951938
572607
354119
111395
803121
866769
424679
214795
875855
404716
213936
149040
398962
217369
190222
884035
371933
707320
487206
952599
713305
709621
39299
192486
651070
936362
394151
343290
804881
371345
230915
17023
974023
902052
297411
803810
90216
271635
54784
649765
853967
915745
506713
313090
738381
628892
534108
679097
281518
163383
954525
355704
616147
188102
305705
531558
260158
575829
980501
596813
5101
466596
141423
402786
153309
781443
950102
30385
300335
979910
614950
601321
89896
606310
636747
918530
117779
140916
493303
859143
436801
82362
27886
52483
217521
86832
24126
896396
502666
859672
866061
461095
591685
947575
52618
117270
966183
673072
413701
611909
339180
744766
463707
427085
226304
975053
340938
117858
490662
72694
327395
835296
734843
670550
841821
268269
82261
836745
512261
198026
584902
883656
876115
206907
87868
433949
57305
56913
359882
213118
170901
454353
718337
5838
484517
657987
831736
827179
410586
42264
317676
16757
42916
609464
762176
840541
220781
741608
238757
836133
435651
914837
956820
660217
236525
555071
468024
329258
771358
323269
699754
527619
332359
924681
495124
942474
899847
79999
362423
711829
609022
551959
433415
543045
124607
842693
721651
634468
663908
551785
305347
706263
274107
206496
762011
431616
930717
839783
621532
495922
869663
154022
758314
201873
376674
634401
700872
305222
374470
606582
862942
739229
158139
636948
706333
989371
24055
277049
435513
662143
915908
199205
394325
261555
399217
173152
413821
429999
914728
987621
513356
723978
733984
725610
938862
652030
53033
314189
123392
120215
18980
167324
689748
493656
699157
988033
70032
785706
820497
449096
290422
838081
898578
353423
888190
838030
504745
1737
581599
342554
611986
857838
135980
251718
823779
758595
89947
568348
195295
161665
447074
753553
584423
191077
777338
711706
371344
898131
282246
315751
671696
658792
324108
518976
777489
108763
313633
107387
968232
610382
172260
674519
560479
332919
961824
531001
962734
641830
136149
891456
444041
665778
361617
397639
589843
170692
188919
89078
750512
235711
186017
894085
567799
229963
319394
201679
258503
972989
120484
994638
179953
212644
852784
464441
241555
770419
866893
626231
28100
973830
685247
343934
716523
486098
962992
786701
608234
436718
595245
499842
134392
585016
502343
149785
162701
91621
392666
294593
150262
879913
140138
466908
254024
994303
920872
315540
381233
270486
489493
341653
973994
910360
517118
815018
68232
841431
123045
497784
550834
332822
521600
82577
909805
720050
870299
721846
71891
36396
785944
194860
25699
516820
850839
360377
772273
62802
847344
197563
760190
271956
994781
15014
192098
60047
532661
529560
335078
822516
667667
866459
560750
247346
522965
451574
913875
114529
222400
164848
280527
496018
957185
857186
214929
545008
838798
176504
361201
640082
101291
728260
234622
415073
921545
974142
918898
669857
35401
488348
748935
828509
589022
488010
937635
497523
127312
193159
942446
752889
440156
748187
272708
314059
455929
54008
544326
200563
713333
916397
752651
880883
581566
578177
331188
798193
271293
627186
235037
842240
603933
659978
235696
443911
902826
398746
638995
488080
321556
938006
56321
140783
508370
563661
565303
35725
228003
421635
47236
755536
956207
400812
259331
32552
527244
969543
183654
984761
326750
830229
758376
42144
166230
895029
653988
243044
670490
261022
263492
336955
609413
398456
747282
387702
688005
814039
832170
874761
411235
354325
296976
875707
872160
948426
766750
285734
870906
298475
781974
887916
65486
372220
380118
602999
664791
238963
363561
329322
248084
359211
774393
259049
710024
236545
222051
619905
933083
540815
334819
484854
821854
396931
998894
936872
604460
285019
9183
770337
554540
138687
373769
372669
433778
639162
661931
587958
54469
901910
603521
89484
373115
435860
574199
351693
475649
576901
709561
498182
129911
598344
139685
506246
899192
1825
204706
492427
473655
680113
394762
922252
419076
179224
432963
866530
699246
911972
956011
166484
309379
561780
749297
231678
837875
436909
319425
687196
639443
284952
722647
516856
162109
452695
478325
982254
628500
71810
982127
961113
544869
347235
794468
413596
958441
347465
362567
524175
500199
523469
375451
248067
180726
389663
379453
554868
869792
129803
151963
323466
978531
857294
957507
858572
412433
194191
57750
420194
667351
128956
896091
884293
551002
6210
134959
937349
163581
898856
830042
15030
719039
387401
265534
114936
61826
924908
704873
551138
451174
16194
88841
556299
823508
240891
663935
612084
894167
21829
284748
787605
901092
73186
690536
207170
946362
807204
537073
653626
780068
724616
705984
799500
405212
550125
394520
540839
669450
607087
356856
608508
607593
699300
893968
638802
950539
2802
6160
996774
368371
843276
636571
669244
103776
213959
749082
972934
832553
900445
323566
392240
590275
109821
315261
544454
522208
597964
645357
130819
668850
673980
923119
144759
955790
513159
140979
775187
754475
108617
57977
15572
737865
346744
945608
293962
544494
826305
109111
328260
80203
269567
572520
484187
76414
258522
546197
609111
809521
538170
524994
277889
696863
847271
489874
923526
252919
155583
143606
483588
386329
535058
690368
16500
714493
704798
150550
304117
280947
332770
934593
876337
322948
857825
925541
545646
304376
73013
17483
473971
919601
84620
527450
373396
877749
188036
866405
523420
238025
550303
109854
298647
106360
458595
675175
682617
926643
266385
641417
878510
398418
336767
444221
570175
500089
310740
523368
145630
443157
478112
972325
469070
120710
351702
412602
19825
155351
256294
750315
283760
474856
163771
327213
359489
150573
794574
99507
643160
750991
880805
489317
48812
321520
20204
749231
789924
435020
109742
196278
40606
119547
385136
681252
314460
921938
18346
338724
144460
601642
636579
673386
788851
421496
132904
310057
304757
394587
763304
963496
702403
970037
660847
335471
820449
685808
908861
859099
444115
413282
354947
265553
907235
473803
102777
284751
960018
682363
932959
328990
984665
156049
636750
339044
763482
599454
298425
625238
569384
236583
388421
768650
369583
866441
926915
517802
715906
733111
165574
851653
869376
763679
291750
665151
380449
403435
453071
882921
753826
76964
24966
238891
39435
824816
771066
773150
121434
956860
49155
228918
923022
121013
473145
126044
522897
12335
590323
53018
377218
234025
87643
276464
139615
20776
68331
510915
334924
122431
916038
712117
975298
612080
337141
894096
827159
598573
30972
833691
359781
233015
653657
834447
991962
666920
508824
355108
760092
495436
652182
209092
623574
32233
713808
337121
337188
443295
367782
637154
341079
843178
963058
601336
115109
63045
331839
794639
773168
575209
423784
17441
589873
164212
239311
922276
571777
789860
61366
716708
530308
323778
755901
482283
829746
17883
151801
725020
488259
277417
9517
64415
880823
355601
222695
868406
970815
314182
638137
604014
223627
800971
299091
690930
463153
625493
938618
199162
276279
591950
89959
571424
788989
881718
789886
197267
818122
755492
368297
748388
623665
277867
105169
401918
803231
114520
31481
175795
201860
219095
818166
975665
138268
120628
943055
585683
733657
580991
552109
732116
9903
212810
809087
623070
532155
433740
994797
446400
464017
122664
379318
465663
634784
973895
667432
632131
376452
289633
915259
211762
954985
379675
25291
360602
458518
876683
378673
685064
682653
2903
378492
80694
423582
932283
352017
636448
402803
744937
153692
717495
134715
923466
386674
924783
829766
742115
740677
444467
324826
356435
579395
233016
79840
879992
485259
570671
121774
101298
81100
891732
663602
148095
757628
489572
965111
750406
624755
789419
45847
265647
417570
795323
809086
159791
700402
628857
742614
107873
951805
853009
782357
584336
672931
243401
447711
487953
581770
290227
751064
622669
768118
119421
58314
737949
486401
112162
658288
153742
314295
917443
116957
334659
533904
417040
710796
761018
123595
722208
930053
369831
648291
428769
231400
98428
512560
772457
180569
230090
699613
441579
990856
49665
654722
648965
902491
430419
110942
425333
796667
940727
152754
457836
556280
77386
710588
135931
876826
422608
254031
951850
472197
354967
972811
299624
488519
805756
900671
257308
244866
48583
123160
917081
550961
121842
848259
941361
242584
391559
157159
28001
849740
749735
950264
672041
901596
289894
46394
488127
886747
902996
150099
153113
591819
111255
361546
666664
512040
993332
34018
318757
243086
798700
855949
164995
798471
715715
109583
584260
292853
28444
623152
630824
479960
515327
203869
698432
62589
403453
466013
400352
76356
494827
331755
288690
879308
698057
240692
284456
387581
143495
22830
313673
151793
779421
201298
240109
672256
922072
754744
826308
389158
723445
344526
527888
575955
725350
540597
915827
421968
16689
319737
286178
330313
889080
858346
299257
668923
365139
401371
326889
69883
486425
16887
428748
257440
604478
9275
577305
112782
877654
988115
277619
546720
958840
817813
226780
494705
671614
220180
392262
528519
155432
258786
416010
777373
729888
577958
572914
602508
476568
736278
667888
818965
417167
262160
632306
5965
671987
684699
746253
781797
765985
376053
518230
494485
344648
315032
495248
254501
337899
86414
906111
182424
289476
102317
655451
744501
78598
486322
226208
664627
594300
556598
678530
392576
322765
993359
971262
148270
941792
214342
92556
813691
925404
719280
36209
797115
938696
841899
115312
551332
379666
930999
954336
301814
822315
783854
699417
31813
568527
773601
553032
568676
953826
819729
373603
416624
600950
158919
373302
603254
278697
504208
680155
340354
708012
409
557383
224645
51678
34339
537601
78882
773782
338722
300399
57685
272384
223992
321801
831936
952606
948041
703342
549012
648560
486330
558229
577304
925423
916491
310556
878361
685171
350479
120188
113134
380404
344644
606622
53159
926189
382291
824902
253714
945500
526885
574702
175593
894566
544159
702638
715483
792664
261948
46102
471349
559113
108294
389342
376749
153627
575345
321333
495115
452768
73364
799221
832885
938841
571972
526136
416917
286297
293711
397828
276777
212616
51602
832929
760422
509571
879608
58252
581066
221473
567375
794756
963645
89425
258632
322753
775779
677343
276555
7812
521217
882901
817333
510281
28041
253630
82671
208986
493379
212038
551276
520638
51034
543357
122815
781390
98625
740858
344150
479719
155072
584796
474135
349627
669023
647788
577813
122242
949229
670494
54703
891791
173037
344566
128709
417853
353374
226056
46872
904072
66726
80663
707389
301751
370010
762271
688062
313079
950828
622959
881549
656068
70450
901485
617382
321088
264463
352957
694720
639782
379328
8701
186415
680984
8325
836008
552473
778516
691497
307226
280274
540101
564528
669298
126615
205494
125981
37139
157668
841569
592989
839365
752306
609574
462547
40058
96721
786007
888961
66922
215005
625072
996240
471583
953120
7844
640252
948749
539140
871634
740446
996761
489331
637398
218199
389754
678989
176636
658262
232125
964101
429264
60487
560738
168729
930257
78553
229668
443115
257668
468265
201814
649473
51492
754768
518697
174294
899062
492614
884618
952602
842299
51185
670696
718925
319
82126
619347
564403
825231
153851
705472
115573
99016
75358
330921
787412
571529
420342
934737
888138
405322
416380
140901
893503
177030
774581
577150
605861
913812
788951
326084
338992
368788
354965
454636
587765
219524
660233
745633
657054
158834
220861
809921
747336
70924
176470
553278
382713
14227
15390
900453
677377
938158
135533
179003
613804
670683
269426
772035
109088
881856
353891
261469
731098
340384
955071
360713
824384
503913
554748
339848
79074
342313
416211
903075
118161
633441
565540
57541
90204
540850
557574
45571
71716
722548
572783
462524
702555
735462
687037
554076
750045
826751
746527
859706
279210
679843
892067
502497
9088
936881
526172
331692
294225
70457
142319
609547
957350
423307
541626
619810
85840
976299
306850
205968
490886
678176
444280
383501
704288
453483
121672
64428
702255
70677
755069
136448
482935
823393
624372
122779
714634
480481
608155
607153
398081
517221
301830
494940
485850
823438
782286
857401
449577
924352
260710
627375
828540
227574
581563
620432
662992
323887
871943
167767
400041
426246
60019
284177
634962
247263
547751
52121
722033
887549
280751
378748
960966
217905
837707
573371
657088
416813
213203
266158
497404
954295
617221
178053
295131
204409
363757
567722
72766
539189
238575
673474
142241
118997
971188
695571
349457
717152
448367
209216
216843
878089
535051
76911
518323
240546
162163
710475
71918
813038
110013
828837
683356
381395
624308
506869
112181
766126
853568
830143
248703
774593
630964
970385
495657
796871
686068
683561
465927
584233
925569
237683
60587
289033
545251
13807
679260
126715
438258
794545
145974
178067
821312
216898
584414
481177
8038
855908
603551
601817
19178
720371
670502
911959
299210
686119
436310
721312
171112
476406
357833
222332
166481
962646
75364
906496
846571
502880
817110
154240
103163
417616
467501
234721
887377
948905
906325
199435
368912
302134
719853
889726
110878
821546
877127
727676
825892
276329
35708
176164
15298
262304
231146
642463
75859
401999
789132
304115
858968
881639
894516
16501
374915
710221
858535
737435
34786
887614
539605
394160
320678
653582
410803
451872
90896
938441
301495
933427
857783
605818
688688
861975
488376
639817
278591
117717
986682
917567
259573
331174
211036
343014
968651
111071
33534
235148
175608
515911
697577
981094
185523
24137
368220
741904
430725
527492
865140
244466
656201
213568
48246
8639
533443
122556
571388
568791
791131
534563
111547
633548
940405
155868
246189
768066
667438
343040
87519
583920
748404
123815
930649
375235
64962
902171
109733
983905
991991
456174
437310
202826
193874
229864
723222
921819
798668
804120
544708
628973
739602
852619
25737
511194
979102
958363
263613
301855
894961
86751
231067
966877
590639
343808
849702
868410
550102
944043
276086
208613
367964
947106
348578
781622
133029
942958
241547
318195
375582
70575
744579
8047
699129
94611
956505
10892
622469
146277
686786
479714
122345
47741
768422
473272
863357
395734
848964
188463
75204
753148
381890
302399
892938
512740
686805
475800
860439
999318
693321
360042
415181
178437
779053
117504
309091
124671
620383
992263
119038
670911
705136
96685
326057
413920
714483
972133
881521
99244
927207
997383
355744
995219
409982
185043
297108
266551
217801
877782
331706
16676
645443
270053
470508
142493
363383
905222
10469
826001
317646
816111
114845
513069
490425
627366
446278
292491
427959
3271
503841
510664
922371
430884
337597
526963
623966
505734
536653
401568
184244
832914
313765
706013
290606
906759
860369
230268
712915
443044
933202
714063
58459
455463
95094
171506
369938
839855
74450
952450
937126
439875
163999
710508
76493
718507
101743
85856
119829
670012
828042
705955
710281
561842
211113
571908
159805
688117
414542
510758
555447
178366
897406
269244
527930
70099
384605
739220
25328
411054
628196
967306
249075
75836
572545
32541
221816
854977
851851
544542
865368
201112
922719
151812
324732
269592
766684
998493
721957
121427
956793
617503
570262
362616
695422
803165
82846
361240
546981
727637
164614
514053
853518
32550
416979
984662
191001
345374
231800
384776
20900
111921
831515
334143
389793
259399
639042
852394
444562
717548
30682
99652
365604
49579
126500
660086
36773
142580
907452
4185
506084
667962
252552
563482
618148
199706
9081
352183
925692
841013
60609
237990
748110
517086
513361
395604
40994
116335
176525
509450
556510
760310
807247
967596
627428
883149
768341
129884
545032
101639
946184
410171
902700
722054
779562
63759
195706
366890
819355
80832
364862
908644
145607
163005
154782
689000
706607
611964
174326
721281
290963
968798
619412
373182
988921
805424
500365
308362
163037
610254
613818
484314
831926
369954
337043
488703
327392
295178
840998
120539
176106
253272
529843
482672
300222
694131
925031
517140
59241
507354
280115
400833
687431
134473
38281
802697
262540
416628
882931
60454
730353
90480
281999
842479
140281
288241
297387
172263
951326
743150
692601
317296
230621
982049
522351
992349
453467
781482
685438
42469
976754
246675
467628
132658
163293
380462
340304
44377
645244
82395
597034
421477
153091
615974
935324
633356
221125
587277
778313
659267
293721
659614
162825
566125
7270
667647
71366
203886
494289
374024
689590
565855
204479
731338
550325
294682
951433
651507
897982
42612
854204
987721
326981
370954
699849
984724
510901
230708
159952
315737
428481
408343
399619
302208
40489
966935
917306
446359
237771
245929
897171
664879
752483
448454
828868
25956
753569
33083
603775
308795
621542
854429
403392
544740
685274
921627
363446
525982
77164
433516
512716
861369
159079
149991
910866
691127
113774
684017
485069
210060
822356
560208
903511
904261
653338
731422
857780
923205
80966
409178
156915
815209
689500
584409
423934
642509
336316
571418
811582
735720
433047
148534
72365
418003
281807
916022
831481
658215
22251
226943
537874
783107
931571
453800
98705
809261
75694
414892
448644
68560
303158
165115
805338
551011
699445
545131
662440
22955
567038
391435
153173
27030
435466
603032
892520
72648
205645
558729
253292
446452
79924
795205
124670
703840
926526
125621
930547
926794
630388
490867
970344
125097
637958
366561
758631
985420
406020
57943
784690
1503
242485
426420
582320
624717
542232
829525
408241
32511
114101
854436
652832
405441
876510
585032
996484
450630
849863
229114
656050
240578
932159
831608
712979
916405
536586
49746
220750
142152
781021
864801
824594
248464
528438
953239
190785
287407
501525
164338
846652
602905
233946
194891
115783
949876
333372
774411
652121
115929
719523
458236
811331
763960
759140
668413
242042
707672
644887
261840
4227
224635
307861
442062
487546
529567
384531
248058
305278
690209
158678
403698
571132
788733
986322
477505
165399
581296
504995
470290
978353
295934
947559
284095
528153
696912
651510
442248
491665
464885
903358
785568
750074
535177
532736
212768
919198
441843
118753
695199
444186
405960
122094
555417
329830
548749
343791
387211
453059
525657
416870
752225
69824
395545
593125
969607
824488
183341
174793
375580
796619
703152
691350
479173
880743
299094
235696
209950
524851
75950
483508
241162
250057
743238
833905
248107
986798
222445
37063
7981
601855
48659
550810
809021
61689
861517
126066
381976
421604
697973
236786
219838
499869
345839
404402
464133
962559
972102
54652
769225
770605
739252
800352
935617
623295
666624
114228
801389
542983
224194
418604
276907
977727
419586
432081
106409
76560
601983
606433
148597
306241
386379
389252
854897
596986
140115
814118
444578
964724
132541
631157
927143
322560
154410
371577
137670
282544
991963
659210
790114
188902
713775
208627
800649
515511
487498
380322
582314
380411
464978
374600
447268
499188
99987
183251
64185
956120
116034
312133
776353
993212
856863
209137
12347
847647
555187
756946
874526
526289
278329
300104
334990
196222
664985
963376
449034
923483
905935
747806
454914
907500
936043
157306
237926
536239
416945
156404
612762
378601
634720
747301
249542
626890
65488
173636
524233
636159
355892
755521
865421
421141
315136
445057
83445
259269
394276
294967
925492
622688
969973
935964
123703
674136
214957
200650
128706
475688
841609
808378
984665
594849
381969
918040
71572
22866
482740
271424
491862
304148
750737
899800
665239
191343
953106
249226
557148
224492
422067
395292
467464
901241
167201
931949
970765
12402
224125
237262
650811
461586
957183
659258
488633
290229
500023
108852
596497
42313
985391
59068
218468
866577
370477
622253
989759
100373
112149
804086
451398
204458
375850
376883
621773
868825
275637
976295
483974
110959
832574
578520
233108
519201
273335
296135
990398
647961
730169
445515
254847
498337
597989
549193
87994
923051
254509
450514
742346
919290
355115
669529
752120
210609
193263
721615
699014
724278
659222
299677
84200
572035
626069
975549
454738
455305
26965
117046
562412
52801
595385
745394
680611
169616
360443
247741
110041
665237
560116
744156
58748
468947
834682
490568
739316
72438
366947
709894
623030
594436
175656
605220
470646
530209
892837
121618
579193
121470
710653
383258
80264
599200
110171
637373
620544
223497
842387
742252
624967
996869
456358
590944
151449
232594
871524
858710
938944
842732
973036
957674
139298
784181
216399
38159
506676
467262
442835
21417
980877
716789
972500
681479
481813
440107
595844
693248
426140
52031
595218
164777
231047
508140
820521
826416
753893
493293
160335
774296
732319
103689
741422
835857
352974
310334
489840
802931
689191
588814
453315
772823
624209
839136
374460
530898
874903
358485
990295
345103
458745
935721
120093
336648
322717
13633
602846
434977
168035
672535
836062
837153
110166
144638
425996
579277
44094
3348
191341
463843
191186
151748
984408
928112
49674
255733
907610
367438
144275
630419
714169
846846
44636
571128
388054
657054
432654
42742
895724
786886
591640
481091
102581
587269
633255
138754
282091
212659
992309
572714
661739
762355
422457
229525
4662
234952
510524
807783
333202
901776
734092
790809
64206
923616
179721
622433
327074
255230
635868
279168
416436
805813
885384
467303
623479
573785
276056
609607
713070
747927
915256
821940
818255
85240
679840
199349
152002
793330
936555
99818
476872
625643
184390
945370
679353
563467
562180
907929
828518
853756
208589
469266
949085
227009
299575
861239
122442
57648
705901
962114
56826
133069
932811
631014
41147
580165
348300
601815
390176
337540
597595
774067
152417
306355
843141
665099
566750
13265
662160
290322
851332
895469
963621
861217
265481
14974
26216
620069
582225
344479
928808
237926
672242
988713
841202
670196
512661
373103
740608
467696
113203
803280
208527
20468
555071
564221
979406
910688
135075
204296
668466
587522
914850
930532
807782
564001
136028
322687
677984
514599
882160
947321
174607
616
2043
579903
618673
946707
201023
367753
258944
271924
981792
889004
119564
351587
480583
470876
457636
441293
271401
709122
537710
670876
656610
652662
328662
920838
74299
930457
272419
286191
805323
248786
377637
896252
451961
124643
388171
533685
107423
695847
973073
518230
593290
164010
497110
933299
268510
779557
878475
835013
974486
899220
404104
231060
942314
777270
316025
802435
433225
69729
365045
328499
98694
960383
864047
892821
377103
853993
193349
99344
994519
749470
905974
852875
276054
621727
40817
278487
636710
110891
698952
444668
580622
150226
960899
84255
975388
117817
214417
463757
620523
399465
432986
570406
902980
244755
471151
613288
819233
245412
100771
167447
861581
380609
219699
390790
808551
485408
174880
914757
887237
254274
433630
547048
931444
346064
849637
244079
827870
922321
26788
255191
502213
14662
825749
720252
137323
406179
4203
445609
220436
720234
148137
112574
548323
650021
75980
505405
942754
335103
939048
513265
323549
6527
187985
362043
199725
332578
504688
952058
650770
375381
51189
413590
768762
640140
417451
293034
998942
989250
641575
680971
567564
416269
102362
501177
405503
776029
429766
314530
434026
323537
706701
409805
653588
544373
919909
232553
657116
833564
489256
473843
723998
974806
748360
289470
227694
725647
407968
998882
57921
249604
128293
945347
996716
842786
678139
69309
192324
83581
144676
277097
162724
680554
86291
652431
473356
399609
484383
739688
583526
21970
221267
984782
153061
492011
860642
555970
575174
406115
211064
430874
728569
98238
885291
691973
697688
806846
951888
46140
40597
669594
812458
773383
925811
855517
198910
892265
416235
386334
275458
978730
118447
815128
190707
57727
503434
839717
498246
337623
773926
199708
138614
565060
884968
515971
521468
405380
343862
58483
138077
663212
645720
166663
894365
443248
803836
948288
655569
284497
251987
712633
945746
737699
770266
308801
795790
305594
532659
7066
320248
418993
197553
636429
73695
592534
558771
245288
614301
931765
920167
239958
371622
558528
942640
59545
860864
442456
648866
261798
976017
363386
684202
77020
912532
287625
867531
222691
343526
240627
761987
869341
421309
340419
479308
140876
939767
80067
526462
115840
991376
69964
462033
619258
74670
653804
623105
681763
358935
6066
115082
143202
478338
214872
97427
753118
555851
755278
86439
230032
348991
26783
309278
195907
345815
475522
709018
329195
224130
364672
429805
98272
313179
125244
159704
545909
427578
671844
654255
797689
410406
446259
941144
528394
322664
303072
35442
888016
817659
395046
665553
167837
999007
161393
979688
852895
356812
159330
621888
592896
232068
923903
269412
991706
509633
403578
537055
240090
940622
61660
409565
348400
285042
810062
160751
546160
25671
12612
563818
174408
394856
57735
304303
131230
881800
533597
617604
818566
832352
700054
364385
998749
395264
398326
882440
290501
165063
86970
832267
304061
64494
883849
62769
168539
822910
135032
564979
636393
449314
361210
396321
220058
718935
558499
592098
30183
848383
797591
232728
877067
465685
892435
572130
24599
892667
73367
858811
233714
691504
951151
518400
50545
483293
914397
77774
546831
398798
815781
674569
499017
423870
977141
487354
872793
758411
143598
23120
481292
721672
286163
354695
608514
945713
578253
122982
742082
194809
529688
474274
550200
483136
209614
25824
37068
413601
898062
732632
208543
303207
535753
931285
622372
812511
116137
224729
693785
928008
85213
894557
547489
588263
42821
194549
90176
539383
28535
234834
639026
567742
818348
382114
386408
760955
971083
669970
449952
69692
732751
419379
494432
961612
891607
333818
707726
693832
524938
186594
837295
435090
80740
52140
41722
356191
492322
67462
795864
670700
471046
624138
470523
402318
706375
583325
864408
45734
405081
617400
177922
618482
803476
10627
125156
857729
419331
841821
26075
436863
958732
531384
627758
667438
427319
773858
547755
607926
360604
40542
853599
401683
439470
74545
233329
954028
930782
991928
855323
255812
553645
638966
735366
366025
18385
387564
613122
844106
960131
806241
350943
475782
316323
370177
641450
985567
98953
664482
906823
523118
520553
358241
854312
328176
235170
517227
234343
104413
719203
180632
448390
335065
818426
97521
424256
917379
739643
616466
808843
287532
460745
4267
659949
944418
76356
804768
321976
719914
918991
73809
199396
161995
152572
707315
182343
926663
276055
717533
766067
336805
90060
532319
20972
185577
61237
813901
247620
986278
900036
704857
447574
889194
950026
798686
26843
43159
383970
980857
616684
859985
216956
623826
414804
818515
380041
579513
249809
381340
910848
662635
712616
766344
484748
793907
102306
548729
961746
10861
94374
727220
334562
587942
961268
503176
564409
450911
798651
167528
758640
774256
310424
562842
97094
743242
197741
283208
186885
571925
220057
731380
800339
235384
475289
515145
277463
585078
805499
609228
439557
520821
257466
848177
428552
178331
323515
597002
200587
394897
734371
318234
99621
492201
151315
353544
125854
212828
897089
594031
875426
366828
896628
661970
665921
170920
279643
43629
2593
989262
987851
129319
784385
555210
641620
984099
529834
64285
479934
194165
315188
344601
239461
403698
894322
142280
386414
144928
245563
816237
109861
696908
642838
969314
872373
935675
23361
586912
704003
761592
8798
354206
110247
404044
948731
737616
820743
47244
62972
918416
491410
393292
704487
747866
463766
595121
495372
396338
958591
465701
976207
517984
429357
208739
828692
689819
262320
532977
61829
927364
171235
693550
347010
789257
694050
66817
999590
698538
784937
354673
407538
456792
713738
951059
980185
139257
782666
737566
698728
507529
629658
860699
425167
165146
851949
475639
313807
31612
507386
80314
697474
996407
694672
423826
987010
388597
58832
199689
216311
515709
988108
569046
60225
559450
108347
474447
188734
257562
952341
264508
455864
307890
281041
695686
68718
232575
322681
766350
8446
610599
532902
758362
903084
856606
456478
579562
431441
667524
206662
71913
896546
585196
765062
998335
626396
555768
171192
94979
316041
644000
452043
619342
887026
387985
657082
585258
308769
640882
357733
244522
459090
45505
945289
628627
244982
784540
770977
44408
527587
208348
758296
372515
710235
403484
820265
323311
317494
122199
509077
301363
681007
5103
82240
343897
330441
742602
318569
610828
866780
617943
1924
625232
577280
11183
845174
923947
696020
156310
331372
291905
709292
839456
330265
201981
925205
813040
216906
487723
55877
377564
1447
639652
181732
441836
717064
412256
143537
984066
391729
292527
403859
600467
666860
577667
683261
549715
351618
724581
557692
423023
808725
384136
469344
351028
283997
139707
17285
642509
404925
598007
471037
976233
27841
800728
332443
123259
796279
944169
350814
799579
207334
318488
461689
630026
369519
295689
311931
191827
422655
147270
723744
885388
832431
57363
712947
31356
399480
841631
250142
712278
232982
665559
19600
13348
411640
862741
702153
662911
553312
680118
651269
779962
604445
962634
178691
854559
916899
879972
562544
336081
936004
338128
601973
623696
192141
152804
890714
739803
84479
458927
606933
881840
613865
449743
480371
993327
978527
502623
693090
37853
368345
90701
17752
910660
738729
357961
327012
106103
425690
273561
727055
340274
902562
625673
795758
357728
486597
938176
463687
414839
861126
456046
142622
848063
944905
503202
573147
348784
20554
911608
139097
661368
406516
509295
139533
146715
391903
909273
542993
420469
755305
623467
815052
936027
103600
314164
992832
716768
26601
323435
246000
438835
355360
249825
851628
567014
861708
285205
17979
768009
734670
549030
309219
63733
930246
833635
293271
617316
498322
463294
492926
633149
341348
162976
69916
871919
729919
186134
548383
570355
184910
65384
850632
215923
276321
346058
210868
426697
779589
699308
71047
40160
403326
763628
698548
112183
896675
119852
286122
750788
492823
879869
683230
146101
975135
970938
603569
814417
993765
259698
373503
350909
869448
186621
823491
279579
153310
100911
499754
912525
121159
26091
729907
545495
495
89615
224255
420707
65695
876237
631034
127261
908416
615257
140518
25470
336494
768126
767745
575463
808117
575180
452563
789923
90603
95916
200726
842191
709866
725076
566657
187222
364327
633045
670067
975892
186932
24721
241593
848092
105678
282187
474044
800853
958756
222871
834186
819263
152485
172336
29375
532435
824260
367336
698639
195081
651851
792122
656243
358003
962713
232891
19502
98055
390906
530479
981755
85946
567329
483000
899669
538631
111684
976042
524834
349518
108820
545978
936189
320410
978584
441492
98847
793019
85797
717835
372457
722706
319996
704107
883152
848171
925120
183274
830117
549444
73874
319037
670720
608940
467531
115144
866248
214599
88661
317165
968226
779950
310246
697030
823348
984371
154842
61037
595093
265026
106349
560632
904787
994915
700498
294082
722016
951771
616882
914660
780953
884658
67140
917827
312052
915984
908229
467075
875974
364225
945237
765978
764463
676504
708526
663551
400483
194031
384513
982848
381781
307596
465583
265715
798721
908319
43360
231556
751959
157159
547908
989998
489087
632885
546532
167813
696973
94729
582372
358895
745731
263192
805335
705523
414077
885039
949439
347817
133373
309937
971295
643025
54803
254652
345279
993984
902697
820138
884924
716213
79529
242932
606537
233866
625419
650928
538822
764870
371006
451131
610811
651151
984498
891633
542961
413693
693312
793625
957357
684041
17015
567838
195402
180260
970052
715960
649138
114148
181629
115178
423992
469529
943242
866532
454165
332478
227504
761096
103870
551755
361339
881737
236254
362280
66568
684656
922229
346171
239660
50041
959949
640290
671941
663450
897300
302269
553307
521507
997211
488866
22321
477248
864682
457076
810222
460572
226493
738381
822051
751008
850079
656088
213817
21849
262754
428092
782904
178360
542329
733555
755126
137778
755826
330617
343130
766280
585810
450911
85004
123361
820430
757502
938875
959699
977252
116041
26890
727744
741077
392764
510232
771485
8639
438193
702762
74894
564314
943249
641399
391277
2191
940135
896081
159914
359408
44624
92395
704332
753880
680783
734411
26390
846112
873661
263309
80517
76603
346141
994449
410741
142319
948686
895362
259874
586353
219545
948548
156044
175515
142890
443385
748468
608460
555100
460720
95940
503196
805485
377003
512459
431290
705681
134092
225510
199909
933666
916059
10874
284163
169268
61942
177117
405601
779207
587862
646996
11848
115414
560826
349751
549368
702732
941746
675633
48452
376214
583241
750116
190217
943507
821776
249705
716108
174889
171075
220853
284272
30897
449115
559319
625680
407250
813295
844573
344255
290219
840007
105879
245913
321066
803967
895987
429894
812026
511765
735879
573707
544153
291023
107374
914572
616391
861068
663945
92130
182746
318309
810535
953237
852015
299839
798463
543222
224571
71920
590362
475676
861567
954187
116814
999673
600282
755466
24996
277463
663096
99799
436507
985013
569320
166647
511558
383096
894092
606931
576464
790480
524393
182820
370144
881960
11614
284731
585431
79561
623794
782955
664630
390284
314886
173780
41501
416890
358249
2892
888046
406978
582922
537515
578448
226133
960264
274803
120400
192546
823078
489050
81121
388137
570330
110518
33732
101758
514308
787524
77635
91229
158780
743893
473431
463268
526084
511062
62569
282353
720541
235706
169397
613400
163061
683014
759371
393473
940797
161337
731887
204125
408025
800725
561569
966979
501617
524046
943287
442475
922533
736270
305830
101253
960349
631075
649311
585527
826173
894214
583125
308850
327288
55497
343325
91888
97020
25628
452143
641868
605195
698939
952777
422589
703722
402168
72115
26096
582130
219168
144989
74946
684483
176653
546276
696919
103640
260104
106035
753753
703350
800408
926278
368465
584383
517548
514250
230811
754339
405024
269665
702537
63990
455919
607682
376471
373468
199030
758652
372870
856864
492321
677850
379031
716836
281460
979106
501797
935091
789304
917368
97951
489650
306112
174560
769761
178933
439894
967329
313839
272815
873863
157892
166350
805825
460680
555708
617342
677811
105284
453919
898135
854592
710339
603474
428094
565835
341816
949572
790917
839216
673447
376209
349853
832502
976305
727558
610104
19040
541821
269444
513151
289314
125701
971453
830189
886385
456570
329436
203846
576947
3349
214721
715640
683862
260412
613738
413516
855869
645517
548205
614793
350548
11465
263329
781478
118148
236320
384989
559401
307010
153621
662424
340768
959810
66445
330288
70267
267978
3386
534278
853828
198049
803038
902662
734653
231462
778687
514180
136597
865468
49702
957378
50246
156323
997267
714702
453774
229026
648000
795144
235335
814880
919312
326785
841957
526803
369300
924287
984204
600655
651002
684638
499468
448960
465043
354001
145914
656115
340863
997893
276972
809038
760760
436902
58192
91488
58871
978298
549865
56787
570374
396076
559080
97150
554275
650276
312163
365271
820430
66257
239924
153990
926960
218696
510513
996820
90536
76678
177219
500994
611315
484433
990053
311414
259510
625085
853755
926353
388075
704075
469324
225372
724646
624044
186142
873120
14083
236131
239661
125076
66350
241928
595207
674033
428879
982696
418631
778594
106128
536458
474924
134167
176204
59917
633813
522745
662549
929773
432411
146552
191138
508964
523403
726335
758164
810925
368638
59017
234595
948835
157271
999053
602985
391944
156761
776469
149067
442915
211746
138157
384128
323072
140616
324214
933247
802267
791887
491610
65353
431063
124804
140122
395408
205865
874936
829635
32835
669010
925404
708095
381367
215945
432374
891335
264563
92790
375358
395766
453016
785371
678551
233657
7211
167118
328301
594723
247233
174945
524135
662109
321542
194146
791241
631610
978857
823997
79210
651945
576039
981120
192588
280388
604915
302007
769757
874885
437823
633206
715081
868631
322794
292277
773946
620490
452038
91669
143917
746657
613124
518401
848114
563782
836607
28400
44864
333982
951777
744198
418546
640694
255990
557978
16674
304092
207179
420307
750881
967499
194306
407787
993232
262782
221622
606229
132766
784421
933637
545467
39966
577845
503166
864736
546115
272666
281448
885541
598139
585928
117997
494759
772454
944559
923362
622917
211634
752141
993716
300351
569621
197021
729712
657018
41509
52589
190638
722080
957271
137741
168731
252580
963410
933859
852386
980899
523247
868956
418487
540518
154384
854141
364352
891140
797850
666967
940896
176420
672976
941209
455328
109537
353485
468672
688636
106246
423390
138153
115912
448312
216441
547334
299837
716595
64094
341551
662692
702380
589193
345680
167710
460502
938961
704641
984398
770817
644832
457011
261027
755292
792399
564165
37317
150683
66846
819702
829083
951092
538189
433269
743991
14339
88217
358485
205599
350093
672790
908572
729017
44513
405478
383163
916114
989338
775507
24599
79435
941186
564303
48774
662560
73553
143813
277653
950742
724435
999643
861702
539649
643687
264967
476695
802287
212707
778955
401533
4596
29717
225294
1776
967699
571557
209241
672607
67078
556566
736426
425797
640939
337067
887608
523603
182539
639718
986308
939469
424135
538603
583385
159281
598369
156164
444064
645009
900708
138174
585826
526978
10801
727472
70618
511725
997736
928923
153462
72771
284079
947181
403818
153293
899618
423968
28849
651617
223511
772159
940386
368368
464524
315081
981931
796413
78576
914158
963884
741608
21771
494390
303730
574376
202634
247489
741582
477848
193451
345769
587218
217640
908929
465155
704679
371956
682916
745541
859214
923441
208825
9089
62897
753668
640666
41808
107685
879149
202081
854730
168959
834464
857366
464753
875152
935092
790834
424557
462334
332404
440976
169906
403328
637076
754223
641342
840181
925501
941030
135038
5858
530377
109541
982032
29830
587275
924643
840547
59740
291397
372074
56187
324205
855549
668603
699921
449935
548841
848990
428119
765437
406983
595083
889433
260628
681289
4910
835135
305576
277166
52443
332591
104577
263724
421262
683919
266869
794569
424861
930664
274851
641801
382268
394214
14921
965378
508653
869500
138947
363275
813954
560740
796833
90515
894544
670340
873635
56398
265138
929580
906068
700873
657719
423100
911616
715359
947177
135267
253202
838660
242811
823170
263887
307070
60494
580590
955817
810036
903264
199573
79553
907231
277841
678392
697660
315229
241363
446230
274944
582052
106670
403881
510476
555923
76590
974281
16434
815716
645482
575791
576881
507134
737585
643477
930291
953831
637586
417528
833887
928855
90504
737919
940252
228904
35456
39798
255716
145065
340425
974963
46912
109201
533655
532057
768166
681360
638836
864507
250091
934657
733956
857880
294246
737596
881459
971844
539427
189641
681533
532712
593025
472815
489241
88736
991849
431338
456003
359362
986603
241082
735717
447422
591478
659928
883553
860897
949300
521028
441853
229044
661888
90809
826220
45377
171717
543938
23221
459701
368052
208871
626114
395361
39905
237119
824968
776923
264955
703657
142925
674689
648038
233110
739675
546845
369271
211069
807935
363108
846475
884658
211326
325017
936900
240145
423254
697871
420961
79508
775276
512715
292089
502340
381143
747591
734996
939085
66119
114579
208614
237034
787219
64855
634793
230015
710047
125683
78742
699909
591334
451527
381439
308831
653994
802190
185548
869260
854837
713125
29008
219254
341194
684330
668999
790759
602605
931264
910511
293851
821516
762478
918911
283568
505097
601511
192328
203513
285285
783972
419047
157299
680778
505005
560612
603023
560693
957880
625003
922606
543550
953128
581732
762411
803525
70646
256561
694865
979003
819437
771588
917165
293578
728335
483162
99903
205602
85333
223639
216266
352993
32532
727551
611915
324446
451579
233806
159046
205267
979449
828854
648891
333156
493691
100531
801336
982864
546579
230028
309256
177587
552116
373480
346121
463733
609114
763273
550107
475283
178823
202218
399605
75016
4839
750129
121937
68183
699797
816209
667591
624568
7414
737792
846840
8733
592259
437775
31009
355295
356197
333803
611023
872202
647673
332910
50481
931713
721075
843747
880713
623632
644574
776341
644733
161932
8449
737042
512458
459241
676382
682753
728984
194328
833300
205853
866600
561050
181156
103693
806441
312166
191504
196898
59499
881971
336799
115436
561963
52451
924798
402489
482060
16652
143424
93931
363687
73379
821318
704309
273017
346247
228410
42098
34555
438952
934453
954850
657679
413778
275265
750145
624406
92698
109048
201158
96222
875235
17419
156981
979641
145101
50527
328033
592873
800124
556305
8066
709047
147648
344026
537006
160866
615334
115470
999351
115189
333402
431039
449890
23473
558455
257982
53119
934826
575277
771457
931498
901422
700686
284960
594076
658719
966965
273210
645102
23842
780179
800564
330092
281648
9943
317025
676306
997066
940730
980798
549350
405769
224548
608916
150385
856915
652286
630656
154011
762026
774293
173967
375138
599774
349159
50883
762871
340835
324942
185971
751989
987965
628166
784462
832574
231640
942621
524608
713844
168308
938806
150765
405841
327741
793657
750234
296612
229880
376539
189355
695849
655642
64837
244935
604739
526451
444515
785623
372248
304199
533644
921390
449929
139197
988105
372483
718093
462001
632196
580249
602537
223460
336591
658623
146766
105811
56589
628019
6351
816549
437633
985250
771133
549501
211057
218763
112416
73264
848822
464257
445716
151504
782115
774991
767935
12199
163152
325301
968683
94592
714818
165969
676612
757598
674552
547545
130031
668176
503252
628613
456132
170524
247077
490314
915562
917464
155085
628096
340238
78745
960147
858597
388352
937794
961672
7354
645034
55934
802766
414091
546669
620424
829321
787660
902553
423463
376678
718047
339849
797240
209347
217971
758105
499427
211386
866758
209606
255472
962445
421258
181728
347378
993839
760934
822510
550561
114925
148435
826206
35654
652536
476775
156007
894223
952399
533487
357501
681346
322125
832692
36272
363854
152780
970400
19618
711485
217205
827322
778787
925958
207910
666254
228907
131008
858302
135976
581299
429808
986184
415102
132080
610499
886465
550509
142445
67927
175943
930012
873155
643699
496737
601661
204472
197592
953317
908466
582066
796079
857226
959052
950870
393889
903371
543534
539394
223045
275891
811984
503523
925876
323851
728991
491379
632313
371102
44226
535954
597413
250150
186936
652416
723583
949909
92893
356277
236760
300545
954380
475165
188859
106028
794525
779060
694339
382511
245455
116345
629320
367491
976193
837330
160753
931372
200411
830780
816301
61187
987402
781036
671805
215966
55912
789895
861481
347678
521209
262267
118227
321428
627153
985080
470824
416592
444692
673039