215606
884657
306140
252854
225955
261895
154085
226286
419395
363230
550324
804773
589558
123339
958573
513611
388195
397468
345288
613262
358553
521230
243911
490792
233303
826277
894852
552898
806503
493420
653732
433923
837540
938889
320040
869946
246109
978300
757986
477284
721042
577460
266820
613402
911579
755854
844307
321370
586088
431851
546939
512752
842851
652780
492221
943936
144178
484429
611972
722675
916120
517019
216277
117884
53947
46419
721379
228550
864000
487129
425282
212348
378898
117009
678324
189172
755714
152350
815072
66553
897225
623477
997920
442483
203880
497245
967801
771125
684976
256901
472486
843939
405790
272513
738253
923902
760350
501027
790675
912782
399152
878770
972107
443115
468776
271626
479305
91751
680463
595215
126357
99995
25896
176719
372539
947405
343757
544756
642368
253371
493879
603874
904367
775686
69275
529715
99601
524350
196210
162700
33658
812486
529298
873372
323264
561828
190840
883825
971655
791719
706535
70262
399928
593397
673705
593741
528528
766576
726580
210245
270932
659717
523112
461176
375843
333137
275381
949252
898979
673903
505242
399140
503261
810466
829512
31466
256933
913500
802469
573595
957682
697897
781228
871783
800332
580027
566577
112259
341539
942866
944066
570021
465275
913544
620073
82587
371461
215158
352975
236809
725834
469191
919291
713405
836800
426519
538167
390001
144255
27975
962963
342876
979981
194848
519555
130421
837973
865313
132835
412933
864119
407526
280795
845607
764025
116727
71070
878111
520538
616555
123660
320021
446279
734775
693112
257389
299239
938072
455043
324099
818065
770072
813671
661384
224861
588991
382160
554740
475160
745370
130148
854567
525201
716065
184420
82336
22928
633863
235050
826520
456294
783395
160402
315644
597472
22582
113654
31430
443541
588440
849
350583
469215
862212
600773
644787
223590
417724
548215
128312
440472
980954
472600
593404
399349
971573
448063
124259
383494
67052
525490
981978
761965
769554
193796
35731
24728
482934
678488
387997
809807
722637
343491
837087
24877
710655
451728
452592
446124
314315
225117
922390
329753
95703
326754
484954
222182
866648
715922
816516
561822
307098
933209
103993
65843
169004
309702
447597
12659
87404
544963
319622
823257
494442
267519
522127
816064
636924
727084
876501
529139
268510
202212
864098
13535
897091
636775
723
57322
200188
635647
405912
650396
377156
60868
865096
837755
434854
229116
862111
593654
272331
566746
920085
181943
533732
44903
391707
530907
863792
944190
697525
363838
861162
259569
201967
85807
321683
304074
992893
840323
839831
399339
718003
723717
581727
116631
534685
850827
788594
412105
853756
513892
97672
986626
858782
926957
636013
630753
883224
391747
4558
407082
200867
399826
829156
467945
861585
848140
633914
697903
375786
926966
479388
996731
565095
636764
670110
321397
436810
664805
683398
243987
778200
729537
695703
880222
799412
453310
444923
245903
642138
879610
725132
859219
426868
390515
251519
212974
531292
269754
236589
49403
171631
583942
776511
177106
930762
463781
501430
955074
302372
970894
824917
78269
537992
174929
685995
674195
831853
366831
156929
898903
409716
486278
876700
227934
63357
158373
33135
12453
56229
901182
998432
13074
473120
483897
932533
770579
836208
580837
593307
201955
329856
925449
844243
747371
945759
897433
462009
448069
626332
118212
251698
294875
398138
981034
932018
653358
204880
899819
395176
933939
242304
927387
644294
78999
835665
110161
619824
783524
950444
584927
786560
635132
820336
181659
332148
577281
400946
693212
993013
245143
306452
32129
179268
3905
58304
901227
310531
314728
106178
26314
310302
412986
772288
945557
113364
348719
939286
198547
253222
559015
13138
176983
309914
565424
259401
622665
721708
288227
98644
429790
399506
748781
44523
178921
40171
212523
589723
361291
490755
671983
867943
577798
879173
286176
113593
143984
561790
449278
876419
23427
739786
522114
903159
463185
731805
963939
751327
727253
499504
366581
937497
934948
593029
418732
186419
510530
418585
734719
941215
183696
495142
635560
116819
557859
69970
420999
119936
9393
816951
392678
578540
851685
990864
826648
3438
252882
90172
798202
220294
22531
101682
937243
737686
88752
624066
58232
739009
2510
946820
442528
651807
381054
293023
406198
68634
906661
79095
749845
944808
984411
378036
638926
836005
659196
879788
652236
309643
193053
262188
909209
447505
783641
400232
460089
994462
383817
192444
193972
583337
413137
735390
570610
920815
312983
412515
824702
200335
428303
440426
613421
296005
751602
482729
6360
587521
400717
641746
886468
253411
448438
61025
818403
71574
853145
677893
57715
327302
335856
800424
50373
534015
597649
436317
505816
328804
324961
601317
104292
657992
323238
239390
442866
936556
304123
752905
334632
672022
836636
974006
875555
753034
669153
23502
526525
679527
609352
193277
150894
177185
780715
133690
271310
993559
54032
106612
770872
558801
578271
49307
713163
920663
158766
108296
784010
141168
257400
710217
994979
13686
618797
225485
756365
76818
118435
473832
340490
24602
54314
398148
78156
650436
21693
986917
203444
198213
278675
384855
623861
866506
780181
823542
901271
69522
895531
842842
78552
653798
398384
66909
636781
40438
514948
803018
111654
352146
957055
245539
659439
301953
148866
32335
702962
996226
379690
933598
992410
829788
66142
820795
851827
518052
105224
283309
344621
829195
97377
283529
852799
796961
541220
304760
748713
731818
88484
85217
370193
854491
236921
744882
657999
453042
685590
67024
455940
296047
44598
187609
658853
800754
586101
67090
598422
976754
49403
191218
237553
410583
321107
334602
212389
114869
555098
61967
521595
351270
222482
585734
562804
105667
600406
57994
608591
756863
474216
911229
815655
884960
427622
529161
569080
921690
822620
191378
483778
188233
508210
353402
829574
315210
951238
215184
97389
972087
665813
742742
591240
709694
746194
173165
143410
72158
74393
981279
584594
639165
966845
982985
224445
337640
233085
971555
336504
258343
823318
464941
143963
320188
754866
374008
83152
620920
731006
331599
457851
398587
27609
516608
821364
276934
422184
442250
329519
721726
249926
611876
671741
513792
195609
511016
508203
186203
63872
557723
666760
821998
278184
591833
677125
378527
576958
553249
554036
294517
25790
512699
706099
243155
986986
475010
228130
177362
35927
207122
442319
778234
327649
279630
593075
809308
895423
799246
731222
399054
230001
799460
51853
433092
137174
545418
992868
729095
927770
834345
196310
822229
11724
153800
991353
638614
231245
693967
395703
615158
264292
178551
249846
187555
228719
137233
972953
831525
95796
689071
424160
878932
90838
344563
989739
983547
165027
329010
486556
783176
703306
377668
873625
416172
433194
887146
300145
742677
465477
35805
418966
667333
679187
148783
407880
879823
55155
477408
949203
621998
544893
870016
894254
754690
149490
770299
954821
388712
796501
827590
100497
882932
452243
700133
56802
153102
383645
644630
444478
823334
556054
693405
919012
506453
144552
491181
707689
759122
452145
322736
293508
907149
733467
68019
392293
306731
582730
957617
541055
839903
994222
518203
906279
219809
342392
990849
482324
9294
622569
181631
744966
619868
751621
669766
585796
442040
152295
585701
683134
858686
65070
677109
559824
559700
522133
918590
747367
588068
686625
304265
774206
295604
145331
369539
910466
854755
929277
926603
964500
442178
915793
509465
732524
15692
305173
254794
309915
6148
715091
559180
279337
370730
185901
598882
675612
346969
982957
332052
472858
195392
496059
420535
14950
273274
156968
116564
316038
451277
762982
663608
848389
417148
879258
338008
414229
470473
689994
182686
776140
243147
649073
500500
495183
809063
108786
804844
12044
27950
844393
543657
856545
65244
631214
129242
945223
8784
593505
752471
12211
280760
361788
616396
301265
878793
910576
204899
378536
667625
721141
195132
109090
282565
957875
185492
915531
191361
808454
446083
188200
732299
8626
358431
574130
922121
509219
282239
404270
602416
89055
183578
296618
570614
918026
423053
849302
531487
783573
292027
572092
629556
793989
496910
526237
816339
394651
124444
895466
494431
392677
450598
554331
301719
694625
188922
433072
922116
699081
934072
331586
420812
80064
496561
305797
871589
650199
979691
507613
517795
63804
182785
234393
529329
682815
146151
579856
913694
959938
326796
782487
290895
715197
594584
529948
779219
88364
580244
600418
21076
772117
459177
834329
98984
216377
670721
482137
363271
255575
269194
359419
224151
74199
880601
55828
735524
245658
935595
435599
491115
250459
695750
648678
538581
780930
38718
145789
494081
501509
787283
54491
414842
887803
483832
38277
288264
36991
627374
878969
437282
138237
192399
806148
147265
26268
884071
767232
89615
198344
368573
202926
706046
772763
412271
460459
771382
416103
55483
296722
238310
934114
716250
739375
16252
486831
814534
144603
333871
937349
175773
592313
996345
592638
495518
955595
965411
506494
142480
399794
590392
396542
568705
231680
694299
494772
971180
681723
954293
773153
28276
262129
484678
877622
831821
699315
364189
208612
666362
430959
893155
417023
640240
679982
882513
905230
563802
164390
633025
67569
186486
856765
512162
147759
229660
805659
602694
97692
703967
300650
691350
140963
860620
709357
629797
773494
273871
232314
320993
3983
416758
396565
785382
29473
132365
793515
365676
148704
176103
418088
978785
600874
666366
342581
600466
105808
124786
138513
593346
702789
817581
244043
528285
31202
929768
882457
62534
607636
89158
321113
718285
792483
691998
851617
298556
677599
373590
330180
48656
476073
380394
251108
326981
264731
777996
522031
217931
711573
656806
381112
372116
527461
985339
378866
477263
373778
97579
692235
675695
349765
738005
632419
856548
445653
880983
987175
146027
578670
293681
846862
61505
689117
42759
20656
138739
873786
318405
602238
469521
52721
418333
447586
205056
238191
806635
97524
218095
988391
455098
671445
686690
273854
748640
858924
855018
765849
145220
618299
559989
25984
146880
379549
639681
175855
968289
367646
225580
549817
276235
13879
343336
465946
890554
787428
779146
912663
15011
581540
521537
361428
869689
667789
999587
541746
162891
531465
888035
758370
274378
244145
903967
918027
854889
122820
344278
671444
113693
737283
499191
95310
633540
629677
863508
910977
570978
41682
165494
731474
940550
943318
185546
986381
749515
951109
941560
86101
580474
723021
304404
29925
423565
379420
422189
535298
383886
498583
796931
937151
404510
831923
679063
563052
55314
549428
742298
668893
206648
96128
692231
566418
720631
562655
520652
591368
512468
156498
279075
887323
445585
255565
116864
218774
990512
604690
540643
986521
413781
3050
540429
197350
676745
123587
536335
384968
274011
971361
527933
844896
587233
920450
240002
527309
895836
556051
570317
446519
756089
994440
772009
760
62900
667932
825515
361896
563799
920741
788676
582404
976096
24722
864951
10938
772161
586181
808100
958612
558017
48263
702594
548222
378176
98732
94315
790902
459863
186052
880401
525775
746398
378619
105614
428833
241415
882766
709466
646672
625447
436266
370390
846072
867733
989667
276357
933490
143531
232653
418970
596678
678890
313595
341547
7341
899258
851602
187781
872001
621646
305288
748890
781251
640422
288063
196886
325192
733102
987320
870671
517826
389956
745141
160347
254823
615127
830640
28219
32064
97194
257393
922164
548624
995256
706832
238782
845919
139442
364167
382870
791138
407012
224179
246766
239304
733301
563303
911493
462051
848461
229677
229649
266993
397713
538906
447191
847495
148874
881613
648733
321561
258147
918148
895032
254504
166289
103386
77439
261384
102669
638305
144544
69965
809021
162392
915344
241874
831537
534985
704158
611301
154312
677890
404193
10258
114035
137773
781456
14091
996049
128847
498672
922929
927162
637657
776104
318081
334679
443758
968624
331550
389934
36274
188008
106870
39484
25867
103941
960468
905531
324856
153254
639746
544707
94538
860101
631961
347981
158722
727880
503847
797458
240201
134903
724667
758546
844806
950921
646735
488240
818208
714903
354643
726778
577616
196210
994770
198343
963809
82128
637187
835577
724487
386145
485422
426787
408793
108416
469305
258564
4013
918149
328143
793520
114511
345207
733484
395343
937373
115870
310663
774655
765122
278647
186587
465429
633037
865281
170068
429761
22317
694197
516627
215119
713675
915090
462494
116234
952964
560214
159463
82619
166658
106248
234679
536975
660150
603122
411895
327062
566068
407149
536155
60264
910442
40468
62635
843042
502398
503387
471088
274062
159748
886328
988471
920417
909401
912959
800068
413085
329247
493323
678423
966423
160085
262616
625556
188691
544593
841262
803089
704843
7453
291384
934529
441998
918892
327923
645175
51077
520503
571970
511322
793810
522233
259614
551780
384657
817987
350442
640406
452544
491900
611172
444220
551675
977337
932536
562968
72992
624117
448431
962862
444561
341805
803140
479595
807127
237211
119831
941427
511716
399820
682299
527558
928433
819296
364970
375502
703878
919710
507672
689287
121688
910577
295332
193675
181580
461891
920747
669753
619866
57077
199671
342337
320076
850680
995029
557263
640486
51083
53572
251090
645280
551953
50761
542824
139343
574094
252832
713384
800162
589310
510861
358475
881991
563538
450192
439863
730477
855176
822070
666602
828325
450149
312012
928704
664546
441426
218351
796384
683295
779345
673407
278217
132127
227802
56626
487861
832656
88214
503108
882407
580169
430711
145228
527638
510578
462962
394154
670390
733443
772058
525405
287775
953125
557338
563953
336732
741748
585743
616341
553491
355814
552960
400011
691276
345413
767291
931512
55647
39704
535821
287899
161022
987424
735069
111194
863773
410814
944741
22840
60986
41330
156814
818467
284428
647230
338984
991594
592908
143720
187075
480652
178778
162399
329388
773740
683918
663861
889799
394720
63516
326091
1286
718248
734563
115338
195
269435
694674
710797
137536
437053
609783
775772
412344
547662
420902
72916
311905
517692
419394
440162
282177
820440
739755
664174
475370
870
729220
988116
741332
289454
228191
507597
64405
190959
495048
312108
704127
100275
956267
414853
32790
842750
107042
776936
862700
493152
460511
690635
259547
902634
308723
723333
482207
212925
304120
113975
985102
544638
138401
686149
113204
968677
154076
594626
198287
732021
469921
182826
845732
799110
759387
55496
348476
948478
74607
31096
388862
668254
144301
245447
978538
883064
967506
437430
51759
513727
65847
44446
199530
280886
427482
676845
639485
74315
348936
576206
9159
143869
39779
681575
386629
69815
383253
620412
412037
85761
606226
329329
12290
366732
741059
816748
574561
795947
34516
201561
211079
717857
350619
34759
62933
567701
423011
942639
845825
837154
99989
301717
961810
731019
850434
68040
41911
488780
535568
110723
935173
826955
595838
69558
520908
216173
492181
32862
23572
873925
749549
400848
690681
262248
791513
12246
11424
846940
724784
213040
177045
122927
664825
365692
175875
378595
964914
986800
357711
665031
522941
439683
226065
907809
481192
322411
75567
299399
725911
414338
700568
895308
413008
123970
927386
380824
220515
601839
333345
257873
423988
593556
810701
293429
904486
508581
642350
78410
709798
894787
653919
323820
557137
380895
809788
98437
695555
844214
440705
961820
219261
365754
559232
701572
763570
999633
61822
31924
83118
657590
96171
750007
498468
816446
482109
199354
264082
471541
445544
807939
310547
578727
253756
284417
69761
824250
2522
797246
216516
99064
97364
105072
941884
361643
540769
873263
564807
895841
28281
263810
830383
194831
192467
658962
757747
985938
95353
439104
162864
981648
503364
634834
188460
20733
676602
492168
260864
114106
926656
704077
986399
580887
13117
682953
851399
650105
404686
986003
175298
354583
446047
766980
252313
86174
821548
265191
301654
879861
345749
265676
699125
674779
763991
814588
464871
968364
921453
134086
459778
276930
865218
150904
684488
628215
294353
683626
652433
699593
370523
279604
942168
667287
184836
217407
690592
223560
155595
979257
397889
778443
611940
275874
895379
18104
404532
244547
290485
172949
877160
70335
817979
265781
155315
28098
436274
637052
560866
765078
156176
196093
181533
103508
381885
456772
149948
421047
708984
215215
957827
313740
683880
398583
343100
812998
611200
235660
518767
558254
316557
463199
856001
734775
297823
996153
2663
335535
554385
217416
555653
958610
21879
816187
12007
742649
282596
867266
774234
281967
806613
843000
287016
612516
525950
806237
781167
570107
963630
880700
323229
379902
409441
519787
25099
351409
26018
562161
540786
361988
373147
682562
58766
992866
582523
485093
731149
372454
626434
6198
664372
859181
458092
891144
768527
501254
284535
434274
210899
874054
127827
731242
303314
219129
56038
772640
190105
718002
8377
145985
654697
522052
474562
129036
134481
169545
634190
861536
494244
623199
851595
765124
568412
25075
614767
120897
402635
62581
318473
45738
316026
202795
514466
881468
877728
238498
594383
711776
927680
142078
914966
689421
369376
239603
295355
234954
519009
859660
342310
405713
337536
593641
450738
539599
464936
532678
696340
943624
939377
830581
280870
867992
324857
579694
745615
123604
552029
432381
69713
771791
939413
591257
37231
160569
420970
554197
641785
649121
955988
100528
431733
706779
936884
539399
7276
197372
391722
200873
43598
429122
274324
26315
703107
221329
163876
325010
138191
140120
557789
260302
850272
80850
434410
897863
348215
98985
138075
192239
199985
163764
541692
231542
140849
262625
435540
526973
469868
527278
461431
122914
698001
626833
443592
449146
805011
605880
335375
913309
953172
404651
497203
240730
450351
848717
151572
759627
342306
854081
342215
491908
757847
896360
148847
179749
459533
584585
952052
697103
799400
485514
100451
313011
740497
320411
123426
190854
756683
479218
966606
835217
636052
344176
473331
933924
145780
972131
796071
761962
370533
3877
9347
727448
684062
385889
409215
300544
582078
238069
640937
140930
50386
242739
56514
56097
571651
898946
729013
136371
68383
524962
354037
139954
339394
824397
611314
401585
698528
508152
893495
581864
657266
983353
565027
189104
857083
567362
513154
351818
94902
306251
884423
189273
210398
806542
465960
564848
973017
308716
501526
91078
817602
350445
875352
374662
854866
314597
843203
22851
422826
717681
312920
958665
165311
893153
940602
374990
14754
177136
345930
990536
26411
142510
618721
412824
924865
117694
304233
372580
404169
56187
776152
276482
618665
453366
847498
106383
507256
375707
305787
466976
909444
427890
240350
133840
338622
550593
681308
193337
488454
618254
310188
468158
500815
127681
824075
584516
45295
950696
896025
647872
433798
873301
591184
485163
76680
35746
170721
128275
294440
925973
67436
211659
960674
161054
468252
606723
46245
753725
364446
989234
939676
674816
968828
750383
803160
683370
953114
771039
62876
320816
743243
983433
824708
303197
92561
120454
689682
439701
533103
542804
956630
698998
566061
446985
314298
320666
455592
941028
952935
140537
69459
967295
317592
719084
472142
966561
81017
290060
170145
451952
914555
433785
27093
917379
465463
279471
699157
398652
659442
302986
398358
553207
28450
859728
492316
29182
921929
867476
789176
156409
875673
158095
438819
498925
283955
674550
152598
359270
408459
659572
153464
543681
919975
780809
216178
825107
128902
512702
500639
618426
376989
596356
137439
674494
374204
490281
82443
659874
183312
721782
581890
218573
997697
557415
562978
567056
128188
166407
421651
289684
78603
934568
240637
865825
447711
801916
471769
705485
609712
782292
580837
302015
910587
868594
245425
808287
593386
126924
101271
543772
662482
113504
206664
783513
848598
450990
232640
675317
568872
413655
911963
180853
232880
378384
224258
652688
202821
816899
427646
614743
684120
901442
350893
583936
13872
812008
547409
792270
18255
84430
733829
491742
449524
578791
129484
916495
7226
440249
134082
811151
953822
296184
64372
762943
588702
400385
62603
141314
714620
770928
619107
438439
522657
910686
618810
875184
907871
810426
836419
2943
795343
359683
647578
493212
126553
454943
923667
800805
526994
983195
402283
850131
852160
819456
291424
683748
189688
661198
625052
561387
31784
370008
775180
182768
801137
277499
646672
668037
483884
19708
182411
499622
900622
124605
977561
341068
529894
912796
45728
639246
193859
466793
868352
739764
803058
224833
976164
837658
591908
363531
215994
518654
277359
846287
567423
15398
893035
469678
736307
112624
615293
168834
311020
3064
30384
221075
824519
787359
115135
952370
763641
626046
833839
73078
935235
776936
848089
207760
829828
876884
633221
324685
515304
165615
520946
426729
22270
894781
178547
709706
699688
917800
411315
437856
506476
345511
717209
693974
654951
167884
673798
169013
299424
861802
862843
599062
660026
178656
719832
51010
448388
6535
527552
467560
808043
842804
62744
443193
247567
529770
434157
266404
537650
23775
63349
572777
355341
591849
674477
744476
246845
975813
751010
868345
960602
51396
500492
201182
850088
230099
585172
963881
489639
543717
280631
577006
532613
409215
34754
793045
600628
345951
691709
182287
356181
599050
215012
462835
112531
926513
980432
721465
824781
387839
734901
17105
584107
497794
258948
158945
365778
78771
124721
172954
918322
178724
110543
89141
601788
592389
864791
943056
294385
880402
374215
734431
974678
227357
408423
634576
842756
368115
392678
598591
936924
353838
777827
542803
67159
911511
579401
850547
436987
753141
166930
833257
224617
131062
640684
47889
107603
27641
639416
800189
673996
634102
253999
781993
967992
651
54175
659285
700578
995108
83988
875013
972332
540933
356626
887505
628833
646775
645437
427561
768039
311053
527515
207337
488656
360401
97522
610837
217359
251536
231564
609329
964231
287359
687577
781824
720575
834825
412147
830039
633074
966454
573948
92572
420164
906489
599267
590304
27790
589846
442182
701591
74650
630830
534386
17584
771242
188712
797125
722325
100659
548030
392500
783297
491111
503713
385449
788856
430768
44298
743173
882920
959480
889823
885699
227610
736485
511037
381372
894997
674210
990376
57735
50127
441945
881229
659768
779025
252477
140847
87433
433958
818627
519926
641175
243455
21488
64145
680643
542822
676237
302851
308025
53277
20600
213713
480269
666515
436629
640007
156417
517250
279649
10338
66851
796008
630887
732189
452307
174559
958219
91
161059
712475
440387
225581
19799
594496
576870
426241
397579
121502
896860
732520
86324
528970
254261
319938
63166
23194
409623
34568
875925
535100
139471
765046
189632
344435
107656
15507
961895
828911
972825
663902
160309
25865
572664
942807
712216
907928
816140
842599
415909
65842
569569
509549
957209
755011
758773
156389
939643
187459
327343
365879
388637
660951
567663
918234
712321
989830
152256
838883
13527
353942
854186
247342
930724
384131
51237
916263
979455
339739
408871
871478
638454
686073
522654
500293
469133
782363
249722
86511
373030
568162
341153
80070
315196
898535
644102
350977
954185
931189
657364
600832
490248
80102
116804
404926
288853
674653
78222
411922
572528
356765
461179
217762
170464
774276
170969
897828
555060
788264
151945
860818
73509
116301
905970
708650
852759
515967
852568
515487
78270
342802
940999
295455
916061
706420
269993
481922
585706
419500
619319
173260
331598
150065
932172
711455
419336
47017
923285
986624
934897
222461
921317
157956
395610
124629
277349
164118
185937
207541
612969
84776
497283
333363
798493
979700
629691
538516
924126
302318
268105
310979
83365
570056
811453
918637
651998
100129
536466
929020
765271
809803
946985
706733
534420
280503
960490
611024
201407
82752
278607
931356
769724
65168
623356
313260
568283
399667
160198
645146
615527
917046
670292
234550
327259
377851
93347
143908
330484
299036
99683
66895
694498
95290
34111
847758
855192
67489
921530
190929
408578
505433
141236
157703
458006
524812
598477
348368
887940
713999
742496
249946
84935
309007
934256
37274
590365
537433
655841
734569
552915
618693
654173
798393
912826
371968
625879
483122
973238
798133
523884
435437
554932
638360
609893
793292
377083
301391
466905
889332
78492
958076
583792
845480
209220
221867
480450
750915
943600
643093
366621
874769
380863
966479
141158
253579
158243
24594
191958
840686
881
312295
954534
653047
65433
533551
215238
228797
408815
522060
910022
938282
153575
121648
171800
124247
33824
814848
770732
109636
445975
476324
598715
899249
456508
829486
570592
895195
859489
55076
822496
278
456335
252972
904522
771523
39219
816531
268858
349679
323126
742841
612471
623753
842410
418205
366588
148349
876704
572097
589012
522353
201366
621114
402270
198875
32141
976662
548912
723645
560953
586281
783192
883198
327634
943734
938046
159782
442376
268407
719461
317494
83347
259978
583184
794786
433832
716856
566913
368812
16647
423586
966941
790622
122737
706442
382507
440548
797496
778683
665275
953860
490478
301142
179299
478650
467967
839163
122789
935412
362715
553232
840876
183654
885707
844529
395125
892427
19685
100532
725579
785466
485787
153303
823530
830241
629293
214025
535109
882912
886975
279825
634723
807748
77317
977119
176036
179742
188122
224686
918050
695871
68400
185298
362867
822739
380450
132579
830858
422168
624678
586694
726717
21881
995550
600725
668065
589323
18381
462314
853201
137251
684710
952973
848910
811217
933120
955959
197120
774654
918695
874947
258715
415198
95884
223472
211741
312721
365468
569493
61299
703772
121134
105186
259259
24510
319637
502414
16933
35506
770325
90338
924467
246209
554803
141218
683743
657728
332133
323283
712411
514669
298345
543342
544179
149922
305202
754527
693775
438516
890492
395322
230292
123947
128321
507771
117739
225949
490308
257720
324697
790569
593418
234149
201741
887565
107752
149892
665529
674533
317944
441703
69080
517249
848165
377379
274061
328737
219302
456339
510444
322319
833800
798726
23314
313561
729379
834822
352110
201578
837230
720134
727203
383237
271023
686759
329158
477597
490187
639655
492162
240979
596859
710118
879195
49740
392223
681558
7119
531246
977900
564543
59864
530104
627842
399469
60239
729596
558361
130039
943018
953849
323289
76268
749862
18585
346952
816091
592704
203267
694429
120959
265629
809502
123252
611141
901769
697188
678683
89724
999644
235998
124425
370008
373817
370305
300782
644707
17520
161637
286630
126785
227971
591838
304711
70622
795270
161849
711065
917366
40799
535765
989477
651456
259437
74907
20582
50104
62981
57947
328861
84936
265176
992196
294912
668818
340976
217728
19794
952092
345497
741226
446670
835289
500124
89389
588157
899728
145063
508026
245159
323499
82120
738277
724646
765598
766552
484701
194389
596658
840053
578118
757928
412461
215591
789621
968918
677664
212900
931527
303088
152205
747822
261278
655253
485106
710810
634745
330366
968439
224749
733167
565301
466287
367903
789704
770979
25422
965889
544888
182854
272680
463162
560953
619777
389346
239853
623300
540621
418103
650934
912875
995342
808617
935892
514710
206720
81026
926433
346200
234768
831941
415483
827693
889863
146550
53383
237202
47905
934339
483788
434113
797436
406286
931962
896840
223532
107096
347790
354501
386539
631627
284813
609536
199278
804579
334701
459493
65618
52603
405459
644636
721461
352752
30711
949767
775074
787764
925477
79127
844260
792241
908636
413260
484731
966743
170265
255687
761645
883780
784238
282829
835187
549135
230411
274586
683220
807345
358046
17375
614992
647953
815319
573851
779698
756011
970564
540561
205192
29468
909596
125867
969839
429964
516823
59755
445704
63608
642490
647050
287623
387227
806321
916527
584298
838392
602836
655693
532230
482759
537036
502809
451196
486585
265615
228711
277387
834346
926662
410528
903040
558883
828240
162146
184968
630344
853728
780980
992486
828644
239106
926308
407231
778703
653115
650112
85394
758714
472333
905837
791558
71127
87129
267303
934364
176615
252319
32981
567556
338465
330081
603912
478795
380412
185895
783440
362481
101594
205915
152379
146201
912913
911252
570475
6745
44054
940080
927635
826865
42696
331866
457294
98969
262423
41067
555739
654579
254543
581804
255801
904672
844357
333370
168859
479023
454172
140290
1161
960431
817140
830252
469267
54117
46512
541653
112626
54425
476131
696820
345980
486283
83287
72926
51651
47747
916409
173156
930956
719110
124004
140442
377831
288740
675400
52083
254832
626798
125239
16328
456544
743558
940492
41527
803216
517007
566328
826344
67980
726467
730218
182443
923664
242850
684378
407613
347554
603976
82099
5802
524747
504408
284379
193100
565235
602900
653920
324017
181016
929359
405568
940954
952363
397241
469397
573344
624967
917593
522779
163762
747534
24410
63456
540473
629794
697468
214855
766236
586365
770859
796728
705503
340782
712813
591079
978150
640497
531636
587520
695256
701225
558611
661100
569759
109692
226702
595843
346571
899211
775562
852686
587350
497933
495011
212663
133250
143943
600092
842512
190239
868266
405425
282172
479337
834888
795913
387454
765965
95668
936007
617564
472972
305206
148224
86127
999929
309800
781383
203594
543772
876721
121891
325
836345
149019
728994
808997
166826
843474
119303
589673
766057
969915
635102
953587
311850
30894
813425
21201
959205
569746
976787
106216
5041
749140
732761
66492
676812
728388
277161
663326
894967
325644
597866
637299
822910
796429
445915
561820
60758
505431
402815
599495
374430
321605
426678
596562
784200
11955
593320
265111
329553
433886
661914
88
477356
40790
685154
879112
3197
753058
133047
634484
531008
812976
791650
477772
270154
850359
488721
463058
206504
399403
811018
511390
693220
976924
918653
618123
750054
914732
811122
769474
525174
291691
174561
830561
519711
235601
230816
731271
491247
911383
985591
877311
368412
621426
332239
963590
844609
615597
855369
146298
209093
833313
794284
759714
835804
741908
742454
368148
93735
717292
435859
222599
681911
652750
527403
994485
231279
654744
574550
201644
100807
665847
817771
809970
94509
200101
802742
175571
779718
784898
91079
429897
779026
319118
992359
948870
341101
845761
107046
952864
697969
78919
29776
92057
690745
423131
611966
802378
596417
914111
538696
890284
22249
850197
16536
755715
233112
54366
182106
614696
190013
169292
783055
949425
976625
576965
493889
955455
315512
222007
68625
282275
657383
522706
447404
753901
216159
634535
123228
257939
287351
309851
232314
150203
809208
292807
93890
935141
777793
816688
367807
660408
778187
505246
317733
876008
622983
159259
285309
884800
312036
331209
334779
929809
668909
670048
872043
424631
789006
990404
166730
121412
275446
662015
878769
929804
374104
695904
656748
501325
422029
887471
612521
480568
651092
531467
904012
887520
96057
429538
441631
74686
8467
143181
286439
389407
118886
719814
767954
128299
133929
134343
388108
736978
574627
867584
608944
115156
817199
767219
400092
516269
324254
446192
976349
36764
724859
44456
244553
127567
162537
193969
892140
953453
524649
595349
697818
563071
412472
12119
686308
80828
636693
735491
366885
496815
982688
526065
831100
662983
118430
862230
21844
355771
502489
261446
274782
475864
75429
289098
374944
417320
456509
171289
960679
108800
538827
759671
576024
580455
385286
902183
921445
782430
497014
812558
820123
330833
667347
725414
246231
651736
179147
624091
226457
990186
214819
838598
591280
845855
910901
811651
961621
36895
797655
566321
95316
982060
592092
485701
567845
12426
153588
235147
53593
370631
21295
358459
684784
636842
201118
802420
792903
508924
275674
552407
297390
824429
100254
784579
187480
34405
587407
131432
956972
79721
607197
580042
176376
903973
708289
654100
166085
802204
850470
967446
923653
517865
149924
654557
75369
138288
826471
975982
237583
352743
797358
536990
627481
446587
592880
608401
945305
999008
599641
358541
294952
121720
810545
343354
693718
337695
620254
618872
32123
623185
316928
552669
912684
524280
542714
532682
22153
542166
915089
758633
374324
895500
396460
836805
785500
223173
259899
91653
886583
317954
196661
212038
558350
299970
804985
49044
404274
718029
827862
63813
340044
856221
875174
441267
38994
667690
513365
195924
84694
797457
879423
888120
91960
977696
938871
23902
220476
31936
962021
323634
544694
967487
521415
435111
621154
189818
881368
794861
826128
275875
327821
47695
14972
706165
893308
762988
588860
36145
391256
438160
262290
702803
507287
939119
214177
180246
866676
437949
822333
677793
708816
659309
446427
34253
761076
996228
680807
222291
710833
173848
343669
229975
658920
627178
829455
323403
850470
253981
532141
166721
830375
134931
845122
343634
68860
422307
788851
551012
910599
507640
636642
60762
499938
727433
543977
424990
886495
948912
847331
736452
252842
190250
534820
578331
69963
537642
975816
384789
422280
203098
209897
814096
480167
969519
980586
100544
461201
210727
986736
925819
148882
582690
599217
928929
377661
139482
240804
256806
337069
364929
671384
768254
793638
726454
174753
805988
486809
935395
45612
555654
419590
322741
650292
845456
668924
914041
213005
552531
190588
871760
998494
298386
867004
214478
195884
997865
948935
568885
171409
662939
7297
409737
582027
794486
471433
982672
396272
545317
700215
844968
256128
116882
231172
508100
443923
330613
932745
43845
705841
115006
581664
777329
541056
948251
410983
979986
338328
556966
987939
498349
287539
148271
884416
687582
426944
729569
219446
918605
75734
767123
836424
504271
829253
22125
734183
69979
280137
274805
426227
525158
535384
892789
184161
152414
911386
421387
743415
558144
67001
409549
638964
984663
731022
523862
118542
48978
275194
73650
810131
184192
375638
924258
401393
963882
552002
734540
61393
339661
140890
997634
923997
66866
503431
816941
308323
483564
649585
883285
993105
963950
404690
528784
765216
477126
300454
391238
358350
216890
936895
568284
964419
568701
996404
11589
771285
133262
391289
879201
967015
747374
24778
318224
540460
832956
668610
578328
78025
251246
134920
324719
740121
198510
717032
204005
218058
202511
835328
74864
290340
973418
163665
617878
816874
357145
101173
709297
740249
48399
937520
256802
532941
338195
394014
575829
491331
466263
363980
681516
776121
54905
372963
41866
778098
762517
609215
713535
801238
570949
710367
202507
672565
452598
147764
218705
543980
786792
433436
409817
900000
102721
771624
607618
342760
179791
151577
234626
769607
638297
867882
426203
740182
159968
297415
616285
611969
232823
329627
291666
319080
148348
181895
250121
892069
189938
636590
653698
864685
345596
107693
262707
723855
401336
209960
220405
610650
691254
374016
291278
150748
481428
626464
8987
419652
724984
615863
103834
400233
767848
193344
171218
574371
198793
458876
603807
82199
696306
829506
694814
802193
268844
43884
684913
384458
242056
554419
906031
327112
929181
959957
37739
726757
776093
547698
519967
81511
163283
202935
658038
279822
28924
545265
567411
130093
309823
462467
815233
345392
337609
988147
989399
572732
812297
238366
339911
243252
137989
589580
717924
777815
311192
132382
953870
318534
373192
559652
477916
644643
119368
651851
362404
906582
161287
324851
926633
955433
940530
859295
596130
372307
673421
698246
601315
415442
207209
31494
131307
720817
417859
101432
520905
497513
682233
922014
210027
286308
920554
913209
874756
130012
481704
209848
209753
476450
576540
523338
861801
286587
699703
946772
235191
297253
552337
975743
154293
549239
875488
695400
50830
224486
433301
290299
404944
244260
14550
791898
913909
283746
922708
10678
791309
304951
173770
2817
61577
642137
892881
824314
418022
535367
481377
583207
172275
917257
895208
959009
548289
972687
424832
600137
687975
973175
860241
9113
849199
925034
188803
373909
418337
442854
392157
946143
875177
426902
334335
578410
270759
616156
644088
555015
697812
667313
912197
100763
896908
631076
973479
863602
957948
38014
871328
700012
528616
879495
541833
510357
861785
378145
637779
444563
373282
920785
513816
859128
971662
599518
857757
705655
415144
751122
597223
468148
110951
856541
41718
230516
749363
225497
506210
235700
305944
155561
994833
81941
915270
845434
909139
18356
124546
754219
489498
332888
936941
459209
286489
327045
133167
842675
807159
140205
563648
535325
871792
285382
402131
511983
860873
494007
235359
414285
252206
239148
985739
468594
667113
768584
214581
631669
623233
261178
858847
655854
958445
149353
83894
789234
308339
309321
297984
774841
703970
933519
751330
287585
733032
391489
237836
547660
128785
639590
504962
224420
388125
855645
91911
109502
116540
616202
326312
107740
49768
860587
696354
973965
981471
446857
654065
950767
441276
712073
216758
296789
657649
387554
437955
300099
637603
68137
152775
57046
60450
61639
181585
618625
414404
216653
899906
844593
263645
630814
301460
559506
569436
616202
976513
384683
389253
186428
949713
653669
70278
86217
244547
731049
855417
971624
691863
876774
338933
714817
22838
264178
191953
199134
969663
997896
781750
554110
918767
365680
476896
84744
171052
959228
851697
811229
408750
124718
936882
134982
204043
324407
888807
815309
733405
733786
473933
401127
775569
623343
441202
576718
897615
846148
622897
368045
547009
842206
594505
93557
578819
486621
817562
731341
145701
678461
186427
732518
514207
845497
771898
149548
434322
874378
148337
534936
290551
113357
369217
645730
620198
182018
914862
623252
294021
48688
599895
351098
170443
878375
583632
918902
74096
986653
901022
401840
378675
228986
942350
793962
301383
327535
375922
213681
199323
571969
532089
943727
800581
617508
704874
648478
603530
832386
28093
253655
562060
107739
830102
61576
245969
771654
91166
812292
774316
744213
501888
955125
67018
511958
632445
357868
950234
757238
878317
523865
904794
636289
460179
525782
84347
529156
907611
523421
602416
307924
337906
767707
417368
45863
619458
677084
932358
893535
258889
451173
340649
681063
455445
838560
181597
931574
40734
708722
599373
798513
294400
295401
235266
483693
888147
919441
452685
681746
44713
235238
643149
674971
482723
179875
258462
323705
806384
331001
389150
129623
908323
293019
960093
447865
753840
354550
18849
664126
406980
659518
141714
259524
299198
36516
362824
81514
798541
844643
929520
897648
430695
568058
564565
460027
616354
151412
618065
153718
69235
208483
796431
181970
945090
719147
636475
789229
873190
87226
865097
726160
189122
310485
188639
103315
245883
672782
216800
150811
506005
258386
788054
682628
786729
896414
311803
28825
643461
396690
784676
865152
414752
749214
797003
976883
552696
219033
730871
330089
909898
100272
547978
681683
47149
473083
460839
537218
301516
976235
465022
796453
73662
839840
756341
23216
563844
179991
439028
606169
998302
723841
205389
931324
589322
189294
579527
116255
976090
611688
9606
525199
849777
680413
2328
246569
143065
246388
896734
897077
343812
8320
170453
502572
353694
899794
601344
891098
851595
956712
497524
834974
872130
935172
993535
851919
638533
373400
351350
303545
833020
78621
941658
350085
195437
950147
788582
852150
342171
807811
220280
93904
458872
769424
28569
686163
812167
521643
349675
137829
966867
461526
214510
459725
918469
976352
184879
959195
4006
193503
1357
944102
825842
364668
536361
318638
242837
411688
76585
302239
730437
192685
644585
953463
167227
894943
894592
517950
625231
159409
370474
5364
980975
194468
204503
647241
308923
363609
131343
432070
186752
879624
185216
622025
850320
175945
332390
274861
650682
490960
163669
291208
353324
418998
616678
634638
250849
557938
826044
268690
141320
983654
578609
183533
123123
130774
242466
817399
430392
892403
159636
652338
366056
47957
535234
267719
923113
425544
541508
798696
175347
980093
392733
982804
15971
150050
83617
195449
406591
869260
447873
504499
385799
619023
81781
548723
24052
478384
683973
307387
867408
656818
883763
481349
715697
921164
325320
816451
120723
996476
376314
196674
280401
865525
88246
515432
723072
571444
930576
532188
918824
549681
283845
742212
644192
244144
882537
613033
352389
12086
996209
800632
960471
252313
200671
231650
642992
306033
776902
361378
271713
352363
787449
295966
878954
185404
474004
51815
500246
806001
907558
368091
576753
648549
508602
51882
22439
435981
991489
458421
258491
373293
337885
236434
231264
903661
488844
108140
176119
423174
205487
477448
274854
377943
679158
503138
303441
239892
994346
787830
84024
739229
146327
33370
290797
338221
567892
504840
503984
958313
177201
995770
792745
593624
249979
484270
351169
259890
555438
311497
339677
363281
37112
908952
7031
871108
919846
666289
604443
798083
231597
858552
444284
153788
264087
360189
888241
434892
703113
568899
631055
876425
643629
676252
65955
35068
493504
400687
42060
983596
106489
94748
162163
846357
952853
526070
922473
232056
183804
587439
44251
723212
677905
399698
109876
307218
959259
918057
509839
995206
507531
512638
68312
968753
697065
11263
318782
939483
965407
814394
422294
170782
710946
645640
89935
705622
452281
96007
823502
967477
365931
501824
272294
496371
70601
924519
326709
982178
324821
749696
734750
959391
706958
44254
823390
981093
471449
577350
929485
558203
663374
246771
735924
16014
58844
693235
163909
641689
159449
257711
159099
875520
147753
527560
891535
191229
647370
307036
600788
881841
588347
29095
469935
615452
4807
90310
866167
759528
610482
797015
650853
341920
794174
560573
788728
209982
360474
972992
988264
734113
867944
23761
723908
849565
620074
729386
543210
994413
415880
629780
491939
366979
955136
703682
338969
913664
249706
776347
855861
774975
8103
753557
367193
161612
29030
507581
989495
262259
490642
710419
76364
706866
459292
740561
107069
42640
155040
571020
997004
915271
277814
670580
825207
250780
590616
575030
351661
700240
118443
998336
364973
297519
538476
716388
47806
106117
739000
8214
163525
360240
757559
538064
374214
304017
109479
157461
737722
134300
334849
563345
726856
237519
912649
639391
218340
869952
58679
330981
851073
801294
539709
326810
596596
674937
713525
733096
736870
278030
442793
395501
134902
316795
933182
659995
226537
197313
107197
84990
713038
958150
449983
104989
943155
611210
770549
201338
347069
566386
415633
983605
381608
444224
731285
920077
180316
195620
9846
448325
223464
362475
300012
521829
401117
21398
391833
64087
4041
324102
221843
965810
961295
101010
832080
813077
143264
821179
825005
684393
239064
190391
374555
873032
448951
660201
978023
122940
428794
539314
541412
989407
297045
448929
686006
601122
92816
816454
124734
622058
140603
208100
166877
132885
30863
58948
76455
850139
183843
810278
630822
475151
174856
883667
929032
462659
430017
376910
441510
885195
672930
328617
270833
529755
166724
142259
459323
593674
91298
122383
601183
629751
478803
423072
449423
13066
919908
717792
33848
675796
773393
313680
461972
795472
68384
269385
210827
765643
80411
623218
808647
636703
541352
235595
377107
919003
884230
155749
179950
744639
431142
373428
832690
489890
280100
810429
929692
952502
760928
939561
953463
539876
2941
715260
885610
20049
199798
183647
257882
46402
708248
358681
939197
498588
351200
254556
867581
121732
479729
964412
85572
697893
311537
71418
22122
900496
255938
454207
217593
987453
415192
22436
133593
204079
362364
64110
252445
891190
682588
101463
467176
120718
207116
382279
705085
114533
508637
464546
444515
592122
683096
522042
534961
698145
458136
444581
513915
734819
132673
442666
360921
269634
823905
684885
854353
954137
696737
796778
786784
372642
250279
685878
539690
963538
42828
480449
155707
72927
275381
23391
230329
908129
808976
554918
660329
466518
479149
479033
394714
747072
335542
321859
821681
953321
112653
956032
785298
356871
295488
168693
527528
237114
588139
64320
44818
464433
33899
523530
547947
145325
839290
586072
2163
472414
129196
370177
519519
164393
670085
104378
264249
813067
624693
303117
194933
220631
92849
106536
707858
824091
241710
842258
319785
940001
206460
580920
25942
392657
282046
866918
382080
83060
136514
954641
63110
21843
474369
338960
908103
867197
878132
882795
303822
153256
915664
260620
248473
186799
196320
2067
614532
823290
992382
602373
755543
710460
375214
537700
192745
26197
347351
216985
753326
615703
363231
217870
942884
458469
937314
214360
285783
839031
69902
656018
318796
705147
19230
417477
737744
558102
741488
399171
253725
58696
767813
392147
99557
314222
763797
117382
605630
88544
926285
769000
192939
105786
918822
89746
702467
201657
674851
803997
264577
153723
704103
342961
758567
608936
951216
887291
57935
653424
698100
761852
534991
168298
41174
926974
164296
99164
978629
974947
626763
735000
454258
326166
890345
470787
456875
221346
748054
796273
778713
444705
662265
247532
258514
113484
710547
129940
5084
773426
89545
629408
750847
536900
700047
940290
451718
14349
686451
327081
903954
527166
650628
912096
145626
141607
790365
48788
818562
227906
150865
558386
826583
250090
281140
720175
431077
810921
159044
857761
485685
254574
430195
552906
312487
335453
99474
529142
752680
582849
652507
108346
907791
780061
650267
733852
409177
323232
718650
443985
688319
656566
894505
927969
51314
676539
637542
583847
142451
103562
479791
760500
918352
195316
303553
291476
933950
187789
571659
158376
764624
416864
158580
655474
818386
919746
182918
714800
766468
445188
702325
734111
550134
734722
242640
859104
59453
443864
900355
342328
565519
983028
101254
482994
951872
677575
887206
120351
565850
638934
9198
953790
683602
986029
670258
303094
831213
539314
15095
117951
112943
173143
31426
592289
882491
509993
517884
597077
749708
708998
329342
387272
701646
57003
238079
663613
605978
671531
317655
212881
282381
433852
560239
616218
590980
562156
751304
650601
637429
465585
658020
61423
514605
547101
835668
934332
104866
254448
968287
165922
780724
594312
471500
806328
722245
992627
85645
847931
310833
980261
16136
880142
340268
559813
272003
806498
318071
463585
904938
20272
31935
770946
751424
707299
314770
990619
467424
284244
893694
809499
528687
988141
624328
1698
275489
24814
922502
917775
439588
871886
258330
3704
338732
46841
700107
845619
728988
337272
767169
521617
171406
136175
677469
483179
775935
856319
260019
264980
432730
279628
700837
195054
284127
731225
913373
232216
898672
342862
636646
907589
645624
488988
61735
96488
449208
188983
333694
499787
937136
11586
365365
158015
903526
504073
315620
349550
901270
43047
968931
666124
612150
928008
994345
642988
631908
606473
146118
989615
144814
724348
438329
10647
752318
983367
178095
875897
548832
893355
91865
9361
104561
980899
876648
266352
396647
528483
330088
913360
940983
938751
452726
879112
447911
937645
381599
313114
309232
992739
234263
509546
398159
63066
47827
713226
281576
830645
155331
574640
845271
780666
292911
788361
413525
37310
797741
671718
533060
945184
593341
513940
926680
901931
429633
297355
551713
733855
389339
596988
603128
577866
989285
752525
253574
733391
524360
41313
202092
508168
740217
794704
264018
246728
355158
859830
41808
974265
112217
845223
378930
860068
600118
180864
527147
836560
658455
613849
180698
262401
191474
940694
811505
210593
387011
238941
741192
69117
452651
133410
233085
804006
712933
436829
127813
18232
699169
93
142612
463223
759167
745910
312037
70740
596905
33366
799526
583504
131277
491638
683139
249464
830262
418988
49998
851918
770502
653468
567240
610440
127186
287567
122063
758961
730
867548
866019
330350
210467
400258
139286
351644
812979
917464
3920
157972
802024
861403
883516
136016
285366
826407
361363
314087
999739
213953
662787
655156
347521
483985
498427
246421
181647
224493
318294
238159
230764
909008
208353
180559
357425
110057
11275
705867
894026
195984
96360
310855
236169
924499
216930
68276
41510
153711
108156
249779
904279
779610
528260
727223
691720
684605
926037
223688
117944
177727
136646
390371
398512
968253
637491
622526
967776
293269
829478
530026
970327
639842
536033
241938
676254
801410
923210
75424
312498
681042
656627
249791
999517
139963
550405
534971
858544
405926
893706
534276
927583
585419
382548
867729
40761
538343
998988
38112
209346
3852
799194
844316
579438
201426
734318
614040
23485
490283
269354
693944
985198
980884
603564
144944
873825
160424
979643
345571
152012
331151
821261
137005
965465
354451
369202
547644
7835
322579
82657
31193
98604
388112
552477
988357
670244
973796
385284
844478
23672
75987
485108
976929
274668
177786
431770
487017
626614
50788
272217
442773
538929
981308
274003
976232
79546
111708
363222
884298
256747
181508
844902
299596
246130
923942
431715
636745
381325
662877
10711
486376
238244
164286
528670
473597
970114
959943
305906
95631
256370
325237
589714
893556
550450
757169
362639
481305
829398
511338
586035
180574
661820
866558
471694
161566
711656
53393
604382
719564
792060
830785
777754
85496
498325
334128
501083
778161
732740
19392
998120
450693
996455
444829
124572
508900
27300
721331
286774
830691
26049
980097
29245
169436
977059
863877
278734
478578
63330
303255
587268
956978
643013
168466
461890
934293
27743
840428
974431
997410
187333
734951
972719
97392
856874
15136
549354
871305
672474
894981
312828
565995
942479
649508
793064
966696
299635
155614
805081
232685
932083
897082
536455
749727
643516
604886
231554
432289
467349
982136
164959
140466
65753
414594
633340
445812
466639
633668
422833
105479
996648
65900
575380
199572
714580
693400
787753
718758
5249
542348
260325
114674
966449
338879
175709
232759
166774
27280
94416
310976
829901
8214
274701
74439
595093
715156
794562
419572
154794
677964
105379
617666
234595
307370
796595
459459
478180
688737
539890
785274
413536
432019
230628
635942
118958
873770
261689
266526
983111
641732
34526
948695
94618
336075
390623
722371
101260
170530
119799
629908
815695
390651
729270
225310
909022
844805
214605
593307
696530
676163
681785
485960
310884
157304
189258
832940
882048
600190
785679
526008
962498
108343
7328
33674
314063
275226
970504
892492
726419
250031
12556
398777
562002
872470
63836
189952
12589
633280
44438
375041
191156
982209
225585
964084
170594
243134
749644
495337
437305
295553
712147
912937
331579
382123
494731
382460
393410
30665
755516
29636
263740
270527
441272
725639
129223
823200
49995
993290
320997
962656
115201
654168
912220
290273
906062
97762
877613
686313
788318
372288
623406
442485
904762
712918
318214
583207
368979
73809
447429
760538
531183
852689
400350
60758
504941
652321
35266
223263
615158
761761
742489
126440
974402
509701
928607
636773
791748
495222
19802
316094
277684
65942
399155
615711
203703
657505
350520
219948
545516
221615
149997
364498
635157
946901
881355
224697
644896
120619
106006
246869
804689
787113
412894
118236
782991
528491
543058
8914
95560
537876
134715
486975
955969
837646
576157
291523
43261
436847
225189
474048
683017
546935
726734
875381
797026
438454
951255
542635
81028
129867
108697
664903
579281
728198
310727
359232
63066
688175
692423
834923
639308
23712
170087
917874
707002
552333
628349
730468
835202
346212
313952
322214
835935
621775
620029
32518
372107
394967
527126
389552
763343
936290
333149
381241
379816
425117
3369
198553
367127
848181
54739
690358
66758
989310
383472
994331
875282
51959
222122
282631
277945
383077
673917
654434
88801
428315
535563
491083
743747
439067
34717
3788
744178
552343
797111
73263
5324
812816
527767
84906
701884
910752
826954
896885
645161
321490
873834
988156
709118
216175
208823
569904
78679
347284
712401
745144
626693
589886
292047
729414
250430
22504
263744
544068
385892
804171
301308
384044
225712
94212
369509
256375
291835
361108
209471
140909
397097
292865
519593
903643
640946
484761
566776
836131
535886
38934
370095
721005
401916
819293
52444
977916
699632
462369
147729
709403
956503
205413
788542
284149
125832
914654
92776
552452
842696
771958
208520
279010
337146
468781
163074
692155
957345
420122
158528
43428
436691
295824
629803
28740
556989
169691
325702
42160
890125
154218
563047
467477
871488
225606
356242
370638
184328
795904
486899
195158
981081
621738
465464
483351
391696
662075
234121
93281
593664
862358
921253
103670
978139
775780
288794
670658
91002
470109
382688
533096
368201
932838
307219
894967
996498
636565
638476
466491
214628
538768
10971
241456
128608
299219
403938
508498
587103
135312
940241
844368
318339
58992
3193
437918
872473
29496
442255
21993
765928
465415
958976
409702
963417
740731
325355
773508
661634
606196
488576
640896
426257
16048
107891
939350
715793
846997
632860
10773
371932
720014
961326
32972
172638
936333
104337
671008
58113
285550
132255
514047
641850
788092
757368
575919
754479
378828
599491
68672
416516
772167
769601
399136
348289
836038
881871
886093
248609
564310
471032
309157
625786
568922
874420
752281
201988
312784
573826
105024
561927
74988
453085
801032
982949
20000
851742
724615
781953
564925
155245
262703
784331
291955
641637
973216
905834
879988
227140
410200
682116
995895
145867
845893
416685
537817
886840
481211
24489
221085
933598
811585
999904
469972
593182
760006
243357
135000
890628
268529
27586
623410
796800
668374
338444
741916
858815
618564
424063
775520
607525
919099
777582
263839
342633
376059
412329
4141
815694
316535
43843
303322
256890
84777
163710
325516
431541
105343
391061
547911
136703
969203
853030
900943
508237
465784
327035
960037
144930
142288
138100
145900
967111
921530
54098
720047
362407
536713
490850
446012
22921
668048
630276
602280
136490
480186
278359
553526
103414
254518
377091
27987
371427
136527
607074
878840
583210
236633
38539
286770
29731
372103
212221
475134
291773
368410
887205
105230
499735
210420
489100
425320
433213
132811
462240
138158
631746
632825
862109
301816
989686
710319
426392
153309
537476
173450
175912
11409
773803
770494
747825
298600
247447
856814
330318
69049
720027
413726
751067
283229
610765
974016
797596
782167
89215
701610
672589
750798
681429
759273
741126
296245
355400
890607
343179
244171
860790
462375
767342
679230
880291
335850
952225
390635
112336
56521
181212
115840
304758
395786
895079
678083
999199
603377
478533
815147
789602
948275
868093
309036
364537
971408
248134
571472
281152
925433
899598
771969
161356
760236
539879
515555
680230
223137
606542
270174
940131
666268
998874
587897
356961
107683
294846
221026
329184
147082
197754
25802
264442
943658
822628
54765
947072
627184
379599
332143
759987
738193
526293
730722
676316
484315
47559
200484
912905
334311
164269
913766
28260
494827
677371
497799
956721
684
652051
32926
437795
859856
745201
77847
368028
858129
11000
477620
620160
107470
784086
686325
152565
257660
569942
65875
424633
794169
78722
177317
603103
364545
617778
435238
583847
58681
777205
544654
562553
513321
890715
518556
207166
417479
402014
189749
390747
321454
430891
258982
729803
146286
709136
574790
258776
463100
114307
967607
280310
178762
597900
934795
760380
677618
991888
900866
759552
534923
590012
696370
206221
398814
414922
294400
721731
893363
248947
578570
839372
85636
232753
132135
796087
939923
812016
990790
198578
814999
524880
770483
554472
970514
826969
15288
195637
806142
607484
990112
88130
76517
774530
96854
818626
243600
379284
44653
165000
16599
517669
729593
401794
863383
572416
557018
154838
489346
249129
428377
7383
231441
269619
168554
606116
168340
298590
301457
582365
449257
831210
570786
573891
519179
822012
425504
173867
853378
8300
79943
805215
224376
785257
841126
282066
469548
304330
598563
610749
139712
276465
202978
524314
482796
946910
200321
674300
187605
532558
832634
537097
807736
307789
865068
215574
803456
223711
97971
997085
862968
673735
955059
785949
963163
80754
258612
268942
687238
962947
168679
490944
353166
194108
353351
445967
419502
7877
320219
706309
147993
815260
63192
526284
802094
482202
301027
637070
304778
49566
886515
559659
828151
373720
240341
169110
849665
129268
698377
240141
404201
970272
988170
546483
646067
89212
997547
640331
716250
784030
887133
243731
826660
922174
68877
923195
660816
637189
471338
567808
591275
45
381636
536298
926849
486228
352080
488542
466097
279203
166344
752928
924826
229653
10415
803369
792177
119271
302962
240673
645493
111131
190378
468026
247417
74280
162431
695017
358880
187905
875622
78145
377000
549056
422346
898541
625949
506031
569289
817673
47917
116083
928021
233950
166876
913046
917819
777848
772046
463023
844992
450534
7617
291120
409063
271310
484254
804812
71632
789034
942756
171779
671866
631715
386564
43659
302313
422984
55564
957916
495011
184235
969403
275865
558996
91864
419379
118166
596369
543091
341196
426122
96121
579629
835716
748370
625272
937570
68181
543583
395813
730771
320159
799294
309579
827387
578693
764034
559109
301328
767188
293392
867523
564439
409117
977543
79401
43684
50659
202762
232022
323693
893552
599979
852674
856266
773378
893173
672512
463564
543011
78934
722915
306743
674646
199975
590269
474525
183085
652826
826754
463256
264696
610815
717964
740579
329559
206195
136184
912981
810225
537829
966957
843452
41789
757126
661181
888914
30845
679565
234211
777566
271627
351716
992300
589994
606604
425522
675059
906909
96193
775814
467589
353972
853820
679133
845155
189025
865647
648016
302053
929216
949984
905245
981435
684594
878456
767055
862287
67800
210427
984845
32198
826734
194963
545149
485414
435777
800965
451923
454226
597262
573957
131834
783792
39033
264484
301405
284011
864359
700327
210386
905876
211512
586484
412451
266339
949348
437670
732219
19804
386737
95807
134378
494157
915150
972285
957653
578547
352720
323205
504125
347517
526790
832508
128618
262952
149370
689717
694515
927625
13895
594308
392045
496105
204498
268017
306286
854026
867558
968392
242621
483656
884848
376014
149975
347547
459539
172302
753312
705209
393193
638289
896037
629912
822616
945835
826122
697617
735372
15666
914325
659296
888342
837514
689237
286600
135073
880860
565488
576340
288396
793829
137992
337975
475817
333290
725322
208853
93778
34890
462611
949787
321059
94380
160382
475592
633879
167766
74702
175375
993858
435487
944181
350805
384744
240189
819263
333589
682873
211320
810590
960803
118122
15104
617490
999438
331633
818457
539445
295518
929437
577972
458912
948924
896719
645850
726589
690865
406553
354689
93739
393863
773297
319745
443335
592652
814481
758304
78109
596916
24495
781513
345323
72222
60180
801052
791566
717103
653852
419103
584652
838875
426761
660561
988989
842434
439555
688223
404886
518134
266096
623280
690387
75227
82732
987035
897089
872296
858277
11448
319269
216074
542358
988116
326092
459751
784990
38654
999601
140735
130172
849854
414276
266927
839914
390950
793757
597328
409554
485248
353021
259644
249777
429094
951484
443888
346247
633009
106709
615181
842488
885961
877322
866745
38147
384028
186869
147490
598300
569578
118765
921443
131367
855612
19345
153535
690899
491060
315764
897738
266321
707904
881893
972262
326704
363817
830297
934571
595735
290440
48375
510240
6174
710423
785664
554150
996425
328421
486490
632437
826657
271011
605943
733629
593521
500380
396134
839342
915866
5954
464182
858899
576211
147299
260163
785817
202113
438779
402654
545390
409199
849570
104605
861701
252970
385574
651580
134069
967292
779699
978670
925953
250499
657199
210756
460083
869549
34466
455225
851809
7378
969491
450199
241617
102509
474094
325066
586809
745848
54432
985216
675935
467236
593157
533881
480095
377394
86585
792752
368779
384753
424139
326438
733420
836116
456080
643655
700263
906287
16467
39675
964283
861774
480554
630860
137959
274546
269924
124911
129448
950377
521502
374065
322976
658825
406261
443583
861203
128776
17877
867602
481738
536827
463792
915381
30234
449833
706635
594996
23487
136140
980914
768355
537825
491683
120972
37768
641081
672566
425481
916838
479373
414888
653623
978151
244823
805298
435316
1125
289732
494914
93118
577748
894360
102191
740070
631440
841390
871063
635108
192831
996253
177943
7875
472035
181943
639846
333053
397887
822763
826126
457761
34
564554
744456
977072
622100
352486
97140
840200
17564
132822
12658
314936
53612
526935
576928
549298
672107
868365
787568
764510
197213
889063
186980
740107
520048
985504
159977
204224
708389
858593
577294
710321
100440
960771
155167
44685
113070
233011
985442
642740
449307
287215
625261
498054
992013
20012
496738
695831
420281
450394
187721
704894
345792
837247
14216
302157
223357
66560
684481
80475
918062
911807
691976
374588
139964
718877
896191
785106
575080
736096
367953
602813
625108
103664
337735
659437
927852
781564
967498
367961
384239
693178
989686
209608
207006
550475
531030
732429
546431
888572
288130
234064
679118
132073
650514
426886
746497
975676
394174
21634
96439
823699
197076
125477
940220
112192
968020
366322
741435
438249
991275
185980
102145
30096
361930
395968
315369
410862
344931
251791
26346
699320
824128
229220
656505
478339
39232
837460
959132
221059
763630
542755
981133
417519
415167
326514
824903
577409
310632
685846
848944
916249
100698
974917
145378
532609
600795
715562
330711
315979
898
528792
386225
899735
158031
407514
391268
107569
735716
407785
59713
668887
392484
727799
444127
542167
828135
547240
114664
501847
232599
994464
530429
507951
239722
487415
635463
940592
732092
670729
865051
812360
220872
879531
970377
339197
753923
103928
721410
587543
146005
618249
599587
898587
89844
338754
910626
433521
175519
995017
694868
393959
730933
101522
620824
764430
83567
7894
245348
638082
735168
84450
464234
359432
628872
882380
710246
155216
576687
368128
854919
224601
751844
685880
552695
567795
178098
834506
144777
459104
786044
414811
128830
418708
536853
552753
593204
112156
506942
135783
426860
701787
811133
894393
126390
531118
383446
927359
42875
154033
281129
63607
385831
84635
193511
763259
631153
297605
179954
400273
662216
552712
429649
402785
945819
509059
518029
862401
233989
393596
942379
417325
377236
574878
51525
336850
622325
896928
8327
729417
909245
506694
880707
341217
27862
357953
695410
151253
308932
890482
966152
303260
808531
781197
140530
554720
10655
631128
209327
310790
579584
681105
50376
541996
297232
133679
438573
40369
287321
160833
352430
743661
508896
633203
506899
72321
676616
672112
478168
267402
909925
942817
465416
192431
121566
719826
269364
550810
455102
591990
723344
735940
444951
916609
116139
67368
617235
412339
245898
287257
935000
45045
493344
60847
814295
304027
295339
172701
418290
912138
513517
628126
51272
953651
900485
724494
588574
214525
604650
846357
305323
615617
44165
537790
828096
439023
823528
61414
155218
883918
934318
504911
635045
562400
188399
623060
227031
609571
813536
722551
154375
439668
396486
37526
471200
729935
971925
388733
376518
501745
206889
396948
89371
781598
962528
284025
742958
723007
821010
789609
438912
170531
768238
474071
769589
353766
720178
83167
575508
434415
582662
238868
721915
754066
331446
822709
244834
837015
698826
886975
104393
296978
566596
989532
140737
846449
263414
437305
26324
587220
17661
901237
57939
408022
57950
668789
567930
446763
355003
370004
254465
864930
755377
515000
211522
232329
431697
792064
129793
927407
109178
163353
203165
724548
351248
993520
947346
444061
555035
553281
122217
64852
834686
627790
434877
621453
24401
444140
468970
210323
97758
380983
58835
748832
691509
710694
166480
565691
551148
174649
940019
918588
168887
407439
588789
601579
247136
979412
163906
21575
964707
403799
709470
809058
56168
931513
306162
140649
871645
421057
863863
148802
255919
929485
388350
959182
885990
558372
110425
438542
396827
864294
696554
761633
429654
354340
70022
177707
357448
979468
571588
317906
763553
865213
855848
62562
184399
215097
40167
59280
416341
940920
764503
277468
70979
336025
499317
973839
696536
205428
341650
453092
820656
63050
2778
862659
562667
911006
36610
745320
891485
197661
864590
28643
988907
84728
662524
711224
910792
399763
697808
733990
473996
429845
852221
17413
289902
241504
127149
544904
390878
754522
605037
616483
679490
327466
836856
742278
611146
144895
882271
91078
246578
459786
834961
464541
642708
346444
108045
999880
575015
760713
995745
359758
769560
865436
772445
606433
320323
31524
188761
814429
608206
341788
448864
139053
488866
399753
313912
347853
899783
566156
675343
883370
864795
47447
737156
429093
560559
895292
709710
135926
288766
902049
332237
552621
572043
22416
38507
996628
227670
548203
372079
938353
42042
141949
655454
442216
710438
507179
381774
956604
473718
386633
629640
933750
129517
755848
345177
122398
569361
329870
769973
169638
884260
619870
362761
975911
49722
820726
115996
300674
381436
413048
805409
124009
119095
617024
709531
797622
218657
511764
773869
862328
30890
425209
790269
910671
487739
302754
378756
231405
831951
436804
342134
762236
723562
388485
638280
71966
505977
66962
501794
692112
943368
55567
97571
208552
736026
822762
791371
208637
917480
397385
91914
136613
285817
22689
454242
763673
383322
543016
269307
981045
865851
692130
911875
296092
816294
636696
244223
739257
630044
781928
663539
436064
488462
418357
908842
265426
704757
638526
422115
955807
150798
607181
629400
173670
637430
217478
936876
279736
808413
550623
876656
535259
814442
171502
732690
192810
569259
876125
953058
180378
562999
241659
261186
243159
16931
916973
441706
39181
641245
662466
633877
933698
66664
881892
194060
211552
457652
250921
7565
251985
953241
859145
349336
228099
941296
545643
942549
187915
138766
357976
508389
630053
298782
349841
974275
884697
968154
945467
44183
22778
530086
873528
693911
102665
422409
334034
318298
800502
233096
980625
122299
395014
859617
216876
615526
144720
729761
99100
687298
846113
767714
712651
808187
835775
194789
76524
898730
65611
789128
218468
536740
945023
379748
344293
451676
150231
859909
957596
854134
633229
556423
74368
841897
225404
885385
467659
952143
114214
820177
768838
188812
451409
659964
666876
284953
836684
621280
744592
196524
558671
406784
207979
848006
736960
841066
622541
658200
365522
974577
988037
54227
838664
774595
562940
661451
688856
590822
848299
53766
437866
134099
722477
787175
752255
68399
96494
185010
560495
687650
964291
700411
80139
738454
253204
308656
522849
112590
843508
973759
272349
534368
665105
972005
186700
388689
271687
927381
497788
919627
91535
924993
192768
25469
956372
862215
852624
142287
771238
946619
235020
787393
768327
836941
975713
687967
444963
90583
959300
162019
896413
980550
860892
328999
362309
347874
658300
888581
512869
616635
855822
318221
298427
658162
656395
494882
916992
212705
219750
635505
951527
608040
937865
572751
525857
537237
164278
663534
117725
631279
344272
365308
805326
203807
94387
783641
537444
396284
57405
692018
722140
301617
638000
633279
616307
903693
208432
234581
207542
413031
256038
504872
62773
798060
705991
780769
540693
367943
244783
966808
18117
425515
812583
880111
746057
334144
79814
170122
664242
431720
890099
387758
839470
493612
990600
980277
816955
422024
615186
671147
703415
111183
856821
9609
319828
658364
234412
5388
330279
231703
573487
867248
277279
384001
432109
855118
728338
425628
964536
33551
370611
526361
834625
377420
601504
492063
125048
390276
516824
811797
78677
486073
851018
206092
728501
544295
363528
381068
422172
869986
687003
222393
857177
449547
379824
657442
386503
151726
364975
164263
13295
830907
172460
973956
445963
76127
160118
324926
244006
362303
461005
156136
217375
617681
342706
64402
45388
358486
429142
292559
736378
498808
452980
697058
233107
146364
34746
831365
993177
607267
502498
275733
927502
137891
348704
236317
451254
609981
965236
162173
726964
226683
769375
492342
426065
642824
458738
100245
866908
911723
10561
905338
358123
552354
430007
240965
413951
625879
461187
815260
905926
875969
677169
905434
795833
682202
346451
728727
312486
72312
686429
173200
670024
28427
410001
166963
422098
156274
334415
845386
606091
278714
376526
614273
146450
12595
584744
78293
835843
684785
706959
389915
54706
975004
530589
621419
803476
912372
39946
669735
347326
760422
686199
439147
463173
25347
85671
981587
432388
209763
796109
447779
480443
26389
360575
746391
318804
401345
938122
343240
740610
274077
316512
612600
835458
244744
665133
487738
605379
843974
774408
89985
182626
454745
146500
439939
74574
320696
216869
289417
952331
3439
769647
595094
595858
821010
904922
418609
47637
944671
717283
149585
424607
268655
900860
298661
488026
79513
360868
695293
974507
539492
845393
519896
667960
711206
746953
367307
339657
626877
83151
300810
596428
702377
643131
415702
692786
827269
681827
167235
740792
588704
642677
684197
323648
467836
802215
811927
305885
490786
699589
779431
15982
800160
959273
901793
121825
196001
996297
143350
153433
98279
799338
405001
69866
669031
169395
288279
780161
968257
312284
770944
172641
961498
510405
98998
264520
921432
464355
127745
903152
55353
66709
845996
238001
426064
253141
533712
685059
33566
533769
297786
438690
327881
711737
602684
297226
624507
453724
628877
496994
912026
851531
41757
946165
88159
909719
714298
134363
355925
479478
459544
444214
695920
674712
933184
155928
368072
106520
819416
876098
647920
632782
452619
599175
412983
916609
634644
57680
807547
448505
135660
525240
435365
584435
260430
93207
764612
817518
798563
102173
958921
889827
739792
381588
199517
268241
414552
302215
317211
930742
17390
253441
133549
288986
247259
879470
668358
747716
90440
810015
62329
435024
880297
17769
546869
473241
416326
201900
488414
615440
496039
356273
812744
518638
860700
607341
731858
530630
505126
769507
636829
652019
345094
312677
701416
314417
256607
980922
990281
484232
664074
122267
891274
561251
438774
659352
889118
947903
287930
165912
146303
212863
814457
328509
751717
170332
507697
178150
24100
90297
194208
479694
379363
819348
82195
7057
589108
146841
996748
747791
704469
413265
487823
160361
502082
948535
450633
775465
580021
381483
844190
748286
291516
494400
440462
983460
606964
892720
236290
937570
973799
679535
993849
731437
64128
242588
930954
502634
497063
599764
374549
593105
712061
727201
645770
297709
238005
272528
603157
557760
587981
810016
708517
512387
530664
324246
386200
12618
103818
428590
952389
679238
81775
507628
48613
891877
88776
451600
957342
491540
70675
909415
159470
831204
86806
128510
183728
849226
100471
880306
43982
304640
226107
500963
754308
534730
631193
973127
45388
224403
695802
958234
858028
789046
786832
237299
381144
785048
738256
38386
822021
837938
392141
624278
931979
560684
355827
334763
266165
959013
491420
963488
284073
745807
696594
53559
697710
288696
738402
553045
695007
257379
789593
416889
865963
330132
374750
593737
178886
322603
572715
820296
977584
200360
485482
307941
603232
192397
493224
905580
960333
965281
760568
751199
463704
61776
139687
60320
625689
55408
247639
841925
792004
940254
168186
488654
963320
606855
112173
707762
282020
798531
765742
467989
286486
986715
863996
182615
345953
527851
270218
806278
3883
17059
357919
209971
690577
758439
249165
685986
750263
341974
302411
181467
133871
40488
125169
436957
109508
335089
340304
58866
483621
360770
272492
405406
56169
383791
58200
487857
678339
678890
63404
326140
395907
168142
209444
828896
159174
367416
490520
258562
483580
375952
980372
281242
559508
725094
895315
931627
148614
95286
728093
21581
710908
793998
628026
723558
847710
137671
251601
779959
344697
406958
405090
831506
291595
239175
861533
813610
407661
485095
820253
908611
771869
188928
39812
899784
285031
795578
279923
679803
994416
424572
34278
240646
986015
348489
444715
784561
512361
859591
798845
528301
447223
303644
508097
226317
302069
575217
266844
12692
774265
572056
877039
671593
815630
612810
968496
758951
394333
118729
535782
700625
26103
806052
996225
413283
653377
912857
507155
355843
223613
729876
433455
521558
825457
874454
663453
410991
614198
120497
855286
638435
540254
254703
517410
573048
819779
479699
978540
106364
931880
962359
40639
338353
822031
231764
891136
449318
582871
298272
664263
983649
802574
596498
808890
218040
686875
496577
318216
834303
450177
421354
664640
687323
854161
674705
12619
725877
424367
767166
369036
929354
150270
461480
58771
788448
907947
597424
446072
169235
443347
735748
802522
445774
686034
20772
761908
840469
66921
377985
287832
527230
445195
462721
436172
867456
179076
471456
590014
926819
485383
299952
802020
627671
360018
407681
479284
107361
490432
252571
100221
183856
599083
648424
551009
763726
540667
750383
425583
800434
827600
194299
132257
327922
201352
269274
606383
414997
168365
812353
413581
814086
52478
495181
429832
108773
934104
783396
7353
637176
139393
931578
681379
860991
43921
473391
649327
424933
454526
525078
515585
645266
296194
308753
954038
490525
988587
19992
812797
130143
900927
957976
131023
327971
794889
729400
1228
374585
12868
652086
909939
201386
423075
127472
722110
669957
343867
889343
981912
229784
487246
989566
433404
40251
697269
317096
138155
615942
458345
411039
328585
400226
741102
554953
925397
477885
944412
101973
302531
530839
585675
48028
214456
75258
106586
108258
837282
318726
297244
28347
307953
636138
699424
775562
124597
371375
741148
881253
801237
802926
987894
884884
945833
49890
943662
267513
813173
281560
431850
951113
512131
320579
116319
32696
331100
531116
721178
245235
192226
916102
439785
577095
141325
408543
893544
789151
335744
95987
201899
665898
280647
186523
619141
754907
402096
54498
818035
718474
119811
428920
762536
635448
439071
112960
832630
136303
324338
543748
246102
369352
130388
24648
430804
927687
842497
732220
612058
601888
332081
321547
906519
949341
849302
311312
144459
712599
608433
982504
866546
834337
496081
347042
830602
166341
707690
801747
76163
802406
542670
397767
997699
733892
760778
993362
604434
185182
893152
82692
134441
47218
308188
942970
877138
206496
372245
179409
754299
66733
518850
686582
703901
885347
530166
309913
857860
622101
211897
289920
963258
413887
283077
644408
376340
743564
639514
893670
500056
708338
801022
592891
280457
567801
161237
426309
335378
660505
803416
813155
701003
495936
801205
370897
114218
27762
704259
465633
206025
314827
195360
785867
844559
354720
428202
58395
722494
420740
705494
218824
655897
958054
187440
143205
826864
55575
342831
52913
794313
577514
526068
427145
753325
82293
84127
292669
438348
959347
790350
6527
993421
837259
954164
718391
337526
5932
634577
107764
416181
539983
81235
990398
669257
9822
119561
465351
501392
57203
818688
424383
659757
562809
664188
16839
601749
596719
587156
356221
418871
593419
845227
642230
872454
280507
132679
496010
59300
711942
879119
613064
249068
565137
578789
824394
650716
373886
76254
100004
786398
923183
328922
395318
304689
665512
41349
785441
858296
457811
261481
504854
473503
911516
193709
281098
807782
397180
354477
786950
285388
491796
171127
697498
974552
352815
750688
920817
428614
766826
576898
590272
816141
936816
985107
299545
653001
484637
306786
274780
785098
99076
281200
743564
491577
834636
560168
981887
433505
386357
733884
806959
119393
975480
138910
279279
581421
978573
613272
365687
147516
354374
443849
725152
371154
772377
4413
473323
785450
952891
610791
432571
970303
173159
241405
606755
993527
625917
573808
662810
829293
689352
787975
513355
326937
568792
585687
887625
810910
845838
751521
905568
100593
527414
924040
84231
646113
384078
394989
751921
538566
834405
898281
350978
700042
164447
477862
354911
748047
442709
651163
564510
489980
825561
810978
741469
680615
490455
632695
570030
462752
48343
743439
99952
472344
469342
764370
403449
114797
904116
262071
615983
609427
253057
398843
457910
924896
740561
126206
838275
850356
420087
539770
405007
197762
271821
485600
894504
779840
939673
315217
476001
199335
15307
998646
397098
282535
354722
113532
405626
586795
324335
418159
409384
686084
869298
604146
928666
758900
675744
466264
834772
290842
354694
206371
353970
538805
930887
603927
543089
923862
168641
569593
793703
949543
181198
785705
136787
338577
306599
24793
902991
361295
768738
842857
657826
567501
316508
507233
419506
154812
316913
875082
505878
272245
18152
131561
698954
871495
61676
508889
512827
335775
169141
902084
552387
614483
167174
255422
345711
192907
501455
687102
913531
187084
967858
832313
458911
760098
605986
812828
636034
111914
301480
581414
712269
311545
841856
269089
781915
390060
864032
514491
397900
759821
780440
866949
6649
856543
954388
136519
590593
337735
549183
289853
467586
188823
873026
449267
522020
161911
340522
376824
158095
609138
687016
479874
610940
377819
460273
862558
242153
156186
943494
242833
111718
893334
894926
677329
337421
321152
19935
427289
656655
790330
987995
165037
526376
148579
21559
728106
181556
157953
380247
165833
230300
907209
914453
877360
948585
363853
625633
122996
849657
807747
561410
227312
347278
388205
117755
658043
803972
909162
399240
275976
54875
817561
21640
366815
459954
753638
976436
147828
190805
286834
349773
929569
96493
223267
150420
684677
250902
691845
784883
600312
775694
621083
183289
628842
41864
843591
458819
831191
925216
383825
841910
308072
132586
312599
502376
306474
702499
748626
484190
474467
841993
867648
564912
426006
430662
258163
397705
638549
257224
540278
707915
899262
486508
250391
747087
152851
718744
244246
511434
925434
432168
61096
377675
691405
849343
565608
25440
628575
97856
472155
289049
707917
514133
714462
382436
744892
860844
547183
664727
838004
989442
950164
163597
285528
943447
918763
844199
399425
480385
161167
761460
354551
347805
965348
361323
131787
221536
784704
301973
691540
709835
814134
632583
398212
932605
229312
805901
798502
909602
212488
255971
376566
876938
421651
261533
440092
975252
737291
620390
773959
231497
365159
186917
717795
838085
388537
574907
606454
850511
10900
643433
871196
871818
106647
409615
295133
889221
582811
678031
943464
256429
989941
88720
419631
901346
840936
292574
652766
989478
410410
974959
20280
135346
915281
184257
818577
92259
45594
645406
60770
701201
750614
306241
272524
348288
919154
493267
556588
772144
953121
547406
89943
220495
141288
261571
599666
699215
544709
653302
229425
954194
232829
94311
928746
234496
980353
621612
590485
105147
567868
199545
711906
480618
616636
849794
460599
88498
721850
232631
35589
876419
623623
605358
105414
663438
222486
67487
601877
782612
67744
883720
723945
940826
760119
702001
699503
337529
684395
800458
607044
906962
560083
235952
512012
168734
490425
289294
83378
92067
551460
635936
27900
622466
688002
427987
673097
145197
253746
774985
969578
750327
126124
690808
998299
649860
934414
741298
898973
102879
201475
609663
498801
211434
93458
685414
87538
730992
340033
490891
382864
932119
512483
177266
165
104241
810245
592162
928629
336369
98545
402916
100039
2554
283613
732459
623706
14035
818355
192461
620550
355959
809086
908079
954161
60554
278702
286592
870762
466853
43016
681756
663525
423058
150061
354192
40339
479955
814084
194749
518686
879837
858823
132565
427326
544290
755559
256451
397371
653580
300509
773479
303935
119749
838094
812095
78487
724083
46234
133473
191110
23617
799554
718820
198150
331417
952627
319903
994268
143406
974515
794889
405142
927157
413735
327807
893732
808563
477694
467109
461905
23409
925374
488100
627868
780557
966761
531857
886007
373675
751563
989229
591387
980872
132323
21513
25542
296751
431852
266242
488082
868676
655111
226794
836467
91517
621766
741639
542797
404849
828823
910517
893168
314248
113099
795686
577841
679827
345922
694218
699046
782837
955189
788170
587453
329150
927520
746797
767417
279256
946826
913950
702155
637338
98354
770181
221257
108154
986520
101841
884557
567199
618405
940247
407149
627477
601911
275540
750738
644890
748109
247054
549239
285141
929548
904089
136448
224870
29932
79158
722676
766488
687298
721110
834649
955379
110826
740284
848875
878639
502224
660992
898744
462147
564507
234351
600667
387546
247544
429392
638227
978471
417022
752194
67839
19919
373187
188481
97528
835717
944571
893703
46283
925044
753991
715151
414737
918037
254242
951860
610349
353440
642787
478456
842914
229023
298287
40033
729359
930013
45375
396606
179783
485246
973642
874184
378001
625512
335631
644323
335737
429599
641409
919748
172817
576751
463374
592108
338119
149890
127566
119122
272036
569425
850693
52254
698527
265591
695317
207954
535836
39713
960515
872963
457988
859042
571747
159557
508865
899875
512995
418790
851094
939576
237746
244816
971802
119821
298571
308626
268559
492863
122274
515192
76579
238215
202153
526294
323842
344209
184383
52324
647830
951979
595062
393091
467228
721561
11967
593694
197156
392389
976308
496940
67173
935891
110722
900881
402426
660051
986609
522980
696317
831120
556114
247372
216767
907717
55748
404099
375585
71407
95714
745916
608274
369406
16141
849185
90085
309157
654289
833717
792333
832208
499510
583513
144889
459509
593126
856426
30854
283204
352630
626951
780837
787768
90706
628400
54923
576399
557194
968714
872014
883670
790451
148415
697379
7070
519227
340674
728881
523723
354509
866160
614673
749450
705693
332882
906725
909922
746512
443583
145042
890276
136907
946846
46555
271037
815063
712586
476827
626026
382318
274510
524767
648266
378597
365903
164638
604239
584949
292873
14101
566222
101031
275249
220675
703991
845724
668986
786174
16478
783030
674740
503217
722999
170599
568078
346611
892257
678356
26044
278596
912793
434277
714356
195750
800271
250924
358162
736470
431829
673071
971995
749733
901620
675603
837854
833976
158041
427815
969782
2072
92909
335627
739501
359735
386818
128764
8763
418048
651561
588605
814636
720793
889504
360738
289503
155512
855720
232060
531818
788511
848117
209948
589275
870069
806463
112518
892570
101827
283382
381364
341674
143688
440786
605891
580430
608249
727624
413182
287944
966552
626200
311558
67772
697263
369795
345435
356724
48425
722587
416713
28477
571534
252082
27633
932270
764249
796916
116339
970056
402616
568977
202549
823865
980704
774546
262163
329019
71434
526093
743267
424601
859021
181300
199011
27218
973081
127175
915905
78166
946765
675306
241543
965997
487542
117713
414690
68919
514149
90391
278093
132110
191532
43118
19743
100935
265716
926257
215277
369496
71550
111190
425821
945747
616756
993919
972040
53521
651691
430447
411147
995626
242424
807001
723819
407456
321388
556756
618658
95131
401901
980332
700938
670095
733746
746898
706085
79929
147162
670067
144583
550281
598506
889382
751136
629082
696354
370622
529898
813916
63994
701375
465451
594963
209278
47150
935719
766904
235139
733505
960230
889725
559685
728246
6045
479406
908446
789504
911868
720947
738277
211931
901588
219506
595233
113153
518882
385553
71209
476469
232060
991385
501081
108732
184854
576694
272371
591531
129073
877403
619855
971548
366370
978306
725632
336186
780667
727889
14853
302012
78680
19672
67561
766319
696583
342775
651256
179691
370197
860125
502622
373863
722289
249771
368925
448105
856128
247542
947754
610198
964924
44907
62949
163495
645961
888142
174708
483644
791958
880155
452859
711371
471468
243405
930553
896305
130199
412284
584642
652521
504301
623393
144213
809306
193151
687350
88601
343626
250268
905592
521849
655153
720572
829838
369176
839976
635344
997508
821107
83264
675684
721520
85522
207215
643309
449845
992299
391590
524277
470885
883091
329662
462944
597762
934049
71632
774298
644573
32929
186403
622047
960864
15922
895104
823462
716391
729917
156066
857451
654024
364818
746250
972439
515827
345377
299950
819983
161269
725713
942609
97686
443863
844096
969326
619488
656227
705624
434638
746740
320390
594186
492985
689596
631249
177514
664393
911596
58586
684455
373466
894221
976767
740517
735773
24293
97482
604345
637068
462533
870512
247808
803512
892399
552948
698140
127549
252193
357609
53837
154840
495362
422612
902696
484175
761000
628591
920502
224526
769860
881354
7531
358226
141803
607245
28864
411838
284353
450200
254768
557899
488004
120587
959117
767581
93554
38049
659900
653360
420248
305335
632403
86321
254713
143211
192845
18473
488087
165408
693992
839892
309217
507421
290780
90576
631864
660501
735543
66033
486752
383489
570393
161329
831680
30569
950154
98821
165205
510275
962483
197770
776825
355250
460992
916126
429516
455087
558351
360332
185468
369989
332565
131487
872759
973814
286926
157591
915562
428859
983646
313146
745908
630441
762121
275457
634796
362415
374604
423155
700171
547260
688854
27472
381112
767101
729190
467683
35503
413636
231042
139515
776781
891332
900753
228467
584634
823225
791254
708908
13619
547429
492041
905372
450802
559604
330067
874816
675645
419585
40487
412269
281800
952497
684408
786948
283848
172349
741018
592068
969686
230734
503609
825146
757115
690433
469808
132307
574878
234058
475143
9746
880007
265076
728716
456220
572175
791814
544972
981296
556967
166466
386286
943413
445377
224263
750381
950828
595486
649174
258160
610949
884597
869873
175880
809101
429821
243423
790597
911492
665367
878157
354997
391565
768219
628110
104826
783230
444606
463811
324039
881815
620381
81494
805879
666320
102376
270304
951114
969931
7726
548395
918332
961833
539136
897361
324932
905977
512325
578243
513254
755978
578842
215334
827701
185569
405475
932951
827369
545926
765299
298703
785176
895097
68052
649314
227605
882562
260595
299426
554978
911334
150507
844832
150482
813237
720684
789266
918848
142273
598088
723152
852006
84201
863770
64633
661595
315475
4115
960690
505131
502584
133154
454030
868628
553304
745983
782858
656603
511887
494549
311663
285385
308480
336970
821338
165126
365805
545708
690648
787024
347689
922169
407019
665944
673380
120267
514282
168441
193254
819294
964292
315158
62231
288191
660325
94862
169274
814419
302705
422239
756538
358914
26989
656404
87069
921854
761917
892460
156053
880692
368904
532233
101045
564685
753207
50385
907777
778337
108381
847269
725086
321849
117553
308028
37224
473023
6454
611867
884002
949060
666491
388787
303496
970478
732734
938583
184641
753532
10220
995608
562417
206968
782916
701119
896554
408824
708889
795110
919426
628112
954038
529331
816511
884759
4123
371762
560239
396564
146278
313294
99733
429382
82637
322156
388221
16781
569544
471013
213233
370296
971724
864349
797572
56812
395377
380100
213771
987693
402549
361
395884
131340
72537
740214
275214
470317
601001
399948
299952
385204
668441
23996
975061
306828
128843
768926
814557
547732
350509
440082
750320
290278
964928
683985
554003
311684
904691
696878
324252
765601
851373
363503
280450
223242
605546
981314
343822
896303
531005
20382
873838
70802
207603
527479
142120
9163
787608
705885
705324
95797
237075
520818
352706
529273
179756
1030
717602
751605
432623
551121
969186
46536
498728
172492
106698
542780
879821
548588
179395
102865
482683
527932
363438
782498
431385
726166
583890
344822
666393
472957
437997
95526
399069
599386
551531
244902
256054
265938
669108
303153
451655
897920
839136
513301
101512
133524
290886
120600
228838
48647
283058
514758
579080
443322
288372
606168
670637
159914
282645
590595
340465
574738
696613
631642
629615
645598
86576
510560
132799
938055
235343
571310
266208
195023
793946
393853
94769
258331
91387
11729
672922
804968
7134
306179
495688
210731
486596
402409
392725
657353
897719
12003
109317
412592
676056
2821
493228
379152
154388
346524
968366
182074
97461
717087
331679
951891
499221
578420
560904
3892
329773
385947
519819
412386
914315
924475
781982
37669
518818
237447
899891
829127
861563
852557
359416
107371
467978
130395
167162
987783
928411
299086
331493
381439
979819
873720
832998
311711
253907
76397
872369
151669
458783
497515
45790
828873
959613
934691
612014
488122
495505
92712
354284
661239
857958
304755
177007
481622
566398
717328
142972
122772
60234
276841
946952
472170
746805
588525
879002
931464
299866
293213
422607
422897
908311
145267
842424
968434
680953
57583
222238
472704
460758
569087
413605
48429
267578
368202
763470
550663
71289
833881
425110
495437
871076
967714
711932
962831
731222
286963
374560
280481
191726
228728
866951
153531
614743
110185
113147
445744
892418
561170
745679
671945
100661
418880
807872
362238
126525
951109
937207
140432
462783
188137
73388
685574
106157
29485
816164
291265
552404
664252
443098
138942
779537
430193
647996
901480
475492
501567
184524
272856
484252
460225
216999
421994
557554
908959
624931
410045
888690
531865
85265
46918
171476
855923
405986
132625
993769
762942
583717
449238
100465
680958
108654
325556
219017
801341
998227
564429
954177
982571
483600
158589
980236
487536
555658
804535
85137
207824
759088
559614
184734
227514
619710
355070
137596
662893
866459
855173
605597
689352
934883
296673
75698
453420
979263
232726
980121
394959
63599
331836
29236
35168
148265
890803
430741
258642
40091
878980
809493
440328
781069
607446
64772
4059
301986
750218
198970
91403
682109
673267
717964
545151
20673
790965
628698
846266
738928
917945
112134
898077
151541
729290
907647
169875
169085
157839
866939
404572
505279
86181
330947
380794
422045
394393
590504
32050
817314
956287
402451
323199
604587
322609
457978
82841
157283
840487
39279
279900
510119
290096
761810
35225
681672
78795
565735
11382
164142
583652
286914
799938
867801
729006
817375
781081
962627
714137
911054
511024
439074
813681
758603
192446
441866
104275
803436
550728
155182
73164
659635
305479
253766
950095
78851
795127
515661
371539
924272
296255
718050
685767
104815
759032
857934
206195
683628
755291
784997
870828
753659
344908
590405
320435
403494
438077
737852
295468
580197
749952
628038
196534
183723
42029
359923
675499
923485
91820
636967
622005
14173
524512
223163
432459
517445
810929
242754
257671
566192
446579
731878
529574
881714
482488
561200
378459
523879
252015
276070
644880
698857
254007
728974
854650
279003
701188
243217
363223
830562
118380
275131
314439
711092
228943
415775
853573
46472
540705
510999
995840
367597
136150
661353
830554
484023
43432
409734
503036
951124
192136
502060
694484
307132
885407
735851
11052
60743
523135
357892
361512
873880
716843
732780
970908
427895
61823
865457
734215
449021
362493
826932
464688
726888
183414
422996
665180
916942
560338
215916
270121
387695
874748
515122
571467
861411
256748
645632
344928
412338
316498
956015
96497
688898
957084
238943
655111
957803
401252
192084
747624
607655
973113
700667
435821
527141
859273
415370
764929
24892
137128
453765
177848
204284
515455
978780
639305
499553
52564
617778
689706
148193
925809
945144
88006
493797
215540
537784
950622
144596
356659
137902
834425
50378
737545
58320
797705
730919
108673
15791
533980
264708
43614
166453
213115
98433
765893
371662
266147
365562
375560
361316
968477
957208
786576
841986
390780
817987
913830
856474
744051
383349
810270
498082
439312
835562
75104
577688
600089
834548
108180
238631
14658
859306
389930
358690
446856
643904
817091
320621
739756
719154
866367
436347
688207
352347
891556
21745
843175
34
789927
804713
842395
784723
694235
840916
928705
452428
620851
711159
273393
715726
818229
684118
760198
820595
139006
60846
268977
734271
994924
339675
881529
964494
887659
531930
865363
720941
328287
383593
126809
105605
410987
38923
35562
202482
48988
537447
447583
380787
544310
235792
437861
420090
264985
715680
291260
936290
231630
773949
102923
982656
942324
36733
872477
594641
481793
560294
124796
446483
293239
828174
346280
98481
55206
792673
574836
571734
55639
711553
990014
372003
774236
778056
953097
955579
849586
411433
910713
724091
598608
906548
341674
982983
326287
209784
712877
924352
294709
276482
648287
712913
193567
831108
289000
268073
482507
884369
809101
881475
562175
852293
359795
970976
544218
480194
459249
91159
452405
293269
167568
768003
154678
272310
697954
461978
680689
959918
344828
254941
953210
197971
296337
765931
61963
566895
754156
73521
8846
394943
491721
621372
67337
444823
828433
890159
932
706659
773041
32528
433879
313736
646486
472956
294004
481384
357638
907131
741198
242884
22942
343854
826757
82429
612324
889509
189935
357747
529096
760653
920293
855502
343292
313798
969383
779931
166893
10131
911213
146894
742748
102187
77515
104166
373726
397804
367423
778030
481964
503663
497755
339359
798888
920758
595465
705443
32621
388482
139584
992948
885777
232002
805186
686755
285050
36453
501455
651317
923737
683153
431786
670759
827208
943660
249605
480595
646780
294039
595851
582699
480231
31098
542922
829153
672301
795770
947900
196393
848256
704583
842992
503958
437210
271443
677018
148385
379094
964829
997235
362313
626092
761387
716174
580308
362695
599254
213689
694579
447749
304639
965452
669699
762122
683296
301329
967792
568129
112317
986960
59828
503345
120312
80117
293693
219639
669060
982688
893037
570086
454322
999817
103995
63480
477159
845902
483383
390319
111983
465499
39914
116876
901354
624373
212827
613355
266340
104035
501614
718713
806595
667449
402152
128723
530841
658754
590733
330941
439001
368777
677418
2940
207591
60612
544623
690705
851656
82526
178036
203986
99129
853472
73436
355110
498459
293947
917527
132700
738123
915060
565121
519465
499088
588908
876520
830588
385518
358539
453931
311104
584727
980361
645309
76589
367105
701593
404937
466443
602835
247730
60656
458885
235513
170682
257133
905062
706839
985233
537370
292338
805657
648120
787916
305635
272553
238365
120472
312447
566586
609732
938425
333650
957249
387027
218634
851726
692932
551226
728429
843579
581770
104125
192078
582300
773810
32351
214338
913824
780896
893549
509769
510529
249618
521060
163762
537277
267601
104704
107998
121263
19266
550498
910172
531594
660764
590492
142196
932977
345588
290908
39359
744309
675508
831412
207539
581419
974570
224770
890877
203113
320252
180097
845191
445726
790266
935082
31129
970699
746508
726600
928923
423138
933514
590039
989176
807289
551274
626712
554719
770475
8852
546164
326563
137931
205650
437834
982723
316998
89635
339799
879363
574100
549806
669953
299129
172186
327764
6144
299492
107296
876510
193833
417333
272362
382806
513753
592178
325877
184497
798650
762608
566672
232105
366325
816894
701524
342505
332404
725409
592257
124450
429842
517625
535926
952699
633378
699458
609740
945893
621145
434294
308752
563084
484057
887184
344604
292585
610587
751212
205201
471220
438135
974602
824563
210743
903699
574450
821665
531326
348774
110641
158575
866347
301224
313793
650658
801766
967128
654663
498567
617201
80873
7797
91504
35417
703882
4368
326988
316680
277009
868108
144034
265592
912835
869971
344554
73538
262978
52964
38792
319636
315411
521368
699942
44545
573323
80128
171116
756467
360982
221227
882847
475324
235044
139396
538515
351049
427057
347735
674190
363511
94127
344891
628160
515153
62188
601096
320654
680950
761400
120029
392880
691889
267194
537976
239786
630833
844443
876905
743846
544146
631763
270247
272393
367615
371015
21134
267169
609921
753740
54134
161082
446825
360585
407857
21840
661654
265339
666080
572382
647524
399059
509234
298581
235121
424954
479227
23784
956237
19316
268717
904964
738877
982306
849333
985373
377964
562785
940148
965668
283823
572049
610648
602581
263219
303088
969943
248044
105222
35876
512008
599351
4222
300119
601758
25991
149962
141052
768577
331968
355411
832561
797322
923472
939278
333181
219291
123836
810465
740152
744217
177558
890223
384650
981128
869131
936386
51915
282753
701272
647060
700746
345554
179805
533050
184170
749234
757898
400558
555622
733983
516982
79799
597236
98006
707086
397303
448903
857455
637610
794385
215983
98322
677499
680180
668636
98457
13025
177097
366976
666500
945625
672117
246418
869971
689300
810251
248878
219908
347106
891601
155737
53673
86413
325357
46691
677925
196483
705005
304485
484675
944107
21488
991146
780530
661336
887347
791658
264289
252699
499772
972786
287859
93426
569885
525087
963423
419359
746661
535944
209128
644948
875753
881276
681971
768458
497258
705376
59850
945329
763875
779835
168492
751746
444658
266573
114318
428336
514400
49177
457523
211837
475919
387780
814179
505768
396863
774614
416971
275715
360252
671901
419824
456355
165544
12656
430289
647346
596641
291985
91417
147870
899470
669612
454974
872244
883403
102972
809081
44551
311214
936269
946850
935626
784310
983900
424231
811518
522512
586458
23080
205508
620805
496655
791283
896020
185923
843932
141335
724806
725957
511193
965479
699278
732322
881181
9421
796293
801328
551771
689032
761826
366482
108393
752963
818439
995941
462300
728019
182840
33219
187344
207437
389606
722994
321604
19906
756650
700461
719522
67545
904141
683660
73947
20423
154499
677778
300849
998317
872569
637651
57614
379341
450628
891072
478610
120490
759608
606673
690154
494076
543642
988941
521755
11277
294701
686329
271711
489907
409128
443611
725478
391786
498441
775593
459197
833357
523651
365651
495372
398385
184723
630826
528313
946079
239473
163883
421995
166635
328737
870060
84393
285813
871016
117730
328032
747836
843356
612429
224451
897882
714773
492033
875213
886880
710464
199377
518626
864334
162130
41625
147155
530543
515352
843368
676353
944335
684525
153096
345432
376026
60998
779756
94909
421715
593127
264822
917187
329453
541944
171042
767318
287306
822322
829394
400698
651981
505844
998326
208366
73310
948210
921175
579434
520954
40652
97025
962440
838387
211197
750859
168383
723211
278314
917508
365513
360937
14682
697852
912615
268790
791941
128940
752187
744215
656901
944579
956370
634951
556073
333646
229124
120847
522665
590658
695028
986981
595699
141865
843315
444511
955108
748775
718081
255826
236754
65192
576115
412748
806150
330153
339696
95977
511943
885535
966357
535510
679249
910791
59321
198880
574821
678987
342346
410744
364922
262798
37782
748357
219473
735701
588902
745830
489510
361425
552069
789059
891010
420813
380894
256910
69613
702064
29123
122844
426689
789744
367754
490202
369627
498068
344082
827437
658602
784227
980323
200042
382185
144750
587699
632431
688745
924727
18181
115356
919367
39741
760556
479025
861182
291109
445934
984134
402965
462086
337412
819297
412089
45329
273277
627063
981989
413852
635457
37890
20797
692425
597747
747195
884155
111511
358640
337333
364416
816261
124533
558230
829196
381470
65309
56498
402185
290022
680967
300293
187906
926175
442774
118541
761969
495608
889298
221442
55541
446163
803243
432947
828130
944242
800862
396799
972595
622717
180657
356524
59418
421874
750616
231335
146616
684329
898362
554008
993705
595523
635981
348833
680054
333103
147485
523764
576238
865816
115436
53070
131150
316590
853236
862164
365085
384592
316168
538952
447317
232211
186776
641128
670011
123442
120019
80227
343312
178002
522535
915321
514528
130544
444772
566126
420983
177961
386430
888938
70771
917541
141425
511280
741493
337761
898239
205817
268081
91352
475093
381293
577957
988174
615244
643773
377703
111481
418443
720735
486294
447884
804745
843559
488370
253217
482416
736767
517768
980098
889309
550147
590470
609875
513476
946619
704173
846048
365361
399158
669348
455359
865257
784959
359464
942370
185391
551167
98209
28155
748002
372463
241040
21324
194627
15351
979493
83786
118741
212648
146349
972589
189277
902099
478633
623575
346569
461636
492346
20510
83309
562782
312440
866104
817832
494996
633377
386434
985189
94401
951982
517165
32958
167781
692225
531141
388666
886461
559803
144607
153015
37630
406059
29919
144995
972333
35041
440995
522596
300894
137248
797200
507864
177159
610161
581431
963382
565504
725524
491619
768915
998937
14482
494657
429377
381911
534574
139757
585170
477901
794938
185877
893690
464916
12421
517196
161938
473319
559282
723629
34425
778269
44708
300522
925461
592195
321301
137520
401783
466645
465862
799480
184733
816089
186129
392429
686225
136601
114010
638709
555566
237179
899940
357151
723138
314622
210303
959335
861711
237779
868319
278120
413932
770774
827209
820895
278601
548263
424486
524631
228047
484522
692026
410359
255782
106775
145774
958628
330512
475838
969737
30804
208434
298267
12029
15537
601779
724049
139806
566373
65085
197319
284845
836232
724193
684252
729811
309476
969367
836040
258025
321377
188579
417360
102324
441042
398738
523109
38318
259674
65508
915162
63103
565628
453508
980225
953099
945087
377330
738145
873445
127802
124929
744277
845153
874241
21180
149124
940806
968236
768420
229432
824162
594752
275093
851997
657848
598461
924807
529688
860309
527108
764079
912066
23745
643234
205573
102784
191056
180157
451681
743616
807960
181273
736383
120530
297916
828040
92193
606240
947175
775340
669395
910156
392021
405866
416266
351141
334027
153389
78182
702597
285351
852820
289559
195529
696978
556729
8475
377070
258193
207263
579941
357701
956347
681143
384346
222226
806149
314959
82036
459271
356537
720344
946889
649048
683205
401554
590694
319035
290480
382998
877077
700798
449127
631104
911743
631108
577654
913719
380778
423965
499218
287258
634658
546113
881939
843272
333622
366057
119934
169548
879578
895179
796608
778467
545386
93488
970552
77100
521230
483571
135595
93292
753848
586328
108827
914490
34058
428806
676081
53261
846933
671394
80087
737760
214781
744714
630818
940607
419896
569579
223405
518770
810293
140416
215745
823619
769881
680743
145072
124844
823332
383841
413185
930530
285106
45798
696773
516408
999518
886499
623240
788850
526593
781138
875555
205095
285208
759411
757231
438545
670788
694956
681428
351029
252714
803450
744639
182377
791098
722835
277810
486599
251149
343322
634805
870637
786344
411646
748458
413165
175134
828976
306174
310424
605649
797951
813755
961890
948504
55313
929083
982962
825853
590400
231607
412041
44509
332878
540862
28620
288882
182727
633537
491951
881262
317682
279435
981248
61949
486579
806541
572621
762285
811456
742679
52660
201898
533886
386915
226885
927074
405879
77388
695317
686663
774906
272220
12770
99891
398352
612802
131678
720869
7574
81250
602266
845097
424444
208007
427152
405270
716825
248308
984077
689329
469672
453464
500281
177840
674915
553695
444996
79384
931322
27685
320431
816775
440816
497349
73012
561934
485203
142800
216212
984054
87894
669082
338683
31716
314572
332718
68497
335831
783043
811105
82143
877325
405499
557252
443292
348101
318978
102003
105940
143008
947949
387978
328500
653537
516020
878903
651892
35411
830123
404139
322785
701642
100825
367083
266758
921025
95095
126339
465910
135651
860166
368281
469945
489893
29837
879711
522065
183056
556462
207202
588519
126172
755812
722432
706263
355320
625756
475702
844821
968999
701356
948311
812858
99012
652276
621593
295919
223846
224464
608330
478389
410142
393015
239584
905486
654301
744819
399789
804107
292595
129277
319985
961715
729906
720948
79690
251469
224113
114042
844166
363595
954476
921835
98713
178259
759689
819515
12074
773930
332277
926251
105543
137279
193389
57192
686649
685458
101273
665024
997299
748799
471506
485185
158436
811435
452
328624
872364
72842
700015
317539
988651
155914
724360
671420
132852
723999
715708
221570
301280
92396
413396
993821
718655
727499
463539
104942
688234
841273
726973
678025
86964
523937
106770
492496
88255
89475
143096
884013
398570
560641
996503
95275
847976
453318
295453
244658
221932
892051
738114
842909
908032
152679
411366
309562
981429
595787
137174
125213
606197
85367
753581
945825
331700
775652
433879
66364
836101
439087
370033
412798
329097
111783
856652
996326
772546
276787
902033
858721
673413
523875
412798
868576
969550
564881
176526
42516
127598
747955
186359
992457
327455
118785
66765
909148
333560
331901
384004
873691
140155
91812
458706
45687
516492
325551
852019
683368
504957
370758
369286
514974
316484
829314
227157
207199
760974
1565
502898
625985
99628
526009
489404
295046
780332
303497
315265
569103
632835
293920
149373
564095
537573
626452
442305
635565
475447
404815
867887
543237
314716
45746
792738
8828
804972
98021
565994
803437
155395
121023
776309
544341
779573
656015
869705
919720
247007
48837
769133
886157
684825
28544
855848
465021
801735
430133
494369
407603
315919
962424
647525
4305
538341
31147
912647
313359
383297
346176
947170
827616
990130
612588
981882
638179
314636
924906
97217
213762
861053
111720
645749
940139
79358
581202
470054
417385
771109
505146
232982
743902
896599
294753
973753
622623
142746
785701
23323
692972
798792
574918
166497
785610
924447
524054
485671
513023
213878
678973
234633
205098
123082
192742
456125
625788
287031
538826
846429
944535
89538
363415
29763
680961
816659
249724
876814
744069
988352
589204
512001
739878
546244
447724
486154
87681
301646
449523
528479
270142
23286
369533
593348
949170
699594
733491
237226
691093
66439
215323
976113
659867
756387
848512
25870
796401
758663
758206
126728
33365
370202
804460
416284
591570
677049
193958
477633
824983
404483
646517
461126
857267
353744
116510
164951
384688
338049
304068
771870
343881
528946
868730
761285
7752
391884
143401
218202
4736
571640
410842
621132
611812
807854
920481
578450
5699
169515
833255
777387
750305
296705
13522
371776
839539
938312
90259
982629
832502
352562
962891
276414
70380
249980
724571
736638
145012
57601
25863
834379
193349
705321
83782
24894
898375
244094
602408
334662
714062
667551
109732
529708
786611
410765
964093
807537
208593
911587
591185
474451
134169
938402
755774
977902
571091
70570
965489
669120
802865
792133
825996
32645
153041
933598
387827
919681
739344
296207
653492
931868
183045
878616
812433
709607
805217
885163
161386
888124
128225
863651
398539
295620
172013
958997
252688
675347
72145
978111
625201
555757
674965
956638
311278
217580
545018
945499
872152
238009
175956
530533
500153
283384
973311
758298
871009
616576
899071
131614
83854
128263
201848
952591
235255
250717
741446
496335
191093
288591
525050
193728
866959
597868
302258
8142
142880
419108
547988
643621
698599
527371
918823
822276
490987
33917
604045
419561
125065
379164
507425
21036
163931
521333
774633
791592
600071
498689
772088
37396
156961
809543
698275
724399
748094
507935
32989
631770
194134
450833
508978
891839
554197
47899
591133
189551
267902
479633
598214
377674
32252
466911
519259
979223
496263
946218
593929
9076
166639
913237
352087
776807
274249
691936
386143
670738
303667
407338
446827
39109
538372
855
339688
388718
485205
445388
162313
163627
918503
830359
934267
872640
50031
827564
64576
472420
249733
671883
635179
387190
131685
824061
35831
137293
95583
741564
796995
646700
83489
376882
370478
887125
364319
83674
916555
571956
100188
898115
19649
117052
364120
261427
580738
658128
407126
482600
964326
631511
747145
414074
737059
902258
966618
848092
118379
373642
501401
477761
58658
275074
139069
212635
775675
716044
397337
489982
677294
615831
14750
2531
812120
873254
267463
242249
698926
286140
32293
682614
417247
233395
19783
842588
434822
245485
249029
519830
127881
361761
87721
799121
34001
794903
333115
932680
915814
589551
313640
884967
802917
943323
312462
296273
546657
979692
823079
367101
732244
923594
872783
200891
83712
592062
127731
575253
21095
631145
897624
626128
219299
634776
725893
833042
639331
875503
197071
678493
795906
704897
725759
617081
981765
863938
116641
676656
293105
876948
165548
782771
196359
148285
17289
539675
635422
68474
602242
785993
386651
248557
905288
340078
851534
309873
225441
507750
54636
993358
13100
177919
717669
139912
579218
77209
340770
628114
825483
718117
141597
247712
398858
118415
388700
178650
463302
790968
185739
424748
973990
234204
572277
452474
541001
477587
300447
40177
325487
210035
371265
884793
993159
537362
870498
282502
153173
317353
475086
803534
843583
303380
415799
196309
439733
692149
249702
246435
819772
893689
538716
699032
907029
908211
551561
564566
598926
585764
618792
759260
149028
394396
647797
725043
747923
399353
997580
651776
504957
637966
579552
420858
42226
153568
524116
287990
482146
474570
757881
821407
268636
708864
449573
55489
65794
508272
855596
929668
920140
703044
203134
385269
305909
532612
436061
383104
754693
174617
395320
48826
904124
434796
711209
343259
167000
188397
517704
673481
726724
459824
829482
946255
749085
294961
703866
56876
6049
158136
232369
615816
674102
885720
454837
415810
876885
210961
682636
788516
631505
541397
667771
615480
357576
210600
637311
732404
457828
236256
966311
138704
149582
859020
850060
939896
949745
1265
626350
912221
282534
472495
762541
369062
814657
438915
80737
900677
308023
920678
616854
406628
926571
986578
847079
542845
58772
101092
396149
411209
379851
639773
377413
952336
150518
86722
128884
760031
170765
441252
473943
761560
613254
205818
75315
532195
812129
913962
357077
370755
440914
28774
14288
407555
779334
130419
556369
433102
313555
663877
763488
453854
337793
145863
482229
376909
273327
569783
116085
217735
313956
185901
676616
321313
227763
387899
406231
61634
559946
777520
65831
661119
2263
572919
414029
878213
449686
125789
767565
631215
651708
697968
111699
254328
115641
273026
646797
526794
191022
898317
895459
818613
389995
722544
125908
83067
821155
524440
755054
762952
41007
945210
976042
559487
392827
589500
711458
178991
365969
841011
987183
275300
218880
293575
141795
626010
299816
381363
953696
536909
312229
348073
538131
488684
506518
297170
180561
422059
110281
702579
434636
526455
233989
823467
481201
996037
772211
265753
835618
507012
492073
84506
553419
349617
837908
10608
910051
576008
460354
768894
88705
947480
619786
97776
215512
828720
504088
473207
170705
710005
642841
375922
785283
173845
615871
346728
199890
509526
377585
723186
638561
924168
566163
645750
877557
358105
448621
91213
792935
979719
217466
470598
414469
399536
712272
465028
107719
449541
7654
541058
266345
853981
77895
956407
600233
945190
649682
6485
281503
156662
367211
43307
352948
140799
501890
279914
214912
131361
184318
448196
295684
995546
131525
502000
685569
579160
594090
739082
169395
704943
60468
225880
262637
905062
170183
634728
396498
629676
155890
359317
158893
443048
767060
990056
457838
862254
268779
188698
27266
90637
859451
203831
668365
896197
511127
968991
16007
21526
923215
97575
625584
407475
402422
566236
278513
929494
938446
7591
815057
598317
767122
945036
587856
919410
393184
392781
432868
792984
680386
346731
809421
325153
512216
939148
12759
509324
462819
975032
102572
98284
818160
603773
357715
203476
552863
319923
724937
113135
824974
966234
768314
735148
266535
330975
519068
930198
458948
774974
986025
719873
694330
676993
958199
28320
391049
460902
164021
721908
407966
427294
86148
832031
24514
189682
437871
734743
184995
893504
899081
546678
169981
260964
462178
237677
976805
17330
289573
543833
641650
708959
169809
253102
325768
398847
72850
198224
61442
860776
383291
626688
324923
221942
119843
959539
509882
399528
233049
975807
370168
831720
750021
760494
160846
974120
969180
61109
65471
821480
712127
151678
350368
220116
454641
162594
948832
479817
494131
344179
858552
92280
603070
987060
458352
164835
254940
887468
32842
20997
977828
906895
884816
896015
172240
38365
449013
120012
708925
584647
286442
868645
385982
634187
871424
178689
723356
888353
466229
743620
594926
261325
9181
258105
770961
605653
786542
500298
837445
216973
656680
895084
466084
878862
132575
506711
634176
702853
987047
604211
512279
823463
415834
963407
3637
777538
329544
28554
608487
130031
415868
761812
309527
7524
648615
480591
909705
396902
923180
946383
869617
258907
269831
293568
760174
215677
481883
35943
269159
473899
886166
924289
625601
26266
280579
404039
780922
806504
428523
85331
12261
544977
494697
754524
61634
882874
892361
966301
144761
396011
293468
436309
783987
666970
822171
376999
986454
672418
767797
333409
785051
733651
912184
33689
651533
269474
226648
890291
981151
69697
40286
204160
675050
590922
986863
340225
283843
997076
384503
137353
415478
373800
195635
497216
764129
512398
862361
89476
180974
483648
758372
37481
319918
700992
263551
692321
626063
920645
81933
390327
464506
841041
155219
918709
508299
58910
92739
294566
884910
486582
384614
54966
866386
35106
685861
524405
928845
443898
660211
460986
90700
750940
654426
249956
149109
224887
177121
333116
483099
582151
9687
388534
396893
888091
550080
564311
204828
70993
711321
609200
792150
770532
331272
713544
242212
790364
381285
987224
514060
805476
499295
568559
221124
100664
135628
414390
403780
356605
77649
833550
459078
936810
569194
256021
500381
91172
366231
323272
221167
866280
90788
43330
539729
907426
460499
790499
446653
914522
21031
432332
565298
421262
365264
421318
224937
517402
472686
590786
477295
57107
424195
32059
630372
557428
856314
485624
365006
698544
438158
737965
364314
84454
350681
106049
801265
605043
319034
750251
784755
671585
912609
804149
431635
691068
26426
184227
53455
963973
153139
901165
606602
716032
518508
51303
325319
167336
112890
500546
432964
861315
15960
113387
136049
321296
101163
466001
1036
749340
430641
305860
140122
401332
299845
758905
999171
32820
575441
162218
900043
275198
24208
404186
43369
322183
304638
202806
87302
734027
285215
360215
429715
189920
205417
969252
550855
567208
704976
177365
902196
488481
889964
365650
482885
800599
969032
165049
13398
439480
494089
221119
488048
772872
531001
657005
883743
380203
770799
894668
94194
693664
567709
105180
49231
73997
834742
865213
5744
564916
669178
980337
822654
581125
396831
723001
377928
781198
194845
146331
722848
480974
531990
321797
667090
540007
406369
673484
102338
60529
55026
637005
579809
361515
444711
286644
53452
56524
555249
759259
812993
501111
875805
352522
697150
103630
963390
329245
529528
162654
767865
245827
226101
35064
108397
203682
772102
161567
5181
536920
695781
481053
153083
403293
777127
505968
135730
847620
76829
938658
819664
190176
497357
68214
680686
183875
316040
3262
447230
695266
653288
268618
969424
263444
427496
750650
142401
17977
774368
510005
57536
958200
899675
803826
781118
154848
765398
722931
669618
188720
459544
487890
610694
25906
723497
474548
981985
653506
24752
461274
757330
974316
770028
710934
307925
83571
277967
338138
889862
175662
326130
350124
66399
521166
711353
45237
807855
302970
904453
261241
198682
389339
171343
844194
79943
650419
340712
693813
189610
697320
436426
134694
918701
689887
728857
110086
816957
692548
755388
75866
528880
145189
982739
701320
156878
291646
387924
472299
325187
687056
238277
877381
39839
326058
313112
529492
420743
3913
705054
728381
582588
808347
186985
207973
195397
13984
250307
552351
369596
317097
31940
790783
431859
883203
834708
953741
537217
662765
733758
424982
484524
555780
805932
461340
955700
815616
290821
704173
618618
708695
118752
111889
632716
780735
637987
839708
817486
304913
231356
852516
718022
589065
701116
244493
218819
411178
866379
709120
927787
563902
945036
142906
258976
162363
52558
273536
646350
204161
370987
412465
435668
48384
997953
942004
134413
335479
301770
419215
53818
679127
439707
618713
483918
929222
551478
771528
850133
796159
659083
375524
85441
356886
596562
18077
520338
715737
664062
469239
448353
497427
555678
205667
887050
934698
157781
54378
398964
271592
18164
571010
888767
842582
600753
704579
939592
891972
622087
741235
500507
891878
402665
519485
328566
226649
865508
786561
41910
462147
952848
168645
309857
904471
355378
688840
787855
342008
793009
890295
189557
917237
853491
747129
142863
374387
357460
947173
707178
761832
870083
690131
184971
516675
186104
939344
575743
546538
282965
826091
397888
220763
601817
428908
456577
406003
299643
896293
857495
147725
157801
923744
753411
557251
947356
822071
230112
335376
492119
63299
666790
176214
734397
375980
420824
326394
80141
528672
32272
417965
304187
229087
755877
500678
606572
565618
235766
285323
861965
237691
959894
473167
457424
135016
594708
258741
852804
890050
228389
943442
184527
642274
364528
418225
148107
953282
223350
91376
564411
893617
292188
152007
210409
14304
918807
522857
994141
56090
298227
200195
671483
625809
803072
946593
275514
854419
246489
705776
987773
97564
586514
377566
433935
649924
211197
670365
545024
652249
751961
831943
197526
629511
473689
376284
574642
146612
972556
405222
674497
824809
376557
86525
40795
691242
323593
401319
376827
390886
463241
752279
998171
31113
856987
164950
582828
996335
533697
585407
765871
382964
93878
161764
697075
965863
548024
600143
509995
179037
568503
154595
748459
816353
950488
766496
460479
858633
79462
77765
12840
96100
314326
180239
715892
303759
836469
376736
939065
196583
933488
334523
540462
104664
345408
71468
197157
37908
989232
856068
802089
768352
328140
436226
752176
826568
410344
839438
697149
215539
648010
227870
537429
344337
116341
78011
642907
82352
699218
275998
532554
546158
79485
743668
254991
407625
281706
501889
334081
526546
166387
479265
536574
649409
882623
568425
939747
392289
140304
629995
956327
471724
228456
674392
41749
267953
397145
842176
415844
879025
348968
708918
2996
422090
742621
103439
844391
474635
324138
677705
254874
473894
89397
250887
963583
646531
34372
327482
116888
455665
779652
197020
746962
645687
765814
903382
430012
473993
731511
61122
796642
766998
502122
595402
524042
549694
330244
99887
551562
738721
579763
910566
257732
852755
348268
293917
504448
561899
102672
977691
800164
668795
174906
687173
65490
776218
17831
431676
350942
32796
928579
760548
192747
376995
407628
130176
440289
944079
113125
255289
164493
306001
694777
580862
871636
377117
471306
783620
315477
133693
260501
529902
25371
407555
477220
232905
543163
8343
888560
354734
53776
996782
639984
596106
736081
736219
625218
468859
973388
784575
403253
620688
734721
303709
812785
556275
84254
615624
895044
443363
124818
322173
251593
421401
63247
458445
741367
358668
782113
508083
704963
587728
296166
93124
548723
989722
342505
953348
727745
222622
59231
996628
522344
880281
224637
797129
281613
305323
139828
797017
934861
404060
142731
279983
418847
228095
686231
414622
375654
833395
105624
431473
80278
836038
529459
430241
717056
696693
264648
327840
447419
503247
254255
733906
172081
289335
570708
180763
497667
62152
289132
885843
818266
169107
597779
3222
145675
863427
309828
228601
609766
63906
660660
140631
851228
775348
586827
574409
482442
734721
723328
141747
556838
613233
321871
84219
111429
23951
420826
687445
531526
39152
174810
350138
202527
655533
993600
215800
255874
842315
750444
408738
591531
836476
738377
441383
667401
830335
779587
378560
290502
227362
614118
457603
481333
835367
888020
159317
235671
749893
444194
306300
342026
658117
717841
330195
820367
275213
926180
32662
113846
31802
439586
52253
109160
213798
61354
133350
941905
326473
980014
312011
912488
772923
481806
598802
129756
547223
776849
441187
380764
315836
27906
884052
287939
574509
606693
368481
544607
928792
654421
209143
846877
884980
607355
391215
236754
263747
386925
581592
134056
691383
497888
189549
468963
146033
413387
152422
71055
624420
801051
28586
209288
404056
611468
602465
711781
458635
320299
991592
646274
817650
682149
816350
202345
743389
373258
109659
539869
878136
299236
535297
327938
931181
41646
41706
583276
426535
35443
138176
863874
430450
912197
9260
141839
501758
146390
606439
337573
700739
688310
49580
373550
5054
609769
822798
526992
139033
551588
337189
524476
521384
95396
968036
175700
254479
989611
646022
210422
10114
913689
634407
281002
997157
740323
379567
435428
797138
971698
491881
289782
356664
501530
260146
305941
180896
62773
232908
348421
34059
716956
864658
456676
454712
696833
844934
620369
36802
647724
781254
79351
693413
122320
184670
105081
693665
879049
573430
889084
265271
101941
656812
860811
435664
659628
993853
94699
502653
308125
197148
627708
739929
402630
421861
164169
504715
171087
166123
885292
736424
915460
848237
359713
993717
633774
628648
819173
831242
756173
956934
49290
907665
61939
734260
834266
625006
16191
362321
749542
378297
431157
966466
163306
643430
689847
340834
822942
209350
409634
518871
439323
830502
421896
893568
974760
477717
525445
131914
64801
494980
86272
964962
108035
952710
617664
437444
269334
611446
15784
965682
991479
841783
331153
981889
567937
161238
413570
117646
758424
541005
252622
487757
65106
604513
455499
32641
556929
553770
843306
705416
216865
991283
974200
268878
849755
856951
988464
682978
644724
486668
126458
73829
733717
452252
630276
743006
913143
984973
661116
556011
584683
105090
802343
508115
484867
961979
527585
726454
16864
560664
864241
989221
856857
907707
665992
4494
774533
201866
537175
446480
947366
298644
646026
721645
334322
785803
950244
393373
946815
38447
534392
645887
5258
235852
281729
610219
572963
218330
180447
359650
435001
868930
982574
395175
944702
337664
754437
580135
204790
424163
294408
928915
415010
523442
238379
983311
754947
41
684099
953986
560141
823521
139594
23886
952042
665805
499823
992282
93223
686112
847384
319498
952127
409484
60725
30160
209026
782886
293698
995932
19170
408869
222361
455343
314778
781066
843569
578829
425916
729561
521271
339089
278485
347333
709703
815834
287678
641449
862279
164067
539394
440563
539168
892465
368039
567643
371354
141797
366875
638993
205076
226865
631549
465013
567516
266151
604548
471744
252529
528813
304784
832192
984082
601805
452619
19904
699714
930345
329659
514502
505179
272140
533096
843829
549708
432795
935396
537171
421873
148522
594556
293413
493709
313259
851962
615031
985575
393537
212051
656248
702718
886770
517364
466177
782953
282235
441188
67702
851152
283582
617813
844805
973889
61143
841229
86028
20848
126668
345324
523351
919502
773858
631705
453574
567108
253388
476301
266765
984204
77631
571
856662
73004
356129
897883
305537
666705
665247
689746
15691
712964
925982
856320
462412
25227
82121
820069
746586
977310
381193
744688
20556
298564
248723
849062
538393
135691
701658
986860
715550
327328
169766
901425
519422
935952
468413
177018
217187
26140
42621
637515
70883
295218
132875
66415
459583
7374
856998
93285
692549
769837
292629
10535
808021
61289
683327
851351
718272
117046
17945
236361
94284
855351
591737
798439
45972
52734
195210
618117
108940
58143
852184
488002
188835
982959
11531
11735
338177
781342
388209
722047
480816
955758
353908
252419
569175
909775
925354
11169
665568
932889
606155
922712
571835
495845
331262
611923
387580
431113
735756
334000
206560
650349
468470
970859
976237
680974
843169
834347
890743
285583
788015
929193
777214
587767
594218
310265
229173
691468
555034
701495
339102
646217
603958
949135
901328
814078
460727
454760
691418
375109
993031
437486
952642
342684
190489
320442
211046
735076
72210
930721
302404
158517
925924
380886
17877
489180
55996
512828
883284
906866
530002
197580
962780
843994
730909
25952
994735
48342
175785
700570
92563
293958
421696
421555
850902
525823
495493
827364
362227
535236
128609
972970
51853
906084
908372
153146
832728
806575
220333
144257
57943
874134
287189
473686
652735
138014
200325
804927
102075
554305
824536
960477
975497
724769
499130
471349
546753
167465
489856
574043
112566
444291
119442
784509
967733
708975
641923
92361
645867
745159
188033
458684
399139
227020
625320
636489
656812
731435
658737
255266
115032
701458
120071
586405
963297
310698
502906
293222
173415
324592
44172
161493
881109
892147
164265
779212
18721
356652
967092
860664
874545
483381
874493
468321
791579
553320
429967
286039
693509
636181
705445
310523
958828
858463
114684
17575
794560
378355
623939
71867
548779
667174
223599
365381
381362
730155
919851
353100
906164
592110
588269
22457
984912
106767
894820
730531
421540
497470
793677
833525
99504
472367
505061
51518
624856
568954
37305
137173
960712
85203
91737
428135
154162
722465
337003
38047
179123
783676
715995
192368
357715
230600
606960
750402
146347
48041
77242
555574
656033
454625
429607
942808
880399
951309
849334
611104
742530
45177
343555
53989
780126
617115
831552
825055
832991
777907
764996
488855
769722
311997
560573
115693
576354
787215
622210
441734
644454
317525
503235
598864
578231
212519
898466
379699
537352
907844
475482
418709
340942
753966
981853
796106
167207
341473
617276
687127
951255
857457
21248
724961
720301
437503
559446
930999
553924
616791
114214
568505
408997
272554
339460
357539
77578
603043
292479
435962
542205
950823
153944
879313
698783
287854
682829
560376
289221
141241
723538
386050
147069
938287
945505
523250
167982
613016
852776
113921
23709
307957
427809
568975
398604
758905
647360
84260
759677
781480
569157
826465
424980
761035
196145
843143
736922
910285
654101
710435
565278
769974
40837
357973
542006
789953
228012
9852
62947
58395
384442
147905
179410
458683
391992
678588
969599
660440
337403
605318
959924
450060
505591
513884
411760
974595
182635
960748
113698
287839
494586
944960
36692
191596
173530
734340
639653
792315
581989
423669
185647
137181
638797
202344
98567
705981
121069
31028
683362
951579
329914
137726
347988
29281
204440
268191
420212
262819
980425
279732
797468
27384
932416
698113
366925
555567
713428
6146
104175
284720
567632
485584
392565
349681
439463
890605
448735
235217
902788
666156
97817
608917
246080
330752
897665
584252
89645
924767
892934
834048
242319
439442
472684
302124
716970
644828
441835
673173
201911
750852
258807
50550
809456
468033
185179
651628
904778
817026
381759
445450
431619
611799
964744
992986
305553
437247
316766
469873
264506
926350
602889
811822
966529
845691
226996
249871
596158
52740
534100
580143
365767
843646
431650
496544
767050
223101
474756
971041
210557
916379
710794
610748
383724
715817
411219
121855
688817
225776
776976
247380
679618
694434
747616
518655
538276
90594
202715
107380
571710
140845
518891
116755
237768
247715
54100
934785
833762
590838
703059
919844
862337
386094
177316
213882
16964
774038
526878
382167
818725
924422
750906
483257
532363
571918
15537
439945
576955
417852
561987
437041
50415
284811
751827
77908
256639
837928
122927
977710
988796
184354
60782
834506
840348
927277
229811
308698
563535
473874
718
197430
361520
970807
116417
172340
254231
758726
588191
387808
487307
204221
736464
285848
175253
843474
383730
962439
415279
254465
316890
297404
973467
38771
192696
560486
319377
258380
179864
522158
549520
248274
581957
133745
761494
761077
720968
977881
598891
269631
787534
116119
463319
199001
670567
724158
438003
668471
370347
645247
355677
306209
156855
138173
275589
669663
967829
336780
32420
159681
935354
536011
619661
716424
74088
282907
109595
270516
442164
357435
187274
368683
437154
717250
647074
197955
832876
931192
602574
882220
500642
295824
995723
338685
107883
389638
736124
962649
187305
71441
987226
19326
176442
306246
609160
329130
767451
860937
767684
607722
544808
760432
382330
542208
352191
502709
223987
507952
123010
274776
426154
240935
21946
154191
717183
798921
888345
478507
29381
537877
840856
331657
179446
844791
977855
664049
153414
855659
823235
404110
490260
473097
501449
744266
522685
464753
412361
83718
803787
747923
30286
676211
658379
765979
832729
971472
889340
634040
171941
173696
601955
363912
850054
495879
625980
161442
37483
752673
610187
657023
579650
213119
949008
452805
854714
841950
420568
470898
312740
33798
25328
87713
367731
165597
191157
91068
272226
471397
19207
403135
398644
791897
230492
879204
425623
202271
525744
56369
704098
296745
937946
382490
325885
394734
976826
896915
248800
152065
316751
470967
963060
653195
610661
208782
643413
656874
715435
881598
928633
443748
368227
353681
207466
283785
776562
395679
297007
57317
126167
527576
644105
125727
952056
321712
547289
151602
312792
51239
666271
229317
67046
19764
983005
413416
610223
735501
425370
429677
946866
616982
625922
695201
613780
949604
200170
204326
691178
977196
72370
26286
684404
913036
921859
726038
537130
729142
154680
767645
713773
126197
834010
213759
753120
247453
395075
372786
31888
421011
958307
281852
776654
379702
814753
762927
330014
658217
39385
178178
781832
83775
470852
665614
330507
272257
71861
883810
655473
836766
472320
645379
338046
430064
736373
875075
73922
394407
929802
919292
726542
738260
806615
3242
605763
40084
305530
551010
258758
992599
295898
85683
49295
723404
299721
906328
861793
684203
166275
839958
893460
355486
504339
169656
142734
628557
428309
666597
645072
724549
365014
935387
108460
840068
585623
938378
22549
447779
758385
115151
785295
878240
630354
325707
466821
369607
689317
810208
406457
144893
325264
699400
771285
17641
312663
656017
520545
232319
792158
759801
46158
140778
771787
159265
263023
793558
366346
739633
180103
953559
548010
370185
106109
275129
724132
831775
698284
837541
523836
909690
181911
283244
771713
738122
656058
353459
124334
543713
401275
243451
823347
350162
841407
113484
81869
713381
176666
216318
717522
19956
98782
3236
967177
11301
797716
607765
28277
616004
824137
23960
744371
807931
958847
643883
296057
415345
791109
247024
164798
673341
690721
382773
663544
100102
766505
245727
12737
149561
1329
252338
126803
483493
570334
578239
674290
325366
979353
483306
327017
33612
555359
507606
364140
107895
718134
17136
265500
898001
543098
889685
155178
809144
141654
123297
130003
402343
954190
733269
59401
595953
441144
916964
386290
406745
470859
159258
94089
699600
327695
701289
570275
222412
258996
529810
257868
921729
46143
8941
141456
257598
281695
29332
502805
893095
431390
689970
770341
74699
358707
493987
98570
747617
75508
716232
742738
793828
773480
536555
513330
569416
201786
2441
520775
33943
249674
933632
630647
807277
559390
403222
796086
597644
927990
453603
253861
798365
834941
963741
602837
999172
55515
61310
157673
599198
902503
282388
946712
235098
937146
659685
162322
514545
299871
141756
121082
852163
180134
770644
457170
833936
165720
666080
598709
500623
70084
514229
222909
461742
72056
802837
29316
421415
419724
277849
377992
603004
786008
87546
648168
439887
929733
366588
893323
794336
164801
831479
838752
322019
697740
644227
920575
330365
1968
726079
235886
758363
361869
107326
270080
97199
200786
686607
982617
161800
114376
204008
495500
347149
672200
337070
560165
87062
692685
603044
910210
580392
286756
746733
51548
351114
428928
40639
370724
572232
462890
478118
621512
3716
70741
374706
820564
43123
266703
972799
599477
388731
924756
277727
581210
266663
997181
392038
746995
218885
756310
521489
709467
562973
283468
597267
959826
799246
451653
331198
765731
471942
455626
981643
802213
658333
65119
926534
597148
886927
835124
862936
709759
918036
435252
787314
782868
587230
158330
789652
902456
18095
198499
619255
359867
836500
350718
778205
153447
663041
226592
507507
247393
241098
908949
415135
338281
134588
794289
523372
562364
157910
442500
366672
432857
525543
552235
464598
424288
334597
595011
505324
817941
193703
852217
207115
607940
93408
470205
857982
509631
46585
49045
391570
69059
538601
377230
724953
549113
517107
93581
57562
524632
395612
898115
686808
459623
785736
385855
103741
458848
413104
187741
518372
422448
586498
372764
917248
903900
64406
371341
939627
425213
692552
345128
578959
591980
140534
382841
579499
979448
465751
916471
765059
954004
73846
472245
21543
408782
890891
912434
38749
829690
913396
626443
364653
463341
415957
906640
574218
991717
914249
734067
695704
798086
233923
135836
987678
928447
95686
369626
337866
599307
983741
22837
416475
494612
31031
901919
689263
581426
610755
577545
810153
282192
907492
868241
862014
791727
492146
783704
621725
230340
720397
178290
243897
761277
522558
730935
525620
326370
788395
492918
101801
675670
21687
463305
222230
719420
887028
864900
866788
593782
618246
97927
690389
403272
989397
597043
888073
706843
291054
229177
330605
799198
423543
396238
310721
362439
645645
74363
429123
880503
166908
922512
553213
443260
946778
536120
971624
32624
188288
754920
421244
440766
955686
818546
300245
760132
237658
419830
298115
970452
962205
98935
111662
602133
540890
685899
686820
897863
535364
450285
622017
985124
264586
949485
940410
512481
233402
703622
245766
363412
186672
827024
551593
535919
899768
137676
763870
716778
86984
286749
378976
331199
494035
667350
642453
735503
671435
45614
454040
544738
364534
742544
392929
466188
337580
220431
431635
461994
215146
752311
151842
843852
928342
258623
425695
51309
65168
552538
176866
899037
490993
425900
508435
333440
98979
954778
66197
491183
247645
735162
955023
909564
371961
87466
511319
716562
975219
677436
486525
168443
378368
43343
647602
56124
845513
547961
110676
364635
743363
805664
841879
173825
444972
822056
252497
21561
239971
493126
4641
956440
726308
365299
181757
711287
55520
498301
596376
216412
146997
690871
242028
902583
200783
39313
903529
34952
690970
860994
629626
191838
29155
586401
817264
473145
479626
824532
315341
961489
491110
729183
610351
181424
927669
937438
775832
929658
311294
981134
88150
220173
804037
865221
687315
162563
793258
241602
804283
388436
942751
101215
82693
343257
247812
365859
586081
34219
900385
717236
214588
641322
908927
447785
982003
943513
781027
928126
29394
571943
907752
171489
275335
894089
933496
5033
147495
175490
792295
632934
938780
821252
682412
993299
639787
296112
71804
237928
619934
484346
448645
901516
5458
672808
884996
636520
135455
79289
349443
356375
916063
872162
938675
298873
637853
973172
585697
852007
843740
717913
637464
916032
696833
514621
328980
955106
917790
194313
585310
57269
579483
440010
806665
688353
664835
535472
443719
468383
239720
897011
162792
797677
122548
206800
94769
737435
82574
868721
485013
884099
794917
604587
230355
708438
919836
137569
813803
983504
811154
311750
842110
870797
893453
689087
524417
56182
491522
892646
956061
242324
55875
640363
764519
28037
790085
344917
848631
499019
977485
426086
999015
951170
926455
398045
814954
631530
658019
616853
741894
615970
288764
361163
18415
678838
457958
763389
208322
534415
166404
31917
363866
474441
993699
516357
730259
483874
511302
29204
72857
148813
791566
551222
175019
390886
324486
949970
821298
773953
481737
54525
412408
167643
382544
848253
542727
718706
747036
316328
197343
85297
894204
491946
820114
332611
985724
388964
834752
384648
651370
695218
22443
728805
304198
454789
782070
562934
278981
548911
897855
147359
768514
855102
243861
429696
887618
656895
722520
783622
461730
407268
984620
144158
623391
101120
388825
287173
913602
971502
657923
802171
473638
201426
717632
169238
2023
895863
805851
928883
119337
416152
972581
418439
224002
98490
287410
126803
737861
745014
446071
711222
753900
270869
577406
108956
929441
431507
481027
137749
819177
70278
757487
614656
524142
181080
240110
544358
594407
363312
916335
288739
93670
807920
437303
665982
313277
57111
464995
901338
413134
202373
897464
423750
341422
829599
733352
20911
943542
984777
95652
223413
765990
523216
542360
185434
271541
306794
396936
528727
618233
322196
2821
308425
622319
949403
779019
963272
442408
958775
313786
925849
734481
59281
764975
556089
165405
723942
520639
145369
813841
826115
116624
976298
969131
26224
967315
762894
587696
209641
297825
17965
259409
528647
583601
720297
791289
222270
563444
403753
919542
893759
266189
787538
527489
366014
978992
249940
618667
118478
205398
227424
506470
146344
447578
207608
510126
269002
961140
186846
65426
409084
332879
15470
198307
278958
864776
552968
892855
438717
701957
533797
862490
516692
174512
223051
804435
794223
943311
339611
734478
509307
691906
327624
844779
912281
784536
220706
803810
925890
355917
316112
431632
282948
580004
199900
704611
178091
575581
812137
885983
16187
554452
97919
820426
376281
887542
223367
232826
509065
426784
932882
815737
823697
512086
587155
51858
223293
128092
172973
297403
407100
837236
82663
961118
80936
481973
275005
723398
456867
34629
608976
2019
304028
413683
903677
178553
876337
686259
636170
540971
145071
752119
769020
704288
939316
498598
187591
531279
723382
966267
232029
209005
530396
460925
110376
567536
494538
600342
967506
276030
292218
992659
59649
73975
65541
243767
802785
603932
708034
255100
974809
504282
536389
194087
971871
425271
659209
621703
305511
954904
137704
262282
948022
727212
371398
223419
149654
215161
721422
606299
741922
270529
676116
640795
443073
11088
406298
316532
340975
947237
586414
381540
692023
508859
34416
805702
96445
438898
459186
313484
614519
464991
380984
498523
518396
602989
648798
747714
174773
40494
217049
799320
294256
143106
124054
944370
449939
742242
727038
200126
622189
865546
105307
838400
791080
924737
514388
322982
472475
849030
690964
988553
978364
307289
306697
590851
785074
653602
222793
408487
427913
925506
260878
379105
213567
974581
226530
109547
591867
75745
475670
998313
194333
417405
412844
478115
418032
23713
583828
981340
103100
572006
721235
182931
913465
709241
577216
891798
444254
855041
612073
89149
380630
166250
340626
761674
324308
372558
360221
473627
930750
478912
701829
7433
280196
699060
874564
862561
78804
608718
414549
541373
598886
174853
813908
274942
504178
901748
560257
933287
603074
699325
107683
476185
838241
593114
802057
230503
392755
377538
144044
364629
870110
551988
214320
624050
931814
714594
818761
268367
33623
834941
841914
128155
216027
961177
46393
340636
505707
960893
509807
970828
130658
591242
3547
403662
445293
851846
767766
919243
867039
102083
832881
999022
684897
225648
606522
702968
111751
25596
458718
227776
832637
62626
473192
247243
609760
857238
67176
107588
801641
152970
60783
38296
257924
189853
874806
185968
686783
554465
1374
743948
399518
812167
710929
865081
211403
554729
917384
100526
599722
863668
544359
830537
832651
65136
128579
744993
397625
29358
691203
592263
212655
517709
688036
484062
939050
724008
391062
713300
937626
656351
295428
863100
213426
905089
520817
529930
275614
980819
29566
700970
891540
858944
772552
594045
567620
268700
774958
782065
666857
752470
918320
704955
463617
823994
962738
886900
978073
605473
275552
241037
491522
219574
940
727408
441184
845925
441395
546677
216288
642017
899390
177150
505161
264146
279653
159920
518508
183898
890445
947470
775286
526339
469393
636403
247140
861895
609598
518636
80661
146874
282873
654448
539963
787928
466172
369981
921451
706215
970493
785232
695509
889929
876783
587136
566477
409120
990817
42487
638791
450589
707205
156878
998242
475624
902092
793732
732955
656230
74028
735643
442082
642665
355331
910928
745097
795386
617045
802613
549593
955515
970802
216044
603967
180860
889715
417730
965732
454685
469794
138277
959194
205403
819641
887684
985330
546680
956931
223745
722794
885643
759327
786261
874819
456801
634340
794049
213681
455439
610334
37997
923372
338838
555317
731999
770084
559793
202286
234969
277329
573181
690891
836495
300904
350085
899790
616579
546857
791978
548380
977983
381909
321323
839228
161519
439678
924375
363006
74072
515830
298316
399544
799801
123817
810730
168620
70396
149383
871386
619077
10457
733913
781172
311424
406856
682485
822290
581864
12128
479053
614767
273657
154449
936225
52986
125990
812730
649237
358077
545655
784040
752029
607333
504394
342317
922132
718765
573113
446040
948524
341739
746780
858454
931136
780599
833637
439332
286214
152756
486698
558768
842848
166780
279168
979212
527889
407468
161026
428749
207501
868617
949489
65862
952361
503117
660277
23388
343793
43666
351234
964294
262296
690970
538582
30564
37642
968441
267102
77624
470942
992223
997113
674181
26727
960902
481108
695490
552809
14324
361076
514683
158377
224557
477650
1157
720222
25081
704032
274332
338563
790733
894378
327003
965390
583833
575704
386582
415610
324013
680592
402647
155073
637321
624120
905268
328550
382143
176409
714634
156590
982279
674335
177432
282926
558815
269948
528442
142848
213597
757933
3007
389455
954259
587669
187562
731602
774685
148037
475778
681110
79241
319837
897174
533491
748196
607691
650193
994400
766429
687730
868917
663395
542808
586471
581879
807329
147282
789461
959543
782803
320236
297152
491995
998681
247702
219814
798855
856873
525081
392066
257851
946080
815616
298
256712
131897
777700
108376
795504
136155
410387
588101
762713
195916
419037
858609
630254
228804
968698
505984
967891
296028
920603
868286
951938
759717
857803
170563
859399
595285
617602
391410
270804
343517
246023
680283
183426
842262
10558
149824
526501
393497
730709
672181
160074
260973
792583
360480
377551
262939
853004
147104
176031
803806
769694
174987
733514
757303
833639
921359
201405
364316
805836
301945
569314
54416
841488
243668
75351
681230
732326
184874
85379
572767
707352
56230
183259
911755
766797
472025
539312
614636
992698
611547
313137
956702
396328
10890
710917
168018
146781
245486
578941
12098
697066
341437
560954
552511
888081
913914
182299
111398
688208
347127
990048
448497
607118
795772
933216
522857
526049
129216
480739
968569
944570
802964
873629
432286
87278
912479
774920
959867
353697
721412
814364
790409
685585
967264
580206
579692
708860
41199
591651
536480
57199
842446
880591
123538
892973
795483
822894
592907
122232
954680
36541
966791
478079
675055
313078
928612
577763
593839
530151
21366
412903
958325
561198
36855
867764
271494
942099
77596
283271
324632
844354
843010
199736
574993
375459
486471
995496
753127
979672
545526
179333
999846
877522
562458
561276
746192
490512
591475
829
781214
520182
291527
104356
661221
974342
562767
746121
145812
151869
13394
744165
54745
151884
148624
502431
364132
326385
743956
237362
813956
811570
237741
454141
153645
871414
138678
997160
374426
288256
617296
321069
731343
754952
737585
119946
859128
447672
135830
758530
631085
110592
194452
977930
758359
923286
596876
414551
944940
279246
148477
103618
324566
158929
852276
765972
450161
310589
487134
877428
305779
223449
158974
216554
535143
766003
529849
756239
5586
258968
799247
851155
553142
993200
264612
363883
798324
893171
875004
97941
428748
784588
88454
148617
166401
577160
529999
168062
402584
134011
904663
588565
597374
753456
341953
157670
399497
349578
868067
663846
242263
249531
220222
974642
343187
187872
885575
35002
891990
428984
229156
850444
227177
365056
602674
830524
868585
688620
869891
684206
843651
114179
247717
53568
944671
344023
230429
836054
969114
484704
135731
460675
534827
509237
293223
624016
111719
293350
616257
147117
199007
20984
202566
528306
370791
430590
577222
884368
784050
214608
201875
123544
54041
71019
104780
787624
670970
492965
871063
790446
142845
841035
156845
656538
906546
481817
452430
720100
521558
693972
330070
316599
713397
16904
452968
807481
193129
203354
497542
720759
332416
76489
727171
460594
848188
887237
861263
444160
186419
353068
672370
513441
544535
428957
747924
990687
191312
657339
657208
181792
169093
290752
362889
582860
675898
343099
711181
476629
23827
204903
301238
265063
18743
660586
849751
973294
817232
648743
496820
207550
691054
892288
959730
526244
422923
519339
470573
727879
204521
201263
505000
192697
542616
195708
813407
441248
486804
215653
302585
954555
763466
785787
851418
371283
453627
86791
473428
233729
725626
70179
693373
774294
700175
104117
964187
130538
238782
542025
32124
654788
564194
523530
115363
773091
390770
163997
992412
917095
442853
674459
973297
904735
336690
602921
412661
192752
698225
804469
973693
471326
966749
627278
126511
697210
9978
238880
208882
30248
582995
737611
50373
682124
962653
980448
625068
980817
537272
407544
991748
775573
589075
590896
501240
139700
608814
655748
329292
578480
996155
512199
618838
239674
590430
843516
231117
670944
838356
699669
74554
212178
879983
918789
884619
630738
375871
902148
454342
384824
269261
244575
983963
707295
845633
629305
840850
524400
762467
884642
255331
40776
412094
470225
600420
37577
3936
799937
470493
729530
340543
344742
246327
565724
454774
370507
249043
976266
435948
236490
635128
265739
139222
614311
576228
198776
216914
100297
569027
202116
523252
229973
906878
519597
824542
783912
94762
619262
793928
930097
210529
516094
45216
938218
659694
859577
254603
925105
572258
588456
159497
100295
975875
56383
307830
780387
411300
829588
922796
284212
119440
819367
329094
704370
529696
979794
890688
269216
999212
291534
91066
907360
31966
333791
985563
105330
942242
490205
32274
692619
8377
585633
871864
365262
255661
927560
267666
579305
339103
287079
932274
97359
547004
589707
348604
572813
340174
641579
783686
67147
535919
63597
22873
817314
615000
268881
234453
886932
485399
423806
151344
384300
710623
863719
454558
765683
254841
228250
205965
341260
835353
324133
968328
777453
498955
323813
672059
447802
648780
109292
934742
774848
595765
940430
421834
553354
225490
160456
167280
314916
815697
655310
369417
807658
789142
289456
723104
360971
847724
972968
650124
225184
507157
885442
78673
977251
297858
363880
24358
8717
22302
100681
547602
678480
498884
912230
458224
817518
544594
609593
292433
37812
530645
631938
759616
503767
564067
339247
807968
683497
833672
314343
334002
324280
231192
693171
899763
197508
551332
869833
330466
636250
579527
525431
601504
182609
495328
440232
495471
442592
230810
769750
547805
516379
377510
775565
28410
137864
404682
245592
18756
724898
477395
415690
797924
185769
58726
517482
166545
824356
971829
107964
770131
154677
325709
393128
240994
275991
551499
89546
517421
901238
407215
889173
779382
269354
118728
67748
4314
770578
896527
778463
711470
411465
205904
341510
176773
133832
622403
422813
464527
375192
886649
607732
652380
587313
620466
710738
392574
193844
40267
240126
647307
972866
168532
340201
267649
107447
991168
537339
137413
111367
143670
116024
737156
761395
949252
962447
336250
843239
342579
666303
547729
381683
147317
190182
910113
339940
200827
20200
62550
600191
651427
395704
369455
662937
627855
596806
756195
581014
697297
6981
587998
619900
915266
481112
311849
236787
768754
263704
66407
396059
717177
55620
480699
63050
925420
511686
701895
528224
370411
794718
181840
483017
173144
152621
130109
280015
597666
248096
724350
317849
859391
644087
678858
491525
312824
285297
16960
842909
579934
151574
205103
72696
182170
508001
444529
440240
907810
381191
797362
282171
161992
958824
164686
504104
10092
184849
386265
830648
97938
149356
547576
960215
874830
705285
165612
105141
379868
940601
155567
69382
97548
761533
302391
978834
349914
35976
236119
985657
312860
658206
520773
481991
247956
783483
596086
774256
154341
372568
386469
506600
563939
34204
385523
188193
45123
765218
805289
224354
199601
760547
755481
382401
457089
231744
214818
53885
654589
417967
431441
33914
306077
891583
445476
765337
726036
454025
502315
821555
278471
979637
915976
457203
11929
453606
990549
793229
811681
975299
128484
824543
418621
659683
575393
689698
91072
912724
207956
849933
342790
393673
405571
793542
334889
989981
711925
155269
267404
529480
299216
566792
765076
556381
839268
203117
290103
241405
309313
256239
879788
839516
705986
542399
324034
713517
528877
323838
85581
107821
537906
757589
969339
413513
271441
87026
731972
731245
547545
155807
590976
845803
421707
655424
54738
309508
476125
302505
222018
470229
423066
441306
514729
118304
455462
784088
732165
98678
209568
416489
504172
217151
24672
904235
205534
461926
838880
789905
754099
787107
959222
49979
783731
153894
49279
535089
734148
99229
938584
756733
449726
639586
215622
244898
144347
667716
926261
37628
594186
507952
448670
438197
224738
994109
522753
15521
603571
467409
41426
867383
569401
5042
13168
305709
398186
37997
865552
569519
459055
616093
236024
603067
202095
132312
576232
975132
101062
373948
820499
164032
733460
782033
744714
31032
416690
9115
96186
47373
738816
753727
670860
175417
385818
754511
934570
609353
526697
921716
208162
865293
682773
537847
243043
83384
632024
772396
199331
72091
735726
55867
328739
605241
397929
597900
889162
523078
890848
3918
861870
748545
275527
626917
292082
375659
273243
46702
212873
261794
620212
583344
121881
585951
284924
898720
49914
294217
176958
102096
919197
9139
219992
561014
185610
890937
493259
890261
496961
735794
926129
707850
119106
830162
959502
905333
334888
549471
94142
718658
494129
169486
87630
242451
154905
11642
325863
955084
692195
798336
906534
923962
608761
215161
589703
182433
154475
676629
500223
264224
569427
989584
968936
642755
212825
778388
919703
167269
431507
56619
415305
874560
126148
910623
483004
475923
287301
602481
315803
747182
164802
586866
958929
398621
260507
112384
574911
785327
650282
596961
138248
722786
27492
853173
874761
971628
101272
725019
994918
908904
414677
380451
789696
391388
327209
716395
211715
352419
471811
291096
125979
706300
364282
650099
480710
472877
533415
527965
605508
385365
824172
454064
294956
771085
957144
705652
375321
139706
141027
346747
402113
452531
45140
930330
888613
681737
40258
527364
308132
396279
855862
713476
832747
827175
380976
866135
622663
412639
867521
901027
185243
822342
753557
999128
538349
966295
498195
460578
833178
271841
223645
469512
266282
699704
432370
248804
69374
488316
476083
612095
477542
671747
583235
316168
785487
565734
104903
981873
6426
84389
326156
830759
859591
369144
643016
852780
25808
295219
674169
971922
992978
166100
933418
87061
688230
700076
635668
77910
727887
1000
858337
130096
13323
794748
276940
787321
574732
171243
697892
460887
247105
857845
293230
805500
68365
17820
614314
116799
446681
932117
414574
380056
569221
239880
671215
699064
59385
614212
507551
542787
504986
38275
177648
224299
462041
548628
199862
364074
158693
743787
477546
809180
77504
806209
447242
952758
690287
184617
441822
542887
812619
922353
707606
525129
510517
908721
799440
899908
914535
779507
652085
998208
572005
420414
925571
221380
745553
362049
933093
78256
20830
856985
118398
898643
815773
462207
204804
806698
792435
543057
491529
909110
445036
148155
821334
620600
806056
499394
720368
483276
547955
849965
272700
541471
508467
407056
125054
263503
63738
488950
313789
649502
420412
709802
683139
186641
630874
486178
728320
161963
235164
243273
23694
600577
65022
318312
942736
255802
681121
79344
491955
633893
716514
620838
455062
319031
259016
522731
824390
982495
672471
436199
407074
578312
641409
39826
36446
449643
86076
210078
566691
977678
900143
939268
699090
201564
825670
207274
336169
44194
851173
787694
311615
216804
557112
149138
372137
786906
845993
799620
83903
187210
925867
675080
286520
788419
818035
467524
703346
929331
865799
708008
376527
851430
257519
522552
997945
808219
283335
885495
148613
567940
419702
180721
184629
670171
74745
271590
87832
928348
546777
342862
778956
691427
808251
633165
168804
338274
405782
471157
364900
992766
427647
775346
629225
961671
687008
180054
809766
548946
827655
682818
989064
549941
161690
464429
846075
897503
361257
385748
119302
392593
343132
476606
412050
893309
599563
355563
553160
394425
65580
636057
478296
205024
805095
852658
45717
710918
909190
289237
968573
112789
181320
757567
801879
707721
221909
290646
383733
894212
901067
595858
565145
976398
868022
598152
741236
691629
612255
511957
616905
110493
258875
723875
50609
883181
335364
923611
918967
288310
916005
473959
893603
1848
711439
267874
514260
514642
264233
472927
565446
275486
672996
121875
188468
739239
559020
645536
933975
218951
94330
622078
99404
866146
288518
565256
889811
611833
439834
292257
164147
318507
331586
112001
724476
20623
810656
697760
846885
446758
68508
167869
30995
54848
142840
524171
385979
232366
407297
822265
570014
649952
556705
528860
540211
378970
436114
419644
591203
141847
976813
883384
420078
109818
337697
486998
529131
678701
253375
850859
62188
751449
29361
74339
573951
356736
731915
387630
111953
525050
298745
804680
137006
506570
881176
639074
842148
627292
225058
544050
582853
446877
614145
356820
133066
890551
611268
810267
587988
477544
909167
351737
744974
185342
135276
614470
706287
412465
110944
76144
917148
795612
48793
369984
309738
587354
401763
895301
384769
743993
616506
745311
742940
450526
94297
359274
339180
226357
146673
985156
685468
725074
594805
462013
618800
724969
816914
1754
476487
359398
518972
528262
648255
654250
480292
925142
369271
295523
152198
580791
815599
688583
912798
174007
206924
525741
329978
41068
945273
713224
220907
208580
863271
972736
734421
855019
878324
828463
341094
938067
988650
421621
293155
254051
360414
194168
195102
358334
758521
525819
603140
790254
940819
792154
561107
487405
713915
148511
679656
128656
93971
596740
243510
798737
991704
209286
511123
607159
975680
120931
492268
550628
658748
410160
38041
209594
537437
61913
454155
20203
326803
113589
598242
151773
842768
178692
664539
933942
561098
774729
504551
876489
641888
634302
683991
859996
475732
95289
670130
344021
504566
147225
381417
88705
269986
604716
5730
421761
328864
935905
554992
347794
325289
777252
812644
443575
966089
608348
942525
224965
228192
485821
618106
960203
205442
654666
433040
206684
942590
856235
969976
956026
989308
450278
444319
860256
601791
791421
435649
6956
160139
409700
95760
650983
378848
41246
377614
782066
528804
615283
398650
229904
28190
210384
402470
379978
738142
654779
724903
58627
613179
412593
383335
403416
869749
945757
83605
797491
537785
911031
399547
940141
941378
316151
573167
574301
888668
750453
478563
672002
483779
969375
306968
589512
944491
329046
235695
788859
675481
463141
460832
93701
426094
554014
593091
868773
227588
360659
696396
844143
67505
830446
893524
185145
518441
38062
866898
688553
829504
565118
668264
824153
92556
177780
3866
152548
494312
822627
684057
118672
323862
358685
708158
239448
656124
834120
107218
704532
839375
131739
51402
4359
897933
12086
918928
673349
788004
645276
541628
855935
494064
530894
186145
155245
696738
630468
612868
265110
262140
254474
586856
957951
39160
386998
469637
174510
56456
993090
87126
375193
970937
884234
215121
696944
507825
470115
973810
996484
120343
534613
166321
561426
115665
47607
927378
620784
618088
785638
862427
883411
8521
328801
161055
965819
780133
83012
112057
798075
560759
715295
23765
710888
367653
174195
343848
705822
550208
238984
467839
496874
766246
928942
836661
83095
438023
494926
934399
713816
609028
162603
934753
22863
932531
864955
260035
685048
484159
923740
261342
343733
58029
849333
930961
24822
633337
589098
893968
533956
24735
899899
416956
235307
735157
395450
165709
759490
712373
289447
603627
829272
177113
596585
407644
677757
444191
765931
488664
842026
203372
122065
644345
297806
80141
930390
419214
189237
255896
883140
377935
222679
601969
685006
192298
578363
690152
255757
157564
416070
92672
49621
800155
843300
649227
595316
260048
913746
188657
272007
988834
980485
193935
666936
978893
641978
307451
648663
450258
509851
505254
85268
924072
221643
168475
253975
614288
826894
85220
819004
385734
921432
523531
675758
753043
845617
822334
277663
454272
947265
482252
986593
695781
778366
733004
253668
392287
900398
790876
267277
194079
558811
978055
125551
349343
207827
752768
950184
421104
13017
482891
735706
603568
967980
379067
21509
891287
283057
968406
963134
967472
528575
98388
89102
134052
436807
241670
911594
208177
412958
475668
306378
828346
289769
981919
368871
650425
242596
475845
180246
180432
91087
728642
625532
724796
982389
725299
94893
394986
805210
758
310694
46948
115520
916270
91106
684260
432150
331811
587228
876361
929406
121542
725795
309479
144185
697298
346835
393273
688498
915277
403957
608305
395300
44014
211381
621680
744168
333464
236348
752594
292318
387012
690218
398368
30776
403134
622897
36649
307358
126214
293969
303658
978689
360983
53739
504362
472448
499012
619013
651811
751536
75645
665817
716762
523980
74609
309146
391376
35897
251470
309956
451601
748787
674403
37854
983337
344410
991975
567119
984630
826451
855443
348122
295001
559132
702954
719736
38982
848112
702553
577681
230651
848595
158072
253334
48462
294267
536688
356478
374494
132379
191671
2522
191659
895309
500087
911319
429762
125466
711054
739152
823377
619305
924206
687822
297497
54787
707491
948061
311489
213311
437365
283787
887878
633039
34211
864192
60240
417829
557008
731829
158240
288771
895034
554067
845606
979422
540836
127208
888048
647790
388758
979976
415420
673109
58235
565694
869166
21673
556648
18926
222173
80800
814076
181000
70791
780055
486626
998315
626341
501695
709363
161556
880794
583972
377017
47105
812100
964571
751503
565542
500085
801352
946724
697675
468860
961353
116894
102400
967004
651139
829018
410302
165982
338247
447634
69916
455490
979232
637272
244330
854097
351867
293439
884590
971214
115827
149848
192761
148875
323129
26522
974564
510295
425117
784667
952236
711509
821371
888187
17703
894312
652164
670624
791138
192906
723624
561819
116954
32124
588765
109673
307283
274008
700175
310358
839767
674242
780516
261116
741070
97597
240618
313706
8183
309593
557984
867936
825473
310346
887646
451382
320520
518293
778082
653019
993327
463587
451895
580475
901398
26680
725827
510010
61560
22141
554030
582430
839652
526969
789291
923209
675542
454750
874852
52963
845426
121408
349638
226902
14108
441632
871782
234611
660150
277735
804942
27762
286007
291054
865641
751062
431717
335738
305990
994735
665199
880581
583884
151353
989033
202167
671291
860962
744484
752372
124378
1897
362665
136975
20291
322594
60818
917020
930951
25622
538374
879202
88895
151751
726735
543087
367792
254928
585562
379526
486106
673451
313866
146676
100893
820621
253432
623617
242633
250156
743883
768449
419137
935392
535025
972554
545738
275111
873847
764095
850293
95747
895307
816011
640615
890686
586059
114346
861954
931662
198921
886177
768818
261843
23518
72910
170390
394620
755944
160666
316296
923274
522593
494346
955019
830189
325149
797941
744144
925578
884576
346576
715685
407838
294489
59365
295099
95292
561535
308194
925778
261234
448135
61582
379715
889994
20031
586518
119337
192748
158666
931270
607213
682465
288120
202963
983341
825330
284801
917717
735305
244527
10015
635154
531274
937419
194309
23220
300398
55652
65151
190173
942868
254561
913767
788561
822464
644405
222913
416210
761356
194816
837876
249673
698284
330708
216486
686496
60572
634900
774642
121900
670824
122873
671497
272712
811031
979694
753250
832125
99829
675483
587615
400221
647612
438336
420990
662575
641183
428919
819640
178500
179250
396059
594745
666216
717945
261128
780925
13172
451083
834744
700612
744065
320418
542028
683697
921015
984258
151532
139717
215619
467716
428293
364978
1959
14079
682865
594527
122155
458897
526645
352312
838449
479823
342499
741550
184486
791239
928032
901010
355476
777582
19712
417545
783189
158059
544845
297965
434467
4031
797543
990145
771018
387663
131589
56718
143550
427023
836761
255518
219657
223245
284562
25748
97308
720663
523067
658022
586951
391754
712577
326969
49924
406329
351249
861976
954990
108022
134752
821648
733583
540672
705604
306282
950870
768009
502976
177094
435496
942242
524765
402128
232013
179205
178995
946146
638219
874623
680455
174134
741712
146936
735566
262662
532104
243552
73616
590530
486863
209016
426664
751469
54592
476282
161064
533461
706220
350758
50649
988909
943783
796331
817823
483016
780988
49070
552827
64820
298816
286393
593195
488433
861124
93315
581228
387277
117732
521368
773279
563869
358652
683493
275145
221274
349691
82402
794037
528981
469007
555804
196724
863128
547136
227806
484549
32539
793433
939451
86415
601568
683648
363003
907275
494572
996263
737952
935422
17570
77211
158419
672356
548797
541754
277872
154345
29225
579777
302507
765392
293247
437443
936861
734967
904667
458678
874671
827505
853532
520104
520929
456595
173112
638095
109240
693707
996217
934205
635202
716585
570712
137970
77319
665217
618740
76492
975246
515177
659247
772313
332105
294878
525606
389837
605406
586755
560395
301007
417938
904649
561824
812717
320276
343850
368465
129393
995108
768206
846511
76427
769694
924881
880261
280301
933287
421852
207001
271734
109810
361584
5824
775430
820016
527937
942942
30320
749970
793343
107770
221773
56316
819247
423610
590381
899783
529464
578431
21865
635507
155066
74015
523796
3688
180313
165563
281104
642983
685336
356477
455356
239314
304031
452784
391627
850900
130207
455676
797616
639790
453516
543932
948213
553887
42121
678462
433451
116464
857186
690262
357372
703833
698674
384159
240796
748883
495397
305232
845470
546555
152408
71222
846947
968288
381149
40979
240429
450857
384218
590163
754769
240166
701329
839079
685963
471793
736954
449537
432172
653888
801228
585514
366446
370379
48154
130819
295528
218964
991514
542038
806300
853528
515458
250008
817838
496592
809548
793725
869808
554148
432024
284856
294744
763117
309103
73934
153043
907493
601573
623062
162738
313774
382425
535759
500995
262075
658839
114334
342459
521055
627804
615778
846350
467184
185721
238069
502305
667799
501776
39938
760087
813111
987323
867454
90504
862456
716045
621381
490832
548847
679600
602449
918147
998444
756141
368793
877566
594207
617803
13188
115545
98983
226574
556488
484536
863865
563424
542628
567169
710185
94222
469878
445800
516376
258921
536633
311909
764155
714829
983263
630343
654019
753470
260615
1058
420334
17518
16348
578660
274410
551643
962249
131398
211681
511253
454684
937502
416166
538205
584822
528785
477562
128681
933868
595429
768506
761925
377598
988980
8425
629203
253106
699004
797142
707827
119756
402260
535082
292925
315947
848249
564176
423723
313731
951879
730689
22612
179378
278147
803755
85523
197185
646677
415421
325638
489978
660051
228881
471090
463969
354552
708855
502404
783056
850035
768730
925234
794738
410332
185298
16064
325084
276161
941573
315551
224579
525919
907386
465776
269342
18476
351740
995238
26713
815505
994215
396745
482098
545269
275538
247446
526196
71669
357849
940100
444046
1520
463877
168609
729360
155966
566042
941211
693313
229504
357950
97627
66847
868754
8385
968204
124980
891293
5709
728890
781585
550026
802539
661589
612266
335697
597423
123412
59149
636591
116418
866038
57472
645238
23306
45027
32695
636542
221112
955569
644783
887417
761261
117124
991530
591461
887946
768461
504263
187034
70803
958195
448893
582851
270974
523790
396212
977321
211614
926607
225152
633835
199335
899518
969146
565194
609373
825436
673725
93601
475486
497959
600442
6513
915272
291388
733625
218842
428552
332310
253869
191334
750976
781300
159794
457088
474068
202329
678565
594178
974354
696749
967264
68716
777339
292737
245712
527792
173298
558320
390517
419625
914944
391073
763510
740588
99842
185576
374431
586551
16624
866892
278968
210439
935946
874979
189187
633670
432161
100186
465873
213856
484351
924881
499777
617334
909300
875491
595094
463468
602622
859395
310516
950429
269140
116546
926391
191022
623439
45165
672112
895744
755573
229522
395390
631935
239268
69859
570116
371543
236632
133876
368332
127303
963545
167455
656120
568525
56836
10695
327648
70913
147315
511609
867149
156030
792780
732526
724497
11451
85923
714477
571521
781559
746701
881741
322321
220499
735042
796184
293642
860921
27821
347468
424746
206522
562836
482747
901400
421622
47135
171730
8642
429108
873287
322934
362133
847954
181084
586890
111512
390294
518962
91853
929446
653602
172841
74465
73734
350854
527512
919910
156136
711152
280022
422085
339967
856574
612580
45897
718709
888756
134586
563303
831311
31945
943597
245406
340447
285020
787129
123897
281568
825924
374833
987186
386417
82949
319040
111089
974001
893982
633755
482034
159347
240702
455493
51652
785438
278295
363454
880621
339940
520268
641417
684267
968669
347012
181785
817365
290879
697440
53335
166368
812860
475913
262034
934334
421241
781282
141252
456161
72230
269469
339517
762846
721406
572713
63663
697772
144925
45193
57621
122379
235897
636544
468224
548417
293054
346025
659135
219775
799498
225763
212138
611427
225474
782568
463883
987671
101135
241023
928682
791190
795257
438536
260596
347535
629918
598069
23943
80034
578062
958360
72029
300103
852806
530134
412434
396302
459976
879547
80403
786560
806675
925288
102693
732581
858756
541735
949199
408095
949193
549343
808486
432372
352190
95906
164787
451305
34918
580516
819266
725321
725319
666503
392010
312901
271650
327121
742196
450549
490509
186879
95370
547261
317039
21811
871229
764555
64792
895048
551506
365884
154618
216006
213291
793566
861256
449521
499374
762192
282026
341884
116756
638086
279834
531291
189712
392617
81182
700534
480089
293019
136226
733881
441558
870872
16753
716488
140261
741624
237776
216400
960457
533008
187703
207801
158382
629433
908077
68279
842713
510696
909375
442176
662768
62332
37148
290520
85667
179607
108368
726664
687542
605603
677275
120557
12781
945782
572654
470956
774035
69648
192193
372803
143398
692289
855699
545851
645218
742056
146367
768569
283368
187926
844472
5172
546955
397264
360865
97409
162360
366131
329803
109771
230143
696370
699212
865630
275202
942651
126136
514530
949305
188089
344191
912164
481055
752370
377891
625872
129340
696655
944532
215995
468624
777980
117673
22557
806105
171942
740669
677852
144577
936609
836772
66051
190824
840300
74057
293585
576521
595148
632422
609646
404107
776404
790814
690873
235238
714118
738042
35900
343536
837268
976574
984129
547844
769663
775591
238142
429709
657249
53700
380139
717300
910086
785070
445172
214884
856308
116326
684234
351734
300107
361865
908565
893758
305159
610674
362884
992305
108259
88748
64260
21873
762456
957010
877518
170743
813252
794758
157787
574492
987813
147210
924403
173892
294020
463870
190947
921128
596974
296118
590157
705662
831773
148535
35609
373894
647862
160591
759562
78899
384428
531278
352171
109813
264514
254692
97256
896863
796845
293337
508600
827834
117463
510115
560888
103717
442176
349351
457812
408359
511039
708943
449374
342995
862887
931652
424192
521558
233733
528264
680078
698721
222405
783795
105781
809773
146932
166984
736209
274415
378463
128628
921946
680154
121115
167714
829821
410060
172894
761021
33737
180822
863883
135299
365888
907819
263371
429827
166798
754404
483222
980915
154326
106989
827474
355888
969191
563728
890898
621906
247629
781276
905023
825323
418564
849969
297492
377885
762824
851115
807811
600917
968008
783465
285493
177128
636408
736057
140463
206280
734214
784161
46096
86306
50980
244300
180662
644184
71364
936656
945345
893462
530850
853592
107183
987667
797370
530483
749095
419622
718619
976696
356497
15618
472724
725331
74530
245648
412234
370225
689141
350504
273131
53764
609685
829739
59965
538995
174999
338047
537808
437026
218852
941160
88466
841945
860949
297088
211905
5203
664887
732115
209339
137061
301421
304665
94577
276297
960693
913488
721786
617927
202243
903734
125828
126975
124169
985184
601829
267029
804760
426234
823311
270841
613344
148252
349666
604177
143379
320772
134108
407110
629288
498998
681260
174888
881660
686381
62244
937471
812499
183612
530188
921711
472635
162502
509970
805063
147089
737110
275039
14950
208029
546332
509446
385546
439513
684165
417878
444022
55055
193142
185615
624832
633888
361124
416945
352884
75040
277394
485807
719528
646751
220648
708547
978334
871427
46125
936859
287183
441361
850786
903153
504154
245898
673530
341368
127369
259570
298361
148082
686395
618412
591911
62046
319668
115456
861937
6287
480894
980927
445917
182744
356345
354494
802792
556644
996422
236478
760510
240738
770380
790636
446102
348829
361637
484035
446503
794793
606761
160783
738378
583033
663893
962957
717869
70094
958807
598575
21361
677322
213240
450491
993186
872291
999526
826771
432336
169907
105437
953295
336590
379243
126002
649926
738118
927720
539452
580076
185463
333214
611871
456341
501197
719153
823606
515288
471132
692194
24796
528079
256760
294054
61911
732090
28787
480019
593506
215107
552308
876147
821270
911644
654384
779515
852212
850052
126408
942038
647953
236905
63679
711642
360927
686184
437718
533212
663380
928816
631111
182238
790264
124356
367002
861223
514576
586143
255910
908908
182498
722609
421736
581994
695845
654536
956153
618965
782791
686410
989487
944810
101274
45406
487507
36001
737244
790443
494330
18558
886497
985592
363778
803335
687135
363059
412650
565264
64662
193101
532239
240754
701786
431682
162431
123674
572414
272118
426940
939133
941215
676027
24271
91113
562122
245935
629893
770935
846795
452035
725835
416733
869459
852310
536417
998496
822853
624831
495742
256806
600989
949162
128193
567593
995197
113305
398991
43848
57558
618764
649741
374072
700079
568124
94395
187287
682453
961025
139691
535969
91104
964691
772509
360507
799133
308397
457785
817837
25693
887693
697321
600173
872985
924248
522448
188054
702464
785499
135722
889144
435359
209645
611713
64648
118508
539312
852489
376184
757935
477622
37145
915490
13646
564480
346886
343133
639347
746529
40222
115186
37084
7681
201982
631721
282751
822205
214929
819260
725591
475372
161381
384685
896399
54973
232171
801843
35850
707708
256843
454992
31117
738931
850594
442622
726986
606893
733721
484551
799562
79830
92835
164724
298421
189310
645586
436125
170945
217724
593431
984352
244981
926575
723540
227437
339737
493856
794464
839613
794300
798979
214870
927202
522849
663772
259482
629626
113415
109311
816042
303677
632980
650415
298268
14326
335837
995240
682682
747855
109397
33849
432182
88516
863631
993992
730763
658426
777137
514874
965043
805928
397687
65898
447999
589043
479713
962966
625750
303000
508219
982425
598028
526019
604039
881106
836894
95420
223112
964004
228040
252353
909549
459735
280515
801454
523097
853021
191710
653785
375691
272494
749112
995962
102959
490644
705368
882759
316992
299587
998825
821598
770904
783648
352085
609948
285333
961186
949308
798475
642538
930454
532369
230647
964671
625340
65233
742817
809158
510543
763809
992781
168092
828578
353604
632630
545943
142502
813430
300706
210354
691528
558055
115792
806354
741239
648279
275597
507572
693571
277066
723238
638390
790753
186857
805559
111678
134603
197557
212450
480203
679556
957096
362908
335894
155129
313770
992929
816164
301955
590700
72647
699435
414538
881573
707760
892190
463939
40679
654298
920727
88601
305245
763793
321185
35498
256228
792964
212255
420968
697538
419828
287195
275616
963975
825608
193135
9303
200063
501630
935114
838288
983952
387516
391072
827435
267063
520132
586864
274152
87001
989702
191859
406664
321608
64592
748190
727380
628053
474785
580628
863287
855757
791003
81772
440454
176849
900822
710234
422497
752150
854289
996156
320881
716725
283907
641731
763216
878959
534928
378556
193929
639617
24855
450618
12852
608416
778600
434594
828740
523282
427987
418067
403932
559657
127579
215920
605659
782620
463114
836363
578041
625923
911390
60719
285897
126575
303969
84874
162462
947555
469782
365749
685322
437171
359183
84002
327618
150840
983836
459169
293789
451949
406109
544974
214715
26346
392249
778843
632578
626810
256615
649526
335684
436827
170857
650710
367484
383825
168857
228711
919799
729127
108252
776720
461776
353091
524147
229725
262420
512613
180016
37070
641540
904956
276805
270523
512184
749093
379064
478242
926880
23745
156147
534031
661030
514289
528055
258855
969904
62577
184881
225936
907265
34318
745509
488000
537535
108229
512455
4385
78415
359098
845480
916062
326108
334417
913805
43533
420727
268525
526620
489593
178392
999875
210672
120267
669059
887066
679563
160916
418630
544161
769323
648441
210719
99308
288117
316347
897146
509581
542286
44705
599319
500427
927049
141765
907850
321026
661242
659129
854236
288342
34217
466196
141007
352341
334819
604700
56255
626857
232682
893009
168740
158390
125196
786836
92212
508886
371089
891442
402981
669486
824141
201809
814608
647469
651798
646326
218097
899169
817808
795697
543691
66677
735396
870054
841641
107979
200975
93816
695871
226610
458711
96211
230638
869828
650136
667542
550950
298783
292540
785756
290150
947134
366473
195750
353247
687859
140947
206118
775670
101763
660563
173034
148712
86558
659984
594340
992777
59193
459322
66642
589093
402506
268310
830030
947399
21983
912466
914804
290071
789788
834810
643371
932126
576207
594627
259538
864102
191217
665797
706505
549821
826364
37638
426329
900568
67428
386225
939393
834067
856883
962214
541086
979350
512388
379691
482102
989460
724635
714240
428385
118509
633824
935887
245844
128371
80246
263298
227083
332298
434428
65519
390098
203881
208416
369775
601329
747389
772123
179532
200434
628460
409165
996376
326160
887926
299765
94426
917822
890232
750028
597540
906192
791371
879231
280000
897162
211721
668488
698632
355908
171440
74344
127125
699510
38174
381187
802512
979814
874236
573143
241444
223275
5624
222682
3092
330845
649194
868720
396904
389723
158808
555846
594371
117176
899861
895182
705808
778434
292228
510615
497371
299441
349882
922312
447420
299817
380929
422712
832621
526252
849273
879789
425085
669855
156122
147824
560925
736823
63380
788169
628696
170432
221015
398813
517920
84554
68910
348000
501059
236144
510086
704568
424829
977606
743821
398832
100518
630110
874678
813333
954380
984887
759257
873649
962715
571907
258422
1121
634425
449876
450842
623253
355759
847266
970266
26020
628225
502971
720700
487562
162014
392968
301110
705023
253554
596983
8078
24628
107481
53002
498080
923629
878191
179772
651006
457781
594371
659851
625841
42499
85354
62311
742110
530664
490415
471221
793924
391473
93928
549632
211298
387487
843108
339325
409654
666944
382592
954809
288159
526441
613401
147681
548644
980243
285403
161453
733261
128720
421176
12523
897007
493224
704629
610404
182022
182996
24414
753132
431482
113878
90074
413003
467780
142579
369497
967619
914090
27790
848361
539710
835558
142755
579176
117270
942629
251420
475604
294976
982635
29459
479870
998486
200979
712485
219358
777471
389748
502319
984063
146941
53536
312488
12123
764562
96582
987355
972545
583440
261367
906687
665202
301820
431621
929780
598988
692574
377736
102877
262686
259944
444538
408916
42010
923712
882242
545486
755176
375596
581966
428429
94551
45529
590809
151484
875054
948104
861516
822762
522785
512278
987072
127782
426719
834086
878178
300083
585288
731885
329328
44456
730684
90009
101728
844135
732495
585311
847519
813815
306392
789344
668278
594433
51881
798263
251273
991332
894105
79393
633018
663989
2172
999561
124458
256790
433012
92144
649568
77809
808417
931638
7554
679826
74868
542663
274303
254495
307361
15269
857999
460980
79667
377997
509778
265951
536697
808393
320021
52469
54366
281618
935988
594575
539222
753375
331673
647268
915188
558094
127778
204804
221977
36910
435425
745071
466120
508455
587325
195024
316308
97542
443381
742105
427258
996393
533509
376956
966539
66627
630881
169603
672706
543757
190878
27148
552628
584266
995376
467365
851173
40949
129806
643200
77430
744520
265778
370451
572
783211
117052
556175
810029
342456
212278
265018
653812
703207
510066
861931
793764
699163
320784
123745
686920
583944
102428
437761
555865
753151
863252
899819
944201
371927
821895
699960
824444
655034
490264
659985
541718
879689
424930
411887
30383
116205
529717
977386
281891
653243
752511
862656
123655
886467
837639
712037
2614
237621
970578
119425
102985
481713
423976
60811
447333
638314
56816
162368
431277
368309
952632
781631
294936
620468
933713
339524
112670
511321
329367
939839
387277
948249
347599
936976
394552
378288
100137
584610
181774
46922
371044
729377
748232
170901
750672
353689
59452
893921
614383
437228
376463
595248
335797
440688
660040
901088
576879
371747
254399
606834
776512
594187
811252
835254
357382
723951
443579
412117
460122
48171
476501
276730
856182
339188
794011
618398
967922
959785
274835
957168
217831
402897
93221
27549
855092
994615
365287
201729
306527
903903
445205
918442
843731
883044
860892
281668
216647
676399
954517
646119
333248
571222
400655
131962
90925
860367
987269
140418
240751
84239
451375
620363
133308
166915
568820
92849
974361
787562
428476
621963
907268
782413
597860
754741
475700
831836
951755
996025
871800
700775
389385
495514
664892
223285
613952
885180
427243
489156
520586
594355
165166
116894
979538
979302
447122
765397
880318
16927
311879
642651
268682
860275
184964
315968
338544
247113
732104
884104
803971
760072
631932
348072
432988
65185
998965
913885
213163
270838
979093
494122
465327
822117
66192
417388
392000
75958
409740
153563
16073
287645
536418
704799
841300
618539
945090
918668
34686
220247
650483
313660
482633
141093
441207
493832
692240
420337
898316
951075
950229
724442
70479
441170
509494
27022
697468
949900
286591
308653
39312
39914
921049
458652
518543
277770
211167
983977
731490
806790
645585
899862
341912
873676
24289
130052
798029
922010
490219
420670
517096
948761
890178
404702
151294
892179
676709
473247
528212
156561
124497
57217
210177
175061
507760
289427
504754
560816
730735
203360
67336
196674
261549
748472
486492
973580
940431
159962
932002
561459
496752
539771
426603
537236
316086
126005
282500
959294
219072
766031
588348
131472
292731
624677
899
418800
825620
676020
834286
510373
787144
401988
809303
588946
367702
301874
94370
641936
241686
951961
274842
495462
937380
568157
174841
4264
851828
943059
343814
914601
687369
807248
195353
33374
139969
361229
658106
229136
97800
81652
424040
954173
958125
374793
520309
135628
476177
617336
535758
435372
855355
257975
738137
205640
475337
883287
132279
608552
53890
227629
974249
40999
528006
946199
624782
831629
178534
137453
623626
994953
145424
176262
763459
797708
285859
93284
20869
930052
868513
591677
352838
297011
178114
561895
670595
72556
835429
635935
973192
921898
868130
495541
169743
603853
373627
740376
211584
676402
841520
967098
824599
757933
483057
877791
964964
613926
541422
833671
860907
124941
673739
538230
922411
197435
342191
62877
622140
77990
133628
470822
894161
811009
104665
464161
97310
612910
442218
460486
780627
765665
307937
397350
994182
196370
801518
249587
69614
776222
574482
700712
551947
195323
573009
117334
900452
241494
714822
551757
401960
796619
785040
647267
762486
898944
581482
121764
148024
541471
15449
107350
671530
254638
981118
859367
673465
129036
834571
766837
310214
974666
620882
609210
719753
225827
519801
362195
386578
753882
594826
249451
328939
73007
183015
661384
158362
280701
482395
412914
624771
548403
123595
271163
478249
629356
584203
910192
374805
829998
802253
341018
564239
726460
695476
112177
402889
277400
857734
352606
1244
987161
658816
407659
292394
504356
603780
915466
445090
136650
834670
353983
701537
493886
244292
51690
317558
188081
647243
565749
844606
85516
499702
811478
444078
818697
910138
333825
951599
196655
453949
689710
133796
619240
669932
936962
619655
59520
653292
758109
929265
600124
619240
26303
468408
556117
756937
624599
622962
954128
389380
172394
454808
839867
380876
711388
864518
778053
556905
683807
458143
766267
459041
749429
652302
742491
707282
215459
41383
118231
37729
506100
787371
522855
549645
639718
411627
609035
861853
548598
75075
663836
927224
722371
791944
1486
124243
435425
894716
691013
371012
676285
238398
454608
369974
351400
686143
125958
854133
539266
659950
515771
941609
549636
729526
527263
65312
284457
717725
102900
804164
104250
253645
284075
747500
642421
891248
707226
971341
165465
505652
567387
689873
497553
492078
219011
235904
395898
903066
518269
955867
655443
982849
556931
115080
824832
364211
505656
830054
622587
274356
869413
46082
537112
491443
474063
120355
738866
439413
8561
449216
779767
183825
636124
341010
776590
916116
908263
814148
759648
473476
158228
640454
936778
312002
551744
699648
271453
332873
693702
92068
169680
782611
913330
678492
619971
286298
223901
809635
452336
400379
786986
669487
971120
375031
151707
778764
457000
13012
587921
738244
479758
365665
973278
539514
835227
394326
836872
83223
305103
694553
968797
967387
294044
213213
481454
428117
184816
45797
306601
174766
785314
511655
124055
272927
864824
310731
485678
564419
2707
835986
628372
87111
680184
393684
789425
771901
101115
781026
737007
657104
758282
916874
75537
617554
511827
857848
699885
773169
170131
808377
939527
955145
121084
589211
31436
885267
780226
664497
474024
62394
188675
978163
133956
195214
819025
177922
810783
529745
124381
29896
142728
53231
286849
313278
977973
867084
630505
593543
554051
621877
310879
846138
873803
158712
101043
899133
570205
87695
622915
41996
853468
512567
127276
482201
520374
602207
776461
727502
208702
574204
910773
100014
897575
250681
212649
21209
400607
133388
737299
873006
920645
295716
89097
727690
947849
502206
73273
657967
650271
545751
838703
497281
535392
736892
461443
928553
694781
407101
100002
968092
333344
219200
696439
73078
834273
195121
446005
295744
299937
861911
937860
960721
778823
428354
778117
713680
879573
955616
788804
279703
578790
103856
416505
71923
550406
222158
793467
25928
155246
245548
639426
407890
616602
708513
132055
583494
718281
705755
713562
24022
492049
306417
5295
215124
185884
136595
649287
226798
293762
420067
545222
71575
478021
554588
649238
622087
568931
560
796936
896728
823708
508145
502562
879825
581120
760741
138057
26048
709683
91452
964108
489728
406977
265437
714058
296411
850456
656092
337730
556360
504486
411784
316341
741909
66640
759138
263738
570336
419467
775592
466206
766591
216539
476174
139125
676671
958886
762318
976578
54090
765108
858135
79742
842018
835590
163873
149577
355018
404752
379872
436010
670083
663507
461270
394628
487603
892251
671427
439512
363619
470290
747640
630769
865247
832256
985802
359856
860480
144864
775585
732852
822598
656096
674416
634213
814495
319604
25343
251806
80325
372439
132707
665077
260419
49247
904080
568744
181079
698427
837
65701
84915
41548
913829
156213
345950
589406
976998
614535
612088
982210
711266
725909
521754
313033
526603
152821
115931
148575
985916
621950
860848
802881
946410
240405
349035
303516
33977
232083
718628
988228
811307
17684
476725
229837
420403
246559
867166
670922
250792
976365
9673
46048
217877
746968
557289
818245
935725
288673
718203
803803
18715
275678
190191
84643
685432
429886
289376
677983
614998
640891
566333
173193
955257
639195
863500
730473
872997
596706
512965
65815
980435
32407
527258
258829
800957
194417
184854
691944
109208
984158
168803
238139
716258
143153
282598
392656
944465
208806
98437
359228
108715
972562
885640
238942
149556
113260
387805
621300
830273
97201
670006
131801
463595
964025
929549
873439
659231
101908
274823
925445
991059
195936
284214
439189
381779
319339
287097
445469
476217
171967
833790
803527
907579
115278
209320
643415
49822
202171
47307
13377
608265
291011
79700
691749
628468
951622
788614
500456
266943
997622
851231
274544
181279
376219
965977
828412
596531
355456
907468
248989
891189
477501
299825
52116
832524
741474
56833
862538
64893
843581
790779
859430
366210
29769
748869
118350
780915
900211
495018
306942
542305
303817
441026
202046
531778
746498
913967
107139
645126
39076
973635
183012
724104
80534
701119
605239
407712
628994
740343
841480
424341
599270
669649
432949
437680
816632
846252
632489
138219
874804
407133
324787
441992
822275
681108
145858
349887
713097
331549
225919
835087
346187
902530
172359
935862
547580
239502
276676
661180
200675
757293
289575
116969
378282
146672
579524
8598
348612
614124
524425
505761
889340
913154
512348
592698
407191
604857
985297
278362
42470
626054
866181
772564
881898
822958
69978
233092
95395
109186
672462
22755
860663
537161
11642
696829
594492
74620
671525
524217
196450
945643
425155
354775
470848
147645
311181
250617
854777
866324
316606
44632
309130
101135
725095
983191
460404
811945
739119
306868
694208
402879
35627
780571
614580
865966
788630
731285
663952
54106
204205
828509
782085
9996
245866
493971
962675
686195
505114
363402
718685
480395
312221
75836
907116
579035
567482
38173
173596
925912
733020
405388
460807
932327
747821
282022
871948
573760
458190
763765
838556
755758
709616
745094
977313
445171
4050
625880
701067
345544
58071
509104
407544
631425
585475
695690
13950
629199
146322
894698
82584
925088
739061
276752
599660
25249
746026
948041
16117
769059
609974
369506
314066
974363
213826
227064
869226
598532
350416
562475
898106
478175
286936
904881
404540
416090
410115
89030
118133
563279
504771
356033
979612
629219
202189
543810
84834
687631
596148
711688
319970
623675
251939
758687
354343
549254
142775
464694
277652
916770
629623
194703
299892
790621
947761
743631
572895
138362
108786
299125
819269
199998
532321
295016
191130
580998
483896
351016
955358
677013
932640
688295
981960
31532
902057
472561
591822
278290
189667
143813
537492
350963
314779
768456
329070
819749
304181
567695
67028
185861
378083
188890
773473
298304
418815
350049
967623
759022
945739
57798
318676
555608
555010
851689
573337
687066
905754
77914
311484
50916
598297
113001
222364
845594
786449
816346
126492
801948
429306
683061
9487
262112
455530
755001
623998
760378
846259
482608
430936
212925
953945
7710
418487
588988
373998
843859
540299
423145
662412
438176
9189
843999
924271
652390
845730
940795
420013
428618
855218
200293
6162
414404
577348
298285
33820
889559
266448
633744
209295
974555
75648
166297
743158
56694
57852
624612
661816
339753
699088
583038
855571
113670
286332
682024
793911
733056
601433
393146
886721
277979
387299
755429
74194
884290
985191
753553
918860
690871
680970
621605
926313
286949
409715
976356
848439
111697
923158
881332
955828
545519
753310
200955
330562
756753
149686
329250
141063
845306
820085
458747
795811
205585
474916
30911
12687
247665
844844
496816
886031
509213
295265
170269
295571
842321
534693
724932
847344
813939
328762
104273
331702
251880
287848
634885
975853
537988
196615
429874
245361
784857
628394
129443
262887
887984
729448
64024
117403
417814
839944
691502
312952
123469
620232
901277
474658
799268
963338
535388
539444
396065
411548
245151
493521
537306
784994
942592
964393
247075
460195
445564
411914
622369
357036
547668
41376
901693
790564
511059
865099
280309
424430
712687
559515
750860
678068
169673
70379
37921
827735
586255
632151
585822
131696
409857
422683
928199
666241
873424
286089
294002
852285
491938
550566
467350
438896
472563
711074
286971
303244
898069
771251
751249
737746
1880
575373
991325
539481
450628
753856
235854
292094
334467
314925
683630
854185
913244
39974
372404
807223
54234
705698
966710
299209
37835
134937
480827
382889
310244
462466
221806
764692
817026
484711
970671
543976
503179
705633
252164
137003
884915
453366
252973
454197
918939
143563
784789
671100
52115
8199
22564
561978
660288
593607
556274
730109
372697
257271
264149
943818
678987
807315
31579
15663
325565
442874
274835
936740
618861
789420
74630
383645
620025
768608
410627
386095
290106
107205
528408
271964
18123
319059
963613
293053
894759
83916
189546
503179
583920
579412
914792
982281
702092
48554
374341
699794
710378
698370
369089
2618
131875
38401
391718
822372
277435
701076
308628
663456
487110
841901
121786
71230
979815
216796
102945
959988
502260
105414
78370
619175
753269
117956
974648
618713
123084
61978
729072
301936
421486
888018
246909
315743
680463
44660
236968
744435
862684
318437
791204
485116
706338
26906
793407
981910
853644
775287
70133
664595
509193
772552
25311
758343
81484
252570
12617
332207
279405
869943
575904
703550
17325
922365
211402
390918
748759
84890
449872
289471
605377
120550
98038
444792
517618
443869
37740
315543
760477
877304
926493
607438
965452
231078
313252
235420
846424
470380
132382
647805
931156
43222
912026
284400
600842
137625
257453
353443
595037
201095
636067
981756
340110
855853
229648
213126
257305
251468
935812
361014
40255
847218
106204
328154
978335
667445
720693
778077
740350
169996
630844
55993
268454
378506
910497
992249
429930
848056
589034
730986
310407
963149
804004
862686
333669
621132
817972
2716
150781
955643
522315
155111
148374
936827
847160
95337
264168
452745
568087
608956
524385
365136
130791
4310
519109
338664
398393
638734
920752
844399
366341
364047
815159
491522
740055
830488
685869
764505
793062
296301
160897
882684
908357
899229
463045
628134
337011
612977
959433
385013
987981
481966
94822
447882
184355
866439
538711
964867
59623
999715
792705
580178
686209
987526
403795
259962
380224
321438
529480
718950
136748
37805
500425
191334
352631
953357
7088
978566
316242
7269
916904
484301
415515
956775
350256
237071
481523
238147
550078
838895
908014
592747
253440
565685
243300
316420
260413
543880
214628
165606
901914
540936
785224
472080
354105
577034
186340
156075
146108
561137
429144
515513
261287
49637
15301
529434
503268
249843
111196
243387
446879
582721
419666
971611
645650
384428
773616
449787
6427
746816
943302
555170
481416
895955
716736
414794
297397
646014
104784
172779
619341
348921
966411
455393
44332
203346
426768
779196
578469
611146
714722
814436
664863
990028
615447
534439
781082
819147
662442
778849
833104
790839
230187
932551
380534
298203
704533
367248
473889
79638
861760
71808
63238
227188
453741
929041
577690
82792
151551
109825
2264
251816
855497
335027
133601
80549
90178
365250
670909
149350
203797
500777
19263
901376
355605
442056
836807
764468
124110
766996
338593
239653
232503
510558
416779
384436
501251
840190
799828
683002
488278
23452
346272
711905
764693
290202
214088
851743
606422
687201
426974
591120
285943
414599
33806
103151
156234
686874
993440
656754
105582
795980
774361
727231
993913
665851
237761
814734
146065
580699
386112
248604
43994
701506
548002
814344
688585
311887
494842
953295
216727
185720
108450
424799
564882
191983
735968
365273
190605
729457
60836
618984
125880
324459
257838
350201
238730
257929
966220
862486
906650
611932
958337
865699
792974
921958
448705
362099
259178
747525
730457
26247
205194
74170
673964
683173
514859
348374
349720
588242
512227
201024
986360
538924
364337
797989
365826
625830
929007
671548
680591
198624
683172
551989
939323
119394
679478
283645
128610
640245
368316
42672
285835
514014
270066
62108
428193
43896
32262
819822
732124
272813
184591
785276
184831
538768
759709
325614
298490
430170
45163
14089
506671
420992
631217
870362
23314
336813
316950
865019
271913
235873
97795
744773
853683
72613
42003
386194
122981
896874
465574
756525
448527
449022
952853
811225
679133
285290
150719
194747
841082
928234
876226
394660
846351
86153
168966
473983
840489
993881
714803
706324
714681
754124
669314
222774
416053
452787
647153
390863
422107
485072
715088
758534
494549
868825
591993
638474
138040
67020
987229
619966
277094
716137
938361
369153
644692
332689
572199
835288
655526
740281
585296
79035
858998
630027
450431
589689
675380
595801
736721
171656
602343
703934
562441
8045
406674
909843
509760
217028
651186
740043
968313
885805
772643
367980
485522
89939
862305
935914
153687
724250
842028
522786
227057
676837
629766
836464
398588
308289
180502
103021
594038
702897
167215
170440
749778
745750
52330
677312
895277
955899
205039
22587
989336
239803
646867
587142
132051
457999
149595
568554
997723
220792
907359
777703
406939
142917
552458
975376
142910
967042
340414
402818
191780
511677
82580
689154
805106
127414
226817
980658
253252
668130
797908
76464
15934
146844
662619
115148
198208
175913
628198
780259
409847
11046
646179
368860
400272
420688
340840
526719
602184
353648
812880
356653
195871
450657
924924
667776
486444
489919
962427
861120
902089
922734
517572
535422
463214
359172
719520
146833
36827
221524
423333
379306
758191
414936
491548
431190
964054
989882
769156
284433
429920
502591
617264
464385
17644
951760
847691
896982
37571
997543
193468
575739
857601
440339
94436
656825
338349
249575
567300
150249
566570
255173
303356
435028
160839
181250
994734
123369
984881
377014
472513
15577
322632
203811
589506
188627
459854
247872
264100
214359
644348
148641
68072
583353
746031
379396
417304
567412
855679
542010
405165
643817
949809
833135
521168
649715
466690
79449
822717
155239
157923
649337
999044
404589
540741
550801
273898
198453
632970
853411
315308
81689
571803
178913
681315
503310
4567
247862
524675
599685
462376
854447
886973
378212
829938
652744
762821
514780
631397
611791
146029
740646
177138
117751
372016
540831
645531
139132
509836
248510
79778
816685
734918
79022
469091
808731
807953
657932
209278
25564
140425
689663
754860
959292
274074
410094
713331
669121
912446
156514
968564
169370
864419
390458
21922
990500
772906
273029
226701
598744
939020
173696
817436
682067
917079
279403
100505
436099
769046
875146
625127
75563
586895
348917
322126
503188
765030
711388
492471
145489
760863
515163
50739
308461
255553
130998
369461
784883
414293
721457
617056
227609
691278
741263
326203
936521
315522
474981
15426
640973
200086
136473
432470
266199
340473
796092
414420
928043
522055
572290
81026
476970
144973
729946
263654
790908
526956
980910
874609
722456
402902
944441
146840
828339
670710
749311
651844
35139
595244
349166
644319
135214
822198
805327
110223
267668
382826
564585
153280
302390
488799
23474
706457
209601
63532
955507
879440
941051
176520
369783
804377
816841
276113
377071
516025
260634
340584
629861
422010
812916
729593
565595
13559
56601
860120
733376
44567
124693
129223
269710
468822
353959
257684
633795
667391
636617
511135
704441
750390
799390
321657
946020
376433
428664
692137
489640
542727
163971
592200
487637
845473
188113
72012
221376
206413
126722
816097
561663
810673
69135
446835
917440
127452
994356
277641
359878
493816
622648
1163
203009
103452
814810
935140
130250
550334
578521
532034
87480
611333
912480
276026
356001
821565
153741
183881
635377
540964
734685
857845
187232
98209
961525
857683
823571
68564
979535
693153
542289
990280
521535
839635
854688
373509
595169
369707
672444
490051
243426
933377
863219
464057
674663
718690
437664
868947
446173
473493
213377
428801
884702
176889
104375
957036
70653
93194
172571
570051
29678
392898
182519
969332
354773
826396
520680
235511
98345
854771
987278
413828
313157
604937
172205
208549
319755
836837
333603
262693
730805
493012
968390
16040
4089
862863
362329
974100
31128
800701
957931
468077
150276
755087
399245
195007
50860
936137
137198
609972
397989
380001
911445
762501
628214
425856
511289
668941
330816
818597
452992
990714
817672
340905
150547
21468
647843
362653
881242
966752
459133
987087
307481
238358
379909
151468
420134
303981
945273
394047
986182
350977
471497
387479
206500
140683
95915
652871
122669
985655
564474
983687
345931
336723
361419
977080
597563
193507
579983
808325
384589
541841
458718
261541
92088
386433
771942
17212
400087
969475
792303
182241
335492
907554
784714
465211
163535
92761
920790
666756
497308
525925
631854
531248
184470
798902
205682
643494
711123
160511
751473
962605
173510
589485
655472
200994
370267
346612
770201
810277
324083
624580
168323
908116
830652
798362
225882
816495
273515
102707
11243
843163
323545
461340
995343
531714
748216
249574
630065
844631
23024
834485
654909
229367
66650
773431
604390
547371
181592
788017
302228
471242
736462
330228
772457
168891
59842
379887
738223
247001
32140
173982
755231
93487
400697
786912
202896
904546
525506
848807
306939
917102
452644
691785
543079
20041
149212
407027
372277
76579
692353
684028
331914
288975
358589
784343
635028
794427
615721
976995
138235
411355
424837
273501
782886
882981
612305
523509
936295
25525
737418
133630
579076
962896
735940
25470
507939
283141
687520
744037
265425
750255
657323
17755
547951
783128
245524
377522
288825
553528
617927
954171
861556
512027
350058
551924
869236
566048
119091
681951
582471
836253
26404
991981
28866
51616
898596
754521
37926
873361
885499
785874
477101
506547
168362
185488
577079
410697
798373
520712
717324
189461
346862
920186
763725
435279
558824
340220
551621
840500
573985
233252
648640
231266
681467
302951
335427
580568
106590
304866
247311
741249
438269
233151
948114
817234
905376
816790
354822
184838
888605
494656
951670
305460
455206
848507
542625
660489
907131
298675
367479
57832
401280
77363
869824
532443
830953
712103
236764
724916
759505
994637
737189
778244
668010
341048
54705
661623
471247
243777
235763
295307
484086
408202
587521
875883
167553
600176
841136
374380
161395
124685
554651
756899
478720
802598
938435
363488
519677
250040
163216
667084
601590
867418
281910
425690
525470
335183
342003
990893
544353
972650
707892
976326
716502
501854
84951
502312
913168
243361
481931
216139
175316
926717
428052
190392
513700
390259
279403
241927
175674
191244
360578
202931
238160
828989
285221
724439
683548
927478
12348
960456
126746
77831
593325
348686
104769
503791
38686
756095
155415
606851
408600
233722
104032
299832
732615
663421
807154
887053
855646
686436
682532
173143
645911
410047
600484
313386
800472
649358
391464
185057
133489
607643
170685
878283
901570
370164
157819
674930
800058
704964
356762
784137
504506
169358
251229
420209
551192
473349
641388
118312
705599
733258
338175
373647
860531
545922
46198
496726
5874
339027
748743
366086
743798
572668
435087
387306
804055
31950
363529
623643
119566
935691
412700
626855
399189
810714
787214
995805
722409
105507
40599
280568
790193
375437
825744
173030
719353
150354
300554
51315
326551
327419
139323
998999
436462
750141
781780
192472
625489
832432
191470
443037
122111
946216
895522
387793
857868
345778
269111
586032
928545
164973
652790
638961
47706
248450
298138
943888
347469
192001
503588
600119
977899
362777
887754
783432
968254
292852
464079
598730
724690
237485
433070
298157
324016
289327
595056
680443
365061
594091
352157
712158
875106
367989
167887
940488
437917
173244
794786
776387
664020
33636
647175
195157
672081
32258
977400
571023
863625
898931
658950
554482
359551
516249
973838
950207
433670
471347
869258
718938
291299
110872
48387
951194
558673
498384
628324
964784
194141
396623
772074
782513
584114
827087
405432
45313
582319
104585
121543
684254
428916
353167
540539
553414
408764
145161
255824
665286
259364
118730
455283
161953
835722
36686
463853
206041
175505
292818
53818
888860
966464
819856
645880
401038
2634
792278
682043
268079
84776
613058
380157
864233
245538
646044
244467
123065
241198
907600
368378
511095
269935
932358
57712
982275
871902
467168
730400
442766
569350
774671
213333
756674
238249
277459
669775
895951
981632
409613
289300
890708
405408
172930
64157
40166
334904
667054
595505
321855
827575
208962
829136
201670
844362
426109
684677
776822
700355
84642
866911
251310
418133
582171
809337
631829
150204
353258
537908
110312
915834
463752
409478
358946
201019
588188
218028
760455
958938
377625
471291
986380
967100
21940
280724
584806
788634
387713
571830
651373
671581
695337
835118
258861
861730
712458
874665
469578
15965
344747
290858
544397
803609
549786
736982
262479
757853
594597
938989
831040
321259
270897
831315
758228
272738
465466
73932
357388
796291
672935
108935
62109
715792
642953
975825
301246
868624
841648
450858
253715
343344
666602
880757
271025
463364
881753
370120
633358
771562
990256
209124
778886
838543
147594
381950
508236
885899
275494
282940
939755
307048
689347
936059
133752
259520
546068
221453
643223
658116
864609
60864
172902
998041
853434
588441
495305
888092
145304
932704
461139
384966
320657
47701
940941
214443
825911
390400
507559
368029
131471
443494
930808
923565
278825
689559
581684
532561
460960
172645
375017
214241
174256
430511
127285
323964
616175
550811
598728
94408
587306
798114
715602
552470
533021
274564
763785
312611
36686
651037
963480
190778
972742
304912
852967
30071
707885
623327
110659
745447
335553
402141
177899
469708
193267
102458
856310
569533
464990
721982
794980
593385
600548
190353
102527
113212
119719
528310
957677
119706
736225
215128
883797
148360
236065
919485
445164
485482
122147
592407
188571
624551
372426
139065
43983
450728
965436
619047
782364
558016
353114
846534
655630
225062
159835
903922
908814
223581
714628
313774
730478
56564
349702
44022
142417
754025
952243
516785
147578
747305
526878
395523
9391
464883
264719
213182
750601
804442
162976
695736
57371
761961
887224
931959
894717
778273
720481
286217
515252
400349
276679
500529
810559
961111
556111
523835
102465
944259
960081
427953
814278
259353
329780
898214
929267
409712
792037
928623
641743
91014
637107
61554
776168
719772
591435
765910
506851
490494
870091
322394
900516
955872
693636
203522
745814
354020
265425
67115
728023
479673
234190
180416
3139
950109
377143
612997
215708
731522
772895
452305
491091
458319
737418
93912
876469
209213
286887
350886
582453
587746
89901
146280
41746
691083
325904
598373
311781
376129
653664
863434
384201
71854
9983
126242
460966
543962
3197
412964
596956
437902
311762
975206
861449
761177
338039
218544
852792
246704
328737
900075
25574
515184
171291
104697
659186
718912
166782
315038
712224
8594
710288
266011
609481
559752
506167
855387
284003
237811
605528
865927
575401
362422
115217
675764
160231
416009
83534
685564
411684
72474
154956
234282
399787
44237
290920
51599
308344
741732
393699
439089
535996
997498
490677
359971
961933
40938
280906
11760
724590
1229
266397
636593
926710
933279
422832
488830
773087
732739
825253
463489
620781
150813
725244
903526
840184
5021
708330
424558
430680
942876
503186
902051
859181
28510
299171
166630
550280
470647
447117
475940
640506
78475
867424
960231
995703
139502
490820
193097
762789
433066
310095
91139
999175
385118
10118
448099
348161
607875
573108
518364
202759
750410
255072
832183
136230
573281
609901
62120
442607
52181
841555
950715
688572
532306
217462
766125
759712
44101
337568
238679
711663
744098
445280
582085
938086
766273
631742
547813
315833
677604
1689
893787
892984
698643
847583
261618
269085
633064
434537
701228
308980
905767
536689
331514
546471
604101
288304
323463
172325
560202
911128
89390
612911
162000
495403
417805
324479
170411
940471
892465
949589
91299
198318
179697
885983
841756
418022
441110
465283
474199
944169
319095
523469
816209
437178
94116
427888
213897
267365
20665
143803
675999
34945
108946
970905
241944
273734
11613
749700
302590
759493
129802
792456
645220
714824
395871
345392
68935
61766
863977
692303
326225
472707
956365
951020
193591
604674
885501
174923
564161
947112
248902
932692
557162
422703
929157
303203
992669
684035
130490
535531
11871
597884
345397
792775
478092
918073
87404
60639
520698
373077
413998
600755
104570
258057
29490
644679
374397
732638
615625
545707
465234
317005
320947
174118
549005
242485
623693
498686
493572
838391
49319
828903
915827
400946
587316
340870
603327
596246
208731
735904
4824
987879
804266
298532
579511
662928
889898
260369
390407
833121
915853
661061
829920
845031
43268
737508
539758
364519
618541
995681
469232
74614
48554
546732
912796
997880
144717
401080
481312
158323
688431
692008
415364
33871
172704
790037
118763
133420
695608
931070
208825
524512
385740
613645
824334
805132
872509
319106
256303
256345
408042
848894
570118
596
480773
840366
421824
374180
198275
677202
471700
5092
129197
945065
118564
713441
706900
717307
196476
990065
788065
825859
891127
113006
755530
236150
187904
32590
561697
733108
339254
848992
720198
99978
257897
340133
925949
377442
608449
739465
159130
356936
652799
591485
417497
599961
923610
146738
752650
700810
672075
603827
865065
619282
255845
242335
451468
515637
725979
725314
619765
68398
546726
697744
807687
553273
717054
936509
850198
790522
691013
452732
601687
242573
808387
78673
821239
169643
118412
543765
337351
47541
253758
855494
691604
194657
911015
788168
560469
748670
4291
352957
548221
511205
475810
146620
188145
855166
985576
557552
287828
263276
298223
612240
793725
75158
781639
161142
513482
307347
763165
989471
497230
58801
280889
496382
541413
741346
790561
418877
485033
695428
150619
415697
54653
967948
641680
623928
124614
913230
562892
793042
477818
381547
70754
633625
558736
826647
159981
516223
133207
399237
892337
525154
797411
672562
625631
243375
209122
667723
707511
786512
775500
572732
858312
408979
428921
935766
394515
39641
424460
233436
818638
237238
170765
154667
568836
492652
251925
603779
130841
912255
223074
988214
327275
39093
525002
705515
364437
258924
334861
777295
182221
965911
5379
111450
78765
186967
412532
558777
808527
895602
560198
48094
747857
345522
922961
203552
521975
792668
231951
389135
315504
520971
736943
607192
331825
740906
493256
495121
281342
561611
619627
260515
385543
556710
307665
322001
366703
433840
910579
128233
441511
883095
657849
780101
108793
59800
799306
668094
901025
692926
733762
622831
159382
724984
424385
541665
493030
510549
682272
10520
912191
43678
549311
113273
487818
869968
52346
324246
881713
17460
320762
604888
870273
676893
127335
945096
907115
493566
259579
830394
848741
628901
367986
490582
365806
776664
219550
452676
444846
929162
909015
10611
518779
99002
911375
723911
893880
457577
570435
16285
107992
581686
548365
585275
358208
249367
840278
291801
230027
581942
486250
842822
883623
729958
472356
601465
951644
403072
121480
765557
751533
119134
301167
89239
636631
792627
722077
435967
531062
177222
149998
225881
615879
406601
89263
839239
586184
511898
884426
831213
492220
627861
313881
786392
994954
676179
155099
306635
699269
713220
980676
148008
84999
167909
382062
800248
487286
673437
691630
214039
990504
502010
464257
119039
221475
540099
602662
873135
580989
247417
316421
332919
417250
845935
83724
252195
462068
801603
641307
956802
779405
665848
809813
688530
725344
459121
894039
55177
29629
95692
870981
932546
721459
496473
304384
771074
57231
230070
715380
900775
837891
501064
72973
415916
561570
351512
132617
318555
113864
956744
729512
833360
319383
708720
517057
549733
257244
685593
232879
313407
744911
216404
967336
153140
78905
971832
744365
380376
524272
46199
283165
454499
895486
327388
847653
270080
475872
180132
690706
534900
377962
297398
198407
952873
691336
527487
647178
485527
589535
57070
653368
430478
707985
501577
775897
975970
358752
274922
675982
95603
770154
433178
432615
338583
784530
283081
609745
488487
892735
137703
511597
203235
573886
701921
774715
610626
65923
64187
577973
186011
621581
287942
635000
684393
424935
293823
796701
543102
366218
354500
161383
132743
950240
790003
412948
255480
961763
472481
605078
464980
715108
164724
780508
829850
192104
631134
502153
666703
333165
965430
110022
617061
330954
361461
371635
656325
727988
601417
516728
517694
259228
912153
253882
374793
498166
111510
391914
839800
405141
789562
998903
935291
383922
243809
238499
260175
286284
296576
220595
767364
739753
463750
224320
605865
24250
459469
68459
223893
116700
334269
295342
182613
990395
765182
87309
392109
310737
123287
447083
168909
357580
679976
451704
50706
497486
657728
715528
16565
949518
460700
929983
145428
893468
74173
487977
421147
394753
184997
264806
827087
156420
663213
464066
63863
187529
392198
917219
749159
843797
946122
533979
910186
748461
583230
500574
627979
489883
725351
330509
835584
387410
257989
748080
905012
33129
273008
758595
148399
259587
499406
480615
428517
290320
989743
546041
173464
403820
657989
463360
411818
540773
253827
296768
814083
714586
411280
160939
931802
946686
502568
67511
859172
977020
197072
752971
983383
534837
508212
151187
510746
201829
403358
535923
295371
643299
940949
657111
293484
871943
172048
236713
924715
401126
509653
496028
392908
766200
838067
399269
149877
946971
26520
502602
90710
471728
438480
550227
433650
879971
159259
9436
66575
375753
881385
899660
828534
853922
556660
928480
846823
725949
408122
618721
558301
717947
212438
155188
396345
568811
880186
956944
786062
657109
844939
939530
21320
290066
515033
979532
933625
663256
861306
884772
689282
86228
590274
522168
311514
316464
952736
405336
776446
628980
941080
343340
356789
857352
25112
193228
439999
919128
419322
881582
393306
852752
186901
245114
324848
401415
680704
676794
713632
193400
680740
970733
587303
629354
163901
435387
706539
450994
594797
189058
109476
417807
863037
476558
574055
501363
723633
645224
659600
304097
630278
958597
257356
241649
451402
511711
984705
132145
702104
939234
128730
584742
367599
930684
24498
972656
523503
32983
337756
965323
695279
539043
915277
87793
382205
20748
108519
736349
348403
16331
223906
621355
638194
431960
642265
681948
304638
935741
907631
797557
860214
602566
617180
925126
197742
377045
162583
598408
91819
52754
654306
112288
155514
996095
79213
892800
633709
180009
711528
506861
78003
739962
4072
580891
179475
527084
797365
717684
480645
72344
322158
156151
296621
966445
885081
32893
55412
514940
989451
153815
561733
657199
847792
808084
598433
203802
823224
687391
124064
217641
227422
209348
501637
187641
650774
170003
524604
197508
362515
75165
903218
240692
860210
173340
733521
215640
928198
610223
621911
600884
402241
362434
699602
863538
65979
909452
528058
365943
656546
933042
387627
974609
221567
905993
64829
266700
213345
250425
855618
386276
83880
862076
929435
887188
325295
640198
243895
725965
796311
116415
673833
114946
409005
709739
925093
424736
997239
384619
481495
336475
40544
979357
244001
463780
927485
227486
397487
151415
330171
414959
905463
929360
960679
211125
718226
484861
627482
585306
238834
643919
162047
586578
618240
2666
34179
873592
736403
707132
502167
897814
856782
410954
934628
976579
398230
125158
778189
26727
200750
52925
764890
361819
601074
293901
538950
306283
596653
972403
503078
541629
276119
56738
181299
523083
555630
826672
728183
961547
264815
855562
648657
32817
282289
783240
154404
997706
511135
640539
191202
525257
663376
704355
95600
946719
386565
187421
930615
755459
256894
245754
302983
606481
635001
83339
190823
830543
128904
988055
513533
394954
543821
85903
343190
348319
563861
540121
29139
373653
128783
23624
774257
308712
953256
172141
364339
367137
615556
387399
652526
182240
467290
640277
533041
872892
293996
621068
17550
758145
351074
308389
249546
214360
685570
297806
751133
588676
238926
484736
355109
303432
598459
106032
144430
913127
591305
127839
199702
540675
656323
539916
870688
458407
810325
981834
691992
137696
511365
817132
354013
467270
800720
132444
404624
64408
608354
585931
927704
595653
675633
916162
746383
448455
941878
847831
840908
96746
64009
864380
481486
1131
418904
47858
46209
959291
771139
563035
18032
981027
37527
457452
98312
606465
665382
889665
176069
920176
155071
816650
656187
88134
877071
303203
699715
30774
100436
207490
982016
186326
671162
641993
511181
54076
758548
960892
790213
976257
852984
400972
310958
155239
184887
785874
309250
315479
250807
594583
52060
623811
279088
521488
529532
12010
117951
881639
605943
366393
523242
25652
499518
305167
194033
974794
659080
31897
235725
569454
702239
250140
624968
125795
81157
796178
209464
953377
158720
563691
436249
871396
73993
195316
719174
790624
239181
758037
482580
47569
410078
288053
454219
729969
117177
61176
831426
148931
549940
644840
687062
837005
933956
563697
731334
346978
192424
878470
968174
864925
401142
172322
301279
401130
286272
822825
611031
64894
140003
498925
686242
288679
799660
68492
816716
471997
455654
534902
890753
681400
725252
529612
767300
732507
769063
520420
414792
650446
962445
238441
371566
74570
905559
654687
927580
278510
690230
241477
136950
927854
957041
361683
281532
977003
976405
847651
280832
85149
267193
825708
230658
526764
360428
410345
785834
106847
346750
800600
354209
942571
109928
612126
759372
176301
253848
1863
921317
53043
934557
242732
177464
247285
768364
268269
599032
52449
988813
396830
608124
409300
411109
446975
524057
191844
425888
359010
899804
247450
917690
636465
630820
39485
322923
757256
842586
112329
303469
24766
365199
934527
607979
572289
386672
767702
227848
29727
654696
84175
164424
870433
531858
534566
377311
664978
272729
147364
386708
831709
183535
976850
858066
411732
590566
119624
608395
721165
182830
656995
849033
157991
203692
199124
137619
991146
334963
732181
965944
657676
791585
288119
488571
639952
398297
379032
132379
654090
511512
663920
411581
124541
152630
102410
52600
734949
573308
774415
648509
545488
336348
654589
830177
499942
508881
439735
355017
692554
42708
340727
714033
896601
673847
922399
828057
337552
507042
636588
480972
340938
9321
846795
54926
703462
968198
802438
551969
251719
250744
85719
68980
763957
855415
47261
474729
700256
146770
402476
151489
849413
679463
139839
770279
71594
662207
606153
290645
563651
565252
189544
102631
803255
447199
676859
513722
470076
193842
683594
795456
545182
831215
268708
746852
206175
568851
75078
635348
18105
258819
85687
833839
132031
523329
928497
992845
542434
927243
16249
207461
451278
840912
211472
881887
939444
93199
733954
324791
352355
781839
192923
911754
30096
742389
177977
932225
176244
203589
298877
963351
842260
307448
39515
987656
192796
602165
529937
167320
22181
591343
991093
538621
665494
528092
832934
750250
241894
134158
926373
55032
798591
513967
381052
35955
615038
762589
124380
376703
355607
736288
827973
923174
865686
871364
993438
655423
284736
725784
47140
65019
469400
379521
44991
999887
906749
745851
46512
239737
775600
340782
902823
111986
210740
769641
954610
966319
325518
211773
424271
955667
662508
635064
272546
415092
140130
874045
455426
891400
814287
520125
984109
679276
426654
495124
355036
743376
365673
232770
76594
293571
358647
938692
921422
900183
731942
166926
65343
641009
727908
845864
226775
101039
417431
314914
64408
918454
850653
274613
318923
278486
799021
983224
883568
250716
318172
455356
478672
915893
34620
224196
570222
43130
817183
361828
499292
97821
391673
14517
35625
856493
183459
556017
687928
825993
654460
483250
338924
694111
519210
544706
957823
207392
135678
559518
379506
503234
808246
86284
158239
582001
134172
992406
154602
423827
507659
113698
937430
926390
670481
251055
304307
132953
1264
738542
808373
560148
549311
248186
767073
507364
830062
640438
649376
150487
576935
539714
569910
21776
537039
92122
437964
459320
781931
569483
397417
855362
913568
543697
175231
860760
971411
130002
243554
592423
421295
789873
134292
544004
411524
502481
399611
377401
884236
309414
746739
697968
871306
691577
98688
4347
400780
136824
704412
855038
874383
714871
133807
695482
574849
829383
454877
397622
478305
842801
679673
885836
496386
952080
252695
615629
211567
102920
592190
396306
657577
860134
917820
588704
906124
183574
328852
90423
340176
663483
653843
192631
112938
353071
647105
627312
928274
775703
897138
878852
789984
469345
383036
394427
320656
767069
437379
844003
221156
5237
262703
58210
338793
684683
264575
85146
366481
608621
224887
530871
542399
62519
52213
961816
275746
33990
281634
16407
127672
787476
370691
177015
202932
801333
745647
381929
542395
750509
834523
365307
221192
932843
262289
592606
387439
890982
574016
146706
331838
464211
6252
983344
700351
708480
618310
389523
215450
183568
294806
652324
226071
756948
174740
50241
57282
525634
780631
290314
837863
805268
53669
320583
306557
615551
791144
971321
955551
139278
286146
143420
3061
85467
895607
616469
103729
312938
52361
148574
488245
828002
788449
878155
304978
59177
662313
842904
214956
829595
538295
633489
669561
887270
396451
578109
709480
660228
633657
723432
996510
240778
786316
883483
649050
540061
904923
983611
113289
671427
9388
741593
369872
781320
653631
547342
978856
95109
855663
797335
784596
131539
67251
489045
730999
686938
73488
252461
762511
634567
587359
835664
652498
526812
49014
926869
597283
723361
602486
558017
828593
902840
758321
733225
510829
844494
6197
159534
794021
922669
94010
956968
151554
341359
860964
642462
409178
830926
418100
852464
746675
863638
323729
362776
917141
175803
404143
786565
100427
169351
53146
716519
614838
508332
26337
690569
971469
492407
964705
302423
709428
325797
104429
294337
997368
249936
225367
302392
631973
820226
641630
138326
979268
635819
12596
137178
365365
990701
567338
64272
971876
21907
582074
667471
656427
575010
253488
687004
292356
555016
815671
838765
963177
700657
705404
923143
798731
421113
493057
135112
102379
400507
621184
570369
865623
736264
896953
212859
664964
120756
359834
463771
556101
128714
257355
28064
724390
975391
694547
391240
301415
756548
842154
122387
332056
858069
420507
246047
709710
722926
155093
445106
225599
987902
324368
738646
850943
755571
259671
843551
364376
837013
307573
656840
749375
837999
764288
393340
567033
594279
593149
349872
825994
340783
385198
120045
777429
261588
675519
731755
931157
566708
684873
989593
972726
27149
510016
581626
184145
989616
879424
391401
583875
53971
228079
923325
247977
664518
35982
511559
5689
769982
200866
675768
587648
484685
486009
927904
489844
300915
697627
984337
243893
402702
799887
917474
902181
918636
406406
397967
957344
220673
454632
82942
107226
502772
619258
536092
59988
984852
643689
225958
542779
175336
128310
720580
661725
595043
687165
365967
106888
283958
825827
748468
545601
50496
543451
247472
48030
419681
847125
229691
875393
546796
90053
517697
419377
232314
519627
18251
342678
503835
394372
604605
158609
109288
573869
120376
250486
426164
512687
254559
748007
882465
359883
854071
616910
802318
157154
503400
769846
647406
253602
973024
13638
223284
365833
89495
981084
245546
555991
399981
274562
364769
138964
385711
555088
228291
204603
890808
570078
244100
688898
350516
771619
779959
853191
449728
923887
910205
387736
503085
83905
523160
689759
409700
691270
487005
887464
996899
64047
783816
724177
125605
416557
547114
787853
94688
137228
106493
110996
411752
403881
615704
782507
514481
414609
904061
525963
659122
133368
813328
584689
140900
955923
400291
246978
514985
267474
876460
836440
780810
921085
557080
62893
829465
75114
711736
569762
411253
376152
784794
250349
912428
867820
276915
390174
923451
88709
599480
573260
755184
82942
683787
232288
840304
42431
969938
468477
104405
151296
534692
747083
934831
869660
458653
773215
180268
638094
595281
595976
240978
8010
665053
578489
845992
325690
789401
549070
645237
977491
130665
44285
397536
594580
843379
657882
130806
910043
481003
620358
338955
185252
557001
22453
42807
226782
29596
649435
274113
396268
172216
439027
585946
548981
295051
186476
731904
483752
531150
731632
94659
970127
59735
198289
714661
95759
917067
305427
345882
121594
238128
518416
987246
857105
805152
323596
956422
673625
865497
890134
997886
402968
366002
245655
87154
678892
662120
896698
534936
184393
671639
126712
564235
248589
404996
399038
834915
215042
857431
185278
798143
480047
348454
168911
578852
172827
184620
665154
499967
504223
896792
384130
424966
753959
240514
700711
300605
940933
246712
223703
315733
895409
382839
374105
956718
760673
674741
453176
98749
668801
189467
791120
271689
492112
295441
997816
347280
972183
519153
802571
796934
369286
160541
213141
148605
389100
413548
590743
775968
662802
68287
532791
32473
767541
583858
265352
108499
411871
263406
36209
530457
475233
191772
774908
893597
473263
245108
861309
482389
519960
306611
521885
25664
675168
158315
243778
843847
412347
179508
800285
254462
4648
171008
79695
195849
67496
888717
250744
478363
495899
624883
529694
729498
204789
330781
56247
871647
3297
662996
644756
827250
555767
541226
378577
641474
960263
387197
21832
351785
370527
711594
185660
483164
389184
927890
413513
532063
22346
494367
230893
523944
389960
462388
184868
361682
402466
689781
545778
441530
147189
741040
642367
379194
86144
863974
803292
628288
509749
431738
143460
454346
214192
716981
977981
589760
134275
1716
500414
646765
152303
669935
234283
96347
679152
395302
878235
285451
705072
683369
305786
243470
670171
953860
84843
43715
327058
776326
692613
860398
190521
59565
409087
920561
158635
552816
920934
113833
10701
213353
511306
460071
976128
337372
99961
820169
425072
828968
408227
896181
272137
90633
920861
467953
971338
829447
98881
452130
161457
747454
611122
551967
561750
952651
391229
206706
596116
746128
873754
912939
420514
660197
175635
609568
757119
641947
424060
785540
406540
103662
887136
312610
685619
439814
669948
954935
809285
609450
439460
462634
654498
555842
101444
977257
355601
115463
859650
234273
4912
915593
691198
322649
415109
347036
836347
465452
730226
914272
685143
891681
161415
321836
809718
215785
400242
633239
851261
275508
397457
285218
828794
677424
408680
187397
43489
327327
609966
672532
933106
117779
604162
701454
932086
627785
699323
527683
274727
649504
390941
207327
860143
509684
840103
812566
759817
281819
680649
535918
158020
352572
281330
985828
138982
493639
352776
90556
478893
676308
129137
948136
456177
414364
845262
935380
657829
722382
751752
87756
588220
475151
56194
799755
82088
766033
159790
971041
507325
294799
82491
34752
884276
755618
300844
983843
622476
240643
542852
170458
635596
53790
46942
118967
637347
342671
899865
570063
579119
602107
613808
997869
437916
697613
471783
989017
695909
228300
495585
803584
73782
779734
415503
368640
964274
796988
27075
871314
259216
818425
397090
42005
770464
626767
783224
952691
10284
458112
598886
816050
939769
823398
344054
357017
250925
995823
142735
432572
741578
342393
105092
782311
992088
799302
995782
863779
5410
753180
767802
517031
216982
938684
589861
636447
310160
732988
939268
799377
9200
395523
753657
456562
101543
631521
624927
957316
406865
19145
612094
295274
737213
43052
260954
339914
763784
885106
602086
521629
507558
371287
596374
95894
781250
932448
732434
34156
326398
794937
168326
537990
30931
2797
379030
984002
284380
989953
2031
471650
895598
100461
560761
330324
634783
763064
229416
288541
550959
884850
364897
526949
435073
367707
481297
496377
996858
261996
199985
211342
568858
148610
324805
45690
58258
76610
365399
720189
23962
792170
195368
828263
861106
888451
929969
395926
648435
607794
329748
357853
424336
511918
767012
689921
779695
372045
95182
227229
171998
633655
748578
752805
921587
786107
878658
629127
928069
960192
113189
831213
136576
689363
796424
1311
155113
1248
560691
224006
41455
958908
455844
401739
57962
87135
506906
69470
267955
845039
219199
432147
691487
688055
873906
442278
877016
617974
404593
157535
192922
486612
984928
821969
604167
941488
750392
895612
487080
629332
37327
128850
784193
804426
991359
986135
712400
969160
290934
895329
666145
213702
763546
454463
997713
871025
177943
51958
674013
511159
185158
842599
829222
247043
53755
910220
426179
741251
202155
565025
481923
400356
312504
369759
691774
496927
493211
694115
400534
830445
516461
126830
612239
682326
882450
410885
810696
563431
598146
640825
93974
914434
228341
896577
392252
598287
276971
258947
523656
220497
545173
509106
984844
426643
137699
845648
944184
869121
290987
809685
484817
567378
986227
924712
836496
456163
243547
65738
181721
779424
913962
149842
283478
536475
681267
700562
8560
483455
598883
227225
290026
691549
911082
566098
474842
33573
141508
526986
131524
278130
467683
333519
372884
532348
315323
887603
572536
501297
431337
981936
633304
72989
672257
491621
977395
60997
202419
455999
631959
765588
904600
838451
457980
426477
925919
659239
43006
148959
746831
24176
570614
975990
317048
352886
864052
986158
419770
285556
737178
262403
102641
494300
414744
649380
273532
778264
537215
222533
132328
839274
559684
495956
122558
854900
802260
683395
794918
465236
520846
317252
185143
426663
536674
777107
404892
285551
626884
454125
115940
476495
202636
433054
890597
992307
164141
299320
993422
978252
389839
919263
139144
204985
114060
146242
596233
331265
707588
336100
170293
230397
984094
243928
669808
245779
504731
699083
976197
641372
164120
916987
285228
868775
935584
847430
315387
57879
784107
538077
197676
776935
59576
784599
113607
308622
649730
193634
120940
94654
990754
168980
929343
796358
693952
128223
764592
530199
502327
736995
613349
945315
621253
160222
698631
66657
679531
744703
123366
461677
756647
952856
812554
735245
240844
763121
153367
996175
177339
251576
347931
768974
169600
357014
186488
257107
864779
944286
362153
699607
890185
192799
109362
308967
984350
638041
792104
496480
438657
671180
149274
883610
57269
434923
701275
266465
143968
14448
698605
413150
927241
971657
141004
758485
953459
512944
633876
956424
549072
445272
341391
452856
156068
203587
75871
647115
507064
430385
298053
862921
217526
402290
410635
557248
122728
489245
714132
976648
947080
952281
691582
344033
398851
171032
45681
161272
664143
533988
246727
985801
734437
828433
449240
976094
914589
661458
962336
477429
755814
230952
213135
857023
333342
855157
954158
703877
868948
879791
62889
143205
292183
644080
567357
842235
415419
502057
514687
321755
394728
433975
284550
120890
106910
377870
279542
676332
593161
495762
548394
12359
269692
977284
556797
439591
49485
53721
352565
759628
762574
64935
532365
138909
665315
215096
137630
88591
697157
412865
893161
84193
131602
458669
558979
742079
960846
350034
378269
214982
520122
765189
527279
605223
707727
832009
564225
761893
879703
117154
855318
490360
909993
772296
918197
510420
173695
227511
887509
154819
308981
362723
545700
430511
548896
317321
128308
128188
807881
417
609347
648594
182661
563183
562405
717432
388850
584121
702736
47259
566416
784467
804228
415983
232697
429078
720021
67629
592510
514863
67286
799290
273760
968595
292196
622888
282536
50256
160524
832405
230564
591359
163162
706033
305150
864022
787839
625438
90298
172506
991774
822576
376843
962417
186611
508051
758227
280917
257056
464012
37622
442533
229846
749528
27481
151766
501852
279728
425725
45382
288447
300526
787890
704561
596758
336393
744441
84092
912753
99772
820474
145839
728094
594310
491486
325952
453335
811274
252170
202698
908299
853206
326137
721629
661191
598784
425461
215662
496001
152621
471346
723439
682433
218603
165511
502010
261997
327934
493002
165607
286127
503672
850246
990012
579973
580097
95963
843844
925348
272887
743731
943160
291466
683758
381148
583514
642143
58520
753991
792929
576391
927872
959452
437583
386247
4785
541368
291614
667281
615987
695236
179288
434605
151221
267763
515846
374022
760966
343192
69440
14159
463229
745185
381604
566544
857529
422452
89506
635857
406723
227620
854515
296865
637840
88016
361833
632131
63266
65176
492194
161846
341773
157181
227478
658720
215895
177236
408656
29014
309241
822695
644026
514442
216770
234088
251088
678098
575323
136019
154039
306513
259429
361055
940838
105796
867902
545120
306434
804587
698787
4284
484936
233490
436656
902087
735396
102266
382274
453950
256350
469737
788029
351197
114356
161547
869993
689117
422786
303940
193335
145806
284766
496531
538082
88332
585792
421220
122289
271713
293150
834290
211480
199607
347862
899926
55422
317496
395653
880049
499098
855812
608565
236915
373559
982926
544563
391941
34198
77972
591421
611737
86962
46073
617882
453195
276446
44032
995524
756596
50955
962151
770049
436940
299430
475358
378640
909817
502302
602914
795262
129720
557251
749627
259608
691623
718282
661326
409530
303148
579629
964319
70918
787398
590831
605223
55921
111918
623357
206222
240183
344681
220848
495302
4463
455213
478063
456964
631224
939309
456946
521562
983315
605635
570977
135413
849867
235897
902234
90481
249935
653109
23698
664916
991136
338686
11603
79214
700773
145263
652323
86987
282204
66743
846341
103442
500971
856329
938073
375485
659092
598247
274910
485429
753863
327623
816728
56521
272786
742303
508813
927819
576052
353362
679593
427655
572111
301430
102529
794593
970939
839681
432372
382794
681079
592465
482285
988062
826490
218261
871110
731166
821352
464603
588103
715461
934880
157302
106060
824136
465714
483339
821508
303
664046
321785
176278
208843
832087
992034
676190
644883
464951
32346
356692
721503
356684
308844
741645
640768
747808
773443
135900
943482
246390
412220
365265
898591
876064
462021
187233
725705
810094
753458
46950
874611
921152
312796
706173
955060
340349
342454
195341
52826
476316
261230
667111
705695
225312
812603
975753
127434
423392
137353
621053
860325
391108
999487
886879
436247
877324
124585
795323
867869
144458
539975
273364
614313
823216
205233
807746
484247
920196
297829
436531
198792
320048
877167
916241
150749
345205
322419
979140
77458
842240
914714
235727
802740
323093
20503
180117
156992
332456
836821
412798
732250
805002
272127
422645
145767
839360
685931
261321
355015
913072
567652
197235
813170
761653
49042
461943
102894
353041
654664
526179
119914
767938
572330
662388
370683
369453
895161
335512
38896
460663
91773
31439
185875
148147
684430
905131
974527
830901
972734
388982
851545
360133
733926
559410
234924
323120
534732
964859
150117
573432
86254
612169
90215
544235
705902
319186
366092
750225
861977
701900
977786
491647
910677
206480
786205
329608
372647
784346
994118
633619
351455
696621
538464
294024
32993
163859
837898
76900
541392
885570
800470
255853
231960
9882
101918
856767
573464
953611
993341
29380
271467
93908
630641
634754
432082
144806
24459
852878
267839
611751
612624
16158
752256
403730
767792
399036
494342
590075
566688
447703
704338
82928
833110
615412
357883
883388
872673
258177
473758
511173
627938
837834
165922
877717
625003
534404
621286
921845
347186
54087
901130
836853
455281
756377
754455
86409
821278
265125
883916
648782
611330
404171
253382
764842
134968
870225
258442
331792
78853
361975
842162
635363
280846
675687
763507
389490
490682
797003
874631
928738
599781
709113
102907
436393
933949
159242
983575
920694
586557
75720
840869
427119
675204
691077
199648
122002
542865
213448
471419
473917
251741
87203
871434
508040
343637
404704
974033
977360
957491
683994
227752
931855
862712
158823
910983
406311
843528
274419
485876
522750
286946
889384
400582
664770
447162
484105
775252
379469
203956
683806
638271
495588
316863
186314
719193
673946
865740
238264
622833
277970
328106
294644
7741
133665
95232
556566
560354
152658
374310
908248
142306
774915
261408
773513
292898
366380
215927
19739
958871
851328
294454
36182
169805
139756
191230
823855
756564
721980
596166
454259
386183
469405
929523
13086
991162
623933
622736
52040
34751
228942
85866
884479
281941
895786
281803
80944
946734
777617
106961
262206
93069
485610
478005
508055
257335
474669
372952
403565
179538
720856
187222
271302
471252
927074
797915
620435
185093
111485
260931
732499
939713
394986
681130
498370
299927
469368
643999
335326
564820
10650
316599
507606
958938
539044
889341
791634
251817
231778
295303
972953
518336
684629
394340
356963
22940
380555
350513
660668
520671
739802
507403
275922
257868
476088
668958
280027
446895
134010
980636
691365
391002
583911
140682
373371
273353
747449
425140
502833
68263
769839
820737
747981
889642
323217
351649
176786
225561
113858
576866
398506
386925
405691
901410
787887
640917
544874
889567
65494
832724
958118
967083
801144
728134
459469
937467
292607
440000
184508
150238
681705
657812
219946
63114
905084
585459
465441
422225
199623
27374
244954
444467
379536
16725
163637
188878
540831
710016
816082
787953
792614
839916
808847
104334
848459
484028
593950
199309
636116
632289
891393
23805
991086
888469
401509
517541
186842
196417
41688
223737
599797
460223
692905
132712
556898
544761
116059
567506
327637
729840
648261
582807
454335
89625
25737
185739
288465
865506
692847
530886
370095
405138
715869
302103
766836
996814
39029
510296
1627
495607
466315
649756
542672
48561
116289
545669
43860
274047
566658
530163
270407
565706
395351
74903
886741
358017
918569
42085
722240
670617
970516
672744
942021
953526
571619
3247
664302
420578
876718
997349
757171
888313
591757
388542
760078
903976
639352
700110
793946
296586
210173
288372
514599
310705
510684
478771
760028
60230
93378
138720
866697
235400
725408
820087
932297
726960
55848
626761
159184
270261
530916
831953
620823
267563
1971
99364
190113
475975
715232
861446
885032
602493
485920
903257
681193
971850
325096
405040
285321
298510
119529
897345
41571
227921
995625
429561
82671
174374
814143
554
546512
116204
756715
799071
833849
402865
230415
635345
357757
406514
842318
653042
665587
477886
967744
669542
720578
858937
528399
218897
91727
59707
377777
804427
686336
776728
931586
99248
802987
492091
198205
899029
441184
381995
968727
831445
779471
185712
546296
87369
303512
687950
130262
364374
53934
776752
983152
403231
106214
417952
874020
65563
786530
427891
380206
178882
361492
864834
85502
740450
989297
822354
990965
206862
260276
184149
692411
698165
408716
342858
887359
678288
383652
892031
490188
265269
765068
259575
719813
465993
880969
898022
70653
755539
201974
848217
271157
759083
943316
443634
326771
888081
222198
3985
522683
435673
625154
98255
785901
169220
321892
137188
557178
27243
454997
571496
158212
537237
526979
60662
77586
693223
43230
364781
962477
898619
390591
53072
636505
14537
655796
8589
765363
400961
890988
388059
17956
270011
294396
953148
977919
390918
469516
20002
68989
395101
996705
412590
39378
308984
871687
771283
524267
26110
334746
579993
281927
348631
758065
490430
206511
244192
296040
280375
915603
71800
83593
9492
621123
466231
565590
198721
790663
933503
796278
656424
139547
71082
132922
396660
737738
858083
366730
265969
115109
498320
237424
743951
756448
864237
944641
865414
768906
784948
911331
864147
96872
855992
82176
987168
685292
715282
593478
491073
295127
500594
118935
582107
862248
936727
76116
359839
439551
138841
388673
464756
163219
90211
19029
71411
820493
145855
745953
184075
393791
752074
538842
530629
714948
879302
428293
279971
288820
956494
275070
661985
120580
147300
398180
520477
95673
105638
503972
496402
482631
319712
402465
34816
459274
774139
471485
779368
517984
23250
44039
73907
548641
111845
11457
893554
525564
580710
724556
507840
80815
106225
18418
225860
460002
487193
211728
494803
31393
158813
775198
711154
778804
999738
717405
413561
109405
525402
534556
875667
820718
535594
516134
893985
361604
965961
728139
937854
229540
699548
456777
775901
739632
237502
45656
754639
166149
48213
203151
568098
362740
651968
660662
980899
955228
271020
781673
705731
602273
942534
841061
294039
293835
743947
935410
154553
356669
168187
555821
649868
984719
332395
3569
530909
178635
174522
161442
404646
7105
395419
699221
279724
730951
956817
880735
564936
767057
819962
953465
65474
781737
865922
533005
477144
406154
338104
347615
889759
369823
538301
663131
629121
347603
350617
313591
420772
175636
538151
957572
278700
365290
304561
270295
938774
772270
635990
157966
708293
876136
31144
327041
337946
179529
736594
417479
207932
605825
492214
676130
692663
838974
22741
1992
965632
963
404008
90382
153687
487968
271691
581107
907461
677715
88025
491911
803461
926075
472019
108663
612223
188469
842553
2677
702255
704470
240763
589704
405348
975427
514761
333741
703397
340271
805383
237417
255406
525618
703324
775660
909400
907587
970474
840547
984278
836050
167832
649435
313499
778564
546314
35341
610009
721228
538034
411530
188389
208035
759936
199620
364963
812725
713782
808653
465478
110293
743409
626734
507254
552443
7493
233740
899920
273478
940936
931843
746170
186545
94854
241214
781917
652097
721605
897464
61249
192983
568051
966560
988228
204901
332782
169942
359031
101053
171632
343379
494805
758405
177877
937381
942113
77639
327883
903511
150043
673253
524309
75183
912926
881578
677435
281168
959961
462971
546130
501440
156840
769836
24484
157700
424526
73519
485755
175272
819985
828199
369231
872987
861746
867098
509193
786358
239368
59333
946995
954525
143544
224330
371775
613758
668051
13765
179377
623927
407564
748028
50025
515604
864596
670580
7633
547190
329108
408736
57695
517647
879751
559541
757127
543177
929713
532633
170817
311046
424255
189881
658674
130
752828
120890
443642
330709
488686
542983
825305
353877
456395
375305
921406
214489
829531
553525
388526
9048
814699
947710
149005
665903
795051
962412
674252
92033
593381
491973
667568
798905
839770
884775
361659
294635
759995
950903
417657
970392
795521
858036
993000
576464
438185
649189
367941
729138
989392
58033
965167
513231
264230
720205
630906
141805
833042
134543
781459
749863
93730
734754
793611
633585
310765
356370
346562
636282
901512
557895
761521
451178
423329
286287
736339
624203
277883
83348
939313
19268
575814
793517
316553
908799
562394
321743
234650
267500
700240
730340
47375
964831
821309
225460
367493
957525
446860
920896
959611
367956
431223
611886
205397
197488
185570
624862
189325
573865
553492
23962
188598
825266
641554
269100
100590
192077
265498
603338
297184
713809
223865
848813
551667
499982
653321
26688
931731
119879
702091
535283
195674
864605
74333
435118
715994
307085
529624
918883
233290
940560
967560
192124
848970
563873
51848
22132
21396
517979
967802
134082
493761
493056
190945
170287
906037
708886
344347
950856
616617
586219
24318
501872
118995
602042
630541
922509
1460
386662
606230
875746
496126
486755
801708
978429
849311
523828
616317
818183
11566
761742
835087
465849
357809
785436
988891
18286
329097
313500
581702
227475
452218
855591
581496
919290
729563
548941
902747
716878
387030
608222
723890
879265
196445
404422
651987
754849
230698
619664
586883
886378
763696
307467
622124
170869
689635
562762
887485
924909
600609
393348
414558
666146
713788
2844
757583
333911
624485
369148
242204
478901
254198
113626
86655
221603
738011
997661
859858
455149
65310
27224
394351
291617
509582
419764
922790
328569
752396
627501
540570
735858
440690
778803
380408
253371
362528
228336
225301
686537
621348
816361
968291
993607
883333
411006
851472
516843
279917
771147
995068
590820
661744
697457
587476
923887
436093
809519
485840
621769
422304
63657
710917
382463
801073
622987
587047
892257
487069
385735
157727
296149
758350
422778
437445
789831
859834
864620
116091
619774
828101
986358
164965
117322
321812
751934
690568
493658
479535
684638
148862
431210
511634
874019
214803
964441
261201
574001
426496
412504
258533
713412
98497
786046
576535
994577
404949
596217
851015
13067
30290
889824
47897
172673
924770
605027
834685
501924
681822
758820
887514
223847
903301
604830
693143
676415
991641
16003
623814
445898
793494
370469
500780
445836
68944
47050
909617
237844
552232
310178
462881
431869
550250
960212
499804
138960
850758
489396
104288
120263
324777
659602
381297
339244
28600
643628
499171
553632
524137
246211
197124
457272
870525
54090
192488
79490
104926
528635
472273
354853
888785
417861
918587
169702
218135
786848
498178
292871
361574
880576
964977
904074
284031
234087
281896
927315
422828
562261
922153
27755
383512
331867
792831
230241
417418
212494
100747
67851
194111
148886
857900
189034
221476
730854
947594
16427
3053
686086
523968
591434
137045
99403
581412
935569
963250
441705
236659
441407
453364
747999
671582
57347
929018
701008
894379
513639
274640
121266
895562
301706
126601
565087
916597
307590
531190
737417
882050
828400
298048
750347
293064
832061
752423
256474
134828
588417
611095
800026
746055
854547
520420
461709
868853
191757
845091
885286
541053
411888
658596
823356
330456
756900
262351
481370
26272
698204
965914
205043
480214
881816
978468
638130
247888
378628
557297
426800
544445
79358
763907
315071
519894
74549
624273
722723
594787
879085
316454
346592
898663
305374
285081
123887
420330
574588
597477
284298
227617
887058
643044
881191
473467
570760
969197
840001
188234
424195
540998
129169
991629
767275
923592
872092
404822
684040
678030
999270
260572
284102
328281
970692
480671
596631
801092
825999
201780
439735
296414
428084
219500
670923
649897
510761
324005
264099
520430
802618
37932
656094
89851
172161
897421
530221
441467
821748
821114
67376
307760
217368
380436
841596
447695
387924
670360
409662
979383
335072
556073
581433
719184
435164
767286
688811
820733
788221
804231
23437
475965
430626
5482
875898
829027
353925
350004
569767
284464
26765
738038
993296
398154
58944
553278
188852
886939
477269
795334
467894
319497
791399
418366
784037
103821
679110
4273
771221
744690
920808
74262
250988
151916
61053
44022
21753
127315
77664
338356
384510
7290
202089
27710
519054
60144
62047
9551
578833
276819
828299
503070
376229
764363
120295
762150
569183
842026
848310
564307
63535
484830
832045
810054
590945
338769
750159
639877
792768
235550
788182
83010
46997
57903
552013
971974
284877
507575
75707
301690
959928
689097
772025
819602
728878
470548
806885
355479
708748
638907
675631
156559
247132
77141
139856
698826
433747
750334
614555
416780
995891
316888
873196
525842
35345
223522
897020
696835
744369
192306
535
527092
52749
172946
435044
796696
974133
595957
359395
841475
974096
455253
348854
938777
345344
740650
709590
17815
190180
308616
353958
35965
592951
300054
320292
15063
819221
475366
934076
145447
268894
881078
818551
661937
224307
351042
264464
5667
752093
141188
529831
41566
347086
432010
121679
398117
914559
351153
981634
63969
462712
195715
442676
879246
502894
820651
838660
600198
518
52049
502991
11368
573432
670678
974175
74725
744783
366189
641537
136039
374860
971860
903029
99357
787498
728110
154558
932327
852861
142399
4760
699675
659636
290691
470025
256882
424317
469099
801872
554963
757447
810869
117050
210361
663587
585127
11732
19843
874372
273127
96891
760984
263333
632954
497807
396276
494922
627927
137862
36628
659230
605479
982428
749434
604539
987932
600424
71389
191177
963115
106378
542833
392381
785063
917953
894222
38659
954556
113177
343552
365430
493444
320129
403818
657292
507657
900027
242455
825167
791000
530412
125535
761222
262846
786451
414450
203058
655202
731479
718724
370804
372094
818360
363349
470540
688827
313256
905051
317756
761641
343283
202703
245643
133912
483609
673169
216677
768214
891388
404793
152095
575173
580340
476731
293209
509719
369152
734390
457789
218473
771736
929049
591331
618873
834398
988274
356759
399366
103538
222485
383602
155267
762340
381413
983780
335223
844228
633794
798036
638580
479318
828495
383966
567409
510370
809886
910395
813766
44775
870843
638591
804676
681840
197714
78715
517039
265086
694846
146882
99290
422884
47598
655049
62557
828082
882102
34600
484148
593993
507696
736637
932727
618830
744845
810735
253425
485434
52924
216912
596640
381965
52404
219292
413129
922786
835682
275998
667381
832478
325354
964530
297931
489218
199900
557157
484491
181472
787445
282680
5157
570347
283855
852804
421108
720999
972454
802103
796890
744703
96071
935356
892024
351029
276055
551545
775690
863796
61117
835698
340830
957761
290989
332363
898543
135248
216402
87274
791778
590899
560215
185531
48156
600813
789075
284045
989118
853413
604751
254746
22846
999606
347828
17444
750947
49571
219222
756026
212893
597288
645015
178074
187838
477227
185657
294256
922393
410897
763780
513277
253365
345646
228496
495507
75822
805524
347312
721276
74665
694540
890939
341242
27058
479907
311416
783530
841844
682907
424485
318082
613396
582659
147044
873465
65066
950369
562307
579270
49820
155659
752614
749568
81561
422229
263507
131940
26927
468644
56730
307317
995850
343585
503199
40894
375114
245770
799622
486899
248831
220962
80505
515190
991172
278921
672729
525109
74037
596262
417342
581936
850894
871360
797421
832536
128033
936492
957269
533971
379252
965793
949574
103004
426933
688039
481007
488584
509210
696942
366354
619491
759065
793595
755462
934393
133313
122493
802600
155888
618996
371134
706720
900690
898433
950389
731595
73769
776290
401272
590986
359811
174031
613198
606246
150166
378876
692130
12638
621884
326454
347924
696720
380767
472214
115242
530496
403312
309215
461156
944583
964752
3770
125165
250010
110866
570635
171629
213430
796376
772463
335228
5157
503193
939988
220016
684912
4101
779126
890135
573666
64447
350386
767552
893684
84233
611592
262452
732826
396670
586738
349506
407401
554360
204443
998584
568035
161233
187006
748078
674465
814471
350684
644540
378651
488953
775129
980619
519767
477390
974196
473545
739116
954805
8609
653750
559730
661702
657413
578844
68873
470856
726094
751515
897218
659212
344556
217122
526701
5110
833903
413242
457024
881307
878526
872124
507616
185798
582833
4643
405903
402261
60428
426492
287219
815233
699865
883386
356863
7099
67233
704038
193536
690353
680710
670003
702598
763247
378816
322991
45229
822307
39730
640982
261383
945977
600808
154305
907815
996325
80176
932284
698125
957119
875922
640565
754793
13191
836396
468367
910670
581514
449327
377174
842996
467742
577712
715917
400809
217927
832172
674404
126934
991996
721499
904134
814826
960515
66991
110414
155173
749753
509609
893017
400131
44334
435096
881654
22595
262829
159408
486842
512850
308761
225155
429809
887321
460978
468894
924655
88928
766135
976323
929668
758173
107366
784830
713741
366685
848415
689638
407143
729614
588262
992050
647679
149415
363015
671605
997829
417716
620948
193335
18751
880385
634058
810162
291770
913890
851538
463206
692059
267102
50211
250905
316179
391478
872004
191535
402737
209045
88943
757537
321233
646165
39698
714141
270194
306987
885871
296826
430182
493105
555746
195222
442018
647759
4035
767311
497077
148869
777953
146074
957462
181206
558511
932803
302229
133332
423611
615233
886452
899525
462873
743413
878799
811375
698334
691519
718326
213893
63752
711997
350235
62510
91771
504545
445670
752302
928102
897198
539303
523955
535748
831183
408291
915774
523391
853908
668175
450732
23087
466442
232987
699041
930367
680757
509349
43088
993904
849900
74894
167016
16056
519570
682090
592414
511298
290028
658321
330579
461145
948068
145234
630243
481823
680857
899015
815498
257719
432417
882308
327666
301763
185564
465129
227997
219335
57270
374551
488491
535980
682168
743423
627081
867041
990092
202070
431158
452060
631499
26277
795315
849342
196996
126908
653831
188885
691596
538823
689708
24571
752573
490552
227801
710491
741837
368356
533677
833364
6347
146282
418101
161078
805047
699789
564186
35305
193727
621219
617066
273964
613202
552295
488769
15547
3811
521129
747603
787978
351996
960933
443545
181935
441596
680048
88854
624988
47343
14030
212549
515401
917064
844961
836257
940656
59069
280060
519184
767282
87295
163542
752685
789463
686741
456922
549361
175091
563220
176539
999229
691876
911101
613477
844934
958711
144115
856559
574109
202090
897111
706924
460122
32908
276802
388800
434853
957249
377310
409872
835296
591202
749601
578034
359924
648449
12776
929412
322039
454665
335340
373464
220855
793988
155619
395533
332710
120183
179317
591993
453729
245096
504153
746050
790174
353344
612236
974412
945330
557835
877294
566220
670973
498715
990521
326331
883059
184909
170462
203111
465543
994467
772542
858595
335030
211664
797569
765663
960557
35859
442775
873170
112407
918139
946121
478995
485319
821000
564859
717384
252159
826290
623552
49973
84891
497923
337306
524278
107229
885407
780237
704072
119766
537060
724702
618113
164077
406892
534317
130208
218575
218543
360172
753407
801267
985990
755963
751333
396808
527946
999458
705976
519038
533083
646058
859983
353134
541245
649368
575462
610343
868380
494343
654955
868118
630320
689825
974453
201233
949499
522809
351252
252288
429295
216520
436163
983400
837486
940547
714938
926613
719017
796181
733024
396708
336745
662014
688606
38379
144812
208392
722191
957509
370791
933409
523219
498365
669931
226714
192579
432406
76002
591611
887166
246708
24696
922816
597986
325547
550742
528821
449623
744291
38089
773673
571781
890660
946241
439058
838950
742212
997174
535037
608565
601834
343717
441711
669893
369150
719481
82206
828143
8879
374596
965253
85540
789600
419052
158184
274337
979632
291043
227812
910976
915044
226638
132273
635626
343156
535111
927224
649066
896879
259518
935691
826397
142219
87994
853893
195462
411469
71997
676672
846782
970641
429318
79212
174088
399799
985136
47570
919298
830570
201464
960998
207864
500942
49116
675458
25107
911621
665566
646789
99503
18142
273448
521095
989578
869276
351625
982263
986327
154078
458269
624212
805427
467824
328715
972612
854895
2029
291881
149524
995467
615694
142522
579917
820612
736852
317783
969583
795333
194062
817195
648653
796985
899463
58391
405957
758592
537424
114423
697305
572863
96421
807292
807343
837458
901951
329912
287905
80285
664886
911417
44930
286784
977744
924556
458158
501672
261290
595299
700109
512578
612481
589137
312356
10635
652829
183857
184215
458884
39580
736295
310527
540865
7383
908222
322852
634463
532595
870833
364631
497429
605446
661189
555951
290596
454883
905491
742238
215080
594948
480420
678703
325585
550867
506869
814750
345963
887125
365913
363283
34904
693555
341822
288893
820000
440743
689863
982151
428063
618303
705113
358394
9180
685969
670130
729455
750906
822524
983219
419439
209352
33878
120510
432361
999027
447415
789882
240079
824219
85985
471219
910413
696130
45515
84831
533222
591073
921736
434363
362669
772117
990233
770708
486622
487287
464652
657890
548759
754505
888526
116879
238774
96459
626836
307157
312592
625198
288482
501956
7882
501408
188599
408803
725336
415110
187029
616559
341008
972168
670448
543039
152106
841349
127347
861063
397654
248999
320233
325563
566458
66386
771022
177355
736327
162358
501875
635085
964599
330564
729736
949753
909605
754302
853641
618701
904904
986662
654600
917457
998605
323608
963603
367221
272657
242932
147969
546326
986744
973491
679710
541215
592621
897243
335280
195852
211830
618189
440614
956746
571250
78780
331612
111163
495730
360824
893453
709973
737778
520872
842774
848938
541491
913559
327523
878658
716342
17445
851960
635492
15254
512477
836254
669620
173251
106471
407528
170614
809623
83028
670945
900208
104214
501271
454675
730222
457159
410963
5814
81119
105577
78991
417972
617821
111188
169735
977045
117514
29486
898076
711948
150229
45958
140651
223069
598684
607760
641018
115113
591852
1789
40015
972824
453795
768118
307931
138465
409079
906166
881236
512441
689871
97730
645024
344021
346255
62021
742701
830878
865457
286284
726493
300721
323279
246938
151263
342863
557245
305769
893401
741992
622930
306494
942273
937087
326600
451879
274443
672953
13689
815124
137788
976840
870793
967376
691166
908399
234211
17370
704332
740209
96347
966244
996141
249434
395955
478887
473277
284073
982393
101153
73543
488536
901646
695916
939375
151818
310337
52924
227947
186192
880345
576821
70354
443352
720498
399079
693389
745715
114878
388327
525162
712002
750125
353419
683023
92924
669159
283713
986507
245533
243574
101644
238152
197614
128577
919261
122781
443630
966131
932490
191104
473626
532155
402413
154841
293918
79724
52188
659121
443672
766148
612928
252297
992709
120777
552084
171207
776650
771727
156540
472779
164257
899863
201343
301216
337822
726482
966307
391823
562845
149123
636260
975437
229130
483778
873680
146772
438605
566684
448706
703183
244368
33240
537657
884462
401390
181972
729876
433114
338169
600526
137260
814146
868008
912128
325006
963668
116508
672290
413331
969480
923597
570579
549854
933078
583125
301394
103986
637960
607513
207270
104109
54057
615504
707422
454117
463965
784881
526771
657246
820874
413757
125065
881701
147252
880038
708500
884300
395239
817243
563672
393217
924237
369585
583368
786957
223199
558767
554704
380583
956600
845622
632878
2674
559366
47755
830331
212570
947545
140611
761352
958022
112478
919562
798435
725306
428261
683215
786489
318669
900893
619920
792789
546049
341730
347581
972231
659460
622381
220747
540512
121282
152618
723480
358745
897509
236135
689334
558163
88746
696040
246999
865657
74529
234391
878035
800065
586177
404888
734424
299218
880869
404859
357870
438272
528487
502475
204709
581874
733080
915075
454750
94565
959641
457248
234484
146249
307929
771218
821189
582281
694827
259276
575968
138856
41922
140859
680525
852103
664396
449939
709427
949379
539817
272068
175850
780731
954567
807499
442526
786351
563100
377062
275996
364291
209918
925984
891644
896675
505058
615562
424107
626050
676399
845194
229396
726203
428030
820621
782571
514776
948017
351000
759638
998128
160813
659772
575992
503786
960693
644648
382298
541536
466532
257240
735736
964128
715271
392235
961894
694348
63957
381459
299037
916321
806411
469734
26855
920020
598760
689233
417122
506328
129794
477995
450292
98045
254020
977639
880971
100402
751109
937380
597775
17259
974405
385119
520359
895517
337350
604360
514341
864870
985733
480818
730255
763850
61331
438115
780811
754649
567253
428939
322214
789356
781524
906898
30657
691981
483970
525194
568792
415670
669450
699652
981168
459698
869522
227582
501277
914913
214672
385978
24301
150039
804422
66409
87285
667427
28891
441478
141365
375532
332120
181440
806698
8759
455483
274127
549169
719622
263675
237736
188307
362203
218074
822347
191089
600731
355296
718522
559181
248205
629689
750724
758578
897857
845613
83327
198594
461517
199927
821395
563034
153203
184965
835379
961251
532575
461708
365095
784248
922635
207876
478789
950127
771973
766983
767679
799110
297545
293698
374229
842732
556936
226389
40299
330985
918282
502541
237877
402410
471279
689915
744078
488237
120465
957937
535913
174725
262661
703192
688158
20043
39297
474673
588198
898273
486167
628774
560546
203812
751903
156044
181653
236205
414451
771192
762227
457348
870420
984059
76689
49187
809195
393659
411643
71074
958249
887727
387108
312131
695439
572470
815416
56092
368778
580757
476750
953437
130550
208715
138809
792509
312515
428435
452286
359686
66549
297078
705631
880761
668293
759946
434198
648479
613669
406155
535901
52397
148065
870547
311018
648915
752481
4217
937849
94625
453835
235844
812929
791702
383557
684363
65928
321415
151384
860842
801746
294569
473136
758306
756725
529019
581567
896334
473992
918418
363842
491070
78138
789634
378780
202738
615934
499558
213982
523829
860260
508941
584104
840019
903363
791105
191529
727608
20755
190645
196225
72742
62295
678090
412360
133778
737591
293246
289448
670236
163947
479602
299877
397162
702356
437910
734461
875872
754021
667891
536555
902973
923134
260500
286981
229205
681753
715538
411269
141798
747805
257787
649444
35098
451856
137630
702242
975577
199402
104118
662243
394311
796164
33329
821363
960673
330991
187803
169258
808431
206369
911852
790251
490983
815243
327914
286278
632606
227974
433788
236221
221163
686571
644429
181412
876186
577857
159449
935714
922506
722577
629271
397972
200612
6102
569795
409424
317304
577617
687111
665222
599286
204601
426181
430851
473349
764110
784644
383055
616643
591886
23092
278903
378138
610369
113951
710309
112827
697583
199087
562091
207866
433010
653846
1118
34566
738406
191453
657759
252995
798460
101005
840693
766790
383662
757812
191382
806060
715341
823188
836933
986135
49206
227950
338836
558407
976931
246054
921675
238161
395101
193491
703969
34110
312655
245733
551015
411714
744630
384563
376452
729686
857397
774433
463643
411573
401989
157418
743497
305968
758986
558800
636874
573871
629376
917917
794043
891141
706772
993236
276410
636718
998351
896569
33129
39848
693485
956794
361426
97259
125772
807801
92132
582597
673280
983863
742620
44822
41923
527198
190655
606310
191946
67115
272451
954718
624563
384310
678030
676010
222361
288735
340246
856040
732938
649175
316455
568333
225680
390536
429763
450261
243180
790690
235363
228964
931681
520195
326428
676734
630316
706690
651293
464480
245649
397529
878229
178937
403344
119532
445745
89032
431415
585466
19907
336403
394065
841695
922750
60993
865660
871171
613982
272405
805080
87459
855204
679111
513563
550330
532351
554112
972098
838475
673798
934962
835298
722382
525794
266515
656477
435317
974089
127092
454639
544537
767909
398978
108008
392838
130387
252439
920116
250207
377094
125182
256086
20592
308428
140738
186483
506127
544745
838001
218507
653677
257823
247346
268738
43646
659983
302464
881948
14531
506105
467522
748552
40304
981472
143049
29971
953727
395849
490533
142589
108753
95841
864228
858665
265340
541310
212968
914605
768373
31486
832356
182858
222875
321868
745715
747957
904606
748161
809493
498324
432714
58662
402822
70852
864052
49944
216125
811351
62783
775941
308862
755227
352075
355218
125724
593941
56636
411487
353487
45709
214626
345250
21933
525571
692234
195440
853257
764799
273504
786266
205285
968454
31423
773812
239508
259113
744215
14577
460401
421623
25914
474410
189685
653906
814339
519741
801017
721759
102371
569682
320969
18903
241929
338873
341089
903099
66798
426671
196359
100004
366778
239936
988100
231352
146838
570118
255744
852024
614287
909519
366713
223287
263843
25885
579296
473126
288300
159750
790352
709130
820966
865148
406956
498382
555295
438503
251795
633268
848186
876142
819331
938471
676959
940501
588743
562669
468163
901185
188510
105720
33743
682454
470250
852379
966512
440705
28433
350618
467066
999540
719834
350713
245568
290186
478839
947414
43408
954456
193717
235811
929937
362383
104206
5571
997823
434498
677929
6009
199688
246850
303596
569227
796458
37400
515560
116498
183291
617822
551731
892577
635522
681146
570515
850704
376899
451448
398678
876836
118169
891587
622271
731548
482555
526464
607707
471771
537185
581319
460593
255981
10367
589247
395799
197943
993264
661653
896545
721408
13294
90521
309877
267094
181694
633077
313338
57182
45097
825354
192175
939260
111524
449705
561112
307930
300689
886890
665874
820313
2078
688813
671240
554002
259467
392491
513982
638600
574218
765111
158987
676908
692991
105879
977699
804107
697895
29113
23506
680536
892244
78036
767685
751762
616662
568540
457603
979793
829814
961121
968953
541747
895516
981701
59570
496029
213136
384664
299365
868080
522525
845522
460584
224266
8402
331116
427011
360502
94434
786715
474975
123121
385515
507306
39262
246490
743699
803187
474308
357685
512463
821561
132562
742875
407358
103141
261299
163970
604977
936923
138768
402149
45070
694329
465534
325968
205706
654508
824855
255306
257683
17710
406566
808798
669584
601440
835260
181064
397120
875327
555679
702841
647423
282630
167842
476615
996519
921825
97872
866932
419859
168457
664898
343642
406463
942016
146192
511920
257739
589035
494820
320635
148446
983559
192618
29523
651879
769481
360355
320080
585535
357270
687577
996626
629803
600156
783853
724010
571773
747275
824588
688681
395929
610228
99200
161986
862549
509052
837795
865758
996730
993852
317998
475709
467944
617145
136751
854596
873173
148411
50905
669799
767222
99788
927925
282611
732022
424911
224439
901048
398499
466234
618027
550418
633832
267441
473422
240212
689909
286016
66041
547152
560763
371765
121080
245636
306195
581848
39354
73316
741822
647240
918304
318527
260679
923572
950328
350161
396485
137650
257475
403174
120381
636287
44594
530726
407780
338900
275504
735041
896577
915553
922073
68663
771889
517225
153160
221508
972484
478905
617101
167591
938885
67974
416510
108174
978392
21794
456932
978080
938363
987355
927510
772710
154222
500592
350116
831639
600175
433201
679850
40958
577823
156338
883268
461450
827968
707627
33312
981618
357280
977583
967278
285251
834063
947143
666741
133511
938187
175339
620607
454356
760061
29212
297269
936686
617948
861729
665157
420122
952560
212891
430847
214528
855025
381575
279551
744571
828046
761488
754181
372225
345417
577295
47649
857770
876287
408800
239049
170719
548742
581026
363661
950304
590255
480266
501601
936753
566314
523812
515033
250274
260233
666280
827124
969978
74077
241269
336335
734079
742268
672621
738106
380261
407908
357932
586664
571537
675002
319845
421888
482696
574571
525211
633168
392824
620148
874810
888417
343971
857916
11984
278245
291748
415902
839915
744589
53280
907013
328207
732151
384650
84529
627540
883845
300178
81494
911194
107337
114347
925283
5866
754204
488247
38688
801195
610958
256466
729712
990270
243127
132984
329910
860150
433260
8084
593236
166007
243854
318310
425743
40426
700220
627599
193166
468058
633128
910972
273985
612974
283335
210029
605407
654851
405282
291681
673927
259429
338442
435360
62088
736363
329000
208356
440508
627052
335474
321125
534159
668769
863610
534336
13598
94553
742817
454019
50874
635219
642280
110871
842891
240251
474151
428299
567313
732356
555478
174393
279238
748702
243400
485911
269728
716629
445624
390300
997170
644102
102652
312780
8754
347454
400278
59106
52757
39408
405930
43354
745366
172883
408265
13144
130646
281878
657899
831800
621534
829825
173756
365107
337216
124713
212429
465706
461531
302287
139755
667026
156348
360727
677709
510973
575138
536416
791846
628801
292890
453188
52251
908167
567369
467373
401679
368754
125960
175634
314265
783913
923817
844493
959639
804803
791320
198683
983580
561422
501597
862127
744964
226620
443518
839731
516329
43755
799362
180252
749614
464527
734032
304424
792568
345983
716661
628535
350397
64600
679876
304579
450356
691858
594583
977982
903980
641245
247860
236999
535609
411063
394508
988360
295689
886349
822749
595439
804756
566923
389750
798534
650738
208258
223386
800305
317382
678389
514622
835780
415704
530368
831597
174398
994945
975974
607372
393510
275775
234550
755895
335489
830120
666136
989513
394861
368188
268793
524923
418334
465939
386833
242212
332914
440309
430029
246238
980530
17736
444382
904713
449447
519076
508382
607273
677079
753859
810778
589995
430171
64276
55872
528261
442846
713838
829926
967482
360436
877666
342708
23613
993428
597737
644144
399981
102068
761532
644452
652799
347583
457219
897326
361338
865142
77797
895588
124763
790304
831870
641249
280216
992175
879854
802801
756866
225969
912142
688533
852419
229999
671486
776115
769607
635942
215834
241821
957048
737119
931915
800380
840801
628077
2361
292633
53940
67971
858526
915847
909734
944943
99382
569009
410488
658679
408275
571388
369105
2703
797197
599768
51015
526195
143958
39656
105789
788007
945067
964876
843302
192201
762022
312583
226856
668624
33136
158930
550299
282595
337813
331644
263024
410008
92912
382908
247215
321415
192901
342997
427608
680011
796397
472932
335019
700693
130860
969353
875268
534572
982750
82736
618782
121029
318352
50235
140856
913722
148332
745486
644244
68458
566092
18806
675804
149486
476719
73974
591776
608307
3017
815216
242170
628729
59060
377517
835283
816039
890949
497865
209854
43848
624890
372286
535169
41190
397967
900107
205365
567233
951023
518528
820675
863660
571335
515241
296014
860165
938231
929365
854319
220431
562786
678401
968411
531054
665317
522662
929570
514366
720036
296092
109904
379792
351808
107177
671798
733633
816421
770219
392771
754105
959743
833821
230539
974013
397004
514441
89770
997682
193677
45258
720130
283887
899030
236285
206047
393533
675013
349188
289212
367598
782863
714102
40991
271830
672886
238887
855263
880811
799894
651855
181894
398389
968927
10969
401233
10737
418013
333002
472276
820040
263987
65932
757946
451495
435175
923159
83882
238459
300566
959675
688710
998154
544840
17931
1805
903793
498014
838377
686240
103542
830888
638379
490466
232329
84115
845607
940600
838748
938176
741153
535600
99227
606191
825421
686269
404938
351194
681474
893472
124283
207262
595710
490531
613864
905236
958416
27136
914802
620991
631398
735454
40311
696221
969715
543547
743754
690080
876156
492709
940882
745527
349056
327714
203136
802501
568194
581615
433774
558899
203316
725861
393489
68321
34946
990968
280667
479287
701304
63962
66544
925850
630864
879549
54210
603067
648092
583221
483467
642761
924940
72763
743654
73030
807069
826510
943691
719351
621471
712051
185957
426869
679456
624286
53266
345505
551674
310377
609526
418229
474934
962497
187900
541621
59100
936928
753387
817412
399577
514228
343648
845074
753611
268255
424366
778803
561771
834264
795278
224139
326423
927150
429829
833318
183355
223597
612561
128292
764507
242585
246543
639889
128256
225879
73388
367187
367165
763627
720901
83132
821341
874524
934622
46528
796716
851956
647036
931712
491358
534372
781280
724740
741151
927940
732896
772360
242615
3767
372067
747629
531225
34221
711864
368272
988170
907522
855187
479160
929577
263619
221606
367273
907423
839889
128857
26709
329699
613983
328741
420274
31402
615702
378066
528359
569834
838551
439499
288224
12682
350240
268699
128129
698024
803080
9094
181814
496390
267108
263558
295401
803409
826444
824097
385933
694800
389944
801443
67992
107494
220163
203965
712205
663619
993810
923578
794231
510829
76110
147034
544625
507175
908236
656653
104162
59451
755598
714317
952391
178345
541539
811800
334121
424428
130217
712265
201645
738917
89971
443474
197642
659559
289477
550169
990101
444062
518012
690540
887416
249180
5963
546465
738433
659394
678496
126606
736022
427463
977956
672097
580423
522408
539938
935006
114172
556908
502783
879220
339725
291283
583207
684474
333616
571866
432393
260427
405069
410670
373432
366138
359150
900779
862450
114228
17682
727887
825214
745137
557281
591039
222510
301910
267897
962230
320900
53355
69158
311302
968369
912692
557873
371916
117176
687726
167055
556149
57330
332007
353658
964838
952554
229050
779230
486477
4072
233831
923753
114946
872587
365003
593285
417625
686095
446144
136546
965638
628399
523795
798956
30061
48612
760926
683804
864006
813195
323842
301291
375274
72612
447299
774624
165052
938103
765632
227658
54070
466897
266957
641674
627279
515436
355631
605192
616198
103788
344883
253126
644878
57094
581675
720593
45078
85563
639110
8019
601524
518978
864395
389190
203053
971012
905266
436291
27235
757313
434399
572921
215772
754256
407100
454457
953387
851139
888113
490669
387453
161577
668611
32553
473410
329132
138054
474777
368693
319067
687360
908122
544458
757251
355676
879846
643956
809782
547144
341863
639056
345645
418731
23980
751793
539145
31750
423801
197576
192949
189478
812024
88432
479208
644995
113550
524052
882119
599673
928009
805374
747751
30880
832053
816188
937328
28874
698190
318065
344349
98072
59919
960821
798239
880697
919849
341994
472098
902529
209423
728796
304615
671586
128174
882388
944656
276297
579450
330042
52218
511895
283172
996964
384644
977210
160040
926591
80943
423080
664770
622296
286430
150136
172864
211400
716348
948380
145715
167418
32572
249407
278271
824474
830843
839991
388626
821340
298627
69095
102449
267430
535721
675252
785710
339547
910870
33890
843702
275525
261986
512010
299399
475102
232156
750650
683262
555196
55974
73513
564622
221654
904061
317333
539789
858103
534615
815803
614952
881149
809061
501810
498423
44046
60216
732133
636395
833881
469248
775787
923876
940164
142255
92613
364960
302839
583803
860787
54477
21316
89731
24499
879487
524786
425417
215191
632700
249125
181278
153858
676981
109163
810139
906431
172496
258853
621643
128957
434272
291088
496230
303915
440054
677295
155704
595628
278737
493271
141537
968503
594736
913111
485365
413263
543368
981761
533187
259865
376210
309401
843955
535519
872828
593562
945737
571680
975167
904351
643526
515793
826192
635445
406317
684724
571376
176762
403171
739796
263902
508977
303215
793818
606317
195174
333986
275727
132784
692408
329232
138991
36241
499144
339388
398054
21889
963517
630226
293098
498249
717361
603981
37812
235583
300795
798457
431836
718293
627993
999378
575312
401228
598714
352460
893680
329094
756262
393068
284234
736568
840459
106643
987053
723390
95781
52379
634860
943432
358216
697370
177265
166898
276621
68548
645947
666994
403927
384109
582709
332138
988609
842987
789172
388254
135974
354778
842829
132863
198732
311865
301009
324134
99629
451889
894631
24156
625124
890678
781316
931798
926705
397382
860233
902270
850665
772559
299384
237036
11581
117165
621524
750771
17060
191761
595989
231384
457384
723709
183429
53086
20234
489835
759802
711037
102355
968782
298288
960113
319929
144816
140674
100846
698474
483962
947397
998512
835895
11218
507394
264753
537248
980126
578765
102260
72760
209832
243526
161791
975477
264218
532460
993637
707478
499240
355865
824065
941937
398796
705502
435071
824408
896621
460987
208660
17575
714905
416635
570382
650605
111921
410154
441221
460533
390372
624180
410865
229296
320083
554652
353429
176832
435156
490581
338394
418467
526291
949633
145398
704634
944978
431043
173707
409781
45264
3011
933260
412894
795528
693822
346010
768254
279696
264326
820205
431024
779042
123869
156589
926208
561336
731178
479329
861886
703440
610646
746174
347877
990927
974982
619809
486115
475842
152053
82777
952133
169407
806316
465051
933825
964586
789729
285016
304799
426772
820458
561004
858244
18941
256156
520685
228188
717946
128708
135396
15395
953778
233089
289112
844433
636098
381309
930245
85024
449216
343750
652844
872251
6877
601101
746500
954820
859492
11193
221646
163522
957023
170537
303046
402470
181656
124293
699189
492024
872445
777023
455332
107875
55517
479084
258027
695065
312015
596537
981735
17380
199729
664651
266249
903179
999374
630775
897739
59805
540377
250011
882302
799325
469142
905623
580096
239049
307224
493355
804297
59209
410469
387823
658468
674865
1397
332585
474746
612019
680857
187470
688265
338916
462585
222424
447476
303401
193078
571200
322101
199230
342510
362457
699182
414685
972553
447964
517923
117472
860452
350124
970753
801558
75302
305064
908930
170719
658125
337682
681862
344849
935281
755540
777339
207489
215985
381385
786041
229884
30277
57819
371206
675592
194528
39495
805657
611794
700897
433126
62037
247234
842660
158614
897652
662202
902772
300553
295231
693036
381279
599530
367801
196565
328803
927271
546204
505370
185220
400351
678651
54397
95359
145898
825094
486076
677336
589119
197100
478022
654288
873030
791707
325723
954099
757435
974755
567871
867725
553403
738744
959066
276028
617391
50902
363823
636513
223826
37759
545975
894896
474272
441952
289945
359207
617757
929169
202121
314460
227070
268283
70778
712303
974904
160661
266433
285022
663972
324999
863560
738678
901324
806511
681131
85991
330005
787457
894514
662641
91912
561545
746092
824059
680574
419852
913444
204290
879016
728908
125123
194030
222265
777003
700674
272896
31280
41575
919817
743656
413061
108228
426089
713076
150639
270215
625459
614050
402832
655518
439539
585878
874175
39005
705164
637415
229487
765539
282161
256723
724800
10523
612797
246931
657442
14366
183920
646666
366050
55158
138247
480279
366675
106814
127927
468873
222298
242853
928517
934002
791637
403985
740933
763796
239848
294367
830765
694200
301030
997321
107924
376798
12185
565921
176333
997071
118319
149050
203226
698638
78721
825126
529423
955053
441536
485273
354565
406395
968382
112620
345335
113755
636375
345726
977404
229232
99770
192821
913569
208564
4055
619490
564130
842344
699943
485698
213765
431334
936787
653793
880660
922130
725698
16794
899381
44655
346050
773241
329383
45133
874002
983297
521307
503968
227209
720201
356269
391533
133095
47681
66621
607069
519287
713554
685615
205108
971613
542115
259131
469403
89730
425145
984177
915417
418776
901110
447053
282336
388492
336898
863922
356932
968136
369863
585287
988039
300834
751062
981035
11535
216612
293095
966934
217593
233592
45437
999437
758214
725872
338472
515009
651379
521072
698020
378821
225063
795257
800415
295594
685830
696402
269976
497402
352227
397844
884259
478733
961042
827155
75145
128906
446810
563876
523852
690302
573577
672720
692104
448530
840162
633876
162932
606508
490674
701201
620808
13477
944897
470678
477881
742562
169635
974536
544288
349073
922798
433452
594616
860866
975686
257105
480902
222175
654291
734237
768019
233994
918868
490674
216853
899090
684493
629308
641452
880273
332124
609625
912712
315812
910570
297766
826919
265096
512444
804835
710652
588749
682857
235202
440043
331642
862502
195409
50929
176830
815997
286272
577633
665358
589533
28625
749577
620703
7882
350941
546099
310466
137013
373245
959623
991959
518950
722459
216846
891119
7061
935893
826641
522050
354073
632650
351584
845193
451640
469061
999470
477754
951069
980996
966682
376542
367335
610340
262856
284816
823773
148714
369774
433428
126144
975024
894123
234385
659449
266282
491345
227436
116402
983636
418371
712067
247041
18362
330618
793923
219838
751587
979426
147495
503733
884187
454561
514189
291959
923484
138551
870518
896331
395160
670784
471066
800770
938406
532247
981670
302888
752966
106837
402900
262934
834066
185463
330212
253989
352452
266141
348476
571709
550302
567983
957977
368523
214714
218458
129713
961233
490286
962936
154087
838167
491163
602062
901162
501439
180243
810734
422955
620534
112356
538109
21305
140551
842757
772751
543482
970633
732380
840302
501064
529849
585834
221754
437669
153058
26580
220394
308317
322808
871247
710448
622199
495557
660710
112123
765463
664827
388523
728214
554291
858791
961272
209390
741936
323399
736417
736113
98200
296562
688056
394833
233850
124661
247227
410535
252511
551039
22494
828725
633060
372082
860081
410692
936185
944729
825519
108652
875636
651193
535906
688754
659539
260416
179893
241739
837133
651866
762136
91391
358419
164771
845962
180073
554216
611255
439302
769627
767834
83620
495500
192286
176732
308865
477130
982038
852673
710232
399463
483140
306071
949694
754541
218534
130590
577860
846865
242233
181283
464582
702239
541087
187966
847840
900358
401371
589668
902401
276670
332664
82154
598167
591441
880073
148887
312874
404941
384972
80804
110725
97477
294376
817234
209038
608318
313814
826600
313015
137213
942172
896712
352845
522347
800499
705389
647982
117026
131722
484228
893976
398934
364771
176547
455516
313955
789916
234218
516337
771374
458376
210293
892260
696955
812988
435067
744109
595595
96614
288902
450973
29936
197206
430991
917684
270575
634337
915253
458064
431503
152602
419866
875647
518084
727169
986842
441909
399347
486200
37033
242585
309474
206384
190536
956282
264574
561315
91748
449695
500295
938170
396811
920187
174620
32718
225739
278271
420639
960075
663273
575690
563524
79281
988475
997564
168827
842100
754915
49320
934008
126724
700712
441767
413915
990183
553522
793353
368321
894209
873442
543015
71590
602678
977228
644756
757045
51110
300498
1202
171759
112727
951454
290144
954867
316209
590779
207825
109359
836386
721041
833272
743588
884001
182331
359839
606927
981072
900359
658775
853049
960699
780361
811466
2909
277054
789724
708652
269105
720834
977142
781136
290579
725415
256935
885911
527185
493118
185774
245955
925077
474605
964536
237162
106475
21110
571446
888325
737265
838609
713369
323112
823258
304693
708269
172812
755870
588278
530831
144776
179586
674504
552077
575007
524351
385825
981912
320946
263250
600381
197928
721622
380831
81595
265325
912320
689987
363877
292973
598301
882997
166349
784638
630014
483735
264786
360546
256945
167199
55810
632058
319595
574684
757913
527209
422177
327208
646824
5382
903285
771689
637777
127741
569485
394371
607406
113795
988224
392606
460306
92595
167722
209359
258087
904714
178015
605669
529462
865339
718332
416915
433478
626160
524377
568565
317083
305055
332634
870272
492832
365956
511589
478923
27935
352768
236462
241972
132524
578062
1965
343536
169058
586142
296753
563123
523589
880336
162447
687096
7751
872334
635442
263150
715366
307142
129302
847167
974578
508035
730320
783101
774828
562855
944837
935403
346954
730119
696059
934310
195416
933987
97996
226543
386104
75136
500086
218261
851978
197860
955792
484099
822566
354606
157208
638244
769542
7567
296999
400302
225601
180137
546245
597202
741362
20674
266905
199999
564983
774949
162425
824525
847765
668949
919840
990029
684089
311855
518077
710954
974746
466651
848168
72827
201274
308334
720111
27817
217546
22432
520591
772536
686893
678181
350398
568051
348885
525161
247589
822328
956810
124077
762284
870173
211913
248377
386541
685182
253385
661373
506762
309541
380888
122632
977178
347668
423524
837476
995966
727473
588886
248460
524946
280335
936473
896394
100735
166485
119033
888177
863918
485005
71462
739124
677655
611019
635159
674274
546615
723063
10571
631359
944800
606522
264362
297344
934250
501185
117259
456418
861255
849777
8719
584423
476085
2727
104298
180590
512716
817770
128066
779886
799799
596656
822767
780303
409983
317066
960739
839204
800387
808812
172131
896969
704836
745501
892851
528918
109405
489271
742800
810301
711632
176156
324055
768902
815418
319989
570115
673763
464169
891816
706772
44850
136772
224726
187978
572560
547752
885133
748496
254036
297940
778449
479222
497263
907194
835586
623319
122206
98038
994410
327002
678729
248922
857189
83283
207996
526056
742189
412233
704127
987993
588226
207123
119955
977690
331890
60059
569420
524694
323914
743044
923974
221806
629145
273192
755653
905286
902621
757114
801773
944249
759693
869131
848090
96940
859714
183144
207773
285568
285763
414432
637268
980065
843564
446690
812325
196091
901305
93573
729303
495949
52980
775266
278220
565398
386681
934748
241055
602411
27875
656320
112150
962538
584469
643975
881732
340745
327719
205496
582206
18120
107242
889194
934263
782405
715226
736168
852027
700270
947231
253293
758724
590352
822976
845902
633469
410638
199077
461303
936720
383918
154374
52493
12846
814286
76278
464115
13467
992820
657350
905192
796658
751298
201367
477326
961341
96008
336576
682758
321129
339380
734616
3574
545961
378788
868000
191532
612906
832156
881872
22428
96942
831699
851772
198405
220616
678952
548067
2930
135154
866354
969364
100317
905102
421365
872702
345646
521848
801648
832338
929505
53764
775187
531223
971525
749017
235021
646474
16288
844329
555396
460655
620784
631564
570398
494136
310284
393656
712764
318865
527721
391263
342727
910150
419193
506533
950498
271634
812014
401405
463167
223493
252253
232671
995853
85072
799997
672167
265423
977712
205966
482957
888456
328757
731158
243773
961363
814510
591430
866835
634831
996211
628156
834805
997047
137615
129634
658636
854223
671176
917491
275615
385914
390540
43486
571214
795369
19961
670595
780457
261998
152520
707866
915243
407854
918551
77683
612054
411957
708883
742552
294252
535332
194751
1998
690247
183301
848227
824954
581718
506367
775443
811361
827188
324965
509914
735560
561062
960424
956292
271226
437361
289709
439493
958440
967254
303545
857097
872810
423532
401801
613145
635236
940952
294783
818343
588996
579690
92022
858102
126823
418007
515958
416104
246811
291023
166723
483365
94463
919803
292112
229862
564487
960277
35473
532635
296796
712291
641390
798911
96352
222545
320595
678518
694159
816554
290788
261983
827457
101299
505934
274300
793932
944740
794361
149691
791366
496131
358425
422241
322151
653279
498596
139730
451533
153895
569438
9151
622234
750373
735824
30508
432504
241434
892055
741981
671357
843574
715864
562780
775337
142068
642577
236522
782092
982864
603531
275584
82565
15398
794668
575680
160229
605289
791784
859453
236785
292220
188056
695843
4934
603312
243747
497349
599767
177371
409432
324097
63827
547537
117342
52498
837666
91906
374786
216306
291917
570224
327216
722154
510973
263114
902781
313719
834907
301866
387681
393755
602583
643880
283906
882173
409860
196121
212011
955389
306145
657064
138907
421849
857779
200014
97402
573621
776717
955569
276519
837578
767922
248599
903148
902638
686801
118597
668883
587003
839790
250232
292498
714911
188450
831615
748257
703552
471929
774131
584493
995977
793465
876436
501861
714390
563394
967106
718833
451704
492049
71573
144642
385509
270750
566169
265604
988223
530086
112041
993584
441407
239811
983270
796223
911870
327478
284117
334969
724128
417095
455507
244523
875229
327107
895477
875959
596525
896357
576256
70918
194768
985167
990593
895128
254967
898935
693835
481659
536402
111775
169163
373914
427511
198524
624073
513581
970028
805560
5693
171598
108049
936595
899340
549612
20525
307556
460894
207832
690515
397054
406748
573757
465328
28654
379083
837100
570932
616480
289664
512277
85595
503905
689151
365843
163095
542911
614260
452574
210908
326796
405581
166436
702791
305218
314802
303409
21356
843712
229218
793610
120186
114802
131243
410010
165005
216144
467910
484804
264849
31869
542604
568983
588685
478799
893977
569247
757779
616942
544124
663128
682627
67157
575896
144510
31095
903670
298458
899840
166478
497082
772438
256594
263384
262438
780993
178722
373531
4185
206085
518498
355648
99250
268101
95364
394589
733710
27373
713604
390688
41838
630196
913311
373780
221752
465713
199649
260371
468628
463575
675548
498121
422327
663951
307252
364832
935932
911152
676568
433037
233070
377758
963147
686711
352802
895548
409568
454271
448129
628943
782468
266608
412260
712880
978357
247301
836568
118253
422673
146129
746881
832190
630729
928847
744090
248927
183988
463814
255322
124366
32000
788633
155890
875235
483331
253033
30579
409543
938927
172903
268429
821458
402212
627065
866483
999621
957280
163144
568410
222433
394706
338404
942559
633634
711116
391829
715720
495003
261782
313087
668770
759855
705182
974256
430218
681
797838
696906
633416
699321
533814
355656
239638
156940
40616
270702
945342
811782
136867
170001
278369
792927
376743
211264
535764
251351
105511
504718
179684
109143
472413
30845
612538
260902
69751
1993
134362
440196
373999
681230
987781
829287
988088
479510
164543
926863
600532
128579
521387
528008
981379
555029
939026
197308
878805
506265
828866
641586
457313
815983
907987
669415
892558
358390
301381
485831
860366
765846
164485
233864
561835
45801
260046
685028
187833
411527
844524
547505
856107
185260
984092
563998
604226
328008
924240
599116
474400
178852
929615
384006
640635
48492
113464
506591
45357
970973
423910
17511
456808
848971
238063
320073
138758
324879
794823
736644
754110
2189
813122
893060
669619
134686
815415
65116
332646
45278
194432
558691
380108
346131
461917
236904
64891
860152
324728
633363
369853
74214
517443
416345
328199
861726
761853
304731
777732
47733
682708
464988
444810
674268
336869
769309
632622
349131
101279
635415
819763
453642
315397
337364
764125
470300
229778
742571
896804
248968
530102
456086
83780
988293
116991
569905
699313
248577
338899
92178
860584
367758
890457
454271
664993
755946
39672
720592
487713
935785
949751
681378
798699
990401
274500
875765
499798
806962
27152
402659
294522
860688
168855
952382
985284
886894
681853
371588
246185
109481
9236
839105
763831
539982
251387
762050
474695
522025
794464
624497
425551
786283
747045
406546
736916
619702
777568
573593
956
925577
982717
452773
206337
908163
809663
729373
778818
818261
812707
561318
726388
359305
809509
286526
973301
661737
567260
726648
901441
201421
107584
554452
678845
681157
287500
2618
747057
106783
277758
194451
436819
494805
534204
10821
599742
91414
774481
900617
339970
553967
664532
895274
56853
516182
451817
349339
220326
229011
406881
346293
717522
921676
352189
782861
57008
772779
388560
680751
332615
497709
452418
990393
773983
721738
904944
86229
222388
129405
416945
39892
439047
432367
682740
543076
777296
376964
805125
116654
864974
635841
663342
350414
456574
587031
76154
797424
679658
737681
765269
193667
422808
586071
477327
82333
1763
605085
209983
799403
342440
259819
248068
306515
436311
513417
567847
68712
993897
707142
626716
560649
817200
293157
258919
908055
509386
79077
995484
876240
683503
307372
906111
132557
824042
617871
683529
511124
119205
646016
613452
396635
988124
736085
396334
680218
952308
81009
46993
416907
708580
366929
383635
852417
319505
723381
543217
191970
779128
940008
611270
28931
677125
370414
757426
100318
731648
917962
626005
479090
83431
20137
631867
769592
232086
4974
333330
916605
26211
685595
324950
934177
177606
968153
69453
124714
71285
437988
969774
285509
546639
927509
159325
241819
103726
518413
376465
790412
919839
852795
855063
876683
258030
723467
357871
377814
360474
750636
835668
514064
183847
272699
407386
199100
106707
901905
980207
423448
378208
78246
916867
690452
509584
568608
503492
860206
417199
228668
843970
360299
861130
100247
746738
417843
437245
565082
444366
486474
217642
102848
375961
15719
993734
80646
587265
50803
842829
544174
387549
204191
94230
404335
172309
79522
188289
519740
394336
405518
584396
327215
276200
775886
425861
386578
519563
576830
402906
264586
9083
192679
821132
391585
102917
773781
630914
42414
319855
41111
402426
119651
367290
468371
39578
678451
209606
133507
865188
344030
253269
78608
433416
252058
449319
385161
256468
366944
212229
682816
893639
265424
750490
701633
217667
738753
414011
499888
379744
342249
162760
757886
176221
907046
976106
411784
793137
700071
579068
139404
178368
807353
740294
469000
942569
531378
72292
495537
74684
71156
978437
685133
368457
751134
984143
38509
609427
6933
986464
826891
595428
188970
235376
350012
208890
586217
420114
680081
862687
333309
606617
771280
248726
493507
428951
728266
146417
512873
770241
696729
81728
42050
728174
756152
404644
377450
472126
363007
204993
938129
884439
722041
120849
547813
161611
858147
253334
796000
767830
718340
844007
268203
625795
435940
173804
290990
617709
818538
629669
857141
69155
638293
938596
490048
184293
466711
569883
109223
42123
850441
307856
198568
771717
780815
162157
768847
564733
616330
596083
62784
171353
727603
892431
561508
615580
448474
277253
976878
895724
127036
219913
831241
189166
134458
355692
558560
220109
733756
928691
871305
614042
528353
227716
580815
37070
888481
750458
43098
561834
688258
264856
710845
853951
101044
666905
91292
338698
772617
823077
959736
361399
351955
39264
268185
773766
109148
99037
670999
63243
504060
892272
820612
950863
843163
298529
46521
639572
442180
982397
689852
261366
661857
817926
241547
900205
630617
586506
274695
885743
976515
132689
701376
948147
107205
951088
842969
493007
450061
187578
570392
9410
46635
833494
784973
333390
84234
784748
122715
284862
162762
879545
16936
260294
576635
515651
243357
812551
127927
624870
85018
719793
400476
486860
297658
984707
380260
816571
145341
549934
768356
154248
375192
675415
112030
947177
486678
24636
505282
476072
975209
386734
179720
92084
848657
693372
725667
328530
188968
543344
652066
900720
462791
61427
442024
914138
123673
346315
225222
499206
389242
511941
838450
720137
713227
474670
85863
489964
900117
945531
434008
6874
319191
876040
673169
737648
561326
798397
106733
39991
795935
169421
445998
708206
928068
905048
536572
960383
415953
422193
629117
973460
984387
176185
172365
244995
519012
697322
107354
167397
746941
500016
948255
478596
170456
180465
658107
470002
949936
419118
584557
636662
790775
878657
832751
990498
652100
310214
869868
181248
624728
92118
358686
887019
293579
112751
692424
525433
458264
34927
665741
900566
354241
251711
540396
806828
270304
117005
489241
780990
504332
154929
898425
309716
171172
17265
172985
606033
697531
258848
687946
615776
801312
486625
882301
907085
252168
790921
22136
820400
303195
455010
547219
321731
970392
880780
511762
273237
834725
20735
442686
532312
516535
866475
315490
678292
2458
710720
560351
652478
234333
885578
306157
564707
370014
305331
174254
487551
558766
997676
391792
355179
98528
971111
423296
67762
58355
221308
224485
900292
755225
688171
920128
589763
662947
311681
64062
591291
548684
669331
447415
34287
440607
757607
879206
284494
771653
467955
724997
805765
826223
675773
613189
340078
278300
148257
724263
384293
464903
121009
985274
998139
764209
138678
442417
948932
352326
784853
576096
863819
552431
894477
976659
87974
281011
11357
706763
84132
557002
258051
884694
832738
852928
570398
348938
245629
958915
183797
88670
364193
83657
708496
15524
566976
666464
92356
102119
669023
32275
173645
248029
395786
816502
987731
725705
32744
100879
440527
332784
657833
384545
250375
445429
860379
207190
942581
640211
847196
281096
43782
679671
242026
975788
31934
438904
322519
764123
331384
321844
945304
359614
698955
756104
225148
418006
713481
255723
733561
581606
120801
762152
984033
919101
894500
491318
325685
997348
960356
507061
107856
477152
305529
561031
159300
337380
327261
773513
27906
53398
810551
620589
571442
231164
458229
824629
94115
773379
844306
557710
649308
864556
436919
372935
943889
183827
234878
519980
961137
569437
607633
774467
896092
790910
23025
907298
920306
571621
337683
121387
612231
163844
69476
169510
344243
227455
684397
450617
786501
754032
645394
236550
766359
716117
999221
527713
342588
231319
254456
348269
823830
194360
983391
225682
476357
286488
684051
855388
414970
142243
328130
182707
431977
232922
943076
872051
21789
400509
873625
712168
141541
267410
739822
560231
429804
763157
158783
331467
428134
333500
583670
289355
167143
780710
955057
275637
350798
26079
451778
608585
450526
466386
922064
614516
933549
908620
57370
168104
93172
990889
981532
902420
289799
692445
998410
926725
94688
318689
797561
23129
67668
72375
120413
597723
60327
158876
653165
389888
357499
5770
236451
116541
635747
203175
345823
148739
393301
705613
656235
395224
748798
972471
200793
345363
402032
591108
424905
32500
360439
761579
717127
742622
519369
687932
531729
152818
79579
227279
934646
376456
636240
558475
600601
236620
804812
581717
462613
989299
58663
685714
631739
971993
564158
493787
61942
118969
438115
463677
451280
458696
186932
924713
884173
153582
861897
104894
764597
992354
1735
251633
752815
103072
850769
514903
657865
725962
75487
477647
501460
615705
883110
910095
499884
7614
351479
277897
279062
682201
180004
394553
326466
606100
615772
684366
209199
539678
503064
85810
373038
535232
667566
542712
783422
538269
762243
766242
158166
394762
668958
143563
451906
702216
211287
19575
514533
184602
339310
206261
467741
638279
395576
388975
882499
851566
320371
492622
665617
920129
411451
579340
854303
137760
978518
803479
571846
636114
91881
133919
82853
475810
76558
269757
342978
606996
443517
430079
694024
845698
421862
57364
862638
434520
221089
854993
877753
184040
177597
529245
458392
926251
780085
711231
866797
306773
834113
756610
550827
159252
251144
608387
426202
671588
504498
535319
704247
911441
748572
459931
18681
994123
285349
880281
136239
969503
190885
907155
717573
94744
119166
443760
114854
246257
576586
356032
358971
958645
849972
474094
350417
247477
713954
993089
35928
548454
501968
489550
205511
882325
272184
39614
122781
792391
87725
875832
217219
333041
34760
299115
235662
783440
939193
135225
526944
347430
427263
129475
612654
524499
983794
150733
625628
539084
969021
819342
123715
346746
547114
603607
569749
729393
230294
451485
542936
810955
531779
657957
530126
937121
24460
210635
500022
266021
61363
540462
399274
381023
904022
667259
295465
781186
909249
834453
659951
423274
16093
568286
285697
399605
201925
456229
959045
687675
726969
102892
428237
775403
458923
826452
365492
681539
153271
114471
868961
249131
66032
205250
230377
651951
177942
906269
747793
561176
363235
214969
453872
878053
860548
458084
742003
869611
741349
736876
84731
280774
326245
878302
970337
227003
352681
501689
671257
26860
381068
14004
431412
873398
791412
85993
667071
402027
526592
332061
893321
541031
175645
467372
105602
471889
166392
276566
86271
512368
384014
801184
626971
605095
250527
394024
713527
936527
879232
170697
425569
232879
679760
695334
952018
805466
743746
781527
392017
707046
240730
934446
416822
588676
337907
376101
225865
950849
423932
360869
221513
372376
931779
978421
574792
147889
110889
511805
486643
394938
854006
11574
979952
889953
111493
480945
782304
133227
368992
544448
351684
491188
901094
358277
16444
542083
655913
840853
514089
473161
661396
687944
805940
989495
658057
660191
293800
175289
2313
205971
378491
606418
147213
914806
983850
583125
321713
514184
276610
93501
378768
526361
99258
916906
505515
180565
825149
63096
539842
983025
983111
363838
736645
981233
466917
923232
474148
363155
514334
203218
745283
493211
720624
762025
629897
113724
665075
947231
352408
250976
625051
151971
323351
547925
830809
630491
482474
866452
102880
20791
378371
117742
345285
163891
205522
509973
394047
16553
278936
769220
530958
940176
41369
977548
146361
830165
509872
60924
338799
822100
164540
842093
354767
948275
120824
906599
699907
63003
136745
884211
967047
368212
402608
424511
498056
36092
704895
486439
282151
748580
782824
190694
355100
345608
578961
908888
238904
609448
191812
652203
239746
733319
251747
75490
502915
946175
94905
774597
309150
103231
268907
433705
877399
64995
330637
836311
138228
596142
977745
443228
718784
843175
900570
431149
562668
774605
798254
176884
92177
51191
76298
474427
33873
571213
995920
660148
621467
112413
223644
216290
832972
80731
488564
497384
322739
493368
952733
856236
90157
100381
831178
404712
209071
711684
134704
685709
127522
41971
959221
14612
526185
109719
850310
270114
136894
595385
179464
102678
421050
267935
962214
148659
899123
447937
603337
308517
516735
952742
333670
879986
697239
346331
285553
940414
841304
889936
11503
804346
884515
187087
934249
55787
378595
862298
683964
458642
843118
506655
755789
990846
762949
853338
858331
52010
683190
92488
21677
174675
975457
582275
668266
511323
829207
707775
689223
12563
589853
858463
507546
529193
560145
772597
172942
650861
189220
156885
467760
325121
97605
426324
227429
804445
741087
497506
676350
492925
696376
283201
42148
914664
587642
362017
688622
448796
214351
300890
991697
803675
95333
955077
561527
160268
301969
524151
71464
405840
575184
496795
472421
814946
627688
557291
184276
133098
112172
418699
764949
560990
688223
442498
927602
905429
984944
221910
110133
267306
576868
186818
433364
174793
729234
637974
576648
711577
939143
896428
964988
143494
646154
34946
500192
996010
364985
72633
162012
454103
430290
694249
64290
471502
905310
447580
873233
470311
451380
792709
319992
779003
221642
975380
234578
586760
710374
8274
946563
676311
849381
426573
21892
750518
739613
491429
610251
481501
202385
13507
768153
366131
846352
258666
658271
149480
569834
721957
778446
729986
831248
359008
84026
866422
73607
597075
989994
764140
608265
327705
871230
904166
354552
254559
493565
654073
120703
557239
358267
428793
227656
149452
860515
796083
714707
535920
528743
265363
436665
500113
346497
103654
229758
527883
12260
758650
789644
849879
140548
564130
2514
783776
237439
704982
955001
799094
134566
853431
258366
565532
593388
427695
960368
775612
871018
108663
227016
655866
598413
99378
203296
257701
888669
605495
175634
453898
926890
267884
496430
278755
888725
953293
980439
377069
373048
664140
244602
428119
536179
256531
777644
153110
395988
26533
228448
482965
522210
829858
5377
880202
549190
626409
648882
147172
638231
568792
477024
683936
853569
501230
748864
583803
959377
78290
639850
115586
87647
56493
564498
881541
262744
161393
223583
160362
639014
724349
362985
383517
623615
302297
739732
505765
352711
203036
8964
478482
311011
41453
948283
668947
430235
74982
980374
198436
569899
354068
99041
162916
872422
404123
717010
215812
872136
987511
767913
73755
753878
982749
141793
82647
717812
265087
946259
481295
501123
980527
820328
308275
861172
674267
921017
23589
821806
457590
469829
509601
191128
709176
50062
137046
208323
761787
53328
87641
838839
887238
381599
956335
454873
851815
767644
615368
68022
101945
107283
307403
890030
916422
75957
690060
814271
490885
608237
112091
46061
313988
606496
625398
259019
402977
178886
203550
201065
373746
389344
307975
735899
560773
404373
836968
425569
50049
786541
866291
303864
244715
516264
438303
480956
675589
431868
549216
344568
215952
703722
996472
419852
207539
155260
202983
997178
967284
677917
31998
611853
156386
327957
571602
737702
885717
965663
489483
283876
625678
40680
888092
245103
539512
536998
483085
943009
515408
240403
604531
511378
223328
703685
260034
449215
688870
558252
274809
451799
785300
527271
448635
91041
35889
49795
489726
767180
913757
286161
285020
410965
39281
594146
605575
579791
990276
247777
490522
975954
60427
119054
594442
10754
304088
12691
95099
258043
291395
629188
265967
990294
180518
450168
919577
996827
529921
353790
798160
709123
67455
961598
466975
771432
344144
111534
98105
138635
144821
303533
837193
514370
126554
829376
320872
864188
989213
419046
815080
460658
397357
473433
395405
946924
757389
604388
246620
933229
282488
617115
966603
71677
638751
610812
368343
15569
304270
340129
71413
442008
825580
699294
395360
194980
369313
207805
226705
975475
12178
223635
179853
638362
977863
447934
882712
477389
186542
464190
642631
618381
293753
357806
336371
230318
716514
309790
149769
23812
159182
430541
620351
490346
888399
398792
238753
770478
497988
341145
143689
591900
104219
672814
14637
227174
785207
797832
407955
298797
307181
438300
19551
694126
521255
782154
724620
218124
670507
651639
447289
798709
195574
844553
17499
310836
38594
184510
111761
139347
379239
924778
57621
215339
765982
208267
740302
976842
353760
332938
409794
703999
543212
612945
525160
996740
888680
967491
622427
549449
744287
912668
991723
217305
547497
264935
341774
100331
478824
987350
887476
387592
673902
316481
756536
417683
888188
439166
713522
337402
936806
879001
767465
592120
734674
394480
455974
318020
986143
644206
728547
589913
40994
942498
784931
196451
803403
412603
649243
189955
196006
921378
403598
577279
199742
642164
685494
524425
348700
382234
412958
998762
833709
539911
673869
675339
864641
597198
837148
13024
694383
286110
626089
378034
781591
578523
633252
816647
874432
414809
951238
285807
563679
765495
738146
736302
89017
793430
880596
718913
974943
522229
951638
776079
587608
29035
408881
152813
521566
463424
443919
98190
598590
578023
892975
640325
857890
882524
172403
629881
604140
178774
832788
818788
197880
117481
313973
954695
606596
862588
142292
727342
31788
107618
951709
550043
540749
582550
820121
658962
838860
259608
326532
810561
711663
675358
740859
192649
141672
803513
896724
24109
606770
218246
231176
21462
866836
125773
992139
904192
50307
502201
157117
48325
976677
717620
778104
298244
907503
974622
285705
129838
686255
706603
489276
173740
117926
193751
571473
469616
219405
695430
130827
386199
977784
969147
887526
859320
883096
762805
477736
595148
57115
689377
891408
508474
289262
580800
36459
501565
8802
278103
319046
911156
338412
404173
942206
730630
730055
637860
708595
571055
170484
391895
5595
707052
167521
590860
89330
74623
65832
257845
779983
105759
475182
480009
515219
460672
601004
263131
560762
641658
187786
47188
557523
366168
878951
736849
423308
675328
162678
396699
851239
822074
2
841471
278473
501534
145361
805642
471537
986527
407591
522339
853958
352430
929186
102341
532808
948620
284802
493143
18089
204271
821451
794665
73077
725200
81731
290381
558764
922895
202839
374352
349616
882884
435162
77972
321625
105187
857837
223691
559526
436491
154617
185682
911055
28651
664089
556839
410614
357457
991765
323849
617531
126481
948105
923819
484910
787854
511205
36948
46496
61928
168205
89110
685970
953986
990689
653160
856271
416558
911831
26467
566870
169848
428099
303382
329327
552332
565816
620806
960862
416196
164361
595269
919861
331538
605289
922221
779652
30407
616368
259897
506732
441214
672830
858945
680082
334887
848826
888145
338543
532659
2676
364580
189699
715481
677225
479426
814313
534468
813220
228467
804422
588121
686017
119263
685979
642216
783501
591940
195258
533166
109193
116434
126934
910276
117134
520806
997747
823465
975626
554465
189628
601127
763560
532197
303027
603556
836686
791851
643395
903431
870464
386628
393073
460164
899553
648618
924209
428934
926874
378114
99797
698552
689491
5233
71840
792112
3679
719896
867577
821689
633588
439277
95675
761724
98199
823287
170025
761226
250582
550758
513471
99657
496239
884044
725475
454840
631247
666556
878267
472864
213172
832062
966680
501721
152371
55660
236943
542518
722454
249132
584424
249294
581533
405641
119280
369960
516581
164400
4201
213698
751718
892229
250146
213374
158807
569056
720673
508458
903852
796968
730428
80170
929791
787209
410183
819332
907533
872853
218023
157960
416663
442229
155717
810970
670824
624330
11551
81117
666551
461988
495480
414206
540002
721053
858608
356250
467866
904595
56366
137293
400542
231297
376185
25688
883808
956986
735654
872622
233988
986177
558700
590171
481542
649671
381587
875282
96122
464257
204939
347217
606831
726246
819993
813939
830701
972994
50476
492434
946846
124154
860942
404630
970633
678045
201526
682335
104249
278242
197178
297675
979324
455428
312161
138212
45575
121143
12503
936041
656951
103493
39353
323447
759538
942218
966608
740756
105580
193160
177755
856345
371078
148776
255813
373881
500688
747150
578870
947250
62063
421911
573702
297294
608858
827570
429963
298198
601086
232472
209875
5524
575682
86313
767149
573060
382117
70245
612578
903383
166594
15683
962882
477027
995445
555953
300568
880810
696600
53225
431039
353668
149607
238508
34382
871020
568514
87711
719726
394277
198992
890110
313101
106503
293631
797057
660587
763498
973482
473546
930386
138989
537748
377735
799394
223844
766161
858602
370186
726428
296452
557442
186835
77643
612419
468982
420502
675801
579351
542366
891534
412549
727519
861886
778760
859638
954387
298272
447223
95583
781350
409741
231140
498829
342469
634856
848706
958736
938365
384998
222495
385219
227065
242733
229815
32378
387688
37576
718499
997512
729469
729669
140527
518122
689680
350700
844489
908052
218082
602012
880468
338389
211070
851395
120924
315625
659962
574137
27621
242523
161501
854330
144860
970517
609562
511294
993391
341062
780539
930167
916856
705966
366745
647399
589268
258761
679175
814619
593938
666197
377359
789063
539975
433666
368340
599423
140863
805238
938839
518032
955470
566010
552277
618617
307460
264260
839436
431753
967358
995425
47006
203670
54105
549695
83279
171479
11586
935316
355049
807903
66537
840495
287935
594038
447060
804057
19790
431190
691216
584679
824319
620351
308354
749599
719048
116599
163099
552965
352115
577826
677802
892801
880247
580921
814219
270702
722690
661482
383485
756865
467608
257741
801042
659796
535445
289342
197375
812622
654734
770395
20947
691697
977302
154779
518533
318656
610268
993993
20901
397259
528434
396508
218677
862681
287080
791093
665937
26288
511831
723893
133769
64515
546618
474488
972943
557497
416886
551345
555788
729942
481146
842594
664845
102472
888769
348409
462682
498320
543284
853954
699239
338443
900077
102349
952996
300700
335063
783005
33135
278008
960625
874954
672681
339918
640753
48564
867558
432657
256453
239908
568510
983331
457396
287104
135424
652768
653347
469419
429895
184067
442740
739319
836196
54969
298697
552200
831098
243072
773543
298438
558185
922300
75637
132350
267426
413270
39459
415446
110490
395473
19623
931179
941210
880939
905378
319945
356722
6252
287265
845318
660302
727950
710272
794107
762912
259720
435818
162400
100541
950329
623355
449155
429060
855534
956230
88229
679353
259792
176882
954481
70256
640813
614463
494554
745060
683361
995879
222351
640295
542624
972767
455454
614388
889891
467324
42338
648928
792493
426419
388202
927407
29625
509689
875944
766723
748034
351625
492819
533551
93806
649028
526874
116394
257048
138354
37380
159839
986617
429798
125609
17569
809266
748800
232070
845628
833592
233036
444225
14183
806108
645192
663866
794773
968246
578052
558538
10858
383341
371617
639515
482827
633062
602299
743716
984334
162951
295587
181247
126737
132519
442565
474280
179814
761876
291689
902932
22060
705728
589717
520620
709241
631368
140943
355940
714483
852834
571647
854717
980350
141027
256307
973139
234895
46187
947837
673187
61151
463534
662263
804125
521852
348639
488039
138594
29178
248506
593021
280859
67526
227054
832441
222133
131354
899174
769193
340732
895948
369011
557264
379603
932098
979352
364899
336142
694080
554033
979948
114284
745378
32064
318290
630452
206693
850261
794672
499562
33567
733530
662113
872814
131727
997625
959069
464626
425103
628906
530108
464150
646502
535772
263514
826722
614714
110527
576340
470687
31650
328620
173166
473234
695002
380210
614102
770710
181136
351806
568451
503381
741659
585126
674744
805091
75
650386
709797
876663
16987
221127
526508
658438
630659
203921
518529
112894
33130
724877
588906
740444
34169
464208
448806
75626
247627
819768
337194
108953
64320
827661
649862
753974
421873
864338
146471
133452
266941
817006
45237
598871
971074
867506
545436
941280
524456
354695
12585
399482
626327
407605
984458
42839
53449
213266
103800
212039
81657
461573
693232
541711
194363
329654
72348
960354
926885
579540
552209
985726
112235
360322
543218
942438
842121
799647
456049
71799
995993
31600
931253
470186
606916
957292
675288
908325
463445
909028
339847
553982
180457
375182
523469
842829
474243
86637
885481
101996
812924
827998
454043
409486
874071
131584
717758
550457
284338
184065
100239
121633
466585
686914
397131
468834
295605
27814
860919
339162
718754
571196
774969
786978
4830
200198
820388
536295
450973
399078
748817
334568
488377
50020
558952
215694
479494
183646
452990
902051
92228
45389
548632
637488
263533
226799
43726
542776
68463
721047
524107
384266
370996
198221
522673
613959
452124
885667
61401
591217
140940
659157
659640
580971
166240
137500
899229
76499
449276
188815
613974
803000
546112
482870
816627
300538
167961
144045
718050
780861
331764
355826
116665
806409
654094
775435
547859
459458
958248
881111
873489
673854
957718
485999
229378
477192
493045
655032
746589
4529
80892
410760
870571
317261
771500
78642
913090
79185
674401
741872
184555
606087
76939
285804
882597
649003
511094
420715
296003
740326
517124
422934
385072
476516
516861
888294
315923
454420
850813
784620
845197
53627
754636
586747
345375
521462
821386
755891
447209
427722
678153
314538
735757
430121
430389
860856
691186
313476
320686
344095
180837
510215
261302
305173
6937
897846
994118
869104
368143
626914
237371
128237
247569
80967
483310
658269
180376
831109
739681
606765
568013
76473
554260
739152
157036
278840
914232
921035
540101
470824
967163
330461
894365
350458
992706
261960
384049
620103
360629
632896
126298
816134
597683
70447
469388
468968
905190
732131
672952
149776
347570
39381
298514
671602
918983
220503
598125
679751
87447
15833
633857
130922
93729
585239
575375
700114
241834
285283
711003
603245
171533
78154
936536
27797
504618
417126
410722
170225
782202
471680
781541
8235
174531
443615
882395
620873
397350
963441
798770
36779
865238
57877
132299
996960
248291
652227
218527
334308
277108
103513
349180
910586
231572
277763
486701
868962
323427
372229
883576
97784
777837
718504
553473
559273
432407
725055
976268
854482
654965
867476
737440
201526
382329
250996
892678
363164
179911
47252
40049
249027
708067
562527
225783
967619
846796
146845
188926
548866
856482
45377
971250
223951
642178
962511
86002
78814
134130
128808
723658
111969
723320
181619
699611
630015
854597
936362
463511
912115
576783
676542
51305
275972
456956
200296
469169
315932
371514
261902
918125
754376
759147
362894
641203
802443
421950
624233
893146
388127
902681
774863
936185
791369
785586
828611
605575
670488
599101
680298
555682
88057
922175
807414
458155
554810
324162
658665
473230
55001
406753
736584
364575
625544
664835
58719
444448
4736
946852
669163
773023
586111
793871
738023
960252
840800
772264
911414
921353
887637
19749
410985
216266
788035
726493
340014
529819
284537
52857
870358
583601
360846
359367
346881
422264
122135
950381
3369
148316
843266
759162
34311
466532
382547
874776
839397
134584
499704
639326
634369
763715
197770
751362
666011
512307
112675
8108
213148
613661
815894
307621
501411
729278
339727
456430
131180
995101
522952
177901
678175
455756
25189
515842
386803
45452
257774
750584
662333
998672
893222
750552
406617
555610
844172
220311
372467
466370
951149
568559
562099
135829
924772
766731
750595
257818
278832
800155
305150
871600
185328
242376
922166
945427
478525
637697
112930
928381
59812
912500
116386
706537
247295
393305
98545
941107
732463
428968
385062
403931
789303
516523
977831
715112
73848
95726
436971
683241
715653
845394
102441
115542
568226
744769
405986
425366
906974
78203
319112
658778
9674
517711
774794
995174
956885
267686
774845
152624
253317
222138
393256
617953
606676
618852
550892
426168
338853
485586
182798
473998
133281
270486
995619
492404
31859
489116
247639
278520
500764
306676
899801
376263
242227
474061
243622
907372
987517
690883
933425
801206
752612
581071
684524
961656
62104
834973
598454
496106
643199
752059
727969
498925
729114
48685
744798
862700
221045
172445
2440
221854
127114
763951
166345
402855
591732
505843
402541
134622
868299
258548
253633
504618
587040
530285
760295
176709
931734
841883
463482
215843
886171
254318
176280
382443
842178
651289
342864
62052
421311
780425
729385
188139
676734
277682
124557
202336
527392
393476
513745
598049
214483
803133
817634
807662
859852
621016
808013
764076
123044
997219
709610
866565
797708
956526
791462
550444
199150
33119
468268
911678
949666
175843
333616
39556
20746
302975
567960
356437
751819
874180
267911
133081
194344
194785
906502
300072
709372
863954
960465
943120
6676
972790
355452
148405
72295
988607
437632
669075
975603
880515
605478
650208
936373
392815
730575
887629
960131
57242
212189
881450
14922
618423
861826
830377
623712
471909
753123
215930
244933
434849
25704
833238
971451
342555
341091
369496
458367
637350
889626
225157
355811
896392
673011
365100
141385
509361
57339
761321
818302
192969
318034
659779
139760
769250
718711
676725
553869
814285
288044
779722
100986
633160
938822
560225
100973
612117
197523
522768
897896
287654
304103
179365
973203
576755
64389
8904
874356
323822
738343
946876
673357
168462
904683
597444
551250
819016
920090
655970
258181
878557
456597
164730
56880
260748
651614
650582
557054
46055
915584
57731
719607
572099
658652
499416
169495
893449
484114
898774
204041
158697
729096
126763
971845
738287
131482
27345
762115
303725
829406
248020
457370
8984
398162
550896
856570
220911
842213
932312
346370
191510
501470
187155
13183
307137
835309
962241
297986
984715
163853
670012
787613
919271
32530
575898
527482
174381
40980
224014
747223
449238
780024
420590
361762
647043
909272
442191
577644
955703
415438
494732
532301
650534
248098
725222
246421
506789
57613
836165
231082
333760
69866
876381
185603
697898
295224
869548
319616
959695
150350
713183
177059
118726
504028
855508
370415
812514
507225
468987
618523
718056
502990
481813
379059
843034
111295
107742
841356
379186
553841
184904
911970
824298
359837
946332
84176
698488
388847
517701
62186
474136
305979
241896
350266
646593
207165
380331
718038
168953
457419
384535
882139
616772
156249
650200
522760
756856
899945
943841
476985
367916
122829
633324
790397
931279
798234
302367
650199
772052
391595
111115
735950
858699
386447
863565
109233
137163
286480
20055
229739
127948
401185
259017
381566
979985
473507
891577
107487
721154
87316
520786
572974
627159
344212
369496
73681
108721
519189
869001
728236
723395
103903
975583
825791
68141
850430
461555
134619
453609
726793
705083
925442
733982
234767
285940
238362
73234
517919
552411
268430
297725
338228
618260
827010
574328
174907
379566
443568
443540
682499
194814
104932
163464
62272
723431
37648
552770
34876
642428
386445
318814
172571
730108
379311
359156
948553
622588
553795
554252
218946
103586
194471
548460
206461
694029
867718
294738
804470
598802
621039
88254
26199
479458
229778
681895
923842
411335
622422
96077
330813
682189
48025
8366
64187
803837
379781
243922
390403
71748
25612
766017
417343
738227
603264
35221
580708
280928
732304
154602
831288
746409
913315
214385
279557
731097
552330
81572
414488
529954
859366
346900
625782
358538
394454
220894
678492
816931
795546
913084
636402
150322
117577
446391
926347
254002
632235
614074
202651
853361
688692
200642
83190
527447
59742
908274
956289
894214
54177
998788
262135
632605
982930
860249
656602
705303
196629
540528
488500
168081
258496
470517
802056
580969
392782
530737
383578
281858
789245
511008
580760
872419
431429
218976
955108
100287
961781
587589
8191
395279
142635
905545
497363
344796
850863
577953
563357
365465
271853
978603
976437
37228
183437
121987
879163
105229
432433
952884
471968
962759
802826
675659
878094
784156
327767
678728
325749
296710
489852
811182
408051
404055
771899
628282
386399
849281
88465
72688
353715
186482
347951
270992
962131
406232
859475
576680
78526
785090
369347
669891
382352
905447
368550
900159
646769
778239
848191
785852
925918
787407
945350
675056
142034
381954
631589
765080
698704
464563
294220
428041
633872
446920
975857
607525
155843
222904
558055
422120
714693
109676
72346
70690
357663
10435
958501
215999
667253
368944
850896
421698
802194
287550
566825
987216
935118
346036
824381
521193
992474
51732
15924
202097
635368
907133
690310
182444
291833
796144
229022
148873
498436
975919
363593
543125
347968
705857
108635
605072
568911
350995
665182
126365
814023
871289
920248
94034
477
485457
578328
541168
947312
514760
10204
92460
188400
942198
317123
209644
551785
687269
82506
115917
953008
703279
468581
522977
616296
402373
991259
988726
522673
512332
963390
613969
677103
293601
137222
583610
620018
879102
899210
577521
518599
259956
919706
397374
860186
917144
495867
177190
503558
610426
340608
878394
787195
209872
982721
315849
233291
39794
177979
400181
747665
238079
366340
234595
458430
806621
69993
960780
134401
761885
675814
188721
786194
101692
233664
785835
941724
840645
832771
82976
362501
51221
358548
292498
679579
804407
972466
590353
875484
238317
138701
114833
155362
420496
131650
484502
781161
81422
392499
264523
247871
146963
888768
855474
10375
676355
51684
609078
410281
32099
719982
40477
735385
959831
948313
982745
764867
172230
240203
356733
414288
476058
898407
833101
644184
645667
150415
946670
833956
238747
454713
271484
258910
160132
206892
479163
382104
884334
810776
102821
929589
230676
464912
153057
719608
358566
522725
717205
466023
944482
174624
198546
4827
67419
495387
370222
211495
784284
288380
763247
671907
239910
279247
511075
671124
730132
621695
331277
176761
225760
652081
352890
472948
201406
373374
405553
419603
311334
958347
497928
414011
461359
699462
760851
351024
971543
15486
980344
134275
375519
617247
701854
838297
1107
664073
801284
213587
925735
51149
64878
824223
131581
816260
380537
984027
652420
240907
824400
949345
774842
762462
624759
778739
536721
807696
622277
986884
16048
493220
991343
836385
800528
212492
459454
179835
998727
943867
857698
176017
165090
465257
882721
29566
868266
227619
409384
111516
812745
830603
7874
786644
524295
573363
507046
753028
129389
874002
907242
766731
467210
839841
721110
635188
347155
4821
338068
564476
303717
922873
677955
637057
522791
948199
479978
359178
372427
976099
252041
530541
223155
210067
637451
482721
862704
252127
350617
898721
335909
807393
831112
789880
368266
187337
737266
945839
580621
812624
27234
243665
368594
400983
32105
654552
589083
831324
659981
230326
979203
667863
943777
272513
252965
525815
261168
436155
790234
471220
207123
645821
773662
145617
821986
148736
420372
710320
234823
332232
474592
166417
209262
215278
210802
936745
440985
218120
746915
730011
495631
980599
793143
26581
299636
223500
248131
283978
443636
407639
538920
345543
833241
72014
932605
407988
320701
529559
468171
412906
437145
630067
979057
961451
434747
616518
701544
654530
417110
163719
517473
102328
425459
340800
887435
846960
463878
631042
987056
970336
867931
582761
247295
109356
363183
482375
819236
939041
928540
120304
142483
393482
984044
981986
799524
451378
624654
601166
800025
772280
487909
497671
388987
358728
797246
889606
145633
911547
801114
99608
185938
562189
771434
957349
673346
253879
470937
204061
536505
10601
847619
469248
525841
427302
859523
232266
162078
455611
555241
959354
540328
689757
867019
421054
230355
813662
248178
526141
931744
965452
681654
856128
893580
673894
686372
754494
243606
678076
633243
148482
286750
832930
668982
617979
7849
772240
921123
364384
691649
973145
773330
927358
832889
895494
842506
25183
122639
868111
147029
858904
337386
399605
157596
889712
419394
365311
710541
516968
173278
496335
464056
170220
663417
955103
420665
87060
261502
194270
387152
847191
276147
10081
43469
387085
469554
270728
976678
40286
775377
837806
421931
96269
871779
828428
663952
230619
52760
34859
951913
911193
758975
695811
247861
29901
914860
509045
28881
652416
631349
568930
827406
409507
756374
780902
388956
902747
557684
310133
859301
287984
909823
175888
286646
918733
147056
990499
930648
365045
962738
720766
568829
239299
422365
901614
380950
382747
144093
261047
842945
719667
969649
866033
242592
272376
791119
123453
435845
303838
190566
739554
737801
768711
194299
341255
966908
820047
588149
27279
984950
592946
823732
839757
467724
401115
279259
638818
109663
723913
186286
637754
384014
162144
753559
710367
196299
842442
227907
836728
448907
883272
834281
468771
217239
224025
179179
316074
325248
946437
523541
855908
430191
70726
72450
784875
531034
793172
590429
218677
660243
294092
651141
559633
928635
404028
486794
292928
388499
281229
230676
232366
703283
592781
630756
588427
869971
79129
202226
161419
420486
822948
333300
894262
684103
764262
956224
509804
117100
690339
607048
892729
698359
203542
126661
569041
799756
483514
676655
792744
830652
117302
167848
961776
64447
239011
482680
22128
849665
311227
391667
927742
482067
675999
559735
422233
107906
766660
663570
5029
541189
335548
846912
860035
565775
738397
416977
27404
721477
812048
415657
214635
978698
217975
969890
802260
256693
258620
792972
902565
865956
567283
639636
119831
400810
126699
591682
7840
545956
748374
827868
825897
763113
192018
379752
509607
461151
950803
72399
927129
619626
528047
989469
286620
533056
222150
600101
38894
438040
592204
247746
988349
261569
338421
58872
229163
601807
480380
566136
53217
305200
451919
80578
799949
154076
903578
863461
385145
881643
594862
920802
739913
100544
801422
802031
126097
549347
528918
158423
805393
627181
424649
90302
288526
31836
801973
991554
591821
786567
805125
621502
372719
414379
351651
363112
916964
986467
770311
687514
515789
459574
215585
825838
592370
473802
994207
130754
645533
830583
452955
451291
184273
560759
606053
471333
825898
685049
301928
17752
379218
737172
155579
302775
472669
970201
645574
902706
980034
806657
644879
834604
371063
92613
485536
995543
732776
707853
124823
747962
79763
630080
197322
710868
553411
729722
618964
420955
26278
725084
980673
515997
496141
473340
232914
638472
150657
181501
157485
12357
792188
759674
696996
365822
829003
469020
923424
66816
521342
674891
253865
921468
834568
54081
927637
394792
306362
780602
931852
184387
311959
589320
401972
158069
62547
889731
444797
696532
90797
565789
989386
907587
653094
764179
49530
173109
154012
370047
696851
191247
97160
714186
657163
765036
907792
807808
16498
520826
335434
415996
95103
793921
739343
332738
554165
988612
737271
778859
15985
968576
582326
811067
469779
896337
940370
959438
962631
773492
373440
400113
290671
831399
535963
968270
338606
902573
664448
739327
585492
631086
888520
372547
674209
553594
873507
643406
197432
20718
658189
817914
47970
462063
266864
142876
433979
585684
451926
715186
824061
337888
990921
977784
488422
140204
848074
70297
461065
96675
217066
46979
152047
225767
90567
832723
892775
662034
805030
506031
107633
736471
355114
39283
531139
555398
492655
650947
931126
559790
283846
782656
40400
925212
287757
656406
375982
116226
820009
636977
84366
576436
545571
931791
508471
440907
904220
848689
178117
264364
240238
517035
245973
783331
115617
101467
436809
528232
828295
441206
34296
911172
116469
524862
414325
787533
91870
483536
919930
694861
728973
47257
723250
395009
385918
397097
771232
130237
787802
781727
834927
707693
282766
43908
210774
477366
290887
141812
49191
887418
19916
681975
724469
824955
421559
418863
390048
945943
167505
330281
470015
648113
450057
542933
826856
2800
662033
395027
629726
674721
308822
204707
203288
192952
419354
487039
196842
18676
283439
560453
573459
851808
624209
155403
844898
565493
528609
957399
203077
935581
941690
972007
352687
2066
887282
680426
45477
268645
333679
734674
347046
196187
324003
369153
362997
81266
66149
869472
655172
579073
762285
509967
16447
214461
248428
572278
63921
901528
808454
855226
447191
43395
80365
204364
388736
230228
764635
973659
869789
814723
820331
689961
345771
596751
180245
553595
420345
596670
253829
529130
558360
487489
592662
192343
565471
167477
753648
424764
39000
31814
36154
269277
127499
9390
623294
998109
469284
899164
355417
567980
639107
185007
710171
114462
29409
322465
129281
41943
275802
314177
36748
106275
882715
803992
673085
763554
501416
216813
744880
151584
491082
367525
387538
258115
450836
638850
132161
820061
154001
188108
989823
908962
856716
490957
12369
510643
417788
632629
534330
48537
908745
429726
40911
215181
48895
155050
676279
365555
28174
477961
377281
259367
480187
945943
196770
157104
233063
714530
913801
992850
647802
279113
17185
89408
906924
759935
923427
736877
691056
495215
355860
76995
339325
299130
23394
861997
611962
244828
926359
478479
669061
512556
481912
756437
173088
570114
863933
905449
109112
565107
158508
220798
995988
137527
964692
158538
530134
244524
489635
119824
325617
955251
109220
872923
911144
824312
832217
514119
138878
209488
696241
367544
997824
611259
203815
738990
197739
547080
392823
576369
98299
770072
767932
540134
592465
228410
830635
978564
314112
983606
652774
688224
491508
292837
290686
294052
316479
75837
181448
13854
524737
745643
961434
202996
452980
68505
116259
962678
522514
864655
660516
989964
717667
553589
483599
147918
324646
525175
476026
821427
328795
455169
453568
426528
525355
941546
537013
323298
491381
246381
924867
980087
627254
885585
253925
921927
101204
968939
559872
762800
569351
770554
833497
980158
450597
863856
286775
491770
64136
552272
568982
218585
293662
219250
36613
2774
795596
876324
155293
803034
220607
422251
661214
766806
470802
193831
841639
312179
869589
416660
556050
90721
655488
790060
966506
744332
83572
592362
517193
689261
441258
654698
209235
714493
921338
299757
100489
98052
479754
81912
320906
541199
579729
587739
256236
746111
507079
610447
557043
576510
210603
276153
167276
539149
152752
342283
362409
879737
496325
995018
393946
953388
252800
785194
719875
905824
342822
105493
960031
210222
897497
719690
809297
7813
636127
447522
278083
180790
125195
650287
533086
380459
334026
356029
595236
294328
237068
533306
885869
437194
385548
220466
640764
118779
251710
583666
923005
155464
61780
508302
890269
510170
108590
146111
748678
436032
438108
129060
735030
970430
185680
699945
457467
315071
838885
620805
823949
978981
610246
744157
750599
276033
794812
105670
513475
239390
635416
425256
66258
886584
637625
427709
49813
688650
197435
276729
422908
546309
295613
990468
922776
470748
320268
350499
766942
745212
330609
394548
288122
840409
811987
330264
744077
789156
290635
45995
62661
803289
268931
309678
527576
453364
832265
154438
333085
470147
175350
801821
160711
93335
898101
439207
894206
153748
157490
213503
425372
236264
52641
461743
602881
960152
184040
50319
795027
60150
199466
165252
85909
567983
253745
137450
327459
911937
936567
213132
638471
921097
216593
584080
307771
617850
560505
856240
522364
792042
928502
191011
576392
653830
405162
225434
129396
259750
293752
221093
527403
259708
138000
396726
27847
398373
100696
925502
582981
80546
756728
767732
647081
523232
446722
620468
88941
955827
535293
14660
382119
229281
966029
359665
812534
521691
92736
860696
693096
495367
9783
52608
771628
637624
604399
125797
406254
241599
797675
827920
351061
983579
936960
827681
533781
590347
515644
55343
298609
599685
289076
22022
610577
315007
34473
857871
802619
536426
60950
427277
334001
48510
69913
676547
447847
139632
313787
580020
833120
333441
95774
96066
184548
937648
301826
767864
672480
901136
821108
855843
266714
522548
296275
920667
971726
687238
134912
190815
84650
242167
578337
330398
275043
287376
301010
904082
857394
587111
627370
748103
430959
149166
10405
491002
208392
701414
887731
845596
240990
610033
902428
375030
522108
148868
26254
164582
579700
203131
526789
120327
86168
927430
107285
100463
275346
593473
298391
127889
509793
612450
144046
177155
360432
880267
638965
439067
555797
652992
830534
384178
820131
988594
197225
257162
509548
206330
767640
270604
277206
988449
871660
136106
408216
133020
869285
742947
299602
573333
339098
502629
776199
542820
549179
200716
874040
622941
160768
672456
30109
998402
203953
920797
474178
444889
157712
132613
840509
109657
162470
509680
90824
462142
495529
766507
434879
512828
715527
439902
957943
935503
172817
785968
980280
137713
495047
626821
317593
412581
153532
743783
290231
687473
165030
798978
760145
693544
442564
138569
532227
840165
126572
510839
955933
267156
256880
568816
10208
142186
11948
436102
974484
454517
497647
359959
995401
111373
738436
726035
755880
715306
641180
960219
810804
164560
403225
398341
152995
432741
984697
327484
427731
324515
414365
166852
420395
692712
115061
508124
506127
244522
542219
596924
197439
116489
993384
11070
664781
705213
924390
810329
997049
601966
941844
609864
235114
892131
929279
907017
563211
41042
487459
319553
538688
825557
700718
223676
199620
100926
206253
15699
55841
430977
843414
896167
285066
998864
425200
792457
695256
496068
463587
530172
757535
379190
149080
189458
84525
258222
363916
862194
623135
330227
443895
326587
52895
283329
143699
786051
677693
714073
234251
305145
47401
711154
559617
895720
351435
168269
755772
808412
21183
541862
153965
827871
291120
517382
60444
440668
344272
773110
370100
135205
680113
768910
969959
518032
264579
733547
562495
121340
710826
504318
819779
498865
331835
696705
679170
122470
320724
828870
360510
433884
60181
606504
445048
576423
511359
421282
157525
289612
922151
2686
101482
102982
427606
827557
226217
143907
751104
676245
96231
85196
474976
960434
582857
463265
240492
445235
371595
567874
306746
619645
382060
972523
824559
493261
315705
325559
676255
530190
451573
758469
434503
405514
343458
427576
824866
277949
169839
65304
858027
907461
928894
590742
1328
858870
249105
970604
251536
464331
708176
52067
21137
965943
573433
266158
120800
39129
409060
315060
664422
875213
191282
616811
381443
906590
703122
374880
269033
483226
796975
558163
463256
882815
560570
699582
854065
944529
70863
634998
14714
35789
367750
677931
886637
292535
116889
840906
990269
603216
199085
562561
35494
220900
978303
521378
231151
891135
459116
872225
245119
387648
846236
491895
147673
158597
497613
527401
463286
197638
690488
946147
410814
569150
389665
116990
662690
127427
807552
357537
270681
379639
479751
702275
976372
860119
137360
91790
762592
869680
878629
556127
39096
333426
894443
232234
964997
684893
750763
33019
116563
395864
736702
822487
132912
726368
748437
50689
128964
99869
983843
147544
915144
204433
820455
447262
351844
476969
814233
213075
899049
14134
325104
911744
281704
93621
946190
17039
781613
659850
555977
7575
23899
360652
510295
680310
269605
222969
622741
992535
928359
894538
175476
118868
817503
958050
442113
704501
157387
597536
811983
855893
283743
77715
734978
213157
39011
183053
932027
56330
182951
948560
805083
398114
106724
917030
853814
22308
730161
785869
904342
585765
951582
550862
858025
616503
624177
690798
412360
411628
239866
141374
769508
287096
313557
505997
950543
777397
864508
65150
184100
425407
302662
932276
26197
929407
958400
570345
45199
993030
416935
820382
368652
896335
234047
718509
212468
332647
823378
827514
875889
510120
642440
11784
914830
85408
45664
899112
421834
84689
201737
473291
820415
460178
414559
791417
361386
511123
299845
929178
6231
970110
141595
782962
216042
795896
623260
258026
376843
975494
886231
480713
636591
607437
446280
401282
389632
612850
366035
861286
666537
826912
944668
111738
524799
232999
414661
931491
479631
459585
770181
328830
887744
769585
157793
681356
627621
78469
827722
830346
480866
118394
299732
842975
160375
808318
687438
554095
919598
873040
579906
5325
713373
240516
185098
667277
497113
596130
902477
326454
781367
955822
245205
102871
551424
625347
666574
796849
240816
379673
719966
766033
41835
324005
37147
400385
929789
136927
672429
694804
121420
661727
460354
926176
819869
818593
699559
455177
504831
338408
864970
841463
309399
383614
811017
218793
493769
978904
840118
115683
221185
796952
537450
505155
45403
285293
403906
414514
866485
291670
950715
28469
253710
333123
6246
943907
493723
372828
205000
55729
621222
844123
312592
603881
565859
903828
461685
979962
470417
526933
752812
400808
155913
665192
886659
251492
2087
405045
869981
487094
974674
925444
718602
325142
539177
629537
592898
488731
468427
507288
641407
970635
875587
963232
550708
870033
970127
326996
321261
58956
758859
497372
830660
940099
576255
680490
612349
746423
688642
424928
343167
746065
536073
644112
298288
157627
414351
741275
191851
98827
982499
311290
419424
851737
779401
769307
17545
260337
255502
320291
138885
146276
507052
183314
887891
582073
268949
728389
953644
675393
381535
747796
265340
114312
689357
693915
597375
592807
801526
462550
107253
994807
849429
594918
113153
684192
313580
77872
528612
784527
23189
330981
340944
446790
785830
803548
34732
284557
281984
896730
630692
292166
160821
587508
764073
363294
815827
301708
127180
634336
955409
930487
395826
38051
478421
376319
601589
640100
406112
368836
316568
522670
136919
426045
258212
209781
243567
588188
106979
565315
719347
709328
538296
642954
771509
648484
208985
20440
538511
155076
968811
667944
717524
172704
450617
978260
202201
682729
687952
755752
772697
985657
379449
514515
987465
331919
524499
688503
268409
92855
613901
851167
582947
224137
664446
491984
653460
181832
529121
192248
429364
149738
945200
10947
345332
558135
72091
117581
908434
799498
651301
312050
829516
222260
558940
631680
852511
743232
68531
133326
47098
836050
142525
892582
116100
672361
354184
330589
881607
571203
778452
692100
264503
178720
995631
46135
814499
121822
284782
67730
592695
865539
857802
718404
870891
588570
57812
880187
740876
27892
793686
599935
484197
681423
796616
462299
128778
27477
896492
636789
823744
295227
266182
730943
634700
639754
919739
459846
630487
342011
673990
119912
247738
785978
108049
289123
868140
610957
556598
202184
881157
168462
916369
470990
436142
961492
59329
54018
177256
598832
38268
185692
225013
903315
902476
651054
940390
729741
938474
97141
211394
144048
918965
60562
994448
491219
723919
752210
82370
745906
416597
420585
112958
34483
377784
629310
420170
378948
755965
577696
856339
587871
592397
61334
9945
884399
854265
386195
905467
163085
781135
372104
616602
552803
329810
181652
327085
611313
371480
617943
684001
828590
384005
388580
922538
825670
979743
958996
187115
747522
342287
342327
495038
636230
267251
431910
543904
581747
573090
546612
893820
807917
367357
262531
493842
957430
162606
253170
305860
13113
943552
698100
317053
667363
347675
994620
446462
558636
691994
949012
89223
248820
841995
649805
899422
303752
877698
215761
997631
386243
361946
1492
679264
360657
498826
408809
306655
508303
872863
592049
60042
40142
890907
517678
55691
75063
663402
855926
570606
495560
938301
75650
475345
855740
175174
127206
433511
152841
842958
190619
236584
106563
314166
766136
599961
193182
498760
895296
263923
158993
114489
224084
689331
425941
64061
942665
370941
144332
80903
253012
513517
296255
733916
352866
299388
108352
37779
768260
729100
213678
33259
26312
944209
68759
693192
804835
231643
885496
508300
906954
176964
840415
258830
495135
443058
132146
323834
667592
522377
992456
590149
818140
988784
530420
834507
243255
272511
892835
721158
549741
700930
892251
517805
662619
41068
392739
200743
720217
830876
480066
83498
715659
789764
345439
142901
938839
846716
990855
858726
821041
312802
619406
484856
981137
851755
331532
122013
57031
777611
481673
966260
855141
805245
37235
530727
192346
952367
965451
751268
260190
715342
356257
645430
58121
69481
182132
788607
946431
40900
853499
303764
561734
947772
333505
894389
718200
357969
123499
518312
744339
196757
733525
274225
538670
923824
253467
854703
958727
687693
107316
585749
227703
708517
211960
551044
843462
780774
300994
932930
274843
649343
831408
886298
727180
610955
741255
754832
894548
356887
809076
717566
339106
197138
70701
218959
83982
491408
439670
4311
321574
252795
484416
891790
273511
292438
894251
82536
637960
627951
725420
881938
873263
761249
206410
922314
538311
824195
304771
157275
40873
195441
31051
348276
149047
201013
845236
248804
697544
510225
605481
761653
605053
873579
713940
312098
542706
759445
657376
122870
544848
328121
474392
822914
900800
89886
400430
470522
225850
294489
77848
324588
690939
393362
542357
503070
113557
10417
286350
490180
235104
997222
781911
60763
517966
970387
51860
828453
236957
333654
367865
586305
443045
866614
617321
460326
840593
565609
582400
238844
810794
643775
362476
547159
218383
159151
34486
247248
424129
583165
901919
523970
160923
481924
407333
642526
50015
108005
2789
246636
965099
611532
587930
247647
39178
454492
359491
11795
27046
235959
883235
99621
904731
821867
511266
845231
587496
677820
525777
396958
828991
800074
461323
196594
405500
904287
643382
574738
193394
597847
946665
827914
558496
939500
122344
613922
729474
446301
841418
11548
851268
18427
633660
471689
369937
526096
879262
910344
184970
141164
371531
792476
716627
547021
883254
273001
674311
563178
231791
189835
525899
10460
524101
201363
191104
274154
927238
391007
405778
698287
165026
637397
510446
374762
889966
696700
777296
533026
692740
936887
631034
615220
703175
422878
785408
271867
286660
353274
655040
497562
797492
691549
881008
987368
751134
324636
415248
815993
998745
345515
456958
501317
806703
230739
755560
707128
368157
380434
658587
651349
681848
667343
573434
682952
5609
464056
622923
372550
364889
983994
675820
303843
659944
244636
199587
865136
794518
725561
83859
707534
172612
794328
263497
503316
518805
791017
862902
224856
84271
662943
425784
259806
113886
811300
977168
891419
705367
200829
289656
896548
53785
967804
876430
516728
58031
315292
952233
631462
960082
923004
541261
21276
805548
587515
920185
624654
487224
277676
858653
82111
697413
35446
248232
244271
492313
678155
462464
908770
315186
378755
296011
751368
875816
547604
666986
877198
530350
880176
324998
144448
407031
834236
347586
263001
400245
6312
321168
512105
944700
821167
679840
404385
682886
438893
531442
938110
885327
281688
524044
583824
524001
407324
165448
677350
545450
658135
281349
163992
996489
467886
8446
298353
558951
237642
722679
648567
144834
965171
734739
436695
236421
774151
588355
618610
436947
40086
804697
847230
658531
462109
896762
715482
555909
992862
841906
731507
479491
601240
68962
395852
124515
487272
651988
354413
142664
476668
490927
477802
912376
834544
380742
762830
661496
606343
325130
253861
760723
322183
341088
90979
517050
676209
318862
593908
343749
590107
199694
500961
921495
755820
495877
146331
432160
486324
437901
669096
505533
186405
810990
249191
43962
149490
275692
377665
734007
704963
779002
398510
46824
623826
506508
915169
886326
739557
310794
415058
873539
447016
815904
278374
873035
260518
302450
647612
92453
116132
320621
783638
691433
490330
791993
322594
337132
651599
80523
175396
899815
535184
134102
177027
41334
254284
971873
117165
536956
622351
482484
368871
507043
755673
459756
679540
318913
698394
272110
523233
989398
574477
32888
682091
533554
507118
541779
839118
72627
824281
438053
952748
574828
189825
211810
497686
792162
959113
687011
379577
711728
909890
823439
149864
475210
10882
844469
994049
226526
270685
353020
956991
961750
270851
44594
123228
87610
909366
3520
770785
762803
121126
156478
457483
24555
651882
807587
172763
492879
929117
586965
548731
365878
153171
455903
141384
669851
474871
932545
43520
159302
939843
325408
843593
362250
356634
804830
912028
794471
308741
224388
96524
716367
524104
202716
299063
310406
191584
542492
375048
290914
610780
609020
985254
458610
884117
952617
858748
835131
784268
248850
354662
958622
545310
690975
277365
288597
91174
165569
441247
721564
143983
510692
206086
481388
762132
509058
946915
430114
345463
905809
401423
278655
739866
474844
597806
808777
200797
84912
393080
410126
761300
67244
741797
810888
535748
304188
284340
548124
105723
859615
656217
50045
428041
367907
462977
268141
957598
204147
721667
943140
997249
165191
968996
481609
562027
299705
145159
518173
788350
102712
368751
738487
785509
572309
269619
932138
961417
62139
794301
875970
856108
709244
577150
353325
514406
392582
831794
799287
384186
624564
259531
502766
655253
49664
40317
160292
727522
934103
639653
122515
91660
575685
901526
158107
402385
156239
560002
219558
246528
950752
176322
886956
38671
921819
55362
957842
657179
563599
762700
976366
136316
652616
2351
193318
151684
816514
828300
396598
438357
550713
19004
15695
538204
570076
652065
679901
976174
880160
511752
906081
156349
116848
243192
731901
842102
148801
341722
578831
172091
772740
238404
137140
426232
932853
258916
839470
800100
25617
461061
190112
269526
610916
501249
281590
200065
452096
396484
644705
95950
717769
978872
829056
995221
231150
237586
553050
868215
533618
19833
554696
842202
918120
463822
63856
341762
963837
612060
669740
229513
730351
532125
289864
791739
560284
77223
831850
251408
223221
659570
100109
25862
512465
116486
505765
646491
975262
287109
29479
150244
621042
686034
970849
408205
622464
652829
549636
133614
454181
544205
853954
742021
859618
990408
372498
704726
223781
751586
820433
152540
704064
315999
475522
457706
585979
299751
986550
163491
754180
841093
368775
774674
222725
994139
800382
368807
128718
72166
748500
61455
70193
343274
943958
994287
16429
948282
733857
484604
642498
470438
11277
694841
831908
803265
591655
660494
191306
906637
449366
849602
598181
27206
806942
888021
562478
94152
836099
316669
820504
215133
599877
155067
964133
227047
737354
973592
82069
764006
98074
345601
28344
215719
775556
321340
453989
818954
870109
30470
486339
895726
571944
791243
675780
120635
521873
699585
57586
657739
286548
68066
723681
650677
4027
181444
275845
264248
979076
944918
524252
493185
38176
363001
160267
302553
107480
824505
5511
113390
942795
136230
998954
764221
194450
429011
610534
253208
153156
574826
667285
559321
614357
844458
312622
936867
588313
945215
833236
546769
420583
692605
608968
712703
30552
328696
349375
425137
335087
737922
879631
733923
10514
484418
965635
13549
661623
98093
892557
398611
604634
157412
524443
496743
554922
862250
846658
405979
257092
213248
244375
576871
396758
183967
479837
648275
22822
284306
427352
774754
267819
39789
616768
880923
470553
329581
743313
380725
4474
541422
479423
564830
649528
163651
167111
267560
311991
745526
880417
850448
201631
136092
417362
454573
178679
11155
297757
707186
315437
368666
303769
520799
522738
328270
687774
797194
940610
819069
127449
962822
383233
490217
138943
99181
105729
721947
824350
148432
999008
477792
755279
80439
922574
711845
726536
312727
229613
771306
91470
863695
211409
113958
448583
749470
836582
497976
194542
621926
388209
534916
645215
721685
788079
537394
948626
429494
879065
770175
79908
217555
257353
791166
977297
29444
483511
714159
737279
3225
884060
806714
472179
802463
208695
350537
557990
412627
72813
568191
229874
376161
787275
403480
853031
12567
903016
823646
471611
852459
191206
547141
975709
845605
54935
865636
896362
633386
391547
728080
158905
998183
897319
301527
26385
980054
346242
913238
531002
87152
214506
12215
991280
429167
880180
649227
511092
165951
423759
852864
89278
594624
577417
272767
362381
711482
727084
80229
337246
675998
741697
584603
94523
124021
385396
673044
769002
91624
576343
890978
792903
842602
405057
558582
684844
998214
336143
403698
344012
354944
957002
120237
108447
665835
3561
177090
402167
437511
714157
590613
48242
505812
824746
1188
264264
26871
184486
483077
594820
292168
356058
775937
282256
919350
203669
238669
117608
227352
694976
907681
162097
32209
857340
451448
959843
854494
851048
430562
253472
200383
959678
442249
36265
784831
260573
522878
427366
340066
986337
62143
921058
241195
715886
639688
268442
900551
241484
808082
563690
266905
27308
532076
19688
874467
96521
605493
138444
417165
86442
292340
809676
543317
37892
26324
784967
10708
816956
185727
326679
132009
540361
71957
132041
163588
96568
725257
996265
858129
125193
283608
417014
866558
510967
712103
283188
590891
684821
72249
333217
171630
135508
225290
234047
98559
523617
489482
326608
488839
466411
513529
733920
219648
566210
911579
894844
570376
630427
33433
997568
345416
257648
566516
19662
616315
240196
765606
285211
657310
59332
682711
167907
604403
7305
228984
967165
994737
444346
551744
262345
790539
997711
753217
566405
17051
733104
545510
858815
962987
92731
259595
360741
461920
873253
83321
276856
86596
271160
591997
208543
332526
991674
348579
229336
283600
639086
623060
112201
789021
589108
827273
472757
530325
414475
894507
686282
864046
800567
110025
382678
295520
75582
921013
536410
248398
55756
963836
578359
583500
96502
837055
752453
149521
593435
196274
223107
96954
40295
532209
809064
502392
383217
938874
973016
596568
921156
444555
673138
955374
924027
425113
972550
871453
21125
638442
650084
637700
840009
334800
826639
417672
258083
872962
447057
205114
677515
313944
802344
533541
559255
305187
273822
179703
38039
233446
360182
283017
114334
503221
279106
135437
572768
350057
165778
482003
608119
608189
449095
670520
8704
536329
320517
239275
454178
695128
750022
924509
766254
213032
621964
307013
981666
217213
55919
520141
430152
258466
823380
840988
408572
44285
406398
358977
580042
626382
445822
560697
644981
490116
625670
397725
711445
617468
941788
370219
686744
797783
758634
624303
553577
229878
615025
669709
268141
73684
477022
97902
26602
774017
975029
997829
889602
79031
734634
402877
387294
851867
380943
448769
440102
159057
807014
531239
975020
591036
837592
686137
968552
770129
769599
517666
432158
445655
265694
2866
639900
31869
58736
653262
735775
623959
532381
216183
729109
960375
419657
989173
322430
40036
114055
258527
620140
970298
986924
101642
552361
32989
216445
561036
103095
518427
421514
485292
925554
448222
849556
32296
270802
840266
328169
424801
288013
142649
369169
599399
863321
85712
827681
446621
137615
925182
625452
912969
131243
117393
9945
544186
950128
473780
541904
296278
893544
143241
201422
968383
767113
324895
605145
803810
843892
492176
63309
617436
861974
806330
32020
988680
167793
256664
20788
299817
64757
689340
863042
168881
688264
144299
78836
307884
991205
101525
225428
677644
620704
926255
17681
914833
400200
915375
291056
513045
165221
904483
399903
329841
953312
34543
430762
190031
575874
404833
597895
494990
130517
983858
547339
783499
184870
229724
863615
311251
974060
224466
462158
434977
786499
70369
71509
912853
59793
746529
223325
800692
223945
403095
894501
134038
907342
687147
157015
843888
464431
523520
868829
487934
538065
921973
7501
311821
708266
756600
19456
339362
465129
627010
271552
378955
642804
902195
474719
475904
275401
260042
247461
549300
826054
37376
899937
179774
144964
744066
943968
522655
277597
932746
416572
452271
177550
333273
593995
498409
645624
875795
789817
143
524545
619638
877168
956795
600279
925944
518963
416964
471701
270973
641674
661833
994494
668530
478744
951069
634341
647945
689032
470927
123439
201169
927206
447956
301425
472816
122314
685395
525939
485760
181934
458445
146646
433348
324001
485096
324433
372422
658453
825047
88599
137422
373010
309095
139157
566849
79949
933095
23127
280467
683092
861045
739466
15786
440736
579297
877532
475793
860621
978497
306432
886293
613093
245713
231949
987840
238744
187140
711686
501295
275016
745515
602804
677458
513601
642561
444208
4928
721094
29329
951037
765109
853574
51076
561873
126761
353262
662283
976244
364941
195608
331109
361666
972132
96544
494605
61323
840700
507479
587204
69017
882121
607569
11702
683281
444316
780889
943371
927154
719493
64453
372685
637435
256386
279524
612849
352937
240034
421779
979524
933470
639994
195119
386419
564381
878659
479972
20279
981490
575759
547236
127579
206319
108518
398516
2347
379024
454529
303392
367547
911488
525794
318607
886929
616565
522830
655089
264304
226486
566824
324117
897346
482300
132460
299926
270305
421878
200132
674549
473794
560039
757962
945923
560830
699627
327579
319029
393726
146391
19604
92186
996547
909437
964140
648680
725712
682383
679982
508658
931636
100699
190097
934070
603191
725940
762549
173906
174945
434929
849341
485591
825825
886351
589059
663414
695585
583410
202428
496791
608676
555912
514282
156169
582168
147214
680760
379219
945534
13741
651701
533929
421426
516284
669680
53563
803289
530217
77804
905383
795111
930481
365888
335694
889803
342028
900878
829955
368503
181031
788125
371680
293007
453129
601174
355763
949613
434967
611864
771158
154447
123635
650680
415004
222558
980094
980696
892711
958875
790078
824674
497687
653288
600539
636962
720285
240753
648068
816702
327725
253429
913327
258962
719314
168693
217149
6444
834971
742071
515707
647329
976947
714807
759877
99850
992334
147051
576005
625246
941504
417266
599321
203693
743592
212056
129299
66743
490249
75464
185305
528231
67833
864015
663597
65455
871730
103752
793351
202817
806341
856170
569630
384999
86127
601642
276999
409471
340932
871758
715700
175511
105736
277712
745245
124897
290845
358955
297531
321811
768854
468357
755121
446301
664937
7992
735174
524488
687683
820542
52749
258088
365238
990009
1190
11773
996238
266013
24989
744172
574977
933435
509551
859285
332676
472234
721005
695889
575226
325780
469562
812617
924679
764890
97070
565302
643779
820453
332701
675632
301835
689931
925490
394741
75249
111001
250740
242617
210643
572227
78443
227428
309961
42917
408220
191405
951928
613941
964783
808273
140931
267784
910322
914479
949922
592701
650550
815811
108747
830538
988823
734141
845580
229281
697497
813181
197370
454526
732334
353646
527107
289104
982549
488828
105952
467137
915292
549491
891559
158436
649350
695093
632253
440826
386887
924632
541865
173793
884076
467418
461699
509018
227159
228353
790155
202677
695720
356884
173974
409691
50808
756783
555170
204152
421247
263239
280971
664835
537941
410043
223895
685547
731158
364626
172587
423968
247262
78935
40673
287162
123315
617870
582833
914698
105282
184722
32460
228732
620162
695884
658439
1317
312309
217554
353204
275439
418573
751002
509261
441054
841323
463449
135626
174014
451714
874364
610962
587179
267290
984514
488589
368957
44849
183348
510744
919822
895868
128066
184914
801321
748171
999356
930387
193616
975754
647145
247101
791914
782307
128135
371434
453447
773697
807584
96773
200273
229296
481350
410613
957330
425760
46635
774387
459292
701385
426015
134588
305369
745960
31334
91682
588975
301863
610165
758462
822799
470682
439497
154176
251291
309734
784869
303975
655602
578940
732902
519371
261017
904835
116356
535895
329287
931284
827879
637589
574029
81887
211619
869090
631584
925354
662354
548928
212612
171450
208525
746826
900439
617674
415367
768578
599224
170296
99717
271687
190290
848959
873534
503497
894495
767115
497599
938815
242777
466954
888760
152131
366678
993685
890701
363927
634856
716570
767792
850972
834408
493975
482045
414940
167997
860469
251911
316852
854142
39997