822226
106546
490660
561503
280052
450494
848244
895455
13315
49142
922752
561112
662130
381529
110023
102001
353206
826600
646712
580155
948973
693730
301157
935870
885275
823383
17111
999391
960527
843627
911035
909034
918692
363882
642233
779586
382179
805186
393061
61154
397574
626209
142542
555727
884247
736236
904884
517596
208823
352152
157720
753369
847931
934377
86955
369114
113201
165509
638952
71327
401728
58932
625597
945893
21485
823543
962276
187528
236218
412034
579345
268627
110313
705751
137604
512358
918238
580863
563262
319363
432674
634600
700496
869493
501764
713622
859534
322205
508442
903559
980003
938778
772517
423272
758206
874900
493330
332269
449706
600101
884701
379217
943356
731877
452368
227306
43365
239953
287785
450279
971304
723863
74906
389098
952549
497729
876266
358588
322259
493627
375545
583601
600524
74499
100064
950553
668418
125420
251831
568224
496975
538190
375344
408707
170411
541645
537120
382895
589111
388101
233758
577848
698998
56207
650372
481714
279771
266995
941267
754352
207036
296618
174259
663639
757798
15630
964119
872989
419723
282272
475647
550308
647383
302133
617943
511661
753184
190591
711293
27002
675452
803252
162016
880901
466796
912029
610115
718998
595765
920253
656417
918341
399951
298652
403563
161676
492663
465967
229485
90568
800415
247205
80526
754444
344710
53520
450870
586402
922018
260974
435786
870815
536184
554324
801683
404322
221582
946678
995772
115433
724665
633749
750074
432143
111696
785541
78278
187878
916609
324058
196358
106157
955521
349423
249162
389358
540895
581842
469681
44855
39986
304079
695404
366066
520689
238680
462874
473508
210977
196942
91027
60478
852649
892014
836864
152419
932737
649819
213031
357367
343177
542467
302789
318880
855286
23089
410772
632157
263335
497839
581676
621695
753622
300374
639686
987591
75177
22900
972187
821790
248744
62680
386795
127019
548362
176828
328345
295573
64104
632656
349747
119829
972755
494623
761360
482998
243905
852128
790866
507052
523874
177115
28236
977230
222865
474934
785341
689138
17446
996636
191289
139812
880424
337353
863592
550466
94047
826420
747752
670711
818440
759256
674254
937042
970722
9313
878794
8706
457510
182000
214504
920112
638355
32331
976499
835833
394087
431972
613300
143431
821161
712196
729624
723275
740067
382100
234799
480089
130862
28744
256081
900831
845733
160488
143707
991683
33596
592637
695319
395737
304169
713236
806778
624574
567744
601073
513414
369044
548572
840852
465744
835354
62841
553569
272924
353318
388959
865070
343588
450050
647609
534062
164023
824993
694724
506228
105022
613244
446627
637735
757915
992526
231375
367617
136106
891240
440875
995011
947497
277745
861365
22969
132084
808574
812953
709413
40425
242570
247328
644299
233322
393746
87429
632408
589824
208848
872
21168
603997
169809
113052
403731
376826
404533
39195
979499
385567
723907
713241
615668
323649
504550
39349
795784
22341
716232
902284
655366
923299
17610
73448
699486
724453
172189
346966
752252
553935
832384
493653
948815
603673
971286
493034
629621
917848
777187
462673
645317
32443
681763
56462
715128
180272
645255
329441
897588
29478
786701
838103
658551
653678
963322
503037
658269
148539
998519
540656
709581
415816
820614
244880
81606
246232
860511
30611
557634
28825
146219
783541
185668
908642
697756
752973
739715
355931
539559
278971
283891
626300
250015
373566
660588
785710
238255
685090
18553
203213
278452
75734
258048
67663
737013
154588
870025
318462
397568
621145
983980
33
695330
696716
625307
900153
118402
468571
67658
136423
560858
997001
775607
36843
457363
112452
829977
641799
835517
945307
350889
866177
543080
394253
805895
921224
116129
677949
499723
80878
764684
952321
490153
509716
630299
853273
40448
896547
223208
915708
980671
98550
536245
684174
676980
224085
297725
636335
9331
5469
31030
964205
647839
495547
215846
91225
237720
913175
660831
338807
96705
718669
747993
336591
701612
19862
895018
76448
391269
59397
867428
927348
996824
65390
816523
630799
778015
821345
340273
896001
250220
459284
28272
113627
816912
407454
890116
797886
550181
591008
813315
386127
351454
319806
923513
64326
857833
557131
987620
319526
983358
693571
186185
454279
535432
340017
205361
516175
810284
945393
888387
543551
791930
691408
253887
791593
189679
770831
539028
342976
43492
217479
605215
433287
271127
958630
952706
84908
311637
562263
200284
682286
169088
888384
938282
874872
877826
599781
809530
143442
254543
84074
46855
914285
29712
741557
653558
366492
174449
332274
301356
162786
424968
570032
332426
462310
965152
241192
49542
888387
307170
320862
442791
267452
743327
23265
845980
424525
394749
3628
780986
926620
85371
185775
896913
112782
57762
117479
155113
54198
572298
490793
970718
989225
337542
660671
476309
39853
428077
956073
40794
584272
817990
750085
907992
128404
95439
748937
607156
257672
233130
58092
561798
943986
965733
823396
70004
683368
718052
654603
844461
51709
324077
882523
773375
884761
767632
183512
547734
316386
839473
154253
663250
148182
565683
897518
870083
893371
88323
512988
936132
596781
171390
16456
504561
678230
796800
207343
494790
803005
60362
507843
47125
54645
535247
504618
300323
6325
623259
980895
46688
720776
475553
14327
937794
545499
65887
214206
873853
160756
177392
462848
695137
259202
385070
265507
446607
257551
201345
691249
510169
705745
406281
370228
253430
965856
513444
643450
113502
101635
897180
491896
442824
987107
654192
973259
682302
375713
469309
605273
991321
472835
642121
958550
119839
9353
995437
532899
692405
965278
427804
577680
602498
80554
857108
562050
465635
53316
403999
145776
186180
414341
647430
448327
787937
746104
579091
93422
232218
844717
364738
287396
502060
544237
221060
979269
168210
903239
430319
180203
949751
734089
671557
998320
639638
86219
856670
673874
356016
266405
936309
526896
402985
223488
661005
36785
669504
677706
929918
924100
267241
486723
377056
744001
640905
683252
826706
41518
832653
7360
116968
414686
608744
908755
784175
28725
598375
986807
714397
851142
297842
550533
800858
618013
377761
759096
673317
111960
574136
32029
351589
821296
747585
952487
629133
199893
187588
853471
598442
109240
222630
11832
52556
357858
105372
477120
883534
910273
337738
404211
216004
763460
239996
222058
38977
658139
429183
850160
499714
137633
879517
293237
944251
958230
152564
710684
325755
128197
803634
895535
2622
433796
996080
217906
543183
261658
595175
53269
450008
539387
447443
511363
579976
150062
68962
955991
161375
833999
776089
916078
108313
982705
772612
179095
495796
310491
83480
299239
776288
629555
14951
585450
917891
483961
659454
34163
885926
385194
31646
910677
774463
31237
946006
587818
116123
533609
134585
317648
246696
35549
406913
108724
186652
993962
992576
299782
969798
619299
332351
358988
768303
72581
556149
656787
669548
707705
118437
748991
350211
182646
299989
702148
794232
485315
250214
352493
713587
124634
844949
227226
219791
59496
783309
412423
35201
538353
205606
185094
285027
42001
347646
962575
510748
508445
876914
757550
49134
965736
646330
295386
487772
86306
657503
131622
411702
956314
928857
626065
998210
181732
908681
262648
659081
675605
570703
312810
85499
142123
400713
938204
448512
747978
551401
980403
51996
248609
879282
305535
766717
698731
684879
873800
127460
535378
131216
574400
135470
561453
629697
515799
319358
824042
260841
215470
783625
461127
719388
488995
614334
713914
917437
192395
882064
521905
536980
356286
110817
380212
980488
794699
986508
897126
899257
501900
411215
698026
902012
936661
269524
178657
954228
603014
922458
652306
923657
419648
485637
628835
703368
525556
697022
299332
912727
341527
102344
574059
249043
936498
251425
346489
341320
163541
229777
706492
130892
520491
998546
439182
547896
979753
392283
542810
923908
398241
983691
240446
165310
45939
960943
557772
429863
131490
840368
566635
976106
975364
627100
227163
11450
659475
922383
13910
805575
320162
230269
770065
669852
313769
83231
367138
241048
949185
736504
220283
361479
668203
764995
82900
691676
972938
450299
317607
953741
993457
691206
111317
700363
555927
267647
195814
373853
331623
454047
222574
684888
409204
934919
501194
908733
247370
807468
256714
385775
668383
637023
530601
896463
612265
598520
445175
972598
270921
127710
961111
346254
456101
202614
73572
949581
913171
98470
553135
35151
698352
821765
921444
705616
784529
293537
733195
185283
624529
971883
2154
144849
420810
683139
379079
434801
361631
187612
990282
601120
131509
517836
228481
688830
967489
646771
221822
533637
367228
780357
930267
487526
715700
916661
786846
735681
560252
612031
913591
170049
958148
495826
913894
439443
747779
455193
487545
703617
778960
24677
922867
950767
475536
995001
568841
450096
900682
183601
87494
481926
251735
626063
632014
639220
600821
549475
294975
189826
31034
858135
421043
893709
260965
271636
94114
837448
583696
96597
150501
678355
776962
158278
909205
251318
588513
523864
573586
955258
395140
792420
794783
919780
547366
52217
501675
837775
886839
27396
924843
247525
507213
981595
34210
221305
69881
350950
574402
915396
823348
241130
193132
281275
159415
207923
514900
897225
205353
318174
177856
558830
868595
693952
778159
478707
334704
126583
956758
290249
1856
882187
233477
782014
182716
637823
301289
613339
102851
361466
244778
992412
226611
4621
134645
798796
693748
597281
869396
854397
400686
708478
273848
589601
417946
135354
809305
178505
488118
665084
133620
818487
786898
204012
610611
552929
836040
926009
996075
301061
551817
288454
250495
337763
657105
750130
520737
119260
156988
133186
913593
652453
248563
607789
772126
998952
276159
796420
395457
457655
90878
326077
908649
76781
472626
675611
872920
44643
465910
112443
311181
101452
557261
133884
827363
783150
272723
852108
814231
238589
515157
155916
292519
991702
287740
506335
780437
101525
387108
878932
356362
224659
640331
287085
577432
169983
78628
663116
54104
666328
537995
851961
981170
842628
318804
809490
670267
259536
50108
234064
167417
422853
206849
715121
412865
517347
370829
195080
943105
699133
840205
398941
968858
992240
974305
918786
639397
603201
369580
909107
1815
663122
839242
263785
299455
363521
871073
842043
191148
804126
130193
101425
105387
900358
527557
702567
661933
143008
704555
403867
832520
297012
70144
227603
159252
450723
922180
492397
397046
697351
266701
511237
686777
192808
655864
636284
744984
58583
11962
476075
695704
393771
177556
735333
156498
14421
536421
526881
660622
25122
855641
684684
501195
56142
367359
236842
812380
287807
807993
498789
405932
885349
103501
888628
384162
244395
526232
502505
986335
545818
347105
588823
580388
862987
946379
448925
393809
422023
161829
745108
259593
184765
366044
922129
85937
1438
473744
677207
128470
316697
481987
870172
190190
343342
16686
837622
919990
173169
219310
279202
913851
879838
617563
740977
931765
66643
860217
866192
858253
851246
313096
301682
634880
133187
948278
761948
23515
318842
365173
791372
998566
916036
400422
911623
710685
117048
181364
967742
502361
175758
935166
694876
696334
470006
463852
399407
146157
643606
831075
134384
958186
257439
92883
691505
28568
242890
642925
797602
514672
522741
275890
529023
623984
810900
201127
586138
196832
34069
116005
449024
421487
250836
83853
10251
702268
831032
538584
550404
369906
90472
608652
8050
234315
701678
630154
50563
105269
187814
687044
805718
305297
712290
556877
46435
539864
67486
647433
25864
280088
176730
766275
655921
334557
616218
417181
347874
27371
751222
768034
550308
508966
789086
303480
382986
133716
46190
562929
530398
19067
416490
795712
641453
912165
534550
808776
372844
300994
977909
296784
364166
294892
10076
371219
769731
131973
709681
673461
781462
919356
195077
20815
432067
738991
24012
538347
734507
51115
823029
429003
305781
481806
406890
89060
568283
133133
498150
717992
665294
669842
642349
923265
342919
561150
168493
944793
81388
708556
129839
509718
763290
292693
139898
801571
834709
675952
306628
708202
489290
477361
985110
869982
415292
639954
856123
595956
894867
485552
281188
363569
891902
564972
55771
632094
207936
285106
962914
507033
899934
316118
480872
77702
49700
42458
146727
319074
454159
439692
754589
286584
268826
415180
895908
743276
365928
920108
102768
690612
13642
929136
938725
481959
456430
799092
179411
375213
412325
409069
317711
545046
677711
370055
902575
854664
128165
29934
316257
285008
633315
214505
843304
469465
33744
287648
38004
949306
472491
199422
712990
334761
779188
33393
718973
398797
153172
675598
680359
478962
575274
144914
140744
190934
610418
837316
406168
19808
560724
416374
658940
963248
473479
637226
16571
636689
714208
761104
542043
297483
444667
911981
423192
540182
673860
364120
99200
369512
808419
956511
655918
638255
248770
325638
90400
145883
519292
594735
248247
183634
378019
635797
72076
688199
470574
911282
381802
765285
708477
962689
983595
989285
708875
963742
57138
218559
411311
928905
528450
37884
88719
525385
895225
53674
488801
120557
161325
190378
757215
368750
921186
179299
389703
101488
410980
731737
352588
421223
198983
660376
220380
645014
935033
107402
559567
197875
250561
931560
327273
227239
971734
852493
479372
585137
256478
355174
587325
921386
863362
153158
847889
481955
920042
592406
480051
133290
748890
188266
310997
334828
323432
39854
177521
229108
334361
852799
45307
21522
19416
635798
626469
941398
964818
52063
11470
420027
548721
152360
870344
173730
924850
753717
567172
475379
674981
967280
434397
782120
952961
77565
982461
672997
122145
116524
922992
859903
543647
238792
488067
615645
750091
687756
31256
231932
601289
706805
675529
208908
947460
83955
911479
346744
399827
583417
953710
857731
391014
686259
103606
580941
710636
47511
824505
170998
311237
354133
357004
274585
740767
951272
966236
953465
451503
712782
704630
543098
579278
681492
452850
82502
529326
363019
393405
364560
168759
378391
147266
148597
406082
558181
230197
356478
290353
843644
241468
901826
136169
335341
466489
134441
582509
731365
881784
722123
43608
668641
607666
692790
500598
752640
647932
453967
856896
174196
966543
626831
228723
365650
574580
761199
489164
112586
96140
95
138146
796848
555385
978351
636575
738168
853677
784017
102876
407873
360333
569269
326041
903944
65921
923348
876694
229181
354971
757001
970000
377394
624801
40089
573339
515440
126457
15571
271192
439588
217840
201299
888468
528823
276198
501216
639422
940731
103578
441077
915458
550273
931598
383709
950470
247623
417431
106039
903360
498318
61891
973593
688818
834570
660326
703633
764035
834099
67907
638471
903419
480761
477268
689470
596443
839188
282295
814457
385815
767161
52341
264826
200049
640680
362863
286502
654835
805858
706151
553604
295113
754745
617384
471204
676281
108351
102611
442716
640127
563168
455880
681134
561161
185804
267565
405509
449739
195916
169566
228894
369792
829110
476273
887620
346175
284604
354596
688819
952246
593822
38758
986462
19141
105984
204670
211340
877689
783766
252956
578013
556707
320891
420859
570923
560532
669281
623855
279820
120120
407395
543504
765811
392525
557495
296195
341302
577086
267711
938146
60266
147168
940286
52295
492522
572552
377447
645562
751223
621510
161809
186932
124153
22979
346184
210768
678948
771507
233149
205005
809398
176374
930525
545218
237596
697681
731711
522591
381620
165251
873398
670171
763950
159111
341510
365311
738764
61094
260916
260303
616840
679157
92470
933968
126420
672178
972426
778619
759932
840183
905699
973180
306664
587865
909501
255079
348669
322208
280850
748792
305380
464802
46373
496453
602018
837118
891771
787010
143718
984690
162729
606769
338274
600410
179593
945060
393809
148294
850886
165168
555222
994806
911703
109872
980101
838516
654409
395699
813243
724494
516980
966723
649319
764399
980559
994195
427948
49050
261280
509892
301727
660930
944460
193684
634411
680776
59788
884771
468372
520593
436672
229091
882520
242755
430045
80668
588529
33309
112131
847130
715384
849969
771242
348916
734563
375294
938554
251001
501999
581806
283449
929592
368089
969832
297886
654956
514630
982483
118597
744066
441858
320617
962684
852041
143461
733043
511482
550965
25298
229670
678959
494096
114841
735706
363895
967550
256316
441699
44456
122347
815311
627022
573194
95379
212344
187514
45158
767213
627990
503760
829751
81205
524990
237792
519486
942165
965089
378969
251185
934063
476105
245029
325651
336393
797058
872607
846367
316246
235477
698930
759198
60317
738928
332431
689176
787848
467041
108426
589607
542923
562113
656466
851814
328751
980398
535627
426953
396154
775536
162634
539655
692093
859581
42092
325809
996730
268951
622931
355238
350639
368339
724926
845599
968004
190518
4100
359782
514700
475448
903661
324452
715771
226026
120941
460503
32421
677363
577470
679138
827055
415478
830425
584766
818388
5007
819216
714959
557142
866173
558923
140113
429823
319962
721309
597681
527058
511556
407042
834808
911699
520288
555255
512290
72688
927989
460150
607565
254155
690099
392973
328077
316005
847319
623194
528540
203496
145510
514981
771183
47568
236950
595162
7203
63992
415628
918625
912534
485501
378560
233052
686419
414545
951422
608316
835045
439774
373765
431169
864396
390676
517842
66700
809998
929745
671223
430114
384100
437356
435812
50559
291861
524638
839303
754580
649377
791886
890448
831264
691859
65848
6541
601510
284857
303225
659957
662672
382000
867705
876224
383008
410457
639925
603187
651087
308584
647592
869690
558980
518299
691349
916269
51698
859271
671796
233077
211854
957325
635510
242696
201964
184172
784439
321103
178357
723441
664448
418601
953415
144777
20085
485385
122857
586295
432033
250235
254377
27936
217692
940740
864789
454531
938391
83238
726738
391
473284
97922
323292
439213
364516
374232
312346
42213
809326
971818
73309
901948
530329
601152
220021
630258
695879
395204
835952
778794
893710
742861
332784
371770
390051
161529
913000
672162
318309
258547
224243
237466
540292
333524
515856
817668
337868
900069
983038
288321
827474
248835
93616
641056
647737
702811
827886
431408
620193
754453
121032
485494
407981
797390
994103
261242
366256
658813
180945
340604
292212
630711
761128
934660
863782
565645
260801
767959
442593
16083
390764
60421
417813
808060
808773
275295
744020
756001
400453
850631
434553
139872
14021
292896
690997
797153
636369
260900
953015
224308
712165
984595
974839
611606
550535
846153
252192
603603
775616
669993
387800
633989
124088
880437
384557
12154
684333
956928
972445
63347
481744
30074
759298
564233
159996
804906
833368
328747
532563
745147
219821
969602
194423
84141
157796
766773
180066
198700
261221
787208
810595
148670
932260
656223
121526
474389
210829
334817
248702
405636
501193
440632
578657
683535
102640
81268
907968
681499
956683
49231
717650
3652
893124
660555
686876
605645
190637
257400
724367
926578
292137
481362
778173
529946
467259
936326
652089
213032
341737
446293
525259
238321
536780
515282
651917
269896
907255
507269
37606
78452
965378
724210
436128
838211
320050
858547
156455
951352
422022
176066
144544
768031
600416
747539
836067
699714
114766
346526
309015
169588
202229
42042
432041
908234
621849
731045
666665
702762
698251
641440
506881
615547
135792
727671
310162
131260
554153
773919
696108
389040
498724
394167
716266
670711
21951
195633
894952
231225
82772
145290
144035
248955
946277
541941
348651
609747
432805
440918
944519
697848
81249
570217
864357
909363
931401
229059
35516
807730
657887
508017
486848
383675
322811
466621
64833
738494
707704
627151
612641
980739
666751
353967
618608
384962
522606
277928
912358
923281
688292
510024
157052
525752
841836
633861
969831
471008
818755
711290
863474
383018
28999
327566
56118
860253
186815
852021
228921
454583
928769
826064
632929
566180
861124
917040
761107
874508
922690
970424
687085
262343
237385
202976
637084
788012
215263
411606
575834
201159
15248
757759
94215
871592
910934
40219
214563
950360
279651
353606
364006
896935
406221
10202
39868
568737
165910
518642
206368
296095
228951
660490
192404
609785
611465
483074
200570
892889
937392
205569
635731
897195
368421
170294
872529
732656
574334
271610
223706
604530
272412
810257
23516
844434
809488
528400
925895
879101
617834
502808
892140
918077
426976
28864
387184
186987
788504
46929
900780
809155
400466
255786
21733
161424
330613
323396
929571
725510
2677
261840
321904
171950
725853
426557
465198
195516
263166
283606
691733
86780
369460
31751
637897
920235
436177
523583
866068
797794
486441
967153
842117
617709
73786
937654
904100
386810
770805
947533
692368
801965
379821
825090
834039
944080
126811
967340
149682
473768
891532
336335
943803
563107
976424
929634
864204
457901
420831
972588
59669
490913
636273
874248
795416
308509
545562
10631
89317
725550
561689
985204
855725
875754
532636
83378
606790
600221
262666
74946
198842
547867
469612
135969
672460
136373
912569
51790
710792
23046
352252
553961
729350
675053
351524
746551
905595
408021
378728
45570
19451
553391
487573
490526
223759
661697
659189
945222
191150
67928
192029
385572
530012
373081
661012
63215
609500
878902
662363
84719
360595
196988
335006
636700
334907
839944
561077
435620
749824
302938
940759
805196
665083
916801
862108
601582
111944
875510
593772
456544
703366
899845
135241
350069
564458
594278
813239
182173
539456
551658
459460
191656
148032
732753
184247
11815
278601
762808
785561
87091
520764
976175
727322
319559
693880
959529
48610
7240
953389
19725
710326
183910
14879
967273
281218
853850
415481
72390
758025
492879
666251
644438
798758
154333
422306
996362
250749
543024
22083
935168
348164
878727
396803
406426
594536
398297
918278
430122
173853
35794
14674
948489
493509
666234
620687
735559
677628
861367
363357
788732
750910
720489
802834
524541
529205
909363
194959
156010
497059
175066
14270
311589
925225
719365
168170
216477
354226
935972
633274
619784
679039
623598
832267
214703
715471
833410
705897
339875
70122
121327
711786
156429
546634
441423
518056
279139
589287
933646
607833
926391
821342
812552
139277
893225
465853
650576
631811
795773
23085
7054
586151
766727
580604
618112
111340
450755
280263
944353
603266
112001
112320
765670
316724
807805
286754
680741
655585
117069
454062
220625
54485
831987
246816
170912
746372
567890
353203
241933
13218
991870
754958
270329
967138
570732
666314
764717
90441
662408
92192
73722
834477
234534
688372
936577
725647
658064
784696
140815
940882
366206
741246
974752
187416
189027
129951
948805
847160
850340
131009
303456
804189
178019
427015
391883
482942
592442
786715
609688
623285
687108
206289
536307
444287
970005
122616
888996
342031
477641
623042
508785
280335
193786
463437
380448
160500
541003
430477
325466
541948
330017
791896
362731
660231
85874
556238
450470
934863
730165
147299
86950
406278
689337
519051
925487
630987
730002
952769
23090
200264
322605
484723
656943
213866
373253
439373
703733
626430
812846
418400
41157
220901
568079
245423
171797
583091
916205
673558
492272
945194
614114
696024
955578
825038
212844
577795
56658
538917
719201
8450
555728
380237
891969
878207
921901
157817
675940
351346
337538
485706
984082
442827
639017
837766
54705
798840
945984
777399
763801
708179
780620
606434
594500
864364
117305
946659
106401
544750
557439
798242
837639
667696
409313
352500
775750
194714
47760
605072
440090
543410
826860
456043
833465
203202
806378
376627
360971
752168
952656
759717
738618
698746
286301
246092
647071
181715
974087
261783
908315
377855
781084
390293
223303
451519
903178
577551
80899
512249
535098
795330
182955
367615
641366
458743
398824
886138
393836
227713
671138
685874
60842
109011
433811
96445
199881
826875
872503
79811
410951
794431
300704
421033
981132
162066
922149
149282
596910
617459
529722
764366
908688
728163
390235
787405
640421
596545
312163
680741
533778
17859
960441
215692
26290
469523
671785
813202
70131
717188
298769
439661
818909
321391
440754
891043
776563
84526
976422
380238
452594
789044
419825
204815
907382
227976
512111
78098
671100
595612
980781
218041
953026
153806
814932
440039
770123
776826
499008
959916
415423
195130
957232
590152
997870
181371
714581
290142
231029
774525
346061
202230
665337
460198
958441
269615
305297
286340
776874
751807
760512
904414
676363
683240
384927
885557
635192
469050
360218
670876
458844
297087
124753
871857
745368
434694
426654
291831
629711
617231
451510
858641
346526
607504
714600
436829
40041
120546
393539
972587
603601
546763
219093
642265
241153
786664
77453
566221
31144
515383
469826
99533
211265
761023
586444
750334
850637
480476
216784
239223
515683
988459
702938
339009
83229
32974
247331
862125
947380
69724
191345
654482
119846
739176
109278
721122
996435
825772
531568
980968
280616
550291
120679
174497
299762
931360
802710
817908
189908
28478
851625
642318
716116
121700
944133
448222
624399
855716
18381
337258
430413
463569
383168
270797
762031
905035
108799
882445
137285
736681
401004
839773
233724
299457
870639
185004
846900
377942
715538
659815
828272
815135
903628
974482
334183
844976
559579
22590
785015
353864
793546
390888
159609
539062
952466
881262
144367
69864
419229
292847
198810
622289
811621
790205
895465
960694
220411
896641
429771
465366
387620
155564
897061
265716
791646
757142
887776
690754
898048
880821
812697
652715
244479
333626
138876
33725
476045
333835
330603
824754
454683
185625
721239
335322
587456
143071
35890
326822
79282
909814
753275
167699
41776
228950
556664
166640
549058
695853
354562
710414
974360
622933
972090
587204
322576
428598
492890
735196
631443
111224
923366
732254
26719
995682
921088
472566
510815
216212
347675
859332
802741
499549
150472
759105
890010
615546
327724
80329
246429
89452
839315
407305
592455
500021
547549
614981
592032
832494
181334
71942
979338
360136
170788
829343
440202
958557
12121
71195
612967
162226
631272
454661
936299
802380
782645
965588
272006
265579
114309
48176
261458
345319
598421
177381
598898
704230
875142
711267
525523
983544
538485
970607
762772
197903
243561
354858
19970
915422
48742
3708
793212
94220
592862
677597
949430
549973
699143
58048
230424
182526
46408
519708
850630
604211
72205
613720
975931
664190
178489
118098
438926
178214
354171
976524
726679
456546
78330
508595
999403
902328
935530
238477
984898
179127
768000
236351
192058
764301
113282
890105
199413
380742
883575
184319
51805
602018
856190
187796
646727
924177
499323
722501
643381
660237
780076
771663
241654
900436
973274
598382
872488
978113
410154
282563
355486
414598
763731
473824
390236
352392
505322
426292
260735
991383
499544
545550
208634
92041
163822
729231
571130
348850
850127
805425
334507
414721
548491
955758
448020
397754
586509
571662
722270
836555
872298
842960
896946
53326
888025
486068
717183
728026
941506
84195
94875
160326
699055
718076
571201
471483
260831
511228
135353
460789
559609
288777
313429
794710
343454
126747
965783
369319
301143
967752
816560
722604
407982
931754
403043
514722
548632
322350
567048
333015
769231
181436
238125
257894
213758
65342
453079
968462
842006
905552
250406
169007
840254
484034
248726
16352
739047
936972
814178
387439
25853
803663
310851
132854
339769
895364
255190
558486
424787
812419
871323
636371
495573
229298
198169
560460
546699
190728
268384
164053
379607
708605
711782
630259
901537
306256
351955
584627
420907
703412
511576
986727
264002
880600
185786
656574
37776
600274
693293
527295
539151
442663
52571
131170
492888
651321
973764
884107
348697
56782
386879
362275
963237
135161
365982
821461
932390
924263
175855
326050
458541
59079
483103
43170
134634
925911
291834
764504
445879
510152
444237
138800
69902
924877
488109
260247
502236
61125
269392
435447
453997
72451
770968
942286
595014
836022
570992
473834
145681
941626
728015
482755
762739
354682
968730
561397
243770
253823
595814
770904
777522
304986
737243
928510
448599
264874
290868
274184
349412
350731
146722
98149
604426
242971
332624
558504
910780
681450
783746
685445
44775
13822
190871
995305
208255
323455
435309
317619
893109
745285
632739
579858
632388
522429
676857
921852
910763
974642
469396
50823
491509
239998
887391
256744
996340
418572
268427
224839
454732
52168
572342
699259
333867
447142
55273
683367
908886
110732
325564
525232
753503
313885
28692
186586
348083
159395
68237
695486
136015
398808
339634
977898
390547
414545
776233
834133
548783
991368
918316
861309
281978
379780
271602
588511
697569
266471
794988
745938
608764
181140
827371
839745
810428
239931
778078
512067
419841
361282
534649
282265
439048
119249
512050
633667
5058
928570
226661
702847
379967
142020
733272
143007
245321
678419
997976
493126
897230
330229
438402
94014
324149
427019
110814
353657
225169
925202
690021
927267
893619
6029
701731
530848
566489
441297
417975
563367
239557
130732
630264
211898
717545
730803
250354
844161
995518
358503
307790
247106
30836
267011
746575
519168
519684
638117
3769
28781
82465
64918
974668
627020
507084
859448
510446
145448
430151
23499
542118
402730
577377
534812
64900
767259
690160
542218
529503
968183
149405
31734
763895
687786
978841
524806
674040
210922
986094
368726
553504
471344
988464
207677
449591
726228
869394
788919
178557
860100
126037
588980
226978
580960
24218
598972
988655
44277
781721
723069
892034
921877
302314
598195
178358
159823
13569
372722
115809
528273
448567
518931
608567
209942
587843
798009
565963
623949
676295
868478
839862
194952
693511
714943
568976
338077
267764
31553
948891
573853
748710
672191
342912
926574
77545
742929
50993
864584
176302
302714
806317
283528
713059
215182
901154
930740
833117
25150
924012
671564
578480
542274
250172
281673
807393
285538
402836
354421
762483
423712
407982
575014
389533
541893
360124
408024
85533
361799
10955
855206
654438
965587
406465
633125
994229
215677
404485
502941
787586
575549
108837
634321
326582
236466
467098
661159
924750
926737
243580
383322
892236
231307
193957
587586
674691
15003
786726
469132
298694
708903
778943
122541
605105
553280
964411
493874
320723
354180
575974
213174
410167
44707
205932
317742
988430
631038
306128
783070
641722
513835
977605
102702
212729
128405
375020
493783
684460
812481
214315
678712
12035
228587
977766
985349
895559
319695
585629
964766
889668
544643
581410
495678
752465
776001
287797
208586
713726
46915
881918
977993
554200
902919
888230
720051
250395
207346
268946
629986
956533
345937
514172
513253
101683
628858
140016
2932
310154
702353
699297
623101
944580
707686
528614
583837
794246
78588
964500
590954
751994
72869
548024
332973
177245
255304
534961
173
495654
96709
658600
33766
857618
253743
747950
874905
732425
259832
859376
981309
441902
133995
760537
13651
315080
715218
434052
69591
128520
465143
596765
930258
214134
244296
481491
799436
339132
172627
18363
576735
962767
278897
503748
807719
233846
572160
51731
658710
368824
405705
843003
812516
789926
794944
635162
223523
918978
413225
478931
412976
174475
356119
614627
578374
699622
178959
206946
191980
113451
802892
356441
101071
513417
213084
986938
422698
716758
95592
901888
453921
53814
185361
379812
416622
563687
759861
110009
81330
404200
149008
833188
824557
22532
276735
71292
455625
44031
743328
768122
58129
574619
201750
691741
221503
641415
833001
613021
98546
899173
427530
748681
478590
351479
34355
523327
196702
887205
165613
752072
155908
220845
544171
44302
645329
118311
968404
435642
509920
445044
867422
33902
703037
340675
618518
528860
742580
780479
448828
391553
102275
24665
973450
79554
64113
833581
288085
149153
912120
53907
312525
570844
773149
825605
477215
288674
514977
847464
829369
234418
956496
323257
168237
684499
150582
488533
488367
482538
196593
393252
245945
40123
770914
873956
944526
399231
569277
942862
215514
498077
450304
730534
917560
545801
283329
381732
632014
220534
521247
639290
884243
351289
491034
914306
927345
619579
390207
387334
94534
343579
111356
197867
449412
270558
222866
34106
81271
541395
876967
73036
990566
240968
49531
80850
6547
891682
510067
173118
1182
389085
588625
807698
631814
240993
734341
112131
7886
210045
880284
257097
642366
720770
494039
110342
921792
128766
277591
782864
191787
897172
640499
254493
826654
545653
1964
485578
252674
385149
155448
317704
308145
31148
848122
460004
323637
284031
68627
592625
609384
971754
435346
743571
166907
98741
854663
906283
459411
802992
841781
453914
377230
106004
759781
56692
16164
600184
742295
600387
823208
716653
164756
423925
867756
882998
311775
306595
88196
507367
803466
639358
27364
566553
853476
603928
852323
373703
602256
533004
587360
616520
725873
933644
817155
48873
58049
932741
551325
138086
351233
461041
672489
452741
981962
448376
431028
785936
979203
211396
100312
478381
249708
380512
87268
643483
927574
23115
152152
805131
144181
591903
20235
521497
25166
89753
496815
303909
737482
976900
650029
969042
59053
573767
794090
638043
568608
882055
468395
311053
281578
872122
112469
81189
959549
982602
713997
556358
713133
557409
288702
961686
939899
634775
72569
548279
480336
815030
592438
453405
355525
477094
993848
478865
163999
987386
566415
393217
575064
817685
469815
308545
375896
306746
318814
531618
972675
688
208451
535981
630827
545102
618682
664829
28966
532264
251340
17526
755387
35670
765755
304166
325366
396702
707490
134902
336283
736189
926651
119884
209783
796567
970811
378113
358418
757176
842712
45626
908416
70918
463466
91557
341975
824262
828911
795858
709690
590855
863593
544299
923924
818414
698274
573714
355361
782175
632208
477077
951398
879045
154515
897744
613761
954751
889690
649440
844763
497256
909798
7999
253305
726848
697447
834049
491506
270460
514626
133354
626619
291046
773428
837610
192990
56690
920336
326326
281801
969119
922404
565315
743619
491014
582458
743393
96505
563203
427194
261747
887415
574333
644589
663687
141810
139859
767644
692246
740161
288740
136918
603097
492332
355835
625041
390085
802525
477590
461672
907621
4148
714193
190915
10707
521526
54964
784853
708499
328165
252822
310014
957196
325290
4203
585296
760356
881519
950641
746414
485367
115145
60148
748304
74739
283475
407673
215140
832275
358614
38541
796751
276149
715492
223594
239121
848602
687364
420162
308103
356026
295047
698859
531337
824322
888953
736104
887603
942507
389747
508432
593474
306616
551886
128030
195540
989196
423922
341268
978577
660709
211532
964940
964457
735417
817245
492892
753971
126251
334767
677221
716213
428650
923876
55608
566081
384231
901415
234598
632188
737072
440003
201315
378554
361390
48594
935126
57861
49143
605709
350272
943485
826833
234883
177478
793241
964804
547301
92508
491723
168859
601278
18256
406210
607799
338623
719665
534089
597903
538360
766106
337549
617607
656355
226974
828987
67372
201243
85969
95176
354698
15338
800625
348682
503466
714943
7600
489923
581740
841470
879007
494015
141949
697330
95160
91859
235956
138910
327112
190853
347086
814769
753271
641994
45508
644695
938166
296874
125639
998508
76419
366272
373272
230539
561564
279645
228485
157445
590078
915725
2755
392046
890392
339697
939301
91921
330385
24523
842167
638019
791859
160537
770873
581909
997490
158232
975355
995811
112285
51177
853650
546185
781216
340625
99892
522421
732339
450395
938613
622808
707235
873112
254047
423287
396155
461703
589223
891102
209487
980431
983634
893555
414372
702184
108580
767080
707647
497114
533504
654282
312009
54814
489249
888055
310555
876449
437235
697260
473772
971238
20687
76924
277588
400010
662674
729437
582268
787107
84505
954909
526181
468738
890522
181362
482513
398104
431010
107374
658641
463989
513639
191889
170028
550315
272905
919737
788201
930705
249770
605300
39290
295140
547366
237686
230725
689287
915505
364262
776464
89387
926924
625362
158215
673289
106724
974659
40877
310028
263559
126188
541661
907853
110979
701564
764860
97782
435549
300883
884158
233479
670315
960272
976209
149943
981263
338953
542953
982898
129616
593108
471977
311041
350166
160194
246699
549768
704898
104812
152236
573800
261224
152805
862487
226757
22506
890191
404396
905058
30066
9417
203469
308775
498955
924038
624613
583813
932700
4729
273653
444144
577859
529196
826173
304075
839050
392112
938947
336418
79241
590831
811139
461840
611928
519325
162355
624129
589614
563021
984177
191954
668379
312352
142155
812501
566942
452888
139307
127344
356
589834
631581
847972
622110
516082
343166
155308
359869
544737
469380
122044
377933
650513
833252
884136
106219
800665
819556
923238
52068
986811
884221
297644
585836
25819
403052
282291
996728
507083
874773
905374
632824
983617
74580
922355
268980
677994
227554
609415
305282
692311
869345
696761
480610
765845
396869
840660
902582
780956
493726
681624
229920
997405
760709
756691
578490
126270
109603
139112
394285
923938
325913
512625
105774
363809
922895
605825
318747
314455
340381
266114
764782
23256
47695
688957
66459
28161
527448
795961
377356
979370
699927
281914
251319
18743
941630
281770
816728
971022
932389
715158
133776
121443
431786
806351
421914
158702
620354
570545
267558
815614
695393
587648
927956
616679
402178
370541
710990
86615
365139
135993
382850
287879
254336
453425
806395
440781
749979
35159
15451
680653
944421
468129
960055
178000
304316
815642
424655
730541
378336
530727
737448
454563
786467
680421
846024
604489
834285
748397
720589
663836
244521
801849
361131
815608
555408
704736
963392
294370
914576
388669
964246
999938
5528
156398
650804
932014
967171
796664
350945
267233
434910
300232
659638
831178
357208
723412
326175
846465
360325
807776
864942
387476
557327
751005
898715
681600
351097
121644
961820
252347
973841
586816
930461
124398
711986
847713
578269
235584
552307
790092
499685
75150
376624
733623
985637
545782
903603
850611
635116
860115
27838
590955
814531
188931
41847
497353
333159
694051
857904
174200
469730
509340
120452
454981
881495
71463
307037
199812
548172
761409
259066
888366
367672
461001
416409
700679
557037
266023
98469
368131
459715
42699
911473
606818
272684
208151
896993
637027
396197
915049
372777
497894
569545
905544
297964
439137
66752
579690
603462
127934
782484
79327
294757
541648
101988
968990
656978
815921
867761
888874
774670
676409
584725
521697
387287
268445
979860
353505
659978
739297
384203
326935
449570
745403
684293
142054
847070
173382
748973
153264
874241
63711
457629
88899
33267
735456
278933
623523
260421
146615
698759
104176
990034
627170
706574
652020
658561
368009
993471
33739
493350
418487
187928
371567
741960
471351
361110
745823
197821
173447
279458
366060
562610
178875
71787
54112
894855
454769
774735
5323
571351
134445
703154
795371
997269
340305
71986
959863
760849
921082
503281
255624
584602
469689
325585
562661
781182
412396
489854
972073
476077
474617
688548
607187
361788
41190
880258
153706
648965
127064
570390
551179
429419
906791
570616
307089
823675
872282
41027
207967
493614
996868
745069
125196
552907
345210
921272
316076
50153
742767
56705
700727
14674
635375
818870
26201
763588
406708
180453
368661
916049
798376
611055
582166
230310
380152
606683
414996
63528
876561
614535
827423
133434
291578
983161
86284
387931
265358
980051
196985
332141
432980
442533
391550
124112
264573
296861
785393
600621
522617
845657
699990
266255
937846
644829
783522
30251
84150
832800
574314
29824
913163
670721
167725
757017
83314
834647
294842
307376
188362
258597
777023
392109
814511
276397
515888
864587
807032
371803
877328
454748
878729
71394
942303
402083
168533
880868
394337
625183
160499
963339
966790
680167
567452
874805
862843
7024
244863
36876
936332
569388
315841
375155
301108
118093
59540
487900
977923
626599
238195
495030
955114
281140
436855
403268
205926
970609
241177
470281
750791
287909
886341
485087
218780
222145
250775
814184
80957
304163
448692
654747
744309
785461
359304
318848
833417
478898
670423
783863
12521
614793
664386
701233
375091
578458
759769
657282
92894
845213
319767
610127
506505
479906
470654
515618
623456
9202
908432
741212
792104
600213
429863
600458
462057
90093
891249
780048
213045
654400
465996
905601
719768
820243
184954
344401
735902
290993
199809
925410
203259
585931
157218
19258
788187
541241
924083
313174
517767
795871
147867
25176
17584
610026
761258
142107
54492
327290
39059
527271
652330
753242
773831
859584
396227
699754
176366
668569
113631
60702
372612
604454
615409
369311
353935
37263
446641
133135
103736
147200
457860
87274
503117
891741
515529
904584
301202
790163
699586
191934
165376
441610
301469
703140
890395
216118
600990
409010
1715
118733
309676
472836
854007
961107
245749
678653
186352
611600
857534
978759
380450
173220
738570
397048
54074
675377
997286
228304
153395
41974
693583
322591
374924
564988
848257
990212
230814
126696
502110
808143
978652
486577
278327
938888
580268
654892
829561
300233
34716
907843
170359
873030
481026
217413
809487
246701
632949
424663
165500
513896
815586
602247
135736
734720
105931
936769
920588
727515
459106
311258
957813
439398
256382
378122
567092
187598
824376
928119
552307
145319
766373
226348
721615
506992
18351
630952
682246
779054
967314
53267
544638
605108
709744
10636
814256
950596
933522
444189
327855
252496
79100
149648
878105
891673
598252
516187
936729
909625
137263
171958
465622
508987
751007
156493
896187
561192
967548
54033
456420
891101
795878
745705
420642
873239
97204
32711
166123
757073
72181
813973
464865
184452
685697
37325
804797
424589
942586
266664
575768
363117
766948
675886
553750
958506
864094
521004
538479
195410
640701
569796
581915
915551
568004
72286
474905
796278
244481
719677
339997
725450
541126
715884
809364
683870
578691
969174
288277
692007
450877
130421
782181
812815
395501
720547
453863
272982
122295
459724
426206
160211
895045
513221
658208
690969
17856
777077
854426
46260
974059
518897
587706
973651
447004
72870
647485
917055
971543
165551
966357
110601
268808
328199
501174
315587
550109
886680
441277
979876
307070
885234
228541
853903
356074
539095
355624
245997
322287
144243
190999
539254
563973
700329
118582
977935
60296
352328
409167
173582
791633
410076
505265
426009
290992
416545
133885
372204
299271
321939
552204
910073
671174
626977
625024
132137
553982
312255
102374
3009
649700
717274
572933
58976
385189
768359
667910
757732
460000
96661
715135
156333
362885
717089
628254
793209
220296
578503
783982
958254
459585
929430
938697
480631
633379
267357
294363
833990
780694
71361
697422
981367
874420
112944
112983
195861
534941
156848
331996
626357
455672
565777
33857
957056
712582
939777
104462
570831
467364
749118
356926
355887
316573
808486
877479
316227
170537
927978
547649
740553
89159
233185
270868
389301
2162
24633
272578
925177
109763
491336
378990
282150
561378
422656
17352
622764
342314
126209
759991
342269
24601
579209
868193
946448
758000
486342
527322
696386
616109
969868
478630
733654
496867
386786
621101
509725
924531
902135
396730
82353
539881
69042
228207
916443
828789
112615
94153
22101
41348
266981
514636
840041
565882
201260
284043
705848
823118
885692
791254
857750
57923
807368
176640
223571
684479
779146
546635
778453
335562
337200
554290
346528
497892
971444
856147
727352
84994
351049
479480
786206
262247
856177
891777
809525
520732
768171
571247
177160
311564
664906
509071
89445
371326
668705
842113
5793
545839
354203
842148
639999
395531
190951
974432
703084
868808
780176
887375
450401
225695
239466
187848
451435
473512
843944
521226
677831
955986
859531
730306
825831
710076
163317
689273
199825
622642
339420
677341
772327
684039
87130
870954
693889
203979
263520
821173
381686
392489
56331
726549
745914
782304
489999
881134
741985
943644
336975
246043
711106
850160
693455
37624
610486
793330
882689
522249
194560
238836
466939
98058
953927
209818
486474
481555
102206
438237
254624
80488
273316
818395
357672
728155
152295
446296
245499
620958
87076
829269
756010
91497
493321
724363
75131
238468
34460
444484
959282
112754
456916
547479
749892
589434
962149
584126
358833
140883
254937
252117
495274
334507
404570
634609
986541
440084
379724
194523
138930
103691
728983
400360
257597
837991
279042
600502
216340
497947
511035
600773
721163
797415
590323
501167
753979
530081
533414
148549
225041
771356
114808
954568
545282
550194
727419
407297
890140
950324
620685
561086
268472
250730
98335
634921
998412
586952
380240
414150
422493
851824
78583
549640
654353
795998
214080
903057
645282
693173
538285
314373
31599
543011
532478
334026
921645
787827
97068
727134
127994
758447
782670
575572
59090
183279
198495
565228
794650
316226
649111
205646
938074
317240
560245
317219
101384
931339
970398
104272
452031
552040
56287
406800
29967
16605
77711
860845
594605
22048
16208
733467
106251
782905
737716
978673
490755
748621
388027
862725
74924
428425
191163
216802
757711
535975
328217
341928
721524
584928
451891
947713
243797
426414
588896
586044
402036
209085
873615
986375
483784
235565
600076
114637
477267
344070
396001
973354
147727
267385
623193
821639
195526
321487
207007
347607
628353
77617
839622
305837
781528
433746
922146
85623
551720
818685
348755
456283
20771
460982
946850
803756
434562
625424
275203
398601
478997
283083
345338
253394
248954
315943
484059
352328
81900
468553
417257
485824
951667
307977
580768
702084
208057
161110
858639
896391
379133
623495
39900
882306
604193
324286
64555
838063
998301
794491
731674
105249
234006
89147
380131
247358
401417
926026
824165
53211
199777
552748
132476
163890
942953
368356
233932
560066
372508
177695
256029
520387
198487
592768
681504
330501
357359
605065
185360
198180
307295
310242
510964
156330
4634
744393
79873
861953
949055
106903
654748
808787
983339
464107
37052
637760
108520
785461
416046
521147
219266
702113
431666
880578
956922
92317
569795
999288
7700
73737
266292
341664
753547
863227
978102
277880
113445
864619
113590
604336
364769
882882
554403
851781
880460
449530
520013
809407
561330
126769
58153
908611
610034
786256
977009
789461
2731
113874
119976
924846
491858
264692
781883
684982
213222
792824
413059
13087
114170
721109
306408
785566
917873
653374
476831
416774
985801
673933
170707
473154
138766
221132
356770
729902
44270
412768
596798
40787
733037
127763
911732
392637
356015
427196
533769
892155
107634
147277
872000
825779
497119
591033
333945
325023
835573
551936
985907
792552
323685
934424
501298
987421
260541
653753
300604
673104
530300
792006
839421
202061
318980
190995
680138
938680
389485
598359
623426
943362
460853
725487
298577
232583
710486
825420
211534
479368
125424
644219
339780
129472
620710
73103
121550
786661
203205
146541
416348
35708
348894
410996
551506
261017
995508
830599
961103
394994
455441
827384
944331
881951
375603
522258
306969
156529
101668
827459
345868
910828
88039
543140
100406
449314
244494
804519
787595
736941
631145
212828
475365
163976
32920
732832
223713
521930
265154
280482
67750
819137
554910
5523
608326
374119
440366
286122
764028
629443
272588
330129
930517
294495
261853
26479
141164
508258
730274
209043
353934
913481
478765
213818
1212
177414
141360
33597
609806
388597
633713
879066
401204
788023
604249
847324
891416
979693
587500
866154
592223
395667
904084
2410
969295
715894
319766
424528
467339
378707
891878
411975
534009
189134
23765
820218
90884
981836
831144
602303
753277
848109
841669
402208
510556
92201
929543
412168
309989
653830
398896
187719
240870
766451
249022
805762
996316
156613
168918
42874
81846
818827
938781
673847
243889
179407
442406
679376
233122
887660
157957
431194
287250
357639
562114
589611
970883
859819
990825
489674
20241
992517
731839
631668
25332
342968
454223
293645
5666
286558
100450
453346
278289
426333
857420
601047
41946
645601
39523
69362
825977
902331
723915
720002
527473
915670
176173
475693
624909
499281
241478
296469
413440
225342
988635
944359
520046
88119
256779
530496
110468
213464
691453
140219
684929
30940
282231
734939
282456
123671
346064
823954
626030
889613
570558
583148
969406
85294
465865
979355
897436
169711
380961
618591
132503
919366
157386
2066
303159
717890
156341
117261
895205
702532
109739
661754
448554
936478
369314
228600
365200
560262
54898
179172
609445
304886
320609
891018
512989
685604
351770
396328
218711
521049
611901
297947
571832
12017
300304
687977
467572
892462
863698
221930
399339
287928
367024
166995
201967
270837
970513
967456
633572
690817
209676
825310
84801
699210
663161
281490
156915
369739
64485
19593
422432
347491
257823
615358
478344
456977
591151
656289
221960
792271
323431
200266
924985
272647
778705
813434
975157
316406
744711
326601
401401
875804
199266
527666
217766
864797
571274
501751
387874
903736
426285
662386
769051
288545
581451
566714
35756
199100
669421
143470
872664
75576
496501
319649
926835
267398
535569
605346
504543
948341
856970
241190
79220
744428
619705
887380
389305
781955
797592
789549
424847
495550
50230
923735
911022
149094
767428
937604
919238
409478
412813
150275
379207
475711
618819
942307
693436
519752
351284
682048
100370
955206
909212
429867
592759
231044
941715
56506
998430
240143
200487
35689
838238
497841
35012
258475
483322
914248
621968
467281
382396
787906
869843
187286
872442
459703
383252
458820
176122
815010
770879
477767
199602
532861
295233
545741
253736
484473
431286
822102
967672
613335
799162
567709
958644
422566
675356
273443
217701
448601
84081
582164
896368
903492
767364
489304
131860
108339
434091
582905
27536
167335
685813
298732
542369
628014
238207
447678
857449
588254
875814
448348
209452
440301
561174
296575
595059
780272
668161
958962
584083
661358
839276
800449
304904
471841
792675
662464
541882
828680
883085
429173
369570
17195
248410
804579
681094
971373
416024
235636
428896
735559
792229
985794
991389
642855
147839
771969
640833
165796
850551
466637
504743
101148
195781
353420
400742
572268
614068
767488
556368
869771
105214
919468
221844
382595
156402
488735
433283
58573
171025
667937
64879
182345
146361
305913
549935
418199
712185
731417
440000
685013
400963
985960
562950
918581
194047
732586
116080
514169
865276
64589
609401
834318
556033
488530
659594
320387
885890
383253
667004
624484
791214
630011
457340
622455
168741
86456
86600
30866
687495
107066
8661
660695
506728
69110
349779
676750
913375
133389
683400
479901
646334
965594
116057
313702
934172
699995
148456
988541
163597
893433
709910
647044
892211
534133
61737
373670
812462
103857
692361
533484
112046
428185
49445
195775
592810
570924
756339
660283
495465
242987
344980
398571
890238
680412
755925
969895
234577
514555
641362
436743
969303
373246
894709
975299
903395
417796
815836
534761
78550
861977
72921
936185
42547
681320
919122
950304
500685
586110
338761
515983
914145
891894
450999
47288
598848
234247
428369
453285
245029
50214
303276
514293
261221
699737
859004
807091
171140
776858
85304
339028
146915
109668
136730
435661
438359
631581
709442
808527
261078
387167
792122
261216
880267
762276
818900
416023
271625
15630
105008
636596
417051
27409
932634
539033
649786
300798
883472
823657
551768
646380
774176
609660
309401
178309
416560
445692
552673
85226
862872
275999
169672
6724
399017
787393
590890
665768
317841
299933
876572
146150
157718
168360
180089
189871
657792
83594
957914
920288
49812
788345
785123
997999
949562
248052
741114
626417
935616
785434
474323
64325
934263
250468
71143
271521
5307
116741
548227
976055
714385
606237
661181
642627
714665
342484
564673
246836
813826
424537
664265
516404
953388
220471
645291
319574
212969
987473
8460
867739
292717
120122
980338
439073
887429
522803
11576
866345
134036
735938
255578
310851
808695
470315
570992
139352
975498
418190
883320
52628
963524
239644
102156
930094
653886
467895
133554
27733
200337
630630
513554
41016
290140
461426
219010
570290
439525
135328
452030
496785
44759
683018
466675
172418
315625
537308
860986
951834
940127
92520
687714
209475
615082
419047
672294
425089
213355
436493
284989
546336
599766
938119
609937
183356
682417
698196
605575
762413
71162
51965
432253
532877
963752
547634
279314
804774
536579
929054
896829
809228
972280
169154
776885
796569
608141
876571
390434
54042
300109
402832
734187
559579
262409
105611
423259
49551
441589
515717
308420
502570
522272
779193
235216
612460
937167
396858
689317
258238
538037
727840
708596
85748
263952
966110
600479
98163
864354
718511
587589
805484
671178
266223
11371
417862
472959
600902
862792
274842
384234
289791
312557
802776
404445
265655
978319
135751
823475
554160
191730
929641
50372
78533
244148
478972
364933
898680
100212
152925
496635
441127
658141
455048
849946
405982
220371
855034
921214
566469
348600
565367
719045
453114
621339
128360
214919
846458
23741
746652
642931
791224
716482
94895
735751
366800
997297
993224
287211
77461
227112
68987
698667
762246
790559
634896
665167
33632
832982
982363
147673
805197
710046
756938
810459
312378
630465
415357
908018
746630
872208
672783
87779
825878
143431
653300
966416
722437
689118
721019
851542
873913
493871
816626
684934
283729
418622
499816
99071
5754
793898
722701
948965
105185
140911
449142
572480
670018
938390
249789
127475
241567
34682
368326
487254
659725
321079
764572
514099
679272
650864
500729
295834
977703
461373
83108
685921
496266
373232
421365
281788
408880
742786
643508
415925
374725
597279
39328
33736
78232
653771
756747
573533
256522
545967
125794
749218
962978
678404
126603
663108
671614
995867
82471
137675
570277
913542
49719
897104
474423
771559
240154
622875
761477
905747
212916
717213
935677
986145
652075
125702
531070
418773
635403
358276
559946
766436
338889
669530
627161
507812
449061
292696
978250
871314
772968
125
650805
553535
669261
868837
552795
555799
170940
312304
222015
783503
311857
304882
266126
206699
255036
272400
310649
53545
114465
476541
972388
409933
714207
154769
547638
399370
217486
513923
731921
80778
621345
560835
641883
224730
800332
333687
823227
703861
527487
638415
995872
508972
816399
479943
319675
498670
415542
941625
722381
47354
217073
748700
522074
23326
617671
779997
90365
149930
234986
243096
180117
335670
502134
595251
467741
783885
940182
892887
64090
540597
420358
315596
781037
648732
403443
347184
522952
225121
629118
677524
500669
56443
429791
944435
550642
594122
886182
325264
853873
568824
389021
780651
11356
295692
673802
110431
461246
15435
199889
787419
425212
884491
790837
505019
281834
575765
812159
97282
186233
478646
223351
225526
652687
183138
935759
247577
478127
962566
257632
614463
533719
143977
228491
875665
96297
238206
979778
474844
227073
67144
976223
815638
642981
549610
483185
681583
343194
155274
590424
129104
43219
958497
415430
327924
809093
6947
546277
98143
387286
139781
233431
365630
663923
539183
282265
795805
581760
98368
263361
802303
431787
475960
865830
48093
494746
395591
587614
63102
218370
747055
519010
630127
334745
285592
461390
258976
241763
233392
680197
695579
750825
266876
690226
827233
395465
598976
57193
399267
563110
556423
555947
233754
902911
813328
694344
139843
201630
667477
952415
663675
326375
390137
102529
931634
21648
170189
442676
645135
224943
996735
747411
911904
527022
447391
727891
393212
602716
570191
39200
630392
11422
528455
511846
473218
236675
338946
304171
243741
685109
301833
705177
713081
691914
238554
868954
805678
927098
853941
46300
377621
645164
9346
390836
964163
398249
867874
462942
4003
706802
863824
112226
631727
344428
769716
485587
221579
747449
273988
522610
331902
157539
137175
204783
765773
940466
342920
121423
20470
524445
986371
694889
777414
340125
201455
583434
915031
828828
111928
894712
140778
630669
33591
627412
632605
219541
201537
953944
446281
344102
533705
372288
921914
697261
57971
937094
626828
394081
68662
982277
870238
334396
259372
925055
16118
817159
723897
871162
449073
814861
958614
847749
474853
118257
327481
341080
134037
3356
514339
64089
869007
329806
693957
945595
211238
543190
493904
194241
32904
722333
860056
373025
545275
222428
508835
279171
691128
700654
604756
732584
477156
937023
694447
888872
175719
87268
939656
486612
222955
881477
977869
591866
518195
63349
417132
456006
681749
373986
401762
893829
117462
275752
222690
450053
796576
920000
57950
412761
107618
911893
991028
986297
16516
170743
491512
836805
776134
346024
769946
780522
764532
677524
462132
797277
852360
27550
915763
502469
628828
921174
602591
83637
630986
392646
502664
812759
571490
60460
462223
166244
296583
741377
240398
184207
866278
835832
815525
344578
826644
507458
465442
13375
207491
443278
698252
984425
915553
340943
104460
190556
578830
952373
536057
586230
461815
421117
302462
134713
394900
693476
561578
917705
739706
588151
114388
281551
689437
885254
867305
910976
623526
972854
420628
58552
169389
78134
233672
278784
710804
160202
724141
590575
147455
202947
984549
878124
395635
165391
308025
312529
786826
928620
999589
867307
313936
42552
658108
678302
210430
496869
86905
128293
46289
890696
641380
14904
347461
268752
176350
625286
991219
460435
540105
346785
884612
997892
149078
494394
142865
178177
268844
259777
778393
221001
918962
86382
877470
734091
861241
471902
400924
742681
658441
293717
115751
54460
985734
701858
529568
39777
567871
69152
818131
255280
708628
107224
945712
952957
629505
315012
670116
830167
291147
316719
660436
8062
640517
14520
173558
424627
842111
212213
813899
691879
77580
126195
145341
775509
203119
902876
447057
526635
610978
192114
955144
678499
21186
392055
298520
431409
436442
343919
832258
290965
349514
403197
699664
119248
649235
754026
310317
964787
976514
802373
389600
107730
203383
75876
547559
727640
30226
863240
309484
359412
460601
864095
676390
21746
931655
576866
240079
367460
162196
722655
145021
803518
46173
140177
538400
602242
400272
263339
591063
430288
451511
836468
860719
480159
438206
124555
364472
734025
19938
438092
148550
399616
902008
150283
828929
633822
493848
536509
998249
557915
895972
432951
989035
804568
170488
845262
758104
707608
497456
347805
953352
121486
214928
730276
178506
815696
391956
629645
257158
107563
779733
854539
778482
473553
592469
566363
211245
259758
467559
83756
28859
255065
749054
652123
921694
953061
473424
366039
962957
871766
306214
65764
693140
259184
996995
707067
21767
632299
576302
789966
382692
253764
623006
182504
212804
876845
706370
874675
885758
241381
884010
68500
528281
547938
26133
732017
485867
390122
758552
852818
543570
243904
193703
30117
248590
27324
596867
543771
294074
646132
99584
507889
246437
55958
629874
197641
501329
71768
143860
293942
258375
157702
845204
108247
125269
888186
104734
477914
511974
456042
122627
467298
542524
858395
432294
896259
916172
410036
339396
753962
351030
924845
587901
971418
696607
392230
990083
920273
670701
639380
77534
897097
961246
359510
651865
659034
657413
109990
411725
887484
982307
122474
29063
801707
585566
802090
83097
941731
110048
212061
182330
884043
470479
954844
296218
599918
253860
885624
788103
415588
85162
646503
611701
644687
117013
911065
296109
168577
741309
209065
656981
804155
323317
881647
178136
430096
12748
445362
608241
250473
357536
938938
91865
991521
699930
338564
641867
775184
288841
949583
233840
433382
780062
594516
296045
286253
988034
909650
766341
471728
976400
681095
647787
63226
874610
416187
981160
104695
140635
249781
561317
537848
34078
925969
584982
40274
45034
856682
542531
288997
149219
386801
590260
694586
895453
201247
784569
929990
327223
277639
553363
431692
779026
423044
778627
839838
785901
660562
994924
84419
397406
155897
712231
63924
866991
810596
925667
412481
839059
611280
267831
190481
232772
930464
677446
631814
435258
601165
185422
767807
146569
350650
164941
176375
497304
422821
716176
234954
345401
94074
411033
108440
981482
965890
544556
573058
433447
122744
36982
148242
518826
664764
4187
382647
264705
240801
204379
64109
159241
574881
268575
246651
383500
970928
776166
645910
90805
397357
726983
481443
579564
556277
956450
985562
778578
371730
605543
550662
205210
865745
648770
40233
614338
628913
318818
938876
233581
876727
350117
103699
382303
131551
749922
199007
690580
442221
855570
317070
58365
153633
651291
806413
571672
679496
947067
377709
24299
461871
646861
277347
391388
698867
95803
423337
661232
298740
689857
430211
498782
788200
401625
284380
357519
22475
851465
936015
351989
891764
508805
493569
577861
545283
68610
495403
600850
876471
654360
101109
650312
873436
167058
331070
909697
528673
286166
48248
810567
269192
99115
743665
942119
652854
673708
987308
919342
803818
683208
946925
257923
559178
667251
67604
665184
54041
593069
96481
516271
10502
439533
236054
663485
906589
810154
919354
221149
251040
450885
486521
779676
14897
625558
9449
421788
282406
387473
702887
37583
667007
672213
881312
358610
910707
575953
716460
225059
515814
909587
342548
382721
588024
553582
270708
110495
284407
67848
528700
129732
451060
965694
619600
82114
534515
134132
535567
172368
455100
798204
295729
820870
818254
846049
235722
470581
745779
642834
439531
88353
406191
292646
697192
459485
986514
802960
340915
755265
973037
354208
920423
59977
122785
954035
273761
631373
974483
416249
785929
605273
301563
347169
465455
529000
338332
810595
290383
333634
710670
587241
759351
875823
303287
578459
69696
803414
401048
881158
249335
309175
418435
965736
123552
299522
961323
125722
291856
558290
653844
458330
431225
506185
920489
579188
981635
198280
231724
451405
717653
536395
124615
433420
164914
946464
8130
423526
251712
917890
826190
82244
482469
275990
105022
283090
577930
170497
256533
618854
332737
885860
781050
645643
443331
18485
293000
567786
630930
497787
315778
813076
636733
307046
343844
188846
153602
557832
162516
114682
974029
280692
76663
549502
941599
931314
916448
505363
790730
165915
515684
757259
74776
999511
441033
643264
197068
285297
361437
557045
520128
878484
103010
283948
529453
74533
339943
563716
646217
176380
138866
214603
103243
48575
523225
69544
835146
916765
687472
44254
855747
662053
596508
876606
277882
909376
823302
179628
615479
132241
792363
660107
575025
404200
458001
442440
249481
443997
946964
826240
386157
516111
427551
144335
138397
706169
252854
336118
605066
419629
852271
385384
610010
785137
856641
869809
504329
242611
654900
409092
453289
474217
67512
774367
297098
391817
992722
176029
605172
426338
192049
535576
228049
243606
779871
150328
716712
760756
9555
693981
629124
32630
505891
707621
12915
181076
264406
415578
894314
289346
488855
340603
493062
926413
611782
520613
846829
249678
72937
978206
94355
81992
360192
606782
57688
764196
299446
175803
902927
414086
526771
515983
408154
166475
660238
2248
515505
775970
173152
893548
51265
484356
648436
812678
395889
877713
863642
947921
352127
543432
497627
485376
539785
837091
207942
253416
823464
387085
321961
280139
618551
829121
189468
314946
561905
77120
76727
884742
70520
374254
24227
113371
432818
7754
863374
920025
530190
415496
349880
713432
928933
325517
403947
773495
909243
959111
715015
33225
977060
408102
825083
217309
174851
373818
22416
783081
309870
60266
482783
808275
296109
992910
615395
468763
433314
17642
405289
633639
324226
229192
153700
60588
90433
757489
877917
312887
709260
410567
697415
406
378480
120450
12272
693157
109272
845381
459092
853624
727987
711516
528524
649698
665844
255317
846947
101728
357491
223800
104393
192677
309297
299812
903521
239555
254008
316103
208885
199155
374177
509369
827657
444609
94000
873910
943117
298071
576537
351414
182060
173668
973990
353771
774465
697256
368752
651990
131369
40799
732874
805894
996211
886023
6782
149999
220532
275152
218543
390371
333368
140384
196125
32623
549203
605695
272903
218645
402965
85798
945067
8033
965979
828127
837673
981226
125058
298200
744710
893671
600823
87818
382540
574635
882282
56577
473166
265598
137889
660615
706760
593178
471721
40561
54117
447231
430695
40645
819035
38963
270028
827654
562546
425690
173862
729631
808866
468717
973140
104360
906201
647642
207122
940375
967387
444728
873714
848070
950532
110437
945964
817116
747113
267647
986892
470107
814877
198395
898057
547974
141135
444645
89078
912877
243152
364788
354066
841302
339507
232265
790202
428554
288270
653828
841534
997369
576220
314307
561296
338122
880708
410745
623704
609923
898677
708070
821541
667218
630888
157624
857343
129846
730695
717630
273432
408013
825836
858885
876064
130874
656130
154961
878520
166258
999304
485753
543294
785764
14260
994528
521287
381123
155700
483724
499819
564913
152079
255460
288057
557129
263018
579594
760843
511689
884007
728851
866357
795163
454248
344159
765079
259582
380913
996762
536402
442581
649068
593166
760663
652236
74053
323618
898715
288291
248117
254002
179943
141721
509917
460492
371531
138677
751304
153093
563954
830323
120915
534327
963473
418314
91241
354584
993722
133206
605030
4215
967053
46503
428509
891413
504461
174118
890357
167581
522576
217566
28846
830593
703632
707246
602945
604723
836576
372426
822886
626237
27192
199721
296815
284798
243633
928655
42450
223362
423436
475319
221508
167612
633260
950172
536000
828706
201316
155364
891878
56293
935019
498794
46465
935244
287468
49446
724129
452716
977914
148667
484583
140230
556129
92446
476767
118397
709848
601502
845255
219250
882834
458899
357550
416446
643123
386535
84280
352971
472096
407228
869694
902480
985135
505209
363090
727783
494206
140532
447520
198924
11295
593469
352624
908468
739313
49669
888391
464967
858826
168554
650477
434428
797712
360160
451914
174864
326887
12029
673962
356579
446532
212065
511712
708911
918496
656447
433734
482853
857225
924109
763106
161830
788050
421892
814180
218651
587627
174164
734987
751665
675019
874600
387688
329268
859849
525457
915387
790023
713995
791121
62201
602429
133845
957383
86511
358488
867779
837042
574784
729052
545490
319011
632970
221902
19160
243716
213479
911054
340820
951870
120144
585614
184096
664012
70427
257582
927363
203802
599845
836790
750307
736985
432522
95215
362263
453026
305809
941598
2651
331972
410597
755806
418396
730732
226942
72217
790260
367280
543
852771
942768
405496
87288
337843
20236
108041
237867
34302
316672
979887
621483
746289
899187
119303
759809
384971
611022
934950
943849
199062
80748
537449
392857
33600
990317
394010
481441
598426
266026
555836
969901
698796
763778
609396
581416
589810
265427
847444
634491
450936
424133
556356
156147
310797
900992
299279
325505
413927
542077
882952
962458
371539
428986
378071
428863
936534
628423
124899
305111
38694
554686
732957
749368
583678
311760
372967
911300
242850
884345
841312
477168
931567
706581
751054
556128
643294
112653
678950
746222
681173
391594
779706
843978
328041
103946
15552
386363
90805
333167
354938
787524
920144
729205
254919
575009
936493
353948
997894
519409
646804
169603
680291
960237
620281
442486
294463
890006
300790
809438
794048
316077
16042
126551
396338
200924
453741
900831
460056
870834
280239
784745
221972
825740
193516
557649
517678
767119
873549
831275
7684
350417
104159
462452
673295
413399
994664
950122
325773
385721
993131
164919
324944
117154
185658
264905
437539
887860
947699
410685
760532
846600
108568
750201
394019
401107
660687
488345
196229
910628
263474
797760
565525
109193
975124
400209
416856
83154
74258
520950
721835
649517
37329
225821
996428
123568
627545
689795
647809
291894
781773
573352
777512
883232
767814
978530
786268
241213
18636
697038
334913
285572
141104
734305
413485
502910
863881
275612
236083
181504
540617
744606
59341
500694
717499
368851
813797
106364
336539
29195
408064
961862
36753
729637
371400
56479
883532
489130
272756
99374
843448
905206
422934
583764
571739
723984
852865
856274
700113
151835
624596
460104
517730
745318
475304
935064
939389
563102
507922
819433
654740
931491
695253
128711
644947
201911
787687
114728
178749
897299
160350
968330
576294
842132
98807
777399
217031
616210
311299
259946
287233
376849
457967
633420
682289
613713
193454
155159
855916
885504
160005
182492
52247
135440
597746
48223
182950
759459
908602
12576
51247
263905
42958
362421
998506
929068
62041
790226
220423
921579
983721
608427
582380
500611
722487
294640
132426
848164
301780
409015
787291
358207
708275
745080
712826
690773
128333
38705
685342
259435
701684
258986
518580
753178
679672
599379
224985
607171
711856
804297
670321
375455
576422
720183
802855
977140
631905
680601
553601
991523
359503
764892
530398
620766
830607
951394
921039
653048
625689
602657
704784
656213
116555
919979
141858
912768
24208
19784
572230
403867
574895
918335
474007
166833
26862
667380
453637
367528
677728
380395
528490
662930
189778
243627
28170
440610
160014
431421
410924
863739
486154
530836
647759
506468
982384
83078
251851
278296
925451
435064
657286
610299
394571
958041
554575
188774
908341
285957
279450
811491
2090
474761
405656
530292
952785
821510
911859
411150
294308
929390
777763
688227
934932
188396
873072
38877
549786
525344
121156
632870
332123
284232
175084
246244
460343
539898
942251
666690
777711
542477
719675
934442
834992
619160
534241
899855
953600
888914
370603
618982
818500
323928
171529
289972
127595
332494
229510
235906
517051
228701
20449
492974
848438
568218
423052
570716
631336
901382
508864
226441
691600
368754
124283
88512
639657
459515
188247
442661
312212
30387
959304
531438
441507
769184
635186
58802
356420
981150
741797
767641
53640
549791
188086
798388
663055
623763
667643
978150
214354
853859
858338
242175
763789
353238
603438
447337
420359
89751
922256
439995
655743
711438
217438
657003
210997
894954
790066
379168
456210
944384
735714
617574
406132
949709
651095
861179
796314
60439
610956
309446
856361
149042
664101
303847
276633
612767
187177
81961
672959
809295
420510
133012
352695
352197
128064
687712
907949
225881
969885
519812
445768
759448
562448
44075
566837
698377
541272
969672
949707
53579
215636
130368
324064
870042
227933
866374
866344
357552
906176
276037
497924
922376
457302
271222
802095
373181
34946
185489
904896
594257
963463
641376
917916
451850
991044
717486
426748
204215
131852
833247
379287
283985
662566
490201
494188
785020
2078
985760
745966
538413
797062
305792
421451
288229
867084
117987
552091
464411
850809
848578
269282
190135
944452
147448
854466
602363
422097
94770
958464
285756
467401
2243
18480
298958
666838
516948
969216
660031
816443
236857
100319
481593
443279
41054
313672
494859
396948
589472
120623
859329
109240
387320
363206
735855
656935
702610
549484
239821
867659
67900
981555
617596
779681
808570
690252
454695
377465
492790
34641
567173
69066
881620
387823
376890
793327
429284
982254
332765
797762
14129
227295
511957
471252
849206
590177
846940
369798
757424
826703
621669
366855
464271
506954
85594
816874
248710
437854
279998
217122
896897
725331
766386
621662
22774
363347
753363
30907
898773
993907
630592
248618
992921
531103
82617
42784
684096
220007
255779
858035
60567
783456
160424
971480
493807
434872
316411
56886
354732
493978
552185
305638
379451
749754
837291
109386
524323
622397
455528
787847
579445
40456
717783
405472
749278
361124
859603
532400
578843
844363
966951
283652
194251
894162
466808
847187
891488
27954
148994
866714
925935
917556
49018
176344
55848
39673
129939
86499
80991
121059
476317
310822
410120
81892
536583
462968
259650
534817
587525
318041
228298
394114
758989
652555
743952
640345
924347
297483
326694
188908
698644
480490
912021
221792
241767
690637
444682
26884
367503
455421
923694
380792
355926
101676
128787
132089
930100
709637
226634
103882
100789
903022
326673
754623
905208
589277
360617
598313
766163
517780
991622
62425
944788
21690
607840
415123
533475
343512
144167
192593
920707
280749
124883
767088
921079
864366
600281
76219
194177
96285
898105
89619
994565
633924
299060
557304
535309
236750
940828
824438
977574
239555
554627
310766
427687
631454
885205
320832
503761
538381
537858
343826
44882
403013
670739
707712
557476
89023
157790
876128
60050
363154
794325
309360
486427
873134
613048
954654
19823
408498
797547
410676
373846
6443
743586
779039
887088
935402
818040
309594
698839
932737
984095
64380
559840
888345
616882
599258
339009
295475
52839
160218
653388
147577
601184
159701
380890
531392
503456
87912
962627
349533
883418
690520
249033
503969
810533
415903
493460
903986
442701
506903
297240
720391
289475
860098
492370
408703
331060
816820
755570
430239
49911
848477
335059
199463
651295
876343
740965
473231
924336
570888
445228
462243
4655
262356
585505
423096
495506
453155
217398
534986
780823
733546
66039
853747
764145
223961
325068
196362
597340
52225
264923
119190
711314
965791
550986
962798
538518
365193
48162
635246
430445
699123
650191
895704
636524
565150
252804
861060
682349
455199
46331
642117
448283
437320
447514
431578
659245
650229
495217
190606
160112
566068
345056
230317
212220
588498
883862
330403
156808
961022
233012
827954
736922
126173
318095
649039
180375
689769
94228
354138
710328
529286
888455
269561
206557
972259
99812
797904
22652
84745
696230
725982
998770
219268
403301
102839
780538
110058
761114
346458
101435
790092
579583
505198
692091
683449
132689
669022
854962
455209
61239
316877
24889
921997
520189
245304
518433
705585
502649
486247
518624
971466
298318
700176
303847
738530
931214
955592
830479
829277
462843
467814
880049
543975
533222
282550
477524
379772
292409
781847
414849
73299
529936
695026
131379
390952
540993
942167
915307
602980
17020
744182
633055
153388
637134
512374
85714
957571
156480
929077
720959
668317
622492
256733
453423
340993
382287
521375
253930
831897
271722
782671
248394
111001
116291
573980
44523
831946
855352
563178
597758
674290
9939
1358
908029
853346
388937
415845
353913
194140
555037
372177
978766
566110
478434
730514
167801
998863
359453
465661
838080
489221
474504
777563
590223
41201
608051
837408
367907
197672
227526
732741
716895
635918
916833
852421
980220
960161
264676
91954
576222
151839
121866
729841
375489
485205
781808
626200
467858
394950
67956
124386
668954
322164
208057
101453
113301
58382
493510
461265
738401
737269
396174
128508
405330
277037
467082
983406
263074
41821
954114
638383
675654
441410
76844
708136
469211
675766
971627
740421
517631
335833
360120
641252
961533
108505
163614
684730
799008
64548
927071
759875
835176
429351
196340
255523
423515
362625
749106
194782
236594
82249
774408
360561
339892
561400
590885
7563
320097
938549
293558
249707
569348
318268
89869
893591
796972
961386
21277
381366
55988
854631
4258
718347
851773
899376
724958
424590
202877
658559
922237
753512
544433
879706
986970
944588
254190
80053
463514
333741
317909
243141
349494
622303
338341
962979
768471
62286
982187
259032
626842
680277
600660
472139
891763
440572
983715
366980
160877
323857
438909
722460
317199
907169
764001
783236
433243
884307
712118
309294
689904
460002
667069
377883
107151
477749
962342
856194
512506
12637
715006
365210
358456
509034
717317
313348
168822
69098
993630
594008
432199
827327
466591
136715
699724
243420
722248
992634
453231
806236
764241
81813
44745
665471
885532
824235
209636
972545
97674
835085
542234
548121
535082
718690
548828
355403
632715
336327
703503
787882
562994
476960
87184
265774
898343
23616
955480
662509
680682
810929
795899
81338
548419
987552
555595
610583
124727
728232
424921
264407
116182
491641
906779
89557
145778
360613
450089
932171
819306
116615
60450
845968
401252
58384
143275
581744
913497
617135
225559
711465
66057
878620
106659
818304
223440
458562
542104
620798
405201
612743
231763
986251
308238
375161
210657
612709
5466
634646
999492
323325
543781
811512
90707
245806
108855
633627
557949
430619
744888
953292
724910
80355
4907
295024
824970
660036
182395
469871
864854
924105
124270
703163
29174
635249
800950
27649
181585
462238
208038
423146
931536
993654
115330
749006
503942
772634
281327
890998
63210
67649
947785
813388
978623
813104
403731
884897
44564
928920
771273
350363
1703
780364
577490
928505
260325
200541
933394
783237
174221
751124
747291
621525
756338
377803
510019
696381
40991
884712
367248
663636
785428
762807
414992
73249
963183
425635
898438
770403
463654
91665
770942
627898
170225
146202
170370
568629
316613
26146
863397
204281
449786
211289
5116
436042
84430
783694
178541
335225
243266
297451
767263
485866
228834
1617
945361
919809
541666
509649
251334
55657
134244
572931
482462
919041
695894
35527
742017
125923
486969
977942
147700
895953
489724
342275
139917
181438
366854
875412
811843
997879
273427
428407
654303
473836
880822
115683
238351
571807
91324
309132
682777
816616
464945
372162
994029
983842
687996
644519
546323
712310
334501
911243
971907
22914
52536
625574
182483
738469
432641
601265
93899
381353
365622
699681
616596
43342
828084
379073
892943
606191
425122
880619
199427
818003
343026
94626
567598
178067
216006
557775
730620
824227
824047
860695
451925
622718
781008
259029
64785
543986
859809
21433
575879
817029
712527
504956
956483
755715
961857
436287
898005
533925
487414
128063
726342
404768
673482
654839
690790
717639
924504
620819
86337
51165
655032
465356
101552
104955
552617
636772
290827
724570
790922
646208
21116
288894
661827
648413
328367
197120
193985
548912
479845
367030
761822
872414
333800
636928
971934
557717
830233
660658
599509
639045
329829
590425
214439
828671
724374
63468
282216
865576
638534
311761
516769
124761
740654
105672
702324
899223
548828
306040
229399
951850
539331
951380
67708
442972
751596
697066
243729
270352
268427
446920
173347
579516
557100
891659
153310
450116
602636
307013
631407
928628
470980
600842
20938
673434
79456
354200
857607
50622
164110
414048
865767
348351
478898
323445
388981
270732
945367
410384
694856
73403
125695
926077
746341
17417
810459
427750
812289
9967
594070
719354
72099
467485
496907
42170
743464
560214
860504
875872
254881
94567
353290
120300
882263
63685
521015
218316
320430
807298
496747
651879
16487
650284
80122
557766
432575
797954
688245
144543
74485
520084
427575
788736
824041
629686
722335
759701
854432
426848
266968
638806
232164
351909
941651
813903
873736
853966
514646
281549
833801
707411
78254
833378
534032
221365
109056
67670
287893
361147
230014
135018
100061
66182
135797
385033
793699
599955
818754
667470
746645
765261
943909
633068
522549
267213
298797
807998
804832
275503
684115
366892
726828
755282
215651
146870
995242
605291
608469
791904
611019
151238
812090
861499
69918
981531
875858
402507
158199
197065
264186
762330
972844
617138
21698
96216
42233
642738
863325
794669
927747
389180
316914
857949
588217
956435
595983
632983
673751
636003
886717
477338
228804
852538
671406
151365
262044
193894
599571
552121
179528
637931
769994
851116
16456
493217
64629
810957
239250
569768
486822
75087
870868
378185
492022
337365
53142
471467
663093
809528
628027
441455
585211
704824
187302
193512
603229
224444
71546
356730
144507
986759
565689
334670
513271
3130
957838
999407
333696
733120
947878
733700
18892
110489
640120
500778
198116
214535
901734
133550
889625
157903
210363
849124
538900
964588
8724
511910
254475
592022
10524
800812
912912
76009
996720
891589
785795
84214
843233
100848
261992
593635
516311
416473
162451
332031
340242
54515
459584
53670
415372
4078
754751
784013
378427
496598
432844
92907
739763
339080
41853
340357
37159
753745
782164
46548
844815
684196
285044
401684
694502
707256
695217
994348
178379
970876
988288
787829
325127
642808
950541
442152
830702
734081
783916
806249
158750
389080
29415
942698
533093
908833
181942
834877
831935
700027
472268
353850
379452
474624
854478
849097
541696
445274
24670
445133
960164
443136
785302
401710
355515
354828
518545
755456
378479
127291
392419
467029
814665
580224
609832
127964
765519
136453
346106
939700
566599
270655
46780
755985
846490
870700
931283
292681
96404
523180
405493
182268
150792
569274
119065
879838
963728
411269
712654
618979
191218
574383
438184
938693
427807
979745
502677
224181
394965
842377
492749
912540
940388
77041
34280
700492
450509
592509
443401
457608
611461
462465
481848
738796
308122
50556
193358
418362
662253
592629
253897
946307
828381
943601
833087
951087
438789
186254
343088
624297
501275
191296
709940
494825
872505
172581
68819
896991
629368
98950
832243
474169
185208
438124
681004
99921
443069
202717
321912
706102
875700
617010
59142
805206
350227
636886
961581
15365
699550
446877
418941
916076
614917
245118
817138
709905
814699
909487
249026
300990
395521
185307
590102
956497
866577
871363
14357
610400
706135
753454
350299
728262
298377
496654
43848
533006
263928
357105
223285
985851
484878
674784
198658
366002
549623
764056
977291
143877
269149
423266
918073
636253
871435
326353
857844
741187
139315
212760
349238
630475
670795
595461
122619
832477
328081
615070
125397
974049
567408
720663
219355
734471
531963
77165
44097
989936
219158
121569
453571
647100
959156
159636
711356
328369
408122
990460
119059
707524
272450
428800
285780
231240
151805
269494
865629
112240
121712
397366
972591
868418
378015
966747
291748
712283
39111
324758
523328
599513
827204
369326
89055
969256
754195
702040
574094
173100
865074
666542
470838
708552
566244
711567
119027
253001
169424
304852
199428
536307
498185
152106
439387
264614
946345
28305
26387
492779
561686
848176
908481
984353
139494
194002
283874
716990
600607
1345
883124
187012
989655
960125
860194
551043
300858
924505
111767
435780
997610
740851
967476
911833
692097
120846
228444
730687
705842
314126
109228
333101
579789
675791
338888
684476
514593
664354
629905
310514
272059
160868
734834
290988
121421
336829
995226
635368
293098
656882
532484
814700
645550
603816
242225
560791
307515
535670
271608
40258
452830
623717
760692
200659
348687
431111
71195
800414
598679
99057
173742
811831
256460
754390
271884
757784
152504
967681
705570
676971
541400
661486
134845
769270
619392
565062
731840
960929
89820
917110
823857
624292
366097
518571
6637
686865
871937
839019
9212
295419
778989
241171
886271
202882
168310
666793
561606
779900
590908
705501
526654
989634
962535
253857
75271
788500
600964
521698
682660
838378
126599
608993
790540
14104
738671
695411
364189
549788
739015
293393
255344
564296
752200
840797
113351
535302
140892
336882
644003
546765
879869
581350
602419
432095
314684
709215
50022
406268
275870
809358
313570
2791
55904
677581
219021
501074
483740
783121
76680
78504
151044
129804
876347
330807
400522
838690
716747
464697
31330
300805
647784
729661
107551
111919
393604
432823
48698
620923
255902
336160
725746
919521
262460
470603
899789
276556
572663
983814
385468
788826
148976
53673
614812
377839
854177
811710
782745
663734
843342
303693
56429
425078
977881
606786
169030
996172
286261
547325
25606
642187
21427
325622
871780
365101
466488
879883
970608
441716
234640
770408
705715
771425
415579
78866
922996
636752
669413
791120
334871
843950
351892
910454
470305
440216
603706
628751
253206
622930
325962
257126
129603
287393
490536
209585
96856
919814
603481
193307
140973
671639
597850
215277
921189
327803
539916
24472
384432
463425
422604
477857
832874
215006
769953
932457
476577
713025
418895
427992
298356
405
15752
686822
551062
567634
617026
585286
690034
587584
483492
176367
382697
519818
31834
311111
849206
790139
817480
744238
275187
530839
366170
593253
499637
762392
973754
631002
247761
417604
767195
464849
158146
45735
141682
595504
710307
300339
989509
235623
280342
560176
1499
163706
185735
456417
435795
17324
871179
621429
655441
969802
506978
135334
810707
405457
841307
773682
365538
413821
695575
814196
458083
84847
448869
714719
662093
835321
785997
573206
967093
239113
380328
675946
7557
633393
664364
257840
184971
707087
675526
554814
725293
26910
483680
958019
925499
59607
627842
9984
871965
497477
283028
861351
464875
630884
976321
975182
722587
18997
302520
947664
900309
828385
853516
513984
221731
102023
994300
214987
15940
220068
204
94633
308319
696926
789650
822143
462485
109229
701069
671125
792815
761510
201902
681199
112567
450278
327547
784074
603938
654487
321993
463797
957098
804450
335015
22089
164602
115185
700570
771206
436099
550111
796546
565067
281388
801919
582491
90161
374438
539718
861535
510853
117917
183318
977545
161825
46282
669288
74933
646566
377445
70356
375139
672216
870520
248576
699931
132950
67151
853091
694570
978932
588428
138613
588938
553207
844631
33141
105056
89452
356594
443990
419358
131301
47210
111943
20809
412753
976873
84510
112469
407799
42281
193824
767852
565519
226115
953455
99405
979581
181733
217104
998353
549547
58658
384600
190409
30529
954852
52147
130820
694084
249789
673873
699949
362056
593498
442734
541904
488339
887000
468924
735165
561232
690417
152238
757445
503981
932623
955747
724321
746130
334081
851566
61491
9341
686795
211454
999588
188926
337303
188143
430380
386188
916106
660012
919408
47427
871986
761726
411397
833467
14363
92918
654418
724230
768001
341683
104596
655301
487071
787921
424060
372647
712870
457198
987187
997760
288329
752218
817085
118658
817653
55130
171323
538778
426974
691161
498442
689385
890741
841836
30282
62557
648246
332928
952761
695660
495133
188195
364157
265069
939576
478635
52928
509715
318552
843591
900021
867974
412513
738720
628794
553695
715969
150827
371926
596416
305533
361998
974881
596814
126055
76076
918275
977229
383084
371151
778324
131670
120457
892465
813283
990327
299678
690663
835155
941479
264219
756907
353759
684452
10327
976580
457661
589803
44543
440788
673760
124500
917931
996670
158488
923143
49676
811633
925653
368222
21826
302998
593161
901593
14026
899858
791403
194680
576981
91000
359447
513273
350195
577486
200914
71918
623150
360506
731436
371898
735028
891594
397054
43816
82412
757213
400723
177575
957289
137328
777763
572326
67132
237513
226683
414856
13219
804858
455480
77572
197920
858514
559409
240221
261733
727270
665909
141176
415723
786167
39017
303199
283874
538304
202388
380881
310979
178655
721270
559299
716161
571933
981458
780856
796958
1756
319437
758840
155993
111644
299951
444976
89540
972841
872582
305957
589492
398053
781865
971990
893331
857070
664410
707310
296271
468267
133253
268963
203445
905336
16805
830702
912152
558699
776774
684903
895275
805443
670117
258684
183535
814637
608307
314253
688453
542706
836280
791400
152997
989568
481941
434460
881511
520722
764002
44796
997439
724735
683190
719602
924998
853917
479364
595325
719667
540623
934178
388488
281640
829682
5605
815336
815785
286112
702057
480562
584103
562655
476525
293623
917947
64618
701467
502046
542830
532505
968612
33628
707828
937519
374602
324690
450618
159360
744119
918594
883541
841917
917195
945903
881433
939486
7091
214609
959883
114602
88628
113650
87214
127462
2952
693032
830969
236056
618271
190511
434154
946934
112518
840482
605812
513712
296741
310806
442068
416791
763106
33172
842114
966696
668580
944944
660354
385785
439090
181770
495257
184959
21113
250785
399837
493178
878572
974159
797286
668926
707590
864613
372065
756766
289131
208611
715907
268022
89964
295188
695513
222677
310250
805316
413182
351045
500241
518111
534183
435001
469126
439848
220568
709203
728028
287378
292345
726671
130111
31231
928643
677967
582323
392722
920533
141251
229879
74803
988259
96820
470915
492063
319821
659054
245041
704104
202894
499592
737528
497808
640907
537169
992210
480766
762827
15385
218432
396443
800262
718169
582244
625484
548630
711360
295051
152844
784842
476699
264461
737380
87322
510047
687629
267786
550900
880854
472924
244244
479413
542756
499962
966807
455411
585141
276796
856545
484855
770886
306121
880334
911688
586060
848766
261835
468258
495236
131058
599141
147910
694552
767827
931533
951659
304939
548271
852010
231314
744386
566223
317275
351287
211214
654590
952712
135715
548826
33767
699683
165598
447373
562012
647553
470786
640925
698611
282703
437164
662545
477579
98098
461899
147056
188524
972031
866714
934091
281676
691988
893226
637028
114478
349201
443288
649274
454821
550390
391647
716850
454071
730907
547974
285603
67357
843846
261178
258174
211494
881196
446838
960921
831226
645319
796702
722326
465660
319632
439532
276980
36937
766682
604737
119154
833438
124491
778845
325339
770134
573943
68714
862323
891408
463386
528755
436476
578799
288242
17970
80997
726651
684279
176774
428560
620004
48184
611011
434303
125351
214868
86436
909594
214794
93073
288731
898079
690881
240284
159945
617766
615731
832861
90890
499664
258838
992438
346791
634636
977910
63385
685103
360837
293781
484227
292639
665451
425133
989145
884030
327517
700369
670109
775494
744816
503473
290381
935932
679647
503676
292376
335393
497807
756704
741502
798465
581885
5037
498051
995048
15622
197975
845391
274292
562770
622746
441957
821958
105310
337592
489470
415058
856741
378334
110786
445462
850795
66469
656610
225064
253734
486260
207764
182887
51465
997698
199916
579411
190830
771769
620308
402041
14623
369846
355304
361735
43008
764397
307824
545342
866525
714474
188219
385605
483340
391346
923924
646809
476543
81928
950180
520866
941032
655883
243556
515937
869513
677884
709884
314054
864087
114654
260221
66014
408778
445046
680888
924778
573060
257458
310521
883467
636507
717222
636131
89369
328261
764977
492329
244754
353631
433982
651174
311919
855514
385511
197850
68114
439938
335091
762306
276764
202284
454208
220755
811356
793916
37948
687314
398114
870608
843021
965331
668785
971533
602513
986508
892050
107140
743295
717845
507909
172416
141228
378622
26323
495470
617258
254284
36735
957610
928075
106962
236507
760226
671939
175145
514102
499177
359659
585612
102643
591514
324962
583186
609205
375271
376782
406664
457142
991229
442432
62954
193527
818005
133366
336446
287186
601178
903354
103950
352939
874738
907815
97408
530757
636652
158731
573523
47792
641732
658408
917048
828448
132309
965269
699083
22042
178332
170690
598956
103431
266788
925464
565119
403883
813460
503359
366396
480559
406545
460473
570163
929434
613841
330603
467296
338270
347838
802620
876838
583951
233858
398806
15404
339502
90037
992586
586833
841700
65697
977232
107789
428490
502062
858668
402149
668197
457327
820331
95050
893999
157383
633357
608719
634640
439737
172989
345350
990636
46988
330747
114614
694678
77271
13018
368826
483426
467182
96613
922105
315863
634089
626141
23613
645635
480013
72734
783154
599465
750170
885280
687805
69462
441905
888152
294647
891666
559455
368382
989189
868209
765834
492586
351765
679049
899126
161880
459575
321085
886773
584778
368277
459064
982761
56524
636433
670518
638647
803475
37690
325884
15434
416703
598826
210472
402305
567872
700798
291107
701302
914708
306867
883890
244526
577370
404204
504212
764147
666871
730438
363260
139229
245180
874634
366933
989314
969949
339430
662623
706671
514128
111649
760243
858926
509731
385384
660461
471912
730233
541255
601716
703715
228066
649395
636903
193963
338966
755780
652453
470287
484110
128319
789241
7171
865920
72401
786528
218083
101685
893593
811385
199575
610824
39772
648777
440465
231549
752220
706471
837939
258683
752258
422218
584846
732199
614904
346861
44742
315167
504915
887196
420753
184720
117422
592415
922334
727669
350994
735680
848722
592684
242321
718713
994797
230966
629554
944511
551307
377163
514182
935909
860423
459736
639449
8751
954554
242519
825796
811764
334817
215560
366368
605166
383389
711185
767573
206498
74259
952303
626832
403878
739251
605080
812307
961492
379094
173999
287142
868810
206721
898915
27563
149914
676935
792933
60623
211925
161930
677124
816284
286127
658913
167974
636716
44495
789782
587557
338552
483446
998022
130051
278671
37897
306731
580172
724834
681660
880759
663303
821564
493789
346326
396696
993166
802106
694870
527413
505192
369777
505187
447747
636484
115154
699755
236812
278397
645234
52640
767711
88157
148559
806108
798533
455187
75483
567006
153435
108163
813863
551090
195985
826552
100589
383215
323902
930933
544826
484058
771869
335529
531318
880937
533672
238400
112913
678881
43215
100182
164428
298464
474389
103558
33377
242615
455624
947169
701457
959791
113691
221499
595208
150829
12577
964319
392046
359408
996584
156322
685708
42486
745712
980181
260825
155134
987079
838740
315553
165097
581698
612411
229073
446650
457625
636152
482273
497852
625952
555452
561118
86467
697310
197772
484499
401610
19660
827700
981459
482172
16811
523546
845478
562510
687362
75504
117518
219529
611635
477123
792884
400613
524153
782449
225396
122129
276673
943351
438722
459728
977569
794536
281591
102397
763065
565306
396284
273199
619813
475323
408722
815735
819356
801377
558779
119238
552808
199422
846792
573548
458050
420306
31232
788603
334793
432187
462506
947146
419551
764679
221624
176469
910496
386282
863056
472898
334720
937355
991543
303038
674368
290424
596060
190342
345165
168634
527167
343042
606005
913348
181436
336971
525574
605189
211128
512909
676229
215645
319527
731976
60552
723052
14007
239793
940721
474821
747100
481845
187783
996865
570617
755357
857138
349168
445608
881164
289107
891307
880550
465190
642942
683653
321694
173579
894933
600800
572624
835521
855426
75099
601694
881264
589968
294953
41779
444806
810791
984381
238608
620283
575074
616417
153588
590575
75535
14502
582248
20911
827330
602998
639844
962070
911318
660357
607073
998416
903681
223526
740860
944442
979027
826362
363588
346469
749067
771203
432160
788602
428566
476310
219232
694967
709029
207983
679262
176151
184553
399263
950864
233232
664174
865120
508206
441718
598481
400777
768890
374013
302048
802140
73841
610139
501388
837053
457676
310284
86349
335678
278515
778287
147027
403733
632639
751502
219300
371375
326186
676923
546134
178717
42518
450773
846123
265005
994294
710698
662148
803220
439965
75766
549316
834438
3169
228874
776322
637800
615404
737288
600810
101917
901215
77707
806833
28925
679586
750115
367090
158052
435916
350398
717866
468582
942316
84834
960717
146592
896818
83286
713026
149162
277757
248161
927170
522600
978754
256362
707208
240896
639125
336446
993910
685926
249496
529008
119940
123858
980989
154139
947365
51859
74681
939779
339896
19773
940807
830618
716967
624318
506645
805598
142112
773711
279247
311903
957102
602054
693895
610079
47987
359176
159294
324434
755716
802267
146514
382084
750561
398873
320003
689370
202511
310400
844451
553712
478228
929575
614234
144226
198159
196875
235603
852838
848945
328200
643847
494614
987612
500003
561508
298380
900630
397764
116953
149863
892458
945409
479169
964266
417051
747221
352105
983427
489286
310767
103488
578344
871891
767655
304794
198621
692375
866187
479200
161619
829002
187416
507928
79722
183584
434628
52493
149079
601862
796984
647963
338465
390138
545307
361945
172357
527623
86922
959587
892346
22620
804964
534402
494351
832712
604033
716923
766064
548245
216002
422385
849863
616766
547075
161975
795262
718157
745837
121718
699427
486229
17321
790647
44453
901321
142831
729166
143291
836984
665660
24996
288932
372710
696034
187103
373449
950856
33657
299120
579518
255579
832179
399352
388135
784161
953357
8536
339127
654201
617634
979796
152852
554778
169882
562467
624727
69868
653887
417621
459695
767619
348528
816289
989285
973560
305646
254794
279866
903910
70228
807214
718636
387710
584483
941675
209495
843720
235259
617262
625977
806262
97446
665049
660622
921958
543631
343760
788442
595189
104336
30433
534085
104826
983273
889038
559328
384806
31564
422967
220485
300662
520276
202216
442013
866834
962646
831421
270780
429126
705488
586158
203302
677658
572479
281403
474037
749903
327180
212277
514706
130681
937254
36582
397153
970868
133931
534942
841273
81348
496575
369691
65360
817741
775552
500692
560374
640107
143120
613666
568760
142127
411345
369100
291045
279927
412207
487405
454253
895529
841814
970308
349412
143692
790981
971800
246438
623810
441018
747398
941845
578022
218125
387944
82302
567166
52953
254052
706970
31581
593749
957390
607728
578712
105088
942267
88472
125538
166011
912803
132506
561351
805552
704370
986548
256834
431280
358763
366394
502779
382811
733369
776920
500320
187640
126548
376435
273118
85477
333196
665262
635708
474536
214134
789257
538004
584419
469552
541091
619312
377894
531921
931744
757245
239263
4786
941221
34478
507116
408532
390592
163312
630481
458668
626981
924741
937861
34898
394772
581504
678951
858434
110166
788572
576334
857740
851493
443128
595837
839582
87403
139443
890934
128108
487715
86048
272997
234169
696476
217894
558653
761413
353564
426423
738913
288595
281697
345067
36216
860886
917507
662392
752483
852983
406581
195152
990219
383494
583466
297623
297427
103610
316628
902784
997741
198630
131463
921859
274248
939451
105340
470973
881575
558132
19378
385059
562189
47522
260719
712036
131604
238164
179749
559707
375518
688930
821487
3502
863842
179542
236090
533702
448040
850424
377345
552427
335376
885237
53040
559354
294668
312811
881130
541894
61869
648532
745126
689673
4763
690188
9140
229765
910879
588224
734686
801084
92378
740405
793321
165768
372121
602994
561019
847000
155904
449420
591446
176711
142626
475980
528514
494170
642483
279806
532297
837270
915989
450713
326812
174844
268366
522758
587412
258275
994267
399247
708818
173232
857886
665701
582215
631667
291250
126414
677007
857761
255519
263401
753592
887018
523369
252831
860898
870519
584067
734504
196222
92098
970657
627575
27320
699601
663531
970179
662961
292880
354957
917875
184165
306506
744107
576486
526572
345156
852466
394652
531420
307574
309386
794948
472459
859687
777959
41378
868018
478115
622143
787356
270381
354076
158742
799330
684894
943259
498612
278841
669234
696865
193977
152354
939836
974046
709127
254187
164157
237069
2909
31953
123845
566186
721668
89936
361010
969425
289761
589962
117015
850933
92459
643727
393401
998329
244087
40719
291123
800494
173680
379993
848185
994666
724770
386703
385977
651073
169653
286185
894109
242979
593398
392098
357549
222930
91153
238146
686802
370493
675931
101833
738485
627838
213196
625973
354310
252717
11466
610417
747545
797343
613536
204826
623722
885631
60237
391790
824385
239686
217401
732819
634289
29594
489667
509762
718458
890113
414517
196430
485774
218432
297113
178517
307377
818836
354725
211713
286265
975564
414417
785275
640821
590081
36425
94894
146026
367347
878654
663795
966904
184642
508503
132446
470492
713670
577798
896804
32911
221835
274165
512744
972555
757804
547742
269025
48813
882250
500474
797416
788470
238314
710225
410403
163819
517737
636720
213258
781277
965084
192057
39443
584259
623816
862100
717182
653827
675002
660420
219647
438479
46661
810964
536259
963308
517782
119727
177440
528910
740213
869647
412766
299872
480730
650894
168540
989856
139370
479384
18273
223206
168909
57026
76992
707012
511404
466547
384935
335241
525452
730752
690756
178848
650306
34390
913875
274966
69970
948624
592713
474297
572392
854953
127638
433755
405618
759371
565275
907318
955800
210310
221736
99113
525977
257116
461168
211681
259459
441977
718604
968339
492175
751872
890280
931877
917463
728256
121870
842668
246900
649541
480589
370960
64376
285707
57029
113164
740421
47310
19090
760274
534344
331261
391443
648651
293334
862284
624790
573436
770401
912360
55906
514756
185814
683014
301792
478082
394711
850453
898406
493459
791952
119186
210337
93689
950648
71353
411423
150871
411302
818073
216311
829337
301645
3265
907285
478832
843990
407126
459750
487611
635032
270406
410140
383233
553975
592855
761822
935003
245270
240857
449552
921839
829690
242106
445498
602262
12220
457784
694167
499359
263978
943985
185341
871341
353980
283798
208931
777339
117166
364350
211988
625088
656126
860759
925231
458670
801412
987127
623512
364692
255657
790544
268735
321571
924229
148610
736715
544333
270745
409355
42402
43465
164326
777881
439575
631987
255784
441472
847985
85713
370866
818823
367700
321905
472103
528989
861583
126510
626322
739561
866753
398033
570659
821055
213352
702995
121543
511470
976712
663424
768098
923830
486068
710200
96684
957143
454076
148112
19173
122756
184563
792469
815094
789687
370715
788272
88038
39838
919983
223589
678069
720819
889741
715830
578329
604841
63999
768484
128850
590530
491941
80917
26092
989373
579392
826897
256401
874733
792669
777638
6280
276069
117276
826348
227278
851152
847451
898979
925007
688285
161732
17016
559937
30743
730673
612135
39646
932242
471671
702330
216316
701633
996374
128431
477194
121637
852347
509111
492905
42720
856239
182683
979876
248040
875872
331129
866574
466775
401418
437805
423927
1886
364930
142219
373450
477658
36255
348936
302790
335999
354885
806200
615575
884401
214671
341617
222544
928433
569176
747791
361480
639156
895911
105745
142222
153488
716469
893409
886730
426191
242331
857905
553265
217702
329820
52673
938532
13823
394957
109437
762086
976755
652061
147138
444344
641492
334789
37057
662867
189093
503117
944444
492865
882029
745527
419182
773145
97440
875661
333704
80533
191550
704898
561621
322194
883192
202055
363390
522531
130508
966125
840810
917905
120690
40178
51133
62451
229550
613610
632322
489382
608582
305611
792739
22506
168334
139157
549525
405401
925599
812764
83216
475653
764646
634932
696252
844780
682648
712311
353256
212378
111107
375733
532019
295708
180032
975993
27469
52060
537989
393780
516440
31262
988183
957129
477288
370326
40220
846004
207785
17507
473998
227288
895008
458284
947404
665123
469258
311510
420299
466528
713952
246559
629417
620568
413820
253466
25570
801638
702165
694727
682971
208150
565414
512142
103644
426937
800622
661912
818139
939400
10960
345611
863475
913586
984218
650080
123060
358149
561186
28194
712595
152501
6796
637380
918530
461067
241001
746335
731227
140076
535034
458184
993013
811780
371666
597771
32601
767312
561945
885766
675535
203334
278701
212835
678865
808993
790114
861939
12449
821196
763690
329508
869878
731690
947920
171295
572306
18816
398686
110528
139695
191424
29471
947251
324247
719795
20415
885415
91347
449410
962190
691954
282427
836576
302947
846849
323821
460887
134493
186618
336536
442542
75013
174384
872760
129140
754191
634114
113692
862701
992768
542801
376482
31702
856681
60699
185541
352661
30929
717113
318989
231682
97329
508593
988645
327052
439896
443833
129545
105481
649071
717257
970398
426590
340695
550619
217755
843207
448302
28738
97509
103492
895217
344420
635961
812449
472635
866966
709635
105568
524588
352914
570955
139140
157861
783383
510543
460285
831535
8094
737259
230955
468411
600948
166964
771088
319044
914169
792229
151511
93777
468723
431025
271419
806230
697231
432183
733846
420538
365686
564948
378055
328884
533384
29074
7870
651150
477560
608317
14439
792908
503492
201878
752304
773606
907535
10593
461049
455344
182940
487769
622231
185371
548009
843460
973253
75028
785958
154401
147624
387658
935377
98941
723966
471757
885743
869
722146
715474
717608
979381
785662
665427
894976
402127
88781
601491
964270
652968
784715
368255
183515
424636
221628
707760
870136
926113
848726
799117
452604
538297
851725
365902
536121
807682
928953
128219
235610
37320
951397
685842
215739
847993
169206
786856
789349
590105
16566
439206
636516
197068
317180
175765
70599
594513
341370
94901
668084
517646
469987
969638
66277
23685
31095
501354
794627
749542
659244
793794
180637
339839
63418
6260
880837
934479
456387
574510
195079
796344
711454
845383
298066
960639
533334
232118
852700
389380
275917
452785
561869
409566
927876
186742
929800
841178
80259
197123
768751
456203
8358
184205
453007
21078
73628
616410
251513
883546
110667
168763
439728
213946
551761
678570
575806
135944
544294
716092
910369
686031
941789
301314
663523
251389
31369
214466
711
670251
269372
262733
466847
498379
888555
931005
860987
69741
395373
341709
469307
298734
357538
744149
662086
600701
174385
254496
547987
677963
702569
659499
258020
505615
225609
624701
345491
737587
467675
383454
448197
626206
927355
242933
147515
160287
563445
522817
836999
859122
64268
265268
238683
580403
939863
682407
449405
414876
207815
16126
87510
267772
354819
140826
474538
972215
342004
738932
938595
538228
277724
289629
684870
473255
654177
350543
25671
109754
516840
132398
247
708698
677789
734433
828315
255581
524366
923208
477721
515403
857847
457945
753356
19600
293017
67290
565558
551804
770947
235709
623765
509684
592242
762003
587470
87417
493332
998446
279110
979986
767465
497560
452944
987417
25602
984489
327424
222880
185068
569609
229278
21630
60326
733571
63863
768121
88461
616577
138381
849681
335321
156394
106798
994151
561408
753045
999458
682057
257592
51496
495229
31131
537562
644433
879509
120611
737954
431073
358862
289456
463571
377536
349713
742312
690103
114769
937883
346989
785156
484323
89841
69547
371930
161936
445490
320385
13929
473718
247429
3146
605680
153551
411248
223047
177568
777968
291274
613099
153119
247707
939401
812802
447912
844480
693749
249022
71695
429207
300350
698527
301922
333267
647080
294270
279916
793411
640164
214775
325715
260298
413179
7153
742497
2297
500451
473804
62879
656326
347828
797605
211165
682860
137844
574728
899215
253726
742734
819443
206418
800553
470178
360195
63052
113573
470326
362878
580848
826647
180361
929980
854433
522342
5128
279730
804846
215544
400986
198556
910204
165225
94934
501255
501377
498600
43860
309240
495020
964973
645281
574140
784867
916378
261644
847629
468516
872238
526813
569246
68812
684768
420326
283908
328950
906078
65265
67840
838012
628961
707032
583213
869785
539692
926260
568195
401391
665122
501933
11653
702179
78722
80689
32269
112102
500288
155520
414450
76367
629889
59427
538771
243236
977522
492412
448963
608440
669765
93689
569041
621358
734345
118883
171186
651675
40484
27091
169485
369994
307696
606979
352547
53849
216240
359938
828057
720064
377262
510721
741348
591986
615858
359179
410384
864412
131232
49298
618925
43530
176367
343268
703382
953961
32962
824573
119519
362471
23204
427381
518170
233526
778661
30490
291206
186864
804107
218648
813526
278229
808631
67733
354777
504111
668758
599706
549386
20694
949312
347883
426102
109008
630896
997303
305990
305616
464032
920298
251752
408799
814913
20448
920670
207704
498196
10229
957411
864973
88808
11128
903733
355016
256752
107006
622084
207596
446272
959250
761845
24057
590436
358218
719763
638574
418717
750005
187795
927880
330041
931568
427330
693033
401678
740056
651597
913044
952851
301273
634605
115285
943322
883813
144749
993789
615534
899137
541657
125771
284101
353721
458053
431783
215650
214132
192951
880199
237578
688226
616946
846836
297184
405841
60575
712231
185247
735839
263002
642061
495540
241546
11415
383274
436470
513315
204016
910682
707139
293666
815180
803186
413176
908178
284845
27332
536780
525357
272469
637185
183434
157762
282838
897657
343593
154962
439861
531071
870793
190779
586234
71016
205196
647884
83607
801010
325071
307511
567090
768640
728196
632356
976529
677827
276973
555746
739681
633013
328119
711224
308195
778879
858929
865498
550004
961019
782695
503671
876215
174355
874719
38895
782689
158024
162351
55522
709920
55695
661689
589476
993257
975190
707461
153932
802781
111140
723449
440364
737239
208862
512375
646811
156372
640869
788499
449773
743680
823069
234352
736964
423193
409865
478006
4864
21762
198290
686258
624594
498214
338727
488713
891630
873735
425597
167706
17630
101986
162935
846128
799796
255873
587106
340704
199832
545885
605527
339781
482815
725229
819011
252886
520828
589711
885380
532321
347632
756754
418537
504294
455454
214686
215196
968147
971097
168897
31388
799063
523870
397526
205858
118052
750590
773076
460133
212422
276212
773104
794041
984347
98005
48304
67539
321134
5477
591438
688743
780852
56773
111621
114098
981026
21962
72442
384596
695849
713258
444298
481685
16464
84560
54636
768392
207596
167759
362563
200268
457981
625586
630659
36911
646504
310834
339453
841710
17741
65
562440
778456
764612
752835
283918
103184
697785
79004
961392
649393
451489
174756
805847
888012
430424
906871
656344
86604
603481
688426
613059
704123
343385
188184
344649
119453
809664
964698
226759
694202
34117
182740
756339
255546
957924
942316
705762
43944
477439
138902
688307
774809
616591
351179
548252
112870
136517
361241
370639
466196
470721
457363
143304
748629
586926
299752
65910
978728
96312
690513
74691
686299
397355
512996
838530
218544
842217
140166
155572
585054
21319
422077
60087
687278
544646
378532
669900
465414
950889
160951
148803
451
635895
676366
4165
789887
933839
176231
951486
888050
867171
138332
299685
822196
26451
613939
618857
165408
274406
85268
13369
379093
827815
442005
42608
949654
533914
165042
551964
244433
78938
578776
365930
804157
999568
52128
644271
240988
890450
583513
898261
141984
679509
739134
844768
168810
43536
807815
260892
658413
375344
601435
663077
962161
690417
966306
730066
640500
334048
136633
85695
419499
664618
638719
227190
799654
45343
760524
730042
258065
483529
558018
121519
630806
601123
575099
333033
82784
803960
768609
127887
85051
483930
969629
5676
561687
59195
677544
324498
895660
771755
863677
414891
257527
642094
697647
165341
51554
96185
309398
529241
521665
81033
894117
32833
300984
96032
459927
929203
155707
263134
246152
425463
2030
860216
298528
890433
25195
498071
177450
572963
533793
295823
801411
159250
185625
115194
132845
553042
522772
961713
303299
763393
460945
950630
198727
577342
734059
733153
578583
716532
848286
94933
309183
611782
706090
937822
53479
918617
971600
907418
239917
84088
246073
190241
493390
671144
919478
39202
837693
341001
411938
554779
270230
441958
473188
617972
614636
157785
62481
368569
722622
494366
711918
81459
274377
539058
904275
96418
67447
132583
449002
907864
374709
200391
288087
321140
110626
387747
409778
430458
790563
43639
461167
62540
194131
550907
135199
675335
790872
83336
807631
248893
732113
894821
364622
770698
252459
846190
996557
761493
743059
913824
684191
22117
574533
651843
964831
871965
846211
634804
152304
682070
46306
101518
361567
86807
756543
435637
377318
808243
358286
703295
283722
490112
500434
501886
603427
856495
634985
148142
523324
926093
89471
413560
567568
952597
987299
797921
807221
743279
867638
591186
668885
734473
251903
173060
30998
691729
316700
940168
714715
690700
168532
483824
374820
641046
636615
387741
205713
957238
845382
411046
774276
352669
48447
192290
66275
657084
739025
265363
319677
326335
157310
639663
384708
123177
2942
253964
54968
649677
371888
691623
310501
778278
620012
704144
746947
942420
174195
455286
350651
535091
30664
222155
980425
942170
720664
777427
889084
69229
649236
978191
321115
104800
623328
394816
709218
881352
338723
693210
548842
365535
534207
657351
677862
806292
263579
226580
80457
703245
68443
295996
245957
664890
17393
565647
700207
619735
815821
44351
210302
617086
580656
230599
726195
466726
255070
600825
546066
999484
529138
134882
52366
646364
307723
494491
279426
283948
331684
886063
221148
987285
92930
468452
440148
8991
110214
656808
337754
453033
421218
482842
481934
772033
714088
570353
181609
893734
294334
804493
424889
27287
967470
225752
910921
633111
931098
8664
634847
660864
194445
757269
188126
900481
557164
612321
274700
674486
834507
282057
208110
287202
92252
705175
370256
591948
555714
306816
430049
974899
483971
832753
62138
847150
2140
830449
787199
479589
85999
856050
358302
973222
222808
786490
878389
992229
488989
950313
54416
210963
358083
582886
898127
514329
843133
519466
813350
680305
640640
764072
594623
117985
70450
430936
223610
622550
96384
110495
45140
840665
23823
583517
318693
162288
29578
686674
431939
453843
638042
887213
259589
941577
406068
927411
141602
973984
230603
81161
654007
525061
648743
609630
190951
667141
145550
450807
721692
270817
704862
332952
198892
493255
172668
748620
598936
905267
633895
164498
711854
430882
329510
800676
639886
114542
887520
644068
891977
537355
985034
126118
426277
482396
700410
124436
92413
750643
643867
454082
910533
758052
347385
320911
397548
766532
678972
312244
61594
667587
36274
959660
771929
34531
753413
863680
735568
740756
498891
39150
491049
142574
799932
896309
651988
74826
482815
770496
674021
535102
163101
480173
348633
434738
915927
19128
425846
752099
880338
340040
360784
587636
651696
248918
112231
499564
555131
287670
796782
186449
39227
563908
518887
95390
538023
16300
938089
254307
621496
477781
942147
78906
472856
876587
763131
931873
178746
119751
158895
610809
163971
812990
978653
746458
735013
829635
53054
525009
861453
401145
228301
197239
636787
749145
288805
435503
112078
644093
904072
241339
882474
32519
842876
304699
780817
450160
926799
6596
1446
32113
598268
790361
338066
648647
577318
753545
115349
537255
994881
343140
124222
181630
203408
513691
883638
67363
376392
404723
331382
89116
491988
100134
586969
733834
7154
891222
785547
426226
124154
588590
830561
134632
878463
855896
839747
158554
637006
619476
890116
703926
535124
938492
399506
270265
515804
336529
103689
784406
506165
980800
390242
573759
721009
118711
340296
217170
707274
349599
453963
244963
595680
972213
312301
567010
338398
133256
70426
905641
246138
591825
558837
203877
248858
413418
477070
727198
633364
63213
175856
836772
792398
192938
871190
43800
79301
728836
71485
480660
831913
51688
520020
518520
701988
143979
722896
755474
46907
63360
855132
612265
595853
114387
887662
958182
195513
503684
281845
400416
244637
808771
137838
182082
337593
372164
357526
769563
523953
263583
288954
561922
392625
893832
773482
439780
902571
772134
501388
445612
360572
787473
709132
500941
404460
847789
958961
640751
56852
469534
354635
551731
687066
648934
50696
691557
930392
568930
11495
734333
150939
385566
163268
483218
696071
978064
102609
802844
970840
331576
143077
17316
963
476306
679470
587594
751995
362484
853507
425459
66319
842442
539412
449037
384304
680236
291203
548352
257745
683545
343563
944306
858663
189267
342302
879735
80400
248854
196109
475156
121872
341814
646369
725550
164214
439060
412039
87380
8221
278652
419623
705574
53326
161823
69973
895584
99843
802408
170400
122503
929094
567612
881929
525806
714232
137555
593486
183653
604782
441646
646179
514047
278326
387444
869314
288639
600951
976301
989785
60446
138038
78490
838434
501500
311605
149166
575761
692833
683382
383149
365478
417134
14813
871008
98530
293092
895091
476082
243862
720272
466631
241643
645398
702226
798127
539078
857805
435081
310316
300208
734827
784734
583979
496224
145273
389865
451688
806733
487052
844099
149869
30737
259608
376809
782201
310808
686236
972617
235259
612676
800059
843565
437373
303457
535659
211329
856670
236672
148870
765186
524472
525682
977918
885061
558816
966050
194350
957409
757323
855568
163083
953403
833037
281702
964281
414316
560189
398328
59834
963281
346933
523677
947841
303918
862390
644516
16357
266175
225384
442485
594673
473117
19774
48966
308184
91146
817144
647798
899717
907033
944258
196170
583057
234301
773498
461761
445838
217836
187151
810133
855360
851247
928453
478097
764267
302473
744916
88650
237320
355329
737520
387259
547153
998222
653028
415361
44923
399071
549656
641327
501252
172292
808497
872015
760098
713916
664983
429110
720027
776539
718226
380675
973362
748184
614925
403188
276735
294001
910461
926820
1944
442363
248411
487909
596075
602186
93581
319734
967662
214520
527459
549729
721389
102294
505852
179636
169026
596013
165961
392857
601699
202927
650345
287956
685909
129343
949812
953369
750975
410970
222484
915464
240601
821536
86733
342086
216771
679235
525788
350841
719218
481227
401789
460191
234309
269507
106503
59532
380726
237507
605875
777342
104300
773595
341370
599198
385644
782489
964572
867734
227824
87096
943996
459273
855888
294309
581992
25075
422237
90287
285687
515615
270797
791178
933644
626495
156688
766207
682743
117291
710337
898484
187578
96185
394488
766739
594088
336565
751420
805722
395625
514557
952470
465599
601371
327804
641920
219198
246547
783681
390332
811904
147905
474555
223618
447337
247985
634579
850897
123839
802542
794726
170151
7538
551681
257758
396556
485388
303511
739372
588680
396022
960320
495459
438004
359780
961364
425716
542766
202590
288560
228674
546278
478380
481374
491681
721621
24478
952467
237040
200718
786421
556305
785680
338220
716977
738989
592960
853867
659128
301739
980951
700883
490464
302917
181853
486863
514649
26699
547781
697500
179258
877604
728011
38493
820390
571634
226406
618955
849819
862483
736107
748553
657815
924036
52798
982613
38759
162017
699957
170907
966157
847880
696458
788516
165453
417819
860093
715755
518996
759331
801988
144528
780998
806610
913072
800550
931362
811937
109150
644071
79892
172504
421078
756103
719384
224748
605315
797605
721222
392834
396751
195998
384766
184722
998043
960892
568496
873639
514584
234700
920392
626050
984709
312525
898741
324702
934725
39172
463125
995535
140636
47533
82751
586564
136006
159244
656108
357227
845108
699297
124802
927283
686947
170169
279615
322221
653787
759201
509886
481804
964866
731446
539689
35275
591258
785112
212668
333677
152542
628477
747377
91232
209524
148321
481806
411387
934542
413659
200263
672102
222819
814923
518416
412697
349702
198448
801092
436797
819424
308694
586923
184238
58895
611884
955755
79842
262169
786740
203214
886179
319118
544723
650220
54712
415482
749384
955957
739490
250564
267385
836381
569858
978599
64297
825764
204824
764874
436359
921345
850278
515581
400352
935338
385587
220306
774771
706051
458411
930262
360549
875361
433059
903211
756363
999673
155835
361539
680613
799465
947740
770427
522219
289187
860961
545746
820478
47026
839187
140356
217089
848810
690060
76039
316161
62320
700732
633633
213519
657443
546250
468836
463663
316646
954194
653255
23785
680844
727245
451875
465788
107294
384014
722887
427698
856459
721129
751544
809743
6573
60590
941896
893859
595764
259731
308817
34815
404849
368880
554575
350404
641921
415715
713623
107287
419412
740371
783352
252464
336793
76114
642541
829522
269256
787548
452411
841941
73931
408700
550189
476319
579850
119886
528874
237425
924370
345631
726384
631965
708001
730096
552559
230550
131728
489754
927364
381536
116637
607691
687056
239462
220692
333550
230325
230058
704090
962793
893805
992342
676054
191616
520198
651826
148156
79831
705150
352559
863991
946452
874230
708064
841139
499235
165782
481032
310212
275923
860158
655886
134838
344797
502564
940621
719090
787269
610895
617608
706121
219674
781167
355963
307040
454743
57430
656780
277880
969964
926807
796832
770521
873366
859386
749131
917723
226219
619353
417183
665745
217074
252442
598949
809618
945454
591241
647466
862949
733692
526032
996528
179016
354770
758166
754246
273053
984103
103666
223154
980466
434225
326859
251082
728044
191434
428238
809442
271247
978860
857802
142943
850540
8091
646315
857514
836519
204770
932945
684800
124259
944117
312844
984103
416717
242293
869814
51067
783042
529555
316077
299943
647774
260300
494956
195951
205090
113298
113478
479977
283841
434059
157054
249356
742407
578354
312453
554912
797094
937244
369297
50709
814879
35861
93014
722224
255114
188009
726627
581472
328833
962622
576028
777903
666287
368990
41360
401748
987824
701459
610230
80677
521957
224235
116169
892649
222360
638363
328765
997707
424070
303744
731036
60907
509325
875712
545794
851087
369011
958351
181105
634679
135632
229134
4178
64590
706714
619918
432265
195452
237003
153650
188595
916440
855537
404721
679487
117627
507986
244923
545702
201712
641721
15027
493192
804679
233313
535515
588325
770377
292669
670606
225652
118725
620962
962406
929379
931401
627026
175357
125740
606445
50790
151505
269969
495305
688023
849345
87604
429830
882537
577652
703317
979154
992500
775001
150824
866797
676240
214664
574290
446113
749148
711111
304704
475598
22123
760425
618596
956195
149004
131346
364557
420201
987829
923157
490722
326713
817035
512254
211579
260174
430737
86891
631197
74101
224426
633237
606223
697505
653068
231085
14365
635803
605123
678049
815593
614486
966687
803453
673192
107104
501052
805038
884096
979893
96172
499939
674940
459950
954947
519820
12202
31191
653950
918340
920274
728221
264720
897355
923859
150374
41099
11820
233243
495739
552744
188734
670786
62816
211507
455749
637188
307461
416277
576760
309849
379605
549631
909021
483827
759275
618481
645137
251668
697508
59364
290852
677513
745743
903258
183584
449606
380801
515200
472234
483039
188358
613180
325954
983457
331634
906521
756773
690123
436245
711309
584530
371884
438156
626467
756393
170394
533684
456201
161646
879372
371578
661240
987437
334229
119566
345915
380024
879486
330614
790623
689164
254910
355391
752758
399762
683608
786190
445319
510977
682705
531668
24149
456928
325261
129952
779146
294825
494469
99598
814209
464905
219175
907293
972525
897541
53643
91166
961384
264438
209037
540617
500764
250101
269067
140138
353480
831953
2812
312632
873200
652605
93547
44742
165476
734919
220112
247379
308074
653251
95817
887484
288778
655238
634554
666961
908535
770638
577598
706244
897877
100159
534088
32893
844139
896328
212059
493771
698023
937764
660578
555318
816584
209085
8556
877744
825196
495531
344968
454826
315702
165593
321913
612226
451803
888520
773207
533593
181002
759469
286978
934979
442358
337462
281219
70104
153729
489259
832320
514407
923590
248495
50140
852106
617091
637541
374249
727381
630817
631791
101515
188712
395426
508177
154090
634596
79526
204212
609683
786426
989722
887175
635884
255327
700606
744000
904082
500892
268240
172608
103121
266433
539290
764053
642239
322041
888853
563673
339125
990841
175545
334519
921771
851027
600866
256717
849967
157543
201248
56109
34754
770808
433499
271358
283151
186460
470753
738816
329545
465934
956558
792365
260127
370974
732503
681018
741151
552903
666035
122685
418021
878433
528998
681320
231165
946989
215339
219187
135197
678990
840637
803992
922680
686039
989762
723000
179392
383359
84821
671771
902395
108337
496942
610709
488129
240128
820528
214147
138575
22904
751567
120821
130059
441936
456028
394726
904981
450811
187247
384486
431622
893917
936752
71513
549000
847451
327938
585944
802322
681547
763852
143029
276094
259147
374820
826779
449672
16941
622042
729876
988965
122256
943519
184485
8638
973066
765329
354708
705288
533825
365668
450762
445441
754841
696046
385106
166088
615495
773262
532993
863961
252036
653626
398768
991397
94494
37221
744229
913802
708200
261257
489616
197172
327122
979030
893489
634063
415763
431543
247639
374760
233282
16317
584002
595551
916165
705834
744554
798411
668256
359068
602585
584362
59247
661397
283315
197251
218799
511075
811030
259418
990262
473648
384924
864015
104259
970344
320125
38228
821552
683650
257042
96521
836356
39598
239924
220150
500453
27801
990915
162852
940970
274784
995842
502616
461839
554959
169376
124973
752322
365588
887826
660493
691354
442500
988123
374988
804519
427593
36013
968417
564004
997672
185129
610881
204809
985387
150723
819738
117757
471215
73409
972265
523433
287948
408546
985208
829096
477212
608219
508472
910170
473066
774077
498742
528664
522553
856434
128637
966913
839086
73830
235721
628979
22939
452610
181731
847574
802600
505939
496606
272274
944288
695433
782316
642656
561941
959964
526365
38590
461425
696329
306806
971196
375451
930042
523562
325684
494466
988036
97400
448023
871049
356810
857184
500449
379983
496575
317955
901294
901850
101960
947094
538407
854431
728703
639810
54357
447728
591188
843868
538454
205378
874574
52668
771052
285786
136431
821180
295027
739092
146102
355151
543723
59472
534078
700795
671155
359289
210180
762740
989591
822067
914566
584919
476992
201121
555590
921471
683210
736720
740206
897672
487155
2819
476557
757918
650542
146331
284479
334848
507159
975267
236651
822743
518018
605046
832806
989613
781548
106125
133238
721548
761363
890089
960241
217268
549858
168601
761347
359735
573828
338601
355661
475061
647193
162727
480555
608560
862726
936083
874766
455883
71783
884706
587080
333092
927968
307375
767143
825098
998033
157183
684600
5149
504039
353391
613229
48193
611023
894844
721817
259006
959686
354863
703703
894840
134284
553187
755915
667717
984375
518580
973504
904112
537828
751366
376625
659530
453832
373359
413027
53223
757860
881538
276271
666044
886807
54841
891230
456787
945293
838462
893868
29736
871702
708118
578927
147236
306001
469547
316817
269939
688071
641012
263097
359044
809876
86019
254921
732892
623423
44714
507072
600728
400491
920587
854846
713469
164327
129659
386152
749821
334432
158355
681186
782153
315702
69011
243001
218253
407787
405170
684963
168781
649464
637126
903005
831386
577530
199884
308724
821872
878153
99669
144032
252271
231018
401486
808330
387188
190298
113578
359727
754580
317898
273070
453724
754165
342379
887960
251033
882440
554655
884845
325026
114086
233422
601566
230160
687174
999578
730774
184023
385753
664106
10275
298344
283266
888291
182270
431095
313653
277045
720376
549591
673579
317649
47363
109825
347967
267897
724507
103731
65641
855791
331599
960117
797012
831695
849776
73463
673885
31929
798164
909142
472170
733990
137415
362493
631717
79708
452240
590696
868116
897660
383451
460356
524759
473849
962248
824690
829
917795
132431
205547
741570
391201
28877
639869
322857
979453
947440
522292
723058
977626
300092
553108
238201
572224
65079
91202
409387
784216
749559
567298
870053
201459
630278
430554
130987
475460
526703
341526
82817
825326
358824
648613
947433
265848
501659
721249
306362
639710
894675
210988
81946
713345
616960
552309
951064
96318
325158
46106
853864
207515
399528
127656
935484
437405
606445
282685
374907
3640
123820
834575
694112
2142
180698
335365
300658
646649
541997
922115
691035
266611
847051
155459
58152
72562
908116
708894
759324
736098
941385
478955
299825
656426
919127
575486
809772
641792
883524
69266
872284
170008
647669
27393
521967
310583
973785
443311
20208
360615
235254
451015
223648
938499
605838
138461
642352
970610
135469
86387
812889
534512
847442
649879
329561
845320
646008
716265
742859
717534
645439
49147
427041
985960
58236
268561
564544
179389
369818
646727
161591
345030
499947
660690
456541
982417
161423
901727
260359
170052
425151
478935
702563
44526
411639
67844
269749
990905
595390
798413
263211
843132
380691
276189
35614
88493
178038
797218
332648
600883
276815
229554
192924
240538
210047
679687
535910
955808
875138
697451
272448
689836
959998
679663
313806
698526
613738
813333
638552
822721
861534
787149
706785
724189
632947
221980
444072
784490
21270
64153
532795
857119
938798
569682
301042
836263
314535
312971
34255
701429
263323
483110
347312
567343
340893
2526
836526
555589
164833
103341
873558
414693
247115
98382
497538
174599
224786
723485
516179
286115
168401
210010
744524
109251
293098
285516
653134
272306
506711
593602
987052
341204
34255
442933
870698
67983
929873
505161
803543
906791
344783
971314
886148
546856
84346
763379
215648
572988
958054
382978
408945
977244
869530
115400
382833
232227
399799
884740
741251
865342
472515
865039
71696
663424
47440
250810
745027
829458
80333
399827
350493
389192
266345
869255
922485
691918
636831
537121
933648
99777
401827
227505
689945
289242
193191
608136
916477
316485
266890
624415
264101
789712
41438
449111
408913
612415
623892
659866
387214
420860
545222
812513
340883
957867
758753
704912
545278
597404
274925
273916
307558
882202
58875
16844
843868
993312
674986
176957
756931
192939
584021
775167
608073
479723
79964
230141
22785
106131
844174
735354
437599
385487
697431
327055
654037
357869
735729
889458
590741
650073
508327
484982
436298
234211
549369
8272
298418
724247
875083
756057
461466
499150
645769
316482
789331
771251
471909
439605
439873
517554
930556
248842
214865
880126
419799
859939
9226
850367
126798
940517
898173
224407
623494
670099
500503
184016
296282
196680
685909
563236
410135
152401
59030
238375
946402
674405
356684
957461
1717
428994
17932
818804
485894
118629
126598
973414
272008
20261
81998
793677
751114
217580
170264
282970
773822
669139
617155
417589
484693
398041
164172
211779
64133
929984
814947
637846
526764
216325
758746
515511
78222
465594
285818
948936
893051
687873
35056
203161
978188
560167
647077
786186
588427
831962
570283
268504
846002
478281
687379
959557
509068
934614
776347
135272
61496
691130
160260
362254
936525
545590
452546
860876
142743
169522
761485
594403
878526
729908
711445
231566
132167
488318
631506
98730
915444
532228
971065
115202
305223
786632
241162
150647
340581
728916
331846
519880
283477
458132
693439
159300
197095
913165
793927
837641
385137
114558
979722
828471
452213
458001
522232
697783
721950
330814
990618
572705
192745
190141
910982
937743
432545
717861
648110
892348
584962
574374
168914
563927
783423
858143
416534
29674
559264
526429
555502
802018
996931
549682
986485
843770
311874
321965
487773
250632
5813
580859
510913
395812
579534
142297
462167
653873
29219
807029
43393
462857
316233
955297
493826
912841
197531
465842
409422
367606
955802
878907
489402
92106
304430
4705
615570
94303
443467
839451
468361
759287
23983
915465
20043
79014
275911
521709
406895
511324
544882
281482
808840
260563
846365
615831
169370
208401
989133
431200
109098
500570
407227
581114
258415
174774
203545
809249
27812
268634
110067
301872
539647
247542
912881
411579
941947
23706
911225
994124
457042
515590
992817
158713
638407
635148
787170
194591
276191
199780
137528
585149
576111
748620
122533
343151
960977
662426
794726
946756
352752
737952
971230
613119
528195
489722
887646
463847
389911
995766
759942
386187
552772
827425
583428
1110
191489
711658
695291
346634
476244
1589
13184
575644
235234
784767
4030
360300
671716
621353
966777
952672
658234
318947
525551
519260
285466
460982
510875
87328
924897
804269
585363
914557
916874
512161
334097
36725
846972
655008
845902
258158
730877
430074
279242
416211
283141
645799
977961
915784
412333
619160
599031
951431
571526
413464
847180
389276
89222
351135
695051
52665
564382
566964
245444
979831
541159
644283
109817
518698
528762
992866
687614
452319
722910
355492
593849
515828
988572
462393
147465
451924
170735
547419
228740
450191
162968
12020
998360
870418
848781
465577
376722
373511
292945
918781
442813
855756
526623
574499
607523
352584
664768
477093
360687
471408
215100
328874
626226
637653
659501
356007
189572
145894
383215
797861
369539
140554
448435
204906
768631
258130
241459
722439
989782
528287
372416
388862
687843
910544
339319
192333
673072
511397
217362
356379
929157
530037
694362
192254
938969
306376
921018
538727
254397
182802
432175
181099
197016
907981
801500
393646
220877
60721
881786
971438
643193
197715
219181
818729
20376
945496
821873
612844
660039
234900
265523
736506
774372
364803
690748
250709
314897
275234
307400
612588
944856
886187
155957
682528
565224
561772
337239
10036
884158
376707
356520
941649
516063
154936
917533
850868
297345
458167
702483
244405
23050
918504
240232
417205
440816
604013
611111
140450
335679
794487
648539
522793
962105
127621
825156
862650
710423
511099
722088
550001
786094
434203
677952
494630
22573
89634
496403
974802
886210
310273
441313
215196
600093
884534
776949
234879
421325
333895
731166
807770
404998
37659
639735
357589
635267
44661
163745
258090
383880
357837
53458
49623
262849
910285
282887
571871
194246
264613
260373
643575
342528
254731
927197
442388
580325
843091
476062
398287
747423
282982
604133
438769
990794
198434
754911
24033
731356
70606
771279
877991
606496
370040
616346
875996
477851
543213
770048
382192
217615
426517
818661
947736
460637
998248
544461
216658
448261
686225
542055
362774
68106
39453
660480
630747
442865
392480
990360
515714
247591
272613
688018
119331
917890
290447
611588
960243
750816
328400
797615
701711
385452
679813
717448
457831
890239
155757
122741
141961
973218
4421
232531
697481
17394
468417
224244
161547
964124
229928
272038
23661
222280
387148
844782
359379
280019
221861
891924
829008
111860
687114
268248
159021
105280
65867
319234
944538
577032
576877
322327
106991
397152
903683
153255
909341
488571
776613
334916
771637
26418
545616
726093
24725
789731
425434
524904
516139
795382
651344
669710
143527
665915
120814
961663
436737
706991
72569
252823
300004
318302
662333
255353
997430
798562
512223
363047
390852
426121
450014
756980
60495
652565
414442
743760
311277
90204
681889
874435
89694
275984
616674
617973
422700
665881
321872
683625
425533
471262
398117
561290
82105
44451
666864
607902
956242
622092
467628
390103
710196
262720
714943
958536
591947
44841
840844
713269
867563
489303
992437
908099
335073
77828
77040
41230
469972
363378
835332
797081
458070
489777
678049
969632
449229
797245
697754
579722
966520
835139
897408
58171
57824
521092
708572
826629
950302
46995
118920
127870
465347
652408
912170
883628
465063
688055
811534
890589
238929
248107
693407
622548
397312
971
786562
850397
267028
466702
961488
226754
982364
864619
445422
93334
649853
544570
9418
671790
521787
18102
481139
8048
328231
379491
397589
917123
337381
675724
169040
397670
17177
254118
535605
933213
288366
302865
362717
825349
867330
126588
640613
588553
251505
62631
758985
187821
542653
843460
236956
100103
775831
441847
417697
470926
515277
393085
800650
835979
655439
395240
666058
36460
179743
99976
119833
221175
962837
592358
747396
999708
168332
612202
920622
800291
767725
501340
636327
295364
633173
151879
200550
592725
722598
627513
669990
679262
700327
788520
556699
723784
333337
20719
83088
522228
999127
563125
580767
58409
559528
767151
112460
865125
577765
376635
326910
538708
496769
165933
52954
383583
5050
518631
215613
600091
870363
950177
992854
68450
245483
470025
733279
833599
276342
783940
376246
269187
221109
790034
366620
163444
128476
735887
164168
867941
290049
942165
499177
321825
84900
803839
233911
868865
845983
624905
99893
147357
973611
764371
74565
273247
931916
216388
436327
644147
260186
190411
440272
787098
148142
605953
890467
759006
602277
239979
842574
129824
817364
531995
955780
208013
471752
779573
866578
573679
907128
685071
75360
85344
633802
438706
225607
463321
501182
379646
397385
218984
291259
242793
13809
118400
939444
376807
572552
406442
785335
601894
791409
833690
365650
107825
681058
799772
822306
814772
163135
399085
919289
25247
546453
369062
690859
867747
708847
280403
75893
500761
483609
708578
65611
838658
592687
599799
445
837993
917280
261917
873925
952421
144069
696598
542639
326138
768024
228627
559397
701151
96274
388863
936662
277659
300261
269173
114499
301065
322131
282387
299686
205498
388777
384294
974271
561145
616284
795204
490812
442601
530238
325753
830660
31563
178205
173337
459872
449372
400377
477429
617222
382299
927
574248
415364
703721
935910
970769
39109
100488
687685
923611
545859
468230
312528
971895
11146
94899
792717
204075
503589
807373
653559
15428
838823
370301
319118
812391
421463
692154
726361
3910
697273
975692
898298
341102
572341
714667
330348
810748
912935
683718
728539
525744
427074
639583
173407
680473
972513
231123
435479
493936
879276
514551
223070
829825
192867
980574
913645
728132
752138
620536
333581
283402
457841
712597
604150
348755
348255
422791
751561
935228
659995
43300
851751
366613
922774
907434
424620
210769
879224
236286
716876
802647
43845
44173
378376
206325
654316
556947
418252
676340
597548
371834
935784
816326
58787
301850
108457
585756
363317
971999
106324
275412
538069
968328
900414
177872
258611
390924
887243
582818
690498
555223
220353
852259
677925
258482
945672
665379
276533
702848
292224
991226
896561
829348
111551
825917
639875
695168
739301
526348
378987
349913
835358
296329
74826
161622
714356
760611
469005
380391
669774
171920
436660
779779
958666
648985
311806
722441
438898
984399
276659
955912
468573
380507
358542
977434
229
2483
219780
858091
16384
809385
752629
462935
230461
31325
52846
739506
525021
656979
64537
465057
588812
145695
930882
788325
305402
576509
137158
223544
66331
757245
729242
517776
850167
131035
481781
786304
820846
519661
561371
713534
968652
665141
979784
372735
177029
471190
154549
110718
893645
194468
611401
486492
192406
913236
932575
961506
228839
977298
522544
742178
222806
368562
954205
815675
350882
335998
224092
989754
348271
900974
745084
967069
461662
701045
549526
435956
736776
820792
656018
74401
549016
749722
670419
830782
800898
557106
53312
888989
86308
225374
549424
326954
889271
419121
595697
670381
707250
787399
165494
39788
441275
903674
970202
228718
538122
17069
50965
932377
508701
848709
780730
9789
284882
450424
778922
481066
634084
761085
369113
603387
73732
221667
153850
198582
681491
664126
9738
295947
671610
53628
839414
594426
749863
122069
449770
696338
349924
680033
560120
14548
510101
882371
585825
670518
658830
835075
406658
474179
955855
818874
455133
435999
366493
413542
99331
693289
191614
271709
310044
389433
426704
255007
425171
378633
638022
477316
500704
233647
5248
76628
245235
564104
221382
281717
24634
554289
267170
245183
143887
666735
821527
491372
643073
301614
882753
236907
810109
754919
44298
561683
108186
666906
963526
828212
805182
258299
318444
270090
792943
780905
556210
43595
736122
402265
281732
943904
509050
458897
501152
495472
608773
290833
777233
10327
955705
703244
123653
500725
584670
528211
729357
228003
624504
973075
131570
152193
918060
327605
973742
309035
662988
774691
868878
294858
777345
923371
734114
999110
648148
999164
617565
760153
103321
851916
260112
995967
107512
35100
315838
841290
218713
820883
599899
910673
329835
640967
783142
679304
345618
922011
900320
118444
880811
416706
666535
436501
612733
180706
855732
439277
68413
473747
937838
966143
308733
398022
434216
324777
953523
736323
49086
988076
459298
699594
196039
284066
441639
105115
975607
797135
908322
193681
926164
999695
121407
17066
971667
918959
621024
166434
250383
356184
893865
12988
910565
591655
343783
354
80046
205592
36958
128484
634522
713824
417517
601884
217765
494681
114464
797490
136889
326360
847506
416316
334944
910298
85949
474045
139428
805981
715552
223694
362758
243276
111563
658395
106327
135250
411658
768772
632373
944208
617772
201955
572390
949033
263279
287661
372426
631674
353993
715185
615936
134823
16021
499582
776600
196689
909337
508194
355248
382692
511408
136460
287341
906828
858649
853971
788504
539335
646298
882384
689938
14421
316370
86053
289461
711501
911322
117345
289609
579530
141783
689084
934816
969410
786464
716605
971663
824502
439366
32891
272969
613125
223940
286143
64665
793692
980292
91209
285564
153288
710732
285866
91672
882988
787267
755470
240733
683918
472996
973340
343351
256331
799934
487798
974829
887787
804325
157403
467481
782735
547577
632108
953604
469575
851088
35020
206749
510144
509187
129440
521110
781851
45842
466293
46556
977496
746293
296577
26033
992049
182912
540866
58087
914051
533745
557187
478714
391591
73177
231869
737227
116192
279013
338138
108149
496940
603401
110997
128142
404477
415944
435261
247292
625986
289378
183127
346353
637086
387481
115683
354564
343546
640418
813879
905581
759030
345125
46088
839709
675834
303025
160328
265400
33707
419200
451113
124656
896058
552481
866367
518719
111766
731976
99203
534081
956161
476206
409523
82923
977152
473638
707159
795436
138412
42302
345887
751006
85414
444110
82089
821161
514344
656096
317406
8821
710070
998139
109436
752201
260274
76174
374382
7621
711439
655862
938775
929208
96350
794348
775853
481119
802308
169422
108802
637755
489165
566792
856671
42829
245145
580191
169993
464881
424948
788506
596197
295060
131012
178829
119
667220
281947
587587
883462
154483
526893
221511
660508
808566
624091
704015
159145
654496
596845
424198
688135
471302
957919
428661
969433
749967
196306
486221
487500
995466
307171
642195
207487
743532
148249
50088
721919
860260
759352
962740
887211
928029
308978
113327
692023
11728
913981
63371
192972
156483
367232
770369
132299
229601
843431
601975
754802
591799
888022
660363
721816
913353
326969
147199
466578
944143
577594
902017
386488
578063
959052
670293
741377
962904
126948
141281
524043
569816
478984
133653
86776
774491
627520
704181
932402
117088
381288
501380
183246
917337
543847
162510
901582
51136
19258
190547
400705
707665
958058
274955
290565
798632
213276
894234
929325
689399
774087
183122
304189
783907
975296
140063
816594
635836
687729
710931
875231
965975
43112
76303
573649
426314
526987
912266
606228
334980
924906
913729
507567
204486
452141
138235
826187
261634
134380
64312
136081
306830
233629
368246
358961
912133
135848
97567
10750
236475
699607
127378
160246
960858
585385
183820
532064
506718
489542
485043
785102
25641
929164
825855
785410
413443
308999
195269
560045
450034
253632
961186
676562
244274
175724
179648
483850
560146
851013
741512
337760
68971
972662
263012
491228
211261
811760
439855
566493
446951
554522
729852
986719
148227
781733
761728
299741
786076
50557
932893
936400
643404
506011
360139
346837
301431
580087
895653
743404
327454
628891
821262
7452
205984
949459
842174
727797
339092
52289
963501
446574
264443
396365
630490
66988
852517
252857
106552
734180
475683
638738
698934
247255
987877
524866
602345
694972
309551
356995
884313
424956
222524
784558
916901
388759
679215
242
188691
126052
364978
356128
854392
402805
408878
707042
824896
471064
543781
405644
898267
281722
265455
914698
589445
611623
572367
749881
737391
551405
86961
61267
237583
535006
72130
878082
520833
609907
552236
974933
247704
73677
478701
433872
759430
423511
49171
273245
400611
281608
460502
602529
163805
585541
323025
568234
945917
771107
521439
992068
77010
691466
751118
153643
741820
63733
412035
528666
805975
824341
403242
960002
317313
348757
853783
247958
107146
103929
751422
210243
897463
102304
891787
595261
747443
85608
392479
732021
916883
992688
159848
230311
901828
77560
423388
322447
704404
112293
855570
928507
593433
975394
599805
243644
231873
552928
149957
418102
464120
913149
256964
453975
520944
962499
456154
283620
176848
382151
878189
269551
858427
206066
95616
766821
30267
266204
839407
901700
182090
370004
361796
151017
555837
710332
303673
714759
575246
904721
59787
209396
977284
496841
167736
344413
144577
736981
503637
688474
668391
390470
947854
589788
766376
633740
472890
294019
540458
525529
672281
767756
451027
487011
530606
256872
456630
825865
849331
757672
443801
207245
223038
851795
3682
143103
149998
499866
908510
488763
30225
946403
137454
159753
978326
155521
867535
335522
561577
705861
256196
405074
924913
430510
492962
764153
248354
129019
788536
248555
401663
96993
788441
855927
988976
89433
375175
473413
627131
298896
188861
843352
297378
616770
831641
450548
955225
616545
504228
213081
98531
820591
98495
244973
67848
505003
592301
254647
7605
687271
513399
259271
921968
752696
724608
791668
95478
316040
203429
427518
507122
71430
712336
318738
833052
526716
1690
427179
280748
956672
498010
379861
867386
429700
553999
457548
500980
377609
14757
633924
381179
799152
874152
56322
380378
847217
937666
173927
326883
521956
934322
87885
751976
28285
878092
105098
817683
346837
646246
174226
117027
494499
323046
925625
611715
160201
459942
264661
22409
965195
927681
513985
235720
955866
700605
595327
440146
588175
88981
319349
441485
474419
975329
634584
210736
187323
355684
996454
171803
253841
327026
713485
974161
701773
405820
726249
670483
212162
618554
887339
555737
858165
656691
558613
197679
808041
525740
349537
192107
586774
284651
72897
45063
94967
957862
688770
581855
332354
373901
961354
126728
807539
508785
975808
382858
908226
489231
517322
881404
942259
466365
445873
721019
203660
831152
526754
309766
917536
777576
830542
910073
737354
28600
313712
413924
455670
88949
753902
220936
256089
769339
192537
45933
398464
100503
273423
877155
503878
802900
980288
337427
257184
252837
475725
893056
38034
349612
534988
292640
303620
846949
447656
470865
628847
820082
344422
133178
717746
752323
176386
659583
486785
725857
17656
598688
7933
357848
563614
94447
249822
330559
288622
280300
336716
306597
121186
488894
745037
750426
379000
193296
270617
67351
193109
697158
386570
137419
95046
684507
976431
551682
622177
322457
76928
724724
968842
733427
891563
117672
860049
473026
799053
687427
404921
879962
781116
33009
395796
259017
545025
853295
492362
122348
546275
734194
698616
881325
111326
647927
497780
398236
662707
250536
941999
569897
581273
767400
229684
552444
157009
746619
984525
779505
776727
258197
34244
732787
22772
842750
153223
775028
560817
805982
964325
698118
636198
487083
19637
199385
167088
222315
839893
838546
367616
539752
232400
356996
711376
325360
12121
986317
846897
101638
786484
201039
456001
461353
230260
631178
96760
164542
124895
437395
365537
467356
227629
259507
488997
666100
823727
338655
98690
207963
254797
36623
576283
668982
834472
283644
277610
915393
121438
787899
687057
139196
768363
652977
156813
594226
206700
666482
257419
258087
217151
261435
786965
613853
321671
785671
442917
580163
404684
113617
528922
604795
609471
673320
504392
134726
266779
261032
160490
532751
705894
358746
536178
340177
825879
782122
658497
613
317969
956097
953843
405483
744333
568895
964945
64021
211223
937302
515882
782091
486319
99270
456699
369214
46416
109744
778955
421581
324877
954650
85844
258829
292566
960510
984411
659577
197914
54607
335329
204662
630599
351049
618674
608512
84908
523187
345178
528375
360384
386484
297143
255744
852028
318095
214506
587929
569123
851005
639783
996349
565986
39974
11052
14128
556881
209723
71631
481192
596761
219251
305903
465432
278320
218719
815820
311578
626368
21164
344307
508151
231271
915317
313170
995414
378455
624387
212458
427008
151260
923298
83362
388044
862142
522080
282423
165612
763900
892133
220049
227922
613369
692010
821809
166912
407987
624280
717831
179563
231277
977597
467745
788555
5231
992429
576893
595394
764132
396915
923391
950822
856673
4275
11070
840877
469317
547805
370936
279348
557755
223952
155686
977068
204828
381321
670123
177761
360050
201734
974885
770536
475736
482555
66086
13605
941373
379888
414973
297206
694919
27061
654573
970944
515795
212035
287103
183956
99611
700081
379123
145789
292017
720079
822162
600424
38632
918179
331551
144624
890833
874622
298988
845126
827235
737017
576968
986298
663284
119889
576534
367144
253476
747996
462329
91969
543705
32935
382507
273973
25764
203055
191725
401274
355394
705464
21721
138300
337407
327116
537939
624353
760181
782675
86942
538039
274803
24908
954570
305085
311993
68198
718027
94987
765535
710269
951398
591071
151060
326260
281732
138244
606980
838315
881129
102048
972947
884381
564926
83867
162183
650969
781642
731560
811842
58139
660415
682609
636908
816199
2801
470947
561711
741953
424289
24915
857500
431147
700856
461771
696683
533116
557071
141686
43295
542970
593067
829091
904520
356628
860166
286969
679778
500190
93448
76024
353819
709929
61141
513831
66930
488190
896128
167264
920059
328695
351005
840308
401791
457659
542067
4028
596544
576660
287376
854141
871385
267887
465079
98295
782212
18671
782901
931786
286966
941485
223314
215430
547813
4624
495906
8078
170985
210566
153147
559335
505536
977052
321600
997090
222572
952448
979548
800548
178167
835728
46539
72463
656215
132254
861714
399567
796012
248195
115535
617603
300517
925469
285867
430661
713091
955302
303979
568600
192502
801458
830502
864813
76771
601477
931089
527314
270983
427918
947510
501048
222261
228036
187203
928479
653051
772892
544383
704800
953059
842788
685271
382614
20373
119039
96151
532778
508634
110973
574324
831354
423611
910806
6022
231206
506312
230276
300563
460471
978996
403194
774725
312875
384349
112068
292350
53601
501802
924476
419586
375837
201422
921894
138003
27065
776937
113257
551898
959849
578765
199147
350657
12841
748701
109319
711133
531461
957138
638766
175113
611268
468311
372887
419662
364978
336340
135012
503870
640009
342665
259923
574624
90364
225616
631965
893829
666847
416900
617710
320505
356406
560705
938178
355477
600280
767617
239321
472626
15679
183589
172886
270520
854319
650453
469754
397588
261889
788094
833975
757384
264140
578554
945332
277212
200494
492174
135005
705906
782652
773196
997667
376311
508164
621017
604631
400053
198267
600073
318366
336390
266440
404198
759826
414308
281644
632848
504566
43355
543756
228926
379475
541215
639452
542498
4147
458810
658346
32363
916665
917277
368772
24420
379483
424344
792071
772218
581118
862437
848582
851482
541229
147679
977555
749881
625461
419216
396141
885293
830687
433447
336390
483705
941387
725129
844079
230054
814117
129150
825250
893196
573959
386444
577452
554736
66091
756129
916213
201927
848459
687913
793901
645529
481815
51712
716309
865793
845970
398209
89767
777809
422346
611005
809251
603346
713522
618888
732472
583848
962525
627309
298891
456404
726297
496449
626406
735956
906278
344789
175040
512997
589138
588293
812773
883560
295346
963373
861954
121250
828287
66620
853903
9694
908426
84576
470617
988141
109725
715041
501803
195982
717872
516554
173144
360296
987909
381761
456616
210100
588513
19384
510813
845367
218727
730940
514848
21677
120466
740907
44045
424258
337294
649346
996440
213753
172788
466324
688922
845488
4128
308695
311548
13498
376177
119513
348542
191468
998173
304080
849509
545076
437614
231374
123071
490658
77661
142995
240084
656394
579721
197885
306091
95042
484564
291546
836342
549831
40923
965726
18587
945852
790096
88944
90527
305106
223733
311582
242737
459267
127798
631474
647249
907191
521508
31132
302555
290378
485578
23566
754676
595301
349166
884583
736335
958665
518565
976263
257757
22570
16787
637185
333775
131384
352511
639982
495241
754872
825423
954654
35236
725649
661156
548202
595936
172195
260820
571173
911269
624978
390592
352881
747188
638177
440786
289389
791151
849464
321685
10956
790657
592264
491505
188801
766635
737221
22273
561046
408492
882578
962195
523676
795789
534139
589051
851517
161094
471387
413972
303085
603344
670174
126421
958463
23304
490273
939595
260564
216381
498102
126968
537326
632790
787907
682120
388450
806307
569226
247916
430636
203774
303619
508566
955293
245149
43237
622927
962799
515128
627203
597816
766585
946769
244115
470107
198397
468069
287947
68013
200863
497773
732325
425314
479217
518289
917121
329645
834793
398634
474280
347539
709684
882
152046
697643
558499
268683
844466
8820
476612
948008
252800
602003
457804
612956
307349
487463
781487
321213
805506
672202
711442
491124
60329
59687
193688
658404
327332
872435
227481
624885
467014
43274
266993
138236
277753
71462
343604
160457
99334
758974
54911
31692
512180
689849
936874
336356
249863
679117
622745
572806
274409
453945
426866
614214
567847
26139
494761
12549
231122
182638
812982
766712
801926
912548
196456
767248
803015
753436
282387
620171
409991
166849
826469
207767
60676
856446
465687
778398
216462
783457
835775
835507
334630
206219
684930
571287
746882
625361
765862
82407
197294
327027
67973
728102
732748
818103
191133
532579
289660
242593
888453
833415
779862
125328
451578
514365
809492
975160
786840
488510
153805
43703
760484
689976
663772
794326
67462
384602
187231
59423
124820
101758
558939
923606
140105
549236
151805
25877
921684
472551
298299
824263
506765
50031
471513
440897
888194
834418
256136
352312
498160
24183
575657
1059
676749
572297
640239
140718
677826
729604
421666
993495
95798
233023
101695
38953
42694
408150
949309
563283
775441
907346
172650
757285
694447
533239
52596
656678
856065
217771
573508
817428
150179
651774
369925
817401
4350
683610
331331
889958
707643
158920
993646
177231
784722
610460
603581
648642
541376
296063
769007
69125
148887
129111
568748
175756
859823
104981
593738
649428
289722
920858
395693
58143
357430
402567
487430
640396
639803
310944
417276
626450
518196
211739
998823
318553
110698
390091
171384
540277
441852
500644
934711
367551
133483
112554
241957
800018
541778
545659
701696
120927
136626
193205
329701
556078
599979
95109
25295
400050
426631
817421
891133
321351
167665
248497
300018
147914
122691
260735
494038
557589
406077
377400
773178
246229
820305
798527
127929
231370
947354
622813
253498
765211
660525
977711
98513
381844
555144
647405
741125
327549
631720
461911
341804
717784
132919
334462
314099
767670
692321
830956
696314
960118
718599
961713
173276
278683
801805
241483
197708
735881
580622
359729
802331
75484
57263
972220
24534
911141
766609
453490
543563
192963
620512
338993
398444
559705
575240
201461
988685
577457
422728
542534
371144
803821
646750
770881
959744
850853
455906
100992
508674
964770
548015
96489
847943
16182
477692
277840
980822
916342
98440
533514
315526
363350
989236
279183
274337
177311
538986
872970
285349
33743
384507
943489
48740
953613
718279
446812
52299
780871
910869
513492
611391
229290
765635
176505
647971
112701
42903
219231
297206
259035
690035
715494
197466
226891
445031
804069
504879
465149
439457
367347
754526
18084
133119
422225
360690
18730
527429
686839
988384
692116
210730
373498
119591
744884
483277
392790
991890
308165
652101
620830
715931
310886
179606
106941
817770
110390
77695
976296
268667
667720
320175
900898
911261
39555
4312
497451
189910
534489
458461
15174
551396
430434
808677
929638
152414
782676
873937
739572
966841
74337
782794
222335
73255
910062
363187
663553
917786
340779
993790
435274
902695
106835
13850
914380
441029
980482
109258
372994
450164
936046
133841
678973
507834
620163
32074
404620
939784
986463
5460
276487
202428
583911
632681
615544
194112
693124
253008
884263
342223
701886
760617
196929
664
716467
458278
952164
788155
709043
705817
81098
916848
843963
550951
515855
253703
976909
71644
315552
750985
531624
230489
265410
74686
457065
188456
255036
61768
995198
342448
283235
587693
35203
147139
220928
705394
970299
14037
266719
541602
784236
851272
923319
687342
207191
492514
495089
118894
693714
942304
818199
568134
802372
56676
1626
970788
53053
734409
121023
971621
380335
531991
857384
618519
235917
838290
323707
100697
682175
453485
570097
301471
962303
267676
81661
561810
143379
207303
99414
227988
904103
320986
816995
82849
590790
886137
466690
931153
917813
189841
292534
672569
518124
98250
879915
175282
360242
831768
564646
248305
584788
304369
249101
310165
828225
5017
396496
282496
702021
331865
445939
241052
447456
970574
99002
790655
330563
300573
28464
286889
743910
435332
754515
8874
10632
807628
787487
546849
226116
324570
272373
840607
977485
995557
309224
884393
195974
415106
831077
497244
808576
49820
731324
396139
678545
491775
684559
55748
139917
150227
610006
936274
519204
984165
664332
804315
114648
752929
197177
187976
543449
765660
27869
596549
956094
324686
298614
938879
182882
890589
684590
614218
131417
426772
997797
300965
415886
210162
685526
789845
611835
155807
323880
354925
540675
93562
688659
959407
512367
622029
631533
251341
54083
12834
542417
626184
809980
793327
444458
16570
536425
881964
426401
511663
162467
211717
59937
575341
65067
391147
961987
3284
897118
961414
993563
826784
329559
672005
995998
856332
232097
303957
857070
95953
652247
492207
753988
636493
968411
67852
383865
541374
86063
647028
795185
524397
122547
101492
883109
791847
979003
459310
253835
970214
305804
569610
369187
408783
378932
338955
254176
198933
428099
410684
28978
710011
645545
43657
720364
7734
146862
987689
780119
126448
545608
925497
35602
219945
694876
988069
122660
103736
215188
225535
78112
847792
528473
743857
99571
698078
57325
600783
152654
356654
630568
587270
703978
528365
931021
834290
116220
874600
526281
731979
442231
490548
342535
149822
850809
614919
550578
767002
500307
334596
758792
536737
584888
909460
663320
342143
267777
718511
122776
630039
93338
725307
756645
384888
404685
615371
213655
794350
272233
430728
132288
788341
584590
462637
314178
712009
41560
115628
604234
645081
955750
206190
593709
417049
760646
650488
895837
36215
879166
609641
811143
324453
373497
330143
369549
693269
953997
954938
238043
251971
654629
238008
214632
890731
106256
143616
12619
282972
377509
800826
774007
812901
635472
446299
174037
147947
590206
991230
49661
609180
912993
49454
18512
903870
988128
92928
469812
899553
328287
360669
127917
574003
854054
922782
891989
46834
592112
672656
327416
540732
56978
624918
759246
329218
591366
230958
357973
356187
918996
483468
208267
991541
679324
381538
508805
754214
957122
955777
567343
671968
829686
140377
640737
489347
112990
131548
247961
534541
300963
987137
102555
663725
13397
283429
388066
304821
283836
794124
94977
7981
921020
65412
240539
908291
321252
508650
764539
809376
755539
472774
481809
208279
260807
413394
948362
352951
329795
135192
176075
700544
326429
416121
300169
4018
293857
64329
564167
683712
925541
404440
640749
476388
234475
721676
429890
329868
687852
941674
928199
245554
268679
323763
129519
821641
967622
51435
45374
706771
633992
496501
806780
917327
293841
103897
478614
689168
669867
427048
169170
585449
47862
738359
139949
933189
219411
790023
39955
468755
705257
745797
255931
197150
366610
328620
653084
958522
753958
788616
69007
199642
307362
353494
421826
87551
746292
783432
366358
403979
901989
436516
629591
917748
908003
293324
573205
813972
301290
173080
303971
612636
732943
962207
759979
137961
519849
867349
184748
37679
794972
569486
148626
869522
472515
576737
761329
757779
1273
510696
299293
970087
851140
990307
439336
811876
635167
393532
71865
222164
501987
131429
481541
470508
901777
25117
847085
512855
1790
317010
821684
688491
873180
66209
395739
202877
447393
182713
105628
648783
794581
552669
655743
719912
47549
998920
830491
713853
184671
203050
793261
242763
573042
596113
953550
388038
404580
785123
80212
452971
99591
280007
136840
326706
129817
688484
710975
621855
998062
268353
782551
958712
296700
916108
736655
119377
655427
679286
399620
782083
612887
364219
902084
907579
218251
899007
639185
108590
768444
200852
452596
610602
9911
574488
97978
678600
138760
56956
862416
232254
708384
783391
547574
501073
916450
382808
643491
766759
477066
899539
849654
522554
62010
512594
308500
324905
598371
637077
98274
756329
595916
414933
981344
757464
644994
754474
391456
544434
914013
903948
315490
450204
149866
176694
291278
582878
91578
316454
84942
476782
803590
669697
752709
181415
131069
547988
446959
42457
761644
503542
504790
77561
320649
465545
969966
888185
672668
490207
735950
608435
821515
725113
334219
536830
913664
978538
619699
332067
284857
877850
566883
388010
854188
69158
912134
309709
891348
265701
229994
287310
356444
573062
560384
740644
882855
735125
335728
668945
499386
92700
535511
488079
6279
669094
383070
299048
181143
642399
827384
666981
869010
495383
256439
606430
898478
450917
196428
183601
902514
678440
238937
144782
400550
717353
638837
443182
419225
165468
122299
293219
905422
218629
38927
699083
11268
465528
283823
829150
287393
551608
194289
747815
995130
940097
516703
872336
647234
500834
37803
978517
258700
763841
860688
163355
685374
442115
576200
110489
356308
177283
331940
813492
655822
301183
387467
506857
591480
623762
156689
959588
339668
572955
224435
70125
22885
878013
664621
796098
260826
540928
820856
988095
184342
837270
824931
127482
916696
756279
306317
835947
649164
807085
720957
749256
796205
644908
70814
628271
654357
800729
51034
109373
247010
709739
626641
491260
163143
190575
14006
437368
626028
367589
583046
924082
627267
931976
654694
994798
810473
593387
625689
494375
227252
163007
267547
720035
924319
344625
918556
819873
879055
726960
7516
943790
386561
661516
269727
29655
616979
772346
978190
296568
283243
588532
409066
613875
499656
222781
935597
99325
892451
232578
320063
31890
232769
516188
151953
420104
564696
188467
336346
349121
978395
981628
711724
425723
648356
123554
977906
466242
345342
515075
6857
871813
491276
141841
751479
262661
301784
587929
596556
617193
579900
624544
969428
945135
884455
612969
409013
3773
617165
999444
110316
803029
156013
743969
128286
647591
51392
91089
620765
718721
498619
416173
680634
595426
171457
862816
27010
178604
877289
985535
492822
585783
607399
462378
434859
469698
682905
884298
478554
877764
326704
510201
136036
845217
206201
393730
595654
54904
385351
66813
206965
665113
829695
677341
58103
662932
276736
487621
910174
997228
263789
164436
451425
832555
800152
26562
252696
892495
274060
614306
624404
420514
941623
996423
519512
179559
743538
604355
613944
966768
776431
978827
658061
576653
832318
58422
631506
881886
556475
548132
98783
983306
864344
673275
102591
489992
420291
225805
998000
89690
457971
136917
636790
108570
278612
606944
570012
658477
206029
834249
446280
4372
344234
296157
200506
549025
862955
221405
149345
576710
491496
991009
744090
635721
459551
654937
304390
773076
631772
993775
784262
319400
182788
573385
403350
922738
459773
936170
910211
466998
340861
696312
413194
718312
364526
207576
274255
608345
438907
747893
916854
29710
846842
589856
738338
566061
442358
357457
738888
22737
87320
848972
19823
11004
873329
303519
763526
422956
236390
195080
700193
418758
45432
790963
98642
836463
810478
416224
674016
201018
134370
761187
643239
429051
943846
892293
863179
549370
377169
77448
585178
848324
183017
326856
365950
5467
908398
272189
747931
906701
772097
722653
625931
425890
690991
450142
634611
965422
595998
193753
821570
456455
554643
607370
570566
901969
164382
665780
82922
463093
330723
820002
978384
568752
853189
91464
82439
694152
465392
513159
682857
236121
627267
579535
616084
80845
801561
395743
995459
10602
132147
468520
976392
833668
326531
206415
763880
924116
109015
74577
796755
783713
494561
227586
414718
399835
196447
370222
378655
575943
317419
246560
967172
944915
686433
384000
963537
313995
699112
341719
272724
180708
552927
75183
773574
958966
912166
429590
199329
10375
987334
740993
850265
36994
644670
905292
556984
260423
445803
584607
733849
843676
710291
971693
943296
235969
737870
844630
534997
712224
922257
961580
57787
481955
319576
103763
700049
880224
791855
212290
882693
683696
629470
537766
277008
773213
729199
884261
855314
390137
351709
303999
771978
807115
642971
518993
826097
938597
610685
567988
254516
495057
323783
315906
223245
411113
428817
540921
381757
512262
339539
111415
478504
110929
795219
879205
446540
528693
973224
546865
215519
585909
974570
460787
589445
828889
613432
97329
660459
872900
865957
399486
576963
20961
261823
227005
910236
203708
65022
879875
743709
629613
845254
663578
224285
278318
38937
128994
942498
345038
46172
239123
933621
315518
759364
274205
990174
547913
382429
784112
16642
526561
12663
170071
947989
532948
469869
466431
300029
150238
241875
891734
530053
305111
33979
122447
551610
121421
453796
506754
298086
111148
229952
730415
547174
286426
183265
500835
435242
328352
686335
76147
132553
785922
924840
459749
25023
852591
667589
53167
107908
532947
51460
659799
729737
59402
764199
996921
410514
678320
390057
209383
461610
175508
649736
909482
698056
571467
972788
910183
187261
283488
386130
883293
662998
397737
136365
668811
564628
993205
170618
717487
475781
179681
321094
128104
780414
972618
837310
615613
751672
393500
601754
965750
152133
166793
538152
360424
166765
608086
90161
21519
685673
8783
728969
902995
555707
550619
369656
302125
456424
492522
339264
508195
521683
507466
230411
782127
776056
343449
757811
812286
842753
830549
334701
740756
428808
84751
980371
658636
565354
205375
223820
196605
151472
882394
699257
985293
605404
72831
881263
456080
795346
91597
761776
189892
281299
179593
621710
838345
55677
865979
637601
160770
953759
359253
36259
666697
83051
823421
481339
201875
39113
466361
313815
163234
427720
646518
64370
381281
912495
478197
553333
679327
388402
608275
822457
372395
411712
323507
553579
138952
779513
257802
420745
602253
433021
460742
177865
229916
169568
484636
52504
505340
23801
660141
347199
749846
992666
438868
470626
30409
523418
316366
72931
17066
821645
134470
291
814619
304021
906045
625129
922054
945810
44691
46683
236727
517621
874676
780328
518548
369714
891618
336968
720313
819860
766810
723163
814452
421546
973542
419246
740314
695007
19007
670109
122180
194343
555292
632978
325225
860821
391195
743211
759513
136842
80331
812218
541524
351561
630548
198822
261957
938021
419459
19886
162014
54299
937206
836814
526033
945596
180320
879290
659240
934979
60858
520391
186625
396805
68295
771241
639338
585222
263490
136087
420757
602791
896485
915915
49080
955901
840408
707877
702212
98174
861365
882543
93887
840085
285044
862267
231360
299029
334456
107433
575366
807433
306741
453637
126710
816874
15036
196877
233008
173802
141540
365776
713677
325613
73239
945073
410166
554519
510518
469963
442148
667776
461930
767278
361903
910852
615688
951560
145429
271736
942752
557728
921226
796087
497826
846715
369334
285722
391470
933537
725712
341126
691767
599929
103765
175902
883602
709137
98532
599577
232353
460666
830713
826031
434774
102288
69572
472558
407782
982232
625637
971177
807629
623170
774087
443791
193847
304077
915606
135577
33746
24777
135966
617629
175342
852344
886017
486336
921613
357582
753493
238537
749517
601752
267672
733456
608239
982841
427920
964821
978883
275279
771524
273644
363826
49011
430608
968022
403623
325919
325545
849580
352027
935659
19310
313652
311677
64752
455206
496086
939386
458701
392860
866408
632942
269064
307220
778150
39079
714252
326057
212157
60561
378128
673668
402950
160388
596121
624635
283472
736935
993174
241796
307222
1343
188904
616020
522256
520408
124549
227032
401125
85902
297458
198415
86845
733880
106413
550146
739509
656114
74797
429537
99372
270086
817985
602620
280250
229751
474197
868314
337089
113897
960212
736313
752731
871536
624615
561059
320883
636531
174747
141290
988079
34620
199648
8192
889291
228832
247021
818549
996737
969990
327809
966605
218596
540629
985605
134397
452237
922238
475982
691074
13740
544739
627902
130655
260928
465186
280073
571057
848289
200259
474325
783216
324922
898362
75131
675652
685909
442264
677419
184513
654799
845588
666284
754817
7786
251826
309568
346845
372225
758478
783205
649096
223510
950727
9912
286407
958727
372619
540277
758929
776544
736378
969049
152255
420746
516665
889256
390383
950112
293974
172427
699579
329634
693395
308561
719313
246402
384273
142742
952559
128796
779931
153409
396158
690435
669963
230311
173000
227766
455004
941261
827414
527474
510222
929034
16298
687649
144880
418763
447445
394736
556941
823537
658039
170942
952437
510165
651473
173360
570599
586411
920904
109089
786520
164036
230649
759351
873506
394285
101875
662673
59148
15221
857557
949596
338546
264076
913349
528325
868561
33991
76362
202761
576305
72960
266695
740455
730543
226715
139093
929463
908838
863075
683771
142357
588730
870098
285709
551349
666368
442991
107230
526810
38477
50066
688675
255842
811610
422083
189605
118201
34065
85697
555234
634158
511414
471902
593729
513314
866997
758407
24369
556700
705092
594210
117853
996410
761268
2768
908109
104643
164250
930578
542172
480023
871124
210887
82578
741895
151930
96083
783070
986241
822691
899932
933553
946916
391825
231918
374969
136818
250618
12863
647864
452835
207412
790220
823233
903382
894844
581537
869583
700515
287842
268984
854146
771148
969749
124921
773623
576017
516935
801760
461826
437474
455484
926589
621899
497967
827188
794836
517506
606620
847667
135076
652992
219344
40042
130885
80379
438381
669635
100010
995814
985370
885710
443975
412259
702523
539395
926540
172198
140546
742067
845327
356903
839583
894416
946951
524931
674643
334869
966836
526128
905954
181395
533725
445659
95463
628890
408945
5344
878401
172160
125263
497061
48939
221905
133537
291860
10218
856019
85859
339571
477599
691316
776386
433441
973244
723282
369503
524911
685907
968615
103794
594392
176778
841552
463883
345247
752875
490872
460404
644996
495896
321253
889075
781858
265884
243103
330220
398440
196124
347768
893602
877809
802796
113597
67614
223747
188030
172151
715560
541217
438837
630366
442546
683917
419351
92699
653269
325342
643809
932728
545395
41529
267189
700967
358139
37743
773423
145068
365834
65139
95893
711399
533359
345782
672236
844930
795783
564065
196903
576243
127751
940398
438395
937838
901656
170212
625614
996139
550301
413101
193421
482895
862928
204309
64605
469882
845194
549793
163305
333100
407393
604042
915098
864148
424555
753749
250213
778103
680417
44176
388861
658233
519263
38570
739754
36876
158920
574832
441010
16178
968519
292832
160051
445424
418096
345324
198034
481105
1028
47820
613582
132755
453524
200256
82990
316275
701884
518625
484889
112720
574737
460707
329220
663230
393109
856234
309445
289706
518503
282309
841863
754469
483640
953739
225302
154255
539511
211280
923866
838433
445519
209604
529057
796438
671302
825193
541781
993527
834630
399728
679053
725570
183417
15983
32766
833526
622285
63552
635282
522430
87511
859768
308497
586935
96147
123650
235644
120608
396362
293784
48633
885213
616012
643741
941671
940136
298973
525338
886227
447573
480556
673172
870724
952191
814398
4230
267953
801428
449002
210753
163347
50299
938429
426716
399445
75933
777341
165145
804647
175063
904075
717909
623921
113018
450978
61227
935909
726973
405436
181159
291565
450944
414291
476066
478020
70525
521028
243327
823264
674701
124688
599936
885645
360341
868413
562118
50325
605131
248218
823075
435931
339240
793119
878045
932232
248300
676530
893954
899548
768329
215622
92451
422566
78061
206622
552878
466447
515887
532976
928492
935440
203605
507428
278483
336580
990016
660795
810697
561240
822325
961933
918134
588510
724872
648171
817540
727617
578983
960931
232758
152275
582464
227233
680994
229058
589008
76402
687948
649642
863433
593828
911393
777988
542431
914634
909
805499
95920
106972
79353
923295
435790
162491
342756
230130
711530
881489
806557
374816
426334
188311
16154
177613
156246
958768
372472
9990
348444
846195
409360
28889
574656
365446
688626
915328
543584
31269
567041
859960
251225
334274
894443
768240
204106
369031
166595
333021
20930
356535
794556
570218
922182
502258
636740
938381
449920
972567
177466
880309
579974
586883
58830
233375
27718
895608
430068
431688
358732
360730
194053
601405
351408
508690
352946
206286
312223
518101
815397
857633
717060
880383
381110
863202
996818
664857
929094
409944
586737
12794
902652
218963
992130
13193
2138
97345
730065
799584
749307
58337
343574
927500
813867
780623
363176
294513
901795
352445
908287
47883
457567
646082
521124
346383
308510
210252
123191
440303
281014
295090
600092
934781
126481
323492
468740
437351
721927
370692
331219
119456
383130
844749
335091
908000
306312
580209
50869
754241
40017
28482
59423
607690
45893
418054
150422
294665
890952
394861
624617
457497
806118
760478
185655
232964
256013
78445
16447
990017
51051
755753
948674
184798
776613
926227
330519
62265
304816
289513
676875
456360
103760
316895
351922
807544
468843
545583
743119
992083
932809
382088
967707
129915
286955
34594
43702
458291
282821
412145
711207
366652
870040
986359
130449
765564
381040
384500
407989
93820
192567
679289
548702
957960
555893
872283
524845
429497
422437
963010
568577
126223
714293
251489
4354
407288
819737
445504
873611
521646
365324
185524
967346
488316
396068
520497
647093
193632
602704
73974
114306
744972
998257
687078
605474
658759
489299
823095
486404
809841
777223
921219
725474
338979
400798
770364
747986
166324
40260
287421
311403
533913
266806
836603
387346
491684
321569
693466
51168
874669
268313
606364
94385
402062
220658
384052
465548
350087
438527
143353
109034
166722
280293
360694
511013
955954
454234
290654
968062
982292
404288
159772
35787
146520
332440
104201
319739
313369
224228
262647
935368
605126
224926
268266
704184
436133
650894
736230
768271
266094
954188
98404
341844
531
236050
481694
523198
588127
17085
671689
966011
376124
532768
749539
300894
617935
903749
409186
997731
988990
761217
634764
507167
861329
201779
744293
283529
955446
607193
65410
656734
313567
616526
513468
487286
537798
972964
645824
656225
863952
847514
493892
202109
671311
807738
857172
317400
158626
494098
249546
451324
997495
36684
550172
894811
959089
512300
60559
994200
456932
200038
951626
38320
738557
648218
279749
24131
280575
838125
892960
541507
582760
678149
978192
874872
162802
673313
996596
798701
903861
630546
416518
483834
65514
949721
645869
671727
570954
181535
366446
834266
693268
977099
188163
855414
487982
64451
134276
333040
984867
461443
175106
300054
384139
576851
451123
63967
379336
579816
853255
2641
66860
907673
577369
356499
689912
519356
181185
694031
663040
397405
165638
570499
53354
598554
727153
879205
73429
873182
95548
131953
293590
514936
401833
191440
518493
378327
195504
792934
821302
887716
54608
3704
432363
609660
744647
184633
349319
320841
354781
156464
822198
321980
123802
75975
256521
892201
292183
768369
31829
812670
271026
814073
831291
258017
620891
221284
551810
470566
748683
106371
79455
931050
445845
715479
867031
191503
144789
329312
433851
833555
235268
994116
421010
873743
874606
873177
814869
971658
785274
716239
502804
237304
353128
913917
887990
643282
879578
965446
589853
168467
619081
1511
141736
687820
776152
921569
686610
779428
391429
180477
183928
900208
152316
306369
238519
157291
565894
696749
489203
701650
491678
493682
853813
860831
807204
25008
146540
142879
933867
483562
600084
56754
581101
570505
401076
413663
726686
376905
556289
366929
607133
902852
961760
712114
446663
871897
467849
994851
175270
261753
964039
677333
562695
465998
291164
262343
427881
394696
482753
102684
572881
900229
89482
305624
577659
800859
949416
46007
316395
531973
829577
775274
849825
991529
630042
676847
451690
104130
499692
137931
762067
469807
32564
746919
747257
456471
747757
864133
554684
323447
194584
882461
143954
42825
429155
504728
495415
717394
89064
473384
878466
712969
354956
793282
487635
339423
616136
524537
997417
516015
805252
31736
841552
435204
484319
270364
466935
165697
142219
861612
557920
372081
951254
556534
438320
361452
665667
437191
416806
116962
999447
156998
218409
990279
106607
270893
878457
630747
599822
231141
982536
690645
464245
194302
793634
883499
502827
601224
74310
986625
849372
403088
565593
922539
589662
269626
515760
258337
848334
437368
744779
579262
817433
2980
375458
535604
995479
300800
965207
279057
435601
114951
632394
793894
792355
730159
877451
304665
733245
271870
3818
277257
189251
623494
976939
801305
696149
251327
151510
281116
261481
106879
386090
815707
225875
652312
114673
569285
889958
608590
692143
76852
665845
848179
759604
76568
162802
491425
182353
125890
474424
918228
589607
512719
996644
895266
151579
517999
421086
2071
58597
758289
368886
647089
192840
45
939369
603188
956956
410733
751490
514603
402311
487865
333917
576381
161546
304093
443719
275304
315575
89881
861121
842460
259521
509446
758243
514934
467052
952160
693278
72343
667043
684084
597786
582561
11624
567847
861758
71182
70566
504608
692365
333228
925218
101843
806381
469305
118608
339243
629636
734423
26306
522003
817787
380588
945147
946978
412068
25112
970210
138849
183544
13396
456466
692665
769657
584612
23630
612222
493686
329016
53394
680914
886829
49573
292804
797431
378826
379579
865801
103349
408910
258178
435637
966436
35211
875350
769882
478231
550988
521244
364289
51493
955537
535648
551223
150933
854199
653133
692350
486757
495542
235079
60389
776375
84229
146153
531186
453081
21592
965526
943099
657839
703241
697726
751956
162112
973461
453999
116578
588313
386621
44693
302414
483553
160076
642384
934358
406075
17272
398512
355069
233617
696674
757904
534306
489732
459128
157900
629743
496877
294650
889120
257512
598862
495961
931166
788451
904026
698363
927691
776983
172637
666396
542359
271500
829321
220494
134648
153010
635359
926625
747234
716302
604406
965661
107621
569039
212779
449004
246370
102335
938982
402389
412651
507541
219396
599715
272375
89959
146214
999012
946750
611580
249110
703821
847223
364351
578001
126907
607788
831952
883381
188052
682166
174325
971592
272140
477851
425326
480866
543364
698496
111398
177593
966604
234060
162757
951751
327369
334492
672611
88218
535026
441052
323926
389623
492724
225416
256620
739628
188790
590271
293044
152497
300982
922881
729527
316346
60626
361861
744452
948188
60451
379130
929449
385625
906692
590168
896958
995786
938800
704353
856475
19560
101321
571001
549161
383734
451061
9631
875734
304399
929187
501191
146338
680711
580972
673366
693143
976129
168724
413753
365269
15245
293615
526370
185483
219963
136160
114913
321730
227521
187133
908059
965715
16900
471694
578089
285945
7174
568821
217295
405505
313709
469927
939351
209118
338156
634328
760713
977817
664912
737205
465674
322853
366633
161611
533391
95952
464275
202821
998204
75478
424288
542738
900061
867024
111780
458021
244159
28106
87964
349014
738732
15409
866491
476710
536322
43755
145619
865056
357551
123137
220444
599066
24651
32247
742757
843035
171154
513341
994388
261654
867069
212862
639451
418581
294331
277461
598457
417457
635793
723359
128298
152765
189963
794731
737261
595203
493918
888910
428016
854054
95452
484756
976985
595047
507218
6673
719987
300226
732225
344853
357107
703928
65527
596861
926375
269544
988234
426918
361402
524311
908337
497149
805798
755727
73855
411378
27574
61475
234685
562379
573559
515920
311138
191189
479547
982590
404593
924341
495817
238246
33712
370460
540772
406415
525952
845977
793718
45937
208350
6344
55449
457210
42229
138152
30531
341294
802141
171786
298379
221673
736820
339046
9628
480832
134615
100680
889013
738566
87550
164327
362330
600490
439409
365654
875610
153214
6443
931220
362814
70034
301834
405182
429515
14463
57199
897956
717876
705152
25784
191032
801184
127930
433047
316834
169875
672284
644687
172913
16187
340961
738059
560237
119258
983026
257435
721672
60426
775785
148619
360947
838130
815857
564194
816332
797316
399433
642420
52404
731632
929319
597284
800511
739176
788793
473786
659653
292497
404230
997213
840789
275651
124211
338861
884553
659005
422050
640703
854069
417192
432885
737910
950073
228870
497520
714490
81270
618935
532221
813592
228061
641064
718472
135670
262051
12696
783307
259953
8209
529864
830692
588053
215287
621375
466337
175352
870913
105719
747230
732083
461601
821032
510598
686142
595372
318254
658933
505063
951745
549529
162174
920559
72099
550097
238472
92609
817704
60068
78675
52624
538891
601902
594649
574284
290396
983908
615119
42560
483414
413757
791818
475915
187921
727293
342143
445561
380430
400286
55715
364221
960816
827806
843185
263629
523786
125984
551754
355802
235283
699135
309686
335979
386742
244470
894792
593621
562886
656613
927840
964441
756559
716417
685002
190554
715336
874011
867908
981625
908708
198795
505757
304271
390343
451769
160761
995014
691030
412679
718449
967956
853095
547806
130903
224405
618392
423508
71703
260356
135803
569015
70201
3799
849519
35961
870210
611060
646922
179576
729722
791699
646130
168424
482953
248049
782411
759647
83515
694381
99594
712892
814499
317636
251240
412597
546971
557476
536371
154876
226345
794094
655038
803534
177853
133581
252793
325656
852823
889134
304347
799430
272645
384411
975419
428841
875786
169848
965439
412547
337498
98712
96427
803890
99138
445692
676827
805239
962853
588138
696908
573603
325281
588519
795028
221341
656977
780561
627442
742290
157483
514139
830400
796217
464648
255845
612805
564546
809220
203895
173287
69722
454011
702490
240125
189277
361012
405331
775619
394585
48666
5949
30183
830843
887269
782146
610240
880665
234904
364981
763998
316123
400355
93263
338044
550726
272872
555333
449042
123303
598747
403714
744455
47320
872962
348678
231044
168178
152028
155994
463140
586575
808094
259183
837575
18234
91160
285459
788614
727734
198838
930831
821120
949416
669091
216287
684307
237217
343304
51854
72935
783948
414898
697966
881572
316913
654290
722737
828547
103907
265246
929128
167618
588556
173972
957269
924081
887251
432478
326382
516074
367591
950033
386545
520414
165227
50447
466910
388810
39550
333261
306390
882696
805
563567
366350
892865
774936
441167
451888
856960
215718
649565
323982
761442
536261
578528
990339
895146
399738
448475
33896
530417
754721
229707
418096
751802
733850
367500
263969
111715
46160
834714
693935
748984
703015
345973
162935
141090
400962
736927
394837
198653
315310
986687
326242
217287
105134
632552
663693
268531
818723
893747
892821
269918
898136
78664
718176
520601
49512
129916
202043
890788
205964
48532
664175
749436
306949
632552
508604
859980
366754
146339
249333
843135
517359
352039
893175
50869
282426
811917
163847
783315
466883
918922
334855
440245
486271
566765
633045
403263
482825
144772
705601
807057
995814
147679
753704
102040
12467
49196
945393
743553
772525
865217
735716
955977
280349
407161
592418
972016
9182
220341
457733
360397
607052
347076
651733
28922
75403
739741
125475
279407
287281
373129
247942
991340
345105
195102
418671
555536
895909
295653
529131
919303
464791
618013
647350
487393
35884
676057
389046
871421
466637
908548
588891
809188
408628
338757
77328
90930
132464
237757
57246
121582
95956
996205
367326
59387
10306
332341
586265
527720
123407
76279
418558
563426
30483
392794
895294
735241
697360
934763
806408
950303
912381
655197
857756
865693
683182
187441
224590
792544
706785
745777
755033
544960
554023
596502
731550
273410
402860
137289
510264
119011
509990
712006
115324
96148
774550
42461
968914
578502
77246
586771
849706
669403
513760
369637
849886
198780
542446
85356
560611
513736
890835
115676
993962
767593
894300
195686
516057
844803
736197
56446
378145
972038
878876
430070
736955
404643
455572
846857
488836
148828
249129
766133
237939
357235
149290
538175
962739
427716
374568
856218
916385
725167
426233
254754
813604
206701
681321
276611
346851
799748
142462
169847
738599
973781
570343
171436
940687
64275
390401
195843
528682
459982
981893
328309
980341
219437
952592
710416
264048
107898
357200
789151
871199
21848
680520
685992
71770
93071
47489
276559
942481
953288
755534
932376
615200
803732
299834
592330
43787
783654
414928
364078
578198
286049
406086
117751
679428
425612
595398
447355
234282
564323
608986
923167
753454
833287
605684
940114
412513
335957
614104
999216
549751
577107
83879
247750
473183
291911
198345
328757
82179
233570
730229
570287
791518
801305
817824
639583
211252
597269
476608
473061
455155
471232
525051
334719
581540
872064
780017
521283
102734
602305
290019
465160
333223
724842
898750
584293
905080
688305
620296
644433
163660
583370
23078
317546
393172
17914
812999
393553
197658
889611
519601
706354
665888
952472
587366
522977
941269
128072
719154
835424
570419
868503
369620
262845
721976
956752
961286
907032
104062
160407
780843
472514
792121
421218
537237
697922
787469
952584
911856
259249
208586
990770
424654
947013
700101
205998
620751
216426
966868
281058
401260
626764
909605
317277
508449
854450
612027
983561
748597
651588
154246
783933
95271
422509
970015
479919
353718
978139
923741
656454
62925
543587
854486
198542
660426
605506
823158
67333
745770
244478
193141
528018
577746
762540
185080
772501
867324
218698
624134
709657
953340
899916
461541
212582
700654
501108
690065
681204
170879
600538
848600
490298
702740
399691
157845
381860
165274
858318
80966
417314
908075
379458
962124
861597
101914
754851
958528
832004
781275
612075
119148
548293
596754
728661
132269
808280
908534
510780
786979
403829
842530
14114
415954
66726
662200
38862
167640
601526
434802
526669
787595
790409
653702
792664
348078
279685
853813
983510
908752
603694
564273
183352
785090
234256
333417
824770
525043
97621
225394
933354
727466
200950
801427
790041
347550
215694
46957
444750
500085
550283
319237
864482
187864
729213
350000
833638
989807
896977
970458
74280
895358
754135
224306
477589
596251
359486
336758
44792
5131
492578
787798
138528
596729
708604
273480
279840
287762
2552
578919
553584
507840
652132
690696
422577
873216
274116
783324
103374
506722
118530
155899
756094
829085
898818
510483
604133
180492
438868
474412
437658
617353
951875
914391
110084
670436
970762
442739
943581
790657
605862
362715
681881
473611
530055
303919
985631
45528
264544
71550
687222
822235
2718
911117
95675
403840
566517
223302
581518
173032
764373
31616
113037
510529
390267
523495
882552
634112
406436
407112
155316
817662
509405
564220
485611
366829
583927
75950
69008
861237
259030
116874
779840
489135
398760
778371
341956
569981
923570
824257
895411
913027
625861
208102
122228
920711
61200
765692
979234
355297
840527
437692
743944
651166
939489
612157
356171
108343
936824
944824
390247
976233
783210
693556
18898
85809
142820
54418
631548
516454
392381
504823
782520
159346
901992
130321
217332
265710
589252
391176
756900
852186
78606
708675
76734
286006
551030
795412
576734
12671
40591
245313
900425
556617
712991
690416
981902
32693
61398
969134
304008
747024
840540
907612
145793
149129
115907
669878
426737
249356
557724
913857
555620
815039
480037
232785
780153
753240
6112
768948
980806
58393
584382
212735
502745
300905
403898
988275
169754
865104
549635
267594
45452
763471
467921
241508
260978
675546
246553
326345
803214
331763
778715
477530
304324
258660
754905
267289
519710
470873
121442
37201
142249
499607
644236
840292
553020
117405
955583
426735
22616
606166
956910
486492
674667
810167
264417
728835
114479
508347
939374
367229
275759
954617
438471
35144
931498
342110
144812
23632
998864
428749
555457
993248
231017
240144
70202
995300
145493
976569
418738
954970
389806
14361
547355
856021
855690
709276
714704
315694
16220
768192
668871
450567
223098
583408
186850
262845
846073
188673
762084
716842
918836
498504
580673
92051
884012
548821
81806
405301
795017
902161
940951
388199
581055
414831
136847
59628
642188
757330
622690
779735
262045
258235
686055
184539
732688
471981
422193
721710
27220
905760
443653
951258
608429
28637
715813
873824
94484
988412
199179
739529
773755
71992
305905
799114
388142
437996
115597
200979
824405
294189
535835
584756
267350
749507
852370
587948
385175
145924
971256
237904
315169
801295
246993
962389
327328
597346
90355
572410
894535
816473
866165
723796
909648
639236
156805
482295
106145
341923
852889
301758
878986
202560
452670
67320
37675
510953
905676
356911
502323
837193
193467
177686
794563
440291
846286
842254
592241
985066
668845
410261
827240
985407
794640
867084
941292
114247
867863
200739
172219
209320
36472
882787
270415
178017
32080
501015
724992
571267
30938
228632
691463
474064
800381
777332
313438
643183
734143
810170
594754
272072
691288
674661
760922
581698
131617
25315
949042
466967
747179
874560
640480
760976
590316
363380
420743
380514
53077
394629
37306
610917
313919
118682
918840
105965
99459
884254
741909
906119
160040
695949
838266
933778
358839
866078
493059
60599
314859
707661
826182
306182
371333
551812
372532
43822
749051
511333
900119
856409
56208
635255
668539
971490
630399
191850
461225
14452
534801
883848
137550
985024
972430
468539
284859
184986
415440
209525
278086
207409
718579
383552
244557
812073
120552
919586
547738
735447
906985
972780
900066
923736
6535
512479
130792
40526
836639
419068
222911
95544
619499
972135
395756
999725
779316
780855
106794
550773
392997
623581
112134
959620
503995
172462
791083
647508
9113
515470
856440
257822
107448
525627
378509
197172
269052
973043
541477
8382
329953
453443
159901
91727
615892
966958
643283
447139
750878
370742
595114
620919
203451
634185
294505
537413
710921
796043
435203
720731
232668
930236
78321
89239
659566
60038
69307
641665
89332
723878
878231
647749
74059
443316
291496
480843
221905
177552
633127
891125
485841
700139
189215
514612
492502
262447
942290
853256
717728
363980
814393
894098
781877
907105
278313
918167
591566
347907
934609
814803
386610
696428
221408
465207
863713
811587
48003
763714
907174
747267
947980
724919
454480
515787
532718
175872
725754
308162
232677
197151
229765
873125
301555
995149
1895
236015
387652
831793
584349
441252
776051
556094
535740
261241
366245
777321
152229
423011
140435
375942
222551
989242
754086
610238
923615
328010
232059
535855
683690
607351
983942
815456
283323
605770
792338
904543
185463
609884
951526
26362
323358
892317
157956
381334
945236
320193
906251
740527
438429
554249
151868
31148
406568
777002
618393
956254
72706
33051
608681
381973
558251
718208
94937
216287
712646
594030
954237
782814
431977
792219
778227
486789
781653
118947
325864
872943
689599
632633
849780
756507
412685
964456
879713
655688
318108
313541
137737
657001
559230
649716
186653
995782
458241
97427
839618
721327
148842
728646
97493
923037
350849
714016
656783
540902
953990
526250
796804
742684
355969
600916
609734
413124
695095
284981
170726
852910
280504
635201
82266
639733
177046
166854
690234
268757
679856
123170
823845
522212
514540
737669
475073
905839
671107
947423
525151
226354
554805
838950
134204
857651
43166
740805
911971
702715
554785
215268
88688
762674
153728
846864
671024
31446
545806
923400
744165
332120
738875
641123
58854
303443
468687
874977
237154
635049
505970
559628
739589
688764
520039
739082
459955
487686
927897
29506
273073
841366
417550
848553
672931
646632
867064
157352
558000
809311
507818
681004
502145
631841
553512
422601
17129
369871
412503
929611
847391
257440
392851
310811
827302
523353
636383
583563
798285
999723
630519
520318
331410
332840
936386
254711
898722
803363
696228
64380
950332
200100
843375
712870
657907
935941
748665
629384
321298
406125
961928
43066
637338
610278
890218
748673
693094
762268
974370
943452
509616
289908
631612
416686
133100
600774
235906
513027
261202
594809
451911
437824
273465
145274
758944
585196
253663
819672
783795
59797
29893
126144
948519
331040
789943
873104
629755
777841
407401
543769
285363
386611
105277
113590
324588
765700
951138
996355
621521
132928
626582
547836
478182
301609
582923
318836
824642
405744
903848
148399
300313
565026
908966
783580
305079
633266
10267
747314
343625
413279
481044
721445
365910
402178
86810
734853
864395
643702
928599
243444
76979
990051
92435
338178
980549
768617
555735
923431
4695
797734
816242
391196
874353
697637
431385
343382
159612
362147
43497
519840
379738
623039
721353
959059
771535
84797
813291
343093
456028
26742
804081
259180
873836
519456
697004
914909
261992
452214
163071
392038
718949
406276
228386
62963
374589
948561
147523
63297
199547
734184
978310
942061
577648
904069
411501
249080
628706
607833
262419
436314
537252
571386
42963
993791
674945
456875
686662
540002
674194
899971
889832
900613
62767
64700
157724
29962
274498
314394
881734
318321
211575
231029
364822
607279
763279
816549
267429
596711
698132
841866
368695
422408
852071
211189
305632
645890
397045
902519
468868
66533
58504
922244
733559
335385
927162
944386
50691
714932
602372
969524
234823
318715
506228
926974
601532
176121
55229
382100
685267
513141
987176
696771
255354
572690
169
950940
66814
315208
149132
351161
737739
353979
902094
688237
201230
5685
826376
429900
229179
976325
813062
137747
879594
489203
903606
398902
104157
486046
306236
342405
119196
608884
744419
223546
494337
422350
262637
672801
55504
514470
733707
561124
350526
667445
467496
938930
569043
876845
174751
526668
785001
625488
199374
232236
325908
774444
152898
797010
292508
574195
839890
765356
946021
578107
970631
439712
390832
810574
936376
107514
649786
765871
387317
520365
213186
213994
571930
163720
172776
966870
271043
895862
206321
748779
970462
31473
282599
703802
978459
269061
424669
584333
322496
740541
878416
315739
246490
398124
132330
400296
75598
653977
772128
507639
51278
506184
982266
401261
954471
828513
412083
328580
633910
454528
484790
216680
640955
738008
136072
186161
912518
545412
602053
136190
897485
546156
766787
392874
560351
913936
544019
517486
545779
109172
706854
405331
816282
405544
841291
560210
776660
469427
818070
195530
110270
119259
52765
285276
152488
622228
894940
809319
401605
975683
654456
480795
553084
199597
564257
566844
165339
502273
741392
757493
66475
566590
901744
685782
929886
678082
544409
743020
547429
66865
416567
229756
334814
82430
455945
130011
338667
836377
833093
673197
85150
209845
843161
601848
138064
930421
262029
329444
593105
268402
840132
976337
115641
257707
142754
359445
43293
416202
501831
403345
410398
572623
991160
286126
511451
330075
85023
373689
638790
977115
696937
760345
445908
330959
764173
266601
708878
389814
275309
391734
991237
616152
563221
147158
306466
627376
778272
301859
406555
662323
165241
315219
241026
299137
707327
925685
964151
528807
577346
448650
89598
883727
349418
938366
567147
17861
167608
924674
426746
978662
381347
625223
486523
621415
388964
889048
43946
868607
800142
419732
368477
274162
487700
276231
589782
978107
734447
543717
493368
768854
728535
600354
598487
504999
690798
917873
228968
806666
911804
425558
367896
748600
271573
103146
871864
772946
661655
639019
686677
527758
490576
545341
406694
628923
585404
16642
984222
648562
65387
436113
599970
708827
655873
659733
978389
518105
499864
875077
758542
382227
931712
845691
916459
519776
361510
532724
900799
182030
694098
751075
602854
667215
344074
480946
717178
712001
604756
23574
528030
730649
530201
742093
965687
929451
340837
522359
845883
761432
421067
931790
23265
804884
243878
421636
841592
571602
960058
238455
291220
322959
349112
852884
84323
712952
202400
706117
111901
240825
176833
956696
375322
961571
229404
259822
252029
303481
103271
200155
633806
92376
519277
463585
341350
479744
998418
690948
284291
452099
114804
52746
369403
209672
612910
678609
220238
728764
533750
300492
345108
42391
658918
44380
116373
386438
423000
523911
737463
123643
774826
841559
48850
738957
431392
716305
986272
865036
633001
771856
232208
523749
751290
822975
488633
103214
98391
930416
112428
309968
924976
78491
682338
465934
930728
456885
326036
407478
806384
984748
789418
83234
451218
677053
774475
109099
536522
636275
26899
537452
910287
654397
871458
980782
70063
309546
88145
40885
605720
975875
534016
100006
848819
226885
28875
631059
912298
823545
154395
240997
45770
737138
978328
563813
878340
867747
808124
413863
239374
139674
859587
94675
769959
924701
557247
86609
204983
118623
363144
59728
129172
279711
544208
246644
997025
383262
268244
645594
251025
177915
80110
465416
347657
416172
771783
488118
835428
57307
821739
460915
304912
497499
43253
636918
384341
820869
112425
595266
204726
58547
771360
241716
372208
253208
866462
579180
502943
668283
578367
207958
697664
916110
156944
526100
385937
191471
321659
669386
831957
434490
542106
163845
404339
290504
826412
765512
610366
656585
646757
196789
661072
145402
601631
740693
610703
903362
320943
757956
599185
995311
23186
564796
618780
862984
37447
233148
34118
379598
667830
856724
187131
277012
670861
639952
934365
348920
42604
709567
710534
223485
900342
146591
693097
352390
280904
343590
326038
285233
53062
14063
811932
79118
187345
49343
165448
737019
293589
379508
618700
703901
165694
342281
906747
522365
307978
671048
760369
811197
17913
420621
274000
561269
427874
500530
192613
139182
874080
529756
506472
401209
750889
959457
524898
42093
439166
295189
192873
304828
129022
672176
944967
590769
362966
682717
491705
623753
463955
170977
298259
716587
977688
664550
570177
641156
856107
50340
261992
692355
707817
351979
103914
772654
175002
405519
498185
752223
302111
96176
221795
803551
486408
365476
713115
629662
518530
47876
576600
47436
526446
48848
807655
553238
596172
212287
167868
286272
80278
282984
462294
880411
768937
11846
453312
491172
193566
448235
403955
856697
519928
974404
732569
700024
866485
240133
517484
716726
635975
69297
336445
571545
266525
562631
605521
85395
751002
93196
208934
848763
886567
40370
384595
17994
226788
158690
683917
7662
613497
849259
735237
965518
164875
878022
435631
717851
574923
702661
876382
165967
524712
414040
952395
193606
479268
35772
589237
5301
35076
300097
692770
313163
611617
817462
868099
828322
115740
431922
478709
302882
65903
199938
247908
432627
890590
489002
907338
488668
844428
812314
73941
20349
990249
341999
747495
904933
967753
96866
582007
733393
185872
622353
382613
221890
195402
695336
57802
116730
854231
276012
603677
893906
589507
479332
743090
32315
358836
824228
751246
216591
188412
879287
483510
559379
84751
988520
250612
426572
775822
831405
955003
272122
461441
897905
624546
255925
271140
749116
690700
256867
244056
769922
556329
607636
301050
395205
415445
69626
712785
381159
993950
385096
695329
539536
88611
195941
806876
597815
93911
877517
731576
907537
686309
659013
64668
975124
853742
245177
615860
901543
221550
355315
240804
539880
500412
837370
894488
602649
90928
287941
740538
995048
620831
928026
103613
302745
230721
249480
574486
547090
871220
84349
690571
548483
598489
826181
95972
479151
497052
128352
768829
87900
46354
647102
531581
490387
516091
435609
30945
574868
932326
504879
85170
855194
895412
475739
300949
125958
809332
141135
950401
706987
666414
561520
187851
60725
98363
673550
874397
418870
111889
277119
847109
219407
212573
249495
73193
618551
940105
573573
688281
966059
66973
783757
177725
167346
556993
581725
989677
74828
356001
818063
788191
207223
640809
165754
240635
790621
62704
613941
467019
983901
306993
253417
78030
785012
194355
499538
470316
810184
988683
949522
336003
724561
682232
431474
184031
975140
612588
57078
940041
847005
429866
181467
631030
538537
290570
133679
76192
924206
193434
651981
488627
182231
546655
865652
594205
990015
540025
617156
26696
941241
699364
218516
69796
50938
657626
531954
674461
209444
909014
121912
860524
415855
50676
809223
367049
929014
246773
146403
912254
362588
100510
98411
560663
831385
122367
272499
363702
114852
264465
566464
891075
771711
475705
901791
702208
622682
468521
306018
372922
798629
619430
893560
790619
85365
904228
551400
333981
703890
712781
679210
760729
956891
788896
752802
203966
161302
7926
320185
964509
443416
982944
759002
556000
948621
434541
419462
551323
147493
691848
39509
465274
6747
222589
77258
143386
214435
905436
485777
549493
370672
58742
509015
898421
171615
389573
172614
743593
901571
12776
411036
428757
378830
822539
340711
804195
252440
3301
250015
930872
797647
946907
674336
666850
930748
396546
895490
335853
672494
311810
295319
456213
622341
922581
88704
583061
820124
327343
508780
680158
496724
655288
670894
414883
161466
656756
869882
73233
214228
672708
115004
821980
907533
176582
713046
300341
94778
274263
932404
971096
128008
31032
907532
243393
163972
951758
882999
83518
32327
150915
362215
655008
256828
948747
615109
547659
127248
405185
95208
882221
714548
581295
290547
984715
486865
10796
171851
551031
367050
130016
569715
640862
68327
28004
588487
814078
908387
764100
636626
569780
425299
897894
755916
751091
636144
809156
564339
438993
829828
401620
92100
447867
51246
222602
944022
61961
95185
503091
200020
314156
777567
107586
337685
828932
488893
311528
880474
99982
995220
320476
185763
604539
440692
572986
29870
969436
898020
473864
107981
556472
55882
245459
597218
526080
21683
984184
113914
541338
950272
884030
558404
186905
789230
601249
955693
402318
510016
249386
379865
185400
695371
581945
652735
625366
852382
161125
498721
74013
71371
25658
931879
158214
57111
74401
537751
926591
375738
358365
296627
513217
495954
138673
19056
601601
18859
423840
157070
170496
48547
299532
874968
327869
138877
644160
634938
479435
571717
753801
385082
997757
195290
829567
366613
10045
969693
549345
857015
671356
446773
952094
447510
64771
105724
764400
140331
5416
699017
496803
817998
65181
966171
4276
905837
75299
895454
58132
326056
465180
41245
661260
613708
198717
208069
205946
659819
332514
286930
129785
116564
924091
989848
103135
366836
372004
311152
156575
610249
279379
818685
810959
870655
904490
207194
629509
135017
992429
345762
242714
631517
491917
344283
801424
332268
126435
902335
401808
289212
464824
486633
61388
682053
14529
230617
877123
852836
747944
133412
272674
383583
654853
422971
556424
356918
679531
478357
837986
623906
385631
617916
18037
183533
550180
550130
911163
358381
507634
361085
929252
999646
693189
842518
235837
365467
201105
703210
638254
625209
199506
423243
22366
805440
352962
944502
359729
495239
105252
467201
720241
887339
153406
20385
648906
932139
12579
677013
66991
287843
774830
910771
71323
462628
861515
226829
82994
102060
593775
298816
66246
793671
227944
853081
223477
626689
303246
471843
239151
208198
595609
922577
597909
468249
53452
720004
172669
537709
245391
472442
544466
463715
961435
267860
304024
12705
695567
227779
80590
534603
847967
939726
197868
449825
621612
433986
447436
38581
3502
402422
699941
212295
855821
920889
929970
708799
291664
916379
106225
855814
756332
713173
536071
286465
543550
940821
434816
686186
196884
741866
681781
697741
822438
111241
783942
673245
721250
70266
848839
501105
426149
385314
547768
731934
676933
27181
925995
41585
396875
614231
51978
805321
12798
387992
142385
286863
330010
989098
559159
689556
560864
299256
245770
576965
237191
535397
383480
406157
415952
253365
466250
623239
712951
459228
809355
964958
700293
511137
66086
960964
319427
88367
584813
714379
181833
916472
705398
23587
848180
553862
380704
817393
484725
962144
549811
767688
229894
637141
740581
95174
677048
728040
376313
869646
301801
284120
404035
401309
802577
457930
687558
612555
11707
848469
38014
664097
893392
636074
29561
194513
712590
614942
636959
620118
385176
858070
755219
41641
814248
635982
767666
201628
437152
363206
966265
253847
809149
502601
340739
376878
163308
646555
183983
448411
167095
296510
151968
211997
605208
521441
814174
736236
972974
101286
601177
652055
267597
384334
954766
947964
302256
430084
360515
93412
490762
962370
961644
439609
991673
423908
313072
866020
723996
577735
820037
565767
891835
302237
72759
145876
376485
943121
6216
490120
477847
809361
42546
469320
857752
47356
141384
837974
693858
753002
917755
125552
543802
664274
56055
861509
849121
157788
205357
607380
525987
334724
354924
562404
51660
700199
213545
682842
341306
371054
913565
954682
315598
995220
877069
60861
352316
809621
790949
539082
481410
377589
110398
749460
448246
512042
975999
24785
740983
587303
964063
468371
309126
208133
503624
624644
584045
24976
400407
51586
590877
953964
271360
990037
74902
388963
662287
290953
46399
235084
866377
321581
807061
821464
290417
778214
200128
481724
853414
53296
356929
889654
60073
44851
54536
506495
337533
681022
452515
586188
77223
683362
42896
108928
421589
674093
248051
399217
331739
513218
998115
691221
403096
481874
714846
452489
861943
131449
311965
97597
778578
900407
53891
830528
603760
113929
271855
712612
137391
76003
50224
76046
566077
720781
14104
84956
478528
241623
649833
125555
387734
326906
537452
669667
64886
349389
690273
644857
513525
285345
661137
154018
78949
677177
530559
24695
698072
321961
616125
825642
989378
87370
892762
738698
1148
553558
132793
791478
836325
880743
652285
240796
39523
988359
943008
196205
764743
877235
229219
335199
609231
136817
294432
991326
229317
741579
901243
617296
895364
594855
543479
499907
382554
767428
14948
719286
350857
286547
405430
862465
400808
841199
663922
1377
675879
997435
864897
39204
190704
591127
825127
112941
957160
736319
414221
812901
69652
872320
688890
447743
826841
881686
518496
885797
163932
660583
304019
909380
499016
202006
303125
854641
130733
883718
424844
709366
956037
790059
850132
811197
560211
671118
822001
808792
56933
205917
66077
621675
621560
301804
603008
372663
66554
136972
809406
332803
396778
975558
634922
972137
61403
637813
224216
66874
630296
910333
317391
818895
947618
23979
359453
417965
566869
358891
816517
421268
855401
656800
975316
681444
179731
88420
753106
914861
618955
152604
416723
212881
511145
954102
647661
478296
97833
408962
787396
853392
724045
615658
819712
945183
784802
683216
75936
531559
686554
530562
409576
672148
14040
390172
954166
532229
551051
93243
196083
326036
542897
981273
622436
605956
521149
792458
621088
58374
723156
965138
821084
682088
181169
155616
778658
99739
857128
644907
417633
149215
224967
660456
408861
998093
586456
286885
621383
661248
52355
263365
402791
73633
813648
856729
25461
171150
469067
726615
341576
698407
966592
902265
601574
817460
3942
837108
760185
762742
682072
999443
341987
405129
561022
721456
28008
425906
272970
840207
110730
629835
590430
839767
91250
290504
805003
221870
197642
363813
870773
186672
100840
182702
595410
981195
565412
363114
800145
570425
931658
599845
981207
447451
125355
919065
262500
737967
889614
531128
536276
664750
542852
339609
180546
584389
331865
452476
976711
57453
87654
289212
388000
664041
204996
549328
317742
918620
525275
216317
686934
531908
374488
696028
832585
450071
761341
332419
848478
210040
639314
345683
326874
648534
584121
369054
350994
800930
215519
280370
731047
580266
751118
385671
181809
66007
514656
241665
655415
77567
425487
127393
344089
752872
412327
884814
281425
390682
138012
413820
940366
477536
847352
668983
669568
712027
219821
318542
502514
956610
695560
706398
860240
562041
443078
358842
296650
266765
176129
239988
392145
504970
117379
474955
533311
886073
500412
947377
510675
6266
317582
868535
510681
766137
423108
975255
376104
530448
130659
840221
899013
548601
959961
581364
810214
50542
553042
396361
725648
211232
220138
405470
273505
999632
707004
629613
865002
931148
999641
554166
84340
862921
660373
750119
167588
558938
415227
175272
69817
575627
283616
545536
253425
538716
42773
446247
953420
776797
320630
535528
186344
280739
966111
353266
86027
756196
922687
778813
932991
555828
577220
592788
783384
35613
567606
896002
308241
453652
324704
457949
336405
441246
577064
179370
657433
98175
449408
77291
161638
899098
40949
925836
897780
531626
163173
472614
537138
679771
407758
562157
213091
925190
942977
140285
318178
930184
68468
743292
987782
672446
221815
502699
317536
3998
281983
769935
655393
920629
537566
160886
969625
433145
952468
728168
649818
810186
551167
25068
612347
505482
745709
298675
427704
741141
826706
338021
829751
793247
411541
521351
624421
861161
506821
771654
201663
515296
955689
332707
14957
328914
330228
62074
489672
535309
581911
327088
324733
740502
191089
807992
667849
555971
796066
89986
961700
495606
160381
492738
685818
200822
598619
693784
805716
24811
343692
172641
804822
365366
217065
197274
674593
884651
182405
820972
818904
570156
288002
343320
325504
39587
52031
961599
967681
754779
697263
802831
489609
777339
468677
14790
516560
431073
504651
38820
643510
850583
770322
285681
114056
392373
477956
306472
453217
406035
814549
824575
910061
802152
876696
795796
776521
836228
498350
373941
21702
277670
376473
640076
72333
530811
209646
66213
192348
783092
776553
331934
517486
618050
63515
509290
273657
282161
19710
236545
420369
906718
232425
59304
255146
100566
800798
547544
794491
55501
484289
713102
302717
557944
562916
42031
334354
983175
94781
45973
328643
714370
834489
666874
981858
562303
682345
737599
83086
513021
993179
156890
446741
975585
595396
686107
97972
105034
914713
130073
466361
584979
714236
926525
346185
766180
824467
45418
724926
588725
326517
915848
510824
891617
782846
378924
577013
144419
48066
375525
970411
489199
894686
347302
578769
593967
709546
516427
41326
18776
428042
171722
315689
375785
895972
47415
647311
774784
173164
136179
925172
445209
76762
683634
268208
223779
841917
671976
157130
938369
771561
80976
895667
88602
769228
432793
848297
328349
763551
941549
437756
346132
767160
106398
704942
776292
24956
370160
973427
113311
661297
10877
241047
440198
621233
276041
382463
612190
689274
298787
318983
457965
880867
165236
376907
562769
536809
528743
167937
509566
558568
795509
952964
675986
217381
231563
948268
447831
343368
481883
22808
212372
62759
766524
76813
189456
329277
183359
526968
362788
256441
879631
830351
469436
914483
236740
864406
654826
78713
5508
14334
303846
948168
540566
814695
958566
571222
432133
523718
349526
133964
113965
367970
416309
479570
97125
41529
319820
309506
363016
109759
668299
566078
470370
865286
727681
982045
150196
139449
167799
217984
392292
164418
253994
870403
484357
136140
828132
877391
671870
512290
468662
319501
333337
392566
55508
66357
304170
136062
93133
878212
947610
61881
817893
991756
56335
631440
878032
756197
584634
675735
849037
270529
220604
383090
712413
942750
770549
571988
517152
228564
797867
554659
456650
478734
200916
996408
418310
778133
928321
925954
178471
749000
662759
731210
509511
460136
844682
124369
167230
882768
894087
58069
12417
261505
523327
370
162516
845403
917532
401830
71085
780713
14401
518381
141351
471763
57234
614219
266207
654262
678685
892904
412591
914385
278371
172629
307909
173846
646087
692141
738143
871201
587218
814614
156517
228676
436897
989031
562786
620288
228716
109732
932640
680401
218931
813604
879584
547361
922374
715091
150515
994908
368817
255764
225016
379427
959043
805310
303475
244058
309626
406792
897222
854236
243085
724671
255182
354574
713814
448051
579228
242065
489241
776690
179470
256337
425717
321132
269642
706810
490406
550262
886806
851659
281140
519210
469591
554626
811387
204715
785956
876471
926872
598918
383943
376901
925037
154483
494992
22115
501778
168316
160597
784720
763224
969269
516873
667949
215099
936297
285751
353508
721763
348885
765404
665350
505367
426509
437023
984499
879551
294397
282478
852530
23764
780875
547574
989345
998054
319511
783230
280774
33161
407908
747297
114883
575517
539216
767334
269160
623225
823295
674430
264483
30132
794838
534105
865234
156303
156323
306597
186361
141442
352410
446948
276623
488993
216763
205800
450739
927851
156495
670062
170812
999344
880464
110485
376942
252508
304808
271673
429192
508387
703570
870896
913082
550923
337053
404385
66291
114705
407247
295228
922905
214777
672230
960921
389586
104629
881018
214449
122559
712369
958462
426739
7113
384441
985829
955652
455827
621640
643169
401494
552207
103086
403718
595620
531820
553309
42509
993351
162477
582096
726389
696632
519573
834903
234501
155043
746303
649732
482028
366244
103754
517036
684936
701536
586481
467546
672005
156418
584440
641046
127838
663121
652098
362829
953791
970923
559104
966557
537483
838241
665284
322175
372857
101486
615731
173266
935193
256404
74073
253376
37877
386197
522583
40527
231314
331723
674679
317062
55766
105636
190368
387897
881091
69438
995301
918900
847009
383131
342455
370048
40507
585025
356475
519956
647295
573105
542390
894940
857289
258369
749797
706206
869945
354136
955882
215119
530048
569734
547744
420849
707258
925630
723727
558631
36918
848497
396859
540439
947985
864775
643863
261114
614399
560252
604375
392899
985259
971413
519267
991401
66167
965374
154151
603155
763100
158466
168519
859551
839925
47142
878448
292111
627863
83170
658890
197073
49560
420029
519113
102378
13297
124228
48803
368318
797438
337126
92444
968830
451234
748783
994749
515886
964871
692895
95523
993746
445635
409767
849459
477172
834454
767295
448107
792853
990160
27111
640852
130670
818383
577912
339987
480929
442342
160805
562911
915521
166170
201172
309518
615867
898374
828755
419656
897759
754846
593336
594588
634639
235792
901978
733425
810370
878342
155877
916116
818613
538440
616286
772785
954736
952639
522292
205661
634801
509716
76351
79632
258423
662903
675544
674352
157356
725116
87444
516744
290287
260319
604381
189591
495038
655208
402607
235525
991229
488618
270956
898481
766181
653221
570077
917413
306572
270795
614022
405675
417740
860576
857829
715385
824723
305786
847814
199815
287879
133992
754310
565762
464724
570735
121378
216728
282579
496368
703099
438772
677400
663717
489192
424196
395288
690762
389112
754037
171253
792600
429699
463232
223976
134700
3563
819486
459466
827079
854516
627863
123327
52718
513725
249656
737791
465074
710427
996771
640322
536842
900113
594560
620680
299100
384237
347794
375170
470235
520641
882084
960928
645577
22653
333474
815928
140958
440614
884291
74000
46849
167157
653220
953928
459379
591310
803761
380071
39755
61851
611260
44096
609435
322501
459696
704448
889074
630351
721502
872279
3195
673935
582198
207553
882499
582665
898707
468464
291288
449321
293613
85656
207564
905181
650546
196758
115161
893901
405998
188606
831006
566136
486822
142016
835464
336364
662725
995573
27724
967393
927342
142988
854352
380339
656560
931020
729641
752571
437015
779077
68735
780873
324191
906327
109517
81215
908548
551198
439557
683341
902773
991353
493649
483076
569062
957877
730291
861209
972229
716123
32525
838201
285188
265555
293693
154307
443093
71668
778720
729127
191604
376361
722296
298393
403678
541889
141736
807857
432991
804818
891228
852962
579657
185035
974341
831508
435392
20373
439298
953505
979955
778598
399770
989225
198757
942498
596262
382739
425257
827117
478796
700640
527980
229010
479461
392813
366956
240521
113728
534853
740295
423976
556736
188832
914926
368361
855712
839549
801208
839828
944215
428375
751315
659209
899031
292615
385109
795052
551535
815285
950320
373613
768080
3452
740932
820402
83692
242394
805455
317284
15418
633360
769088
213075
597782
815452
443305
492295
64134
697169
95826
212644
236376
999632
407081
932792
950375
498853
387351
342501
636796
397440
157679
942630
907600
549774
900288
21823
267824
592307
898442
478533
577913
977894
167885
242183
586179
495402
373628
556632
330138
705765
464465
36794
74791
196318
574330
531305
255086
759896
654513
408193
530929
541061
852137
896460
840305
588841
797412
249516
3348
665293
919074
355298
246114
38875
733427
39544
533801
629789
963886
790929
979777
860877
709178
373259
776554
59224
415753
278414
127377
501108
839205
243124
95986
352154
201698
224469
948247
575906
963187
385773
332798
592379
640665
85548
403096
391107
355958
758107
908398
341577
748288
414438
929566
831900
237585
985802
846788
646608
946458
114972
530548
645453
146104
625267
313635
230675
962079
358451
269797
87118
852147
918455
879888
269009
548533
974618
620800
667442
500698
319522
311669
416323
292792
494858
659542
309544
466905
192107
902552
541914
896434
986118
461306
121079
479982
996592
722088
943939
747747
441370
565887
195071
32678
877244
910064
338788
337594
786270
613438
961084
98147
466755
659553
522014
966169
673522
808141
233924
654040
127842
854540
432330
376852
131841
875016
302917
579146
804769
677093
653822
124018
78720
878987
406602
543376
922930
166913
282503
150122
628269
602740
320245
715860
761457
475736
319022
690471
603858
614374
488515
762704
452899
735555
623925
673796
392001
24513
704973
13841
268089
727870
254041
614864
928791
424746
610307
190071
945996
193575
765583
328203
919547
65801
429808
459186
588064
752764
718344
190694
387101
661701
925691
272966
790691
499361
496814
780423
849401
921609
959458
104647
763308
300759
308391
982722
677459
492738
971838
237917
556606
979077
861903
710112
500923
829343
130627
669825
971844
926387
128063
256539
877896
469199
825406
897022
158676
400905
576778
23839
716254
146758
791895
673136
832942
948756
717308
5771
982698
196215
35151
298888
182012
475201
601435
990445
762018
481178
962304
935109
501777
835744
880808
954313
830535
769959
234529
851835
262764
765153
997852
495826
878820
683289
668609
359696
201012
974170
534445
559919
869006
263660
673417
712441
637114
569086
976008
689591
9827
193503
59965
829697
34684
345830
420502
981749
300621
702194
673913
70723
233886
369996
966905
29220
685438
263337
923829
642794
826480
2699
511565
583795
895347
515846
598722
637943
687981
959072
236201
88833
722675
863378
754380
484347
504183
21227
448093
260385
756559
138516
340568
808280
32222
832238
750004
10839
7201
123863
42821
974467
645016
61452
662641
864793
420175
31849
466700
58501
670279
257355
64595
291151
692998
148694
748098
821685
994552
880338
761170
318035
609985
26032
546771
347775
973472
476843
660769
256433
960257
372490
940998
68191
733983
92033
268844
871655
541843
33271
892797
692774
2558
192099
203673
378470
408336
788624
191155
815284
952114
135487
405385
457870
423318
282859
785086
552827
537240
176551
472405
140405
868049
181668
497164
884738
649401
869455
804627
211873
266934
326615
96167
7519
368901
552716
731152
531081
935620
434019
751027
186811
177881
726102
134228
5015
987203
738152
383148
939794
519483
354630
864419
369320
499654
76297
951915
221360
316954
454232
722937
684681
706794
561963
4255
465140
247376
620138
986186
759868
43670
115123
647574
224592
826914
157883
729673
85041
140475
112204
849779
241606
630588
859884
391136
42893
933588
664158
592887
548012
931446
952194
259634
24293
116452
468055
337850
126696
558804
889313
593950
280579
149116
251942
649520
105653
868799
651410
16700
800096
845555
491002
458022
361500
953870
357629
354079
162536
763118
845318
854211
767035
475714
970991
613395
722361
896344
485440
385738
104385
792131
760341
108381
206563
278504
949085
421460
175663
5798
694847
771392
35048
104479
520727
741528
367256
235239
370909
261556
139965
443401
529766
670117
514209
313392
220805
112111
991623
436409
859658
47268
885825
537554
70890
753310
145183
657615
669759
577688
412225
953993
807974
388329
112206
228467
835078
907743
457085
164091
674160
192116
786065
332952
252258
210031
187041
335734
811750
656666
259733
955708
67096
146268
893357
208822
531844
749042
14587
382372
677869
857614
747953
214814
743019
859788
592405
653794
431468
680781
769809
870908
271706
712498
456422
138576
491613
900535
965377
149575
891704
347433
33190
700756
798990
594629
627721
107874
102343
384495
698747
684252
22798
589772
60545
824024
962226
128700
957377
372833
698284
962999
362902
546911
957632
281219
585922
342053
76540
894223
239107
401111
300957
224624
513470
73974
179985
180085
203352
96906
137240
60328
53668
309995
677828
375524
88054
9323
905055
8142
373078
329635
260203
958961
453073
633241
715204
559482
183785
513931
557538
661900
446444
42715
501883
224065
746786
153558
93893
752703
860512
227234
506649
979506
137401
528516
672179
381483
945748
760012
630230
285269
367001
397982
736204
150799
275653
713949
828491
338539
652254
321653
665331
195203
737536
866373
787060
894002
526037
208872
776717
617334
156451
361119
651439
521440
340287
637660
507520
949749
117215
887021
345531
260965
102797
389379
603060
219621
304632
11231
317177
858027
761957
228568
957397
783494
663106
914763
49838
98391
695579
894687
484174
292080
35301
364851
381886
681799
255352
228967
19022
882262
563418
60420
534450
277715
568886
545417
553287
785607
91500
453651
116275
158989
271042
919975
361705
303082
655736
60831
833356
95683
371704
767984
910123
309183
322284
229396
194027
581434
932586
370520
971842
912162
175179
173764
748575
559282
815321
158178
958568
192265
784870
542829
964571
442342
799097
67224
810454
244226
19812
79479
654577
604106
467825
738318
163145
643576
482171
794997
394584
204493
840664
31460
102144
849261
23476
751329
415079
293335
170041
158659
794939
945855
497834
629601
652438
363913
312143
557212
672893
636004
230475
953158
279747
275137
684425
357102
43083
503983
736661
305226
227242
140245
277959
71743
24363
76043
920473
263951
630060
993173
405274
767839
222501
846140
290684
472292
945673
818571
346055
256170
859909
708963
643120
538753
85541
637115
254660
654916
875734
300728
995071
761223
709382
521381
941945
277340
903143
586959
98496
905986
294035
782272
563201
664811
594186
223254
354207
884329
319638
373503
422822
271540
793104
37394
773529
402970
691771
799885
703783
719619
647501
8807
242044
392800
502862
31442
915188
542448
89626
378255
879595
797231
971648
310765
535536
733915
119053
800479
586328
49507
467555
896249
558062
35567
914818
870343
661512
247942
647081
374858
266101
887904
149141
642256
575058
27849
626088
10607
940540
646191
555109
348381
430367
580552
609880
176495
367789
812578
954643
859372
42283
861192
520978
962702
124901
632270
644416
393172
517762
890874
647827
992582
511986
644943
903122
705543
797059
676727
102006
761424
982099
143628
707310
228815
507360
640707
725757
912603
931900
501813
953855
736466
523420
510924
77129
74321
227343
266246
326445
759631
937867
735785
933852
519382
436194
104772
714535
658143
658900
786013
316574
371146
624447
302204
520345
345591
738674
973587
641877
545092
127327
912008
422645
367587
523182
133665
971114
975446
331886
491211
657774
538122
752358
962823
479082
67725
305290
231474
489272
937902
591497
903471
574786
184944
241283
668850
80009
894890
412504
323820
322242
167870
581340
700302
336027
98356
148199
153404
371355
328882
153928
743889
655655
895770
156505
78856
391712
960384
97197
739213
479530
964870
669542
914273
203656
959255
518692
813348
475491
761916
383640
5506
354026
87774
394102
814333
728402
411481
11017
136338
5439
73336
122528
474123
490299
196691
828966
832800
847586
619138
470927
20491
25505
736637
548591
270183
852755
502482
813221
506116
8266
108545
356084
827785
366127
601527
284849
11206
91265
665509
130648
442518
774585
41021
34554
96685
891086
821705
846546
812356
462100
374568
41013
916766
175360
822373
19239
175541
407110
61237
184714
137670
780131
151437
349041
834358
659063
113758
299218
828128
716298
37806
772058
352380
80303
773460
999771
55661
64453
49424
587808
987238
646234
749444
18594
517306
670571
13779
214547
347968
548615
226645
427479
186975
180178
676212
571730
664188
337060
50470
48476
132029
274769
93447
195345
959032
925188
211922
993542
808637
923780
962556
79958
64636
335705
81453
804378
636885
5767
891099
852791
219515
962489
488069
259856
800643
652793
193033
448860
111695
4316
662627
830035
88145
211515
976579
507395
535422
242267
906186
536959
309009
59886
448288
622006
45881
318707
201268
399201
550625
723128
13329
68054
228889
126848
405018
963066
388326
364607
377314
22228
922595
126978
494378
410684
871121
407915
744056
808754
216323
612954
679696
729866
375391
441768
420114
883909
791569
289613
900911
86588
793234
232225
990793
825206
521424
394495
459175
596696
492475
250566
217234
84732
240172
861177
774094
625690
664241
208518
1400
475682
638841
17316
878457
764140
173593
759829
355748
929159
657081
115723
908402
743598
117278
27943
730967
53529
223764
977948
844736
376047
608887
893554
799212
76056
705438
481383
502756
124273
433893
651248
386712
286489
865046
620125
527256
822568
585715
211930
670956
615232
201955
280913
299856
260155
679351
401133
599375
619460
675351
808442
69690
495297
667149
234088
832901
292526
436654
20079
948799
545413
573920
28556
4077
552217
746765
556521
455169
39747
44643
703002
89340
917491
551428
91396
254365
972200
385297
867480
655620
181498
234638
330877
44456
563476
527282
178956
977650
407680
368398
729780
873012
192859
678039
299326
319369
771495
186962
269804
524617
135999
902811
683706
521001
598245
635601
960262
409838
948599
299809
252619
869900
916929
9390
140041
399711
584364
783450
556289
195909
659859
698932
403548
61782
205878
796606
700907
227585
126215
261529
267081
731588
309538
717327
271837
166087
381018
727933
584956
398102
644718
862235
44523
931001
418139
161706
36418
226162
139
903993
904172
489875
964971
148051
1482
204857
778266
756040
211895
844201
83133
172246
8806
344005
834351
553013
561832
545450
404566
312316
72715
46377
926097
585011
205916
936673
722381
686198
472332
690678
828023
162178
220144
763184
147212
159711
586658
81458
807692
995306
345861
886292
901708
641918
248870
107488
203755
750847
184319
272550
698460
765826
540693
339772
942434
140060
482881
806294
347611
148422
835915
525310
311603
99498
315313
385967
644025
693132
214216
927380
44238
14104
115962
163224
18938
206084
828717
227625
77784
99873
635525
817871
487474
402756
696767
402979
888039
411467
460926
543213
43529
59982
641763
294558
67108
874645
983078
779959
246095
351904
790323
865510
723653
944953
787912
85705
299739
634592
132213
423420
154384
791326
334712
1178
203508
215150
890160
710692
288948
699000
88570
934234
83074
271992
182699
783596
397925
605501
474728
965706
15770
31758
33508
289304
958246
229735
14007
814717
338745
943393
428248
295131
307392
609391
641015
432473
584648
354308
263225
543451
107466
290834
704657
506899
969815
231534
977592
241649
689569
863440
209480
145910
808099
951478
245755
841766
438446
334951
179195
898204
47186
317205
122533
226487
525733
761244
262559
212018
206643
206183
576402
182994
860354
111793
368006
443000
716544
248169
58201
62422
136203
46127
480476
492286
666461
659772
848906
532310
378706
273822
339814
286248
328472
17248
618800
523734
423218
674440
17731
784427
371816
605945
83790
225484
796943
852793
142957
779213
969265
370445
676707
291552
36632
980865
584950
410920
569020
403972
660775
167659
448518
268975
77005
534886
833344
999206
331277
6907
962716
184535
729080
504134
41758
418336
353217
347085
22630
641613
146713
878165
356638
263167
597161
955217
802236
563880
201580
794870
459828
963506
573670
419818
508798
967807
797956
63898
71615
199051
172881
587499
881815
48110
25491
909128
830470
321022
333888
176602
999803
804114
527584
859670
263419
115233
610496
692911
173866
778760
343824
590957
414009
80234
737498
36950
669101
668658
437599
902600
351624
178228
757968
489896
943638
32881
689382
434485
133333
899129
217758
312758
887682
892715
871189
710994
211324
646936
20539
421246
454935
581126
794615
128208
940480
5456
793047
4403
538312
168810
8242
861683
485455
444867
734429
629496
780430
417923
643590
307536
264512
498420
901872
417253
848430
756669
267019
857614
680342
409480
228399
508992
855351
646085
855413
727781
647676
127432
224306
685125
861570
459790
647761
807521
99848
3549
59276
183647
529586
972873
934215
242591
762874
29906
211721
517867
257587
494059
286615
543821
439355
20438
549487
48571
15165
981930
191070
590894
850592
35703
728254
975633
899728
175296
384912
133588
582055
842726
272754
450079
775031
92518
902205
88356
640951
376505
692861
838285
880775
733018
523981
993941
448033
691428
547151
285939
24606
824857
636230
451888
606242
411199
540176
474073
96934
17252
501315
530577
180448
454467
715938
185598
986705
83327
350907
791267
286059
71244
228961
321614
823900
474541
211138
63272
137211
306199
951780
885290
525710
530741
770496
574703
788534
189637
5371
147492
39799
156512
159613
953627
674664
775510
394032
879423
428915
768887
869655
958690
951626
995759
679048
229682
31399
813577
716040
55179
842301
209172
358145
450278
637376
198883
265826
416366
9806
648813
524627
429427
221049
775189
464788
724728
167794
389573
70577
957734
148563
861747
669668
509092
188104
611974
824839
886974
623387
443729
697396
27906
647899
28029
861051
559914
118633
227398
355519
699315
483679
703772
197037
431180
545693
100009
438810
963050
193393
889330
654520
406520
785058
457943
575989
601964
511258
501492
853617
631157
199085
334570
756313
783888
254602
272184
887461
799354
486141
633282
75434
634368
414430
609524
352924
550706
158042
995520
330340
666806
133851
114115
785498
907384
427415
814277
15392
622015
493682
438175
249306
646619
462801
94455
999565
930555
355132
932583
646803
436187
984367
885884
175864
519834
229566
453402
816821
613417
76642
81021
452230
24927
84388
547290
679274
228138
456548
411812
258423
377697
511942
415594
539223
200820
397946
891485
812259
9157
65383
857392
195994
575247
797428
472344
772926
589380
822579
473203
60555
574134
51945
472773
255957
478379
159230
105693
171389
806227
852990
654934
461199
386709
564105
625913
30779
861765
665501
707136
960366
211443
217598
96309
57229
991645
244416
296569
703310
621572
769713
295777
86386
71067
264613
435451
417507
913180
498142
56046
602726
70582
973464
372991
92156
408545
63023
328240
985627
791249
648622
148035
869956
229768
421045
118876
64961
344198
183686
588164
4093
347228
844332
288842
134847
606367
311944
175236
741956
152119
329593
290739
837881
760087
309223
55620
223954
514951
830829
733811
718346
797212
172641
943242
818039
178698
304960
870600
700233
648848
498747
30428
775775
167505
152472
996752
704389
709507
420487
738371
14094
192640
316034
345039
60043
627642
647839
243465
595877
505548
520117
846054
34460
945515
871209
646842
169308
100987
496276
768476
686905
197886
80530
751142
588616
538983
598698
140441
879385
563725
561237
207965
798548
481787
341357
126501
313135
271652
380275
267057
25033
665139
269053
670317
723814
185537
162426
993335
753416
28704
557603
599742
9830
510228
538432
794054
723147
767585
325972
250375
388174
549888
176551
267893
440682
166251
613166
483931
304121
607832
113304
75681
137106
62402
717751
509292
909627
862242
34634
425636
26509
210493
882019
261905
293027
440087
956793
322335
921278
18565
100300
765568
649337
547744
391409
97648
729571
314069
723577
4884
403518
501146
812738
479804
544019
641211
356697
529991
354800
496786
344074
726822
504128
926677
129863
406009
18053
316681
183921
655573
716852
153557
636677
798311
351788
892977
385446
307250
245397
46013
508483
70964
422418
266990
448228
934438
661282
755235
138327
514531
656600
100758
791409
471648
527413
823342
622339
470233
618719
595185
911835
849421
466112
718294
386163
12127
88510
124344
569467
79198
139986
253095
832638
174366
587719
587225
103475
736069
521297
625982
936995
784354
882248
177201
220785
516407
686207
350602
858891
649431
965061
538704
608684
945258
637496
404556
747915
354766
105856
550136
569891
186968
510575
92951
787680
8568
810227
877214
522595
244154
840822
629648
337522
373673
190995
255271
819775
177742
124532
916078
925971
640534
207308
189484
758231
148049
801326
81018
709631
715095
41097
892150
50388
671493
814272
686800
685148
852965
150954
616769
703655
581612
953571
638236
755769
376348
798989
242493
772687
646026
535655
913629
382416
422010
910983
560456
50129
837734
748023
331045
945669
820574
193770
912500
145216
943241
39258
562583
44198
666249
63935
1287
830260
327165
578733
542311
855082
927520
930635
16309
782036
989582
523179
630813
846900
776487
166475
148712
295502
25164
986087
43025
892624
444166
981497
503480
925979
607687
14799
233264
792562
924680
804550
753011
413822
170321
389224
958837
680315
103959
145440
192981
494339
942527
102678
384432
833077
331073
55147
898256
842370
27112
721426
958594
733524
531701
249737
342022
447386
650979
281779
586719
560308
365318
712468
605321
94008
525517
964904
538890
898399
197542
167712
939553
924880
636288
85690
632923
835846
373548
795580
804805
650976
618525
314572
371516
745029
540558
798703
974496
695601
250883
716508
959847
703201
794279
561980
430797
264343
690644
29185
427753
494858
38258
542688
897755
172334
343670
702380
349538
698011
186252
89745
871754
901661
469263
604777
686338
847575
731509
444094
466124
279124
693192
715037
409805
706284
316303
819667
140420
323279
481099
521543
521112
60529
173981
377267
347209
681426
35781
975744
274249
162664
574085
985790
453476
328044
959972
391869
258522
707838
639182
451595
997069
440502
717208
65354
153109
578696
276514
551212
710193
201363
244694
600590
95641
763142
616140
292718
800687
762735
886096
367179
942803
320418
524667
842648
368021
468290
896893
588764
930821
207663
12029
348585
408679
777868
483031
994550
430787
14251
910916
72027
429848
161048
999256
835881
399217
196543
925796
461988
420431
176891
750907
239007
176261
660603
546258
72882
749987
707091
475009
178905
465610
981661
479974
429740
958047
385418
66024
322102
279771
26889
323545
796085
246270
192721
467445
330286
164579
496527
800199
571562
415599
975911
949739
522960
798627
951913
72430
274784
319953
301138
238225
746250
157100
674108
109805
639849
277432
605603
958640
690015
795744
868244
754117
541133
459814
265140
619794
612847
984501
850666
614235
671699
678994
957994
152964
238324
716849
890527
511795
142711
910436
999092
804244
326529
757742
944384
204598
699571
58358
298380
197523
644355
949399
903745
557869
188728
900884
204787
696723
494914
61353
725700
945987
853107
404924
797686
954921
183326
425138
512273
528006
413834
310303
324909
939308
994579
715349
126301
572645
608414
104093
591352
948915
630135
665220
352581
377779
29577
524812
880578
189723
49593
399940
488913
893666
106335
462706
789504
619647
508897
257196
241459
350345
11374
398406
906608
593853
962260
109925
537863
909598
423359
525042
277788
719351
288527
166251
888083
774268
947348
937939
17494
850575
652585
505546
361542
154654
360426
816695
365051
995753
432979
513697
899962
765537
675190
144733
435698
124524
641369
548386
59379
264581
218474
688056
662828
540993
347295
450575
134687
432812
673326
309292
380963
659730
146342
747262
86293
150617
57129
603855
158173
22155
418950
435798
771224
787314
305207
351721
253799
575196
733492
530063
911059
586815
130865
955827
959451
200501
617339
33781
541661
763624
461291
893339
492061
790025
32900
357349
574068
980153
649647
323262
261847
148235
847440
537550
75459
876385
406660
295789
922754
628018
604985
417265
986397
807150
358699
696552
779807
638776
745975
437601
120705
628306
865949
225765
229815
496855
306391
193987
166678
97377
538832
650441
229344
566858
766723
718927
532462
387216
182769
43629
552760
548050
368766
491084
581252
549175
761897
403802
45481
681646
527270
297367
142079
7631
425242
512077
95142
36385
863283
9244
944175
7349
417569
847283
619946
427247
685556
803163
950093
81572
82067
766829
564925
412383
636758
317924
129660
858878
62081
282893
91248
72250
289246
281051
47436
279940
282678
754647
165661
157386
421483
480436
615475
400024
19893
345856
256234
540572
732023
822007
704148
352514
189373
116786
277252
234750
11861
946557
302650
112936
998023
849350
155046
252608
197873
725232
968347
309843
975172
458119
875665
326775
115285
328462
486294
751984
794657
927797
673107
869173
83744
274343
858359
31500
38724
696063
277890
407314
348686
834138
630128
814743
629389
477511
577792
479590
859957
370075
396127
860130
997400
105954
421558
241355
697283
683184
461325
399392
147448
528533
663898
24863
665987
67310
175786
356904
720891
622744
719915
37951
8535
602752
485780
216240
79658
59350
258609
271821
842812
942048
424654
683155
564359
829803
894335
40555
121803
470364
607371
496972
378126
120740
83635
132605
55732
914450
704930
558328
412854
511362
468786
121067
661122
975859
78680
278424
9071
515319
532462
60187
689051
450115
726236
935436
666788
202854
233762
289018
513279
45655
430595
997272
252024
386150
683985
735988
784454
30805
388050
118690
136458
193984
524172
603895
949732
127031
840626
392241
912306
899052
721451
201972
684646
68039
551419
755375
808451
742360
295120
594781
934388
980964
936747
32296
299465
204960
270761
937256
330511
219644
564334
619400
167946
825174
392557
737289
637713
208591
852885
503585
211591
452219
944987
747643
605745
893682
396448
844066
552633
634243
254016
95416
990078
450696
52663
733664
330710
129813
827695
579132
830369
674378
175146
361424
964107
243464
701512
871045
232861
678080
21494
64074
625473
285927
381619
603989
865936
294406
858176
947591
685081
585133
541988
579758
264049
835784
896153
135012
515698
710089
28182
857428
192018
335621
216954
340509
222944
200347
313810
17359
93148
484494
939143
222418
431156
299700
142567
286373
544151
64072
574862
473220
833336
929178
316400
346787
591137
443942
858118
316696
744625
22785
680595
262869
378164
799919
445394
227218
689885
329426
552382
375177
428578
856125
495613
906971
904372
374183
531498
198160
780314
231547
190910
39804
538985
829580
781274
379965
162146
865958
402227
632736
586024
413440
528858
535459
26204
881741
425127
701141
320535
466737
88642
589978
751683
111697
560333
763339
685526
866819
530481
48314
633389
680805
218180
645714
400769
734921
107796
127901
464584
62670
291283
441696
525674
731082
568350
980769
270686
792547
150955
528265
868833
776637
359887
490788
936723
491341
995242
303300
839726
250444
639472
632646
725411
808072
725012
189228
605203
28308
722131
116841
572198
989856
145626
109116
286668
707811
684372
217012
902542
744180
178260
803217
315408
196153
101020
111691
47653
10870
707080
555948
261327
120263
941978
884056
962386
605033
889123
155501
11699
800498
160202
783941
721362
51937
715644
644696
299489
577680
707824
898495
763520
881926
226581
803859
74167
135849
536155
92468
742095
368592
95387
381094
452237
278327
7908
737365
910348
328140
58083
721401
756022
364902
355182
462484
334366
930069
519021
160088
547581
193044
956965
222695
411976
641883
808866
428978
300714
629969
37377
363714
574883
326367
507224
670421
997565
833568
571650
746784
862758
397748
961098
412468
244719
445620
328435
718715
649696
951615
388321
379681
817653
282099
614632
544527
605626
241784
399280
379154
717374
579574
90561
923674
295863
724967
440433
890783
865970
183110
432871
99742
432244
79590
75531
308546
733299
976544
25740
356957
511786
186853
703437
971989
874525
883762
9773
708828
957545
243297
979505
888023
703558
59419
113873
121568
629021
908267
15260
966183
54528
139950
714312
252531
480842
814311
628378
670726
360789
286063
975214
63775
153297
570697
952612
999449
106119
891027
930663
522737
990891
345881
319835
647653
320983
168772
583330
614391
947754
749040
63691
403793
58300
974619
956761
576770
509180
263928
687083
149670
669929
180260
443341
47460
104169
431536
756314
221522
543945
608156
162571
913587
850514
506853
991585
382432
636932
978678
625515
477380
398770
698042
389044
340416
971834
956049
825741
45936
802398
653536
434354
29701
100100
960771
674332
603985
191302
299806
23459
738210
870071
677969
122509
193989
380595
907465
146999
937196
47778
474099
270174
275370
634697
336588
323146
382042
677004
420885
302553
547168
165828
215458
983268
374407
63993
21008
464080
645578
115964
836246
54131
912046
250532
826741
783840
659596
859171
376009
546833
693741
737028
657922
333488
484046
766403
468780
839298
233026
564680
309289
519728
102327
901058
994049
507188
822480
317148
115408
268380
770226
89119
876381
421822
336155
769700
979211
567161
614188
680436
460713
871779
985223
748094
584420
281364
675859
54836
298972
28238
216476
728258
712851
466376
230680
789995
654850
713749
834116
74754
337862
325622
810157
560835
176440
89593
597131
560268
354714
619147
341896
79483
541420
281569
708126
740645
587295
854207
735709
240815
469025
580836
551564
854541
954391
952402
868008
319317
301545
797181
424136
904959
322230
699280
823136
105723
889960
567382
763876
599599
769891
508619
441348
353868
42007
192512
62934
230860
953525
122661
710482
647050
409727
117430
38390
521085
98103
828165
231114
527378
166457
185632
927422
238630
537573
302174
79087
238941
418804
590667
442312
750754
471596
375981
205061
676667
328750
335411
877907
97031
275437
788473
270100
532567
872121
105658
467070
707239
991609
528403
336867
509752
890616
668720
832843
270091
387222
873237
38589
519035
321886
422027
719581
855416
692728
885413
197231
340956
62261
613678
708729
52715
215880
14448
769735
441388
354772
43171
950728
129886
352800
453361
499350
579929
161000
999970
67731
990659
853517
66857
843054
515947
16556
674058
125061
620549
803659
728550
40293
563074
202672
143717
455852
836171
467980
303294
374480
647003
194581
777894
48120
407351
225073
510674
416136
957834
839246
781355
769082
31393
979086
233102
215016
33151
890528
206140
480870
138718
506730
963621
367179
848131
148258
62796
110545
530876
226108
650838
948690
813113
520829
609525
646642
564357
157231
43500
199964
858783
127405
724606
701540
638649
893790
88503
870092
842124
820926
157014
220130
554966
240792
742549
786119
816177
396496
166359
247562
373393
204252
68269
262514
848282
487251
430469
314843
168924
555550
501168
679415
430380
94347
423567
514934
106016
161856
848793
535296
507430
169292
469450
660127
949121
759641
37035
887226
106978
371262
698363
97468
823135
681969
895095
192020
74962
687450
229771
349909
522897
858626
947029
416061
573509
304618
339794
164946
659177
674680
350311
635624
789537
118284
485326
808640
462772
109809
138139
901899
712744
190704
487402
169356
119481
228542
62887
589339
428917
11861
669178
196549
418999
15200
792461
605073
742078
226191
266491
722397
313513
863819
247830
881319
654609
320835
163605
896233
412739
527525
769305
567515
938520
281129
752218
714844
649843
872967
633394
728171
38423
106313
440454
208015
853410
39482
368077
241367
77802
806078
169214
829308
864499
459643
455770
458018
829322
701685
819667
154301
263681
218680
874776
194001
823238
800750
769342
611665
92514
854032
222028
902953
899276
723065
727523
229463
984743
483927
655688
38388
392927
824826
341392
27217
170971
86543
312999
437692
995359
407846
938492
286370
718018
894446
570509
804878
639366
393091
693770
55824
599385
528798
761128
505273
831463
869675
449861
490754
917722
538552
602739
743244
684207
902537
100132
248642
54838
920136
540080
119514
45286
329689
90949
570683
985114
353420
737771
545593
787820
848364
692722
287803
237101
632244
599547
417470
531646
105057
578017
321586
733262
465955
852226
622722
462128
316461
567917
631729
173527
599276
305642
231776
363633
869076
374880
303212
167774
819413
779239
199028
353228
480044
781483
512888
239153
407895
909305
818076
103523
796897
361193
692428
925015
760987
22376
829307
382452
921067
739873
596164
345363
298174
150600
325361
783830
859865
475651
257497
475170
645901
148597
935587
185274
56585
37735
920937
778041
409737
657493
722681
840620
460844
947091
675893
984202
998948
179802
552538
536400
814279
989748
144157
396733
987906
988799
479217
86695
121004
186081
66662
905913
455992
781000
105067
797002
284805
419868
383924
482970
305936
41860
34742
264939
577417
495570
537679
5370
506563
84428
435907
814232
851460
894168
971746
527594
374396
965507
550213
43961
580243
160302
524150
339319
165403
525973
393903
567183
946533
414717
252923
346791
772079
204218
299130
319925
490683
233626
846080
342331
270522
791410
295452
927456
127591
44674
354229
67949
25777
974087
414864
166880
226640
94302
937455
580464
244729
383056
442452
759647
586924
485502
865572
25653
935275
956586
481958
335646
300997
389727
792810
801378
505296
475775
652934
184316
921652
14503
678396
301722
241636
383360
657336
352689
568296
558629
335156
297081
610006
805292
311294
617740
823328
669331
538514
495191
875078
39881
936801
664634
839532
716630
885235
433730
654726
515943
54376
727680
740015
58426
912410
328774
497178
37602
347422
334269
337119
806840
596138
426598
7287
707358
472976
53739
173123
491249
433832
34017
675270
173322
364492
442781
989684
279089
980733
799856
922082
996192
170468
107968
527708
320175
722482
765380
661973
950880
584936
962267
731513
301513
726451
958666
221727
57882
620079
282576
632922
707722
296012
145512
114223
472867
24718
315227
900960
313702
110702
414783
233895
820828
198686
351184
240318
256570
363690
97320
342683
757680
781242
388510
487866
150606
313076
704185
264338
339923
449662
952400
129577
105044
95585
257855
226243
176710
457545
992967
288118
451752
581288
599875
764953
829071
112699
747523
969307
85583
864741
904135
367
276099
707191
467418
457253
228666
674385
407112
637972
334014
362146
866621
271604
290690
510602
362363
214088
288871
293217
905271
139128
497835
576337
515601
962492
423535
49950
814959
460661
32867
986886
637877
159062
23568
212804
58722
396479
757441
801966
908170
489770
449231
71166
719147
554174
572296
929261
979119
68929
529851
768123
780926
188267
440675
357196
117116
33429
781166
775468
852582
670608
536808
895027
887492
839890
165257
229700
195340
878796
120407
802927
651347
548503
893177
611510
806640
217356
117018
675885
479151
639602
107254
263611
63663
634514
215940
30141
323545
447143
577792
54921
570813
165618
670292
119311
66891
700906
996770
961628
538090
968015
38577
813432
78776
882975
226481
872496
303007
656034
492844
209006
348368
860256
891596
969220
518047
141427
603139
845255
44667
934007
262426
718360
638408
206621
749914
327038
235803
755295
794129
841391
146513
848782
980225
380014
564620
805063
403371
849549
27276
483076
261363
739028
677222
943630
961136
699578
55075
147728
743698
677392
454007
950407
328816
247677
495643
481302
416622
770596
213514
24246
812487
741282
634645
318347
30013
664947
204644
750417
196762
519348
741002
627829
501537
138115
141187
732736
872022
770306
199181
910318
571111
489531
217440
770333
202166
244061
149706
684129
969220
62053
923499
539252
586747
819096
126539
816267
959320
315628
563027
918276
945907
531271
488111
55162
515756
884127
337789
952763
944628
962176
389426
923409
182389
880108
706570
847229
606751
746204
916137
228098
365520
689189
449171
311773
315487
232118
564037
603026
657862
576254
274862
954337
401129
358890
947917
585240
270663
198668
836456
817602
275196
675095
340326
455613
121584
776263
461962
416873
417888
715933
397196
640700
149319
276424
836885
815859
644904
486687
846999
156451
864635
998091
220360
810990
825714
784130
797881
203024
183782
735534
362903
791321
632867
104940
236860
12213
637324
112943
477619
886887
223725
956357
504391
738772
339356
201650
708166
274620
19722
492216
293079
684355
325547
490168
489333
199661
64064
455922
24135
148393
997757
143145
565534
351428
729180
61154
570890
529854
368766
206986
702617
434554
207865
262839
332397
552974
531522
794439
488377
8699
401400
996069
446296
273206
988747
419498
302922
122405
965127
716127
470667
463269
614849
915745
367314
390728
340252
938014
713635
816540
489208
502587
560209
874918
741817
293912
429972
867630
577519
537323
542722
621300
553319
108425
172462
283840
920973
633475
954522
642775
902908
467245
656409
123146
51748
151290
514118
39208
703319
195843
678618
305811
794480
658918
938798
253552
912736
420299
889550
26552
476758
783042
314230
179820
725963
626248
717868
703333
679847
335593
544441
670537
423315
823743
798277
305497
707484
408792
126798
738984
380416
512246
104325
121639
732633
976431
396613
742299
662883
163061
513713
517743
262956
958512
16232
332133
909079
996295
440360
907432
210956
79550
250108
920254
86208
386938
232931
824345
300700
563551
31487
222924
363725
541402
943670
293979
796647
99898
707433
677931
864374
577145
669519
627864
234787
350169
196013
772326
418432
724394
954612
895503
495216
616680
455415
498170
466486
172673
430023
956429
734488
958067
28205
131865
582639
794324
856835
964916
87374
60139
652719
485540
71053
871228
703357
490039
17713
277922
918360
804592
631289
260244
629669
223452
8456
149194
350204
81218
834026
711608
534980
47992
16132
648953
388650
117266
783325
545415
859966
130998
977859
174247
285610
712139
140251
325794
141775
717776
100681
464941
369342
191177
23799
295786
402575
605395
62086
149319
421602
691609
959951
384068
888816
127647
104405
687891
390412
680572
711881
474456
579132
408868
562360
800848
179694
912291
597077
447501
903769
752358
171295
247007
916465
451316
808046
702607
362502
696954
857888
67909
899130
776131
569050
829385
561117
652678
360829
760230
596711
269081
637287
236779
825553
304388
821219
241291
862224
774768
286830
618020
717295
574335
893159
879580
785288
738549
34514
235752
330846
481875
940232
994471
640730
70340
598399
138858
958176
228721
928498
694103
41742
788399
308781
899683
808785
86808
825143
757500
264803
388663
319003
750217
194405
448605
481685
364297
545236
489168
32598
7384
15595
807587
976884
206672
390806
480033
840497
541452
444302
659107
165799
327176
325077
887745
154893
176228
56720
133733
335208
637639
580540
881339
299408
987872
77902
900
303837
242376
277291
67274
29103
79684
325185
622190
741015
416550
544576
747613
72486
971218
940153
287713
524047
891102
931793
498324
884219
74323
169761
266671
442282
763985
949358
293952
402945
510862
983104
458682
694580
972863
67233
344486
588432
925711
674868
360376
134373
546444
768111
972220
602575
676513
50614
736879
29089
139134
108821
209962
491373
859540
536538
269945
987697
457532
386253
83531
87329
867511
56397
674369
248204
245072
631689
276265
99950
558558
968919
449028
215443
914214
26548
627331
589987
965661
300505
938833
206798
442378
483382
64330
952084
400522
14606
720329
88753
595885
537710
542494
294628
281598
965387
247583
489883
326817
269751
249365
185149
299540
91712
478103
915923
13591
729637
752245
11028
288744
703606
13131
965387
727336
492359
990197
487015
409881
670800
32737
994527
138697
811876
844735
744704
584648
289484
978774
891284
543060
12800
105776
701041
541718
9217
7542
180443
991237
991126
739158
235159
808681
635744
84768
85133
349370
880796
171632
482008
904167
774005
914758
13806
475442
591620
845618
167399
155576
438309
36330
299116
496015
550839
806974
983485
407176
961135
170274
794590
849747
652633
777770
378015
693954
910381
752085
181255
323814
364170
640000
813532
722837
462034
971835
126162
984525
599329
253817
241102
420211
708906
677089
224085
128244
807984
840065
366613
432333
747103
133282
283344
347365
421381
379126
715361
194967
125552
593454
627053
9358
778020
282536
157607
717258
759033
172230
959487
61887
697423
877210
306536
939932
550639
974653
510084
559913
941632
846015
425839
761481
38115
550968
687141
107295
706987
106045
259537
729485
409532
421871
499251
501912
489471
525677
409580
449639
521727
44393
705385
909994
775203
207896
434090
863960
452552
937603
412846
540112
794554
728123
333437
786593
396496
425641
219025
940069
186593
284675
593058
718984
241638
316699
614413
676967
779758
467666
185504
562003
416056
185065
950084
665524
234928
793848
266376
716042
940297
119159
993414
868559
934195
276921
617588
746297
190266
731385
701321
793755
421883
988045
184841
81259
704451
181303
424047
909726
554053
202267
434359
785903
371704
499786
90373
287423
466123
786172
50805
930327
260934
747549
535552
915017
661246
628158
452231
901940
314164
190316
785279
498981
302540
517086
643450
957595
909285
430663
549838
280227
858777
591756
680932
491362
838098
819536
436127
914481
951815
756650
61862
205282
693650
217016
598096
494625
343792
720845
383083
607414
772372
648709
532009
141799
57960
153658
354856
932667
271329
688527
210268
136089
857021
132905
895900
843854
747228
668030
28677
434221
748536
756293
860559
639504
515651
681293
771114
455421
47772
653802
551764
341605
67885
703626
292730
231366
513636
345637
926408
652527
474379
229011
287375
558499
644166
403063
800338
114967
663465
437849
727533
390486
343539
644178
132899
103813
143019
491360
452547
621760
329494
9561
356085
379874
937234
347645
950310
430052
981203
164004
793294
386269
317943
780566
768538
218535
292679
82873
444603
601122
672908
717221
333067
716818
205900
657300
529047
107812
344992
670261
845005
802766
775411
625823
673859
682899
408217
380451
362017
627430
844105
871866
402285
18470
155833
237917
246641
620360
580500
977332
352459
597843
459739
992934
42961
906628
616725
250703
146910
673809
665908
781263
103870
352907
900166
170751
392050
620764
752020
969343
327072
93040
293275
20203
205146
403569
831588
572844
958793
702058
137922
129834
194294
498445
23976
85663
493684
780239
487588
564167
467374
254257
18684
898484
476617
699482
562980
911102
630261
267232
111192
780375
591893
940326
856540
237308
647561
667359
721742
751047
785300
888753
957925
999969
123695
595444
815176
961430
135721
368601
261837
355393
803129
303720
289740
421798
691554
873185
873120
120670
269569
78340
734586
323821
510966
218413
398177
675759
385965
517591
596042
880561
270856
987009
808655
250653
224875
777453
794959
562893
128419
844805
738723
945280
879027
698137
762616
863402
17661
103683
97358
197925
528522
722924
175564
1094
163638
216935
493949
473227
794235
240058
716331
719088
122328
433406
845846
468192
427229
575964
464529
311112
52246
474167
692986
113352
893330
423080
102100
191235
312206
901924
56515
940310
458947
683003
744355
686117
610185
980473
374405
452561
371238
449071
883206
60038
310520
64268
905358
589808
243322
656676
919138
979981
787830
775635
286439
103390
30599
109307
411764
45943
255818
658408
974930
527734
521633
522453
407315
524496
218275
519688
112843
868423
52708
941656
394288
961143
517724
592399
799434
780432
424950
980842
220374
692062
565239
636349
209597
415684
266185
288243
146348
481992
320612
179123
884432
760839
532760
958239
809519
463369
514232
813814
865190
811439
522086
691673
244603
720969
254648
637675
293086
435204
795460
541969
377153
450625
729102
572121
327888
389376
393418
978422
450383
647739
213199
966377
481232
295887
624795
665340
907789
253781
653757
248233
518055
691600
327587
562135
140476
861502
355840
46404
633247
663953
98265
739838
709943
80504
641261
522827
828981
989654
276991
89960
704499
956948
599809
175662
439206
814290
159903
753425
177984
830904
933797
621379
192485
444587
481869
739190
592007
276892
111785
117374
823456
515834
636073
878932
176523
417735
913738
244663
972800
319624
172444
610924
374058
650198
240877
899175
306919
123346
206871
526274
367323
134070
342115
554026
770353
235590
416985
204441
695152
871909
714086
280189
836853
973379
279144
206072
630035
260852
648408
270017
924419
984220
912084
546343
771146
462215
571272
256182
311974
642581
323384
429298
435444
239250
278829
755328
858209
886052
487354
477988
599946
399261
919082
516773
123763
850225
747913
137869
169377
87297
556043
980557
58837
47957
804188
704509
602533
646377
591876
97472
651000
501150
548982
828870
360605
513105
184823
920171
512136
830601
82726
14268
348203
335690
89964
849626
573934
909190
846400
994680
258378
662323
565719
666175
414023
426488
947687
268624
143568
974337
657751
196521
850480
275570
56197
332577
363563
628535
374835
385165
596283
829626
99854
705093
495462
342446
744733
89601
191608
334985
969987
473436
937314
216782
862640
795259
517743
773896
678378
633991
34527
739986
675764
956629
64162
985683
626840
137511
833074
438280
940950
415948
451469
113914
827945
715362
389838
829966
195250
68668
872423
41723
47620
110622
417662
164566
932683
689061
107937
450953
946969
579588
219238
222178
100687
604777
826851
247303
335524
206909
218118
291784
599125
769483
550291
415757
741865
229752
365945
139630
594016
99504
311375
236961
209335
869666
252848
839886
839131
472801
932527
923711
828648
672491
120633
119091
471580
483207
359238
101330
345756
671047
621755
791866
704227
404013
978656
784951
741827
630186
563001
247954
555673
567233
914499
336896
404562
463755
277772
225147
800467
914515
122671
79535
546250
588449
278700
375946
132175
696916
361824
548598
109494
958376
361701
863843
822579
398616
518280
389373
202730
649693
141667
185981
735315
682580
488791
621724
360199
90493
673384
796769
804137
958880
96373
267803
977779
83530
323474
147883
7900
989685
745412
728505
130211
52805
781592
813511
407611
85807
941152
616802
117139
342580
706827
366644
948801
236363
419488
856631
809610
901981
963543
296196
5008
312298
519188
610890
291993
849225
992193
509018
599608
910604
883398
352414
64026
775554
349096
279338
353135
942805
970363
612266
884402
129108
30981
209083
831639
260684
560177
522135
224913
566607
875309
135208
839677
75798
893408
974397
486574
116738
834315
813018
517589
176446
382395
780841
417037
833409
782696
526351
460417
15984
903854
534874
905979
525664
16293
154582
810953
11577
159327
526399
173006
886390
229629
242768
761954
429192
459054
240378
668839
628379
509766
897968
297705
938992
792887
257311
162481
669545
752750
699643
103015
751139
453580
446389
597985
80253
924543
495817
459404
825656
917885
141363
240309
604151
375325
513473
210549
559269
566737
886980
591863
809077
291396
910048
143335
601028
870924
367747
405049
949916
643916
484978
707283
840594
763945
337535
242648
928079
976551
81367
900562
527147
697759
224632
261115
749877
842783
148479
746985
377615
67998
707551
580307
305014
709722
357038
949444
151776
198096
205593
834202
852222
989975
147256
724987
476129
482138
589820
518614
585145
539632
735429
596241
963640
845018
345041
656788
46100
220824
761550
458417
129644
857384
836176
613551
238722
303772
362397
899634
501927
516055
180710
420872
572212
839204
459729
643602
553332
720306
418481
575821
329247
782640
749015
897852
739393
65857
128578
85492
146810
318684
795825
948932
793246
333892
43481
765822
413052
514206
730931
247206
821756
321204
17645
772343
18082
922949
625536
619532
798127
553286
71073
789234
818982
468089
471889
299847
462892
982697
991631
941134
673736
387647
574894
595731
786891
530500
691713
483509
617161
846068
600562
87445
493317
75835
430386
344986
303979
656655
442826
149022
8246
179241
909072
351480
365554
81057
426934
457190
290075
759397
610941
581079
118885
209557
311751
459219
598165
261183
90889
474184
815948
461234
938399
477426
869476
908353
84601
733413
431603
944086
76659
780218
406189
361136
924995
217300
795430
676922
623371
970318
47220
439305
748175
213763
642547
244978
784768
457977
558242
772486
899767
178090
703146
105900
622909
998001
228799
250073
7431
719374
254559
912110
41791
26454
917816
949357
593469
534074
162022
98585
876052
966833
387866
705258
909321
638981
221206
615530
906143
615863
183956
510703
960590
622416
941639
114933
854034
499782
733497
477463
546399
691399
532691
350570
726833
575396
366203
103415
27010
5917
433751
298066
774549
319877
241969
483227
195184
458770
658227
211281
342886
123075
84049
426318
276754
505198
734725
587747
698464
585637
772534
654480
612357
13508
981746
566368
260111
928346
656538
694678
514930
998429
158393
658322
310397
848156
967921
150214
10141
362669
83258
226523
18384
433020
328630
293447
694711
699083
575624
446508
531906
922265
986008
889789
411835
249505
589795
302427
786347
392633
855355
314622
872237
176731
838114
856142
827981
914689
942975
286098
703003
154409
928315
849919
103570
590904
195899
353906
278624
68667
669498
555066
978834
939400
149377
174540
343006
854531
631558
697881
186572
935421
130975
211389
309825
133750
583393
768078
499241
330819
490393
891093
210752
222923
473574
903769
962686
643499
313650
491350
708509
585849
17419
951245
288648
691622
755234
286453
765985
247613
441118
600655
647151
474824
650974
10647
971363
734225
709898
793494
969221
268486
92692
292117
967936
177782
273361
732908
860678
768376
74158
880184
363297
337962
578960
922090
345816
604183
39308
789308
59194
188658
530176
492543
931466
896447
608460
831377
274630
697745
921456
134314
44950
121838
58884
820821
102350
703758
85582
99579
616032
325122
218563
171930
855265
699314
456477
848597
672118
207679
912469
867430
628507
180871
68542
480239
239119
374214
180542
102893
723872
410201
282153
378893
442958
771679
859515
36185
125151
823992
144242
97355
352767
967599
805574
392322
75089
833076
561414
9490
114710
652738
78161
362422
275000
416607
325037
777697
179892
561602
531591
42866
77411
838990
106951
993861
948003
982077
752847
10853
539046
284120
782481
343072
775511
833250
491978
723124
142948
684181
128543
229285
620076
129668
89874
966576
384391
616991
329825
690265
625324
57877
515579
727457
997891
202580
54816
112916
175752
827564
901844
514238
204504
995409
762431
548349
323932
303487
637860
8626
591
983032
663356
661521
679085
33001
443310
223576
130938
448618
820142
463773
761515
87396
943215
855168
57781
292878
460486
684543
295729
866960
716893
971943
238505
631560
824784
787368
333890
939242
207271
983362
393093
452802
868209
932636
439691
900181
608569
587763
117509
899429
636392
86319
601318
872148
613559
971985
711149
839392
999566
949385
743762
413197
140286
871013
475084
382624
330712
948003
528893
693255
460904
740839
138748
896726
739985
675720
327228
62444
97030
159876
62813
68148
434338
856916
148687
86535
41253
553755
71647
820527
75916
760184
443744
935303
287244
130810
621943
182718
770666
304371
649090
206330
927866
505253
592421
423576
359090
268313
495859
135250
951913
292047
375734
527354
586034
168464
87836
234339
817423
484447
754878
104095
26004
296782
117005
105442
995994
312172
946139
611205
914588
363932
796100
602343
783921
546113
11511
618542
300902
763861
689508
155499
855287
156697
325892
100123
658474
214183
575488
42506
633481
293539
526975
34963
561914
9232
937487
494466
87228
563262
525039
496602
116416
32225
399030
850866
894370
526654
82660
466746
189506
445438
352196
172763
593348
602917
519546
693948
466528
653660
525231
646306
36710
18218
886741
64495
482258
21377
888985
396171
212487
370997
222565
448672
423532
84872
994447
824767
714336
348000
965537
25952
906587
932890
925829
872838
589090
689335
553485
999169
703590
136948
93085
405773
299706
530360
519414
581848
203503
311591
919135
300065
379215
245396
165297
158652
324146
244627
594816
794610
82623
976171
235745
884613
909891
938026
619421
655313
858663
988115
392497
826445
662865
239219
589758
546225
54298
299026
814803
819762
977447
255876
795477
976489
417574
13279
329417
176721
266919
860039
870910
618031
160404
862948
573722
114380
272271
383925
914815
390622
67815
336510
539289
792389
52726
835229
77766
815601
522969
356091
577187
642080
445453
464477
790960
726597
352866
626650
209247
392196
818527
992935
791870
333210
230771
218766
352765
648218
281235
172286
772766
918546
946612
72123
313530
29772
419047
818934
395242
547632
449356
828215
381336
824007
9652
78966
71522
310106
556183
129482
727463
89081
560750
656569
275442
610839
937455
912174
776833
349203
791779
602312
248497
389713
804261
683022
956039
409415
530809
779265
930013
774548
208006
704650
571239
17866
311985
264723
847713
358028
317016
41074
481623
89875
723624
397183
263184
930315
90076
254022
113688
537626
590674
182936
454761
766784
467595
908860
456565
753945
536191
570115
336723
131136
645915
7865
454019
924174
177369
131191
293791
175744
292217
930518
879521
23798
525409
673406
707723
196184
424910
924572
896055
627027
514038
933042
548859
684993
770620
740488
977784
916071
16527
771072
840704
357399
488864
428935
718305
246326
631998
527400
747218
867544
729743
505850
159929
232327
117805
480954
984983
595171
644762
236275
734481
734883
707170
107737
419996
54137
369612
870582
199107
528596
327100
493308
615704
625279
544936
653176
302517
523559
451189
519976
544814
982330
699565
214435
622293
733738
917855
775158
800232
278992
283540
539472
581851
853166
408745
478035
851518
372749
887246
108170
707660
37189
770393
272442
264719
980315
505544
281361
200178
460100
167890
459003
335525
866312
66664
488852
388967
275906
512397
655160
100851
967620
751823
963765
125961
157079
73505
454818
547031
849119
604310
211465
727300
921245
605244
626687
341978
58319
445523
408469
715150
198002
643432
660967
899052
53224
856723
471313
376419
95284
785673
313218
672235
796577
370655
367720
601038
193794
986588
864331
82330
267221
545849
619190
25634
164801
437495
734671
912619
851583
502493
248968
490362
857237
680717
516014
924728
525052
592834
867231
184511
182371
848425
360153
551107
953868
520920
107885
825440
307477
85551
437138
623099
175825
794762
181973
577304
948245
348448
360302
735288
946319
771643
485038
149997
732047
36116
473941
394364
232298
828682
859073
292844
220659
26623
785088
56561
273514
780943
336262
11120
878897
921198
14010
182895
724409
905501
275883
856219
139132
535625
250144
515124
613411
798016
694028
649753
656455
219088
872736
343596
197332
136382
985851
691553
581130
749792
807677
474984
36957
179672
927801
897397
866749
760685
14344
65128
887664
257799
883322
531230
356634
462407
974056
99795
435807
833281
851685
175154
993311
461591
482323
776252
844576
487027
697361
753744
957514
433568
946386
9884
149323
921734
191049
172833
196250
862144
556096
943452
369497
994140
605128
692630
965908
297966
74827
491210
887335
690001
12733
427822
406971
507899
570737
924512
815664
471420
874056
509678
638871
745491
397508
901954
138006
777133
306939
156008
285935
375227
354598
478974
797530
831854
90969
933047
678798
218898
144717
636747
284639
327684
681689
779903
161409
737746
201856
178444
625898
782701
538019
744367
743062
512205
179287
232268
493412
877410
550737
248064
552542
864114
305598
739394
695190
426259
917295
89972
920939
419399
956274
552524
788651
618095
66684
332825
201938
946350
375682
361333
191217
800795
980518
78662
349162
813666
70414
444784
766615
758200
693073
742235
119499
972792
781771
89564
678896
706527
399952
260930
903311
695712
742077
775232
262831
744229
317866
524082
827796
6820
47355
158029
359977
275225
498902
95784
329144
300517
829999
35617
590933
193795
765886
372461
790939
392675
613458
236800
981902
213541
854336
512981
976544
59251
77811
80603
180943
360315
485287
442108
181035
705800
988721
921802
184437
560700
746294
229320
725667
280236
630140
863507
493121
892568
392989
637228
876465
678149
913687
41954
170515
926841
241153
766752
206015
538451
561433
177617
391599
738308
494072
238251
97338
945134
946854
601503
647995
630935
592522
598556
378192
411978
900794
405050
981310
468042
132721
960586
346866
495284
423902
772663
670627
93552
874201
538328
615251
394835
513904
956758
415987
937045
420832
763189
34790
600426
226911
563584
295646
514430
532438
990805
866275
202898
805485
369482
487986
172718
738046
530299
644354
881986
285739
638706
68385
513693
833867
273905
297277
625929
894271
328478
602367
728961
558435
849484
331858
294671
473824
18082
738434
508486
703583
503658
479167
80473
96600
258232
720512
489303
526856
136692
438212
163332
366209
867655
574003
311125
122523
960542
579812
398727
883464
713822
362808
549468
76358
753188
314403
312435
9133
372151
61131
364227
418536
203405
822728
946164
248704
963895
703180
451993
637012
8745
100380
976462
394469
415466
423228
775339
427534
9556
58409
606498
67985
863625
717632
949179
338571
274290
993532
880040
784906
671221
522141
217159
306613
410675
485347
10741
258857
732218
194105
955977
875237
232654
479279
597812
717403
380879
892896
590771
109799
252487
879667
552366
259611
107858
889404
258097
235257
970794
514370
586308
794682
967695
836508
554152
937547
133071
922932
339889
437527
65399
55277
568059
999807
200342
458977
700042
932199
505706
156035
104258
963434
791466
565348
723519
143917
286383
819089
432530
721105
117056
712025
300121
395842
195513
169387
827834
119916
510550
755742
616060
186638
119201
186763
423617
531687
542326
398357
927652
588684
731760
300105
594475
390299
929458
831840
12329
852234
560788
149985
113971
981913
337511
287651
130428
278310
168487
581809
656464
616159
924156
447814
28841
899025
8685
28535
755506
548511
221346
224816
33109
154191
39891
831958
30467
639999
471251
917836
191616
297013
103859
101137
772583
258707
723028
320647
784962
959145
404621
350415
187582
81381
182901
783759
610510
779621
58701
789973
313055
7021
979533
440661
217203
211700
796617
666062
250397
915673
169728
809227
418583
724979
924865
841222
644419
554886
949691
270119
651261
54289
623263
255850
981721
386052
341300
695454
856702
820750
995703
985353
994782
982933
560812
365801
480849
887807
801093
566741
276557
832685
412078
70338
280324
772040
285043
333666
269594
909683
651279
247079
178306
298208
650002
647014
190708
711550
529645
115030
86604
150096
600669
860535
952962
570073
188722
195023
377346
415860
388731
818959
468840
488384
567632
506965
933402
834104
667132
649547
209729
809376
277829
939436
980452
118683
314521
408551
92515
964186
29398
367068
473806
81839
303349
60227
748384
566143
335828
807916
612571
543382
300576
575137
683649
302997
222812
468455
366764
423302
720656
71843
13515
66704
436816
193242
340089
828678
468775
933137
51515
962073
746849
783315
783958
24110
688562
702801
558731
301386
879366
40547
12913
525610
962150
110381
598317
922544
946884
465245
242383
872823
473827
347344
747084
681415
556901
279444
785428
791588
834610
349832
769872
5889
997315
856608
913914
573266
976520
761093
502552
966463
835900
415449
537366
963316
691587
204696
812031
441941
944828
490842
793816
27151
841321
344373
321561
358346
419832
816895
616072
916154
69806
175472
898932
189781
302063
2854
425100
46239
964268
170883
886042
337953
162089
562289
977503
710392
735466
400902
530507
690121
790073
44802
302489
633746
78551
14773
385413
104732
276541
864510
52779
444877
147213
901998
203390
645209
168730
960330
74593
3481
326672
474287
696229
133876
552706
645904
283360
658425
652174
905884
739750
769935
44335
441915
730023
981763
819231
56054
497637
517761
184231
218742
851343
588446
337860
457764
242047
328722
662456
280688
275021
471619
476650
92717
435214
217788
239354
739738
28141
107388
235558
883900
865443
307243
924626
789670
764758
45992
157559
263323
898444
151357
894955
298442
958922
617204
703368
957623
764877
487939
509564
908219
970404
960482
817645
487586
135400
465598
499014
370162
47897
431558
40803
425931
437783
307618
857365
735594
220538
426883
993554
32327
11726
475093
95996
816799
118126
86033
545164
39564
757499
606064
730331
916239
604346
245242
326413
212208
944712
448252
901658
522556
187322
913304
130490
780270
692885
787639
628717
46376
235238
312153
997860
264864
94080
592204
521871
7960
160720
98043
912068
875653
456670
893790
935113
299025
889698
459279
855102
687932
631169
809853
980266
752861
253219
323065
422880
971719
212337
464750
840269
113479
272496
718125
781217
98249
582901
386214
98008
575322
85572
283444
548324
704136
111305
939599
731321
855461
670578
403109
51060
871467
304615
494338
509097
309945
525031
216235
64135
453115
81088
287115
59050
617577
86699
752645
970814
298790
591041
426664
857930
907080
407966
719104
932704
781111
328977
711241
662944
324462
69501
745791
963236
744543
574159
471377
204363
265331
538459
943539
599013
792623
919958
571091
723832
54066
262250
190435
909549
381211
67834
499669
892122
686407
325874
79653
790765
526327
488073
460880
908081
899537
341334
376994
462528
80317
308300
121517
196678
784560
844372
378325
165485
844293
600005
266121
680362
704839
977731
70028
523812
941131
302897
152305
135804
30522
575828
212901
501949
801133
317189
785190
312802
60529
463314
618834
701566
162922
445235
407962
213324
373203
622564
808277
357011
987107
151651
23473
570998
249099
664456
988676
36182
131740
285628
992640
573924
475334
589399
528581
757830
896892
572890
589137
764773
849907
301062
719187
421137
587528
307735
707613
630418
166401
721760
158519
174156
814571
551876
876047
853261
689635
889934
65999
10167
869873
570990
3591
383173
907215
986449
262345
435323
524743
819291
400916
583086
400826
674180
524904
714285
693437
99020
10488
267595
291165
38108
830078
192906
343747
640763
623912
123750
369075
750185
56560
207163
317102
131804
63369
7571
889400
787220
487669
753744
130292
887773
845300
953522
458795
481505
600022
833286
77675
223335
262066
503532
755852
901676
287983
240579
838350
268956
379967
554611
883358
356141
98476
775446
377655
939353
512458
556612
902821
281334
584780
163193
562469
791347
148019
543525
573353
111473
7521
356177
610808
951035
557644
617641
928753
219684
362830
353834
471407
737980
370393
151720
634248
25134
643655
251388
151216
726713
443535
718730
628731
975369
490196
516779
263552
31729
184087
195323
832409
977544
823501
716288
82310
392029
963276
485301
962097
627736
301982
211571
667404
20526
346168
739899
599190
788480
507717
794594
337149
414993
5211
30041
400478
935714
272463
6872
715240
648492
589860
635239
331998
469561
125598
902025
897211
133856
221429
531973
354223
979547
17893
333586
316680
593734
183970
57246
387372
284023
134249
980539
495490
238644
363314
560295
860593
210005
586626
319798
824128
275383
517148
490078
606941
284890
550295
388831
918649
417048
534155
975437
555280
262915
955237
270459
152966
601497
745306
740038
545837
997478
913336
565499
971940
566391
355864
503142
336089
323702
36656
38200
726766
487783
320261
607123
247865
273598
226365
110582
747238
877018
812754
843264
547576
854178
900451
624610
35884
793275
859621
416742
988286
725219
779830
390742
32453
257709
191122
765386
706489
175385
122270
843602
435989
510159
852386
812028
93591
343288
506132
826690
760805
274170
455887
827475
502154
846094
279267
931772
233053
563007
434822
496371
772034
131136
833191
873472
629130
492906
773923
780681
186294
621650
904401
515704
357785
829124
891128
872202
642587
99998
458400
528631
525529
888650
12421
299962
540842
903513
298536
955388
319741
411705
986113
876641
546718
714259
269775
538926
506519
426179
722255
969364
567475
846261
673291
986590
296606
133784
42569
512564
294504
163202
93796
144074
483816
805216
568953
328616
443709
519512
706872
390486
12720
444733
997914
84835
253045
583022
754929
73810
324752
279564
364955
390050
761941
549717
204432
969657
233096
612642
676379
120428
588770
798649
900838
829485
13557
477200
342189
239762
494695
184863
497685
849662
523546
841824
802197
469294
42348
705702
205650
2658
672154
488791
76809
971941
418495
341320
631590
512635
73915
192243
601073
306535
175150
578135
728872
593046
313188
115181
577767
181291
272651
827138
453060
356648
460511
296374
937079
758198
511590
189519
980342
499985
127383
93818
45728
69714
839766
468000
424015
543578
723034
66977
25040
449560
683248
520624
334575
440632
592728
256651
653931
264809
580557
359381
793544
56584
668259
9233
792900
701678
446600
781181
930081
563731
661996
730313
213793
468317
908221
778355
431696
53513
125131
72512
839483
900532
971147
64088
275326
401159
57911
389311
942587
257533
869202
851244
283239
81043
746890
135432
836670
695691
109686
781636
438743
520732
576190
414871
912018
226681
828505
441683
518445
624892
114097
62947
317942
236143
691236
682211
47899
558647
298404
10076
424285
206046
733630
424154
146467
884475
861560
138220
705771
162176
970067
764024
259227
344416
291311
800376
54517
585819
395214
341
295721
596711
651888
419038
359749
171965
267870
299109
574024
447293
952771
450294
60564
773310
904052
252597
217729
447990
231569
275923
265550
303427
396931
640429
338546
271828
773669
421313
960977
617718
593343
595341
993354
91775
585069
723654
928045
8209
126814
250802
898570
518667
195768
38562
403876
958482
858585
93200
772421
889143
40761
545169
52523
867462
926123
499126
537120
298282
167938
794757
771239
905920
756880
107023
300178
229686
628170
470190
900913
219039
983687
208221
136485
390167
84135
898932
415826
366478
381392
697918
74482
324594
511060
527992
197831
287613
809583
888745
206120
873240
61868
445913
619005
548651
380198
403567
956038
652930
766636
454570
51669
90781
187966
450748
861276
165588
692020
864702
653793
703717
808062
205972
186574
916764
684742
244383
285348
545693
334642
807512
659024
571921
673157
920143
717782
709995
716517
955521
313706
755030
697271
298319
122141
601789
256806
297505
29684
602358
104899
347734
51413
980236
150983
707302
882715
813607
115123
170327
141001
115034
327960
172121
213786
419081
373299
137790
238646
879157
414704
754392
4993
254502
426639
909937
377934
671348
980772
758369
896945
350897
719480
323344
551090
68790
362893
915593
470622
83081
749631
999670
524023
306984
945670
442622
834891
704884
878872
833592
812834
743165
910444
917386
322065
856422
939672
404386
773035
231989
137627
891792
115415
975226
336695
819775
944829
133848
193015
176335
651098
377205
976015
538768
814836
279034
582752
243292
58599
452935
616282
142673
466397
865783
470204
563497
474012
841546
706103
699257
145465
736245
778032
898691
660266
594755
724197
523255
985337
90534
436071
355533
123605
74462
638917
573880
572163
184773
134025
753991
387249
347700
303004
983709
408619
267286
407812
604683
656743
841159
962766
183495
87674
388712
701063
825036
873133
725570
743012
338573
738155
678740
388353
579798
39569
348027
154182
707842
603112
665340
505190
933971
548527
314097
316737
490545
317904
973966
404778
546754
547189
859600
160770
95522
619060
394305
501635
131327
627174
873706
623577
130644
622293
534485
245738
504256
38355
868925
946359
685826
353447
515412
664794
999828
256483
621873
535791
757345
317905
984853
584975
917923
512716
580632
410552
294045
762154
801013
95176
321714
348439
327918
256872
421601
339069
261981
577926
784670
967455
311129
147450
755790
876229
527169
691530
964830
157650
674856
745353
566783
934769
528285
307546
576258
310254
856085
706258
516237
855521
38712
657595
890936
642308
475525
569525
654407
391334
150114
391800
175491
28729
746308
102516
419895
120645
705015
813401
236164
24191
612426
253363
46242
908148
415579
903468
579379
467936
60091
762485
316037
672220
438013
813568
945381
586931
612064
528485
542810
941845
275158
591140
348485
412644
873200
973002
286035
217452
978409
376812
724508
935920
759372
784848
757979
885215
651842
842924
227402
640102
174652
401414
6170
922143
412473
691066
945740
239270
594164
131546
955119
425548
796974
705327
624694
260453
267475
892190
892085
182716
416268
389286
756792
258407
469728
553158
651904
452085
45767
944444
857435
226563
995533
199463
411103
494510
300704
969486
836355
37090
18934
60153
818905
853841
157789
465341
721324
826944
269984
571222
401330
69115
357715
926700
272366
708073
655484
864376
615845
80954
723742
236864
876730
899836
331107
651646
460200
18829
93861
565087
198044
380843
344665
318055
690349
421800
409048
66993
281145
873017
91723
391828
983197
470125
77107
630498
404112
147962
676563
774730
143133
930994
963066
26589
259963
880278
707057
111789
755338
231425
51965
924498
787628
111493
858193
597638
213694
774675
22611
830512
286002
709779
393673
662206
999754
635284
430816
651179
859315
339677
144601
535904
342972
499554
609360
199415
23537
668242
31338
217754
815192
274893
205595
373770
100935
619187
714386
501308
245344
191832
830017
547357
30827
603284
181452
679734
779406
323894
325709
1899
169131
687640
408130
609694
420950
676173
231316
498737
713074
975095
379461
125224
908455
57846
517493
206316
289793
364219
822288
555947
998888
331834
798935
321501
752824
699966
142154
505890
941629
753430
463727
38215
254156
710573
918850
117736
600448
195959
310585
267247
547792
660296
641907
193786
47370
711103
191164
728283
749678
61535
254335
180537
305705
345918
101193
934419
337517
345429
812342
548005
981865
384504
711930
766179
760490
603425
959182
631650
383374
848613
783476
517846
381856
416392
775529
997942
21141
620524
508583
461052
865122
793892
18580
734280
732984
167078
17994
220900
908893
472991
704580
402274
152744
669729
232289
792930
424473
591928
571032
594480
317203
283034
486969
500746
904375
231164
47900
790399
622365
876417
331240
562802
523889
755853
321282
197758
46248
134840
5903
132084
685726
901919
617960
954559
605454
737236
400474
556585
978989
181365
460310
82550
232163
371354
603707
148846
590951
342952
754814
806648
913333
593922
130292
629218
305263
795616
257916
385533
914830
246583
214476
678501
885507
574616
168790
226079
82158
38101
320854
296731
186553
943261
69947
486040
239443
815721
331439
502951
57413
456783
930757
21831
718066
388340
196415
327727
437103
398367
994552
242731
994557
293608
99252
494942
443615
285263
309058
509606
646556
895721
195916
238812
479379
52
563259
758906
879414
216396
264009
433496
968869
290167
179684
134415
572455
270490
862396
508990
845255
205839
795882
222123
737033
591054
551804
965185
616583
994567
65057
734199
900077
986386
357294
970066
111757
596734
557578
5761
965472
415302
316924
923878
416346
477794
786191
714740
481897
376889
421792
504755
520777
526451
576324
228832
961670
141613
59736
386802
80464
308934
394598
153144
105396
270870
471344
676510
952125
984959
800925
572687
577894
948059
429885
682996
979578
322261
175931
965914
522570
374675
576670
386609
77643
479761
363195
710960
481354
876745
383739
114070
782476
807374
682629
744076
860998
406265
602568
924327
852853
230586
984486
638537
269659
444432
362944
188583
61144
354643
943834
551461
446433
864878
966955
541916
948383
967979
766596
670654
647462
266279
362714
806353
320464
532836
806386
383255
781174
928957
869800
884047
110666
431796
563547
81235
938644
882535
171512
739618
4871
355554
362402
166136
449983
362318
392379
210650
868314
510726
197842
919214
562992
521866
621481
785414
591984
69644
904353
797437
694360
663144
927556
66426
955728
827953
714223
73490
362724
856871
356762
743306
936541
22532
908742
722553
12154
371957
83329
659532
95824
710630
356249
285348
280443
299638
955611
752922
36608
145098
747462
740834
134337
736957
556497
50189
164059
802677
298646
822696
401248
405777
629466
174658
519660
646974
304377
117451
895974
492841
984435
480600
143253
549455
817293
485700
635100
382256
618853
231344
984340
71905
748694
531434
160452
791425
111747
590635
796735
875779
933252
556602
957531
597995
480043
623471
270025
51860
90162
228242
702998
553069
315970
494370
505469
125764
791010
13937
546726
343802
254970
979500
695359
714775
574915
197945
823542
927862
145742
883641
480656
458593
98221
169517
509609
194999
649474
193781
367112
859146
517730
423794
173278
386821
598949
261069
866332
830666
727052
659409
374894
677722
764880
418932
87639
494062
946179
567859
346410
299042
660005
694171
201634
114513
415430
565219
852959
327164
569938
343542
24253
730531
368510
854544
874579
93366
794510
680126
172037
161317
959168
11655
938951
554772
399960
198441
992366
233706
4553
966140
727988
471497
727677
443956
835272
197400
254978
823938
58640
990971
673617
576793
322940
708964
180475
322254
767944
389059
135922
197720
215054
586969
581873
659895
911749
429546
78089
671346
228058
562577
321353
240568
800425
719021
744970
908968
641112
962489
255508
869804
643408
945594
154864
723200
638617
664337
115020
700177
646161
539440
395012
717056
215753
274793
562771
345669
943421
244322
89365
576305
555309
192805
121080
593931
840668
898004
987967
228892
396452
342586
74994
995079
726324
979580
600550
390224
14248
872622
296996
129085
448579
802562
488377
920473
300172
580827
538010
843157
707970
579583
57265
114506
646460
816939
463880
612058
151330
639489
798353
75444
558850
491101
924495
499317
626256
60549
41061
617132
158077
601086
49593
312758
899762
968763
870853
876040
459113
818929
228922
243595
614504
303750
642321
681378
837788
300327
324591
549639
548878
959545
41779
198099
617348
924967
594016
119900
413174
305946
967586
636216
291051
859655
798591
425824
991792
509794
817819
670449
501493
827568
156263
418316
924932
784058
566632
60060
249439
492317
466783
975415
17332
931646
293275
899742
374271
205468
614167
28447
802237
869502
671952
933978
749256
191051
871464
88352
502996
628152
658288
711926
841860
298267
491990
565754
85354
465823
962666
720349
982234
365393
246094
577038
171177
613846
295290
184056
513863
513279
295466
716705
67062
746869
585445
255987
854246
143439
867753
181720
582319
46594
635192
510398
511082
352824
110521
773562
463916
660025
461133
644809
518688
707718
855727
743537
851072
652421
495623
669317
519728
146966
648715
833864
844855
817091
907474
558889
571099
167382
473335
600429
533655
763269
847270
742123
739579
496649
777542
246448
786017
535757
988675
194947
619143
274433
305015
470978
561486
9485
988788
657579
362766
784867
503152
495095
862611
901357
364046
422432
885305
293414
329605
263428
665823
899845
334511
758881
410891
690067
701808
967360
8666
419102
82625
988207
69282
910598
487320
529382
73830
432500
504566
519308
185077
415723
54732
574225
555167
155702
608907
728763
549141
782977
346567
708543
244380
547972
728839
316229
120494
410202
60971
89807
794093
362288
268410
462194
406404
67480
882888
756610
387869
662205
349056
815180
107192
901873
742996
336828
251502
219362
270846
448927
481475
912812
685297
815619
639905
290504
532001
844411
974135
798113
406764
828927
487918
339399
790499
188080
849923
388605
351033
842424
211461
186221
778439
20752
613037
145787
231034
704603
540309
475062
741786
180272
504343
798123
471735
243573
996355
171988
926002
905638
122236
731118
109605
920181
761967
359528
700336
132876
472241
205495
171745
174126
962101
763782
874303
668155
927398
987275
557427
245714
367335
385077
963860
758353
929189
930945
794318
963447
30485
311212
825198
95915
452047
980355
166220
191254
696263
657430
650645
572778
828580
5067
111219
525190
254078
176014
433436
90674
167353
704038
260468
796421
795641
488291
669856
168806
185536
142836
981992
792815
547563
995733
846472
296749
499526
973413
981267
636164
492935
252565
981317
340912
892590
872124
122339
583462
842038
583816
744721
904472
871736
726544
576240
4888
366813
54788
393713
468308
495550
831814
133371
418623
891930
418450
972021
273297
133427
929623
93744
733412
112965
232810
158836
955071
549028
419856
199910
60720
566513
45881
962259
838482
755512
407180
288859
695599
772266
754269
999804
5502
107378
129980
344506
643405
211957
412519
908200
622394
393707
182175
361046
586459
708373
243032
409176
399998
294106
80969
968942
772618
821250
422308
783829
621572
554765
36448
7401
901230
60081
47409
178485
232777
410863
237273
220505
570876
176209
311960
293591
616077
454978
389247
55098
922699
781002
247395
769635
789646
525604
50348
166065
783639
473469
627661
340044
283281
736843
978830
676750
617017
151944
205508
166095
268953
808266
375779
732940
276527
889537
261546
799348
296877
522252
382908
416142
914778
751224
561935
203337
847510
524310
555645
468450
555130
305911
916792
258028
511837
177222
473947
482431
673524
444675
340507
78399
20113
852888
295708
681224
221388
940249
201440
595123
632127
204573
521498
151304
245930
253235
128161
812544
70712
541571
583168
863029
27545
395459
134570
517544
425742
54354
8330
22063
44483
656437
194105
468473
567702
77291
820169
499775
667126
967342
882878
543753
272870
755529
967197
390810
677537
709456
958812
532858
326616
94529
709688
199710
836567
562614
704038
481653
369925
998659
65057
354449
945994
208498
453602
530736
696523
769304
588782
832679
416080
456915
427785
441386
920839
406115
245064
523578
729890
344099
471812
828139
649563
334755
709674
219473
496151
757538
840112
687111
674536
851949
215074
184475
632429
80590
761434
431321
75540
339507
840078
806963
454528
91357
854020
371914
783686
531777
949280
137627
381520
828671
414621
546185
888356
75516
301146
479042
2879
902494
919948
358353
438299
968419
619090
736320
918288
456543
767782
349992
578583
571088
778287
73367
18985
713247
922547
688604
703685
395446
927081
610929
463505
333944
709484
676998
70232
88673
281420
619622
636146
318012
13439
66760
209089
995259
67381
468149
847703
359862
360521
132048
421365
108355
11603
225607
500335
874734
237658
560981
825643
692053
544487
3313
457864
344675
372724
722774
648283
798567
572548
15856
630612
56400
635788
309728
238143
489159
201231
56876
89895
857577
69063
619078
758549
696799
672959
692791
221942
648796
669118
116200
872858
767155
913373
115149
23640
364435
289530
584943
530768
409056
401925
834260
913673
335342
692919
489740
664184
332572
854051
838875
31330
894283
449317
236862
97112
243578
30519
271964
284513
862464
92770
662026
93111
571621
233040
134523
476135
736028
742656
546562
314011
943905
712724
955526
264245
715307
99909
525825
173073
920462
155894
389940
142893
825265
191589
33195
849637
596839
715262
2984
925206
526507
904010
151471
263653
290429
995013
647406
26520
966483
600396
640966
944353
589502
807605
789946
249147
155035
526841
799603
685485
408434
77772
44845
363884
743342
405838
136386
56734
80057
634521
199889
270520
465075
496890
500107
817160
707536
47613
105497
327439
716684
872930
730221
550982
49035
705900
891300
802817
130960
464855
635605
36465
953370
419241
203321
440900
792214
335521
598263
700327
457797
790028
406346
439915
912876
254455
759505
510341
179442
196735
853299
909808
197465
895236
2540
224173
231708
668668
143737
650026
634721
321507
279708
454081
629914
170384
444812
701783
822590
928676
206909
316901
427552
880027
795015
43219
795945
217284
659701
377024
90102
378957
416621
827487
263056
362040
81399
349947
338948
568042
99947
986394
849055
803618
248316
906048
888520
768007
462363
751755
583866
837593
167561
750651
543004
904010
268988
126868
176190
230566
942381
544028
136562
919917
317628
291264
910981
505665
102657
537299
351065
777274
375984
420150
989216
460247
306472
434770
623927
758928
387032
219074
291292
177607
171470
428622
925006
773532
359966
383122
732352
122207
710251
880574
644985
103393
896597
510710
446603
642275
403391
585498
943597
486832
811835
138976
633464
964103
300373
942108
301563
390192
669817
324769
597883
328943
980097
37378
142346
769046
763103
906226
372034
621109
821860
608585
397278
87277
980331
878183
152246
893731
695076
396787
771414
573904
590528
403517
441081
873204
4342
609730
661671
90026
295601
18253
523560
399575
233750
688954
396580
741180
799413
662486
10969
12139
498827
583010
775543
548503
524593
524215
71899
663364
783078
609027
84390
250781
188404
298673
908538
908964
920321
507559
63120
326660
645812
969705
821753
280194
906369
357530
72879
256146
449427
89059
417943
243846
462165
663852
580630
27681
717661
149640
169677
287370
286838
108333
907058
11932
283913
131680
258444
100058
124519
66735
823179
972352
856630
95640
754177
360180
984757
936200
882369
551004
896173
210429
128851
740169
666550
692812
5009
329744
508835
745471
316449
669049
69899
163542
935374
614673
883125
284206
490565
377306
1183
642559
746026
881763
342251
424896
786709
352050
179495
466341
501293
753181
926839
628872
171678
566776
661793
561638
443258
780904
598069
524096
552106
859734
408983
120545
932047
456640
534570
678528
278201
550697
474459
425595
98178
73649
297351
595907
209800
678783
925706
568855
703558
589722
72677
901801
115343
399511
35915
983197
875110
672429
850568
836335
659644
622564
3727
103987
518854
52268
244446
566904
641083
868234
774544
24518
870759
225005
397311
563591
294447
165855
964563
982594
604578
779031
607596
760386
511223
749355
1768
190741
504361
756962
139793
750768
498540
106472
274534
762480
820362
775258
932100
65851
169311
858817
87473
233605
357869
539612
830470
35631
143773
550870
149238
435465
816723
945047
23359
813176
207596
636663
999851
438003
715607
22860
197187
135271
715341
855844
435665
602939
504622
830862
585873
529966
220026
626131
706484
668187
603560
576195
691664
85662
210982
494121
831591
361105
199726
148512
625105
992880
24065
423807
961033
943835
25220
364463
341266
335417
246259
930398
856452
303032
257030
912396
991927
990771
116063
753603
779594
552045
164908
516387
707793
430458
611039
308635
506009
726205
104455
489716
570776
69900
815243
548039
650870
88624
931907
948623
180722
453192
968051
524249
681395
161804
683877
54872
196140
147695
899106
849685
780778
143838
710989
163395
161149
14822
902491
223856
550336
572594
146226
361048
900039
909041
345373
543572
157477
571606
859626
379056
229591
189881
984289
48026
803793
979355
969185
270965
440866
325959
404952
835021
708166
126163
3358
576678
824648
646022
793839
885165
642194
637267
504195
189264
137939
211204
552204
382121
362891
852658
418316
138709
12790
256560
798288
677475
549202
41992
575692
900456
867471
470237
24084
902640
620307
986480
65269
470031
545767
34046
738286
805269
305089
268933
684878
925663
273582
514599
203563
520906
688796
456872
240636
797251
83713
832402
154132
979578
712428
216312
280891
62133
791846
170647
817067
121921
154180
811608
895908
16771
711564
783281
551148
665900
777090
873452
458919
927883
411662
295424
394126
14396
243979
694427
136527
561982
499502
688705
960578
456099
337041
985230
159107
982688
614875
593687
700784
813700
61134
688559
307968
581830
42285
306373
333886
473270
780360
237547
614817
622294
315366
746289
402186
620930
729805
661488
372826
495754
208368
778979
72365
164640
815734
527535
316854
428077
854947
125379
22199
536446
724581
420826
793886
926363
684285
820317
420791
661944
645960
185190
918610
107077
458601
556000
935666
489440
878229
656394
787055
111018
959995
978394
416041
289847
700494
451966
221417
881055
397168
821245
301077
745457
48445
400060
548112
175752
213296
68509
730412
921653
568438
341186
406861
986843
198541
46960
672731
455514
517017
458638
444515
245347
29891
420108
907787
177643
997134
444000
266352
984699
184760
19435
713054
490889
858618
485355
325519
191739
255849
492464
586993
470405
96611
467365
664286
712198
248516
838808
786741
618443
826911
613194
633210
532221
752027
552230
966785
908010
83512
864799
117637
257966
407856
323428
687064
887037
113976
931203
26997
447056
160741
510295
782769
62314
197804
605999
347024
798598
713474
881981
668212
204127
154274
445496
275568
513883
252077
627599
134395
255317
575147
263369
267968
267846
58223
643070
374546
900623
808473
276011
459965
740581
976501
151670
386936
577625
602625
550335
478774
765123
466765
799263
522843
37130
80762
330624
218316
702483
667684
757529
57055
868932
133212
14660
38898
174068
44942
189757
181335
395441
624578
431993
837869
124717
878718
104033
559882
605061
378504
170217
532884
761199
82824
593938
588207
170176
877580
986488
932304
2840
495526
232728
616688
974955
377392
39522
985757
130156
129008
149623
162347
690455
544534
573696
647175
854171
642146
629162
476843
210723
318690
473473
99373
679808
346073
802024
975347
928309
788732
189555
553153
222
985493
801057
207539
712317
768523
831609
52038
905570
281465
331455
373712
479991
971066
747091
453904
789286
245190
196775
430432
575527
312885
163867
236231
924585
203619
149815
755179
584156
111533
858692
435235
441049
35863
445831
369707
584687
989775
415195
755057
462539
337292
384618
838732
539459
425169
343816
411596
935167
327694
584812
496044
889796
788901
725131
408548
490014
137546
313235
624987
598442
816323
678849
918266
203965
427151
312415
791068
589493
662243
830814
699553
716890
717775
179019
834018
998063
686720
862257
950910
571035
669022
842316
789395
861295
777877
871013
430281
580180
862130
357327
733320
454994
741539
46012
440778
986751
300001
655740
935754
151426
711593
792404
62940
355523
54373
546807
74134
142321
930410
501091
523500
384559
617563
366171
868698
447708
377578
299388
608314
253181
571454
728511
856053
61001
524209
748234
317142
261585
553520
838003
491962
896587
134534
552146
637412
386938
299314
88001
445357
41275
402612
621427
625624
647341
926055
546094
827075
169854
544904
165222
889146
120463
348436
377911
410726
421635
909584
640895
959587
397097
971298
863639
609839
198403
30813
871404
229246
166643
548378
435965
605226
800641
380993
525043
359687
624331
571047
301464
817045
616650
450001
824885
142478
908284
189655
921101
240288
585588
992420
352367
247413
885242
333274
513532
246125
917024
936914
68534
549549
221026
670529
554112
401
122297
420342
584888
275517
860860
527231
637357
461457
694323
577836
397439
545530
655866
257003
157842
169701
93903
706578
951214
177679
414840
608124
951095
364281
106708
425290
369027
691127
578812
518923
910685
397478
590805
299382
658966
200509
638197
976852
863490
631101
871151
907707
531862
940738
390141
581620
366620
528188
634313
729918
931216
957431
17240
229612
476635
953941
302227
587049
750761
318814
319219
210396
848297
733998
134473
606630
372832
447629
437544
990344
610347
527003
748208
938338
540303
72170
306359
125462
24574
280806
617109
801035
805097
599407
476876
551566
269948
546119
256914
649362
26171
642151
660413
822808
668023
580524
729802
256170
783596
430511
121610
642049
991866
358322
723754
143750
671870
533685
359901
844213
916685
125673
152744
222366
630541
122812
330314
641542
699439
260307
390533
58090
550348
617878
297357
709923
522715
792100
345868
544357
232653
591015
444752
15393
820037
997891
205650
823755
301495
112168
76516
395254
990492
847688
205686
938650
915983
675810
260996
900280
717575
445435
525280
760532
551602
673134
698199
266849
443114
352539
66691
587387
776150
962811
313389
355726
645920
462292
309852
385236
259342
71431
93886
559547
279936
958023
313522
285412
40453
779428
918960
601608
724761
74757
946070
273525
120639
952821
297232
116790
754935
440788
584354
848849
124317
883886
603925
400042
434334
402280
779900
116165
558935
602262
503393
759529
443915
622826
965969
280095
733057
140360
201665
610970
101304
898100
232604
115184
371272
538605
482858
624455
596055
108371
124830
499083
772980
763331
436604
436123
901459
221507
490597
775939
233126
762201
890496
643748
439380
41206
71
485104
772184
774480
476139
57106
207801
929805
317605
472938
743393
479515
31195
471030
693853
760668
973483
511692
94896
193279
621334
22211
486100
852778
270796
678450
666894
646867
658960
447376
292781
981614
204359
642427
326110
928192
262243
698708
922799
530515
480358
202503
863006
572162
432789
170280
20637
634804
367868
944697
172325
16997
657560
468808
631028
97184
663204
591477
939877
534665
217219
903122
940650
669398
324742
716643
291304
375902
308187
793284
877806
890058
886547
63146
224403
239976
17806
293377
963948
695838
408454
442485
556711
225787
226228
497357
567176
686185
134114
226929
698429
197631
121550
313548
881119
545331
475576
644108
363336
286381
676233
628294
651
587830
226912
382007
814932
292879
588793
438630
473053
13214
467452
20517
187850
844739
399328
562933
956963
873865
56634
514697
37419
767417
892070
722851
567521
793544
338000
752155
334418
47024
736992
456382
887001
619676
385856
274835
78261
269628
786507
975353
236677
941049
1107
103532
436386
130946
210703
419238
556825
719429
889119
820194
427908
185658
687422
831804
390916
60569
181699
106484
672604
820524
43092
740049
480237
469567
463592
459298
401994
497075
996022
532639
255159
491250
892799
650287
109571
309628
526197
380291
640767
350816
865479
109023
687258
274887
521482
914041
306586
819883
321093
208442
549625
346853
340377
251361
514074
33315
671627
108359
714854
542775
469552
811325
91016
248845
297716
728017
711169
8245
275078
275376
606632
147486
11491
506277
380674
393828
567678
475519
16761
84160
362249
6033
59197
510366
745891
932051
779892
783308
483678
165414
418911
606542
473195
591797
317706
709070
854821
624375
566511
842992
399030
584336
277993
191748
738410
835671
330576
164181
325454
529779
346357
861150
269764
803870
40571
315740
161511
157708
705872
138111
881941
346660
784199
403450
232157
65005
293972
542202
982150
310980
783459
670579
744186
364233
708885
90197
599054
4250
590104
298142
456111
969207
109537
120777
936938
101317
641609
432804
338007
245998
760833
654847
283939
990757
547571
18496
769081
842951
103671
796500
637517
607965
78511
959680
219781
192830
945792
292629
235652
785170
40813
79170
931731
101169
783761
760579
863342
584297
265081
731959
174761
918046
71772
393744
303101
726540
170168
220004
122611
841449
853898
28896
933612
536614
791656
893083
736330
66963
776127
682952
941119
191330
323685
812678
402544
861891
576538
213202
401093
176111
378400
970268
186256
905729
964212
523703
189911
406270
266408
261033
975424
875061
491422
341090
865688
954754
28003
491402
992191
735980
205029
536755
477492
985454
8786
446318
877369
580755
332367
52217
239331
372730
935506
755542
687872
544825
716253
328951
303012
726110
109848
557780
662482
444433
108233
990559
508100
962005
242866
532879
105048
957357
49479
881689
958743
460891
614602
807358
589794
520451
283333
207293
261179
891823
113123
890024
632109
612204
620972
711444
450201
439185
859612
503146
7007
915679
347166
227098
61797
391556
535402
43824
510023
318202
391544
773566
441691
260749
251551
362489
177439
385785
319759
726752
253378
286129
110119
377623
647755
501692
393332
159762
553706
961530
863687
59180
569370
892165
551346
736984
985135
718963
159
970670
800833
815415
952716
877159
97653
500455
762343
111076
46949
91992
293825
600424
439339
256101
392050
261671
860303
774799
434506
893622
54538
185086
682799
1057
305463
847526
693592
378075
106453
573829
107301
455376
92283
616200
909144
413655
288409
445005
806644
33539
117478
632516
621232
31769
446635
992302
318936
806107
235436
952007
662721
664195
124782
683585
674791
423563
56234
49189
565989
587945
591052
537694
755215
906905
652840
28177
627951
27282
444922
907876
122459
738586
135448
624544
366768
580981
483446
249777
799981
278265
318230
162570
495854
508029
135306
609125
332290
415472
479399
226792
618604
337669
569800
126564
286387
512524
895036
649846
328102
600348
915789
400848
150064
534765
465902
855890
948051
913986
531200
870418
913284
722243
946369
714747
269731
509608
480465
530705
115478
545490
746914
982034
123777
20276
40380
575992
757412
643310
988779
312412
211408
176762
331014
194804
799943
733567
455132
705853
519407
102275
229820
553652
970739
882942
875425
295613
324535
484809
592824
316263
136245
934325
299088
557895
54969
237689
462877
359872
74165
666755
708585
522085
387266
62895
641176
458485
165044
958613
655446
502021
457560
44989
230111
591483
966156
924461
927210
254838
526907
901923
314867
152907
788404
654687
299044
734827
709415
555032
562591
282848
446523
653582
543978
857270
947406
651391
319096
628342
762570
620979
202960
554829
363937
761970
787804
917260
148453
946326
435729
903561
427461
363835
107893
545250
163880
815506
594770
86306
528991
669781
343541
568059
257291
8021
207331
898931
768971
611631
818649
274588
850911
400605
639295
938747
332318
70696
373800
987979
363600
777723
281608
446298
984809
138451
323571
804752
996707
810579
28686
975823
762998
515573
989076
420406
54455
508634
921223
886912
853130
966657
999857
492682
210693
410198
755477
271346
765795
970658
911607
78427
37986
53217
322245
542412
696058
701233
607009
746104
909370
833190
542220
298776
681984
362618
195184
36085
153876
690850
972426
589314
490146
602172
909234
980325
978
365220
363400
206294
197446
378917
547325
892512
446895
566476
214203
238981
522764
97049
748018
711103
154241
685967
824128
514848
829712
721963
554428
153050
881654
254513
757984
930523
25380
80225
657232
770705
497816
403657
736651
604107
987352
671220
726701
37376
75339
905472
729438
762152
125236
59405
565787
864968
75595
562385
204767
908939
695354
344457
372589
531404
230705
231370
385341
734193
869990
819574
356608
233009
620524
493641
880786
220597
343471
90643
510396
331036
362122
849344
45538
130841
343237
432659
921615
336503
197550
901489
479643
207997
842066
507226
405111
941997
738777
144882
379029
708518
530811
711549
903158
565673
209507
909098
440273
138488
669790
830982
392541
70938
470848
14033
366268
563516
534099
188078
634244
565298
999869
50739
626090
262874
652013
362145
738829
634017
944193
609837
974109
95519
564792
586237
817382
171358
477327
260526
532989
298488
434554
85778
422917
488862
927808
939447
614238
707317
706291
840994
72300
590874
770635
551131
351103
765959
462367
604514
429988
278093
899519
695359
319943
628033
487216
499703
634179
524659
374853
273691
606920
191769
653206
772090
570792
264843
803168
680118
486590
758376
477689
76276
198395
869014
146798
812205
146766
935718
703291
720098
803887
904725
713893
342188
532361
52590
957304
453297
811330
274382
647001
927219
355240
135552
538567
219906
137657
194758
275378
914
1039
822713
247543
62311
126822
291655
829688
729452
980620
302428
74069
486947
92580
318236
800457
608759
74390
443660
179235
999406
793558
34768
254494
403514
555472
742799
700320
470894
313517
400563
287948
10830
437637
684684
774916
555071
296417
537748
373950
338781
689835
395405
139457
88300
152437
506055
570685
840742
789154
632829
384325
115762
758901
411295
354410
947638
483380
524075
995381
575491
716664
210548
458624
401839
287252
332357
970801
788800
706080
144031
151444
347972
977633
498717
964180
996606
585174
458105
350166
218427
973921
494759
12275
580674
102416
453791
326608
506793
283656
134456
58395
113796
273229
131312
629987
158521
497648
308680
129428
58671
954774
488524
552078
770597
433632
439216
782114
468639
356988
112342
741289
743930
171720
733613
686144
682209
373278
89395
326243
761432
366272
170842
254181
34934
884001
391625
286921
389104
438862
48505
758785
541007
220280
461248
163392
371523
901726
861291
991038
844434
370203
644995
207368
606249
226121
558962
690176
715731
178129
982848
849464
387911
825041
745142
506535
752923
914664
127075
517382
45527
486305
230716
399370
936293
813497
498590
736126
698532
741070
533936
861948
293787
598439
272484
620040
18826
766170
894876
274056
495260
374302
729449
276132
359930
332782
91502
999926
175481
251285
718371
258286
313971
806812
763382
656645
767987
671502
853963
677596
474570
401893
111844
57585
79166
43475
176028
962684
787810
405422
445774
492716
587777
392824
606163
7481
899764
575050
400359
659430
989331
401245
574189
731861
927112
442293
947529
25478
20479
622379
264811
396462
608826
541589
510572
218352
168064
321044
610896
95226
516341
371129
328172
937983
110405
171412
557281
580812
370170
611419
170182
667081
649518
159412
263908
134415
81434
851040
979610
91808
432844
876227
241441
979079
953975
808468
219370
520973
845412
617373
850916
642261
539527
331183
10137
325909
636076
799014
352696
830065
495952
389780
818733
658358
370509
32333
480428
933807
792621
524623
214349
460903
615391
804299
399378
880765
813062
165780
679044
271837
191791
176547
350330
811744
364635
618501
882043
106754
309243
835746
817211
507068
911738
122794
877442
406014
304948
580509
418282
550155
954116
800823
511559
997424
920122
107831
282721
850530
610796
563275
48412
891315
45347
224026
511993
82289
391031
300333
553269
545115
455605
246267
879631
14081
523068
719247
314471
314871
978919
485976
949122
965365
702948
882957
532650
439246
421411
111483
780082
968843
798123
920108
748376
30884
960326
388277
352771
173850
233437
416093
845611
979316
918238
557605
209239
629716
324505
241081
22658
305844
790954
152433
663447
428483
939665
636996
670172
192278
363166
28234
129643
853453
986631
69739
165658
15811
387676
591274
840700
305265
226833
739976
512641
361632
18554
48662
508536
166280
383894
415322
919797
543626
924162
932573
291470
442695
933519
366160
155967
597147
650797
865240
771501
461882
316230
565245
715912
420645
597543
920746
900425
898696
18329
163042
139419
428723
531086
327680
7830
800371
349047
942760
213798
586316
1970
953360
990218
815446
787425
559525
57080
278770
776982
137627
83487
127399
470890
832148
131908
552028
242093
454956
221198
538228
438775
116447
219101
473026
897565
843288
99732
302183
153280
90454
345591
247887
189695
535805
977072
702788
602636
69047
482988
516845
275868
968517
284386
93544
476728
763430
12980
933503
594801
618274
347630
277257
846896
32371
926251
456928
36587
652689
208214
339962
145268
630041
900686
595174
876204
179993
447779
487909
535892
711546
360445
797347
676484
349834
671581
929296
246260
596646
664955
828448
11831
391169
827725
298139
334920
395155
746921
113441
712701
934112
732161
313982
32216
281891
911054
10534
964925
308119
520776
268365
523581
331811
223441
123301
435536
338400
738673
795637
192418
298632
652284
699603
520836
665468
290832
404286
955779
928241
511099
389658
631894
494777
805241
683912
149232
184938
60250
807265
614134
762093
851522
112080
865675
323364
603467
317257
918470
798329
464005
174506
719557
199616
189725
124972
213595
388616
648283
315461
66533
207811
445445
458462
580154
55823
450401
825708
123776
421408
246168
172334
201051
386188
724086
20161
58433
28595
49358
403171
810857
209545
995515
900098
849634
683970
664449
911936
118912
369561
995025
828230
504049
993980
661099
974914
157613
212631
812318
930942
833612
985467
497963
465630
702513
717099
459912
76726
905124
727363
100288
430918
61694
120710
473783
234323
143613
483202
161227
308002
42872
422690
895575
295956
229740
505040
80017
966297
301044
910468
653651
370258
694423
290414
897783
846535
684987
144572
238427
338242
842808
341448
19140
576454
871496
824866
447646
146479
143578
705461
405473
187751
791237
493528
691088
941250
224794
860211
829083
901431
238418
791756
765733
197372
855398
668845
791264
838781
874686
990132
104019
393528
227009
309239
897277
521080
532427
973841
715412
186155
822653
918222
389222
787362
326509
351407
223457
520678
50686
14490
556398
491761
133707
58657
2807
470032
175421
345965
872009
738963
820668
180294
97429
114221
701634
274370
3345
655407
476747
382665
725948
109404
973865
320321
316862
735464
437940
714842
260397
821906
463966
345655
215340
122651
425380
527415
936366
875041
74528
20320
783768
283485
458171
164904
991749
755765
977729
232031
568867
13375
144589
158268
732410
967316
541411
679746
684749
409548
215388
231310
461465
447707
310780
151616
352570
918343
175263
845188
714797
555781
682322
303228
949424
871728
477503
201035
571078
52645
762880
652737
817879
227197
896532
83614
113395
529640
956271
811717
942199
392482
650603
667711
888456
497813
992029
479784
216637
117003
627459
964026
92185
276494
927065
831027
884981
14943
11402
496486
611900
729551
164868
63772
884304
950716
39844
809764
93899
236203
414224
659006
893920
254591
427876
373472
991327
537620
142852
219619
952279
981307
359377
64781
629717
305426
307255
236027
420235
177854
578914
267883
858061
523144
147856
960932
424308
885457
154242
336066
346277
385267
158220
559714
494508
82998
391180
307174
974977
464748
399095
10853
680749
986410
479311
385330
549894
118371
185649
659463
724566
525858
929482
396751
796570
619747
946474
341453
279910
405903
531312
781932
114918
333331
154085
666339
253567
205724
233381
499332
772371
113393
861752
545698
567716
641580
645056
498717
246992
853782
282122
417484
755770
483166
594502
392645
747145
570934
663252
501835
288522
173003
207796
963093
933489
29983
319648
937847
65597
146692
861942
46000
947577
240182
197452
588623
228126
491094
481896
462914
64790
457471
107208
398460
710235
680199
855451
143554
883390
723156
693139
940499
431172
346904
720082
128626
964011
466090
630849
250321
683210
939010
404928
22172
41622
894993
920567
939166
798529
748795
756235
420500
83388
324146
627181
711437
85469
810032
419468
71482
567708
478096
396778
558040
355576
271562
681484
731382
666871
38794
330315
727781
451594
505643
442568
409660
462734
75157
311357
46917
215535
791791
144814
488200
205991
915971
418878
229425
972901
259630
27869
140704
552456
132480
51807
380558
819658
856694
564392
712023
805242
797137
398468
126184
947937
398354
944531
428421
401158
666517
483041
118583
129038
58887
596052
841617
385595
361606
539710
638558
479381
166484
674003
173097
560230
614006
634676
260457
215582
817135
239786
783750
649623
539092
225198
888524
653171
734860
850980
980459
543074
798694
568552
393576
217792
840855
385089
344548
504475
293902
272947
512903
182738
864502
950257
16137
148632
182280
298734
936797
112344
191305
303380
877818
614899
952743
511374
769479
175845
912492
810304
366370
972613
36253
187030
878989
329067
155314
695546
857141
877228
857393
751711
444193
330496
591785
775483
116083
84997
156680
199185
40414
656860
168025
28332
942565
581169
379934
887272
680203
893849
3718
240489
728925
454740
820556
866479
253080
314993
349932
927682
866616
537425
117953
392839
33694
687107
685760
447797
911133
358415
445707
47009
654817
568462
708787
784437
452284
516278
853005
244479
102670
730036
444527
900005
703889
677298
812936
876983
260863
627576
306585
16925
51552
82414
158612
693103
553459
379072
105615
463332
47992
283482
234085
526113
174680
737171
511082
887667
335026
494694
139528
784728
658755
894746
404666
749624
765169
553796
103013
405617
696436
897827
890190
962447
685090
818089
995772
835291
502421
584793
213163
144010
967483
757707
987690
406743
752825
964429
734482
79723
28476
370916
994723
782199
281567
49648
999804
487268
908018
1709
122103
240034
8237
502485
63903
496925
69809
363683
730638
623950
250103
705971
109928
678446
346263
28870
452718
391301
44791
78689
2367
921568
987470
881940
69041
513696
574228
151064
603784
726639
379400
552594
552593
211982
876573
82164
667230
253770
778818
171011
939295
394509
124237
187507
199960
259281
391235
714158
136196
950767
960134
938739
780870
620758
770524
404251
925320
582167
705496
681912
68211
979676
844519
699350
909705
214905
446777
498019
860514
690011
895817
52779
494209
23132
487883
113275
629010
313529
957361
780199
198978
697307
940251
615656
517115
34385
708825
139869
325563
662815
590941
981362
460368
86576
51458
9886
635570
981478
600051
256198
814076
55698
61369
912767
395464
40767
423973
254193
629287
763945
550870
225814
895482
649355
46696
109666
572913
524054
990714
505981
398365
806077
996505
446764
806579
129517
931982
781709
865695
853466
232768
789057
932930
537205
550856
164964
196938
913338
794896
408503
773293
350693
639526
823775
393218
810884
26979
180230
499516
822952
910386
404576
755843
646837
443967
480456
870257
277593
265854
306312
576934
409625
253333
367672
456968
479751
191335
838205
344090
713552
942206
259763
453368
16754
397332
16229
40940
995978
419774
645625
558768
983883
597494
113897
72961
39691
751363
210732
771869
500983
683207
380147
669465
536871
456677
805710
564000
234765
179277
304367
106700
638726
245029
461639
368410
353619
141845
385485
180110
836769
441391
959261
585314
241284
263802
256125
838380
345730
499226
892282
225355
830796
263133
523505
234061
843144
116324
147433
266529
700937
900716
241118
103091
887520
351288
338521
269034
627084
820381
180346
790522
265612
9769
124696
676966
888790
28849
772415
796630
400096
360694
727960
779984
939099
52083
27750
720662
546239
101254
408684
844060
842945
5112
152813
124965
833634
751275
198475
677177
863329
156127
614033
293701
566161
967969
887372
128015
717957
746320
876052
78163
196455
971917
788264
449727
231912
564030
579639
488456
253393
514111
622139
716327
34680
96103
707712
200884
107471
958642
327427
864157
867927
294096
537781
576003
415026
543305
879519
641649
374421
925771
725535
275449
448476
437394
286736
929837
844151
265842
328456
577399
569666
468676
935546
655830
798387
159595
116988
123893
942060
680898
530276
221418
599473
172387
435083
104072
975987
424214
878259
530593
242507
73301
944965
919515
573890
891961
116595
684589
565773
528066
366716
410295
727894
905031
112334
957628
368309
928888
264645
890749
426942
982861
484049
85938
763571
909646
406070
521639
984794
654525
147694
935218
796330
258403
831657
935245
170015
861238
677876
720340
251629
495524
915319
847132
498384
896830
19801
595629
781058
830532
977342
866910
509958
955977
23536
794828
179682
787011
276315
658806
984617
47345
861490
127992
93814
968937
509168
300898
559029
580605
802297
647989
646171
103177
144287
908345
636534
741532
36032
754366
45214
89217
496076
248685
554187
380585
206244
194569
695361
377078
859294
957256
355878
932710
93093
351752
991924
774042
767549
849904
79433
47234
681189
816292
11995
815592
894165
562916
126538
346517
895335
314562
550222
929763
473298
185726
413839
926753
538769
961215
546324
267356
728802
471472
692947
137424
337386
711605
668326
824235
234549
211465
643487
677818
374812
479862
500274
93427
418560
636335
897617
365469
583218
165133
5461
134368
917173
462308
647063
348069
622747
407938
394719
316265
726795
671428
844404
873508
214436
215124
929682
446864
299452
926146
426362
633944
742978
390846
579747
132574
576385
234352
336334
892265
506373
665204
36855
984362
530456
28277
894887
148585
256549
940005
362279
601745
948478
403030
881935
734932
671993
637240
597436
807676
916917
667567
304927
106000
891642
941648
723954
748575
594303
351993
402247
127147
326661
252682
928121
622645
865696
219588
168131
340834
407509
578876
159919
386055
979167
584635
216422
504854
690188
213301
327398
85988
679813
573669
75411
559062
204330
665921
836900
50024
631707
416607
925182
665817
521044
235556
405086
931446
620336
893924
13039
578882
992718
748188
277627
289535
575697
94023
28222
489372
328385
156832
121302
199611
59471
429365
322583
741086
856821
454117
191676
740909
595772
630646
989496
924326
605527
860565
146410
118177
617325
223211
872302
931519
693876
965336
656335
415151
83257
358734
557211
210844
463548
874637
526864
559735
176567
631734
486066
71324
269503
512847
271038
859107
111876
117650
81720
474310
183155
819314
370081
914730
376570
237675
4677
63180
482603
860356
550896
714697
427578
685924
27137
562313
517920
202830
627926
277450
124962
202811
676263
52677
755564
38803
604591
947582
325847
449735
710724
161197
427082
260686
499144
66628
986364
772089
534584
505949
212503
100405
875041
305794
162680
779229
11507
583128
845523
594938
821230
145512
277108
166680
301881
900747
943328
185541
958865
727154
828890
527337
471134
518288
132993
658941
550370
272100
16599
65449
478538
822950
954396
157886
573927
128653
159385
446093
401078
303227
591608
527138
736091
875526
273232
712544
669101
164132
427135
679418
556714
234674
930672
676940
932107
61921
592125
122708
536755
574526
731950
115664
65089
379164
849246
435124
158532
357407
996542
590216
878286
437544
341747
371932
587873
561304
861275
369257
72199
110467
774125
793798
584190
979123
87806
715523
936655
333462
928
657766
76607
41285
314149
531071
933471
134449
704257
265386
202238
249324
215054
747297
895167
279889
498600
776379
994501
44818
518712
31237
921226
169116
694159
456060
824847
14057
582376
814756
406190
306017
789456
838023
81867
26798
933281
744525
76713
298715
590313
819509
966553
395751
987178
618478
190924
570860
95483
155924
390282
508327
277964
446794
164923
41508
16583
163824
65187
478919
904913
135681
392107
636088
904623
913932
103962
238316
795462
436877
761571
623757
313403
274408
54423
116614
648633
950849
878395
375916
403024
758202
353716
387340
595322
943370
881503
417165
960954
99382
562109
220226
969182
877615
181643
116431
44899
296393
242544
156980
588599
937491
709264
204411
756569
985303
94590
936506
482461
932015
488398
839366
874507
260674
401799
444340
678183
778714
648312
841037
632844
569699
346914
718093
449650
548483
199826
104664
849870
125264
228114
588666
355480
23474
89525
687449
63144
854423
100689
269754
463802
127948
132042
464876
851601
840127
476296
875924
888503
598158
563018
153814
748193
513803
493204
641694
369009
296527
867588
153096
557590
17143
649283
857522
248591
408512
938966
55195
788620
768827
730580
539896
354549
189613
588210
239187
223236
455877
634874
933536
800781
164986
43675
214366
229918
433857
384857
808166
488257
750888
354085
999828
2334
446802
223111
612943
294013
630415
876407
947702
410154
202007
220428
991784
111729
717348
574412
249648
230409
23081
48674
544908
107341
33394
731245
515288
934949
975385
784372
639644
848707
21666
252472
375535
825417
20468
759138
475462
422601
46517
660764
363420
739300
335552
866172
617984
645779
959429
779290
275766
838596
734334
721090
579915
727196
592650
334533
178681
802587
251304
32106
23730
83870
757905
600834
106124
281149
604785
715545
67146
641044
809540
111304
61955
594271
409994
532584
163314
23359
504870
307425
743769
641625
434905
898528
19026
893022
570197
897703
877747
551525
913217
947774
770205
14067
783305
375623
129186
804893
380318
867247
979024
888453
820497
288705
214494
669760
112071
193364
694642
921944
424858
722277
236941
882221
15437
882239
766164
794550
324201
559254
73212
896293
999224
379188
922128
814697
822557
362955
642786
856141
946958
664233
221132
483773
276528
169289
338081
404649
642126
145989
281526
496258
441141
17769
819910
69410
309230
884964
913222
265480
176792
315352
175558
796032
947234
35024
179520
147106
321763
404305
782529
811121
739414
603721
929713
389539
261173
31012
542977
563648
301552
675838
856559
594595
928586
835187
886009
98141
719569
870417
681692
543161
922296
143791
54791
124571
901138
350359
112033
248642
843117
118174
463668
646764
912841
325269
655156
1049
217012
718168
834928
980327
309443
329667
88468
870620
977391
347077
949400
547523
155401
855820
685129
490029
539675
230432
476018
19992
280605
250700
33255
567086
4625
447094
104301
321380
120315
752400
907081
202819
107904
748647
443108
883268
590235
736473
820439
114259
387574
99044
894873
899510
278827
295385
417794
18631
498198
39919
366203
557405
29270
817971
213061
321545
608545
131549
193506
397628
276801
440831
763811
15878
463599
299926
686607
899961
921354
4995
750125
157932
108660
2195
525231
583387
995530
345082
194939
814892
201917
521567
6743
584845
610194
436753
169840
25976
733106
140055
93382
715032
247662
456868
222648
545030
597588
521257
219431
192876
855655
635909
93130
936458
127997
636312
311630
260823
871482
273781
704807
912127
576420
479669
57208
496843
326884
907880
817115
102687
12952
444391
235085
951964
392855
946053
196281
386150
609218
561060
977567
207871
69251
76067
873697
56914
902373
867189
827050
551180
276240
722957
914171
14245
376159
791541
53972
40317
228064
395134
206395
360353
850151
234642
130540
786220
552015
297381
119197
431562
755279
182154
373740
587480
131316
754722
296999
587559
558400
709295
317304
997408
739935
14663
749099
87937
52290
789987
576478
639877
952475
888343
189828
496610
461107
963036
130965
232492
630507
448713
749270
168151
925965
26785
325056
245594
19406
245445
297680
291310
348770
437194
53290
374069
847548
86053
645610
383928
824737
780931
666377
239113
92008
114037
515561
595975
755920
958409
550142
258304
299325
755060
710168
308145
555729
756907
430225
992552
605795
877328
620943
274507
713759
73097
820790
432177
667002
694189
261101
498285
831120
405336
169036
112236
560283
766302
6431
652340
439186
738652
214361
60492
426780
612522
25
879931
187567
589548
496017
903400
405706
602696
465433
334944
114955
57778
126095
691831
198189
763746
22952
575365
996258
619944
360600
773458
348745
865046
73242
923276
106764
344731
82780
38388
238489
514287
437131
684250
890427
125674
213302
785597
845588
699632
822177
241556
670457
264903
571881
449642
486634
266633
485070
452708
11245
489588
693666
824030
419014
336351
827725
956084
113044
634312
392570
492957
496586
476744
457442
341233
879113
574119
731379
742731
662487
665612
891676
491337
202559
715085
948920
252208
594565
950181
5268
849453
387
532931
50527
831606
15460
203903
628205
961999
205244
302631
587048
957225
570755
766840
332755
990244
470957
752681
381884
935797
954279
723936
517182
187235
897583
698760
981680
937196
400144
211706
67054
241988
748665
559640
343938
245373
434169
100601
545070
731330
91738
510142
474264
383485
12119
581315
904210
678681
277691
418865
137478
989537
811927
710577
826939
458695
829151
500667
371526
336705
606945
854348
536719
103246
166115
381110
978302
859863
310233
776785
873411
27568
842816
237391
815744
314621
888154
125294
56595
436274
603270
90374
449027
916466
118971
188290
376262
715737
413729
631275
912044
966485
679692
956576
695660
280175
796373
528994
723786
634664
459543
26764
598177
424318
447491
148576
145682
461262
234913
446524
322441
5651
338532
31723
719465
882188
318568
555607
498580
635004
925834
594396
320216
926475
990244
655673
430009
898378
660259
527136
450839
226324
108103
62893
324732
170255
529783
862195
922180
812114
786623
250737
579753
225697
283815
116131
123434
939347
27633
670517
639960
175573
847406
129042
335933
107335
275389
914075
842665
372228
496353
975092
761306
941567
643134
758904
194631
45960
541168
50508
105161
633774
789896
21713
43047
71167
99236
664243
63612
955691
36778
665247
418951
843079
309537
52881
955599
837229
468396
912267
120753
294976
820259
217761
479944
141069
915215
955249
234103
634317
596162
44209
386453
938311
578961
89761
380726
508626
748336
445535
521874
707000
124648
177625
120853
303734
852023
161692
352322
801889
195204
744651
629253
81506
93437
408364
526163
777122
447759
568285
785856
164545
882177
716836
813853
840319
137390
939492
864139
263357
856797
140202
596193
98718
807102
224487
499061
959240
307972
17849
28299
208711
324249
807393
390872
7440
547202
157529
744305
930914
713873
761471
275477
220744
130753
939818
812627
61627
198833
80478
871897
984357
826176
61850
768859
454337
802689
106126
945436
740766
940827
376553
588380
936706
435648
5585
243039
870059
567240
928556
950613
222065
771497
887707
28459
573127
212117
702791
372077
96544
105329
608147
425878
451118
666477
340657
491254
579653
178244
920081
516798
896543
771858
213683
843947
316024
507533
685085
897485
111002
347745
633257
553203
897651
96748
42742
101685
906466
791123
968063
145886
106512
655551
778504
951668
531323
198200
785588
983588
344718
400092
524212
297743
514860
643707
31642
439851
507788
587154
252875
676951
109822
589731
588435
872384
858892
193773
455123
485673
24060
73805
575893
913754
540721
488625
822144
619751
762097
391477
723431
285787
943553
261596
239931
70530
975276
441708
963041
328016
349987
966566
620191
121777
390270
501664
894959
517614
236512
370113
323702
386680
530681
98969
302158
178837
420710
679898
772095
9252
67699
591031
164045
105102
318720
650904
390251
452107
266049
567607
799565
280462
869087
506586
883227
306319
997436
648045
857345
497523
903764
837627
589795
363225
121854
702153
261166
355395
318226
3087
563658
737951
715237
459988
648108
398513
681904
711397
127047
240096
615311
152817
458914
765338
421221
916292
728517
57956
271260
845598
891341
255745
119882
978927
673247
607870
155887
442866
101113
510488
611547
404387
49956
898507
955884
195038
748102
170105
232053
391382
93139
709555
504827
360558
122212
378726
721113
180791
43168
853221
339971
292935
792150
668750
562151
939378
626797
985308
864943
269608
289971
565065
336931
44843
354897
75422
707884
74923
539231
584984
420468
772031
922644
216824
513832
9282
391254
57704
664095
977224
929648
518405
493524
231484
72418
322317
972047
351896
221649
281126
463331
82751
128607
310729
285840
267258
174549
586441
572232
633101
723581
330884
446159
817269
928973
688741
61819
932161
305533
914579
552219
140938
245562
803513
211572
421649
177203
168243
771751
870963
934992
206866
280366
67915
821634
722380
860805
869732
834165
337411
373797
294553
953123
681840
847211
549068
794626
869868
530456
363519
608029
819675
498994
218002
64321
597173
718599
986713
285069
655922
196625
486617
483181
550353
372213
476256
824544
537478
46246
467262
875380
868862
518758
120419
929876
907664
224301
964822
899576
553217
88226
257552
419834
670708
885382
100595
373385
596652
997360
333610
953462
146048
430771
484126
126060
696794
125595
560785
183165
294699
621590
159963
333655
532399
361136
467711
64661
803736
125623
347434
487921
52634
639485
150343
483672
312594
863612
552513
366358
102483
493012
179798
317488
766479
774895
183637
66001
164319
726021
508660
214812
992047
522043
158544
29536
858825
385639
240513
233129
664700
547631
579097
349235
560553
829071
823354
332602
692905
494008
79185
717933
235486
759190
271475
649345
648341
817258
423634
199841
608405
879510
176667
149058
753415
56120
912624
197333
605121
432301
88957
992278
829425
629879
102521
429378
878242
138617
157371
223845
249518
864223
975222
838225
860161
114906
789651
569258
957125
185993
308010
802015
291695
169907
561052
659251
180006
590961
32783
447737
411403
737449
297799
737630
604457
834869
467614
152224
966010
751009
140768
317917
337684
906899
814597
175366
283311
21382
734987
518962
434835
591918
664240
658703
571746
186048
717705
706483
644799
676170
264514
133265
587674
983741
426547
961158
889562
518219
9242
219923
833189
728555
649979
590182
569167
199738
700113
464785
371612
306171
745775
337628
737140
779775
216120
682229
788770
964384
965751
986886
206472
151783
321308
113055
288547
650189
802708
64338
534583
402079
143172
25950
346199
639162
449697
216643
641747
849526
177518
477685
215486
9120
698451
714795
634394
508319
598423
845654
654947
521591
410682
560559
629877
662060
187890
306025
974362
920318
184832
886406
561908
824403
276717
63046
761923
12595
350822
914169
499028
554797
203249
330678
375431
337238
355723
262116
236603
987889
955296
212085
690904
768042
365350
567475
378808
186109
733527
257842
907442
406644
245961
205990
538501
22285
821227
943949
309982
532153
555422
951180
595078
7169
227758
229208
641963
561540
764523
782219
369674
26715
896936
251479
549301
962205
992399
706774
813446
876222
475359
881791
65568
884242
357700
859829
650014
191152
851986
482425
304092
350769
322973
563712
456670
765656
136247
674016
279904
506443
603463
319908
8314
889408
203522
186750
320176
127667
909961
221276
327380
625619
37343
311571
312600
291581
612933
998392
800564
578015
353588
772622
531248
462655
725495
427481
801295
691668
468514
330321
917080
595602
541746
926834
89154
962307
691203
692784
337851
560145
51496
194440
558485
231328
210155
895282
215245
871256
632801
893171
87546
219776
563688
943182
39183
133958
691263
215194
469132
987803
528899
163823
884679
941243
285954
561338
86163
680074
858046
690160
2314
519130
358080
417951
317373
802825
321173
752288
535220
545287
63274
364521
400228
362742
319
327935
685292
650602
202827
660808
976203
379087
160877
272127
136611
924522
154633
832576
548066
226424
790151
328259
454995
336562
855652
891877
942528
929330
590963
536674
367553
299504
19508
728480
942438
527205
38543
376740
698300
347152
267246
94567
332416
669078
477172
630147
653214
368452
53341
814408
528868
496113
265971
161196
850760
579327
532010
509918
725842
511104
381593
279931
405223
933300
638037
462234
846324
606064
621612
884802
288819
567323
524283
550395
899037
150995
738156
818369
973036
299949
297616
219925
849548
249304
120789
62191
549725
530658
500644
991694
444711
185877
496858
309423
980763
818490
478624
806812
677506
772029
586857
60251
83333
519984
594119
474888
674583
328298
153067
795901
659907
140936
352759
194797
285581
141651
907522
683600
323528
888898
644199
738488
29940
680918
145418
409603
652433
925411
648425
153833
64004
353455
126106
910197
345445
354227
161126
263377
71075
941246
927618
590969
414421
586681
970598
856786
101982
495813
137805
335252
899643
170689
381255
99553
660332
629415
152062
509946
952892
21654
324867
787719
798319
2410
377172
850579
53256
711687
215405
110171
987892
851957
685383
134331
571670
815077
210353
35849
481456
687058
499274
244925
716394
978691
527193
110925
509442
247085
348233
484824
911377
974517
288260
444664
801654
831378
502698
798010
927521
79697
63086
620458
506814
719090
972045
395655
374203
546672
405548
342165
816440
80990
555022
302546
401547
195757
663919
964928
82540
702026
14463
159969
672964
709732
565694
808833
888333
391243
612656
838253
636069
588980
494398
638273
884661
563737
427753
277279
951352
337533
400555
722172
476011
389133
419244
768276
977936
854306
701789
664766
591262
50467
698293
881818
695112
19208
568326
210854
745192
68857
10683
958448
79816
997716
655088
417894
618061
59534
911534
647433
688257
690161
380354
956992
273147
125699
980472
333513
759981
768647
466745
762634
787658
512925
535038
744390
237522
763396
627376
779883
580347
874944
382174
323271
756925
185559
206426
109403
838523
230325
130289
294344
850313
429935
937220
263334
988638
547620
519239
178484
977239
293440
865174
217513
162981
414362
845935
379049
11029
471741
285136
347027
215867
37124
822574
680247
208570
964830
606799
940517
230577
486514
30533
954400
950149
415964
50759
156914
660743
48596
422381
964505
736002
41328
139400
114463
827876
333952
369947
401799
825478
533975
853882
351395
751706
630441
127550
727235
673648
238160
583778
196232
796581
872745
433086
228502
951784
33819
50141
451047
833386
716279
291773
692029
511714
14139
217250
241968
790010
369777
707543
70629
141913
11509
246146
784927
608142
980307
635939
543663
177942
989646
473065
541895
242698
817790
528625
186925
250024
506321
940636
615883
151868
212658
149707
140514
561194
340422
668601
628895
109339
227603
914486
887814
558338
654139
556540
917835
237578
455783
269168
761920
864926
171519
68022
529639
80724
514005
714289
666153
421622
920801
999766
174688
818991
817575
489644
43279
349327
812085
657890
423153
221883
424584
274892
961326
101684
216718
914940
350250
214850
264199
58041
24504
891836
940677
819743
964589
383799
315346
94930
450446
268041
107120
483040
42539
915065
409915
972659
393221
477317
641835
634415
213610
206542
317046
740654
991074
133220
137746
705685
942594
382442
988952
382355
730397
822118
241668
162166
519834
774311
281305
456233
530913
211731
395681
115662
803951
741836
513810
485620
65290
43647
987021
887797
791822
318537
563327
131887
236261
962053
746858
378269
72149
988662
95934
828689
132595
779342
772257
122320
113077
614745
706702
386122
314725
787785
448217
883124
965618
317726
315217
328708
889953
892146
530750
972040
258912
884126
639625
872932
303803
6668
834235
754854
670248
397083
830302
597511
306620
581160
230015
539265
81088
365312
862805
802631
362783
750750
615740
967526
246198
511458
161754
666550
723278
103441
123746
896636
23206
912899
274551
554784
434216
246317
650792
314821
749182
141771
983770
44810
790334
52970
39619
568157
664897
628175
142546
793591
561169
531528
983725
302904
743104
745229
712786
304927
320854
144593
836319
153573
757474
169451
740461
375
412337
253148
852054
623311
127965
717308
52247
452910
611068
321606
328465
923832
161978
423868
417066
402817
472952
650128
727229
619988
434385
441950
567570
371835
196710
907543
707607
795993
929930
743374
254398
622681
448780
774696
155030
549703
100129
780346
190533
696635
903216
317580
245989
552687
572538
410815
728697
153906
382757
984970
982347
671222
29348
208160
47587
206019
369668
398894
142566
778638
648916
653312
461512
311397
941618
787587
713007
677697
586414
63525
683814
862974
156702
91673
654842
179238
954558
706230
865845
97769
767105
959231
983540
54249
81464
440701
975335
595634
480350
581577
738213
381959
925630
751462
185450
763927
621313
877386
308014
835983
328600
367933
456418
480009
564034
555547
173641
382561
196090
185204
164465
728936
28673
422610
715022
735410
41923
163866
460913
8138
652584
511947
866666
780934
249658
334116
714615
885493
317614
857698
149287
243060
639377
828007
751695
1568
441552
580342
727208
806181
332132
263643
881860
991989
730840
679528
329643
70933
248120
184729
320406
692113
62360
955097
737607
230416
595070
964254
161411
599170
216365
780079
95917
924662
608783
443525
674881
787975
281918
139919
811113
592566
378159
497424
564543
405140
891835
719652
227360
846678
897803
669536
325801
246859
21088
365718
946705
828201
826749
900024
646179
646787
856241
419540
572374
570647
841604
987133
793418
760003
821374
88010
547554
697432
911950
366968
475000
392135
828638
426539
17793
191416
661617
883217
522303
672250
622389
766183
372829
299668
471467
703574
791210
821882
382639
674485
173621
234460
638694
494962
348545
247384
25092
56330
764709
678287
531320
662133
264835
368084
30836
440800
879778
14273
159516
252114
387563
804196
857738
747312
878461
192983
686716
223004
201261
892909
284187
295863
119901
296840
200488
885959
55799
930312
830533
477108
881031
535518
707550
365869
54387
33598
518834
870568
288663
995571
715842
687942
189121
681292
583060
300948
457030
448692
692388
943982
868607
187423
582632
79806
303011
853857
921599
778786
713026
230233
808885
210220
9244
93130
325429
138178
660636
4618
362828
303654
755060
807507
494613
620496
634710
846134
183111
226167
536268
830832
916567
976112
982836
702997
341835
36653
411164
369193
995037
888358
553910
277262
682632
680276
701752
915671
775602
913306
362386
68794
588021
634303
735117
568100
240523
807958
171709
126887
21398
530815
761186
895951
989706
794502
632481
460882
630136
409000
449114
299813
721975
103606
186982
555819
146737
814547
981166
699400
413383
64535
231979
326612
756962
609878
683061
106732
524056
52155
612170
320802
358966
694093
547550
692820
132784
34324
107609
353690
965346
600725
885938
887769
229250
661240
665702
512436
62309
360011
495892
748707
86250
584095
906168
926364
454471
224848
857026
750381
723118
913442
439698
325291
219
55303
16851
516420
681277
302206
832625
235825
533246
118549
812536
925384
728881
719
627658
129198
19287
1248
477181
959466
896974
412437
603407
716564
998743
965520
554566
503212
155970
428657
474601
138247
531512
161745
636372
941667
133925
713576
63548
573340
437760
293774
497856
301048
185336
264287
113895
368156
206205
471927
304892
854946
715303
331676
965827
8578
407879
705851
232279
844973
721737
475851
541025
953080
352194
948430
436983
911413
886364
159414
731855
173022
790043
81956
700126
936619
171979
831051
457361
770691
681672
852659
423783
579598
245418
844890
762089
642217
723403
35765
571463
275571
823030
429524
623185
992196
560045
622243
739790
71486
326039
331660
889276
183483
796548
159098
762341
989094
553502
659641
818779
476902
436591
378809
770384
43508
456393
815794
702356
841421
72854
789601
846123
609283
279804
528048
121674
918831
236716
377907
525934
61889
259144
765455
979034
44664
71535
448629
331947
992940
292134
115852
758937
79816
374436
918317
132172
992022
535738
996168
343064
725747
540317
458019
818775
400673
525329
662403
435362
150843
849204
138531
962412
833027
149797
836257
158970
160280
144783
722872
191811
201283
694294
59816
105568
638000
49564
90290
984623
95225
722288
731903
489354
95582
357780
316385
389535
218257
695273
680881
127020
556654
51321
775126
825754
623752
76769
192039
836658
682207
611993
308264
904704
482221
682913
450865
660419
170143
356298
890093
293261
224225
629471
687613
170942
585746
740910
371196
773015
951767
227830
245918
578045
667595
437678
867057
147149
95252
764080
140358
452630
436049
898624
126697
667191
864943
641021
695563
815382
889819
492387
53313
728186
518354
964283
749861
730118
863892
758240
121114
461203
32566
128046
657838
645160
756055
861192
294296
918937
224875
67526
986848
795705
376883
731834
742494
624189
444749
52061
95194
557870
693287
324187
860819
941706
671887
703928
883547
254264
746342
713949
70623
165095
269428
775875
714373
191746
880981
572283
468718
440785
577808
698583
812250
148207
284296
291257
647403
614948
813963
489462
905602
738078
67335
58918
748102
127633
207901
766282
650563
931176
456846
47706
672750
91366
819475
78315
86151
784670
897289
52410
11671
14667
149384
306136
815321
28685
503956
486129
263797
124993
557420
755770
78247
856315
250176
285943
839358
258147
193664
588966
197953
36329
737360
329867
279148
165094
101527
485401
695256
749392
818167
87546
841656
606554
905367
828283
832639
600998
379419
394903
22368
55016
855605
272927
129965
530456
648853
357826
187745
602323
106684
555071
555513
810255
519982
741028
780860
136569
681094
866625
675164
325165
723043
986926
806389
177041
860160
816438
653234
811727
181410
412959
674383
695725
217770
334679
112184
483466
254986
173117
652945
758711
625941
105480
141263
164079
163502
130584
609283
536052
65058
800279
170231
113096
469394
172556
790385
978694
565577
767868
477396
161243
341804
948349
260198
68707
708239
995672
806957
341860
55396
684442
255986
231201
541070
468920
739879
627996
505812
592348
460516
94380
566128
272272
880077
304182
531975
881286
301520
104075
875892
692161
104907
719454
636029
440100
697866
924192
917159
822677
924334
758010
120934
422798
785833
290022
619436
176704
238053
95211
644450
37411
961668
560563
527924
657055
410818
618442
515079
74128
16759
386037
286982
555322
300154
160749
637466
957257
675167
621175
842680
282498
591968
990561
690196
747148
432281
539546
558451
227925
669293
455983
16670
382178
347975
272670
587122
722487
305787
442265
857620
203423
355914
163160
551747
474137
337604
723483
636614
375199
63624
180795
517572
992020
362407
226924
800626
463049
23463
574994
928486
875820
146467
445372
109515
733645
343504
420033
328942
367758
432154
807669
276660
572775
14572
364744
738798
820884
822287
606908
348613
877979
21482
738434
129040
186685
963559
880239
45317
846457
420471
574880
135627
293495
522027
832039
83885
59032
889155
313456
561451
319831
79748
955317
305643
424028
426946
911897
247309
496541
657918
227237
118235
554289
429352
70942
850271
436659
534149
242879
262735
938447
483883
400600
989476
246380
517738
918851
446857
532534
41541
444862
336046
759175
768606
870250
152827
394993
351407
438175
617954
212458
708276
976554
298765
57813
720487
104356
1655
97769
733155
885488
999319
794176
132010
468240
192694
62270
516674
286437
736098
751964
915386
104001
168507
675088
513994
270570
39978
507995
255128
908078
365426
973230
187991
873566
291870
106490
207242
594856
250778
75539
687079
608789
774174
970048
585494
872795
951941
706209
824728
463008
605372
665213
84229
170124
6229
764775
571245
85193
959355
45517
821408
489690
607040
855453
230218
168149
597843
980756
220406
12222
331405
291301
909299
42818
633002
899714
572820
670157
59604
185673
627088
739016
536603
301198
122762
75186
330626
160129
219820
31706
394611
989372
386924
390582
196562
183916
216433
321379
624942
344345
261070
374522
964756
461395
24556
380683
602238
155451
303943
927865
31529
544235
446927
875378
436676
857795
672878
843913
169220
920273
157993
3441
492692
863324
887200
784344
686826
520013
701359
488413
509109
547707
63479
154480
267058
545746
949175
661637
817950
565662
986579
868213
264582
22010
717303
185457
893498
947087
971477
887139
13984
97099
609738
622051
552484
688288
699295
896594
764877
818678
616362
344151
627371
253999
957845
620724
359405
542228
392758
737732
587663
570593
881694
845523
250224
549865
338926
732634
120577
779367
32802
806613
812889
50211
918321
115651
644326
177470
156237
148921
450495
208218
682437
928100
736085
129448
889418
832473
463879
983119
331983
789786
708692
564982
65161
448488
258858
279598
998294
999744
338846
20799
808890
953075
351349
687694
139524
395173
964511
593127
729743
782434
414403
258797
454500
799320
122997
209115
90365
3701
620229
228278
805861
43294
72241
995281
794043
403976
80186
382460
824532
739511
199828
459018
939136
126609
641462
87102
605221
358174
771602
72210
597256
219103
543519
775715
157035
792327
64017
490556
858832
553434
601386
427709
101339
33633
171178
411111
382805
89543
397858
596231
355661
780500
613351
538621
510681
350403
250209
976873
101050
423553
704899
802929
811869
419077
429653
310256
601982
984967
744748
104766
703400
943774
704252
895320
907543
973113
246404
689516
298622
749305
925799
811716
908963
915946
747419
992012
375208
303133
602746
597953
432678
424547
488502
768313
209394
361320
785130
129929
512449
816297
388619
165974
849448
916627
386493
21243
729531
830842
984066
311572
250263
580146
440461
538597
129980
846222
203701
536363
992914
570035
773701
7612
155212
20055
213744
536925
696298
36572
814561
742752
216088
932803
464241
878584
758068
256526
262258
209819
787053
867255
302312
877202
594183
292358
960280
378016
527355
687827
692216
600525
865594
709208
704517
698062
625810
111410
360052
260818
496810
145396
382720
593515
424167
602856
583010
126743
72305
533923
362143
774379
303632
495940
525371
410715
988912
89673
337419
890856
186307
986957
136360
987238
464197
300130
425151
75497
801179
228423
910534
14988
493461
759494
171273
215965
929363
957613
894178
419176
281603
570790
882887
857694
117128
534709
490558
715234
79222
221838
964011
440049
467962
848657
244426
212459
261847
421859
734519
901122
325579
404522
336810
278654
912336
622692
213377
975210
643966
800165
784630
832991
624269
108715
103216
440042
713336
751263
715573
837981
461310
793067
407036
428591
370947
570546
740384
329040
712275
368177
852593
592590
781958
570224
580453
659933
552702
62372
802668
527686
720333
143012
494369
280047
642740
846470
756700
176707
711878
896214
629540
617149
899756
790194
804866
60630
362497
875781
414000
231305
915485
955934
949489
807552
364399
919340
805562
795037
73924
926104
878222
60646
560804
411903
36711
739597
329691
614667
250640
904859
95253
481645
413392
823289
152547
817657
414464
916507
904538
617885
281150
91145
163418
135743
842426
83851
681004
277171
827821
138033
565125
612374
234858
380028
844455
279881
132301
395245
541415
17997
145744
561639
988297
14328
838588
414979
335303
503122
83772
214385
932913
633871
694284
307717
205550
417896
922513
663717
879968
408728
765635
212558
401062
290032
209413
941374
312507
265815
317014
123714
485691
149154
547231
222556
697158
39884
198828
938064
442621
158994
456504
140555
547946
618286
948640
359729
361788
894957
765754
890946
69615
877999
753279
884904
217226
15611
676003
402079
832194
479484
612742
502401
542332
221276
305794
903917
749616
543484
789156
908371
572137
147277
905912
546207
174504
465678
420350
432960
937065
432418
6585
308436
898109
879949
523301
582706
203862
555723
66312
829267
55777
967629
404769
685085
27406
337489
64573
714510
678571
775964
478057
952449
945966
918551
331778
196512
318929
346564
683944
917671
352408
939675
895633
812369
492526
558149
18234
436897
133677
819892
215223
10766
841661
886429
914732
600204
290131
211667
214100
222259
872283
436481
245182
350030
445553
787012
653656
804419
409928
153699
96356
452314
643117
456236
54599
990379
655718
811500
740736
565480
995892
802250
67958
127364
819704
176832
200298
246207
949682
477239
980683
424848
651428
600702
975592
916270
460245
895976
683712
714874
301745
551039
458421
66060
287886
154728
13471
98136
742665
70229
845629
600701
141967
584608
506887
306154
267704
131723
463007
695021
784781
849105
717093
811418
863850
685416
23401
703956
954943
468502
630396
275643
665072
203693
44767
867634
692444
159141
944861
572747
441787
110036
839541
423442
292385
593676
196463
404339
66655
335121
817423
159880
246856
618869
614119
315651
222481
191378
130055
627252
113106
117668
563472
440312
654697
348928
325671
636735
651326
410677
500805
348088
621280
835518
924330
624667
604174
658016
809457
706834
901779
173094
204927
902085
789512
257911
98069
745473
742717
286353
726470
356356
166131
507364
509890
25191
981248
613581
475536
125288
398741
832493
624666
92499
694876
3622
726114
239501
730299
966322
722259
305277
738550
618591
95858
587672
658033
517291
361715
463879
824850
329912
360872
68278
634565
654508
380180
682043
226969
721575
24286
810337
153928
862178
752929
248401
987220
563553
988192
593884
325324
858132
927959
488935
831918
555280
525612
999348
44262
537380
868613
670281
435957
205723
608627
148415
500973
483662
721931
73768
81944
415139
909846
676894
321017
995686
508446
157797
69610
289538
584169
38332
608356
352347
98370
751621
141341
957067
49906
263758
283276
487032
572622
129211
518600
981135
656810
584722
114766
441311
689323
700515
242593
749780
189882
34194
85260
600910
430741
728066
226179
677213
593087
277920
692392
155356
347480
745097
762665
24871
615751
335897
251910
728826
594451
532241
884528
86823
919825
861732
479629
656883
774328
445086
394136
635662
474768
976370
663782
742702
583305
379870
792323
485703
760168
942205
265275
825193
111132
561065
184053
760821
122671
547914
521657
513853
678808
627392
498705
176567
133549
579881
567246
836382
884789
834191
208162
236390
216028
163953
50794
244826
165247
437228
107215
125075
437799
914886
840834
29783
564628
181655
689572
983371
161262
996821
33544
202582
494112
210682
117520
507092
545921
992916
686580
833588
216871
469929
489569
614191
101536
380612
319229
894181
614395
930529
469385
754902
297665
419760
328928
281337
999938
454729
5084
165373
278473
865773
43736
433497
810929
172597
735567
998034
814993
917786
10275
84681
761810
628064
305914
748862
822562
443423
514947
267493
616641