650026
647828
730899
281352
675081
118566
626817
934855
75756
224100
693687
250386
23679
888917
802068
475856
460973
538936
128821
989137
418399
35861
455812
171584
585633
109246
843816
574500
158950
50919
50394
272082
100642
99679
908120
941491
39125
6378
664946
367662
918376
959869
37377
589490
433136
9302
437687
919265
635151
42549
83858
50972
569657
344826
239467
909223
138708
565468
289387
677113
563449
239747
323548
790435
196376
951172
359197
764506
411960
637879
957872
775331
631195
339701
445934
457242
184511
932531
390234
99550
131905
999478
916370
479068
104861
830450
15393
203511
644688
884227
21938
834193
357342
804295
357471
675833
463792
988182
948072
124721
311637
973790
936768
431834
875817
188192
314432
923134
975955
503169
274239
168058
367016
780174
89849
429062
567533
1871
182379
338787
139769
820358
60353
515168
497593
274885
128935
128264
889741
570985
869244
666283
354384
930038
722789
876231
655094
531088
131582
283603
966542
944788
717354
949353
492006
105169
204939
139790
881933
93671
505549
87455
248947
166778
598173
746329
532077
174290
702648
436548
242837
369426
813470
721405
499279
406034
602213
856863
816742
317404
172329
863181
48404
631872
999457
976799
281696
40276
520589
19687
47202
962188
668555
448415
568098
694449
491401
57776
920991
550081
903509
285793
27947
180964
116305
595034
627315
160902
993026
975892
716637
401685
412551
251808
12618
886937
160806
85648
394875
560042
550978
634054
291535
380563
926505
989463
756522
968706
166346
573915
129842
762856
623172
813396
906739
835059
16857
79160
804258
155557
964929
939548
274175
822609
669275
491199
677715
257266
458814
207345
200857
257768
421550
145694
173497
859856
895786
84539
794351
620222
296866
669196
196235
75930
502726
188111
300305
631380
219514
866249
492352
226373
989158
25066
252720
727268
381225
279135
42772
78497
777517
74165
815648
820001
170005
656421
77956
97815
960980
754944
335957
845180
221783
702008
904717
239274
380514
650248
39593
347994
180345
577857
445809
675640
986996
989810
670484
624480
516790
90100
370417
387000
902007
543311
449266
163946
806396
387468
110099
757500
73384
470809
162817
360077
778861
895570
729757
5742
501595
944114
518047
750682
663769
274133
391639
324436
26353
844265
763535
832860
867588
346545
359821
151821
745567
27573
315509
110422
965350
342538
965834
971667
460973
974777
412245
167495
911654
878735
157854
190584
459636
727937
604631
704935
991198
62137
139545
802411
218911
550849
366661
643433
724186
55563
151501
888114
892714
414618
820171
530425
604824
424209
683919
242415
180902
582294
225718
292861
496712
595811
843189
48797
31282
990505
830133
370838
141708
185057
280921
947154
428867
4848
362715
807837
584569
267253
971156
975676
709404
190963
442522
314664
460500
869462
825411
870374
321814
569508
852936
684996
172566
105217
142405
842930
742937
699998
13725
288058
511976
144832
931387
407773
567776
71977
647923
708364
728423
292837
56262
38848
121977
472818
313476
816694
964960
589516
18508
975370
859394
906965
979247
767535
774612
263518
933875
532489
101101
688469
679156
772647
946485
469195
997028
743584
733692
228191
583922
722761
209703
613644
385225
417040
28677
176205
3375
315256
987903
90409
94222
464881
63598
211742
123280
506963
739079
134766
495971
268279
333105
219456
165916
654898
8759
832245
967799
955951
969113
903305
31165
918056
362173
451745
943998
598529
478019
355575
424702
655873
975734
36254
391212
561261
461022
496308
356045
713283
210994
932388
957240
106448
144234
660437
824378
100078
555571
433907
365465
253598
797820
943192
254582
4542
690542
711318
958796
490150
316216
903715
140629
173285
428551
491362
233227
342163
996117
586762
795915
922707
23129
71925
870998
298536
17948
550983
226034
613616
486764
151161
522478
414592
445929
644993
25090
840798
209148
450848
182612
519445
666856
969223
624983
662329
292856
870439
92046
290679
616728
435924
719407
767704
960704
338069
943586
481106
48843
579530
523112
932939
765350
529914
211609
447211
776420
9017
76998
944156
166253
824178
500669
441889
428695
931479
928042
146000
691661
469538
923034
407725
640235
556742
349723
674341
831660
162551
723520
408676
736955
53971
856001
103763
227685
999595
992062
585841
973296
981874
179492
3149
313989
970625
269545
725854
540296
896965
391857
724671
537608
221446
120786
301449
576722
252436
646645
14287
404448
467280
673235
488112
994671
313556
295583
992093
565806
412032
857283
814696
939218
47138
662146
329988
498502
890305
779004
28191
811840
753095
673296
124377
548911
64520
712795
773471
569233
679539
454047
485993
53280
618324
521856
470796
402412
987459
898791
947964
616196
933869
246409
693858
861006
709116
521794
380438
795766
301222
709147
698489
425667
423247
947435
555186
631941
568668
689561
62019
970923
576853
67007
466887
787249
977846
554
462602
291382
423571
364478
3013
435179
1637
775670
98676
521320
807796
950730
664662
418521
997923
932265
923009
683861
417683
222438
941599
19471
560309
990959
385673
539301
212848
607479
627454
601366
148651
440694
411775
558737
218679
737094
23563
935464
408348
817070
941362
843619
308671
962620
241817
783345
93805
924491
929993
744698
298246
998308
241011
37199
586248
727169
758468
22083
776951
368621
65377
80659
71398
238215
110848
375232
598757
161637
77410
54590
289224
346068
126064
666949
341967
988798
121969
832516
830391
685669
285606
671541
922588
553483
519747
429707
376521
925044
621962
170825
276702
65795
636165
358892
43357
729858
611039
945416
318865
751805
723423
386417
755291
54797
518850
139536
814874
474162
768117
836117
368374
941978
251244
536011
438666
346366
84450
347399
178859
639852
101485
466298
911513
827295
287485
846694
589826
739402
634353
872877
413165
25780
900373
311813
40585
832380
831036
22088
109651
25214
440118
677864
916702
569358
296879
735488
222274
822689
952804
441925
444963
108812
242882
304347
566749
771620
139037
347012
28169
215620
881802
447219
13615
938860
385753
657791
133704
510790
772146
413683
550958
106757
671435
72130
39650
397798
61315
397592
466746
723353
314206
655307
68261
557432
873438
958896
620892
840821
49786
907274
629799
56595
339325
987038
953353
934667
304766
790434
988362
846991
279736
550867
860959
94506
136837
584806
269239
393030
82940
515350
846500
732680
878819
986716
875364
276566
247059
874621
938444
573240
898023
444413
925712
894940
610656
849905
20529
142259
111193
268978
800067
868730
437089
996654
801882
72595
587514
814296
281169
62481
395629
202047
636534
725267
700232
502013
152661
319559
26230
867590
274016
714064
446905
400928
479160
167490
18950
204017
866010
42762
749244
482740
763689
522027
16835
288262
2579
888867
693501
343645
474211
624172
960556
94999
69283
287838
853792
968112
557420
790257
499162
590158
731340
314337
308355
846775
416338
629546
931586
114018
241400
896371
287294
783787
831726
584199
679728
621919
776319
504126
437155
107511
662178
687290
414091
846306
114720
905101
588544
501179
802396
980024
519253
903834
149828
635087
492441
775814
424211
571832
788330
421192
243776
24402
118128
569755
215110
296817
283005
414655
253393
533768
995711
373676
38530
637216
135264
475108
399711
904260
949306
486817
568346
964799
843258
32750
611452
892733
218640
913490
957294
96463
254544
356071
407076
368074
696488
444168
590375
525839
942014
419496
472253
148772
593126
975872
802614
139777
211069
126944
714134
449064
708837
965031
444762
567531
60957
108750
358825
103953
83643
39198
911576
611987
757641
461762
381978
451393
424890
843255
212867
863682
103303
234015
752759
718136
291947
30325
156659
931714
655927
178267
460023
456027
351890
287184
582159
329696
538001
46141
251837
542894
138223
467054
605509
191209
50473
798750
429717
555354
396857
642155
219982
422000
854636
845928
511603
549031
434338
681617
833581
475654
45346
813465
367352
11138
918424
819488
601518
299136
303084
742657
217262
297848
386047
492295
613673
344309
92548
911359
438985
394361
935609
260328
742333
82749
311873
572039
974309
728149
859616
168727
962839
574258
887378
496094
636492
643330
767880
722267
986347
310642
79104
126428
785967
120147
413568
930668
907511
171098
638062
592040
338538
389506
957455
328114
368452
243724
275482
1535
198594
864550
803640
371340
179686
979690
924635
814510
667431
647485
817080
488326
313657
664600
258658
561874
459572
692643
703492
270625
914147
215997
945531
407327
483820
993112
65230
172622
319319
284034
865803
430742
59708
384638
640127
774451
425294
93073
723153
221708
346494
747864
182843
458980
269
683926
925414
585257
295537
255820
562978
304042
365923
382017
325055
505254
922947
191905
113610
642751
427369
360514
944295
753166
547145
343105
787464
462288
375810
430347
60999
313085
17923
876472
749158
550137
822618
799889
819808
482787
838043
653490
88235
820684
617065
31115
258125
733506
800228
865216
275544
8266
439791
924081
95300
710187
990620
753299
842983
334311
340279
792573
767251
769477
365804
742783
139084
119561
82709
934445
514148
649350
103780
768825
776566
10122
71210
110846
355067
457271
861058
34393
293132
198001
544540
181490
812020
825971
662825
433561
980849
546748
74912
784395
229896
903528
464492
903955
160258
847961
318642
862413
884870
986004
109762
830918
338324
665768
239577
951039
434075
302280
290576
869136
196920
824698
253350
113514
759373
572200
696997
823925
159161
594452
98931
840728
870457
67561
321143
855318
171483
375724
341157
33685
245146
365521
357928
595323
509147
227178
459051
86769
823427
983098
137349
519625
13427
869096
507454
85692
339169
184335
512066
416908
943508
101938
541217
797832
934715
403149
135809
941486
824811
953479
331105
695402
36276
653059
861770
493245
513054
140821
11988
784057
399749
572946
5394
803688
751758
732416
656667
466445
619589
322156
454518
544194
172437
287451
325025
841792
504867
517592
373758
869502
310471
782892
132123
572272
336039
958380
129756
7536
656626
961004
134855
591866
849462
989585
913004
268818
633183
333637
628463
805056
730509
316419
13236
875515
755728
587153
14309
485028
540355
149262
718882
75305
944578
953057
218694
879562
122057
796049
239826
664504
541354
900083
814137
80473
568170
242878
256392
429353
665210
738683
872303
500666
655821
227095
701999
208028
863642
83162
900002
632791
42032
596338
322978
979669
808752
34409
244951
247069
417516
26230
321633
703482
439771
53423
987422
122490
815925
480156
169048
509330
7665
703590
788302
129247
393497
971374
64030
484231
699910
928186
362380
383358
728638
650762
772593
940836
150758
719177
883330
655628
512038
187103
97148
264088
93528
975523
531753
811200
92203
375022
887826
393201
650586
331338
669505
196178
963589
975818
795122
682145
182057
90355
891606
147132
418369
459096
613379
351356
386104
668419
727611
186492
195721
607887
443478
382071
387829
94419
657167
921551
701344
634105
900265
885994
949513
126316
612156
481399
914788
120304
472480
770511
107350
290891
286260
335926
824652
143329
363084
882560
860665
921949
904053
783248
970218
495243
399589
437436
415111
444548
152900
139276
570408
978048
229457
959330
276369
613391
168499
522739
678924
787875
16605
150707
389602
549381
771676
501967
155125
479400
696512
618516
730621
514843
812325
826605
371101
153111
260637
476553
898721
623416
907963
218203
610327
691401
983806
143355
240326
387320
804057
430186
809551
886249
111707
680051
265247
438246
616384
498028
26703
433779
635475
723164
538008
558719
90878
205366
718198
241335
599856
404804
875032
713909
898857
840287
107456
228502
560677
806426
442493
210410
999331
936447
617539
713604
6352
50993
341348
75632
668373
538224
732909
528836
812602
866107
936287
660431
97653
880144
944521
265839
345363
53199
448127
815935
418946
567357
913145
257453
533176
293284
284233
638633
450308
941975
207098
410489
141807
980626
939906
213033
356750
345344
925413
746144
289191
279703
242342
223758
811454
616223
467625
976770
366267
180944
188458
576408
193209
913816
245460
341839
739885
885563
342015
532473
684465
550997
490569
321419
160620
527163
87888
126740
293088
682496
418889
193163
995984
738323
327808
153921
568780
954438
976044
30901
499227
802921
22318
426694
865475
445653
870694
544195
606775
555396
795890
227038
742878
700125
891076
909888
422780
733071
738143
538614
723711
454931
89966
307848
760680
907283
663873
863338
803092
834857
839909
45644
698791
518528
543262
138508
854676
131223
766211
634508
573962
508644
359095
488797
23102
859733
736511
903194
222225
140465
864965
438802
450847
228893
866792
859357
213091
712059
90942
196559
619530
360365
534759
982731
530067
67319
970959
218095
936415
652931
195775
351277
820058
201085
326688
746041
442886
680734
726926
285022
510945
371527
659733
806956
350003
255235
779979
937612
538678
142575
512842
787252
823009
245750
42375
439861
850579
951412
728212
618865
873433
454332
364334
555051
91356
529781
674372
524215
862762
779551
576901
870672
937887
613875
19428
333512
709039
975465
653227
738970
77011
496019
806457
621787
847182
923047
264794
624847
383515
768346
181761
677848
673269
780839
354468
81674
279554
850222
629172
89562
862173
533882
378488
82868
330047
818139
782405
39467
679817
65266
757212
889803
121456
636491
681696
714762
587717
365092
578866
335837
767584
577996
935851
50472
443880
874087
707701
4365
653378
495694
421126
10214
192724
467603
975610
120909
939317
735074
707981
830808
100595
280579
201266
82530
210944
13307
436754
860292
201849
16274
175076
173091
727188
45360
773221
189283
294694
356129
836533
497402
387791
926200
441422
245727
650371
548367
608097
166880
295029
17708
137871
533203
365601
553727
288320
667812
8503
957767
859940
560654
230495
474197
216772
207781
686509
650089
148868
886415
901027
538360
401463
141331
550877
797839
130591
154057
592029
721489
567167
338033
593331
875612
532255
763232
698057
343050
25884
559189
769993
575060
117993
96106
202987
664080
783654
333286
856734
959323
945691
974447
212050
18385
747665
895197
617248
792569
658701
608745
903831
291134
185962
970564
372132
179736
556882
828932
470365
101770
182040
675641
915946
332868
118005
124894
564368
993000
923102
106219
865307
228905
168446
894792
44136
299728
208533
928539
824652
950169
15469
517186
613797
21434
776116
486045
690171
152067
593851
48642
927761
98464
915722
696596
513742
23100
274077
6189
699779
833344
747391
335352
440089
937081
415938
38940
112088
470552
370777
669459
540758
15314
761554
481817
825338
699368
866674
40191
944492
538561
836142
1054
508187
454899
566468
224041
59114
642336
649461
202268
150584
404349
540639
94865
472010
581166
775162
473585
298583
650509
853551
712455
571249
966730
222480
215216
7755
672300
3512
885103
970027
687030
289472
128157
434797
790181
920347
420605
102577
776213
183311
272814
378530
211778
813521
903737
714404
635628
108155
373194
812441
333076
467372
327868
830928
594148
827388
712589
25803
108907
720282
415729
32300
918982
325189
949250
2811
311194
635363
956628
626134
935229
96705
530215
401526
787572
498536
591094
926234
995159
597272
385516
781330
528721
436132
27318
86953
28420
890409
243571
362736
103945
618924
511561
167651
28437
624144
13393
171707
960311
273840
400498
363023
714621
965023
385099
846631
856823
60345
66058
37535
226323
748582
122778
988021
385319
31595
148985
516015
581070
667692
937895
860396
22761
687106
948090
965637
205511
318773
979279
753631
329503
749014
597851
253264
199994
67708
640287
907371
942
263001
257210
726058
885956
300855
232984
237303
478587
525717
884424
366359
438886
111768
288492
521971
238704
692528
750665
182596
603328
329928
400830
456219
893367
156585
232402
424011
902678
273580
56742
234612
166397
721434
799945
728684
968270
331042
15146
284683
677872
915189
488744
819283
53488
97794
830214
668282
914049
232393
970938
830102
198884
967326
738340
554340
877731
856957
120924
789365
588023
236228
998756
215414
87881
789713
17341
400538
484117
912504
32853
363046
681963
800289
866909
569945
614863
765373
990713
483765
49921
892451
987473
447406
977111
822859
9925
867182
381766
393381
526333
658627
698815
92247
220317
669094
753269
651794
747032
459817
234365
486096
369884
369212
32143
872428
794347
123995
990953
364957
796810
687064
736339
675664
294354
463232
278077
829410
119459
847917
299204
340663
786680
480360
475411
600377
181654
480312
70438
199985
108767
627468
133674
718587
916867
1280
893377
850345
128150
682703
849314
703479
851132
140374
220316
925990
101376
323329
16442
612535
922948
527764
329538
891653
413203
594904
350872
169023
637778
100320
223040
279425
503509
838134
826497
139343
718223
719399
829092
345134
38113
940136
408348
61854
386259
583396
919359
38135
683872
60195
31346
556702
422315
605336
919140
276197
20624
573639
428337
291965
240854
468881
646374
7704
4160
444061
689956
715295
866498
624613
762333
690253
777425
272602
10876
326182
785363
855093
442337
146072
831542
661276
373962
582636
213981
775917
259661
597737
824628
632105
298817
3270
283748
935168
241277
42249
559586
441205
776120
687808
6050
481261
381456
249435
505898
356506
588902
427300
664001
691006
235622
179293
628678
428383
176420
770037
999452
271430
601890
436966
742659
146227
457582
125934
620930
435808
724456
20967
106624
106544
624801
413253
802355
886388
444767
173228
103791
407386
983422
608492
352992
975667
236593
316058
947859
70175
942053
76940
997870
673048
757702
775024
774464
660631
962842
121481
116083
737318
602380
401608
429982
304771
917636
916419
602423
942
366193
600724
38182
102096
442856
452497
491508
185032
21606
837091
529762
400339
449713
388101
224342
869078
466525
847259
920561
516427
791147
151532
299772
935686
928780
343550
446464
591715
133507
963981
479092
846222
699880
826279
219921
154863
689096
802087
472194
636848
608490
892620
939959
637996
595757
372597
317401
383605
720973
153019
864088
36482
886020
289387
135583
53044
71245
602782
269801
85251
430787
367159
597229
325641
971240
460473
11253
707307
965955
890882
578253
127264
720800
88104
177238
313823
268347
827055
264954
686889
153207
43172
674234
330160
386953
459928
381859
858787
843186
18364
150751
100247
79977
739030
316647
164563
308822
7006
544150
757880
335099
269623
423513
597387
92142
114125
446339
941921
290241
638791
483133
7334
929538
914601
338458
492041
198813
496842
61897
787783
95840
463020
779556
387475
639511
546429
165989
640863
618838
917481
836471
437962
856277
171610
19050
931366
395765
64141
229377
650212
812129
554706
440806
157919
411408
851616
185470
165377
447270
444498
595158
566678
224698
770754
849212
914539
198323
649217
135083
717218
331595
513072
669790
843734
47733
993726
306309
719013
116123
927230
587093
576606
192704
119139
669690
700680
651653
619611
849576
336013
52615
428102
585999
453634
37861
808466
562861
119956
296159
519669
642045
964112
821402
162053
232333
681998
198208
700279
153261
568187
45700
670578
13507
256386
525507
999247
705660
772823
9990
425776
929565
974688
124196
382970
593527
218880
87876
426480
434681
611136
910657
530989
113184
949980
332966
448126
621705
955432
959128
505945
366118
28893
821907
947902
749327
873476
488972
283113
481072
218174
22006
999345
738017
556974
858785
737600
206163
673283
529020
102127
838693
531749
220283
409598
492374
807611
679380
758125
432853
43543
886499
899769
262197
838207
376685
110198
132412
339417
425025
910662
648283
282162
99962
700531
843255
300779
357666
988591
130022
3136
111025
880485
178101
209462
786867
240187
879590
784033
864839
507687
951095
339407
99459
301099
611165
554900
687797
97134
694416
719859
708165
364729
837823
775654
258166
105610
54565
830539
398603
745688
385779
136619
959878
40868
475501
989415
193867
667257
746065
97473
962596
41024
717809
85892
19358
834562
719202
835025
312016
277946
556109
266760
826747
560342
880483
736911
350029
300554
330861
42626
290048
185041
199233
851063
429663
740354
779856
27948
489769
165771
180509
679696
466702
783116
766600
382123
676438
991698
881544
580842
638241
205678
954424
503755
336521
641330
833224
431585
296995
748935
67220
913796
385893
456238
337
977305
676065
23313
961636
559482
472752
410181
711949
643649
382634
66015
330240
102006
97041
542448
461588
894226
536973
124702
519124
433584
911890
746208
197940
14351
665630
672149
755805
994502
362334
915778
468777
377541
399024
585958
226603
672707
591171
745276
679973
316362
373467
207565
570909
623259
258417
365999
305673
707198
311479
71453
295655
93035
367545
295860
780521
593998
400095
552968
90062
361595
737039
994209
302476
438510
143535
906901
697641
625341
907336
402563
665257
349980
899654
264233
362978
632013
124060
851619
849835
864098
300036
728449
354099
837488
196068
766851
226414
665810
968204
733172
574121
739543
19612
726176
581695
338185
547587
936498
551716
151835
258850
105903
467486
947118
257742
3657
550036
319680
279349
898721
562239
848177
459736
740700
856893
201907
657654
953824
327300
176334
433929
101804
215731
597390
6249
946834
692548
442250
886607
799377
773918
276945
97717
586195
241671
778802
802008
616703
868919
40936
98655
421500
946760
861728
117718
883524
581833
40489
353107
717536
873457
537207
139705
295750
600496
446932
967323
216587
944225
826916
114104
572102
499356
56851
814436
838147
18345
271453
744904
34785
151759
363961
512768
1865
78474
132387
56802
241803
838426
46533
283550
738326
859000
460673
217089
638100
369764
985821
331988
928544
294681
545996
395041
8613
455778
538709
903381
416916
447559
266338
656769
633857
423967
647208
856827
883419
569481
187437
932065
44422
3062
649083
975165
238871
683741
489439
707204
425323
14418
89054
716665
980772
188273
475254
841071
373505
477684
967884
613163
444121
508516
48055
348135
445556
600365
524775
802227
826310
582986
92659
858295
222729
382111
387903
90643
163318
256997
315526
607655
566687
268543
612682
65006
762092
534572
319253
418373
124976
670230
664554
307466
71975
312199
680077
712928
722319
109947
722092
303630
172319
826768
855401
8263
42408
628441
501701
72964
972871
548947
760746
882061
605188
204527
980501
33624
768075
250062
391710
573704
901828
30155
344229
408982
303953
484081
709339
758029
205860
249613
590890
728047
770810
496799
759490
251061
393975
34922
27393
759540
283295
560299
480766
526875
894510
346278
615667
103769
301654
6427
943876
483995
745683
847320
525872
119219
77356
58088
243283
142804
455304
753961
745557
999034
762089
912827
315315
317607
287498
930389
792488
610439
118865
804913
396215
535413
902769
614695
187992
291606
98272
90776
651965
958755
496431
14209
769471
8837
931339
983343
297834
486745
107598
839313
935137
210387
476355
293417
174448
587966
907829
887197
107820
259809
975538
47210
429129
402814
992417
323960
706168
166196
774013
792584
848826
515076
684525
83337
615686
129136
740610
625803
99603
88959
132172
202187
147523
131038
386265
935532
659436
758688
874059
547591
615043
812198
147733
716057
351975
44570
392338
846555
843912
80533
812738
687
431026
236257
498401
781686
453050
830552
132710
399038
208067
448491
501525
655513
851181
852415
109697
598985
258140
295473
92194
261655
769056
494778
766222
540738
942022
354094
711511
459925
725498
932319
957954
490513
215831
123166
601567
240330
825613
618657
3658
971662
879406
229184
339708
751999
436373
908762
466126
1090
667827
216788
361100
311376
828023
374593
550578
314346
731930
977630
481350
247401
330756
366708
398417
127027
267934
712864
188347
197450
831669
815279
553666
374974
479239
410915
35799
947139
375662
219795
615893
294173
483686
982958
506270
593464
739965
562528
370836
846548
745558
375373
403121
376989
490265
992442
685508
888728
159739
386187
889289
400186
544677
642663
166499
916179
522563
81591
286200
232999
583916
244686
605929
620573
208169
43235
685101
659345
308004
31353
425609
625540
117423
132639
107694
238195
336493
909139
182703
421829
5153
295426
300765
496221
329041
243563
579968
926416
762582
219297
134644
860720
399491
89199
259999
970631
551920
259413
448907
377440
833954
756977
843876
734782
762776
361017
424143
989424
508660
829733
828580
251964
590469
980970
495050
124216
792557
895456
514542
732601
4851
729669
490080
664610
895720
373210
762826
216286
539182
954731
263885
436264
73257
571884
321465
766343
996742
62143
389609
610584
748131
546771
497337
526083
213338
157094
572838
43024
117357
422314
109440
562194
806799
989766
511438
180609
715469
920563
621438
611174
839384
551879
337863
855343
668271
407183
213917
152546
589613
483348
768016
170030
149420
961152
58370
575389
167893
154010
163523
263526
543878
702382
235083
639072
517022
8
52051
562576
236008
307422
934864
721059
968609
156429
36813
49527
311143
116028
631331
428819
902017
370525
48408
727544
481605
938386
131474
393999
905258
594476
131446
997249
716971
242702
194786
179621
749011
689776
454595
874708
871403
265663
393875
402521
233598
278434
894578
123141
934086
234712
22304
980255
390837
925437
795541
869880
550881
694572
24765
840539
807500
628541
484628
444067
603279
78575
270105
161704
965731
347425
471090
952849
574412
748539
687196
793741
447523
532138
408588
11869
211006
841480
759847
170313
129598
398617
734811
980467
666228
108017
270104
468040
218736
951924
234735
814930
917928
92598
139077
928426
792962
40449
951667
223691
508607
80308
88702
706370
420995
375752
265262
625538
923013
418414
183693
920533
248655
66580
254845
559916
80818
527879
922998
945943
24266
349811
845084
4368
638825
625925
621753
983025
279971
807217
142044
256390
469046
219087
516493
225725
388371
509216
514923
387706
282445
98479
193637
737799
37021
328275
742545
764329
183696
893969
74476
77709
454158
671454
466351
138273
735943
156290
847690
331136
307195
806167
815167
559493
924134
423793
642142
515841
947655
148504
529241
456007
506316
660912
233859
127204
735068
505978
172266
92524
503680
66163
382157
574063
49327
584922
185467
934987
347956
170127
299787
916059
686526
171159
527922
175693
871428
746876
635332
381906
582867
990609
424522
561326
930037
330003
926396
550575
54272
92459
141915
192954
78008
268753
460461
258304
852065
442506
153430
523408
43046
617810
632912
437895
212383
955092
97543
587298
183811
898453
827860
201076
216362
636849
947411
691251
403260
642366
964771
188844
485948
891917
130489
884951
116843
326159
290017
59973
530138
926291
824403
943605
330832
13933
917934
43655
405395
616179
301203
837768
900439
805409
594785
381740
278208
59676
113864
908697
29782
928275
271244
250079
271620
254338
202520
266950
418061
46289
969852
22337
986956
157209
786309
620798
167269
702470
824056
721375
821326
723287
344363
996674
942644
156354
638591
289276
354571
691317
859581
400357
418485
148920
381516
630413
96974
236334
901261
39053
241426
329851
972435
483767
356268
715071
924738
587247
834588
283327
997635
48851
503555
171237
872417
840726
323662
157918
359683
249322
771389
490529
476422
307483
212943
929488
60342
55225
578252
208246
686890
912558
383982
427313
708793
371054
352109
122089
825500
644811
944998
589310
412002
842600
807
66112
881930
910918
750617
662423
924224
403066
920586
82115
609335
172031
1239
366398
177311
122280
890483
67582
465347
782894
616726
52631
210947
150247
585028
204668
994153
242712
433912
406246
142697
932513
430317
636877
691514
720342
138570
605011
123979
319919
809000
358208
490212
132437
700673
128488
231770
890524
639094
218857
178542
891408
904252
964753
509955
307688
815333
853276
281467
328664
480711
259866
335725
934850
753419
882415
263236
854476
680340
812148
31607
265997
513353
832188
150496
930976
159169
815985
850492
690971
69578
355996
1534
848666
567446
438595
680336
553972
558147
275052
674919
398863
582533
331392
699329
699984
612914
695819
34622
738474
279338
54176
95128
262680
857953
741786
1537
958182
878731
31676
221912
614056
742563
363962
84743
64846
549271
367313
96443
107152
109139
579089
230721
586755
457512
119739
319610
144014
670297
724101
231995
878710
407362
534650
766211
448148
318566
519294
844633
723305
824787
291631
986754
219080
775860
539304
484892
107057
205363
57823
773466
600766
52873
370798
953629
336182
68323
101615
738027
336896
700978
672448
112654
575089
939856
558309
698444
130886
345226
527309
699774
329133
873934
648109
777807
371070
970162
446281
575571
496455
295838
723025
51201
103812
28312
678952
235535
727790
638698
105535
65320
7146
156658
892960
106637
271138
481542
701255
126597
597105
845825
998058
678530
307448
478383
602970
85266
365134
469009
673666
548414
268756
854733
732683
231619
281893
173173
891810
241834
775341
692146
363601
291910
688593
969357
901578
567178
374860
55065
94339
521540
126490
604993
983546
61178
655052
837994
765978
222175
531068
851460
96310
41074
105371
777010
11954
173684
186662
596499
509569
20100
440695
952813
80968
183768
349112
240822
244898
839002
521138
763646
823229
622365
409027
281980
829409
934330
66926
805363
770897
615435
838029
693632
619146
339460
260641
930371
133160
743849
153738
209960
454952
327599
716818
497489
781192
211251
210467
788065
648011
353553
148313
849448
310872
744163
490290
409254
208642
614550
304546
298494
485539
909482
848643
242809
425953
641350
928874
788403
620626
223797
812565
554662
618364
730177
200512
704337
652917
226922
919319
541572
93993
140163
189253
889483
849338
815850
150506
519156
711746
567074
473900
60991
995956
133903
607781
782434
579744
476045
571002
202998
46869
286444
270155
855873
26592
648908
380358
321952
188787
659986
589206
766929
798881
429572
691065
125595
179462
373511
910192
173146
996740
626866
758799
733611
721064
749134
76980
273200
905898
54572
1172
730816
629267
53091
825009
269486
246073
834725
479784
465973
342054
361598
997478
204541
856663
928104
647419
481036
605408
702029
371463
668172
848429
165722
194704
920500
563043
952315
340022
299478
448932
874041
14718
902789
748913
13166
436682
225569
377003
52449
335465
670593
328242
130306
267659
451003
525038
929475
145037
940050
869612
415888
251315
161981
542816
627117
832435
566800
508297
501483
452270
997514
793778
801607
906874
374714
2644
508767
176474
480014
798361
578322
928975
998457
140731
626739
288519
774912
50379
64552
722804
868770
268302
188261
168824
410146
989954
556161
844284
200114
198782
159666
446688
34238
575159
314474
303949
693842
46430
885581
884710
328680
987431
841549
51868
525586
195045
262756
840608
788800
198865
692525
594100
764527
207274
919264
673371
503790
567478
833768
732591
614158
699174
944739
565393
502438
720663
703157
950650
110080
135477
404809
939952
464228
639290
140965
878741
401022
974484
865385
270170
359278
777765
126244
630800
979181
580004
150611
124895
702679
510561
536759
833551
867225
70885
482834
229636
252087
430967
12542
457031
35898
324859
207017
685758
962741
311734
211376
419006
994099
33389
635351
223351
504127
830186
982627
46990
387216
357088
788628
102600
170894
730918
969475
239173
109215
912787
522749
334245
893755
978903
387126
420019
883222
167808
354900
11153
337470
446785
229466
322084
452690
691073
895101
109351
467141
850876
458800
446092
128834
106359
345562
455050
323050
288606
283881
503240
469112
50748
607744
783012
153030
24853
241804
449696
432425
609187
298292
280809
359862
587756
38319
827078
522280
743740
403759
371546
209562
922244
193019
266773
375534
603087
123674
734269
499536
364957
541803
607316
921365
334750
76114
928295
908349
413772
365069
905139
267543
33573
129636
361972
135940
483908
179007
753419
555539
292443
131281
289163
582092
682895
808306
592864
239944
110256
173195
427164
664509
689364
747114
670047
546456
996751
165878
177443
822275
978512
777276
620514
402822
746203
723815
491620
766729
804190
902799
390696
865272
81203
319976
297326
635071
470193
61403
724511
282164
271151
644401
21530
916181
31895
323180
549916
26150
432866
590704
262283
208701
813365
415454
466271
248921
434776
98306
407598
456492
822287
919458
597138
740985
10647
405943
467897
201944
510334
955128
899976
514711
168863
417617
162925
236603
628857
829171
532928
258276
448236
558405
471380
876558
285583
718776
372640
630579
572080
181048
750789
84814
698857
980158
410620
332859
893339
321602
336734
248379
466570
682318
556558
321875
491541
111214
678534
594131
639440
922947
593277
749108
987520
433207
413106
223579
813938
137483
554328
304762
423032
395917
887966
693142
806209
590373
168986
824483
467540
436813
296209
309643
854313
847777
696357
77517
813220
908940
663708
700418
64751
619170
452489
845307
452594
718220
84057
616263
97650
634142
580156
368273
325635
651013
504685
562149
33451
699612
619872
610387
967189
920029
582216
19692
515887
906292
484226
261610
732064
464751
85537
745516
649065
649874
80726
481822
375063
583560
631804
921783
596002
977524
742014
780316
929190
791716
364134
909218
683131
200999
23490
795056
401267
385205
473588
277571
929455
460429
917847
209804
320414
339548
481802
689396
498195
636633
447514
998271
708674
649262
390288
809742
294808
963408
334163
94655
968052
227631
672508
307567
832005
727817
826677
533215
709505
860633
889804
440116
192063
258030
442586
910808
399537
900950
144266
564287
680066
848825
878152
504004
25608
379265
576840
303985
985190
591543
584688
855773
796417
155113
126691
339952
701533
358023
199083
469570
954515
494478
782850
348194
607921
565852
474941
404083
577134
689569
815574
947888
320392
420662
12372
148111
685500
828296
778201
38852
149345
587757
111752
786396
491362
953687
215633
745098
106966
648422
304154
725503
612286
680343
992779
117618
179738
661146
354422
708991
560488
797378
1314
832939
386234
507158
885043
487174
169971
868996
581815
765481
907678
398581
482959
89951
815018
79932
458744
445856
883462
962343
785077
116025
415445
952248
799323
345351
156238
830190
785784
837921
912243
294332
730273
118614
579116
800731
256279
823372
611904
739259
61525
13511
572911
14676
783161
511690
614190
847836
643276
521048
358079
643345
599984
528147
40173
587061
518949
727558
802849
419354
676984
955326
401956
150739
478920
112722
432370
313802
383734
91268
621047
716976
277736
199040
232873
717711
318074
580161
595457
961339
286147
91731
831511
645927
457663
816947
116953
237971
183518
962130
973863
327715
983848
38968
349326
978955
962315
172102
34400
744039
560643
231316
853421
533223
762788
142713
71072
819560
875399
25576
733943
64157
258255
183863
72992
816044
667927
477500
568621
660949
395194
481296
809652
683021
885054
621685
661318
146921
605597
190292
825354
138294
259570
595678
778933
396517
988093
648533
519719
128739
23634
411235
279589
9095
116900
341864
373999
694053
723306
801809
952126
857791
648492
148579
137244
893787
61932
166168
664735
416688
12723
386912
666883
786362
427447
808072
225507
788205
234726
74552
732308
990918
452049
39958
495199
177340
953528
898441
549720
65558
968366
909720
480415
24726
992105
236784
675827
302995
243176
938500
861614
20196
886849
395279
985313
733560
255494
819445
121420
836227
92947
251719
503098
187475
995511
910054
639159
517249
564029
962623
564719
354818
261974
617652
113445
819485
445284
755867
331148
897783
403429
998367
316550
939914
627834
586308
540726
686644
362067
156041
46852
492716
718010
623526
375340
146511
602360
560757
967363
18648
683431
416877
557320
831471
759894
730376
780259
852184
368466
708999
262141
940876
128663
818828
999547
816037
381395
821476
400280
440434
319571
526824
434589
806314
780301
570296
680064
175422
954441
901800
110615
102855
961388
861367
553591
856031
461410
203322
251949
141835
137511
567704
134552
305174
700851
342894
309857
287481
150912
311251
988377
148725
45241
205045
129005
965635
720832
503330
312648
71331
30172
997859
373126
284690
485694
920131
965584
95319
7086
244269
531224
214907
674071
838707
663155
664664
963883
284139
6286
926730
393588
451636
922830
246723
117753
572950
561480
888379
119305
725447
538073
73220
516006
771722
570020
299259
595665
945331
360934
521946
371375
769221
507319
169515
828629
719036
726496
774039
679861
831398
867539
543069
777380
831595
764363
185054
408647
506030
767745
646996
851162
446924
337736
257315
866588
178690
622406
49800
276251
279659
598479
351022
512023
666854
578463
865311
103318
810134
253876
866263
830147
630211
693638
112373
291460
604125
166564
200843
704983
18529
988972
538132
488039
84181
366695
437701
344113
848749
691455
987580
227533
236944
39005
146453
110556
646068
957923
209820
711053
534693
397443
909916
308683
586597
70074
624342
615559
577262
971885
31181
65053
134035
827358
759678
389093
779268
66955
215854
869913
683632
233571
214747
580382
222661
703782
962580
367665
761299
111128
857893
556207
612494
796641
82602
658177
45682
989380
941828
326498
250497
93626
663658
198030
82728
723818
862423
970312
136704
744008
764321
44552
339888
947399
731818
385600
507247
606332
171759
78986
488231
810961
654782
969840
140853
578722
587780
231255
759949
719095
126660
232776
923963
442078
898468
125724
174660
22885
325666
377284
246507
832113
177571
660019
699535
158270
211884
585704
270129
450228
810922
994715
26324
709666
525035
333763
766781
647833
687663
583810
134234
559848
908377
291630
302079
603951
529344
770173
483339
621346
423779
557964
859177
606492
40633
929484
390259
643549
984869
760202
165744
983778
966920
975961
733502
659744
908785
106333
45515
546652
563183
234807
940221
268074
390536
941576
300786
500544
466882
405092
401569
327989
602270
533
330527
215068
663012
594697
547902
411767
646618
66073
160272
204378
909774
820470
140489
100510
905491
89906
276290
188350
422728
396648
693210
885201
96147
82826
636663
930020
251757
516805
164202
617779
210199
224083
365617
993604
850539
750941
275670
791841
198157
722826
570228
285168
166592
917800
130009
964720
703445
165430
589895
644754
437950
6603
465685
911346
636224
571303
783155
990320
543047
979989
21131
900911
323859
901689
852674
649450
22352
647739
763869
639598
424260
274512
110145
835000
827042
57506
826450
428843
429307
752348
480765
739438
862932
539475
461266
107488
201106
164308
610569
418873
225362
708294
828134
251710
795989
383484
561526
310432
735001
690778
753529
788978
253123
912672
272922
364357
724087
164888
486873
470818
250698
251992
172617
827812
562191
277941
25461
289327
838414
110596
942238
812945
229459
136142
157152
266867
945314
237647
997427
795195
682504
256043
947980
71490
969804
576238
333731
84589
526149
91646
651536
853226
153541
699936
297807
767689
172979
527651
769634
298676
357559
741164
859862
734093
618830
495519
955229
121890
955261
256808
53978
395855
972705
385059
931836
613041
279973
79662
490369
913090
57358
366792
877532
979350
848560
434534
475634
625905
741828
839058
295293
835715
86289
89984
696083
242305
808006
185583
206529
534880
43818
867896
756049
300336
428650
292343
37932
764436
678353
567059
176216
295450
561943
518827
601121
11131
639952
425374
786134
542704
380933
43191
449835
115950
351904
548148
554236
830593
46848
806449
593969
699585
146349
105526
448956
10674
231653
623130
492735
727486
380053
412818
124107
266247
229411
260058
681284
23532
357800
650622
495648
913946
431483
392261
248014
191820
683688
547963
868147
207520
716416
671322
163919
322007
885898
570580
561278
950057
974935
621440
385819
814787
393076
997278
922943
392222
631160
373000
39271
839037
932540
585208
226932
600259
293994
546928
226763
327918
289070
313162
972764
963828
80138
760796
88640
11832
801734
756103
134076
614889
124356
564765
656163
986872
702770
576044
521431
241524
450584
975275
495728
898563
418705
803328
962805
101183
118422
439468
14790
361002
767350
671764
296605
799568
624546
410221
784617
711992
87396
456514
87258
752070
889712
494629
386171
924912
81107
148272
61048
931547
575560
323062
154753
328849
726121
240844
396231
141793
612227
277933
917284
695380
64450
255182
499607
373703
691787
988287
710380
679274
652393
125883
768698
663059
52190
828236
243334
380800
942491
327389
688838
686503
780
58462
985535
46268
734986
375758
630287
707967
322676
295400
35527
283070
697944
988908
232816
361390
250762
955848
36591
888610
824215
123299
142403
213030
38868
233287
713258
226299
569679
465512
346595
859118
125159
642581
114447
89815
602040
748474
322673
206699
69806
58447
81492
723007
190395
805921
425228
551962
25443
203387
511956
439349
726836
554481
808471
639761
567828
867528
414922
99701
608242
845701
343670
576515
408159
552657
536723
892406
65077
334725
467536
780731
239157
200600
80176
312296
322031
749794
577998
252701
598298
383180
586945
901558
881283
65879
145754
263850
638434
365125
207306
235203
963849
160616
938849
752122
192246
697605
251185
363118
905863
774627
399825
395393
741517
2422
897725
314639
75385
784163
683931
700620
67122
650928
282392
344185
384585
6090
286321
515011
928708
769521
927310
53304
229719
993604
836680
336230
662257
179364
781836
424082
247857
454408
208023
661522
897849
658205
624609
566344
268443
893783
572566
649211
546161
75033
479423
41619
990665
703293
794368
277937
21500
631360
919034
868521
706208
167949
627472
350813
840083
207268
540743
809271
241272
862503
402119
783426
991230
127681
653758
815846
108699
22772
945956
708478
220633
651581
176281
541975
122439
659045
529770
619656
201296
503847
645298
743657
15976
441
10909
130289
199906
809145
94152
801584
935774
994549
702532
275621
678560
772439
744570
47997
853949
206315
840040
598313
343663
634127
846345
315674
236807
112822
797843
705628
465345
799384
639578
108556
56563
4858
675922
477367
835104
375317
917041
780881
122281
287462
273587
837327
36579
224529
330935
861985
714116
154035
129543
867727
688502
691203
312117
798447
833422
366307
749152
809921
621782
880137
507478
976359
737862
434372
833364
443076
794770
286766
338344
710319
846045
765933
306871
544788
114827
810853
200667
350375
605108
445054
236452
462022
975860
476749
458752
629099
103775
667745
869301
866954
602066
993516
301322
858829
638756
371981
404934
472810
906492
957942
589072
884573
725308
750719
434677
103239
606555
307846
353544
162595
78289
560256
136740
141345
272875
642721
757901
471009
871230
535908
464053
600973
376760
539703
395226
442707
579474
78087
963020
209278
285089
127267
73805
681776
268300
583119
526033
933054
764952
801000
459684
487784
520223
304238
185131
394355
850848
584755
16642
937189
73263
95071
587269
811549
601997
700446
733290
768908
14994
853414
712332
759572
942087
202536
97922
479227
734160
74770
345518
380939
248006
776575
882066
673034
44387
900924
689052
621521
530967
244472
354946
772044
534647
816903
382408
622349
287509
236371
709087
787213
344170
257184
255143
37375
303152
181049
563477
703634
57613
6332
529264
216260
659625
383551
201269
826398
267616
348062
333339
427984
456083
161187
22705
751145
479065
855120
644835
951346
777107
841803
771099
413800
490846
775206
947396
20245
604257
42891
859177
463370
350277
187969
489148
219707
339524
960477
369779
538935
131355
739719
354125
989826
866841
482152
928947
968529
455578
172589
19705
427937
783437
20923
110403
415220
47856
392303
489348
631081
130397
71760
817122
798903
433022
150484
85110
638853
980189
601739
982959
689641
189398
135084
530774
177084
820205
287611
912492
547671
363260
424723
551471
531500
571653
619541
270523
827906
562214
65581
139790
567374
234922
361534
961764
580651
494012
463658
258369
703351
492598
603199
597837
591433
5847
944321
508761
750162
395987
358032
855616
1615
243525
406390
868968
209576
844544
296463
774120
204136
383171
585685
99395
754650
750474
570503
243859
959612
196033
103478
883713
490659
764436
496300
37745
30699
306977
893433
293434
247576
329423
288859
22802
435022
588856
967689
140361
103017
325634
715868
24684
909882
782283
953371
132106
198623
729602
959457
1235
465406
942227
479277
164444
818717
438138
248966
424638
737
923193
473481
721887
979810
229860
982033
78984
846311
615450
911489
794485
897923
298446
195632
355884
183691
505539
496882
224837
912498
511574
742847
469960
304260
689205
960707
697331
554555
777646
734850
680922
328769
517602
485157
40297
681795
545624
66788
45446
337134
888749
843474
397585
251850
72681
462208
937677
796527
113838
53711
583320
406503
667914
11222
587734
591842
304107
162731
498476
466192
587698
369362
660840
29535
908448
551360
459390
304209
729453
148170
353454
389240
429239
3951
845505
683281
373847
959550
633841
472635
304592
23974
149928
121746
274145
162968
282273
367789
403642
599642
379051
876016
58315
399595
816780
454350
858039
241487
299010
45150
699175
370358
770149
15961
269244
52173
260328
264302
561692
297312
298046
427714
988974
808298
875865
426311
962144
325563
953805
159544
933285
744260
700179
504622
243581
491842
495146
428386
390124
196421
659864
840768
433548
102044
36623
79204
424574
897823
555306
211123
353852
605913
570390
635417
899338
84624
129806
170138
945867
802481
122430
98967
646704
358045
863241
985312
465611
325834
218086
856368
24706
767127
168037
678025
281566
224049
763792
899309
284483
935963
802348
146998
796538
128989
112479
178451
886890
763851
279147
187679
245926
993264
720536
817183
194528
193688
342833
634456
901882
133751
660196
963659
672125
719353
213965
464526
54115
957223
138572
30409
514574
263730
882258
426505
387612
369888
761211
942468
200466
6416
22165
842986
854837
888299
902912
728676
309559
615785
389741
408875
999630
696893
611080
103880
281057
968287
296882
556964
796380
5172
855143
361355
730852
398619
675903
34113
799524
632150
121104
263745
684484
401363
180208
137038
715579
487703
698136
191736
535931
430470
792932
86382
622667
189009
567479
71098
309299
862972
314683
493789
244496
655498
307462
382151
850247
494856
767064
609523
303702
310260
755201
985053
180038
467976
437023
824801
26365
696806
112261
574513
923888
214881
246136
633331
57973
608101
311251
429493
784950
533381
90058
739342
577410
646815
72267
808658
146877
930542
555392
465521
343864
737900
520177
498028
459611
574626
505415
963701
358719
472781
492011
484835
530136
404654
355213
795343
205647
54895
764097
543822
837550
140077
678531
763018
271221
576038
620635
725631
853962
7361
913756
830736
261708
975796
761670
611971
528456
761941
110219
668064
265284
55425
438383
716321
105849
266787
250120
424086
112287
952610
115557
980184
754208
350057
945483
31783
314158
456980
352731
735203
733104
471988
353807
19491
106135
771519
555683
507254
132560
532247
111184
131444
988370
194357
463411
162047
753750
179570
739533
380059
753127
276914
325859
574888
923919
747885
604934
952184
40369
917339
828397
172753
476661
731836
23358
310208
758365
622401
712107
384344
378551
928858
245945
469382
756331
394973
680988
993554
321908
346959
200895
433076
641259
178131
516512
553488
986751
244076
232983
594896
644481
546993
288246
99293
142876
728972
924556
849018
42466
716078
53252
295549
462081
712467
78315
797354
213396
579053
175439
807405
54038
754608
915010
477108
587505
515513
23166
121703
256756
582300
971938
950533
27556
368328
952347
41116
973161
155545
833054
614757
53673
752122
225553
188729
606258
245621
148425
580084
371921
509401
534958
488037
172736
560327
168763
840942
483579
430937
950690
688255
349747
458286
176397
967977
840156
392470
60350
22305
144033
811031
19735
572692
250104
994138
851702
101025
461391
474293
746424
248760
247141
302102
513759
136269
621110
307976
835086
11320
72398
801957
455921
625004
52095
475929
102841
509522
595182
362958
689221
697345
999303
653817
91676
242460
467921
104833
863127
982793
263835
166599
371676
89609
981654
415382
277316
165049
351805
961321
655646
255652
192622
119827
336397
560899
525212
813199
221068
350162
723102
585316
861458
940111
151519
739892
701073
69202
765304
538594
976664
253316
619675
666846
331864
465789
619686
693391
390787
977214
61847
826715
582544
337095
755615
828630
543003
245911
652943
856068
438314
766654
115183
460429
816459
918496
63662
175996
889753
110792
935155
390003
900637
633894
269522
521199
93008
696167
534618
821172
841470
712367
671115
844821
208263
514742
516772
220194
416832
432444
208283
411438
592374
399658
125478
38395
703186
625415
598198
927173
138136
593683
519556
865256
815946
352963
158020
553262
187625
300122
761013
965369
771739
673889
213914
640329
836392
701571
30211
12139
333598
326727
228420
371711
661205
156586
28103
825252
854221
542616
915582
351362
827763
333895
656496
954803
873987
406577
451765
229518
422855
964652
627069
662610
246013
406823
343370
522476
222358
358467
12286
677925
104987
704843
660046
991084
888682
805778
449622
577467
513823
48296
823751
875815
695694
863096
911995
369161
616748
739969
894633
154565
130381
844783
906036
475380
891719
743317
928798
727218
726006
611402
921178
427333
754841
304413
212990
195240
626842
225845
289431
898356
147371
88330
189655
465962
669772
34298
911785
904863
962793
157449
529765
725380
650911
488184
391967
928273
861727
629760
167770
224654
330411
6571
330842
422590
117694
109840
98583
921000
963465
764585
781
338627
204823
107666
89200
334205
957393
881697
572861
73576
402846
996764
275308
464449
23970
772955
452290
695391
670760
470523
242115
539189
39834
70460
37380
644932
230381
429560
231069
423968
746010
285761
588733
618972
883782
147221
84633
794004
220803
829312
905661
997848
924783
400975
448579
446512
748730
371500
710368
453649
614918
606235
619419
716698
562151
540560
25178
964107
578697
637930
59029
263299
227377
809104
707115
134771
26460
299047
240339
902949
653059
251885
645035
249891
664576
256693
562220
985925
815562
613119
188543
634395
221788
439475
800360
17010
403125
753850
649121
472775
653496
970745
761730
672710
206131
419947
603227
353917
369084
745242
298788
316514
173240
351866
837388
891581
704885
860642
585133
483059
324983
617960
359137
390001
545296
80535
744238
975409
343272
320400
127516
311276
329117
338234
10088
608604
272195
608551
226961
111213
408844
704197
45839
349055
391491
355965
805667
424794
566899
285291
508106
753327
860964
182523
812555
164423
876677
287772
289392
222155
195749
438372
800145
986223
165723
708032
288779
184443
30662
493526
507792
795895
754095
960569
352536
794546
824139
576840
521462
942959
496988
792931
825157
809581
935286
903819
62273
289426
751135
829910
55602
899955
979536
526859
664322
630402
305048
54688
972272
814933
947424
507661
443357
853967
510345
818956
988036
438189
813233
794352
322247
741999
381205
112351
868644
545376
702608
153198
385158
86660
534146
44823
152056
94174
922700
885657
708788
560283
486263
330093
289050
197406
591156
837024
355900
765417
633150
543185
396438
778724
663452
18313
682907
132494
291074
214898
511018
257149
779287
707062
831391
413651
139922
565557
622022
442751
880957
803682
525611
36461
138908
443
876237
552075
176999
485987
829489
787193
833138
866461
473682
56077
97902
407271
750645
162176
918856
920433
785755
198072
234799
809016
204304
297394
427635
79300
758497
275211
488201
112570
138155
641836
465131
669535
607949
732176
859420
964714
429567
236468
480649
856323
210236
907930
800459
830430
352411
572345
545993
551727
809532
421764
268667
307145
758877
979157
664393
253591
221964
447734
304081
188917
721527
477196
246152
686828
857439
396769
843128
602568
619627
506956
546151
399512
784793
298943
342424
422082
314767
148269
802923
869696
107216
141334
92703
771771
935562
595952
731384
728194
898316
674612
242619
983463
990036
941826
56279
874550
156870
315057
275870
614803
362105
494711
23920
139759
687276
660657
777464
779174
903446
787153
27472
606137
852571
410977
433344
688355
132890
207800
847716
757850
722403
523064
867051
884451
477126
749760
717499
788626
3463
86197
410226
147997
981805
502248
842440
806556
580281
271332
391952
700448
862772
574551
512733
728237
930018
806555
657538
565461
227986
10719
553777
18802
110935
2550
547460
189695
933265
112828
161626
451475
546916
990625
678106
660540
713547
872275
421587
258484
287941
879180
836164
536003
672877
382133
255415
398704
879399
945077
264008
248677
972342
346459
212291
353630
942763
719332
968299
929165
230776
192041
82071
331214
357795
322280
903416
765506
479638
165165
3957
688586
588627
983772
378167
692898
923140
637406
11905
471447
727216
3174
220086
51495
684554
447007
285246
425139
534052
658228
531396
198179
288513
617659
895063
596502
109895
754239
427440
892228
867923
582376
829203
224179
102375
360841
440462
489554
321662
582086
51038
911798
184513
976352
860145
26734
367378
492191
612167
145029
808005
45978
559793
841107
19822
343014
39548
264960
343573
316057
405095
926615
888710
802810
984399
590594
851333
408775
808364
395112
951775
604321
534708
654175
182172
100760
596893
251152
605393
787599
398848
495270
910418
907212
429785
358258
365764
83358
135595
12767
692112
790059
595648
670157
834163
810389
966606
169356
78450
58633
702901
682998
582827
223076
758693
253481
903687
466689
63453
119775
821580
353699
854606
836844
438031
473084
405662
934356
253510
474008
416072
426887
574588
817449
226208
794042
981981
905647
248500
669347
190129
54916
427343
109713
646246
433793
890519
719205
475461
147409
231830
71665
798151
667984
958229
800491
210817
576863
598884
173837
672698
526087
533175
500237
966237
259846
316971
30196
401545
290299
778214
127006
924422
381611
329179
400269
462099
451502
51181
45161
769051
199609
831339
587032
268870
269256
807034
926454
591659
705960
15504
186673
258722
23582
154588
373252
537207
950520
660996
955534
87996
868526
96710
617614
159542
895475
982912
562622
483767
684382
573770
758409
893644
695536
423297
354153
546700
933185
225439
271777
931729
40908
597190
184788
412227
446931
869084
30977
966927
701040
782095
13148
682423
72186
323961
230217
980612
268112
171935
976055
760406
523013
409748
876375
186012
946856
63099
289400
222942
291758
342185
217537
465143
830655
128489
945354
860129
772506
12569
83031
594153
468709
965489
512241
101761
853
828068
171875
837684
102582
411359
955726
646452
490903
293870
399530
439759
309270
200318
308825
614272
638467
976125
407145
394722
42228
941469
882791
432703
249573
221816
113562
144519
557385
299278
512163
74908
905905
246825
782703
445642
678936
433441
960342
950932
243401
89468
983315
181097
891437
780653
887456
52342
948469
539709
204718
877973
444832
2951
405886
151395
85865
843229
48671
473647
331921
305033
554372
817485
571204
675886
712961
422539
684970
246668
374114
464635
248013
343330
858216
118511
615714
906029
853793
52099
215286
201999
898979
818644
1014
413579
916324
565391
110619
167405
61113
224228
933296
546503
892970
998360
717697
242069
716590
957242
346978
542978
284680
959789
960281
471875
380029
188004
634153
245602
972016
806317
2492
503957
394524
878628
77804
609612
92334
366216
378926
35082
172349
564074
670875
441899
540455
713985
526620
294212
999241
346331
578418
645927
515162
18542
681056
836805
697444
772237
423349
135726
824801
428022
279225
815029
615918
393544
95732
140079
781038
283793
171798
170778
646590
387206
768198
858073
132176
48844
801098
979165
372070
560306
110351
486880
619501
333954
843926
739467
827828
868077
874811
783672
385735
780771
536099
791057
948204
606788
965122
597591
208633
874992
519303
469567
696656
14138
753188
6391
965753
447484
762685
984390
123546
129988
25324
540369
935701
323436
467695
886457
6910
173320
711343
709346
506808
344248
537773
59023
390251
611036
313099
91817
766563
299303
603061
462495
79944
420621
849066
251302
81206
639958
519019
698401
180665
578580
920190
591261
314918
247409
588063
904755
224664
540066
546116
741713
997382
151352
970380
935826
195454
706325
243139
843912
697280
764987
132756
284188
809977
383808
526028
475341
32411
960606
100999
374292
406421
206631
341561
820840
941172
705813
436123
582813
420630
634687
940719
867688
134598
440488
791026
922941
774329
530994
238174
421721
290596
413296
634713
270044
437944
222297
308349
487630
379131
802007
687429
874626
284804
840895
366544
979415
565267
443612
916181
841051
832715
258788
883876
53963
830668
732172
824981
202422
51761
478391
47183
95936
430563
193290
714486
88321
802648
486299
938482
54221
125100
749703
366489
386703
643930
34210
554232
877838
607319
214025
444867
879250
587211
294996
203734
888607
166188
169896
613991
392416
635193
435497
878859
222559
234705
403660
264225
436401
415854
143562
829279
841135
589249
531952
633719
653790
897514
712915
460709
612720
509971
950754
56856
20644
860523
633876
270010
842760
96698
285312
28638
787679
855718
905419
415237
295389
43777
94331
644045
919118
446860
264490
742391
11927
608525
617559
524947
725781
710024
693527
492106
463394
476573
318057
904584
831030
412926
470950
342276
123177
8906
544023
680877
990422
169163
771937
230515
606556
471177
167771
611950
360446
15433
235712
369263
803370
690213
497920
740450
193111
696521
679665
386588
587975
139911
282403
508231
287404
981464
970384
528231
890151
515568
217586
2504
862635
430076
127791
62534
511680
286523
856432
587513
748196
894646
891087
974779
755660
77598
813358
567575
38216
95232
709989
99791
940228
772519
447507
850634
287018
790158
749718
937176
353701
67328
166933
123812
868737
107470
97850
842293
237678
391596
801789
402464
357348
973033
301980
172430
757216
568906
167
310950
355788
958466
570039
606614
854716
238223
443646
255171
820436
690419
862074
25227
398664
672398
468356
581683
968636
693589
275077
157874
425994
179505
738439
835993
212065
381366
354153
114973
456586
478526
429101
939395
174214
767202
458860
302694
950868
354452
531305
206696
321487
615004
17666
521267
22643
694829
238338
115307
606784
603491
765844
607218
120375
822684
518163
931287
406209
705776
16636
234844
390831
737038
933765
305826
792988
145780
881159
773171
738031
995786
840854
275564
197565
531356
753713
675461
721099
80755
13525
422142
898801
496590
135468
323688
71834
107650
353506
835150
762535
218347
429912
694398
931955
100814
863154
34807
606833
418509
696140
612080
924978
673669
277513
599171
667651
224840
392715
924981
365172
81458
296831
452450
463155
245610
126607
70345
906390
165879
466747
451570
735927
95932
653378
575224
47929
565841
589498
15799
962153
331776
810111
641746
979457
693849
62344
499297
133510
195826
596309
431350
379472
698751
560580
180426
835946
491018
728835
539721
93647
202383
311200
265527
753429
852662
846589
359037
849062
891117
958495
531348
434792
585378
672933
666445
457599
502554
938517
977082
440360
190449
962194
714877
961670
332846
481194
946603
47098
490050
988364
26076
941675
636765
394135
849937
281957
113517
913549
343874
916253
777205
776614
23684
852690
529350
287425
724180
517968
28636
13621
89091
703439
525079
732998
899069
52984
316051
179955
662391
877767
740519
234348
532085
712843
725623
410402
993781
332811
634294
646198
606587
963651
187068
659027
528954
543628
186368
55319
160156
623705
632690
816300
553838
344157
462712
875254
215659
997642
616258
597221
233060
213749
95436
979945
51784
798678
662832
722949
709590
112107
277093
978109
482396
701435
838424
947305
135402
327864
374245
234284
910937
658238
601202
439870
174001
404728
383080
361508
86907
338785
360847
872706
261092
14696
717829
305351
418763
146477
128475
572294
214952
722473
552333
573861
139800
131114
838363
987758
690953
866683
317512
133379
544894
32866
862126
867566
685311
39682
488316
986070
370401
172513
628494
22734
935277
510148
781095
366536
297904
97783
282958
502055
793375
10665
181698
44978
574436
8243
358682
512228
567433
625017
195582
370528
931584
207913
49276
384769
806668
122337
367752
514704
377360
449069
963283
394639
298290
913262
271174
320562
742380
994966
726107
742381
210927
884687
293016
83304
345459
704955
166057
346832
608800
288086
630938
548295
765522
885624
918958
369083
651533
675319
549214
622676
857213
152298
320241
581639
150951
394056
854388
89160
828786
265070
934167
162268
914124
260479
603364
155532
116411
756261
127516
706805
619648
792118
408240
279101
202537
420403
631769
389408
954996
416042
425812
912040
402843
844475
504254
565819
302273
86711
912519
342670
955639
304484
80022
663416
849003
92573
685050
631521
905901
806166
374535
335641
168543
678270
839125
792261
768761
417149
223121
297332
694839
60829
136510
971983
207647
220229
720268
739823
939826
323679
159891
354953
670959
160987
978476
241092
61438
968909
768876
957419
757248
819314
736766
746686
219056
642384
423324
374115
29366
259515
684202
692922
815688
260339
854895
165582
825021
542187
2416
869223
509424
452901
394987
660412
195917
180152
767597
453829
402299
273267
81232
811631
568870
12572
670869
792681
755496
22417
286298
677404
399123
80976
35448
284727
92445
810002
64443
74088
763305
20306
885247
155622
551598
816427
415843
483883
895814
481823
780525
462015
530197
977268
300218
789232
794580
699320
458976
337758
203641
318182
749666
223474
229061
214881
43151
722287
449641
40797
143863
373281
985046
40221
855755
469361
981984
312150
357392
38042
996174
204723
153344
606134
437312
385522
512893
971122
886397
853675
451314
773729
264409
681457
808968
512107
649407
218129
993986
192038
969120
870584
69750
14525
470648
433393
465769
617548
590138
731403
454213
110030
860632
228312
558009
70254
887281
608466
160749
185145
574550
456601
62113
122485
156986
987480
97057
356875
41462
759365
112679
67487
353655
584838
749453
1408
424709
465457
970413
134523
786032
548844
127127
933834
317721
179124
834862
888938
859802
988345
264287
86538
857299
725477
260607
466335
627730
360445
434689
377173
847518
80800
488528
355487
529824
859693
183823
693103
644847
578946
914347
885634
81335
553631
848025
900946
131204
848936
586673
751983
809201
220169
374182
283176
860647
27444
946145
964451
499348
764038
284986
232140
9707
389959
96019
131370
354001
416272
129360
317773
696747
625287
793142
964516
883777
900166
557471
73131
519311
381082
704984
570817
995112
876775
866967
58135
407879
676201
654876
328069
18548
529621
631586
43959
197840
243294
971458
351940
745021
917331
73893
627167
473708
916581
244196
436390
895492
32839
795134
500760
915628
417646
374325
777316
725237
210616
163525
457180
942631
994345
732290
136520
31399
531216
87693
366807
698881
408776
869234
461105
501720
495194
809761
48680
242279
930176
698312
505676
569715
481284
219465
859613
131727
531143
590493
515099
473995
908702
932357
424506
710843
611991
386408
775538
669727
683673
199886
25074
644468
302121
590455
85940
227030
201865
706073
625772
6992
571387
626229
431514
975234
627747
36437
409599
245101
551690
91300
14187
11359
895359
26345
15989
198134
645400
108706
281797
767122
153046
950137
13579
285595
156710
340261
558098
158955
763396
192928
939503
426586
252538
729472
318547
621093
214151
817525
239232
52346
244058
121502
760025
472995
866109
306184
915409
440524
693647
41092
129861
818675
955562
648803
201638
703467
61475
692112
264015
206220
518063
362955
753013
983930
562850
242494
270076
16080
919379
63229
282982
665898
331164
486303
943974
342476
673150
66483
675347
8819
970017
194273
474424
703029
105272
444063
33736
502103
568963
162508
500335
570667
77038
817516
735235
642020
591127
211841
834713
475896
127213
253954
820596
126960
351092
144699
773593
407503
56420
159232
293758
382685
382257
546767
465761
784655
248422
58817
132148
35220
589611
778221
190837
214590
136165
113882
809436
982603
486460
723102
331758
566992
797176
195479
4015
161985
475012
124101
384500
111839
160853
811139
900758
63806
427428
126112
373315
490994
362839
340254
896174
406
117822
835719
43175
790904
559288
973414
548293
601956
122678
817449
84543
59724
526039
270033
513434
53457
27827
687379
775548
913968
882868
981711
781088
915212
675870
938026
847907
655379
976751
69578
454267
567568
498976
202157
18055
705677
63628
574374
455424
87395
968104
741494
270863
354656
646832
531011
724601
621523
518755
10487
247477
41462
650212
800760
637599
501304
298690
197887
475716
883879
805457
839127
678173
38199
659063
645045
369049
545393
274819
154798
999123
701883
640823
403097
910307
869120
100262
186945
939856
738172
891000
825095
864867
252069
285771
415827
125015
359737
217076
671796
438188
73441
5539
451292
902810
326335
326180
383345
831331
512665
704130
118225
48898
263841
571142
160485
468671
609504
761885
863712
712164
468607
248663
539093
36042
892402
17292
147955
977548
502913
647961
189150
594525
117492
879624
770346
420726
617499
149262
536438
60903
834231
291565
482211
809487
87881
898618
300976
403047
442164
737913
903156
716536
392337
835428
773046
469101
610512
956619
377516
184771
720517
369621
199375
990236
730135
649636
514327
35123
267584
553943
827224
608299
791873
289384
378745
477824
218854
992630
434764
69278
229937
306078
341839
649040
420646
39554
407231
827665
300658
339307
385555
81471
177081
867275
663708
853677
261563
196955
179703
871127
428770
201315
248491
77360
470890
162456
348390
332056
694125
723871
447503
857514
183626
988656
344455
222257
728369
454422
11906
246394
701966
586578
245307
936708
777872
649567
409369
149460
893717
322001
291612
892773
399028
281943
467075
47421
222694
861727
202686
674331
582801
261272
949707
788237
850163
434067
546288
221022
829224
677955
853587
546219
196567
127651
316409
587670
346175
994102
204313
423636
212698
519786
754205
31074
665963
27222
27764
435285
106601
696291
131222
754702
118600
685254
834006
950860
93728
619947
686813
72859
249084
102189
219144
309354
810690
306050
240224
605434
85242
412916
523314
754803
645052
307594
173707
566865
288698
957893
7570
300475
78439
447750
442370
352564
995204
675469
714754
108458
648133
511964
570594
609516
244708
376314
283188
170361
964289
719251
537861
825651
753524
932540
387447
676851
303537
552277
634428
157430
777879
800840
953393
443124
445781
181293
97748
953681
402425
433104
991844
439405
433239
174922
548244
663318
153106
474315
973163
385245
227402
224058
258363
509254
320802
126707
862203
913304
631340
186159
963844
568853
26292
724802
557476
59588
266214
233661
167778
133802
577692
710387
927696
314327
736968
77977
193862
952732
917179
788935
697856
747418
537615
604251
582422
933493
592311
545404
727124
312232
102945
667836
97781
84850
57733
793431
361537
157999
946829
963224
793536
439745
163745
74651
184922
660909
95950
15661
18892
868162
13074
26447
589961
232627
907910
93274
123435
998534
509992
314812
804052
461925
592645
798880
222118
137682
957311
573740
616922
998840
721344
95204
102401
58844
696124
763244
958933
11186
812828
706666
284347
965196
200972
931530
677464
409006
883042
239067
184077
846140
356329
133591
940560
154324
766986
56511
145384
517432
587286
60005
558981
360868
393843
861699
819321
920447
635232
322057
54871
940460
15590
975732
562023
325375
259357
845658
52738
641485
747928
74882
128464
428508
635310
989103
455772
849337
824742
962046
480593
934185
869886
302117
517332
668535
541912
384027
675261
553068
724418
769495
592179
384925
124640
195056
263266
206174
797432
775459
486812
94036
321050
599539
677129
670953
790570
753643
117452
52312
580939
547071
927157
544104
84586
283985
858588
239093
306532
522831
864096
537129
958037
576761
137148
252810
894590
145280
818627
493102
214546
163786
8632
9929
16221
178130
997452
486631
149714
951533
352564
823221
996527
208231
943782
959225
503439
473676
183217
645922
739468
297538
747639
98873
613902
206291
848648
430583
961909
299529
603035
473713
319519
523570
347755
757103
169238
637699
37036
417818
869337
471641
341928
486419
19397
594331
554171
123040
138976
689018
551079
168833
253763
93722
739925
685409
91937
368395
248041
17256
803767
912560
250240
511853
351698
552384
538249
151561
305848
767019
717949
260039
811892
418068
224444
119287
838338
143677
929221
120737
411922
118593
281234
138583
599036
439802
308814
426212
817217
966850
904180
51872
882618
598359
745477
265829
374496
978968
804261
996828
936247
158508
439315
600176
521367
422594
956484
659685
579160
392114
265562
502401
284313
658178
813126
623080
972589
767878
738615
961286
334756
148255
226237
952740
587505
810979
619967
617502
5245
275997
894229
97644
258183
807083
760899
919196
359734
578950
182739
857696
217533
62111
277070
410051
345129
886244
756502
491447
622602
384161
10019
57675
83131
589380
171608
933496
910160
486777
211073
465434
903068
399156
121900
842556
739420
83852
623969
739660
898820
806148
991167
329838
97507
987942
48116
348460
459445
871241
839192
597770
38085
783281
375655
239799
843517
953685
94361
581856
336076
433275
24288
261663
854706
98112
496253
162641
739627
15796
105984
76230
218229
964449
581274
424849
568640
527597
81568
596286
788338
101589
690782
982947
761748
492313
602006
659087
253084
938679
25108
964256
568471
781327
291695
510641
873075
351909
107294
222640
560678
940293
712564
192589
295167
720513
751097
191950
810567
719574
28647
875455
372307
763821
942398
941511
175145
709629
972356
944726
124621
590541
542365
925883
499943
53079
534146
266514
475538
958024
346017
4570
372867
916581
268689
46885
431124
263303
911985
709736
227116
664775
809756
726258
601805
143412
646026
557498
488506
702401
243526
326417
281475
660540
75335
334838
304430
456761
418030
370568
491268
664077
118619
525654
85877
962998
314476
461843
221417
350936
373012
1189
929764
620578
802707
879068
218580
824719
558999
490816
637434
671881
141615
254595
682355
875880
830888
136149
522146
699159
968582
621590
564668
485911
443937
399655
357296
247389
100185
114201
12529
979351
87799
727559
568609
32589
872865
109760
818587
144418
748026
396188
867933
155321
131668
227248
643217
539764
668306
702748
199414
57623
143199
973825
638832
19275
143237
228752
702504
874367
53099
216126
417
610857
769070
631891
474713
565994
634202
477282
238551
280528
542021
527187
842776
346613
693640
695964
218192
627652
49179
94414
857951
35164
343052
445835
651409
486924
847836
142614
872914
756542
941750
15939
685805
926385
949260
81549
699007
205407
905104
528582
993148
209405
771788
907433
305373
757345
584863
113163
743013
310845
902357
580976
231631
111561
219297
409786
275926
779327
99066
298813
950048
115328
930255
376366
650312
104916
376167
458489
526086
354319
976857
402033
693950
232911
907557
268642
912162
25505
347182
607618
602884
780035
211221
138886
767291
724740
835827
75282
195633
198088
282418
465032
577160
902184
297289
884674
493351
175670
838290
263002
753765
355869
560521
930918
839120
406247
483363
555841
909913
966489
964104
252100
548384
692409
385199
662996
278552
348144
773781
549845
168087
709322
137690
13565
423037
980249
143288
909507
737022
413817
357920
221813
898445
693103
481075
96361
748390
568683
386586
101323
661432
288109
795330
959318
817582
886020
353591
20894
559897
118512
43548
734217
942396
103301
710174
266995
775481
729585
91509
793664
776260
362983
985742
297075
577832
664427
480318
254326
660479
950685
561988
16178
580609
981423
100794
224418
521479
992705
51367
990258
304938
291355
604977
999891
573578
236614
137264
414174
557355
707655
42269
483170
380921
612153
119145
102220
571820
257222
649770
120626
289862
913090
263792
365756
356217
773028
74166
667759
687143
791649
856372
162263
230209
624039
815634
278289
175952
517491
74934
666610
672722
176527
797182
580247
509756
680491
227978
526539
243743
653975
926512
184014
971749
176283
505811
224200
945466
330228
109774
541322
464327
367787
357257
599100
386265
917714
488814
941289
700640
178782
999990
42852
572756
950428
476637
846037
687986
714706
895988
242019
374820
558899
669909
223168
714623
466749
304112
911372
541158
864691
672836
466151
292492
24626
791658
202710
230870
359091
392331
426000
6046
871004
510130
733222
727636
203651
184764
736846
803391
618112
210476
799691
585761
504109
396187
518522
148345
666300
317260
728442
870178
284662
39518
185593
408921
421004
540058
600280
112988
150555
502573
921338
222957
435713
382447
156462
687158
423766
280033
433718
785478
185098
226998
269492
61433
402521
992456
655472
581878
237485
55019
367304
209170
731792
886815
4853
973907
733643
245855
189365
748559
88160
239190
509787
865010
578465
106161
317423
192605
578540
719887
163587
259308
567172
278358
547795
245904
8076
120095
600215
216411
223266
556113
615849
28059
71765
56331
523854
983005
185733
330491
303331
472147
48662
87116
452710
900048
921552
886140
749789
983599
689302
809931
292198
308244
172161
33231
623453
569802
959705
327333
920867
510412
275375
381890
944337
199455
760410
528103
463737
152220
879564
318451
369749
6284
382160
20690
942799
204075
668898
349587
694444
943631
650731
59864
224982
309474
927703
621094
707716
180747
281685
867548
830280
896300
355050
660801
903989
228356
729010
855734
139498
139316
897077
942858
156416
973982
566626
700652
196300
198121
101675
559995
575441
71393
391676
894906
563333
714940
977881
153951
740926
673399
853267
128650
308729
230815
429734
834323
759495
367852
546994
844284
157077
868872
573652
289862
297750
445293
317089
120415
299791
96619
71614
250616
933630
339849
282399
637493
101544
970435
776858
347070
279422
404338
400103
898995
597355
335370
842167
551804
97277
591613
218285
369342
240237
480892
203325
43753
137741
194333
505760
796270
11213
273304
488561
496014
305065
315691
882855
17422
562803
412830
517552
372999
373688
192097
422246
48153
353234
433617
159088
684991
536842
263065
222328
111806
216487
95733
302788
738168
271511
88466
987763
570397
413561
624145
707606
857857
138821
601131
2793
795656
594073
821807
22701
10813
16032
183782
192995
273154
495329
711703
274087
73250
999650
465126
541606
760898
616438
6359
470333
787895
854378
573488
688751
990513
293896
309437
975875
746772
463366
650541
521144
753063
663567
786202
520038
348773
422891
74150
694323
612401
359245
710336
310190
806695
597433
542982
195467
2062
46672
883141
91003
363241
223993
356379
310696
171500
538542
682238
164426
578572
690464
893077
582633
694703
602632
921092
814447
945731
272204
7621
41385
992363
993801
323185
972826
821779
496259
372831
80572
358628
659686
758819
734804
110419
610104
700408
37936
782740
253598
792184
657920
146541
233032
648391
488271
113381
599289
899472
795164
415131
579190
349095
909017
287218
250059
627086
604415
969386
916404
778259
317644
14602
750191
509655
499227
263545
386332
786985
959518
66477
254477
108368
529401
918907
162416
930087
995774
574412
254422
622115
954433
500464
854239
39601
447320
535180
12164
900346
722033
911727
140673
737992
970256
876739
95645
312962
332259
471839
278743
918803
589891
949177
476975
105001
872841
454265
712334
976858
379275
857768
671379
365537
692146
187783
219322
467909
748281
994813
253355
440154
707652
491752
756637
675873
786267
134100
874085
855562
12289
600201
501983
560795
942389
700286
691959
295080
806340
193132
789525
318530
768137
919550
640931
649901
599235
113444
741116
345224
605265
743559
750130
953617
497804
996759
678396
574913
729537
89600
842554
649427
977673
826746
113831
836835
799175
553151
10778
996017
247550
981912
945529
308164
310477
29073
245178
372459
76104
688779
402519
546783
601523
469104
7118
395076
491229
763713
16722
140878
566999
423627
576465
163649
813200
550200
166499
413328
83022
618625
857804
575975
941515
940289
224366
417988
648490
110821
138574
726336
380756
356480
127360
54636
746291
129979
519986
344342
390539
776873
859539
888043
311408
827769
904158
416438
684328
176005
461895
675015
778397
80967
668288
464879
31807
479274
954984
968679
218484
490942
698833
97424
77373
211078
541612
867349
87078
449260
536468
733100
778217
123477
155507
176380
104993
972494
565909
383449
879270
744997
267143
967530
52489
686421
569707
31660
47597
793497
615835
458959
731904
234145
920376
903230
365525
234786
336846
396412
353184
539144
384357
308458
77581
343623
187815
654565
573245
393999
970025
513292
684381
859038
666776
517727
409189
128559
788417
938754
884970
406032
964348
590177
677281
787025
661302
155118
777137
668504
624922
444039
993651
776850
585052
699378
411593
703620
151074
268874
456088
747711
107982
543027
530915
514610
678956
904392
559365
595482
490741
650263
720523
252884
754878
113218
356012
924370
534784
380742
884901
906988
189252
602264
860917
196942
181227
383787
101362
363536
122199
63438
487175
850147
632058
191923
991435
233382
139193
886603
291390
377304
382076
966412
919202
238249
237909
82964
520820
322025
284810
753511
247622
685794
112833
782485
125370
363905
333703
291255
258717
984558
363324
579095
739869
767294
157407
351407
818664
35326
37194
25251
406576
838537
358855
874436
329426
345845
353341
482637
563545
224583
647672
850662
857789
688387
133600
580885
81262
452579
142842
953052
681508
953284
592648
384879
593236
177586
767756
62928
257854
519243
831979
46793
538851
116754
652396
777093
867796
45586
963551
885580
93542
191980
302298
946842
657666
901504
606943
952346
580953
440948
73689
988612
931508
136676
422021
12688
726249
622758
410286
199317
766569
311416
674897
163907
733495
677961
23903
447545
510643
377696
797600
884932
801044
116717
9012
261621
810741
581418
393460
659550
712774
662190
378296
674281
311459
197710
55474
524244
933249
580400
528504
718988
946629
389677
182687
657317
974639
688354
994818
965748
650675
727764
618658
58634
33192
457405
859560
566029
744217
59383
974981
164852
934202
634308
153018
334622
289781
371768
846708
11600
395361
273156
911119
311946
987604
489055
987259
300484
543311
921170
126396
429834
564504
202593
860363
721777
10021
897489
17114
228341
642740
239963
178549
228145
365687
931499
28548
715321
716141
379861
517677
428823
476428
35669
768598
997601
694234
343745
862984
445171
513372
31245
675823
61775
711781
402106
858365
811085
963919
362013
31087
584448
573704
918280
714024
680167
195396
910871
701497
129869
430864
484441
341762
769214
505351
163032
268529
363174
910813
445767
208169
757895
180376
714951
536831
310742
959519
583509
773406
983091
33003
260564
224714
803332
38618
91955
165697
652205
51298
515579
654078
180525
88674
135416
987479
229016
863124
176449
308998
266221
471455
342181
498628
87443
746954
46387
108497
401653
22474
319270
438289
471607
846460
600107
609808
956755
947054
133457
728806
389525
820823
354060
221942
860783
4007
686566
91600
99449
952889
960515
944758
579593
378470
957967
95420
401516
293939
378822
997576
365054
279658
96415
994489
838763
929222
774934
841573
747586
147463
244565
105722
423091
405158
666366
202950
75493
374179
153111
558225
874166
991034
932179
404264
400528
892147
490169
893877
952548
73433
455091
1865
28550
610690
311541
354556
968997
314957
775560
733292
893285
380587
516530
761505
874075
372051
690500
846801
895332
909657
621440
521855
437859
812121
950500
373949
916629
397709
66071
941267
316434
185727
468783
574264
391458
386264
854301
35901
342137
945686
74742
294729
586257
593500
559774
986303
83938
575971
46675
549116
228929
809486
569172
3708
601106
913116
872556
906076
637867
667319
266974
379386
340295
381929
818030
116920
575460
863982
374026
656864
229306
247012
867028
330401
740184
486943
837389
990072
959068
193113
717791
762858
262030
758278
484550
781101
101913
896966
202973
44775
769128
481012
801537
839438
544921
963035
908196
978094
158497
672905
749296
582153
4412
522683
50837
110616
149710
743415
600881
98480
993819
756473
753499
130560
765280
202949
265356
531831
437132
835355
487723
10242
981470
962825
495668
129139
76508
673882
647172
89789
986541
383340
855107
452571
960212
73823
15022
471569
599625
357738
915264
399371
171638
24007
217660
350241
718091
134671
949850
511740
356798
998112
834251
682898
872994
439354
13739
404813
505507
144489
891459
660938
950364
420061
369463
543996
239957
39381
233362
668081
338332
491770
449900
392301
930110
814152
892086
778482
801122
666919
358050
121761
443075
370968
110449
645690
312072
13514
314586
668416
462210
555213
650260
478648
691137
224286
328513
461583
757267
26656
630839
40923
402715
137260
646123
703098
520457
419711
609212
832599
204859
184146
385177
40843
999280
154439
819025
42719
306661
13567
936950
233200
86734
587656
724012
912171
820082
791796
950035
16056
715235
495749
725134
920436
438105
884612
395888
768790
78123
662064
988227
966451
208681
704788
303540
633884
925400
600114
519902
897893
17611
771803
405233
448897
93722
697504
617279
812361
550594
845346
558307
278619
146457
286918
56270
926495
787883
597893
384623
38501
760758
687264
603902
608874
723199
265840
651174
507322
583568
697243
640589
348015
167246
343907
628225
460951
709946
771224
435136
310068
262660
932270
162852
974556
535943
65385
424169
890305
143590
548597
526876
210123
924353
16914
755107
28577
21331
685292
194339
339719
937451
713096
187409
786849
977476
845403
705561
712918
651779
490229
890404
379216
192334
640026
465610
218975
948612
392689
381652
368765
915612
70102
647916
499308
817693
562954
600611
776124
981687
248010
25823
278249
263357
714429
812000
923617
732096
924998
374317
966562
713929
46202
941535
429634
791858
285995
194953
42184
821409
68323
568066
551736
131682
89133
643666
329773
569696
126156
280117
52382
422592
704079
57230
257346
749723
811900
458539
301520
737813
789609
379697
646880
947102
211051
541348
17389
862021
176165
515285
806268
96500
228738
265641
409045
121356
726973
370241
670384
891294
793117
82443
72300
46530
321407
261541
236088
890328
385611
202729
730708
458521
333577
871385
90354
610457
659916
401960
101238
871515
854412
828899
927645
182608
200274
796474
164985
793710
777676
593583
760858
201002
267904
984474
387849
475217
701725
375062
939502
609288
197101
220556
534097
401118
852263
822106
634493
418635
67042
517727
645505
950408
920675
940837
843664
224714
109463
142252
45256
988444
739676
734095
418831
654360
134905
786326
239002
280641
134511
767895
518599
434496
220839
399753
354794
887162
343498
373734
708709
825226
683632
573564
925681
685088
323376
812241
932345
554741
730902
953649
867749
100074
691698
442454
382708
276924
121741
584562
863874
753894
197943
708379
648937
951892
558396
728211
390852
27007
975157
852787
635663
469993
492346
176692
376682
5559
286133
193050
159804
712230
27089
233406
840372
226475
336530
199350
105067
484780
678911
357987
222438
637268
381434
894166
580599
406295
72112
226975
831874
899906
977067
98996
81117
662525
876484
973755
176529
390561
61558
646964
648126
868016
573007
860038
784474
74165
209215
99236
65498
741305
108563
375132
875625
946975
118715
409980
241173
935901
937927
45729
500937
681879
313521
946909
599797
644121
963923
75012
758218
648689
31929
70228
938209
46823
58193
948734
918139
936987
700287
207061
181155
19705
591757
263378
179888
955354
129920
886594
610279
84154
630277
364492
214717
332370
845514
635043
797049
238930
354922
912964
122424
599101
473408
700780
722122
654752
706269
373018
326714
849776
792468
164412
605931
885439
52274
834361
506334
681947
723275
504730
696144
847171
146287
196182
218112
745031
561020
237240
717327
316027
622797
309935
45695
230103
150800
457714
270430
674862
255606
221709
247932
880841
318083
786893
143703
580640
696901
636420
520600
994996
602017
880058
881846
580300
276488
675248
304377
6346
974857
636050
783065
738856
649409
12792
154885
339092
255725
287449
296319
978342
439200
416653
109668
534010
289680
361852
148297
950447
163338
197928
356482
836283
820230
694997
259132
407528
565781
698129
689610
569326
80246
420195
476733
543854
249865
567444
315307
35913
462747
3732
96466
42139
411232
683979
931351
903959
71486
68158
390375
51200
959045
514009
235838
409218
407421
178911
430022
908267
771865
984363
474647
567753
371847
422177
507869
606432
148393
947895
917848
374728
8797
970841
997884
814881
156472
784254
478008
359349
525970
96325
476436
84200
507707
322251
276595
653790
756492
433228
648824
954153
693784
103986
246853
561837
518592
81855
272351
19795
661669
655892
479789
234854
727033
796956
146911
636429
75311
128856
228908
430181
779217
210823
365555
978619
355823
941937
1731
553955
967861
957776
628150
757815
301718
245724
498232
842672
75300
482866
312997
59226
413186
124192
144593
879159
751153
452495
669601
691251
289990
942669
615190
353790
732476
176246
176618
267275
215846
516735
69075
797285
22397
218271
5476
489897
785943
729435
536275
200804
295033
796780
621461
244745
493443
877838
560805
761423
76041
784168
76132
933669
675523
41939
588443
210579
225242
592968
740444
676975
522274
369963
349254
267064
975911
767854
120870
787922
5152
514083
243834
868062
561985
785634
777938
21941
363756
777043
12752
462210
272519
101145
69326
292217
775337
93020
425566
783800
493549
113009
573228
528056
758889
148839
511872
788527
982457
893424
840800
120838
690420
449962
299027
243634
859713
744905
546624
606577
238594
789155
28468
520867
254637
58840
629890
116931
278076
839132
929988
9088
312507
999971
333248
201340
429758
597671
90662
903776
692021
463193
693110
208922
212056
304418
793215
440564
925308
21204
341698
865618
400840
423986
272117
167112
906753
582104
407651
454806
379136
102345
803761
49921
368646
552851
764283
94158
834086
701793
638620
188254
640544
200925
211597
783009
69390
204799
792676
518392
406199
35831
83646
878379
355330
763635
331896
595907
443013
151437
69399
215366
350522
8277
932360
126349
800146
553782
867585
94723
321316
395015
649541
792124
497982
579632
395527
300975
263580
985719
265638
536210
121143
203174
926103
599505
751796
90267
308769
690986
110269
161324
756481
451816
348269
502388
324013
355193
581349
383423
266229
414766
415484
154189
667654
326991
210579
338183
927817
36249
138630
986236
600168
906326
487358
551189
856689
71254
80675
75677
398803
644495
139759
543463
564420
146767
428190
219803
59845
343513
395265
192993
830717
620388
550642
640937
745410
108332
66594
937492
122615
221682
7310
751362
742159
986583
404688
138617
782832
868433
334546
85166
80114
639751
976797
11188
779462
178959
962703
64958
735028
342593
481195
358418
209532
472120
962955
779533
507614
775973
107184
770445
17078
983695
147194
118078
54975
424235
404019
625221
877112
92627
729861
174018
522339
332007
242892
150534
908202
598333
37062
177489
557917
671557
519399
860294
424726
832382
841034
300205
498302
74063
624257
729637
159848
782723
261453
754724
380954
738468
703657
769580
891245
435570
492417
518413
404490
523137
623040
903569
45908
278316
926534
26183
391140
87033
360057
11375
405167
578379
83891
300351
813828
270718
258201
496144
641842
291107
211659
535848
693767
367064
562679
14500
827699
438978
768520
55298
569802
52585
289213
160009
103336
778353
36628
470933
836206
553265
272932
626243
133867
967922
317130
238453
371543
540934
829755
382338
823737
581058
699001
952189
985320
206425
476833
418208
547246
856214
469088
720214
605320
267765
412550
642978
372234
583647
277107
985455
488991
925569
721198
473076
183918
494344
582164
396867
915609
21883
804461
150447
789407
946292
701146
290712
808929
164796
704107
836693
668738
79618
337549
246908
127655
5048
146336
772240
851229
104203
480807
717192
591578
419772
976089
233016
450268
808800
87444
424478
952750
929584
876785
999628
848905
419278
988338
366125
991639
306965
730968
353717
986579
735067
917969
81257
607948
921286
599567
534152
426759
952968
903412
322453
305924
674872
870185
708930
171993
451790
861646
635642
549051
282555
252236
528779
479964
922147
780678
538799
421038
881336
904749
412918
631365
858548
197938
406033
903002
303218
542935
198269
396139
146794
571807
606025
514688
503559
809764
476358
699465
848295
436167
68875
252900
621422
532801
384226
286330
211335
935576
218771
713801
585657
104814
812042
264572
690913
700724
247271
809270
907282
811067
106082
362029
939334
746091
419673
662131
752319
409420
496440
2961
981310
749698
236420
460748
466335
849430
850436
747465
776015
472622
819660
344268
649708
579871
850215
565468
152759
350297
175136
192195
211896
568001
208301
272818
609455
779228
332409
154881
783986
614694
425741
24275
361704
212931
84506
712791
639520
532429
158309
83180
693775
399692
969743
72988
993124
758659
304640
104905
806666
73063
119088
400038
569337
367019
288722
63324
914297
606710
206813
319116
684341
570870
469816
220724
709176
60750
226241
13227
940102
512555
154745
491398
472793
556340
820112
966109
10871
292192
109385
707560
564972
786913
359306
24130
966314
910206
903939
859664
497849
117502
867256
335867
25756
790464
64492
403096
347778
282792
868844
662185
684070
358132
238837
337341
589636
143980
159043
165682
753975
69368
830903
37531
401268
225099
887139
525372
69661
151421
944246
686322
480515
540535
223231
314480
871227
968775
388319
831396
443355
259732
948112
497783
916626
493803
273803
297587
307873
822391
943579
218112
639802
431440
911036
770503
291059
434858
170735
305272
397095
131694
459421
900902
873385
908709
131749
344207
851814
450961
317188
506426
824726
108758
55328
166201
718623
440853
52977
488270
28806
525722
251789
669866
819218
359851
59598
989264
156159
790721
740641
381593
740380
125331
687470
32976
337026
956685
453215
102205
902705
157856
791888
431743
228552
734771
506001
416338
538208
951735
905050
999089
988423
230360
201292
352149
877076
346575
545248
2267
38251
551764
598830
319235
360719
583857
701084
350612
764959
449010
75297
537758
203503
385337
915253
326168
546180
525357
168343
742631
681963
68050
271610
411456
937398
89461
157645
671204
156884
819582
668646
163530
210764
580711
94858
569499
240342
325260
773403
863703
499094
203672
32159
47509
646326
676895
142120
953831
657695
235147
531686
666908
863955
974637
940293
722462
716394
388533
556164
300156
164070
701757
3092
435715
167093
476159
396520
64581
171716
488359
41375
571323
115131
898820
75340
275974
606232
86103
649822
839377
555371
30286
469233
368403
783467
907915
315632
834737
781684
514844
366436
360128
331806
459536
366494
921832
481723
866655
656573
383972
66476
797896
143133
80485
290848
25848
856348
858006
690411
381478
736074
149755
668799
853116
789804
469171
375113
860335
214701
288604
109738
35311
719330
806677
930832
899450
44472
238239
416881
732364
224893
979868
840356
143793
832839
468922
564508
723770
175365
819241
789697
419214
11872
928455
577516
783448
385805
520478
571263
724638
831282
690947
666592
468081
758450
567135
21712
356288
424663
372618
565611
339528
876827
556243
615934
823975
987795
682780
888704
276302
612729
885794
174255
647635
7316
979995
180040
236390
784646
840824
671459
365020
126706
419082
27240
678951
555976
785153
740402
694567
587822
768783
724030
588057
832268
572330
115855
166765
593012
949425
41634
392118
357357
484646
793481
426683
186907
204953
446631
189482
714636
473190
838599
546348
970977
308757
305113
291604
867415
718047
920585
734320
440945
994576
250941
135426
692804
285320
824812
464009
150750
823259
637590
180536
548756
718680
136419
995464
730599
421735
563036
344489
107026
363084
104000
306644
645171
395144
649796
886204
205459
355806
853099
843042
454356
87539
172989
868296
587830
917454
113063
22141
551173
279360
805551
492119
521635
319837
361809
254847
920558
286056
174331
671334
661581
433805
531938
187606
94108
958087
440383
597347
563442
176546
480234
566400
228235
32730
195409
117741
820503
558563
972117
687502
884318
923778
721729
340247
793038
289496
955943
583652
97442
82687
987033
370341
233841
202637
409409
973815
605713
103990
661534
663885
294374
41870
210779
974157
663114
336555
170893
771255
755354
964073
548426
973248
647771
284359
875616
753021
403016
967918
692857
633403
320505
778450
53065
896491
884017
745201
980913
159162
240644
815481
7860
214591
57827
359494
588178
397710
156038
314505
245126
579306
689397
604804
707481
627798
993778
505649
255394
673420
932422
725507
991515
542215
146279
751236
281184
271163
682178
298845
470086
503717
41451
341492
556565
972988
667679
320367
226596
497287
302578
958552
558544
940424
834073
292121
75800
837590
822998
484070
201432
871560
423292
632185
189792
643597
947550
362041
662961
423193
273176
730548
868371
899578
155513
251339
782869
976009
746060
370349
985635
139003
944641
453051
206525
782743
960573
440395
949786
871362
884987
112840
244568
225334
459997
683191
280862
208849
579859
268436
406096
399178
550694
94811
174062
614590
221154
632994
12874
917480
474398
240035
994723
699696
51177
819352
592291
505818
123283
290367
329650
776991
758037
65277
932597
242073
251102
166495
402855
939095
359355
999291
69714
603088
705505
572405
332969
524917
53082
569821
350021
538143
536203
856310
785338
148904
199390
307026
103638
437141
850384
482393
205749
617969
384792
269608
419524
301429
675763
423125
889040
236195
486280
303633
123338
872433
866493
950055
80410
660067
689110
826913
522652
385778
640580
197577
887355
944168
437906
717581
731433
447053
739623
8828
2680
246075
421817
242285
330456
106574
977999
265470
38573
674232
910640
728058
122316
518321
599533
30036
197395
769483
768904
586960
525282
360227
401024
932609
82298
834291
881274
540205
561008
496581
743246
934540
792141
580994
628587
759983
938309
536489
392807
402942
964114
86363
381862
33690
241517
365586
966438
129761
890153
103474
626854
624655
958956
177592
115057
748353
957194
992271
973835
183510
943679
860033
988918
111022
147209
458826
103137
906452
197920
26697
420142
878456
160019
532112
104159
743573
909121
109658
925404
929521
747376
379228
331427
981571
485453
717428
480908
781486
697089
474430
197496
823084
351852
829574
806166
109574
830784
954839
106193
810879
444797
383794
63450
675793
180100
847322
124941
627727
896794
255244
520450
926569
337148
346701
536755
981454
496922
223707
182341
222572
276273
943813
769013
861394
750728
61847
641632
115383
961926
758765
666542
342868
147502
742888
36188
625196
937849
460095
165414
802284
830095
822701
19917
753708
283489
990536
437322
262357
448421
454194
443215
703838
659247
948712
846582
585263
620905
341176
408777
589734
212591
606095
742189
80695
579401
828016
227243
159725
181638
501953
798684
184528
253361
668928
170993
555167
531635
462675
927324
796349
405893
520060
933855
179688
629327
301931
307695
468388
661090
115629
497476
925814
867791
696515
293568
105356
256610
388173
454457
886202
625086
890661
553701
627423
245654
92297
305185
841446
609285
650992
666910
795240
191627
321085
196200
139887
528869
982481
3604
507926
10888
351547
897926
258188
916153
201034
265373
649655
746252
67140
411643
810676
219703
2607
366708
959101
394962
921292
912658
819684
560237
798755
771331
120252
261518
671098
806304
831830
110789
203423
905178
369641
121006
193637
919043
880331
36611
690859
62198
958620
77403
670935
616293
25666
17283
186018
376765
571022
839799
116109
361848
170301
357630
956338
184958
544987
310623
437237
604665
397251
785347
67545
921588
501697
757993
459887
890350
266776
648191
236713
965505
717535
816676
614348
354538
600965
789048
281988
232308
525558
283548
723153
826310
848214
22283
901984
383877
104107
414292
434868
311079
305431
43635
742019
192150
958914
623691
360285
203644
121558
274179
880839
913585
527780
484858
765094
692223
772708
685480
666199
610958
695897
43474
211675
938609
879379
187945
894832
861451
360718
28416
787259
945695
897080
309033
351712
723956
457296
560171
181172
690977
260202
453025
328522
386362
884879
769010
238122
581335
983169
620200
102240
217661
327259
490735
424944
749548
83799
920685
380647
105989
948778
976184
622668
830805
192010
801848
842422
796994
361039
885723
644343
309712
772727
676206
979574
489681
916932
526559
783771
836327
637056
727244
311843
192311
793953
557767
266387
250924
310215
403433
111560
132453
910305
293967
105389
817085
193008
511798
980999
133300
481572
865391
100971
811070
118306
94846
564879
791592
43495
617557
642429
885667
675846
26024
742243
832175
581517
767469
264
334437
146310
456434
120409
538977
78681
612762
902305
639626
100687
536501
972568
702783
521649
763515
596498
35871
566351
867749
417240
292725
231324
12585
894932
360575
548470
225104
17765
658393
144580
133557
803667
732363
689657
373788
625436
280939
322165
784300
499757
916656
926410
658634
632876
38357
455387
30804
704946
808230
954785
376311
52950
115947
915847
696110
763109
262766
771125
119192
170285
993513
473451
164468
965752
943441
147011
144955
371350
871737
833497
689881
857812
859813
565254
190986
177737
991532
298631
138830
652430
456456
860156
917320
485773
362814
872333
492665
536882
296420
497895
223059
37567
366740
307492
771133
305596
624172
494345
443298
769931
719358
763368
712118
45658
627099
168934
641927
83953
546359
364311
385531
308203
866489
568581
844396
433409
689314
269136
943197
804354
33879
262255
416919
956831
135884
384276
761956
688226
416271
743214
417831
673215
922351
965384
356694
83587
805639
207695
34326
50985
590186
228273
93425
883147
293356
974880
220022
158262
113803
285109
751406
373846
310969
16818
959542
495376
845831
622944
758014
922799
370351
908119
29981
684597
397822
921372
602446
315155
118876
54180
626635
583157
742778
245495
66244
626612
476246
217136
818108
233391
413422
647457
378369
80692
37823
23827
349318
672663
58424
892394
48286
530021
707648
260071
415575
782387
723553
490760
917809
534991
198159
936138
869178
90840
207641
325838
52743
99882
707819
402970
251600
459121
301757
60790
494569
638815
526748
494838
102105
604984
918867
230040
643097
571594
596214
313859
340907
513979
861194
742192
423827
614074
644180
862052
50038
128536
1853
227483
887182
447983
239838
325953
836168
155776
260398
844057
678331
409755
46277
15745
24196
125239
324364
645388
489602
832546
945028
519759
814827
822610
724399
511096
723529
331609
152798
399255
856021
799095
371608
658945
735086
895305
414116
953609
193398
156128
602676
425967
37066
863661
630638
368149
722203
890711
182103
890540
49006
934767
147166
172590
729516
608251
497219
203012
8678
769775
348962
974023
8746
582266
520864
735267
433914
526971
326001
454616
975599
657620
674947
309914
427754
245143
180810
488921
91698
433246
916649
684699
519471
417911
808186
606980
526466
372027
281082
257463
218431
882368
234068
893335
946632
394788
74760
889959
971719
490250
147768
735951
395527
290657
806415
570368
247408
545568
951822
309742
239005
697422
903157
167228
839004
267837
874506
609974
87361
45719
655560
341239
959015
659024
406823
633899
483908
689275
790724
239215
126120
899961
17262
813589
459474
497611
880141
14979
790063
229257
619054
963771
734576
4780
313518
59445
948486
830661
361475
21736
617469
453840
953250
685864
573426
914275
250384
591209
482803
653825
37065
107553
495985
549452
553734
496908
292708
644246
717999
361801
559292
102616
894301
94305
234111
87803
757514
87656
703876
174356
448728
135357
74058
477165
350331
219884
906741
672190
540163
226674
568167
966779
519241
234656
85879
70855
873526
4760
331793
539974
472363
49524
729002
100688
688144
177735
660189
935489
918652
311163
179367
966765
626174
219353
816252
848817
834758
812648
639684
306660
436147
191148
371637
750317
740922
78223
956174
704686
429168
862558
92909
494302
962548
513770
108813
183925
723963
497551
71776
741376
985017
482577
554309
637652
756329
453730
152742
4639
506489
731136
30385
564698
379541
748411
334577
464730
778127
798036
7688
584134
635752
214657
774347
11043
952574
194510
774074
54283
861777
387357
545178
695869
427635
443918
874737
155277
154572
406969
692702
344124
108167
437208
126290
476194
504733
338562
393391
517896
271804
852370
930107
145042
386131
450470
435009
338841
791933
976835
4228
46935
226567
484694
455457
946428
868192
973270
915008
54301
134812
893893
45494
767628
920549
819924
188027
663042
759358
794214
870787
880825
635381
693869
703163
501527
484197
729521
7073
692164
644837
297455
532992
874012
111825
959518
122119
238528
967218
183564
430405
45511
474957
956199
872644
271314
535557
382744
877759
436606
186861
147530
216704
934770
644270
757641
777947
979991
770770
336581
884672
943079
49771
331701
204993
511263
720290
335256
855265
822606
630559
19094
26197
524048
445906
609414
674138
432852
314205
996617
594098
909016
335390
318995
922492
128183
625884
836234
745583
135128
782029
903046
895795
819976
453057
133689
264348
936738
130863
931688
915075
525419
170906
591575
352259
914170
760352
392387
541453
78740
336607
379017
891625
827414
443652
782564
350154
126859
998897
812243
333195
440670
100554
458393
784780
256937
719901
20510
49700
528747
586348
606067
806337
120088
689496
646643
463203
141451
19691
552389
226673
685783
971457
335101
243191
872955
105940
432674
120381
159475
92899
974026
272773
847659
657151
413282
561696
53839
37682
458634
1069
250429
7372
926749
617135
311516
641803
582478
20426
777990
597094
516398
367642
996897
970294
44938
756016
813579
746818
205616
481066
725491
88357
394706
13678
599237
307038
307332
976771
785213
731316
965408
425996
559005
925252
448841
45409
536826
812712
820876
77899
994928
535046
63394
356252
978613
148530
276370
877737
23435
771201
321011
365414
243727
916843
25103
340764
494703
840476
455844
763593
601593
248855
676292
544788
650702
59271
938716
18731
413877
253668
377617
324347
991755
428094
266502
231947
901720
656682
578554
409078
372414
164358
630479
685251
448843
699818
399013
803426
279277
300460
41061
491013
665157
666704
959898
942233
783188
312907
831353
551008
939410
47538
817985
294701
749277
221956
619773
120251
632783
805648
819367
539177
515048
61636
782631
379350
146730
631316
503353
566613
483140
87683
808044
249229
961510
626705
116998
716656
548147
381761
473029
676054
851605
871942
248064
619701
553706
30538
934828
376383
885275
449498
899707
318360
935054
219057
880799
925875
299569
464607
227949
72776
484279
52437
466716
944564
811168
792848
127340
970028
188656
845856
178595
3615
324033
168276
403762
244776
935604
934724
520247
241197
426883
405947
99100
440983
650866
322814
506140
799150
567908
860989
12902
642128
504266
792021
665818
395725
822582
609024
964080
609890
415758
906330
74104
32145
242267
880272
128444
654361
59841
733671
385537
522327
115593
48807
729004
596537
382490
330466
684418
586778
953479
473380
624648
818431
664322
902392
960457
6061
348653
641813
570486
492325
622673
508388
270375
18622
295528
412719
464640
483741
661204
645159
22191
951187
441011
872722
835665
647186
961098
552911
767220
952973
95262
728519
547831
751212
752289
49778
64142
302697
515594
224323
306146
713226
761725
625010
240149
957947
232746
159715
683427
299847
685746
89272
529444
630579
796355
99056
341486
824503
428868
898874
256855
262234
84524
893018
505879
258089
304621
349367
94412
568019
337038
234110
539096
920484
586199
992311
140645
864668
835557
638626
927881
736875
706717
773965
284420
961932
902845
548405
105126
719931
989134
245718
480270
729108
933110
485202
662797
890826
497386
145722
455784
239936
687936
41339
740156
258119
424098
489319
725244
757
670175
873439
728790
670046
850011
413019
669557
793970
833959
743574
452831
425267
457451
489112
821118
933969
77056
774561
953659
779619
934042
616623
330758
920836
43554
303597
304946
684168
513058
903992
265982
954778
974426
769358
134447
874995
559600
876693
631832
501945
773827
475398
628476
754290
948512
235380
637322
577443
17101
208765
998214
932041
46019
778636
775433
351539
980154
152967
230943
116730
219996
859996
614222
667103
774619
187747
392566
143551
519646
713136
881044
321013
891862
115385
747552
810636
580336
205406
449367
568159
576291
444633
274003
793872
553576
217987
455893
699617
957130
942335
620325
790258
887315
227848
174032
790167
817446
208531
17360
499605
187691
298720
370826
93818
337060
645923
218929
120470
897951
764873
134216
251033
98244
724905
774468
264586
990414
837640
407439
943522
958934
351241
972457
21763
14795
631407
981033
27480
51838
347664
925090
224202
98970
875481
516833
788571
446641
764344
474322
431523
248945
67946
906306
66981
975093
55201
410238
7438
804920
780625
983643
734601
738596
985559
883919
703617
682505
340614
890173
258612
991273
609232
183694
562480
814511
86670
214010
333230
41664
959276
361767
789512
591082
7156
434984
353175
50682
981493
26214
148781
459754
402255
410012
27884
568182
369438
989116
591809
662223
423105
189103
192001
175081
41670
85626
272542
25903
948468
362108
416389
486039
824372
265043
182808
539215
162268
134559
542019
222614
233177
63710
402813
689832
836857
363959
903325
41809
914707
275730
66070
318947
733011
836836
287377
928451
481446
900168
790757
951005
868862
902857
924406
799800
213506
436156
948135
393315
6294
139850
951613
148495
711938
838412
487441
176887
195137
257487
188529
320185
347945
706167
842069
266313
544178
709759
656953
737787
866276
79774
206300
788221
553633
881733
377939
404967
666060
922949
744522
503915
757653
872590
73048
987495
437411
430674
351102
996889
872412
62537
624765
107570
500564
181133
933457
263043
700431
956581
850701
506516
219444
949662
982932
945364
508561
890581
651889
154602
353541
422354
419092
487850
391374
424143
416490
246115
616624
355158
985047
385941
905726
322696
932563
906752
203720
841913
467870
379671
795809
778873
38625
328147
850827
400494
391907
425189
846977
600221
949476
929027
420193
48903
212186
814116
747381
463664
755973
790086
702941
130235
817649
762668
925466
609457
420616
490086
931769
616672
203729
791816
388186
902304
979017
623420
967388
744177
208476
305652
275302
641216
255936
319031
204693
512520
566895
370845
994045
897173
645567
280598
317150
241188
726879
167204
835749
844711
396144
746665
1499
719908
548157
556314
791918
924413
645337
990931
663898
860170
635860
671173
834868
672738
464601
654218
757715
505913
179815
722521
959899
150179
621674
907477
386983
68599
700214
407616
376723
420623
282079
294605
232483
879595
79479
366738
256723
934837
442853
127516
355835
21279
911070
376989
789023
668776
564355
503872
528017
559742
558103
413725
951427
201214
774811
579400
148781
981591
47304
622916
513751
218444
855849
305941
483332
419352
185298
291763
470843
881259
534848
658330
461682
689811
334415
780863
913690
941494
819602
424861
671426
401723
112082
512172
889960
140809
523878
214835
171363
206951
841836
488117
741222
6467
358497
645703
649073
682766
754211
41985
286938
305924
471168
553043
658228
280649
268282
987759
286041
480047
175129
796516
364825
299861
427117
132875
967359
612201
145439
718938
438268
52429
818035
966677
82419
122455
659997
354405
665248
280051
401340
252289
190502
344228
762807
804552
770803
443751
657715
414705
509330
313976
653486
935258
128589
746094
718203
234300
202556
163009
734426
897664
419502
651180
45427
123243
232947
633325
680431
281204
809605
644138
165748
194550
703569
963053
791547
824640
301925
26128
69327
901322
952183
904628
846436
714435
415631
189483
45585
395653
738898
511350
174571
123242
103533
962280
607296
451064
138586
648489
63597
125879
690386
925462
970588
54948
949199
173766
181982
69438
627580
226216
572129
140541
940412
979400
562446
947554
12692
142512
549569
349802
787638
304683
122022
485916
84203
194277
410221
874178
363868
273966
524713
147828
368700
163485
391626
157967
536790
674257
541301
316421
733806
107603
881981
171342
446935
328599
404737
825789
224593
336929
544482
13677
893980
662277
129502
566234
607901
197383
193550
166156
895084
138400
901496
251181
167480
895010
155794
238652
222615
341747
46996
269338
686318
370549
151736
675330
185146
143238
119825
151574
485176
252707
599109
274324
522231
792167
554729
340775
224696
115185
22776
559962
217663
494436
912046
802343
359801
522889
111623
177902
472969
409359
49487
749249
156785
253938
123110
368028
847577
766392
360274
77426
653119
82072
508993
239714
192444
908086
772889
577608
301615
554057
15550
290736
762568
539166
132448
692838
733107
958005
766205
720617
57246
460745
940922
213502
649449
923950
375194
95904
68137
985490
217944
575445
250777
230181
706151
277915
968863
606421
689732
946945
656246
979378
617012
329683
757884
146417
713887
749038
647258
668812
875785
787697
739851
788358
522537
442580
235339
960461
967400
158930
78686
254520
73335
91906
904251
701807
109709
37380
303635
190313
878844
654230
666945
727568
944239
567238
285903
14338
770434
419906
582946
36849
119230
91019
2052
955306
187248
456776
601292
133939
211748
789815
220012
522572
895299
252670
693783
442904
381254
706528
461261
937430
215766
657611
339844
695879
941634
154638
908916
512244
440924
648103
536767
505352
243377
538490
215484
720856
51746
84382
508447
476292
225123
793362
16326
279733
209680
851789
254434
666310
72039
287155
102080
85951
70886
989603
917875
828
892866
294765
435104
557228
719617
117217
455718
164661
873012
294915
492776
751285
518293
890522
630968
609508
708985
440615
71457
921877
1969
341875
787089
99611
887491
139842
60961
123976
417408
212195
93763
576017
743746
256809
605959
771789
26372
264116
969290
934492
760030
665640
957115
563556
73435
659392
287883
851895
476345
457723
175729
849169
517820
673076
754327
184445
549231
445071
801380
19158
112568
394383
470695
58731
428823
193029
767197
409596
898427
85668
808159
830177
697217
668719
107179
836106
712649
237139
489740
33057
238903
785937
587369
654540
670531
84755
552040
263374
937918
969056
417533
366221
577570
739499
339539
132270
361748
826502
617813
856604
421688
63412
356953
891176
387569
462555
699113
17866
601908
444504
976496
151878
625095
952685
622718
725738
608028
664022
800504
169140
833604
392441
959007
991056
69010
734971
252795
320574
576525
457327
73443
769490
881744
660585
475372
513685
912834
880305
142124
624521
619886
899155
504809
194186
392894
246483
388259
453712
755993
602238
709307
768785
453270
231132
852543
374595
898075
17282
653459
911551
901719
676292
789629
207681
638040
838983
486092
576332
772041
270708
541926
29227
947788
293320
642925
342482
422576
888456
821454
756450
20495
956754
996326
524619
520455
869071
901072
147724
273939
661253
13199
143382
236485
495113
217621
49870
701410
984657
267502
871857
904794
190952
610636
293395
408994
679226
364015
345344
486000
40399
873392
241859
81234
208725
364203
428293
33964
862997
92423
340556
62220
733576
58148
486821
121195
216835
254687
855069
985731
566029
225796
913641
349959
144337
740881
8293
241860
242543
48995
664441
665042
5676
902144
235160
680758
391562
47232
402658
412056
613875
952600
702762
200347
270671
824132
412497
697310
206453
8721
426385
328335
586365
757444
531862
438183
719028
77162
823878
367621
920105
353213
977442
611947
5028
985904
379908
618767
401014
464792
691208
975967
408428
94263
327303
929877
520797
930341
548543
929138
852643
771805
917454
570073
834086
74657
328157
939915
451475
136971
857626
862523
636460
998962
811357
458830
694266
152501
619884
226033
973981
396135
682586
456086
441796
538711
763466
783820
610487
649722
839569
312953
429713
362807
190649
665783
378380
619343
919906
943497
894709
429160
692484
506809
901054
882804
531791
52751
936754
626818
820019
994351
848963
196321
657275
902864
14079
455084
498708
907285
442529
132407
768940
397066
732420
777045
489014
592764
346290
192899
559370
557940
927643
654772
516456
152402
475169
625081
560733
807235
88848
576333
637374
235167
915371
729722
518417
973217
773409
803884
478860
518660
567327
589392
909429
756534
545599
852137
105256
773307
43230
772591
993399
960225
432779
421475
655083
487580
817755
466932
852137
461117
703641
260103
129264
894227
289754
148455
928447
203422
263727
528521
317268
285868
769461
498426
955406
66259
370310
12007
299060
105930
707794
625545
214350
685540
985992
540459
761905
685737
764525
544089
661465
421138
682256
708583
160494
329505
766420
970139
44329
690203
871916
905912
189456
424931
111270
221096
468957
439413
82910
157892
80637
183611
773523
396739
131444
745679
110934
255166
48989
32910
404190
540892
89359
11861
843449
872287
351516
826907
162269
516937
913331
241963
46941
575916
416741
484668
691639
805645
271044
733422
170762
670196
889768
702499
117796
625427
773579
506744
447418
601553
946516
275871
638897
786481
272113
727579
391705
784932
570973
79254
617785
72167
179969
323746
114565
795226
735351
533578
443564
102879
350377
88597
129806
393835
141080
221143
399435
784620
706937
460403
968054
314647
998649
112496
72617
116749
26145
456951
418098
515561
805653
304934
243179
12649
420791
635861
651496
206582
607337
549219
450697
35089
162607
950651
275246
414300
83058
430313
383434
134531
402272
787154
690641
670405
574001
853653
452939
243875
557509
356797
783306
396771
25769
911584
204344
142273
143161
904471
553226
414195
380511
562585
15249
276183
734649
809526
197743
751804
974233
773358
354406
164490
751590
518828
857036
4687
394143
612898
440795
375270
658112
920642
353509
943814
172925
832149
637604
321444
157163
756796
726703
656262
522878
652162
179465
535782
741101
101978
828948
264383
802034
707961
935395
332471
698029
369170
640493
102120
778600
798507
613469
372812
868853
343577
363717
951685
914484
275164
651443
559367
382577
971801
862236
636515
477162
78512
900341
156400
451182
503417
890913
83544
89888
220320
93509
360380
237147
516506
352183
294789
322351
682371
599316
128776
260298
179990
519536
381205
69683
827272
26216
271389
643439
135617
313876
518269
302406
366648
325081
543531
33311
645162
634715
258876
861448
529782
67279
408719
793042
923672
594414
979866
675353
75008
478469
900303
147554
35982
677289
939434
900253
773741
419081
384730
930377
737865
189852
659273
452023
979886
72633
712586
279270
122814
446597
837086
111309
980495
317318
741603
965880
289887
527510
716250
336330
240948
413364
89491
291873
816276
327989
449079
425622
385694
463128
936306
3363
770820
486070
345531
109984
425126
779480
152385
620582
446411
612515
699059
530964
639870
627630
787500
876272
539907
985268
870970
64933
822133
447141
753098
265386
875005
725079
265073
523441
306330
642841
593058
573254
364264
331334
859685
465972
37051
34436
309763
314405
179129
380399
224897
214872
66699
173983
626333
748889
704075
746478
628302
583445
80923
106918
139043
204636
652499
160012
216584
461240
946578
675651
975272
340644
571318
25439
910956
250923
44326
509831
566753
731295
711564
584582
67447
478898
615584
707246
906661
800756
498720
323113
493034
198953
18972
439645
300975
110534
901933
740411
903561
158984
104646
473125
496858
330994
937826
254522
594327
163873
815581
900991
53731
514509
343839
163243
696986
598238
753907
292943
491051
482280
421045
482464
40861
598661
176362
243426
761586
374606
37546
651955
650024
820725
376888
496242
56476
187970
115954
221834
348042
909800
521571
562782
831471
226692
660662
919891
536399
550897
582022
736372
7955
147146
512464
296838
344202
715709
272778
401066
7312
871880
640973
93544
325580
867412
409517
767070
53139
90474
200297
239364
135850
388182
353150
56730
127720
817367
290134
266289
548986
797823
515549
131155
632385
946541
408501
832337
981782
597861
401407
138983
242989
741577
941914
858701
606935
549303
868968
252189
289633
823294
816971
426267
259418
416061
518320
543654
521714
304474
40385
120506
504318
177308
934334
996448
472792
146086
53542
468979
995876
403089
536783
487758
862765
560164
510741
816599
635565
619762
433839
29091
794667
321361
448541
795269
85183
591666
310781
973046
489777
230690
518206
370210
365056
470044
952811
100749
427454
878472
365737
381600
209752
341204
919612
926676
695156
323630
722243
502202
150899
197787
517508
297508
83542
135095
776226
207219
231228
491338
828267
425471
948809
963394
389710
963164
281827
670995
661162
968847
735830
629608
430337
374285
719448
368772
158539
633964
411238
242426
765031
884393
684237
528389
143148
206421
501060
787589
774302
328092
119542
719575
664252
898867
480990
900239
155703
46622
741772
30036
807997
493595
483076
611417
159538
875566
941957
91700
430912
888330
452263
149404
552901
21209
679134
29828
451307
460584
290395
118286
174614
970482
988305
63470
831222
633415
203541
100124
503675
250265
743390
734005
797224
8803
283180
253679
448065
967031
641542
159479
14942
592546
407835
753129
600098
278589
607114
755051
327173
324499
358653
969447
526668
306730
302256
532962
173659
396656
737936
590846
239905
468996
223166
841160
864817
656285
431602
778751
344305
860123
996092
383458
568043
464680
848102
634996
249473
887179
591606
558224
307581
889545
768400
924514
751750
982904
590392
218057
947183
307169
438644
298376
732778
501841
828623
373411
504346
861180
785594
797212
782598
53519
288782
575690
442217
769617
933549
346450
446310
578996
478150
708165
927832
124094
344118
774806
907080
235215
230796
221174
887416
134862
41445
103758
419868
412724
139382
242712
883112
166837
564968
437339
134852
840582
574366
366529
909149
299983
635410
929878
348693
692975
380125
821343
544474
833958
200853
234325
672916
390948
597392
602685
994040
721579
702087
907173
22458
878179
169239
688060
729055
465402
331488
528206
970480
562805
389008
357276
487754
348312
380858
55956
483539
196846
252512
594610
401671
373110
93456
153971
206320
626538
153833
885233
288244
682093
938175
564896
45832
256912
250836
63011
822723
365952
954119
447436
635661
213328
114633
735215
566966
994015
890569
453857
706467
726950
908466
308434
238947
715680
916938
114692
397727
920854
40123
22183
801712
839878
445039
22739
85131
679023
266772
362721
476375
180348
269247
309991
8223
721035
641516
707342
130979
283480
761188
539665
223689
609803
547575
391507
789681
794586
27433
69085
526886
651164
893801
957556
473584
8684
331196
584019
547782
758966
779641
323530
3680
242849
726765
403379
71851
682841
914334
429196
361494
306743
854637
886710
417738
836176
243285
10569
75702
685079
1680
682066
739848
769839
327384
584682
377079
443474
129675
792244
83389
393559
959463
327474
823714
814755
633013
578372
116852
129391
227395
719679
277011
167281
432329
279654
251560
500586
909293
754312
788854
120331
962402
399861
892617
852677
124011
910814
723274
55404
392446
801160
848436
732806
860995
493805
522849
708342
477692
238959
342014
451520
723454
754618
281822
750264
30813
159541
25514
258700
290534
473316
854197
368298
760453
119965
379373
982671
474887
71396
292653
426990
995322
653862
60208
72249
727345
993678
420129
142990
857636
804168
83022
647553
354292
128080
719354
998402
147723
652598
32849
701099
851362
115952
661942
760745
592028
138459
680184
98448
968528
741924
525900
411492
271263
450932
630690
316436
519147
221349
738848
902802
867234
892902
829478
12168
827030
851564
469890
701881
571773
764323
228603
786437
720322
866558
747066
668875
632901
860591
568342
754152
857206
560627
251642
342686
964105
913029
53237
515409
40726
692978
259038
880875
212177
732684
148066
57630
541025
391736
338540
591113
838495
945891
491119
830708
885804
985425
116627
741814
487983
954197
242362
187062
555754
99229
131821
868046
236088
560933
963240
847051
235621
326668
940350
304081
593129
563140
747946
436444
467011
365218
159668
351265
491631
543765
550076
708434
982403
531955
164135
95489
205804
715375
167523
114204
538623
279719
883992
688982
430654
500378
625068
296871
557354
605367
186931
116521
403775
79440
305138
938147
900113
72621
241678
134947
149377
766077
382358
512132
290652
333800
507178
76304
930000
189568
297414
347390
202443
214165
676143
120668
316082
530599
655800
64904
204986
678262
819761
998168
495079
265142
78189
847514
384927
446367
652591
922293
862122
384736
460657
40686
879305
32691
395856
928071
816111
719116
943767
670401
498080
701995
121958
179523
965157
4945
462206
540051
21161
702735
558316
265728
464884
56377
509072
253986
5633
895226
250506
567801
196221
570241
158976
100083
864543
253017
707277
226250
966750
832087
659977
885321
285012
471724
72817
737454
540461
173466
628531
879019
904203
627844
705177
177607
612154
988893
370383
368482
334731
91267
545234
981077
28879
177508
398071
894135
956018
304862
915798
103549
433
886757
927377
384313
404537
785053
660932
517379
406942
651208
545931
95221
149044
30361
546474
613711
264974
857191
396893
883707
651409
793853
518461
725420
541235
381134
370764
763360
998869
719302
133661
655876
446843
762619
360291
668534
671524
14338
106516
377509
699146
917535
476345
883092
236792
974100
824469
995838
453059
291098
12463
341844
556902
485230
660606
717602
537022
859778
219761
530191
57310
318164
258200
976131
194000
790684
230194
679907
486889
353503
710676
665847
633992
359393
407090
436013
134891
954487
154893
99255
757805
926202
541305
643855
473952
239384
64330
410906
992131
329988
180890
192362
141344
919822
189434
15518
663749
148557
959603
694500
786844
600440
259511
347103
729129
411028
823529
966947
496864
702920
803846
137565
55905
8076
96366
17104
125009
238976
800147
883130
249878
981977
195197
255317
573166
324726
23415
556345
137261
462096
65882
996063
776401
974736
417715
519936
479427
721275
239764
222683
339949
305288
991220
255126
120370
590355
723139
59196
829135
525546
185167
702181
545292
42819
535500
896435
735070
322512
544899
365176
292508
100779
878554
529397
385180
170412
729596
321086
775530
933658
163748
315257
687716
565822
586379
743685
788085
552147
416812
821879
712236
12249
981104
984063
305912
529033
385468
219241
685954
946146
950483
170047
924455
418018
804648
79181
89233
378576
60548
317949
682417
945014
369488
350752
690586
37933
297664
150221
279101
791056
394844
938468
801405
664466
903660
744812
519982
93868
818688
404826
544879
813038
936473
687219
811809
815991
465655
617928
389763
897920
482432
640864
738028
776914
538250
957044
162276
594712
737797
690772
500703
817295
112072
307687
130710
942937
28470
26575
561027
292913
926477
985963
775930
647802
697099
988342
701087
755440
186301
342925
625160
976767
795621
87501
964720
23730
690503
739739
110484
19268
466768
490045
823341
941651
145700
304677
985803
414770
155587
252238
596171
682781
763926
854911
821877
990088
574876
400813
182516
491856
34796
431358
21682
46739
494950
646823
753616
331739
601338
440822
199871
520245
525076
708780
652030
250080
273763
581122
388912
77921
423365
968652
320025
985267
764817
73787
926581
18652
170368
846653
454325
952859
116792
386303
110167
220670
692471
315282
239776
422160
875800
607275
725625
979758
813637
333381
207971
884731
456186
294433
624537
500713
462641
73133
337729
666360
334512
385923
502414
527804
169515
616456
527925
662102
322710
100917
766921
763909
98572
398002
386741
726997
73109
544158
453910
962997
996759
16812
236467
529830
460252
573223
972825
544016
251260
657493
422615
802735
584679
398970
137363
85482
597649
549172
386888
804356
623098
62531
136989
731755
58009
134891
45538
52462
490789
614130
38313
74700
317183
4
441407
589543
937727
830071
647174
865752
476185
368040
873968
141084
893163
83460
81754
794667
209319
326819
37763
435241
104792
791310
312423
678390
480786
713633
853884
789792
997691
886860
237768
44600
352431
149939
682525
799618
564629
245174
645171
171589
275836
88779
782112
797763
703792
459462
956406
818179
468319
978810
547385
864842
973347
837050
696699
401128
860652
254777
913622
186350
494219
749327
841286
28925
199581
463772
611808
302073
279826
744455
614451
600797
777433
951264
262778
216681
889706
565988
456762
375990
81775
82974
906622
22441
976144
559594
254957
919686
221146
569237
504581
262236
970507
735200
714294
418846
183100
271395
941853
251794
971819
50447
468379
956386
79972
53196
762322
218448
3788
36737
598588
636743
993610
143473
913319
609612
824466
500098
548497
359955
731024
371546
994908
656366
126381
798754
649901
54305
860288
2156
735143
467920
747988
227633
500288
455961
646674
372851
364924
791423
190731
122113
188558
983675
710052
279897
496136
750775
807327
986855
811706
556437
600066
912684
755119
601705
687398
873274
923520
141000
680605
388380
194451
969976
266497
849618
345652
457670
979541
653881
941710
588471
371739
186761
738309
723798
306546
478777
312307
301292
567784
848317
140286
271758
676964
388783
784979
509840
668201
972108
939841
605464
295432
429269
572276
140557
970789
177109
344716
125101
768803
289731
949017
67518
25455
169725
54325
204188
446566
123572
15231
332913
103716
327975
205551
807811
360298
383880
893147
488488
881003
796218
263045
924372
136179
307964
163166
289107
132021
794207
851164
518226
840815
211123
166707
821463
888700
618240
853042
757073
532790
701552
697853
211337
800261
139146
785699
528312
309705
539481
524251
50099
5856
113323
223008
620866
675540
938165
735206
744142
565156
935380
810423
819512
646253
354926
405743
100934
188021
553335
986384
699192
837460
723728
456835
171257
301184
819721
666540
642161
273907
807239
687784
269751
644411
159873
773926
169700
793566
594724
109791
444675
767463
303447
931187
789860
317841
37976
155810
75471
692943
974469
823331
29142
346870
370743
812388
294212
346504
514249
712031
865521
300702
379382
534422
134135
197105
102048
576107
536703
23109
42989
729630
92788
214322
349324
61155
941466
530000
461334
947487
640375
561662
745039
496639
211695
388815
221003
987253
820398
449042
154093
173456
893758
129213
169547
968759
790776
76662
781230
297475
610711
703869
850229
375030
641896
77432
755352
574235
358749
829916
86794
811066
92801
714102
986104
18168
307271
268500
417327
786633
732475
53586
679386
979092
268441
415044
134888
974882
21052
294077
805900
40129
786159
146618
228510
803003
476960
583982
282271
609134
399731
672427
758298
711560
320818
160938
949093
259361
959457
7543
719623
173749
367
600380
11891
892
54217
588647
403315
494696
97097
380923
960736
84731
52621
771441
896141
83714
446754
281864
819780
221297
463710
89840
983016
982236
796300
376335
429434
153168
825794
509677
545143
28108
287375
973123
586013
367071
328977
611995
470926
920991
895203
651427
674702
759939
38771
478164
634087
794334
6321
76666
382508
935289
992227
451103
669914
185291
727957
463128
44697
342871
415662
25771
541922
83042
964446
334939
212476
817104
98356
884818
73759
757723
942156
800875
544697
629678
177766
834201
795534
524708
662417
945783
244154
661464
797957
888620
897170
101864
854673
590650
602729
568715
338729
947428
953582
13260
102113
963322
918387
37219
925431
951042
97032
829614
489162
941893
983622
223697
892457
782003
477736
175015
274439
587827
402579
562147
947018
847115
686134
985672
464386
61481
399692
17793
960503
932620
66366
767070
639771
923986
152678
71019
50142
969246
387631
626287
780320
878949
54808
118654
189442
98518
745111
16187
913045
265508
993754
249390
583668
267441
836840
658558
602350
199896
26342
379019
853979
745431
29302
466858
277904
161944
451578
128830
256621
368858
277046
359215
832339
271680
267348
176970
985523
184950
416513
640437
574274
485692
709620
932237
628552
376081
606542
608030
439512
352892
104220
763262
887322
591353
658490
652358
769668
45951
51219
152046
99431
917546
720131
924292
114470
716298
623197
489033
744897
797831
420104
92776
712975
872943
328324
477332
99210
142302
260491
606589
830276
229257
111826
8430
493176
617639
745326
444998
33531
264764
829460
645392
910418
843523
660665
191682
99421
3255
657880
22223
365104
241214
777810
474409
821058
11059
281071
255510
787774
308302
622338
398446
579447
900274
9899
817007
894137
294739
185334
734908
796090
725827
227553
682425
844336
852695
332859
266683
583676
456506
216616
38704
857347
467470
575617
596299
472222
863610
684184
516201
462823
185108
176665
646405
382196
40364
120204
598676
869600
642675
159990
707263
925124
740359
148192
858811
25221
396956
534959
979782
231623
449032
642290
572863
824640
671915
628859
300834
927847
646136
571300
96864
493834
825253
236531
626007
440511
862059
705304
374323
217138
174970
786323
260448
260126
759933
88114
353451
698839
124741
93496
864052
634371
320084
346010
324690
668905
828745
616994
637443
693025
342755
943606
496718
934379
157427
983284
245240
269020
872674
187380
770655
820660
334684
106927
25205
747530
915800
476029
421021
133032
99078
946810
427163
396147
599508
175042
612795
595907
106332
331612
771714
51985
707117
667379
965384
191438
465204
669503
164346
693648
161798
329667
527147
413095
845
162223
112082
975310
495246
114277
959652
942397
394131
484633
263567
382556
764601
130641
547152
996306
321944
524748
395633
200826
776970
91455
308643
473591
147866
210554
757555
39646
223051
409770
257132
978578
617794
370423
394442
110382
933265
276749
26390
160858
263008
245304
108451
381952
558778
112169
490403
911961
210418
321366
60646
712481
454832
995645
258161
341673
86939
971976
273015
479755
594084
290188
557687
816439
362221
538795
232369
137260
963285
106778
42246
738563
167714
614333
731883
477733
359113
716783
640777
943773
281308
134045
822517
180744
667664
775442
140103
718185
98602
781965
220185
88089
161670
127886
955422
211995
285956
633584
535900
15886
544848
56815
265159
368444
609291
847883
160252
866447
883675
679878
387222
375586
39052
821703
194545
229237
461857
637537
976889
770235
573564
237805
86253
570510
285029
366611
684726
416322
725370
664872
850910
722455
335859
497265
599727
57224
591185
450438
803305
288704
169763
18258
851551
125164
628085
252407
798126
601324
742613
188238
985947
865699
719171
400908
149192
249773
969780
400960
818259
520240
104771
911864
849739
660363
360053
79684
544016
705964
399143
524562
908486
36734
924630
585144
104693
362175
971787
528465
452481
680367
432289
294334
446209
468324
472628
458766
136189
563643
540008
72248
680841
251753
391955
132293
131896
888751
382536
236427
571263
885996
177857
507539
953576
443916
794280
458716
700783
567710
852738
779129
994429
541892
854905
336853
510654
909827
401988
37143
109537
432250
164725
319776
131948
700400
45855
275761
691129
302918
866081
303850
165008
9931
209683
102125
817570
565422
873933
193441
721824
646350
388687
33811
890166
50542
892432
991990
353896
780804
990822
381067
583431
720176
529614
598492
746063
416010
198105
566754
561760
632340
700916
396422
707351
410639
957394
921220
373513
791785
652920
970348
271004
675987
482532
81155
707905
325425
916315
215622
265809
198635
812558
669710
319171
436961
363176
419343
149064
434363
195895
542522
65988
325150
933492
838979
537000
586362
841712
777596
375920
71808
783005
511968
509302
964913
217079
121197
382514
381074
654285
591464
145615
981628
924976
265476
482090
483279
460983
401309
932329
193607
346027
173215
403958
381030
883222
898948
860439
517329
880995
909562
351916
715575
666674
445282
911812
361132
740155
239861
177499
587732
87132
850113
294836
445434
997760
482513
927823
815424
662446
184491
657480
828529
667435
707955
681292
841650
611021
593069
480056
599448
902174
146016
721552
257747
934249
11093
845336
450695
447332
127487
86163
758203
346169
333492
290581
73002
849523
420249
784903
57335
423810
403933
340727
904638
295851
701276
377497
974790
972046
695971
597407
133138
711957
974739
340080
835542
290039
541534
751239
328391
302182
783215
995499
701195
836891
662886
92295
610576
848699
283649
781157
981881
180134
138966
805835
111858
315165
347260
800882
501540
824013
954058
662367
461956
871996
386551
367521
659718
116495
414817
486054
453680
421429
397993
609401
688649
618036
188859
548956
233456
756622
186731
801021
537800
852559
325179
673305
718161
822710
797817
820842
968146
917822
370437
199310
84594
787144
204464
109238
32935
29158
778113
110727
882758
248582
190737
683664
585784
72249
291926
466793
72397
885407
991868
121252
745898
177265
190959
447091
15518
388523
435830
684758
808083
460116
276921
711870
514784
528491
835875
52995
10171
705968
231330
608703
716684
574220
390411
183813
797020
381213
497819
364865
842476
632610
246809
8366
461027
663360
591255
204846
238367
748527
132438
628617
352556
292740
542473
564741
114578
2203
248114
491485
443016
151008
697257
438178
958343
13946
302075
9451
358266
808725
247279
791162
767185
461515
412196
994477
748597
888815
947670
254877
212758
440757
393791
88599
243808
809537
307098
878645
93771
689611
530562
694168
764114
683563
834362
340227
421947
980166
420742
772247
975893
755541
160310
908327
637696
741839
383042
285943
28774
876275
20369
141910
608840
126452
524628
640981
633331
940992
179215
984099
482705
380271
745528
860806
220891
427013
668664
817592
214892
78819
629198
140444
950449
40401
405907
607195
683709
872544
300696
177440
253433
355967
319019
292524
407672
305117
648633
477590
331945
908917
827661
372003
951078
927227
104054
9854
751337
490337
219207
705812
174046
869126
959992
786062
341395
599996
533546
824556
546763
977652
11592
402619
948914
75784
861897
820082
422316
812581
843729
838511
777479
16275
357303
203017
338510
446179
692130
66769
792703
682164
277196
160298
358036
695457
990441
767810
402109
317003
442848
35884
163247
720638
980024
941148
775190
31170
541326
322174
98662
229377
3330
300467
954319
239759
857266
764713
161935
85915
423710
148821
346721
819313
825899
703056
206547
882218
703683
516683
641461
750705
298649
854193
553645
371698
200522
991256
434472
742177
804575
288482
370539
392227
877935
22454
65160
824797
183714
36566
416491
308056
27792
239134
879636
215054
967047
554520
912223
386388
564523
2558
319167
159203
616952
222093
201353
281028
178724
137026
612588
868568
71903
664692
794559
44801
391740
912461
187315
265073
169961
686374
222439
639949
295002
704382
478747
696445
586117
574103
172156
362131
61318
692782
469597
678933
198178
422549
788679
219432
428200
877422
753447
486555
790195
314246
575717
460750
492429
751435
262998
637310
365486
690860
765575
420526
292834
848908
909178
670578
40456
100322
250093
797531
331830
822575
908437
991994
394810
2973
489706
190355
355900
735601
317212
670880
354559
316013
134371
656958
988550
689285
426996
451384
587795
838651
698127
84719
938506
534489
443509
465187
455477
752459
156599
867168
967713
522838
833194
569031
95525
67065
136695
913016
859778
246302
2383
640409
665510
127101
949499
291654
207499
698126
766417
790293
937789
471912
218690
957188
475064
901947
428113
103681
658159
131815
754398
520342
288489
645303
661280
850864
43718
545405
943346
522250
765984
654346
386180
372603
456013
483466
845234
407448
771904
44730
385137
30855
791503
979528
128998
519201
821455
903686
269521
740099
202267
164361
596134
687026
212404
543204
723580
685544
970626
702972
617950
194175
912825
229576
914368
199737
835863
231080
717196
473706
163913
425886
965721
723458
26413
561645
216893
701179
342194
676429
673849
175643
63580
179463
40147
719462
694884
967539
646529
991588
448380
756236
517057
184778
590640
554541
989254
775880
573224
443947
571276
790190
858826
417294
21580
699708
936700
778476
387211
197444
458311
724900
240846
35134
746967
597300
98664
615016
378335
467896
942515
774744
721177
243520
189021
245280
210219
814156
374426
189148
142565
923622
616695
706394
893799
454556
679311
822759
801312
886809
216982
741234
645169
109215
761938
959648
808752
999524
243882
180331
547912
359814
419607
370935
994749
276011
958071
319603
745357
992697
501440
928360
444338
920175
89745
587681
776964
62302
765732
285687
140988
928072
840288
950968
435092
894163
454668
491764
176458
710506
652125
722019
978498
262129
799600
75446
449227
254626
930963
782137
403962
687241
420285
864161
774706
816408
131806
211576
60550
262568
777937
265122
46325
571405
675695
104074
643348
955028
999229
395247
785737
794523
183877
129605
54963
200846
122690
965577
644903
16570
429684
408548
171414
828431
390164
182651
81482
582583
914402
878161
90895
165901
707098
573850
358318
290043
450628
998429
49876
725173
217067
314500
243602
563532
638373
386883
234558
184880
295057
44131
520566
767877
42976
854186
935300
403232
630409
333481
888349
96286
400288
368866
520580
676321
294337
570579
854540
710952
650086
708643
16954
751114
329561
835752
128969
468175
293123
573651
848007
962795
70242
92729
980956
445656
424025
898238
547818
666767
973345
381408
472592
716450
737117
815581
932041
444409
591308
199490
156978
330471
713240
528082
980841
123944
244299
691791
286801
15737
299745
779496
759089
186004
558968
74878
978684
95239
805092
162772
51307
937904
801183
954068
260167
304279
254429
738296
256003
32360
920126
188827
874437
435915
170717
707613
232197
783650
905093
662764
504846
620382
586756
958902
232098
752958
172759
438184
152571
448102
709252
630241
226987
138648
146503
11448
990628
14673
773092
25766
850452
98242
203419
379282
786729
393193
497082
347384
217650
699788
284044
973365
405989
931282
11119
214769
755901
141566
226820
515369
476796
31049
862719
635863
823182
662554
527709
760641
648462
920100
870902
568347
727265
406684
759144
825882
361536
9558
969395
732503
162836
375995
757475
771611
337658
543977
271464
121357
141286
308135
747777
53365
597283
705091
951447
142124
172152
437898
366310
810530
418983
954020
493334
30092
86543
989577
203880
415208
731313
458596
691915
207278
53071
747202
222031
365653
58608
804087
521009
828478
411393
58190
685972
128641
982678
375850
382097
488147
453709
639997
237285
118929
704979
520457
11371
482240
969694
598879
739760
617310
149544
659592
977009
648071
466102
143698
313237
291948
961551
971087
237817
612594
729094
169089
223297
795254
944336
952689
388480
765681
376263
603166
81536
586167
846074
195347
899822
713754
468910
639186
651173
582827
675190
889580
579157
141728
33258
830642
367312
108241
286407
965446
124017
803997
17507
676682
269161
772650
814795
593018
21223
971977
824187
479318
347939
175863
427449
25015
824392
348799
924622
954691
390716
815357
802210
206012
667597
986751
767411
959090
372409
240260
731313
175961
582618
65510
798522
903221
721836
149651
544813
498418
751100
873847
309357
550224
492015
616694
889908
477435
36077
103061
294545
101432
398632
237944
343871
674556
433548
331654
135780
101015
722821
646056
490211
301837
37224
102769
122334
796741
766271
41752
248715
718811
974580
897120
65330
184272
180440
908120
359808
216481
489873
269374
735115
566709
896990
633087
271395
363183
954057
138970
539025
824996
98600
456559
177638
671631
419682
522723
482239
388757
32283
979705
788282
83585
429672
253661
383194
777362
340291
644722
583918
918824
389216
651921
46204
987858
579511
158625
79771
628085
915807
874447
347933
83477
715862
290282
130088
192259
120541
731998
327974
194915
639552
447052
744530
100313
576755
149442
244467
578000
341464
596124
652006
43878
686302
223734
185875
8632
885123
767244
370498
540165
511161
488433
759942
576961
708583
318888
678295
760825
697990
27875
314750
610461
987564
712021
672489
914287
853990
168758
711198
733127
284605
209875
72204
726784
644379
363983
79485
984451
930952
30714
266152
911662
238157
456203
218340
153760
426425
432829
868278
610147
934209
117636
548107
115383
356738
604395
637825
674167
108899
28940
965791
482346
871062
624555
847334
422313
249021
57711
296319
305064
413161
727805
132627
930530
415869
832562
492794
151973
941937
462205
565387
313847
886067
490712
753362
671588
421863
863009
693663
749093
249295
816153
12987
594607
375302
406648
481590
344597
537127
168682
82780
15130
996043
522154
40390
217751
236078
164538
87116
741317
934707
515004
831960
837288
532542
472048
233685
987737
468159
218891
793543
393838
553039
571312
455733
921287
983090
249933
184833
645368
777724
621973
192280
845326
912145
626005
238148
737664
82309
909622
941150
654708
111522
665870
811937
177002
277191
743906
294683
10249
131053
882300
16196
595333
266981
460433
869097
572477
347264
742154
208198
346018
154819
274551
209720
506080
411730
825362
730513
722852
697658
742005
63397
849058
318982
635308
330418
760050
855874
262821
735145
728534
423306
578180
599133
979415
47885
849619
403783
908364
307364
470423
389235
843196
246729
475006
689227
627355
614837
816372
637950
374321
531034
749972
402893
957528
823354
862203
788658
73636
432226
388601
827821
149917
507207
362849
143404
782887
51707
514816
940950
443395
227660
519978
537460
876782
265018
77167
801468
966887
452050
501485
534396
188238
697707
619327
22304
888872
664124
12243
392352
706623
334809
859930
465544
722726
121608
999960
944805
421915
657028
858715
316745
499717
246734
67080
846972
21340
789610
322449
289407
889703
945341
297794
584061
575457
269697
446395
170001
327541
4386
437304
710510
440681
908792
765644
536943
152343
76578
977965
277436
2133
827899
524840
645653
508022
252796
433269
988798
119594
571502
854757
278151
564160
546570
635320
487479
920908
249006
198027
835413
62308
901118
508462
782418
876868
765717
973012
129622
537873
545511
478755
362533
767291
787445
770988
160046
111099
620843
128180
591088
567676
186841
727985
270666
587350
484428
78160
888285
332405
684553
850995
476191
757016
642725
564600
931647
496949
133060
667956
662192
460794
813676
556928
488597
969199
886213
64745
616711
971832
654895
172107
80582
6198
422784
136440
756921
70540
411993
448273
449379
485438
181795
460855
19749
100470
956907
44380
361322
903329
224728
260211
82418
437238
165573
323398
508286
900823
217791
290085
70677
765840
379036
87292
725298
28156
260854
610046
14795
959174
358339
20734
176765
665549
736210
909020
299225
273505
791076
608796
788805
979434
276197
336722
29904
704681
881862
522361
395414
670805
10936
274148
150604
943975
262470
423692
136617
809010
559375
63303
426290
74537
915359
885146
27232
521157
377706
612005
763823
827902
766884
799933
25157
810486
437055
627159
548541
241461
956866
661663
433424
853711
187203
794280
348640
261218
613505
600638
939872
171836
980576
694552
730786
259161
663233
829482
763710
752329
818750
359830
107228
300720
599743
690306
463199
492008
426300
952261
894318
637057
376591
20154
45728
299944
244148
3383
746436
428261
940257
733912
453386
607358
969596
804404
113745
662137
961917
357362
578125
640831
782626
698356
686740
403996
898121
101104
26694
149667
45037
635232
311127
227887
633663
241168
773883
239620
820384
368213
755628
627603
111097
778716
954267
310812
559928
431776
297841
357102
915879
809525
896512
65162
917162
309954
311435
786342
378773
843724
93550
10381
419240
445036
418283
502115
737384
704867
799507
676934
520795
862468
745422
152337
318303
690767
468999
10170
198055
360030
953206
871195
188499
487929
82443
356878
872235
617988
435508
951665
239737
530200
232971
455817
198016
617198
16991
351746
107868
101175
744862
529428
456311
320010
266396
909442
874149
354229
281602
458364
910878
620596
561045
177509
506069
14848
290018
511087
897337
709758
589828
749793
753031
243416
629201
807034
769354
177577
57575
77360
867185
265234
919054
541393
625611
75562
645066
431307
424673
560466
737664
233223
41391
137766
276226
565807
527809
145551
535289
754576
602919
32309
251374
507867
498772
521490
672053
575174
143961
958114
574710
756496
949177
115318
973721
393121
847848
52968
141966
915279
381413
237289
445814
488829
130929
34486
981617
460382
889131
266921
178885
246103
921673
86572
532647
217283
949813
587464
168618
763408
791169
980955
718017
299270
802505
951400
259058
198760
635428
337161
964122
706035
770822
729023
258711
210819
598581
530282
504917
181589
127270
447764
979896
741863
521012
83687
727203
877756
566972
795071
950691
412924
561175
436442
201596
383991
683445
372524
334605
134602
166866
193680
906466
773274
883416
359768
520662
972157
50834
434757
576291
7353
747463
527890
593672
589348
931835
312235
707862
478698
310206
32379
972566
487597
239215
62179
463386
145415
705425
456710
114975
5035
101575
924737
814940
148585
726127
531128
741929
931216
675801
298635
301327
858221
204195
987816
124520
784498
873778
500346
148339
425139
209423
661632
190070
35401
408091
148664
145360
193945
445616
559673
39514
291759
527446
303648
678521
390339
921567
521378
23300
75614
496608
742145
407500
700630
22988
144666
638668
128309
420654
176155
146606
829880
220419
966033
126200
852019
720625
364255
898001
387474
693800
539595
73140
820538
750356
264050
993904
7757
763324
982620
292889
642957
611258
310122
620431
508312
255511
677740
248488
126609
140354
186639
606269
119391
271277
198131
152590
159567
931397
755739
374803
934165
470860
986238
632992
362160
249172
749242
857203
298539
816282
975848
809565
721919
742588
439050
748235
490966
755096
545697
575217
342122
42243
731164
601426
54988
463075
37034
875822
951041
76778
150000
616456
280583
26031
778006
248146
752821
923626
299964
811959
858240
640268
834827
740229
579290
389177
212454
764854
528244
589347
684350
946457
169572
335492
488004
950498
35042
591864
778042
337674
931629
806708
567779
625060
749003
103783
290521
374078
79533
24043
155133
293360
306992
26024
986120
643972
683712
286342
482944
797697
125719
887628
645127
292310
932259
707482
222862
257184
361542
308607
251238
352920
380471
54072
136631
328028
58182
287558
416777
260312
803196
955690
803584
992273
269728
903552
114277
160910
906327
271862
429790
81571
706979
792935
948736
841691
401676
733272
39419
193089
238620
436877
86964
497547
772803
470281
48688
797412
76955
31393
722475
5525
979398
568764
499721
201039
606452
795498
250468
287767
967169
207069
385028
169742
944059
848648
863148
615388
220353
419602
693649
763833
702726
157431
259302
816280
355253
329276
403154
597296
879535
317452
314819
247591
384176
486516
550300
177181
830607
328440
853450
47443
91172
171856
611444
758455
293188
38722
994897
588493
133287
429021
870291
751419
964651
703375
845633
344049
383409
419748
191714
779059
99045
452379
493653
910276
319260
951719
310398
972529
261142
354623
650459
457911
746402
198690
447220
735889
314145
131947
271985
133219
769762
176908
621189
205500
421549
438570
162312
601483
312539
85653
652323
710370
582754
554978
116068
682975
224175
515047
336050
600380
493484
647955
437722
411445
239073
411367
304327
328210
966006
810453
642001
294608
102935
386611
347564
78192
793392
28380
51009
937051
748696
804004
733210
617456
861898
633653
998070
40748
525
470731
147964
446069
473398
243144
386189
624259
907140
571956
549938
470059
719209
585941
809012
699466
492520
968423
780619
907786
831321
895545
90222
39444
771210
263780
925257
575570
857792
806120
356749
997407
175835
970596
864481
884750
889751
734642
561590
274452
621614
516125
208888
723091
742107
951104
71200
814531
954298
709500
120550
646015
117708
833813
473812
100394
15574
498474
753654
532860
435240
788751
707758
366189
714171
369032
831139
11772
817332
251429
531482
128604
272005
127477
163613
517052
903859
286056
746327
935985
12722
451141
141186
50563
568940
324932
716599
213137
644064
232329
605220
462305
741287
815613
541660
269832
280787
991627
570441
358258
449648
71476
768380
127759
272044
651216
593381
455259
720979
130786
730654
397384
649522
429846
387617
286537
448157
627865
641434
970365
658509
469525
698648
867190
842209
441608
749917
125542
539077
840384
793620
490342
310704
617717
460002
789090
435079
899650
878293
746403
701983
81794
63929
607034
998944
269251
986633
380614
982596
55018
644291
167011
420927
976931
423124
94511
596793
258946
829747
10170
901558
304379
765322
208073
393239
257210
279118
485191
320698
58656
775279
929673
701116
636508
725931
238396
622622
521377
452030
47662
687109
340809
659060
833333
130779
42502
754462
871104
409620
497728
609699
885816
411275
454161
632174
78930
874058
547225
560517
859188
114537
222462
640634
628097
539341
112835
791930
315331
883922
375108
553666
468148
226883
426187
112946
823785
640902
963731
170426
164060
769685
572567
917616
140244
11814
727125
653316
538291
174061
670052
725003
215580
783095
947631
826423
13438
699831
581901
983208
384962
32734
946686
279515
692749
790115
819141
352640
252530
870306
7965
29098
361975
21857
382489
802016
151234
947757
582171
525648
488033
660771
765680
921187
210419
859850
764295
574380
495541
839774
261452
543802
101741
873384
188390
377804
644908
326920
625865
159204
452036
882709
488312
930100
133319
407323
720411
565045
583991
553731
774264
800343
233167
695568
165777
685395
837357
120837
543067
763548
927002
278565
504214
348787
997240
626642
960973
377690
266951
134679
935916
315488
261971
45569
246009
186011
252798
631208
854129
446964
679781
173899
951104
172060
563762
741657
296603
368413
647614
113548
851902
475531
163104
400432
312317
84057
948567
858498
109833
706375
649680
662451
779906
582393
422932
44172
411891
596772
6736
855787
249582
89505
859394
19115
935109
310372
207614
463906
614050
678470
11099
836931
717700
511613
588028
386276
283159
494126
545086
668443
319406
997337
436347
956161
375775
891187
751417
368664
992571
465105
50099
835337
400232
167104
736065
89094
294813
949425
781030
209550
207610
343889
898870
660238
247042
276535
479970
23461
695798
217783
88354
780992
422223
135252
661053
675684
78423
846546
870584
943563
703012
849512
424281
607397
831410
731604
508630
32255
19804
101577
659423
127937
789303
22788
255813
843922
880587
385212
858885
844822
479727
273528
875893
642007
937152
819066
279754
105537
970749
962009
820356
681159
689218
541932
26550
129444
308895
372002
247798
135996
746709
45615
509533
89377
645868
717985
992763
430193
244980
414097
689498
149404
389590
518388
765357
254723
611349
181905
782870
64508
223463
271565
157905
889970
915562
381090
658496
86441
58949
891438
980883
189216
728988
373544
512531
824783
648879
537069
987084
637520
285584
244664
566933
515930
996863
403697
989821
471528
773156
445468
369684
63608
678055
608242
486547
410863
573039
192397
526121
160153
290678
446396
800483
540687
168454
393719
346870
733617
875282
375916
669996
206547
578483
518839
208553
198005
887486
24369
769817
672617
492478
245727
786105
879321
133139
226124
860542
640929
504998
612593
933413
854872
697159
203152
222552
415212
159782
43488
862010
978027
416683
78178
138704
53726
210738
751954
977483
495696
709158
563257
529334
834988
231993
764191
273272
505988
239485
187486
265479
932206
235554
991890
878506
850313
807949
292909
535720
523741
382289
576423
60946
925153
570124
322002
469738
687062
938017
8587
245039
943440
908237
643468
39366
53716
240424
373855
401542
392669
261946
544301
941856
649209
48184
762613
228842
525392
771290
513112
850950
480325
182682
987984
708211
966837
766666
113537
393584
184285
492242
301352
654024
23384
865349
330480
747199
224645
887584
214627
924119
124551
417374
768510
137087
797542
19835
787229
413401
296595
955011
712981
338662
865864
659797
986848
697617
47246
12281
524019
301333
965848
68507
519852
835403
211405
73444
173031
353364
440995
839604
512368
770783
905190
530366
493010
962327
213209
301439
238286
275692
774387
75228
310760
486333
680458
722071
770075
176287
535182
517485
451884
514509
777515
962000
984475
58540
32210
910780
475574
156089
35026
561464
860105
446801
417888
297707
468720
383388
322997
223129
490445
214871
668822
561976
240468
59901
926191
696051
442051
846674
26329
708474
210223
919628
304251
449604
242938
720350
898060
841890
962337
676130
555638
790529
46642
415330
971542
837948
414106
578114
530976
678556
446300
651150
62240
485357
866846
183772
611227
842238
139166
508510
817236
590516
41154
931334
26410
239755
295436
768022
120095
213483
221996
434627
750771
755619
10863
623365
189166
915076
531734
780670
594301
817564
907009
295684
914804
234958
297098
993805
367986
938315
216495
844150
112994
362031
37287
689456
321694
232378
644309
91463
441646
994665
576666
691216
805869
850736
245317
76591
817356
349207
400934
459586
657840
50670
474816
581230
355383
727086
373404
539716
976280
286062
918202
927503
488424
544446
473763
715452
162233
879780
321370
783910
973085
628465
247856
655294
972680
87038
972663
41428
627475
715848
537486
178948
278109
910950
820507
126207
852428
332579
251544
195061
984177
269308
299268
910940
82954
682871
580089
737376
122849
694109
59869
274151
99601
311319
332274
788352
232104
515809
575177
877735
921448
650413
813076
531703
687784
515158
129944
679661
555736
946879
921921
800276
266530
819208
310799
17555
983595
144300
559023
457871
500792
486586
222116
457726
626990
900206
689060
997705
667506
913324
411583
400605
645615
441304
188922
985039
369653
143892
431866
615977
99966
198935
251292
313302
230285
12327
653026
129637
374320
584755
274183
39741
197604
335055
126451
183390
162007
247756
636874
437647
872072
920371
370590
389162
690954
326366
596613
634368
34664
355572
392198
524970
997283
220607
868781
291373
277591
994284
595646
264265
455292
252318
53894
18207
294215
54383
678924
156796
534512
66884
947943
783750
66639
992715
360809
238913
605152
914388
747577
967487
811301
506889
767615
802658
8107
816523
154360
200527
660964
3499
343849
194161
997683
802498
163760
865319
740999
107758
84213
781195
519583
419625
299136
402016
349675
191751
439269
48535
170899
408076
573402
537342
904465
617767
162089
206598
682745
383759
71616
236143
949081
302265
110054
694034
217403
138803
944520
111883
969991
857312
115953
349952
117765
55632
889177
318227
108673
916924
876308
595488
879687
533851
594795
30515
949326
446563
442696
608137
783025
395487
586634
389441
335576
240617
927545
226528
866165
896453
69587
539773
393130
353754
80773
241487
586248
505678
127349
820497
981939
994684
473532
783
624673
142293
503153
858769
736577
909776
523809
643809
940216
732559
963866
475961
205638
613072
137126
188238
477960
49420
16918
350003
855382
530736
858100
15084
93580
377653
906586
312976
596262
996638
752736
995161
936197
933645
925488
179020
345230
359171
228790
883775
643890
284723
550004
508108
963848
697217
935794
850065
996373
480732
595154
113760
202798
192948
633666
731146
608949
505690
980746
162499
240511
659508
881541
259954
403670
664665
663596
305560
966938
39887
167246
775514
983426
694110
532956
480620
87104
617872
794656
766428
459203
806920
298574
52024
60182
670589
643379
15710
284197
916241
893578
920286
929568
436178
920942
820301
607416
218892
534825
583401
588807
20424
526250
777508
753164
237542
254229
500111
504211
844050
938869
584484
96627
34918
585485
48
723697
685788
676300
734939
848387
385646
593630
151061
436911
566796
973087
741983
269584
641913
138026
301043
178426
689155
426192
784530
761141
785693
234788
843880
716902
44187
82355
322205
486668
152968
469074
478394
942949
754599
555279
799414
200753
429125
19081
317085
972238
960823
971100
69916
882306
268982
737460
384491
851288
820819
772355
520919
566881
64600
15949
813739
149403
74173
257248
759034
542448
939524
293346
768972
203541
29874
860355
160163
663379
528426
401233
942568
56675
402919
499945
299191
587633
105045
620939
614340
703939
274957
540295
447464
324659
895916
648340
584524
304856
290958
479872
582832
269315
124396
978113
515865
866405
450767
727913
450837
14030
78320
505208
610988
43024
249647
710283
473317
985666
362539
510515
853042
309408
486340
171425
701689
604880
223147
381437
331263
150271
31650
896981
231155
124842
447765
645298
560085
356665
496661
729095
887041
949765
186221
138371
661020
670075
835555
165253
396762
292568
284301
996463
115369
2260
848972
336979
100797
386331
116650
131979
318329
824694
418188
350309
521527
763145
38739
714298
619252
758325
247701
20192
648283
10589
641587
112309
649964
974534
853719
9180
441993
328664
124237
540164
67293
120257
441146
295844
661673
961145
179069
636611
816300
510496
811168
388659
910639
865731
44602
731486
233898
876733
337189
376056
582486
417530
738456
858068
32144
491735
543776
872979
889063
405477
831360
885814
113346
937549
317025
235221
765297
428877
282359
285289
882702
209632
556531
698307
124303
291260
677726
897696
656812
706869
537625
593619
974887
788991
365870
658466
670205
493841
305362
617838
23207
977444
440633
688201
265229
521754
884566
557996
60232
815868
254318
253376
617618
101276
479512
13658
318221
475353
127635
649988
878188
951169
460612
327478
90434
804241
271562
337444
561381
65879
635392
430065
85118
290680
297998
451201
49841
413390
915372
734700
853923
71145
962101
281806
701420
353463
606051
348091
609499
502142
112749
490448
175584
812357
21242
197476
682458
359635
789760
795422
814910
441295
359934
205152
110048
763718
214226
747745
263969
516620
928312
618521
563190
269369
247135
690517
341969
581525
598761
384938
818862
425870
591616
385606
283323
999333
565392
877410
889316
443049
611428
321811
877115
18716
418848
152192
619585
299890
165529
685102
899219
8567
270476
710455
103476
821136
806082
654426
151091
564313
936702
992428
871033
813294
466655
896555
537649
909958
48921
488434
162708
697273
18634
753545
40336
376610
814204
916436
71444
462495
406646
684332
135611
329141
251775
51019
533522
595985
472240
65505
816072
770729
424180
480515
954865
150593
865632
879683
739446
445130
141417
875482
838685
185252
743110
123330
748593
99972
562403
758689
809102
385393
548926
537759
185291
287529
198882
513048
926212
314400
312190
337261
249474
725800
312546
563445
956106
693100
611861
983505
378239
228694
734677
737438
485620
131729
739884
859587
474514
88552
424555
252841
704034
742605
599942
166155
753976
216502
693643
73891
625661
270754
704641
664516
533975
860026
201945
933382
970039
375762
141331
585307
671870
229710
343024
705728
796749
193761
36047
705040
138280
95345
607847
687410
297797
420631
451744
366515
188983
661634
861646
135854
181426
776187
848971
709224
247418
41667
301359
572472
250285
715480
641262
621987
934761
921367
39183
211270
710619
995067
141765
539820
483365
426499
179756
305344
669419
602610
847009
997916
343099
249136
583614
375103
668950
997838
478001
388766
811807
461479
174264
741393
237471
610657
635579
377070
245491
293203
183877
299827
657875
189249
372896
21340
477951
158914
453261
862293
704520
136963
793821
354186
92344
506852
436847
24346
719839
968959
229382
894057
993595
69578
522438
189972
762435
681682
308172
31104
410256
399975
174631
203019
35944
368599
284918
612324
254889
617362
764766
408695
220559
965037
941992
425600
184034
896578
10422
134913
938367
511732
188512
6351
9664
593680
4464
429830
689035
606735
724021
815388
291060
861944
635464
955859
744656
436386
665625
811144
462871
951063
543156
135593
944757
637012
858966
732932
542509
734126
466790
952506
929706
912718
991954
513042
333668
495005
830727
876265
51627
933114
820812
412744
462483
156520
429564
220878
949757
471877
828446
966540
737917
806261
673443
117231
799085
403166
947131
795800
486926
451531
960788
174216
361557
831156
200496
405815
526298
505557
654753
470403
501337
753082
814756
830790
69666
672028
210968
60672
521827
764517
758873
680179
69712
229072
543997
829966
619692
40556
64490
428097
988471
165247
272338
704751
55732
607047
167309
308610
282262
70364
691986
203288
123078
633201
893265
620378
211092
323897
831919
145966
604983
635174
979742
211842
837314
598924
446872
84297
568934
607909
819449
216771
290590
488365
878327
555572
564091
802094
724799
40758
82956
920150
520428
636586
168937
695619
256422
148298
940828
514721
707477
650458
828269
812075
171521
152317
608905
759565
923336
20644
661710
935914
667066
991201
503222
845049
140053
47002
421597
42314
366552
57113
33136
614375
690502
710783
809460
436502
412601
84312
697456
205818
650271
777418
195897
495704
93206
33512
676312
860536
946144
328932
271833
692898
646723
828768
592755
963591
27968
153253
269263
642562
149869
892525
139767
83891
16753
746202
448476
441675
502748
360714
483267
718183
15329
874946
267342
207315
741872
559111
739
134575
850804
721227
916219
55087
339494
51013
411401
740860
380236
732185
105156
81784
740562
516023
487443
660318
678787
18944
310549
996040
715300
640546
502858
710347
413165
182980
172897
613821
878245
66781
115294
65367
914265
373472
470055
468597
15992
272337
540524
932538
247630
414331
85169
711120
145627
787450
855994
719501
487696
725875
271826
335473
246117
545764
872119
918348
700249
816150
213413
201724
627399
800239
85885
942164
420962
456740
78034
48729
69325
504715
271505
214758
772250
278542
321034
763695
908316
111228
554783
746274
478058
393721
316360
792489
414451
328662
950144
523532
603129
534971
746447
992820
125356
609089
76085
321099
990756
219356
660080
554622
24057
249526
753386
940708
603522
186903
195395
244408
736361
486911
764598
915202
83688
128150
882986
388181
323938
499450
676119
282481
521824
694392
493075
43528
659046
458519
159673
807966
877874
674893
465972
1225
961104
161749
376173
948504
429789
586136
837647
957904
559894
527944
259763
256146
318811
84940
804973
997784
581510
831701
45490
317470
934178
686352
876389
986013
819466
170548
933372
362162
531744
259259
806227
330270
838758
668589
320909
416870
949052
772055
920611
998299
760886
844507
474315
754036
895833
937761
9413
446167
110387
742187
558404
603639
724756
526983
584440
836566
697261
785821
442676
856684
128835
126376
282817
816672
942223
225858
378110
804787
504373
620503
232434
893436
675679
172539
915696
33485
799478
731544
940198
46133
668157
81280
356482
214815
304009
199457
164864
460248
542433
411670
646229
512110
817326
478362
196145
854067
549406
12439
318517
388001
707484
428509
85681
178200
589156
605230
569688
493954
510085
314229
257091
262871
713655
912215
815518
684284
848214
428899
556531
655623
630011
207075
454929
462749
96309
501588
66328
606589
823337
680753
81252
879509
694339
672875
919892
556946
452952
603382
38390
964341
519770
441533
643921
174048
560695
537398
277454
673265
264270
278351
940291
993861
811854
501063
244189
320670
678893
173722
167210
523423
404482
676117
612417
65140
270785
748167
323086
723918
291536
271768
702142
938956
14090
172659
990979
23349
527759
95327
820036
205282
791621
111404
526757
696185
503344
917192
777390
2707
587946
487345
723738
235967
680639
513988
357566
621216
820967
785653
214036
478449
136096
218136
130852
267497
330216
324571
653838
282234
694676
404566
100342
240947
329040
23035
375756
847429
774452
245928
798711
202530
415615
831964
736541
736001
920242
175173
568145
365567
556811
386231
829018
145311
260765
743609
35612
361010
227784
184506
537318
576210
237019
378337
785047
367688
849474
989954
407533
164301
326637
675948
553516
864046
939392
276255
789991
485512
756208
393499
98285
239667
46593
885267
614611
387963
332185
295616
404315
884554
740031
928211
903038
250145
818422
686146
21851
731781
637872
38212
511036
387190
254001
289687
716481
979738
712641
623166
134635
356601
892941
643209
630023
724129
51867
178572
277812
65322
24936
892466
693907
96660
452065
100202
289547
216332
142394
469695
497654
568974
2605
744773
491116
553700
395922
663087
541610
357644
462615
816190
655006
921271
516701
51540
421585
436270
159856
335015
127729
743056
484896
104784
821114
511990
359424
995971
835905
539703
463931
756761
537885
657287
457038
527433
465650
215866
251941
918902
321883
680551
299414
85794
144499
87655
281972
331136
836929
291837
207825
580966
836222
633935
127636
426849
13571
759826
539314
975395
652435
724037
358732
543831
825283
721236
694821
399509
552514
924636
357311
15025
456329
566542
445009
28782
531040
635181
295526
284816
947401
652593
568340
842447
777549
643662
480984
655719
590242
765774
81995
678093
45878
735323
870467
60348
610779
209177
682505
578284
202703
919664
220786
2724
990246
856359
93340
296999
828054
645227
414855
362890
45471
136176
677453
142757
401429
427503
231807
209320
634956
129293
253086
268101
889822
307868
915635
54539
641947
152890
964107
492819
176142
890135
272147
970835
148392
213
404940
866127
519884
569096
707818
629296
132470
509916
841999
786733
636040
585110
898719
968678
435699
922547
301567
998735
784126
889452
229999
940745
903670
883931
599361
63756
130931
522679
306550
90689
472130
606012
632628
815725
221556
969446
644901
427463
252994
116123
2414
138858
808091
702632
159946
960997
13261
488868
178563
323120
875979
450993
245581
870202
690849
250464
379327
447901
502449
87604
487662
601715
269672
636095
250920
754754
805699
382697
936330
454994
868728
832272
513023
867872
180169
807125
181355
284812
793347
320061
324907
920889
353484
868959
663329
107790
239918
61208
152906
446845
328561
847633
93997
284751
183620
412733
660244
254764
625974
781678
374551
111626
758879
106773
203475
873584
906524
870612
738874
833190
838454
340418
211012
619771
112164
961210
279940
670707
102119
945952
2261
459915
455955
862194
215155
678377
897454
278982
426854
914981
486641
953638
29784
560174
827819
746628
175880
519258
104837
854364
527063
892878
886496
306149
608192
130566
832410
268211
438373
467714
361904
507756
921348
125774
247550
908132
125128
745388
215649
159128
444028
155487
209213
39556
615706
378647
40218
177761
867458
281460
672681
691391
382150
778168
8741
822394
954338
790542
313941
117980
936073
872881
848558
300943
770010
155387
481748
443069
342577
845963
404033
139078
106074
749329
848511
517149
872353
946745
337359
948159
130885
511473
562220
710673
667467
207897
826921
961302
79150
143942
506615
437578
668148
915891
680131
435101
734555
424069
830908
518543
920947
620985
599602
389220
95109
725037
551002
759045
429105
852232
421294
482867
868438
401222
203889
971816
829481
39651
581392
676044
75752
533155
85476
249617
118441
558588
101076
843947
27916
847906
185432
982703
950735
520493
175384
574279
15168
5480
87922
133136
459725
472056
822939
241104
745079
705127
35549
963991
961637
769740
875326
736625
747221
191449
312001
743044
261165
725249
856518
155149
985712
161027
339788
467249
456844
968792
11991
877891
315536
902837
832941
966353
135226
400125
854458
927019
913646
462663
944339
705330
758083
508039
261911
700376
696888
703003
727154
921657
353284
756084
34299
255765
437771
695327
142013
260202
73068
908079
672403
96298
434423
498953
540652
408030
354748
816396
292783
750615
304639
750875
944824
304716
24263
333064
89343
757077
320598
513566
319962
957699
137458
11
280153
7705
220834
995624
586895
766699
595317
462375
934384
993938
460795
816408
569622
934666
692503
251672
110942
160552
797292
568406
188079
858618
126453
991107
58010
706877
213809
422870
175069
959669
968443
477817
546050
273261
123319
371859
241829
404683
861033
45363
258834
531919
402079
391317
775436
139816
753551
522644
129835
306995
471611
618669
723421
195857
285584
491948
68173
263779
513359
996854
242976
928869
284642
37426
178972
894436
232912
352148
198115
670365
958284
523142
550365
972852
839208
636853
495477
550925
131175
768310
528506
394571
872495
675476
74725
186339
587997
564984
877946
40988
686771
59763
876679
260965
35821
743082
640969
47762
618097
589214
838574
507765
891876
755478
468278
374933
965529
157548
236403
411150
322148
271090
176751
601861
642253
142143
151148
766917
709664
44633
920966
312763
190817
458880
72757
854538
5022
76757
955183
167372
896156
602278
196010
978854
833843
871831
415295
929671
267766
788909
773482
488125
792650
412026
146350
218036
394136
833313
874325
949451
291933
148869
999765
490836
290206
589010
929807
797352
537593
504295
299504
112741
200535
488671
931770
623302
543550
795067
691165
656157
238019
104173
50751
586095
420316
828932
822619
51692
274388
113775
172677
742217
677911
941743
171531
410044
418477
607837
393080
110547
164420
853781
424306
453746
452901
601726
101379
216935
306761
467255
160500
422636
629701
646368
74773
412024
603296
872130
580122
220354
314373
841756
241248
890003
104148
532427
411469
681350
895250
829269
249172
619615
148609
960530
603352
390
132683
936759
991208
154399
11608
486656
249001
4487
326271
660218
478417
14252
261784
1514
444239
179465
52976
538397
70537
625661
481878
327437
50301
50311
800146
454829
210697
883296
344629
706066
990534
384437
187788
712253
676814
746880
841646
250569
421214
724226
237557
967597
627287
444319
539273
193775
480415
517589
850967
878054
338980
658586
19105
306794
473024
208466
876016
933978
898168
700202
660772
258313
411679
16532
155372
593734
299480
627679
425936
156550
823161
258738
678059
506352
912522
252965
363575
807301
136556
769083
508353
437482
476310
272768
366843
713108
108155
61115
366832
113423
493640
738769
186898
320235
143945
513462
358383
47427
802795
654608
769730
793131
700828
577578
550822
816437
553551
496721
642149
744672
215003
149583
508271
314911
221379
112705
220646
19329
580112
160599
819478
982657
95323
163176
925506
481580
679335
500912
83226
951083
165418
822119
642184
58092
205548
852286
751657
738481
103561
644089
964377
236341
895761
537892
792807
393526
252750
497139
348200
891172
766565
850682
689383
921060
809365
964357
318906
546369
312285
886357
676591
236464
479418
153912
613862
913406
655118
758403
411640
223192
46684
541359
807317
470966
422000
315278
903724
89318
281052
35112
752067
395505
535260
674550
622630
763244
673435
286970
667132
610652
874895
991097
492597
788998
459391
252439
100319
518675
567332
552269
39832
189661
901677
212616
764766
199769
189661
967521
655106
612513
828560
253493
480507
719772
738651
559329
894743
496780
121232
879708
538188
985203
165409
217841
79213
477219
927964
698071
702648
1249
698324
89583
889804
945461
64480
752089
410616
220241
597437
544370
981614
327835
372431
43182
802390
751833
469764
649743
493247
425336
925977
57920
36336
384825
138806
93776
992989
341241
84917
588814
357877
88475
435073
684157
611928
819156
706328
17972
21990
931986
333554
267285
991603
661066
273276
502311
932054
876509
223037
532755
69472
153510
103066
953080
931882
995298
208884
652971
271304
460093
399855
576846
851738
860277
480142
293963
292992
838253
763578
484014
453037
706512
841186
190813
744917
940896
969276
663540
634624
475930
505705
980545
788864
233288
808054
980249
263487
839651
345150
455893
369394
494434
739438
914797
690346
461987
635873
129134
814281
906997
15785
794459
515665
296448
769711
946846
948120
852498
955634
232809
930328
901318
132139
215278
632291
632211
742865
370359
801971
989358
797560
268386
885727
260957
987349
933437
752490
839386
233628
619962
368054
774879
353610
574863
412822
575060
604607
895341
112769
473555
127683
15962
581154
213972
837929
110445
210315
346810
491921
273318
953930
9465
67015
926823
882964
243810
127752
307091
915294
401292
146149
708738
554123
504993
102273
978974
31552
896962
766836
5085
310995
209432
811218
454939
225569
77560
576902
397651
381310
772338
399191
409593
10503
314039
536397
477175
768340
941476
174316
972483
813322
867887
59423
50650
438605
438765
887665
229851
615634
174653
374516
722690
328722
441621
254596
466303
811930
59879
719653
457138
931584
799535
858825
456134
901360
755548
380079
754983
285988
667032
530021
417057
185522
399414
745902
538519
323583
503927
270590
224092
3665
125305
474082
826353
867138
42621
193596
611356
712657
863891
287852
368481
575699
602276
663051
719136
712071
706332
35857
919114
781254
249266
872406
235201
839257
910613
48181
220236
897189
855348
792845
999475
377537
266090
515489
915005
239912
22341
943455
281156
489930
451890
769918
741234
535165
668614
280000
319130
255761
628715
53463
426421
864384
121765
757028
857719
136772
796352
511194
605453
127299
859096
340481
167606
641766
530692
747863
496699
20551
753504
47313
729484
571080
484470
358015
838457
855553
137161
123405
983049
440849
882493
505509
992891
960662
443686
328114
163671
647799
712171
175808
750511
84702
474775
886207
857143
600643
634364
761063
901694
832676
66948
484533
440840
346577
201685
733715
218570
916451
147936
333973
315906
562253
988359
160544
217712
161802
412264
878245
847220
357302
282379
373771
863429
346361
333924
614379
556619
478814
609220
45813
56411
377857
89443
402735
26252
792167
586306
889438
415354
549032
727488
36285
875671
68551
899771
833002
37225
29218
221473
319008
503332
973956
444818
814879
523620
557080
478323
294312
16902
141561
22674
797860
598436
802596
467761
860645
421420
62671
616433
465860
136285
444563
41309
943848
146013
605444
574159
946216
260025
796641
761475
533384
984825
310119
174134
289952
585183
375040
500026
650651
922429
207577
431513
511770
590768
172049
237155
258168
481852
962764
87639
543337
302789
235944
696874
283067
599656
116935
839990
370431
703028
295691
349762
286273
158152
795233
292650
371698
178570
706547
53867
563815
752897
730625
486413
982266
289680
831946
592429
581070
462096
552932
204326
531057
288713
608555
61148
738330
470284
739158
14117
244945
735727
927973
752147
885934
701606
60727
241506
993017
199610
226552
706299
973168
897385
937207
723043
62504
577243
491733
852483
947339
55484
17945
93460
961152
935290
894817
399782
330472
605
555699
978510
787843
712829
392818
784490
887219
916709
76588
357650
441433
191235
253776
58589
871900
409864
16765
585357
764488
702178
934261
327448
419090
507283
186864
669268
445946
247982
469133
645246
414473
300846
988963
458214
89850
364147
363446
589819
127477
614746
941190
209199
583798
934583
427969
886214
520972
566194
320728
651841
763582
848891
93870
346593
697928
517291
380973
485722
958403
935225
757363
52054
930658
846933
275050
725986
666840
589220
951478
110649
287896
434713
288199
887595
285108
145388
160014
938154
493159
997114
228555
963121
48942
531193
924549
672466
987728
666774
815123
260122
373823
79981
497624
899170
454999
909220
156428
926389
807171
241893
185268
171289
238463
334518
85108
292732
828663
297974
433211
752380
681422
688118
4380
683347
141564
716081
342141
141214
224527
536746
908776
580680
720274
587809
582911
563159
823051
268081
658124
539155
481437
705161
629430
820750
973774
317381
892240
505685
693859
5480
861068
647602
104680
6264
575373
830234
909196
353974
54746
656442
186408
481401
634094
88985
272032
931238
285868
703913
200162
409102
630767
782128
497996
70436
181696
187534
750698
560409
251745
539946
622749
76758
161670
312957
30743
659285
562339
240762
367106
89949
147040
827481
127104
576536
224682
526335
351757
23506
352803
723020
692609
227152
344441
669824
998898
139787
945556
627722
365943
262024
151529
212975
756807
645845
339500
410452
92863
648930
552162
285416
206530
381433
291156
608368
100283
641371
19488
673200
361214
937657
192425
465523
306892
471692
234926
626040
841845
320017
731192
450361
700888
662628
619181
494360
546118
527160
218434
873449
527237
58481
204238
654550
727216
862302
325945
548531
644028
886294
536531
119839
716949
820398
803009
128915
580774
700948
962386
686666
551480
52299
148527
903437
791858
947651
325425
327130
983486
898004
263949
799664
83980
998039
115114
991418
46704
80737
44564
397013
672359
928349
230856
511808
367351
36869
277935
866463
46132
264765
360808
674796
222110
617292
426686
671739
167656
938295
415673
409320
970708
82876
240144
811295
993657
834920
902652
80967
131943
869013
219623
965580
308705
105604
613123
44871
247369
608274
762232
179533
200025
443482
281653
580497
179085
828648
760168
217078
876063
952085
253000
193973
231786
854404
705039
238568
25520
483703
244614
819889
173047
734223
836664
861705
828302
257374
372552
467497
830957
716907
660447
455182
536506
197249
942717
396525
402280
716468
250609
114035
548666
177
970979
104119
972774
417857
242575
221375
150356
79514
907852
807852
812101
429986
245066
898691
542545
417793
893211
365464
104840
314721
40808
325465
472186
424197
556740
60596
93779
131843
636893
162662
801822
285279
807118
482529
637610
43078
532882
954458
425866
743652
411796
752684
132341
836514
255650
859308
406734
360767
872767
437706
639999
988618
225303
139296
299838
279993
948877
49818
909554
177834
940977
594819
225006
356467
507789
403624
698011
765543
290078
563242
323125
52584
584416
398630
535084
603428
351938
1977
988010
541934
752825
21554
633524
511033
26993
739672
133866
751539
486621
820052
80616
274108
902063
508413
443663
179073
703076
89342
833694
153081
423863
90534
726521
860924
334261
784908
409740
264443
299056
436829
542217
506464
251725
609220
499149
359811
755001
935220
752992
579461
580344
126357
387483
433549
391902
878920
129188
894173
278
768921
434069
788880
101343
499392
636412
598834
184151
641812
142523
467644
317232
695245
777998
79402
257983
646388
362732
47291
252275
760745
81991
983813
849122
122961
769390
623474
134783
315162
305426
813275
178152
109932
72038
336511
483612
434029
283615
21535
668106
18993
918235
63162
685636
620221
370078
538208
793490
838390
269943
196661
864547
301291
988865
254917
955295
213500
721413
404222
826904
425061
216765
782478
772766
511466
750195
674074
460657
317025
77448
465944
940881
534935
926161
568073
394482
548320
806940
182294
304652
222143
684432
427526
762190
436013
172018
212826
137010
844298
744580
685062
593132
860253
976392
814540
607484
132106
700898
708469
995619
884431
416539
977647
119922
891322
293634
357886
358269
845163
602157
753952
88687
647553
698205
341570
356791
145572
977343
368408
696928
531567
198351
208413
392191
36088
743447
796071
1989
681917
376982
226085
16436
508140
882236
494073
585199
524943
972752
620780
899306
19922
127540
256274
531520
704562
565185
866491
939811
190276
272588
632915
966893
766239
107978
667735
177493
981416
811152
789684
958142
400184
545394
456318
818730
825324
778445
897993
331596
524488
223969
267368
570363
454984
489814
236928
448130
896133
463327
249096
481364
835393
702588
114719
163357
120015
406937
521033
71795
380129
478548
829511
606635
444336
55132
187859
48777
867714
406901
159925
246479
619483
765400
988741
116790
34754
930998
887166
750843
387694
30877
890298
651088
528974
936372
948175
6195
876210
748704
438022
330204
775193
611209
115445
48720
301079
159031
16056
361235
850787
15894
670992
152378
564923
420888
720983
712350
455028
239609
24927
220077
937121
163870
829287
482778
528735
40407
889529
457205
214652
557379
90083
120789
899010
756627
995088
7793
772259
157031
143042
428046
462786
706452
991726
611347
467228
302983
774323
47096
980561
300035
154808
603037
819411
71430
36898
261111
546858
131146
134256
607525
470433
713063
312243
838816
682640
79381
631852
326993
852103
913423
472452
720189
911764
495636
980642
429019
989554
690887
15917
9095
719694
103671
601438
396623
128118
141368
358144
84842
860193
637360
744839
848264
528469
155950
804170
656835
973113
367348
493471
793013
146487
310037
60690
640613
890701
598905
436865
116569
178289
410622
37399
218191
59743
381881
432291
245702
907968
449114
845716
586679
856632
587054
71060
928417
128396
798141
203197
477570
380527
726867
690172
354977
896168
24348
444545
462728
816993
673384
769696
954256
554446
262991
925127
735380
488631
635310
872156
738183
213284
207759
128179
362338
79589
628071
780713
459510
952443
132152
16480
802527
702438
963415
355287
669529
378508
276232
874404
554668
506371
182085
469649
947459
211771
117278
564241
591515
544587
915834
957981
750039
30294
796027
234544
621680
323098
916672
79067
889289
74581
532676
154117
454368
190612
102179
137155
877472
364121
866941
293008
441812
88488
13363
188201
482423
859630
987343
996360
557031
315599
488512
881594
121719
92554
211010
486239
450915
512459
125340
309822
144159
127246
738691
223298
149576
813290
659548
569942
935548
82818
735775
899672
671429
938691
508759
684412
358128
872602
773445
409216
83836
387062
631716
311175
498990
494837
647880
747349
780546
766318
671392
842918
35003
927450
94234
841643
924891
261727
923685
104802
532591
244474
259922
747472
417474
720649
229716
282142
485170
121331
470118
434638
553631
888245
899020
80472
374335
880009
988017
324005
611534
342388
777391
409255
168227
304109
387758
809683
544862
83045
149539
601724
626238
372984
555642
122125
83727
59630
296207
743203
960768
457261
588821
372805
312850
117759
35609
275009
907245
293564
897761
189348
332749
470292
654254
140501
201945
319355
31905
302542
632340
557361
599418
769144
80364
489453
588027
823011
999920
293925
333419
618399
843487
429565
46646
110393
334171
620681
807410
751445
912381
29377
770172
341285
263938
395072
516161
990403
992930
723769
325529
888049
329153
603127
112461
809514
792255
912270
765753
807652
50794
791523
23052
112613
820435
590549
106285
350527
279102
328327
33784
21226
561203
855692
473638
67580
904433
78893
750859
24711
670466
387353
474360
596751
647018
943082
36032
849126
534969
857360
762648
705638
594368
475740
229976
296971
443360
745835
592734
183787
187133
280493
500242
18322
316882
585169
263619
761982
792927
211535
823664
27188
182717
768209
242979
269309
930385
429247
38840
639296
354847
416933
987772
597885
215030
785284
798897
351395
453449
531378
383277
971023
467870
312238
558369
296675
131743
574212
50295
98622
171086
395417
500373
876125
573782
102228
496255
439438
878716
915945
965849
74508
37045
44099
118793
926972
151376
908686
410043
801411
544212
670
305022
952770
617828
355839
89420
79023
230815
566362
862055
404625
741893
508608
738462
851415
896786
983318
175855
141398
778799
37149
927750
818398
642558
546781
800228
378487
304147
969518
137563
72765
213059
735011
756661
235861
207508
707283
318645
317195
288723
334149
599477
325578
133701
471287
217326
228471
275893
82891
682582
56810
878252
819279
530340
8329
727743
685608
601199
24259
239042
420570
870708
720166
149083
767733
254134
88414
625841
875232
313408
440267
643650
959355
50566
623805
8084
510324
380202
671887
120707
521512
340954
684125
707449
296435
822102
838883
537212
568534
360079
51059
769634
486916
215723
908434
546015
515145
798629
964848
513151
459927
266642
695939
388271
682799
196478
818559
520565
278248
304437
79476
555008
634527
204189
945539
738841
961084
799937
289342
911929
296604
952168
489564
116917
203488
96996
953301
147605
103186
423207
871968
500546
65519
758414
826951
46813
843477
229442
57123
712556
666570
214260
95226
350703
971622
359685
103985
60113
184479
247560
828207
170682
955503
476959
725009
132609
50596
838913
827203
571007
282563
307038
595905
735935
209626
573913
595435
612753
648865
861172
664318
321597
924428
469066
588981
723285
272112
607605
699323
639460
21583
99344
130891
674050
629314
188566
557158
66377
249346
561449
110256
395298
59730
486511
622952
938489
880781
15895
740418
558159
223880
441593
439267
588205
275363
350812
419512
567094
26993
254417
409076
349974
436673
555068
839844
910807
439945
41970
747632
364114
556910
892926
324464
593410
465395
552190
921256
599476
511355
322603
881378
432602
752636
720886
310439
964671
584706
523149
517145
35734
598493
697788
346608
422635
397097
818225
821519
750459
674168
400664
992642
140959
270750
127333
392982
631074
653336
73456
96277
482612
983897
63801
691421
237496
768051
970893
58076
722360
910623
969538
864235
660408
475433
511964
218435
691112
518522
585234
465760
250930
256451
327402
88753
554548
699972
149761
417208
490952
522294
427239
661828
721726
379995
256743
598281
455403
985184
429732
878553
559066
589419
243358
180737
133537
987975
520724
984386
912335
898473
543748
514731
985218
374815
585422
171216
853013
394708
773686
415400
814710
217218
870792
815688
930517
951860
682262
820344
403832
962295
295069
212335
104875
269917
909574
154801
761109
223597
272712
860545
133607
83114
236330
352515
603053
452478
190054
628979
454022
358979
911786
640764
970289
571823
18552
396214
262461
901849
182444
799679
662243
76716
720478
734004
879023
449383
814749
247629
645720
304334
20700
406803
815345
804081
965929
922366
878840
886998
703512
543215
600460
890757
642238
730246
753468
77681
595737
663649
548219
31870
125709
519154
372591
590067
393161
89532
661608
925822
934152
527018
825774
28766
103220
826380
385907
201393
386853
588271
896487
938970
596422
835223
498090
987278
592217
851035
596381
212860
14289
909597
252370
488151
108188
281957
547681
250305
532996
991834
316316
784533
145323
787740
341594
777169
281076
899008
715568
881822
333761
460649
269566
969982
221718
454208
611621
508369
635100
357647
730454
682628
840002
891199
187526
88471
698622
793452
900221
146632
989297
867362
544334
850081
964265
955319
159585
715995
57984
158789
859052
979694
238049
928001
563776
444598
535147
274429
991808
708803
101102
348598
954412
314045
983890
929947
498715
613938
190614
705435
32519
199358
758902
442729
605634
574422
920679
907471
572359
429041
923388
189356
717227
602195
233194
554572
722035
601719
879080
417762
630143
12312
170800
184612
389411
535580
784739
547779
274326
134174
333001
560838
663235
608278
118326
849666
906045
455847
117832
513528
875152
717125
95756
163723
130866
113601
978304
20444
44697
955379
898483
514564
426342
416259
683977
4525
322878
706835
495771
637005
623546
976909
231099
70016
345588
648580
209941
251778
551682
861385
660400
607878
132671
824461
89940
952373
730052
451182
588870
623878
884982
13984
585583
161014
634361
327289
425691
653669
39491
516952
368156
200205
216843
51123
258767
852895
542751
974332
627766
375164
416341
412720
685188
795852
124122
447996
432184
57791
797414
247308
318433
793374
866832
828977
554816
929229
953917
707501
49674
126303
93684
651358
785804
173014
325645
429062
428777
545397
292808
73267
555391
109892
496379
226511
161704
30112
444067
624390
133788
51836
854298
434191
798388
645624
687145
147482
381065
122908
714997
167956
28027
420529
863638
592602
127822
653372
521285
765431
904814
789976
779955
876315
936211
597103
327606
299995
459135
568532
265118
236447
730661
904960
711718
236589
512356
455080
473159
492495
4656
889527
929894
725538
918098
841837
801517
722238
518725
442580
62454
393725
520833
688538
815396
453034
64982
223440
787788
685576
650478
186238
191057
142460
761397
752864
407758
549016
992212
783873
371371
363396
526680
790643
118098
605259
459442
849960
997884
942335
724567
378353
556389
325130
860296
41360
486110
894483
309804
748283
797633
810697
935896
899952
386238
343247
131377
554991
962580
799044
85161
137817
77148
814958
744037
179683
580479
254978
504319
707191
605896
663442
165735
365223
537492
989971
826404
113806
484390
798346
255417
723845
538199
554003
999458
848383
213675
673998
46205
255874
19902
129702
393414
890307
14109
673023
820091
423388
315505
856508
425438
833516
899797
861226
493913
942219
443593
267276
870331
639976
670656
843395
427872
629826
50452
113946
870640
70463
698458
148268
765758
289260
436879
551602
46544
124754
134065
579629
596926
545201
352042
918316
226419
799708
225895
434171
671249
868016
222216
773224
645041
419570
866096
613363
956871
849988
769467
502865
235556
119492
918095
761373
862166
101442
47883
512284
352106
679515
268637
256555
912402
646903
305968
77191
645857
608987
685954
629945
711794
792427
916243
986780
251689
86272
878585
895692
335825
618018
538897
768109
769317
509730
832656
494997
494634
984663
89271
820823
975161
849715
585061
565613
853147
850304
869702
948801
964109
132989
647657
772824
441506
429007
134320
601500
558792
502054
725728
229700
152290
132333
978328
616610
918101
547949
943711
748488
24671
478783
732630
604120
897953
585900
142732
820071
299773
402723
976496
990989
385434
803605
373025
190604
920516
879409
631458
812635
499505
904759
993065
544078
301662
927611
396310
923107
702360
350265
974849
520427
680855
83023
180908
3987
424837
218779
488536
278350
408028
851569
897651
128545
24749
975481
219182
148234
302204
360740
421549
601486
539785
903625
134680
945694
785706
898912
23567
838053
904339
374745
799226
369712
47672
437850
971134
422267
549129
713492
75
986964
931228
350017
563538
841646
469737
995324
309908
275269
387246
666428
222102
151272
477491
587822
712753
565032
994344
295086
791877
844571
956586
204707
937742
323149
185636
947764
840014
121221
750738
933611
555114
354799
93089
129892
719441
917675
594739
523633
230487
901937
745278
513742
45344
292958
59540
803068
30455
167392
408765
103164
916798
702523
502208
69801
271552
13493
59137
357874
763426
790180
188420
369267
563385
880402
40207
523888
886965
313866
204718
530541
258746
823618
302608
43053
768719
337316
831887
410437
449071
722619
565773
598235
124157
988790
721529
428480
939669
567772
915697
640552
526078
402061
806466
71234
939067
872241
41163
573240
225665
552511
578175
478661
168450
522988
144712
367277
622823
231278
905673
7582
934941
289643
698172
637153
516871
8323
944955
641085
803729
20407
234586
966696
595876
134260
32240
852907
723061
158464
814327
446353
487673
776064
970953
794507
52531
336931
817482
76835
756845
937007
341733
984987
192517
375910
185455
248546
667294
268692
417767
671602
548792
313080
12383
470729
364954
95757
512052
181889
162284
207859
373368
115854
68769
400191
724657
461524
71505
597468
745147
991011
237796
69852
516680
397456
772522
62559
327688
384881
964360
841758
834787
978164
161998
786709
36131
551132
760803
20491
732207
601114
700385
469247
648626
108228
603390
361328
983131
836276
417951
102985
146941
668608
676305
955240
656406
915921
119058
571786
766188
3554
473673
805205
125075
366807
720214
390976
140620
513783
838532
316003
711112
61576
614811
991255
691594
413766
74322
380425
144362
782463
591714
210656
619509
844878
639030
780936
154930
529073
10047
214427
292799
310026
699555
989420
392026
517615
137301
255151
838781
685422
997952
627400
765856
850016
179740
227822
524450
854632
564452
501052
691522
315529
440222
710100
799815
45985
269401
815408
355008
161798
132853
296071
273254
715516
311004
967768
234333
539536
351183
74581
34329
968019
894363
142127
611486
75382
89834
189498
572703
358527
6837
29245
824840
695910
993175
252825
432151
547982
760381
8979
368805
821411
504186
625408
8195
734732
736887
188684
575167
681229
339719
276711
493062
281533
941465
24524
567459
37662
213639
747758
906406
494238
544139
780418
636128
934761
29649
111972
842698
676841
937447
340967
458437
366363
345296
340860
740988
303823
306809
416573
519397
37884
674499
100887
945447
414845
377151
74834
384214
802668
222263
834175
351897
10906
337321
695293
338861
395496
21327
14183
589250
871236
693593
65949
456579
998980
481341
175918
406963
169176
228516
830879
104563
381359
223557
843226
78688
928617
601295
936246
791385
110132
64064
276255
510238
24710
179923
246562
204435
644277
226390
850840
551204
537334
116313
542508
230596
929712
261442
911946
774734
761852
561918
884901
112588
117116
71890
113381
931157
851861
396560
559084
731536
4106
732836
913668
260631
856438
299982
829031
37624
978085
675882
265193
809173
248080
917547
542854
735787
987444
741286
80388
714479
430286
95050
437252
840660
233653
623598
707307
307114
848659
584707
278439
217440
247617
914728
481953
908906
483775
614685
391422
260093
267149
376143
347792
317687
734504
522897
726687
948636
179300
66284
590800
341948
936611
667597
930480
834736
927791
692893
975584
110147
309434
984174
116252
358509
41391
510416
809321
49913
513652
270788
920859
631241
762367
821960
593344
498352
607058
45585
530541
167165
582036
699031
640995
838487
598669
912714
587613
614916
222462
489314
389496
82436
912347
254100
115071
657946
428710
905184
650130
9578
900138
343431
816179
577085
995088
725786
449518
44322
548833
305198
639586
446000
182936
102060
232879
565030
244707
995461
492350
396147
776694
493698
439143
658961
560204
686777
543428
282827
102460
696027
864144
386400
182388
115051
113914
91072
412948
639433
225292
612531
42601
829293
973043
947609
568644
428399
257834
466572
428214
187778
719879
284449
688107
777409
990946
998606
271137
723041
485726
703013
349251
133959
363285
401534
435430
930931
988644
759283
238879
275481
911376
341701
282302
932496
768403
75421
79852
249188
253191
705196
226525
472774
900398
435763
938545
630563
199195
293727
477485
546897
401857
950156
363024
23334
207959
635754
159253
438627
753188
906621
549829
73998
105452
709054
422134
98589
662903
843231
748515
27470
859066
67244
77545
501908
251493
788429
832220
764331
7816
740264
762116
821324
104035
885795
793847
401789
85320
156743
11540
698368
518703
383744
447833
181547
685974
663745
591842
152663
259347
608260
249983
308914
233719
664431
971312
97840
657697
45714
658751
240478
787932
655501
551995
954263
474422
900239
19020
579087
486174
582328
995064
62861
387320
344160
647025
28341
525377
98993
831384
572739
336346
524143
703058
756820
783731
860057
261445
561118
604437
9959
348720
360512
402123
870834
216485
734708
927022
587827
296547
505633
551244
919587
292500
248206
304693
727490
87583
866736
664417
731764
595563
689572
477505
390277
837810
126072
918112
391053
413181
522531
224566
519599
674241
576405
953546
853947
992086
270057
930496
656755
91856
983544
910406
437995
268476
501255
510487
380042
867513
973280
395115
673965
890608
509566
410427
188394
625777
277601
437364
493105
240491
632002
166584
606991
187336
99297
576203
393420
606243
809914
660768
11509
221479
240086
995073
351156
20933
729149
34325
136283
783121
615880
772113
443903
849914
876821
633854
499137
212516
615445
593634
959976
112484
825855
575438
586154
539799
595175
262915
659914
465951
485609
492546
520795
268091
343679
827183
336354
550658
790707
306017
217497
736380
978862
614409
251024
974429
290990
336380
638574
345247
498902
818526
271318
197947
299807
960429
99685
540867
643948
767143
829783
610847
419836
973465
376329
230754
400505
412166
575257
192712
233645
491120
976873
620174
526100
902789
73731
328558
96972
152361
158358
651894
175401
409436
236447
711876
707493
142984
62883
276256
769140
673322
438104
878262
653878
22682
751588
479214
691782
510392
567037
855338
677295
162805
59887
168540
67327
667643
690364
335297
814067
111290
614877
317117
41297
563409
641191
3924
581077
444373
861385
736066
649219
795776
39410
571129
477659
324665
535055
525173
42603
12603
364530
716989
288318
378917
329358
317495
746162
756127
856095
108648
222504
489763
603942
642440
554196
885871
861650
394110
715764
698566
668026
569469
964957
975069
917959
534074
708208
816617
716271
450441
196844
340994
779036
828947
156637
611700
238507
432758
502387
638755
498383
934329
785645
307864
129878
36075
407796
148780
95492
785047
70724
890575
562267
995429
428421
137526
556668
216016
142008
920159
526247
701119
260109
192642
295583
881731
960593
919190
550441
531692
717572
546300
509298
575176
247816
793548
789200
337785
907318
523643
527457
792498
568523
38182
932368
643982
964352
621373
900854
42829
668343
899342
714332
571371
344977
504813
571295
73310
950556
649150
309421
953901
785898
646111
138155
921064
469693
426036
125177
671560
574750
162064
465229
495843
247437
895356
934844
135307
556818
445928
635351
874629
458418
283052
415922
118625
186173
762617
676928
657467
705412
319264
354778
124172
221161
581438
497374
398125
537422
463556
993204
986154
921967
153055
187500
543359
57548
637448
916547
138418
150142
814698
354565
224076
782763
191722
836492
121205
408981
397720
372454
12203
789260
964466
472149
986079
819780
566543
956079
206124
142017
82799
482598
737908
35439
860572
17122
295641
329870
629692
377674
553173
862282
430710
294946
559287
937128
983167
493775
532795
963805
143872
27701
420996
599225
209574
603713
207800
327296
263045
875842
413240
167065
519082
300146
745083
230688
186876
204563
454662
856534
13965
766581
302730
252472
143875
862292
367769
378413
966237
178142
979334
403288
483492
256913
374105
146190
390833
310211
640364
644513
244757
201468
650086
63067
720104
389949
570001
100103
85297
36452
214617
356585
444271
462695
634851
254157
25026
754174
337671
354620
368185
20189
785452
103564
436601
682015
99071
993935
304646
579390
835536
118891
341873
812159
439113
913738
414
400555
785291
630503
711409
754423
865702
938377
156821
107589
99061
743949
510376
393539
783700
777563
304454
858289
43328
746299
55281
664513
29513
229312
972506
533399
397878
761122
959182
695024
959733
805290
954752
257567
604413
648646
594671
182705
886978
333116
508980
895218
32660
390331
103466
55561
641301
105933
649338
615230
596629
646762
260481
9500
601228
976358
614881
31666
559987
30601
208225
558835
899775
404031
528706
845181
912635
852838
62943
166007
41216
739461
179839
471955
657172
942173
827387
560371
803613
471127
294598
974823
681344
473500
286238
893013
502939
6852
157646
492850
330267
193254
791453
622956
971578
869646
28119
178730
727704
721548
752885
265195
475189
21033
578027
214027
298121
862389
907471
855268
961280
813436
858017
682065
547093
748631
80699
859598
156234
829406
365718
226747
511041
215547
922358
362879
801851
296922
867571
620745
962858
8124
693350
681522
789236
867819
976556
951231
117127
15880
851418
646466
203283
711936
747197
947039
990057
739741
732812
559596
166510
973112
541933
567026
805563
550988
513952
947281
2517
754791
28684
653440
266692
530746
121828
954993
79570
826831
371254
911442
967329
55449
890704
338544
349545
839207
673295
152246
578958
132403
888517
458516
68506
200663
918534
801339
213596
659039
664847
631684
197084
690297
937364
662000
34553
97545
357541
956682
564322
394777
615292
268009
826541
927406
623205
56146
848343
462582
585418
114618
341721
159709
676250
900584
10147
850622
966742
549433
581303
351094
603000
425405
260709
413525
469120
856063
529503
759662
858524
687907
18808
881870
211891
555111
353725
558793
533454
587852
921840
701039
54947
101902
850845
897950
687360
595342
763676
272689
529744
454993
857954
868886
123277
67937
868611
561918
471427
620241
207496
715821
819005
628062
409000
403057
285006
751409
441447
180655
910333
667009
374536
730521
884302
920086
547440
601083
335017
974760
60633
679541
357418
227366
670447
273603
868228
311314
905355
31096
283346
970121
635785
864970
565244
667297
366920
607686
986178
68139
440701
349284
897128
887319
68084
810293
910910
271543
849509
234041
431563
842588
835887
255181
399062
578780
408435
83777
168080
126390
568016
466824
804897
600844
582838
272072
844493
38798
249769
20242
850435
118072
898068
21739
37122
955377
124423
257737
2920
733268
564303
364953
497177
155852
377265
196221
595976
478745
725379
772948
756645
633327
362918
674417
661795
361277
766883
118445
494181
123339
557345
152215
137412
559996
448896
911114
598719
865395
697174
178776
537536
907730
503172
485154
836039
902366
286132
297097
268533
271230
99249
868927
915639
890594
927074
654711
821837
353473
194212
48891
36918
515066
64003
708699
637882
738524
222805
379715
585428
639809
53108
146726
300025
259221
916822
589975
441929
626741
761803
697142
199313
658098
162002
109063
174779
55348
997911
910302
822995
72187
737869
617847
73974
377793
694436
631522
916441
413884
888871
128347
270643
926655
221878
316663
349000
541056
165787
605563
24148
117812
344074
655239
728976
127063
768569
33584
760419
271496
436634
58219
453160
71568
273394
550564
637272
448067
532247
557230
215828
192703
762186
841750
384594
613777
406766
775632
138849
104504
211301
240019
862874
162817
495942
773760
901029
467921
220156
183997
665381
27265
236350
163809
107009
220963
989542
136008
372560
975907
801265
307845
503072
343113
484690
728247
695267
750747
29107
295668
222903
85984
857737
675
497425
593791
997266
929958
946373
27653
677998
870388
81780
142341
165591
184836
947346
389785
419583
885733
648402
730567
848837
280107
373489
696384
283731
917443
437724
200194
919254
100648
246463
508700
200987
315566
15020
786257
276739
238396
522403
504726
411299
798487
324228
806262
945658
12889
423438
335958
451343
357184
463635
9362
520103
154914
63802
802053
386656
399294
973872
916968
272045
839726
938797
877010
24623
690234
172447
417437
5740
8262
873653
769705
72110
945515
599689
246394
932538
297954
12074
507069
188652
308380
829701
129768
665068
766896
257712
431230
398671
174060
300628
924018
716108
992844
976756
619811
689432
485065
347166
840262
244961
248072
328748
937634
837092
779443
333111
381748
881708
452069
184794
979698
758824
467967
500510
440941
3943
679704
131399
169871
385778
459985
984762
628676
533190
129990
232905
993974
617900
375136
576029
69744
205751
910535
653503
466724
157978
112565
856067
139080
799267
566950
859473
827802
455192
440427
562705
432964
157996
405086
27954
294812
920990
242672
200856
57666
703919
151582
477024
385836
239358
652610
5201
934207
629633
939526
223968
345299
829858
945651
102111
271193
777844
347175
430916
243737
858384
619109
406162
202003
907856
811335
953510
452359
901031
751374
810400
694161
874652
702746
43884
40044
981025
956917
493100
838871
266196
122633
571972
468564
53713
397362
697857
837517
951538
571822
187687
924818
227236
489137
653013
111293
199079
789974
734999
456119
130082
276975
576712
553683
314272
183165
725474
735512
817835
265723
108196
210652
34563
262165
783326
554571
529339
42486
511708
670535
984689
924479
20525
728873
482920
872723
270671
258982
22340
497359
32312
338318
386593
14999
388291
411117
243023
898123
793014
306964
220974
764633
616300
555314
250531
668077
719459
119195
444404
400835
631012
471787
32518
580636
902539
824260
815536
211534
905010
207218
746555
370870
783166
749296
257144
701258
68933
364676
602238
354185
308827
146309
312383
108499
58936
581373
373766
969365
673479
251945
363088
900380
345933
508189
915460
999947
595572
781828
498383
307816
652276
485381
522848
269072
247645
446978
159037
141707
228995
322042
294209
630650
888134
164046
385267
848877
321212
165281
115011
149265
718846
254552
756131
892934
496332
258049
183615
926799
808222
324879
324699
971747
665608
740099
625096
837408
485448
585447
6019
829279
736111
634165
248490
895650
816106
534292
983388
965674
594541
187138
867115
62438
41531
113101
750592
144069
309011
337275
878540
759276
932858
119177
153959
192963
265698
921040
861319
95978
236596
740676
415582
676938
776127
356887
572815
30726
196604
547003
542607
466831
25085
789444
528789
77847
95602
832939
102781
924637
114328
793519
668799
511975
201599
508373
662406
800078
689846
368209
790832
56627
849301
120893
912225
452175
820902
307398
432324
949096
390768
145702
558495
92192
224354
957323
684882
170920
578777
672535
358188
609233
651278
647809
264618
696259
133855
936664
686797
480838
574072
484072
208471
758334
643998
579509
901217
844084
382552
297572
46108
440655
421882
154169
218082
601761
867407
554491
146680
690461
264098
174708
718243
745447
637481
869525
173603
794372
206607
251446
256017
388400
910109
470714
336464
233807
357252
329041
23859
199163
223625
514967
477483
161596
284557
672281
557675
651797
702264
262456
332378
640251
200642
129511
159476
760865
443997
500751
670142
101934
332610
242257
248612
108240
768151
422891
185264
927082
825594
810420
250537
373353
543021
211521
992518
314292
220190
62698
731981
255298
195985
328295
105677
504581
737644
269075
161396
108164
2335
959251
138574
229702
143086
543376
705499
760234
559900
133279
916363
42324
429109
459522
969752
318210
493945
441800
114176
890044
249568
819279
162142
895722
75598
732010
389156
170239
917653
508573
817591
433491
496161
131077
760871
391951
561988
190933
801290
297858
1951
737275
14324
761872
807657
530977
716820
717897
932319
690703
891886
536664
318920
764717
376816
643346
472996
842342
621300
876078
209457
853737
424721
444564
572633
838025
865502
452238
635707
707204
921733
557019
135828
488225
657023
75362
107914
851890
447601
360324
78997
1657
834019
21642
735818
809767
183129
892157
448325
746880
733584
259029
126387
756378
520150
958665
854778
225539
202566
690373
170693
708610
883423
567418
113775
470326
960513
765519
248331
18396
419203
624501
445134
994284
990387
483672
989594
492642
14315
262897
150055
201434
225932
878648
602640
881748
430170
944695
686072
296536
527284
875834
208279
40883
423150
482723
361317
892895
742221
684890
616801
169280
99358
152993
540542
898891
279411
501765
123243
596353
738043
963120
386237
319129
991165
452572
869436
578620
168753
130658
463495
914730
331771
964272
594852
19706
116933
805977
734504
838654
773239
91143
720831
202437
780886
640587
557785
513146
416246
116245
842674
29865
477917
378815
734331
715234
41590
505091
442026
408374
428654
990733
235483
986590
114095
714924
167201
198523
699511
782882
890414
560697
32596
756954
884890
953932
126718
259001
610323
593820
52881
249101
177442
172733
993765
123042
193046
522519
533644
144883
802767
311397
923047
75774
404712
210905
697509
898416
869698
594652
264473
573952
685034
266162
385207
236568
318502
852604
969068
361325
593569
719767
100951
330927
9648
745186
460647
316124
823680
698846
858194
870320
64223
348846
237742
945399
859299
392509
636016
360066
937594
606078
864832
529144
915216
964943
941685
259780
813271
569975
490098
175340
83638
106318
750172
556162
441744
978172
551927
806515
802671
15961
218204
503932
230221
565364
615705
57981
881791
741871
572005
738982
175678
870215
543294
339469
342740
256050
96545
995170
228896
276513
689445
776570
277253
858213
571381
246791
261429
727086
659432
139561
627157
529838
115455
638109
731278
492571
801210
327635
748208
935060
294679
42654
172226
166171
181224
742021
742314
211713
379088
211830
91765
82527
265946
599258
616516
723008
962357
295300
532884
499932
966736
499651
215400
764927
30286
562774
329045
740809
620070
24639
588522
28750
234202
910064
673722
938845
359058
101986
748039
199134
15381
957509
597004
281621
269859
259794
774951
152195
63793
330556
448609
10923
855745
302148
611163
125234
722974
449580
229720
617183
783025
891907
708257
233731
525827
566751
862169
801138
486352
515369
592989
767279
786564
69842
174039
876902
587541
852644
942880
542674
632508
930227
242191
968639
388433
307762
66595
306730
146370
403617
860808
511748
941551
637604
498569
379925
189605
631920
760467
108925
943286
370462
261730
504022
983794
236706
357515
164470
262020
75093
23140
204177
188586
458030
812627
938683
350802
484815
761778
903882
849358
673531
111580
728218
836020
578406
94871
370730
331029
650213
187550
514147
491800
848261
437833
991033
790322
922359
352539
795882
744131
824488
929896
957988
832336
45615
540385
571715
757529
263136
935486
181048
802263
925374
753222
82821
827092
175245
74878
426980
293734
795652
161708
721480
763593
463393
962438
114555
792920
679191
839868
799782
783336
173347
510367
10671
753409
748348
200556
226109
369786
19497
587193
456215
902384
27692
2555
398634
904995
785116
650482
509545
578413
398352
886385
125007
919647
478583
55117
121088
658809
554181
991778
598861
863558
235208
955197
942742
827986
649497
35049
537738
804553
118189
106649
67850
614062
416715
36527
349804
696500
207256
186471
793180
615676
257870
380387
550364
452012
843275
980371
414507
301672
299206
793280
18692
827760
473756
348086
586813
587990
367241
601740
966160
108058
52338
23761
633975
125348
554526
781077
750320
368029
27141
245777
802656
690666
34049
879860
73108
91718
71201
90890
130786
16954
28893
377803
742830
851324
837283
736766
275401
82146
379279
651848
91699
404353
558586
620629
279873
737318
418282
618082
480090
977392
754855
59684
952987
368776
104365
113624
844442
473407
125757
701992
3208
524482
329486
864439
857904
382140
401825
794185
690780
756233
201202
202514
536086
458962
577802
212954
125324
835401
566065
432073
568141
917890
114113
910100
333680
40429
949718
801220
960467
291628
211618
408224
907073
660245
880669
176951
648749
200581
355993
33740
84507
127071
578675
317470
183070
415776
541990
777234
289532
380768
652025
476927
815021
163880
805529
34902
995202
999658
555777
926188
920547
762913
90517
263846
342065
910086
881231
266240
196106
511596
880016
98362
837354
57465
820824
50207
342703
867265
958161
214643
253685
212672
296133
582328
88671
575988
420529
863581
766903
994581
244657
428292
63789
95858
335962
340078
881532
10793
987686
961734
675306
222083
980938
152710
781358
759466
245540
964426
281003
196039
383824
993391
512283
707324
108890
761959
675847
556859
149645
259613
289714
926145
522154
442047
594646
685235
563061
113517
755654
589331
187561
546364
326706
668639
156619
767463
84297
464006
864091
398738
373177
151624
699431
976828
745618
862185
136059
612418
757960
831953
804979
256650
482199
51459
551537
52306
135681
477624
597289
845781
401523
640535
571161
91287
225222
595988
48598
423054
928992
720738
432386
406765
360571
731286
837850
499213
895486
638682
138220
662906
7879
31818
120677
637912
123274
302702
348552
694257
869459
897556
618363
728924
401831
108362
587068
514186
270664
36725
472817
603632
885848
429649
905052
728909
296597
779718
163629
274391
885955
795747
577777
384838
794791
301305
785833
976700
64495
45207
315573
488719
142191
977885
890223
505717
684806
985471
196117
331915
911775
441752
308382
445058
916691
84648
321581
119398
825324
925484
374691
454028
90757
498137
473487
799384
960973
422836
271745
749032
944554
16528
980604
123745
205562
599717
688137
372052
949236
803786
443688
202124
574701
195664
280546
325942
202679
69050
480826
672301
305636
818076
119233
518754
896680
284751
609609
163173
755676
737678
38769
162130
598751
188336
395551
802330
871255
452930
524493
870573
416149
676096
94010
61121
857878
513648
830656
307074
505382
744796
465797
404694
431584
440106
585995
933323
333712
40665
449059
317344
308217
195738
308607
153133
323506
292937
517348
220079
918123
557190
539006
99124
772877
277684
970189
148831
464064
76174
69630
317657
450054
658977
669397
904213
796420
981738
260677
405757
932001
67532
950242
532990
807239
817837
379693
652717
483015
370735
19407
576276
830297
987206
605857
295966
411072
960763
970728
113626
284300
528828
498270
640879
760313
511389
605035
815517
822005
241199
172083
721195
710975
870267
185992
536307
702827
508508
991680
986246
970946
818806
184034
131261
222534
191191
154298
772509
471571
96360
340812
4262
833504
883471
778405
891576
447717
141285
505612
260323
115543
424015
435224
434441
748111
460347
702683
128242
516680
510201
585852
925356
432519
525811
192483
797213
210965
29899
255245
935399
568744
228879
5631
759926
387040
170075
238167
515241
952749
340556
67133
129050
740749
180892
604281
620876
428915
244575
746847
820336
387715
626265
359909
524244
890682
155194
45013
726185
438379
859831
388637
845423
805348
909061
740228
136447
690927
924468
493495
458996
207988
816935
686338
371447
949052
913516
420634
296742
341968
273852
330070
744929
964096
601680
506110
155441
67263
736733
394940
996948
12204
402414
895023
931177
630379
790558
368671
261428
216434
606638
189322
782159
685408
271049
973789
93422
825223
868049
338046
505357
273418
684965
30598
418040
743266
239858
374604
68662
722683
635315
300125
331795
129723
591942
689671
501193
372962
986668
767060
429323
308428
691421
20501
471469
431252
656198
760980
620147
778579
947488
442923
268916
911942
731310
600498
358378
693005
226259
722003
927129
141584
729933
215483
297690
132348
725842
693609
116484
521131
592581
26664
107189
878114
304213
225241
712258
954227
231859
317482
12537
530371
377133
249827
271631
587750
522988
22111
624427
706022
139014
434199
703437
55267
486273
706714
570077
181716
175461
978137
343308
872876
82237
257374
180393
505879
430954
907357
782530
650339
185443
643875
935540
561212
121612
695851
244946
754768
675954
722896
11438
564497
199073
367132
101959
840856
788579
855998
295503
913895
268373
560858
399063
301255
256231
67643
408985
604880
738543
863716
50146
146439
400619
909316
365338
276705
475153
624711
214897
572262
350421
625097
879080
25585
240055
661797
922553
91860
985221
585132
902436
682712
731188
46001
211096
6241
162455
880961
156730
60144
2234
691441
913044
49603
539166
997583
459037
894743
566928
51450
353441
549774
616552
99086
24525
31339
319515
46391
721881
400057
504254
958055
461842
395660
500120
367202
303235
733471
18722
667190
749055
215836
496285
498441
489742
811451
203984
681419
67058
469250
523293
302410
757332
971370
725759
588003
669840
490530
615330
743510
710362
672300
871967
80691
143115
226342
412179
276465
62540
28771
75419
706654
685405
116024
187821
213808
671107
253011
735766
487097
244492
537477
512396
386745
830976
866848
225647
717837
592934
217595
963489
913542
685103
527826
464958
365717
154372
599370
264122
131810
513639
41363
61910
670971
898760
413735
246783
632361
922407
884399
352451
474719
797600
518212
929328
406732
564120
115090
915147
46095
823746
443481
681002
506890
878351
714125
665199
878288
778096
535454
784737
267576
211657
330130
23912
671251
371
17165
359077
124474
577454
885043
275180
970368
567650
217188
979999
68806
864464
257894
225064
648750
418586
418209
513874
332264
809195
766851
199556
726568
825732
105411
72988
147064
806244
669507
711908
335593
924499
18639
519348
367461
654092
747907
680676
50464
200837
83401
921899
298797
948636
347838
373401
738221
799712
199798
419245
435682
887288
492054
915028
238881
769396
506016
818687
777702
273262
276684
425951
723137
591068
328017
430720
389423
808950
682371
254591
977988
851774
958166
670889
441539
173616
572032
527858
694480
885640
436797
858127
728252
797803
274220
156656
963648
325235
983127
989021
261381
686746
332752
927852
169312
615490
39798
482269
732763
395294
681111
440466
554414
242241
287663
130286
15629
312065
328143
161352
323419
557767
369881
504076
990076
442166
272040
228334
874184
583094
605580
912076
607323
723932
598130
711648
131145
323832
471971
817118
152175
431226
796579
322352
645540
784321
148345
787852
634319
78786
690767
898350
561042
983121
859759
527863
959396
660047
341869
874530
716413
718641
206500
211743
261866
645160
1816
374158
447424
396914
618427
10969
595821
285437
663243
817518
368298
280819
768536
100504
448845
806759
715619
717753
339514
208026
536034
134566
412345
56169
397985
295839
306724
702743
691714
754089
319031
137651
841253
925578
435402
917862
44194
226785
368154
920475
98611
371999
902403
468043
26415
212326
757898
956068
683121
901308
382678
320469
103191
323819
909695
739192
435110
218169
940031
11549
260875
732543
513414
52399
759805
102057
180329
950470
357758
627081
732538
108296
80831
482583
832178
135868
666211
747721
590475
419565
728860
534795
679787
170807
218482
353436
821626
936497
634914
110213
551764
497335
635939
509814
861146
939538
112836
683710
367203
455622
609840
229670
989841
785081
772372
303403
727678
861243
654295
134103
520276
465206
798984
722043
19515
177523
945174
877131
150318
521030
520312
807382
669927
129240
882221
82272
17785
123983
431517
814622
17916
902044
73055
373837
349666
509152
822164
464495
772328
933436
318896
999715
937129
24179
90585
220895
940556
887550
908519
818317
695966
192045
579276
800384
121082
927477
334925
6738
996837
932378
275246
164763
156150
84282
791404
858896
342962
345587
844644
40373
80822
539890
531601
970176
582669
230169
784307
439180
938722
843660
896266
950710
824399
371673
263489
479320
911955
865537
405672
793120
310883
623847
763546
904588
410391
700436
765374
496964
510917
533797
144552
312339
998123
947602
607071
572868
961285
173595
261946
819925
574271
435345
776355
247706
774341
108222
678525
107825
963062
220594
141666
112286
218614
275819
947525
743555
159138
169824
874167
468925
53471
483690
69573
968221
801291
977807
342654
154497
498965
906989
648978
553871
737641
409600
859157
742349
951811
22352
681571
40160
501605
669881
148510
953440
263652
20824
344467
395796
287196
46863
662459
545551
917635
71158
608733
775718
153499
574303
841616
324748
806337
312515
227615
681229
429859
430605
929733
901347
796879
63747
350551
380920
790054
737165
683905
145785
951983
754724
377384
175123
909320
871128
119023
562766
198263
294845
684054
693186
477214
566963
345468
380409
846221
24401
305605
37091
668657
332014
339094
411568
121195
245259
115517
371342
932220
338016
664046
280639
753884
999682
395944
788245
926954
31853
516087
343821
44029
166836
655250
774150
341208
77954
366244
288284
467004
893388
955560
586086
294808
836373
347245
382472
83292
932829
424953
956597
694891
420455
422666
579588
662703
500198
216823
584366
68678
3203
77046
359266
392217
30029
517686
738181
956046
606782
860588
164937
291475
375270
46508
117033
551323
483511
329005
673598
536550
400300
41647
472129
341560
24534
768312
548638
692587
294020
81913
192305
378208
757518
319376
284767
659665
109438
764327
237396
297858
241692
252857
315220
291606
912405
374901
261440
79230
607815
395131
376360
80332
423660
840771
249351
801830
986336
794269
192863
318614
581520
234067
842930
604349
353089
193194
878490
295208
973818
39048
658502
922363
582608
434607
767633
45833
533644
891623
486464
6342
975418
261754
617112
967444
885457
302937
856730
114553
159034
568476
886236
953970
37246
492455
431941
620256
830737
345960
625509
771937
649461
872188
365743
792698
823117
64049
786708
871600
152895
675622
313596
616118
855812
84175
547235
198400
157007
894997
907407
75829
82135
27034
965482
271428
919939
249242
817024
97486
284913
829997
832597
440961
742436
723817
832228
830212
413192
972708
529392
254862
569762
872727
479113
76818
949592
153437
458270
53781
556186
760283
338681
160735
298604
747707
880987
176335
239186
662096
953460
274761
145495
158174
973695
857675
245689
141937
212152
479070
528116
322987
580347
252968
946793
962844
483770
168990
685227
262921
182171
617174
713831
231183
290732
198970
669229
959713
6340
9433
589727
104494
35191
628695
797620
162142
387637
936837
772842
261114
350463
91916
20038
291179
82183
580034
276233
574106
953444
720415
208433
264759
649327
965129
852200
683862
104381
742475
204046
368115
684792
433892
976990
426326
186908
926652
183295
904401
841036
31089
993193
252519
200718
616784
724786
566791
940842
665696
323380
880117
872666
392215
518557
132746
797102
282288
37459
764370
238207
736020
989122
730835
770829
166645
55555
890541
96184
279674
453610
974685
828951
518164
977068
761563
196729
301296
734955
926372
913334
396357
624864
224018
178160
237837
134052
116966
890859
996368
893275
727976
821062
945179
499581
348389
441366
230416
129922
534552
680286
577559
20970
487331
904236
82610
775078
362364
483347
116335
60966
558245
836032
444278
930816
907411
839739
129538
355898
666544
940796
34541
190324
476924
287463
621859
720565
208143
600166
599097
699024
109561
143970
407638
112882
234058
64798
87951
940427
770861
231856
680657
192983
461743
800732
148343
767368
493534
72270
957756
158226
247884
982196
485194
962323
515187
935798
345457
974556
41266
970131
978291
697632
862901
202777
839356
823864
701236
784000
323246
252432
689234
134628
3099
50802
564645
438558
466316
377645
340693
100414
148926
225953
447389
255270
413804
497962
568943
765638
716039
622055
517876
778799
233923
797862
192625
566486
274315
87149
660805
549928
513045
801319
539791
147908
45839
965418
45932
118938
191353
234017
748062
217950
439820
456091
551432
59112
600536
826671
836629
557995
223147
952265
2041
582672
250349
923926
785359
653486
31305
209928
174754
80488
463366
372358
666631
315748
785140
401395
311335
256419
429313
26970
782683
301762
617515
704179
829040
825356
399248
596628
61322
783737
933921
496183
765092
848264
240309
310628
404405
114356
94905
230267
624174
47382
356614
740320
394080
325719
511371
194563
10683
597967
536553
225226
169778
973247
901406
576158
840890
767847
550936
446607
76080
951173
873195
947941
275162
508460
968030
807812
30277
939197
631776
935675
668238
377796
682520
132457
265469
727537
626522
243084
2380
3633
383925
14375
864261
861544
676393
203727
451017
13646
53174
802771
73517
487459
608463
573958
141246
824656
136749
597739
618789
472284
474305
736059
325862
261191
932481
601813
360706
883462
680996
1283
163453
822172
368681
421220
267322
128658
646096
424892
315778
662867
631148
71189
119395
189990
206672
197647
388213
838664
944103
936395
891448
43173
633568
34800
791065
53939
700998
732568
506771
483499
424237
394139
630386
276389
399752
751222
575155
383824
141016
137303
657288
231755
35775
386119
233848
309730
846835
704628
549858
868776
383693
980698
481761
505133
132481
552334
18187
921756
295784
641255
83348
341428
127354
796169
49040
247201
565527
178959
223702
827062
330372
671252
932352
188105
172339
655902
520398
491948
222714
90792
962090
340867
779942
319499
342790
742855
319209
729608
73506
478102
624174
211892
459753
853748
305101
234753
91835
780002
324058
782501
563654
592665
236056
466280
851277
837219
409035
230031
829899
545111
634027
998176
455920
630959
69108
655890
896138
669255
631579
920531
544127
578612
588187
339573
804983
510527
324332
592438
598486
440701
408469
567274
115111
511180
519449
989447
194068
300204
814157
765709
119441
452727
416777
924496
381401
111999
182781
480739
442193
387778
292699
278755
458568
144204
304946
277149
947296
330794
895451
197213
853190
812294
91276
515604
405340
653092
652106
702501
107320
711992
958715
330060
248070
278753
513049
789675
187977
761158
792003
61043
926270
516748
875821
917099
133793
525745
254008
474016
57865
735368
901277
411754
616174
873809
876482
207510
98763
454516
277551
656245
649438
191578
713114
185472
16525
766888
928990
176038
662819
102169
121162
419508
737079
842743
447574
212256
50285
93622
897201
132466
383958
697069
108917
479824
291699
101554
903420
820004
62871
813904
22348
166508
751146
966567
740078
228829
545673
284385
815900
990901
562059
28301
155224
530844
606367
234137
482329
447542
718993
303472
94560
641672
871595
139054
768106
888004
170552
387324
229310
697651
308132
581453
498278
568253
489727
237236
138234
630232
964384
655967
275991
900939
965414
58484
367663
574686
410074
138374
871290
470112
412784
306932
476427
729236
255980
316190
125245
664441
554274
129861
117900
948789
831126
888702
688384
149405
262209
194899
625347
223716
566901
629687
150996
378269
474648
474083
809044
888878
554316
535633
670014
915155
85999
300180
258804
621196
172222
124434
660404
480357
790356
241376
363433
580320
298961
740024
138590
97408
304982
361561
290445
581108
534380
847355
724758
779935
102724
307054
879819
495744
877337
476238
522408
764675
576753
803045
400416
239715
570307
393245
436242
786682
738227
745568
267867
494630
702329
705934
918724
560090
563295
469402
689372
608958
256745
865154
957729
588164
203022
339561
300248
361417
5477
910930
306812
956899
382875
643195
621267
56397
248480
360724
39067
753452
662562
356122
718820
606845
268082
231125
905463
850078
423554
759658
254516
188341
251407
260573
733562
873345
343964
373224
215486
580987
806868
268400
360447
977448
982225
387242
540880
950590
207226
556938
148180
211632
975622
646691
757256
471384
471264
946208
965498
247169
246435
821341
917144
592462
100548
338595
637603
695753
321807
993470
243075
943884
233738
743933
24051
403014
497718
993286
900060
141546
507187
510227
795456
914042
570435
70541
442125
930732
659495
306755
231698
813430
926309
620423
560269
463483
50667
727973
649378
730002
667917
119873
8425
941423
876907
851660
764894
910448
390382
459426
516796
707334
111217
927108
155107
831422
839484
284269
8501
77291
325867
170643
992065
420722
55277
977659
782231
730674
81640
707577
883323
50253
745146
600643
524596
540120
778075
269681
70916
754715
307806
111956
842033
112197
66838
407728
507330
251247
316949
674007
969862
48139
641360
55523
606285
307305
178910
458895
327290
375205
670751
455538
341616
14257
822329
560410
223594
429883
503358
752577
439591
294010
19114
438575
184194
451482
320008
373291
281183
813570
137267
152991
964802
2046
308730
981767
936954
748750
303773
164949
375994
750730
477172
963045
617159
497456
803311
243096
217485
70668
89080
49359
654285
885635
865077
12230
631665
57851
771177
659850
853121
996778
921018
357848
482477
896698
519309
28244
939210
872406
202317
130211
633370
266964
819531
903653
674052
389439
352320
706194
374562
246719
503533
725296
122617
345383
131235
992686
513220
341404
962655
324065
195817
507677
640653
370968
463309
931826
35053
826397
666947
971701
231187
522699
629727
112695
975816
134535
996457
956817
673870
428380
429101
870217
144513
636343
51376
777693
387097
751420
236285
154607
590028
533570
544284
507020
815441
37810
196644
890650
922558
414327
51880
545758
365139
969186
368333
760040
309071
636894
396732
821276
852544
735818
455218
227101
434585
176632
134388
34711
460923
525186
917856
162217
546774
832836
748767
386542
653545
712185
577335
630887
961381
382005
517437
322502
129903
132732
669352
606233
248133
186430
159232
967569
618360
854384
54196
570415
739543
243976
142347
964362
635308
225621
138547
350463
374688
781048
128566
348725
752249
80131
142922
343243
991748
990956
816455
458017
12302
997037
893363
396672
545100
881212
327033
235879
286490
2594
578873
188531
515424
494779
927480
320042
125521
244809
358456
606628
665741
612660
176163
858198
901927
509858
116897
155708
845376
617775
801801
301154
925906
305097
877491
687376
387849
366891
389740
974928
155275
241268
882179
722781
295065
735203
879232
492010
713229
416882
939828
823435
967875
753612
82412
706564
742484
349483
101759
792749
790526
975890
937159
301694
448287
835492
636652
735869
338336
50144
532444
81345
980463
462010
971927
959969
288740
732566
860198
802303
244741
975587
896939
41130
60453
327506
693780
752628
392743
881650
261801
260178
789088
890090
93573
934697
48410
218514
408226
267963
125941
394990
769421
650733
71273
903495
91640
423348
504230
999464
11310
203100
670172
249650
252769
794229
250007
1116
839711
276058
834178
127819
221091
552223
235212
202122
216968
284758
340327
622630
429145
320126
168493
207337
253443
211209
684701
486449
420204
503881
768388
677996
488220
571318
45239
288690
606553
914206
68348
885246
477586
522793
45577
374858
902129
769800
956900
810823
346835
260922
235817
529846
540052
892347
79146
67814
953475
405129
368689
160074
34037
742804
398944
200502
746805
824897
524922
645174
144601
373339
474618
709515
240495
929303
630433
485891
694167
875458
280909
261556
760618
307977
861701
766932
940120
62116
286481
236472
828112
220576
858246
485415
69848
170825
326880
279323
112700
668016
319751
217747
770787
813406
459700
52504
417085
989525
809709
998858
882328
826815
262508
568293
632786
813814
794334
272726
448809
203247
222215
673076
596334
899972
18562
779229
84504
994844
189158
927790
350901
608952
193029
217886
771515
50141
572814
943927
687037
284314
390994
976626
537209
797621
592996
486895
885006
594934
869465
506830
787467
371471
138478
561965
873186
620454
890121
494782
615483
596033
68248
973763
231973
221325
273494
132521
698471
197131
79404
391359
386741
669912
586676
95761
665278
424471
992216
53733
387490
914493
531289
659793
335169
892984
845548
887095
451823
465853
617278
163167
101955
489901
554841
637103
451150
612579
670558
908105
982057
798172
263218
860737
432488
661635
357558
134010
656235
428569
507758
706332
514962
225662
854979
955635
584272
734238
759011
126119
950489
817595
191430
571540
293877
630418
522764
887109
478647
70445
176066
97938
566406
95429
490500
165075
839258
911185
540092
565632
801859
426671
135624
924071
890275
865774
690170
304904
873980
427510
285625
412880
991396
259220
430468
952817
54421
94374
776151
609178
410017
47455
284966
100120
307778
516486
757897
962448
911860
15403
39096
268427
117069
413004
98074
515352
475776
830755
468324
921737
294066
2256
786247
973461
96062
740125
59465
297575
626140
277980
871553
747729
225327
466029
587695
427233
165355
874140
16630
204364
379168
243687
60726
369543
458536
267101
953866
802357
468585
854689
218139
632635
739464
689870
70879
729775
388523
275125
19826
737326
144424
832641
615759
470220
950095
104316
414955
275751
988048
537898
447086
992724
146763
709587
44366
259835
2291
450526
170506
214207
91933
55513
879233
641237
493611
644246
615404
197174
920655
784111
791102
157551
494974
382569
930775
842838
714420
726390
101471
506455
584541
833172
681669
256620
966695
314708
952532
249195
537058
683701
905327
387065
540112
494831
318889
745884
210383
423499
309699
134063
911264
821679
296771
624302
263379
209848
652781
254641
625105
897280
537569
657398
146245
424639
143953
174487
243240
164749
983452
832218
919849
220293
293132
476647
372789
113797
577961
10004
495656
806931
459576
817628
529488
193242
127955
767855
284761
202834
97702
444259
786971
465597
71299
723208
913789
648397
376163
837784
56580
787427
235130
141965
736188
963058
105717
339341
655681
547330
656339
174145
556522
125265
424221
207555
669267
250643
27332
876342
115462
674906
799189
202543
671942
382290
882267
6480
402743
373859
33041
768438
348973
326777
833538
635272
178767
675680
319
35248
702631
931912
70652
833126
82698
383976
561992
670888
560990
453311
838888
575494
495949
633782
568719
431577
535301
383906
736955
408980
216105
274917
669422
868338
171863
488372
266759
235087
141078
424883
510142
649683
859676
416124
115321
22025
167354
856126
906253
624333
60261
747458
338324
901732
899618
537545
240999
327654
653645
831250
579960
682454
832517
114487
448911
157202
709944
657143
19743
704357
692998
536783
296772
305786
923220
148417
797724
821996
205424
722998
862143
221368
421020
210815
431196
895956
883513
181111
774193
658969
289873
863493
859558
21147
144769
856574
809799
909785
431553
151655
415004
476944
189586
881623
602535
757226
698307
131131
25786
54804
184159
864116
404466
571245
614966
482715
780756
139737
328711
4004
904642
428918
316359
158624
885401
130279
777808
373468
633835
228619
336169
683687
335700
720082
631022
541937
637691
459430
60188
806479
920615
448132
853051
727772
845563
388334
618984
557817
287183
746809
64382
946804
319917
986945
565153
525702
789733
54461
836902
980471
208717
885293
8098
19676
572889
370224
401038
358144
200275
188210
221396
639585
512375
373250
31288
122001
718765
624321
445094
299774
94627
846006
930580
245259
673798
557695
548947
201564
488030
129250
402616
565745
209796
146306
636449
618538
120576
818669
674726
21097
459715
914898
469406
466196
914045
86160
147403
831353
617372
759657
393123
285837
737059
3157
544828
420237
832162
766771
680147
430278
923032
627226
776056
933231
24545
383822
874010
282036
545885
152335
8619
682318
129696
418187
207919
288397
878415
541107
851046
121399
149213
848938
176724
953162
8162
650778
252714
525470
346325
3041
409746
616231
111974
912745
248924
453270
678011
56534
276864
101662
823364
560664
410831
438228
33725
799648
305211
769583
512832
125806
20479
389167
944836
290953
788460
977947
420982
940361
586066
205602
608242
261198
413383
923491
575326
520147
911255
730056
453859
671644
903048
901709
277129
715917
880904
783007
641710
735957
909621
275551
213667
583495
227721
832133
683171
418057
140129
570722
809841
86117
454184
462974
462093
500733
246244
416095
568722
60763
565725
158571
632751
469799
590053
44261
438080
934065
462409
739219
188552
602094
924946
163904
725837
340352
148472
844893
170833
228462
56612
939075
652840
680371
940768
652948
203387
772594
430686
95551
663703
86087
712354
563745
540786
672888
907724
246729
41661
112842
896070
636948
992671
396656
83782
423351
520147
888926
880640
238172
53343
3261
463212
117475
856751
918647
186735
449609
165263
444017
12713
28326
164354
361497
58010
49232
584449
807636
240945
695901
358931
162970
40371
54342
356549
890974
615364
241192
877447
256805
273046
349028
932835
952
959211
578981
7770
410869
493192
745665
339485
772799
165624
305145
323685
514389
645369
124635
693743
304640
64072
207239
864408
183846
670660
857614
85456
743868
962305
855286
94398
400473
130028
424346
732144
69413
68566
632302
372093
836848
477599
137184
257594
416223
648064
188379
461333
92865
506676
944229
751825
75072
312452
197032
524638
936178
816814
402446
588180
258447
222641
817861
428748
782525
909880
797410
367259
917128
425888
633442
427756
155181
835624
957003
750137
420245
956404
476785
331942
515167
420606
824148
785658
715670
592858
634407
5306
804354
126563
834859
177700
588186
509959
60154
329733
775959
848237
501280
247927
589283
57790
433636
728059
656432
868759
180388
220783
561574
102601
672798
394860
11444
226635
354699
306686
502088
262077
904293
564481
924953
734681
102538
888468
199521
620600
917945
793533
317225
960831
93496
570265
315708
148580
223640
616382
216893
519520
526544
863919
300821
766259
301767
432635
809092
693455
823854
412530
781593
475234
584841
184517
321340
543363
32909
460921
71145
135288
310757
454791
386359
667426
368527
888468
530966
901318
581603
985160
716760
41592
883316
44301
925030
39462
1039
390950
375827
977598
850336
358825
637773
684029
652148
651739
269807
688341
638041
940710
378740
180666
594530
352249
154119
131594
896007
27580
70070
399575
368233
788143
175236
890130
927730
874910
301277
513109
342747
665475
520804
636108
33543
153720
634473
424833
83085
162199
24630
318084
937235
896112
334664
272435
920789
12198
119707
221675
864965
759014
314334
531851
341901
982341
246278
697954
167856
87669
532223
505077
361038
159204
808188
680366
74694
909938
184559
622115
401782
424268
905493
526018
490077
184746
316841
367447
236578
591585
784696
285690
270190
849829
382036
433048
751860
903135
136930
242972
435216
135079
59215
15417
427469
270367
508639
314774
849409
252203
997926
279831
140563
320016
776527
210309
610717
501992
61401
284825
470764
371647
252130
547434
371876
776654
171100
923184
938817
36370
115228
893940
576504
68359
536529
470550
601915
36358
412305
36730
402460
645752
768783
73681
728201
96118
240553
472191
645429
315199
784798
499566
132184
794837
74397
669359
595532
427828
610104
593992
44440
641840
375287
269470
915978
548394
996553
129088
44221
306350
983510
35917
410299
518572
327728
298628
743547
15441
290343
490918
382347
579586
984123
305162
806729
950389
928172
67453
156107
437484
695918
827347
728223
322830
426553
309967
466220
698595
40828
760298
901367
102635
475057
987587
631170
566364
98508
913508
694606
87223
740493
453613
171650
68870
748661
185184
935460
988724
890965
941960
507907
475144
772353
879814
411511
897984
454692
922553
7681
672326
740269
435145
26444
428881
998695
14353
692181
720411
954151
228327
581222
323322
50910
896329
628861
676894
135182
331877
8012
468134
257306
347524
198618
134559
13686
62549
692423
350041
43133
711890
204012
447784
371937
753489
467489
750772
358972
656425
478424
651005
992262
303103
564966
425904
898208
681772
499554
530206
119884
177484
69734
310175
923840
208102
51
876162
665551
856499
542641
978799
578823
283981
782419
853788
668762
569397
108249
570728
941364
428609
859055
293527
546155
407648
291827
197419
236821
904587
172564
522587
581363
458123
644117
458419
666890
724129
344881
85127
621522
639317
904025
49173
338760
413854
651673
888438
840414
603562
562456
27841
880146
204
433662
648445
245980
323712
485616
153088
9921
269787
772854
144168
376581
650131
452606
793077
603389
789864
621882
503170
109891
445679
452644
839710
391554
40953
117857
137867
205232
200996
383555
591890
731484
314494
164649
538561
864733
577233
547009
986499
448170
562255
451950
797914
447880
644635
484293
232635
93342
319345
326192
423110
748836
208500
246261
539040
48954
161107
70481
716783
658709
295958
331710
946097
491668
461963
546260
934521
952625
578375
456012
368520
920146
73051
839775
279876
539327
343637
542861
960535
694831
484400
937273
289895
744507
615321
186417
575469
681460
127966
619148
80180
654928
169333
636140
218672
22463
911335
626915
492281
550683
691672
392626
304995
886974
18675
46893
328570
395055
108790
979898
616863
142324
959383
233656
449914
490187
929234
618684
892634
763763
269264
413174
873201
442789
413237
634866
115685
887008
494342
568187
724244
561890
148533
235802
991271
539442
47947
377212
952593
115994
881
421809
320741
410227
77979
851728
339474
661208
908626
976441
913020
408188
10652
764595
397431
560472
589961
56947
820962
658237
813725
89790
382366
168839
20693
656677
258218
859442
61976
623792
82077
933190
970108
264854
239486
636206
931313
215911
370627
874471
207822
432012
225509
487700
699894
970471
337372
421166
98150
133076
280956
474328
339551
418513
23980
974352
388842
24698
515070
396610
350669
624172
161904
786678
288008
98380
701054
325994
894476
327328
223458
811003
360185
656730
895402
83388
4050
20342
652403
542569
831424
799609
740295
164790
26879
639512
273233
672256
703017
130043
152953
600101
878813
751638
68768
608367
381132
412535
526201
352555
127072
243999
835714
805016
274825
39303
236831
972475
523365
372164
376081
162000
44234
829060
727703
688986
392819
584248
650785
924763
691014
627724
994285
316512
921406
247761
904577
57652
520826
234172
583811
687669
534881
33992
798904
961411
283056
45814
116439
604308
880033
276917
31881
749988
363001
955932
292608
498122
409263
506323
262641
253670
105716
552722
399087
163063
364899
556289
662758
510089
365703
79935
598640
411531
607427
550911
935383
805182
214818
5324
941480
953354
187196
8173
760048
40299
135297
478051
561302
758728
175141
908431
475477
719908
471400
7728
155540
263149
841345
883850
189155
786226
811174
772131
600468
101938
200315
322600
347316
877519
992148
586156
244581
441954
861993
738448
806169
409384
440661
853245
740013
630425
437066
157198
934751
2457
87190
118155
543790
406216
142922
794705
212045
329716
724364
120845
142019
821614
906043
105575
548514
282042
801658
730491
18337
707360
269788
287810
139096
223199
308650
804239
306712
725313
922195
667382
118373
880074
676657
545287
445650
824714
691380
614072
888759
543826
535149
436128
641936
66883
140665
487264
617205
439361
784072
83420
483058
569351
490441
68327
914242
147925
212980
804413
649837
170692
454067
455721
200443
530617
163758
266695
882259
591608
614897
251044
617653
577232
130812
939137
561937
445300
884328
408695
464386
497450
721009
560180
316906
613212
39652
286307
517162
878989
805606
686250
477502
951525
946078
133325
966900
716845
127616
914799
81287
151318
167287
895481
883036
817267
704942
36051
643608
471239
203068
94736
123100
630201
853290
473254
737438
555044
941281
503898
66981
768587
730677
114298
608225
209065
145224
529348
557604
404263
481756
382693
168321
791335
270969
618139
718272
799741
779127
843771
44794
450174
842729
126799
571543
508144
147430
117783
431074
418657
820149
294960
951046
420563
874644
148115
499432
950036
286181
942516
162208
167340
668662
569866
256981
378096
82155
779374
299955
760820
244298
741917
404812
317406
669539
53912
60744
461141
144602
884139
432074
716823
84179
325706
721314
249194
696248
120662
288296
130218
979306
671103
189627
995073
725954
813444
614166
582581
418178
53655
94859
187228
705693
660252
972768
16426
84703
629903
172291
525803
323194
606788
947562
58572
905007
660426
701835
939923
796437
737513
923189
632239
459913
785227
809546
564778
769779
877559
387545
723002
370544
1016
301468
557559
102177
228892
115659
962536
900111
556248
766171
86774
11130
178697
452182
309890
575357
197653
827160
808594
280735
426096
421923
232230
71480
948667
967520
686313
898877
857158
277363
711683
263787
868790
648057
951115
760013
827458
758753
947994
704425
916439
495140
984507
328141
983772
277858
664126
246641
109392
740890
193452
747081
840334
122502
329876
306346
130162
255761
828996
999510
927382
737782
586323
283686
5686
583478
396891
237331
46066
918325
165125
494048
985201
921778
537021
194152
143905
571298
651332
108735
829021
59751
680227
615176
197096
126066
249085
302355
847894
290226
400702
454704
72778
802423
596400
934933
858970
275432
671852
603047
816335
3165
670957
990696
409096
202074
191680
818558
485949
164841
155415
917276
911457
61331
359997
597647
251681
281402
785701
478759
721674
8790
946139
303424
760199
275914
521116
651820
780231
34146
708545
473790
117757
757484
486165
674806
598465
789936
123656
804676
905044
782349
435645
315963
121857
857457
403774
865555
654174
165428
293135
856987
172786
312210
162720
755001
428017
65987
280859
787423
668962
125305
1054
936204
386785
38005
619203
472828
588865
642823
235482
186030
480585
740192
992440
669904
331167
56661
218920
584648
264963
834162
47744
128225
882482
789689
384655
218896
533482
12406
41843
788515
620941
812160
234759
325381
370463
617998
175673
676720
113834
95475
848569
110511
341377
434231
568333
759375
91169
912276
889601
982434
80051
471562
119420
700207
365422
140063
335599
558905
383705
692919
65190
134506
414446
466763
201857
823260
780890
923593
458300
964
81761
685704
214057
489084
865183
838246
960512
722988
598121
508673
649997
818708
501074
227086
587335
974456
850825
259353
833153
477159
8416
275097
336633
527530
772327
361327
104206
494918
877879
182587
733903
420846
780427
582875
617519
194249
209224
272002
870420
573851
721437
884080
321422
452306
149701
114643
711845
373808
245865
154746
343691
671631
849059
926962
751344
846550
272606
881535
109237
563063
303385
152697
245688
115553
551050
582912
982862
321161
76959
213469
761166
899729
617183
675190
69642
213202
706608
518509
967897
378379
890417
714263
390928
443557
424263
691732
334095
418018
355062
197968
195063
22306
360485
229589
605113
643474
608260
91530
390218
482161
815817
347980
72114
201600
177685
731047
675140
403526
98614
211568
936488
148285
8517
531779
814804
692828
942448
405013
629017
370690
943634
163253
928538
302332
158590
454500
363671
320435
427675
739405
191143
582197
267561
177890
990340
285406
164066
183317
221696
218403
357563
13232
770198
671162
304009
104082
531292
912361
243649
174215
641044
437802
779288
183682
852641
9208
6985
614201
996950
797434
664949
952862
103210
693064
949604
836469
710088
808542
338409
133014
748867
66780
311012
541441
836903
561847
252898
403417
462634
955968
237535
285951
332482
974223
368683
381964
937616
199244
838121
724202
970489
743193
675124
189200
705686
506655
570717
44056
20161
592116
919120
662782
290064
491942
264789
538935
453918
354151
252466
501931
33924
354260
285101
224721
351143
544868
996142
119974
576043
959914
264771
957130
766982
406086
661566
160247
594479
625390
230521
170334
26485
277268
330234
14688
390891
557429
778993
711846
931137
412094
721822
473501
454574
436762
814927
217681
633737
87836
998599
41573
576247
294406
248699
536109
126079
150068
261686
106088
872762
725992
502428
504285
686246
492531
273931
28176
13081
989244
821405
789729
57426
816880
124618
863810
788139
452998
693803
178131
306218
34349
71129
181084
928567
378645
886836
720486
49321
320919
925759
638774
300857
331522
814825
113895
477208
267139
868070
841635
918684
692272
432572
65214
412373
487793
557658
986863
617726
532491
635682
822251
41168
356235
770056
304415
824688
285451
743570
462218
83080
799076
601727
152566
749106
71216
35844
364497
394961
373626
754097
854124
505274
277701
415475
507919
252112
697077
98162
724342
819886
94686
365018
700909
614012
831848
177464
766787
31589
786844
947706
318126
882975
202893
278489
706043
891753
613989
3538
641328
954515
112587
851727
303552
990583
513710
373349
37865
122373
269681
815031
151406
999484
163187
949239
855660
367221
559673
599756
504988
583961
303355
606608
647268
121715
778504
835184
634265
138400
860822
677879
599894
167011
830506
502244
301234
113557
368928
451959
405856
914810
824152
120523
247080
451310
129917
173021
808062
585918
206707
42090
742460
733139
29596
213943
351617
63944
70920
199914
436581
257437
523383
238166
751384
37125
43275
611412
868438
766618
782927
848268
422665
461233
534878
491603
816635
364423
325489
376046
885749
68890
569929
167797
599993
312596
428853
243795
999961
866
150912
945258
590707
465956
412475
351315
896009
388413
645603
409923
396609
529865
323822
958153
154934
342190
484535
858740
629368
585931
653955
587281
136551
643726
290799
582737
550055
261858
100152
836489
462400
966341
623143
997012
478933
884599
80023
385555
120319
372878
824228
213461
240390
620135
794930
839569
339067
717111
185047
749904
604853
496703
968358
90024
291942
524510
464601
55586
842137
148736
563418
474557
26186
698292
386286
394188
789665
655132
138174
696890
962573
661309
89732
22318
119866
356471
859342
896521
631022
532302
459826
454860
894469
544614
27023
126871
671367
417421
919163
579404
608227
268211
220878
495698
891339
332533
396426
227638
645547
521046
513702
475435
658439
383246
299574
414962
688304
491389
613560
780373
303010
619704
625341
173581
396925
889732
739697
159363
652254
148769
224905
369139
553754
805053
883721
981421
696662
505418
862320
982774
527046
776553
830464
664523
750976
296773
610413
215749
909116
993149
179042
511960
579883
755257
550314
570485
103664
674334
863618
365648
277119
393756
21432
184060
263249
122148
376895
900913
974593
156215
894867
609968
504390
907546
727171
825213
937549
675238
709088
325771
147379
308283
177408
337398
520540
993557
916143
312810
656243
372151
120243
372705
33918
960387
108155
618825
607836
916331
872675
794115
87390
58434
72102
97160
814016
51884
884961
171686
575363
358388
456512
458664
37864
944316
288967
870100
571722
543887
453055
498446
890201
860563
278267
30362
198639
788570
720646
719487
381904
728855
622507
95559
543107
763437
523807
672034
194311
151651
794063
2986
907572
585844
490114
974145
936816
663555
727595
901078
601418
20652
344782
649671
270774
22966
493772
968928
573157
889892
120077
19074
845377
708907
483016
546463
923714
174909
800818
957346
500464
342980
459201
371051
653685
511338
42971
714616
379166
448021
151776
979103
539246
489904
510864
981879
347807
492324
231131
231319
850742
486247
884740
479862
560577
666347
389361
698546
127600
51958
427473
402988
725774
652305
713258
596048
647578
433882
368638
808690
537734
977333
171865
659156
659979
119199
286394
885380
37095
539362
957403
172450
991284
638181
96415
240768
814566
57371
40984
153250
609761
626716
624306
89444
687605
413840
436991
501627
807095
742407
317279
994131
557053
557606
195403
102488
892277
492733
783166
2321
371875
618292
933826
916774
27957
104802
548947
853186
41732
612224
600113
598355
616233
666930
230215
258926
119802
346309
66867
46544
889632
126391
935730
5824
19990
399791
319593
795920
737856
78861
615570
163841
211557
410012
649985
115782
530763
693412
433426
871009
28078
444892
537266
390698
867164
718461
827590
283311
560560
612530
263675
578100
840937
434540
415083
450459
354406
963473
725353
557343
281280
362900
53161
406010
806148
686368
936847
263655
952459
193518
660050
765570
566712
321206
136653
805451
201422
629249
583266
908809
966892
792989
581835
645451
380837
799466
931390
680841
176384
166482
438652
791274
228425
66902
276343
166111
866962
541059
336926
698412
147722
447747
976710
874631
378679
310799
370614
282457
604435
867650
677967
839329
157249
940361
685014
336632
84074
443127
801184
189615
187960
914677
207897
867092
584623
198231
705904
368404
9379
23369
891683
390138
741978
556200
789666
61845
66750
793709
728291
920888
812030
154948
98753
80219
209667
129787
562449
77343
247115
199189
79172
518959
593187
857279
748594
427202
459589
505242
402953
461309
636491
138551
447697
218484
706191
21473
395419
926609
654690
170963
798854
421901
297509
859530
503597
267868
361031
959285
873328
666022
315483
814282
85213
173359
839765
749810
940540
719767
315809
827172
993652
860413
260191
701967
732893
37247
264959
190641
685731
273437
322998
478853
710867
312316
285658
574425
285445
596166
25376
545917
677415
672558
580719
900760
177250
630097
107936
493524
202986
312312
925461
400185
729767
924666
263155
108952
984251
940799
461501
572509
427376
582687
730126
739912
489727
583592
568243
685429
839231
310590
895075
86551
391849
975197
757979
635651
2564
189307
543194
495016
44337
444361
868918
475869
557653
822039
581914
893011
829214
539607
219485
935466
80436
740793
399359
184863
656766
709942
542658
442722
610126
831849
932131
881669
585130
242839
62196
627473
125816
19855
621783
473395
338885
662829
610968
477652
355762
895672
216360
265158
751291
601131
414578
862361
962405
804561
789276
309390
295492
885513
404892
121187
181222
865385
154932
309325
546336
202687
648524
594628
455538
593843
488938
751160
392537
678216
216720
887905
49778
370433
889266
408884
842054
699808
377426
20593
598006
24970
462586
572953
326788
771526
49301
651517
724219
656804
249707
360242
77053
75322
322423
146273
243623
702473
266407
927227
186530
987199
965360
705673
994377
207126
885067
338017
6514
650650
118927
340149
480220
905031
324076
161349
865715
560592
835265
758260
907778
749500
912027
155769
640309
958635
424715
407468
687050
958647
783651
960
377428
101558
381581
700496
363436
231707
522311
314002
134772
17340
856126
554024
337161
902702
538694
325909
591045
354764
733620
281228
816045
19031
78425
477924
863038
928247
240987
230441
168015
815520
474545
460108
893347
223376
484986
171450
479821
248628
936187
505929
498112
920298
293108
999439
457330
847714
551453
688333
327213
409821
52546
807625
775794
915351
371704
700537
584842
406914
716795
766491
678058
104488
566949
754338
548098
879409
391757
920522
964322
174469
265786
209996
889353
853833
104387
330478
455308
487110
623940
769330
155360
791400
124991
520238
30212
694370
985420
928700
5581
413934
631806
42247
298831
89138
921428
249030
989925
132543
879577
894725
693342
606642
896729
697247
307780
286909
820480
105992
579466
483072
701584
933831
638673
831953
281214
421760
33879
406427
683946
859439
830205
501794
145146
27377
932275
5924
744594
81020
733570
105243
526833
493488
477621
765216
10411
653445
290213
403817
948671
60003
41888
899187
117652
461904
674933
483195
77205
258819
78047
161509
241701
367064
963340
154560
766977
157597
956616
669857
369841
494601
108683
178219
11307
963020
844059
451569
606852
312642
113695
14002
685267
410881
792194
975491
660709
134353
397952
469386
128342
756731
824528
347622
194194
973242
266542
226348
603176
283726
746244
534221
461768
530416
775220
17427
950425
37728
178821
961930
997689
150170
866343
85435
255506
369383
411684
293844
642325
976719
255270
401507
747990
168428
915167
995073
250244
910937
250841
939659
771523
690506
666458
815308
320680
292725
89779
178167
770192
86830
718821
952335
125598
752977
906161
94313
648719
587352
353275
879241
33915
936205
585690
594154
224042
3289
391806
708378
695888
491322
962750
505537
312999
410643
252222
620226
479975
922397
489850
668345
279205
671547
355441
676709
386565
765740
867888
802079
883037
837978
818105
142408
349096
717007
373073
908738
900388
168263
642787
96916
459465
744416
256532
140081
954469
706734
476260
557970
567129
795435
441597
925312
722282
443979
188508
823534
409412
465262
894297
463234
926994
153071
108756
307380
13426
130330
565374
364815
314585
256186
774401
936725
521219
780943
743565
735488
333780
364766
299264
320866
875792
427235
692978
948078
441076
456546
23322
111183
658287
508763
964576
493174
438080
740956
422911
549553
446957
21040
537238
581495
722205
697333
378060
765632
663955
911564
611614
58257
978119
508329
564167
527253
168803
922506
188490
130535
210519
492996
101599
63597
25113
695992
963512
501406
739964
230565
254446
233187
183212
709015
52429
601435
161028
705342
820537
78713
953740
520025
186619
987464
391954
936977
852396
658447
774051
778082
772924
446288
469670
581044
611935
28266
892182
552392
331414
752094
551258
310606
718614
343022
184643
654291
984278
192097
385569
922839
413562
186020
110722
111932
815319
214795
349192
789083
716898
420469
780454
231409
73082
720012
359223
141047
146767
760107
504827
246223
454829
55387
600110
662234
935593
466294
194503
342566
437862
718893
374154
861445
73797
572517
93642
280953
490407
180859
164095
859659
648223
363561
723008
961915
103097
250432
653405
898065
873442
894805
945051
941202
88946
602425
375884
770446
370845
550624
219787
205206
146545
273570
91858
237708
345804
305824
58104
719826
312862
826111
362633
693604
228055
148496
237123
788994
145837
68880
400427
233734
520971
20746
800779
999444
200665
165723
701256
61678
201124
597838
730467
628775
884715
727333
54924
939887
529861
626041
561246
665165
664114
127097
783548
784876
270524
168782
685702
173836
325193
33119
555447
948697
277120
895152
17821
554521
614422
275941
88566
338366
284468
264485
309924
868251
507719
490138
405773
825267
41955
34324
623826
387054
346196
381901
432682
198245
700035
401415
788186
914076
807298
73106
322067
464847
919412
520426
480168
967525
660444
280380
400234
670529
894208
300169
21666
827768
524345
456355
920298
311837
362266
400021
522344
177847
202811
895392
414184
133460
580385
129887
222357
413367
954251
657548
937300
823660
791068
782939
609470
71484
240224
861508
678967
969853
253180
925278
907119
999745
394615
329575
525749
284142
895711
828192
536691
320366
355545
897301
647690
977404
618761
183163
842571
274591
492314
92273
583310
706100
76266
821225
856371
495011
730901
888160
347443
86196
315613
46537
519842
918714
778355
813640
685507
695405
806500
414873
747975
38934
986403
696593
47908
331363
533615
726781
158158
500698
985440
457639
971541
281322
436692
669174
727387
127134
888624
792181
643184
586603
283797
895596
656204
191784
58145
215530
359848
157
150303
213669
373625
44275
571980
232184
457482
493579
832007
569930
977333
855659
35860
795983
406461
560596
431052
981480
474699
112303
558117
310438
324804
991333
372442
603564
638851
43790
747639
267314
833592
832193
176643
639142
316188
897738
729353
376301
754832
916921
901765
959238
507473
29271
208232
585296
972634
932852
295880
99490
615831
84700
930280
170520
613441
725096
405919
485998
731226
569904
690599
7108
54343
545758
863492
114241
987781
551134
62670
568788
969993
89137
29469
953942
941048
282209
680849
848459
783168
467087
927547
199304
952721
481768
605996
658158
503676
74358
532376
9108
719334
823058
792485
297347
870312
420280
73046
121818
929991
287667
621455
105938
255307
486327
315012
640604
465214
574797
587714
614119
867843
167464
389082
682173
838928
966231
593509
128333
727881
859860
352505
786563
42810
674233
313831
369363
360497
728338
972397
49238
389302
707661
712447
956491
282344
883598
413869
125438
887862
561567
604017
496773
57206
93381
487383
261607
207845
476398
242825
947160
90044
984390
165174
355616
511467
540264
761567
652441
384565
532593
75390
789911
426343
148081
3026
166754
944630
640827
208651
300766
589236
487772
804239
563084
604463
981288
907943
809129
620134
384943
597322
828404
2089
826575
78659
434765
800076
433571
472961
465657
872263
313242
65723
301442
111469
695906
429118
178427
166471
58178
857428
258274
671757
664263
181907
997278
123456
567958
969023
798631
137575
384097
100637
633476
324259
26293
787797
960752
365105
715887
732098
575958
365244
840782
692186
371644
770525
86244
812917
833660
239600
575911
673212
156268
886356
778916
892911
307487
944318
677139
351570
58437
216123
799429
302517
49709
989760
468922
184031
705195
590639
788367
931798
102677
651241
781204
59598
308455
251530
227004
866860
358214
76613
43949
929269
184674
240669
73848
774936
494708
268862
713314
964948
572903
7158
728161
854535
150355
868051
824739
664085
957988
487065
518407
947953
320985
167008
742703
344715
386793
823304
59245
940118
933760
763290
319386
44660
885926
416445
137157
74113
279041
96466
49673
435577
206193
547116
155128
570183
29081
412399
221747
689771
535613
102596
504731
592006
230023
689846
342242
907845
604836
29612
109499
504168
182859
93123
64560
695598
188062
352456
495058
800607
674089
113231
953994
986101
442887
388018
278798
291176
603619
62442
891888
726293
176348
905795
144592
14218
569026
568959
844466
542001
393470
658889
894122
511702
439310
466132
160500
143510
728301
120272
655008
520358
200400
253513
212522
68285
370893
730844
429416
170975
690135
12758
81500
202759
358500
913642
990185
446705
696239
310799
853155
921537
471641
702196
335743
978259
284011
188129
517161
619744
986934
30955
178165
161289
381659
257428
840813
484548
910119
352637
550024
411680
50518
56584
902460
498358
989177
888718
456234
348206
235953
867770
378808
639275
171227
8512
260669
404500
382534
650622
949973
25088
64543
1901
39315
608509
10734
966147
557974
34301
734393
585513
982196
934494
808518
475412
898516
950741
901630
85698
816792
757814
170093
437523
671351
155682
554982
281090
326632
421197
620932
911166
322362
38762
302219
605545
532481
124662
534956
933292
249770
328798
341031
122101
102064
307342
969611
356558
68647
791959
452057
230491
553206
213948
665223
841712
879906
238426
775072
836556
933381
307569
543240
736119
434461
960467
741342
410931
78464
330343
309370
453985
358637
98074
911765
840180
875519
351332
15368
571082
605627
204722
728749
81388
860488
235125
23970
153699
830526
183175
388204
221429
243478
183285
152631
429371
563330
256237
132027
490784
479958
42373
969211
877304
66339
84646
255911
486458
263717
357203
830498
663324
673362
789850
893406
961226
217426
496789
626594
3842
827214
688285
911341
591374
22433
557453
268981
607135
782060
543022
944648
868611
594950
286596
121300
238275
985296
11060
577602
346844
482342
496976
122620
753624
768625
572289
265615
682247
49689
988176
513324
682783
21848
27089
203209
915182
621738
747500
511717
405879
479456
407881
446376
869681
941332
455959
671016
271384
191607
134202
841608
743149
692934
427343
240123
614289
670619
516444
826918
278458
776800
865241
734820
824207
192926
775957
249891
941478
428404
844359
806379
54551
76834
247666
231743
575549
752517
388403
500892
678217
250397
357098
930526
614402
998922
408387
900994
46173
40342
96416
180614
647028
697387
414437
532717
885606
674981
807263
645407
55564
261186
776465
385644
847251
978102
230749
818225
247867
480604
459212
784787
842027
484742
862074
400553
859182
357365
842977
803382
977550
509668
728384
767635
546251
676543
418215
353707
757560
245873
936226
574496
317235
847771
854656
895820
447487
716960
442750
663138
626816
168797
76821
588274
312786
818678
850461
577675
762566
860812
200668
728890
445369
1994
388720
603569
371731
606047
958420
340868
818201
132038
898066
392268
454128
699584
866822
448750
723695
370083
121610
860022
911391
885836
709443
137309
575634
961905
934471
670697
667741
385809
329578
527603
167987
444492
94244
369860
1695
215759
974240
593113
723741
840807
233763
836870
970646
67575
235223
910007
399991
102021
109364
125521
581613
931566
831498
954870
236991
906938
373997
806440
797639
546122
734525
530437
65678
326382
470096
764528
773379
108819
225342
254737
520280
372313
251402
159154
696058
877379
174504
485322
41962
525128
262447
563863
255421
686278
982621
535076
43116
545942
194497
49066
772185
692474
726793
875923
19807
99763
794216
534105
495828
795184
42276
20237
328158
513184
765305
565236
644399
98280
945069
576012
119326
223920
660465
656428
551011
133080
66609
917961
669167
887433
535353
276181
759206
118886
23811
231617
252730
877408
580385
987107
208229
850857
482051
18292
380290
91584
427110
994288
568265
255083
525402
547104
240101
447299
871598
512564
434804
540393
377401
932553
373402
7126
330248
653515
935426
184721
155039
495348
175283
554873
572462
319539
458314
428290
369106
463847
633050
444861
416388
143818
406173
759311
994210
535531
494357
194115
369304
25363
25795
464636
897707
144394
3651
180419
446946
900978
352194
839551
514001
407440
953118
680514
858947
487339
195480
637759
545219
271117
116664
135962
592391
510054
38270
350616
266106
399952
485824
721334
71076
477998
950949
814933
710200
602157
352572
454674
897467
189996
340218
580084
20300
495608
180878
233471
947796
727344
831139
763557
102922
885640
636145
464220
70755
479592
706688
70091
53461
645236
505787
576349
446727
316647
124269
74488
812183
190616
734362
181128
573063
315871
253628
548277
395077
28945
118617
182259
347093
723302
430141
56823
958685
691708
917402
773959
810380
566964
973176
565802
632744
390458
329434
182719
428596
824931
76911
329258
911994
462575
73778
986601
729466
436013
171295
839492
857135
402686
421585
49443
73274
420401
356861
755641
664302
24398
267397
590174
559863
89007
759610
610107
935143
376967
670833
623007
244127
317766
227328
420590
210646
880917
667542
959544
768009
148604
519220
370088
589119
852196
366860
27987
894136
452150
830324
420144
721585
207905
130439
904871
265047
632315
344024
916482
859910
118079
776724
236672
534012
432949
702451
741640
197919
539631
392667
988475
832423
235247
101137
340578
206121
179494
638748
718150
754113
732119
737784
560287
586204
394714
158516
872228
548703
892093
988585
135425
944696
408965
678935
866023
523519
294994
517149
321277
786504
523872
136212
798388
799624
580522
664649
421752
706912
358057
61974
546882
999755
690745
873692
676746
691169
332957
210463
138074
389701
205977
621182
666238
258610
559933
651021
302744
832220
842114
984593
453648
656838
552781
737367
41448
955360
755536
195697
438253
133274
502992
540814
611529
918281
611585
116981
398262
675828
320141
316126
676301
423357
622771
83565
647868
619559
120716
94604
578710
467720
90858
288675
680645
809164
679577
20151
183770
678307
909191
330332
324165
908168
464768
749784
787808
912815
645329
804822
195621
536395
699534
118404
645120
702905
51696
818634
798336
616076
66518
440614
777511
392374
367660
418152
770976
293583
52393
371143
897424
194565
290738
560223
477957
300257
977628
95688
745739
539761
955983
593748
159389
112792
608326
731236
233913
304174
946546
255079
335116
338965
122238
251313
206605
692249
706990
746484
117542
794499
536160
571357
699468
438715
432885
39117
552944
83607
176841
496626
778893
731908
446685
197122
837922
915279
653974
75476
595322
325969
717534
631195
874918
15541
130217
918975
286413
31655
52882
842585
549658
778587
878883
427851
710675
436215
162420
52218
65354
356447
637930
883306
992556
301915
232161
897396
557366
836454
325988
728806
767944
93397
481817
32375
349010
288289
392634
630757
22059
513684
176126
607149
79936
13516
386134
273959
628585
656915
184635
790743
940652
104868
33668
272490
729641
207165
483775
481823
137615
917652
639087
684262
11630
123461
671569
832530
461517
155542
250359
871914
859026
492948
607172
647772
199242
460060
883715
722129
604502
878006
701796
788700
652851
969179
97107
227084
680804
616279
579126
24672
385918
732233
351748
652826
975440
241160
677757
3820
843372
551200
629385
231503
121622
854074
121585
183027
904649
842841
476916
655057
873184
985344
530823
470620
443688
790834
935661
779285
227711
79441
261486
451006
149544
602920
715063
376614
821615
823620
931149
485027
990451
67581
286447
85278
75413
45970
934152
764424
165820
44786
916366
265515
878786
708887
68346
328475
474110
635469
252900
830027
964846
840849
591162
27451
610945
828052
485021
961999
559167
394463
890072
780028
243990
286864
581373
19035
719682
33538
935582
516384
873303
25931
381285
239844
540718
701855
393041
353822
641578
453393
958029
538736
212070
571706
530542
683229
938109
1842
957129
627417
93365
786683
660783
126329
521480
242302
511879
302090
841041
464045
858438
665981
271952
225799
134797
677119
748954
172154
17182
405223
945184
209506
834044
126281
112665
10799
638687
284008
639311
580518
465105
722760
54595
968382
830056
846176
301758
338410
816032
330094
406582
494262
853973
821989
380569
552331
963801
547906
220345
821517
977528
429437
849747
669475
924742
360410
884413
348246
773088
933342
675884
893010
455560
899423
244959
465355
704215
807861
676204
856825
566366
621260
301093
297091
201757
348635
393319
464250
582111
76463
941694
285116
334384
81953
488824
289657
774845
47270
416453
323154
500806
305157
427655
50589
945922
270947
353212
834949
663759
739066
299077
796559
971667
173224
509907
407735
926645
26852
549997
430840
255026
566219
686688
427947
722588
168601
284931
345031
872629
238131
51877
802823
967716
683680
514518
588457
427538
175256
934607
769490
87972
134069
985726
110607
382997
438726
645810
749366
417711
359299
988064
387051
321765
17882
668624
788862
663504
2856
55847
291698
880260
860419
650705
108569
124303
354548
503370
39002
766477
313026
881098
669205
780651
111081
857099
629789
245750
112874
307128
563748
536287
97468
547188
278580
4749
256224
587139
717849
445279
133266
440025
73053
197437
580315
420349
535659
344153
670659
405786
949589
98568
618468
287266
459185
31223
830746
386847
833886
33931
539223
459736
890532
758681
830803
104604
438778
149439
980320
908846
726369
862237
437531
291725
405805
116532
155071
26462
260131
751833
214483
126456
472254
74965
440836
355660
745036
111580
283021
190959
859062
450600
894738
35782
565980
193522
412365
313933
55518
669261
544479
672771
563640
424415
553992
460662
911557
23612
500530
824102
250404
688736
955240
604249
241336
200073
974692
181499
827017
891951
766021
654575
934344
94177
542623
39990
253999
797310
28268
391162
51655
404748
858849
333496
407875
844472
777884
25033
228234
609195
182969
49163
984018
757508
469828
453104
143144
970936
517256
962339
536524
605060
635142
719570
890872
554442
196738
905372
865793
301071
358391
787737
22743
818576
53418
678144
881575
772732
713244
843641
483423
575827
207896
613760
522001
939033
224045
328242
373553
141686
392758
701560
316601
885933
776853
189197
747371
261815
639422
421933
240758
433340
60719
427164
555634
490349
130877
362832
665414
547968
389578
659515
780265
839049
167763
247417
68229
451506
982950
824915
453047
822167
351025
853166
804659
254336
418164
29971
819333
478908
865368
849372
85170
821526
379674
377783
637053
447287
415584
875802
870789
294424
683244
489923
979852
356001
235694
242219
337362
67619
183411
455303
496992
119855
51324
813241
12064
742033
464554
223322
806313
881836
746196
504668
557657
189619
849147
958240
959388
876417
89493
348947
592713
34582
719941
469765
528875
865647
452716
739976
858716
722881
403097
739713
926989
165009
438684
548942
522275
413619
951544
712596
50108
349213
572022
762595
857743
750631
381142
409928
800114
90913
844321
50736
188660
115473
154
661236
67434
707591
959122
427141
154119
516639
438811
957685
986533
646419
819924
426976
933024
195706
279459
801717
803745
406305
662786
334885
330361
379012
383728
453094
733027
426986
333255
825636
156012
748826
989358
669701
114798
683325
453924
771735
269944
618705
899517
882585
148681
828487
832170
212323
120827
468859
143600
649202
893373
647950
791163
60436
991673
977825
68364
893548
527572
362223
575373
862115
898963
733959
627397
291243
568027
316197
565734
347889
248529
921516
826948
790559
811680
431747
78368
880907
331288
451529
927459
762879
685300
627318
322406
425125
250740
658575
48174
596687
330921
597189
675957
596449
28623
359915
590051
482780
115028
317331
582556
989831
986487
696004
961714
805820
17420
543769
106235
340876
673499
961209
947966
73616
896872
76270
551303
109005
405326
83108
511130
126595
972741
325761
179396
657682
938115
490331
953421
265737
173054
933914
413129
680653
934286
91115
487949
167459
261617
40670
119615
745818
276713
385822
909063
9752
483584
944394
723362
328511
464363
36404
651477
105275
167180
534133
959998
13803
525330
311210
388485
50409
61756
856272
38002
721464
731770
342712
874393
799881
490356
810086
33264
167530
465572
515980
141889
117836
180702
31262
318522
558895
613744
390354
257826
302380
288484
841398
876198
479198
739746
294125
464146
893870
865202
654471
159451
53562
201312
604092
841176
673954
573880
615557
260049
599086
81265
685592
86000
684063
441254
790206
19092
698833
525119
102226
461381
994121
462062
48664
609858
456033
695126
789623
545845
596813
881286
290068
857480
540873
276898
420493
710480
217057
548514
246031
292519
160860
337588
158869
491801
32838
61245
725310
972917
517145
955197
571400
222595
889159
876369
131631
7316
651367
540881
836060
933492
381113
825497
477516
895612
758232
225445
628990
530052
252219
852182
306776
984182
506023
724817
407447
380351
662517
201223
90737
126302
639803
991823
259722
461598
68954
377518
425358
252705
897380
997433
147697
980498
693735
203858
316929
32764
772635
385806
778468
96953
149668
197239
779060
337730
814531
546605
568499
306150
90975
611431
405293
401238
655532
721367
441193
927068
847926
604844
350603
575724
561804
715633
671049
935763
722187
727634
194760
50316
463046
683647
98898
623346
540175
535017
188534
764047
601061
504682
342013
246482
571065
736961
80004
40479
441567
542907
280699
159809
549966
154477
168825
628155
479699
653021
65785
348540
650777
577088
955829
301616
316813
114974
703261
466035
528241
206738
156852
397216
660479
367533
101768
408200
64951
542842
213772
215166
575303
772893
205587
743824
884631
218453
474987
558352
475438
306848
74004
196240
850436
739710
826908
780459
248292
38221
306072
301824
212349
538963
947520
978426
278215
719579
314664
562955
990221
186422
952983
734903
286234
994723
279238
652108
239684
88329
555510
754480
955088
512992
748654
960659
521920
517616
95312
457283
894080
984050
658199
79198
25193
272594
427696
148705
930991
212566
788209
881631
773934
475096
633658
634830
722700
796911
161831
363580
893450
814188
98479
638559
89004
650688
348316
976201
207171
174843
669863
68922
479508
659247
949231
285007
995431
887347
24214
474073
514093
60995
259065
297225
694798
105925
873097
283399
660815
576295
458634
74721
856093
244515
638184
194656
999416
249636
345841
373687
754047
400963
782388
12565
612692
50090
991539
987482
313067
145305
677319
814117
895476
425287
646225
268812
435171
657888
640280
948901
11864
729837
139140
715073
434480
574290
31798
227769
54568
617392
70658
583584
698281
751083
506186
405847
649844
752517
404600
776000
750954
209833
625111
292171
447353
522628
808783
172076
117407
13198
948731
853997
288220
624039
860073
475679
589496
306652
539565
62508
815022
418184
791970
16584
935284
869463
94910
636678
471784
303654
417489
346375
389912
434502
800154
256077
617198
690976
386566
90925
853814
884082
855174
107235
416782
273079
359243
755839
435177
369957
904417
70590
857599
75792
559525
434420
521749
369388
974885
144612
962532
289200
933266
662770
298089
112917
89508
422319
247305
631677
145355
170260
846366
383089
949837
737034
896482
761859
851393
41062
46646
33938
198630
834354
316880
389484
648800
720038
701696
398542
172305
593846
702877
517574
949904
568901
481232
513018
10697
265463
97276
121601
470385
853476
65417
51695
538083
537256
917772
24942
782300
682967
409876
366791
990032
426510
500564
261440
829159
534245
898792
278880
393879
375872
980486
773710
373918
172101
172738
388632
61789
721767
533309
485647
782668
328289
380075
514190
542622
531583
309824
755932
199346
675798
647543
269351
406066
776852
444415
186289
589260
404402
711106
479175
346123
987398
498642
384875
190545
480436
74482
644691
742131
785285
871359
342538
103601
242832
332986
269749
384464
314900
835251
254512
611158
367592
968466
337623
1058
384137
671877
15649
865317
85139
126850
563942
486081
156171
917879
751681
993916
910808
290262
610512
247201
91090
50614
790872
673203
564659
817704
717318
264335
882667
476055
887568
234781
4431
278682
786042
874162
951409
475034
706805
497670
900171
357019
475042
396237
423828
579881
109364
455540
148213
726367
983090
513977
136277
797335
352092
553127
357200
465897
645733
808365
402695
452642
357151
862746
340177
679619
911669
270392
399184
204018
509905
870082
290718
470786
436830
460034
476645
515226
901415
956555
163406
348292
665886
776912
971729
733460
706553
316000
182763
388083
891255
532479
991278
815815
713345
634018
144690
431680
422891
432326
834793
757634
721049
244653
992208
935210
965055
874166
449666
731519
801728
354520
261607
191991
571960
572539
917193
910179
350037
334003
292167
75128
296800
965401
464418
673722
272090
777672
548596
419398
825409
738673
834177
984317
161330
214044
770406
121225
113768
379707
847918
170893
349090
397612
707844
296685
93667
640204
845250
737206
526995
539315
989991
333164
551171
812367
511656
540847
565326
456672
31837
114697
254490
838797
712540
251607
868926
431074
367587
648529
407742
748263
55470
78711
295601
142558
350633
523033
602116
434968
423168
16899
920727
300148
949970
183044
199173
842869
361347
903706
228801
969919
52528
459964
815451
394222
172862
605828
33506
422931
491788
245814
365732
601420
10631
943537
952977
150783
436763
547568
260350
922163
505414
177853
332869
834059
26121
309556
597129
400863
417593
745072
569367
570744
934066
281940
435816
881512
877866
420408
496515
584644
467043
449901
258303
919808
338170
364655
350886
590181
293597
487782
88309
918705
869594
227801
21697
122379
497682
155056
490227
24545
323212
415716
488180
643680
457958
76357
578532
518479
850790
601703
140931
453384
541166
205738
5554
885461
680398
523557
876820
664163
300596
572655
570447
395941
233854
389641
447983
460040
424240
915691
84329
852110
576129
399273
985276
497674
2320
454210
114035
735415
897716
512390
781512
31220
174640
919777
309410
28256
132421
550279
146239
528078
244706
411134
417005
780197
35959
391363
908595
539223
885607
665690
674188
457212
22748
973685
183571
550282
484212
344320
20666
802355
793305
805191
493556
872347
732334
897861
311347
993077
130981
493706
66827
336697
285101
436871
384310
51332
912073
20857
283313
521227
397308
384240
315203
535805
872032
733052
352477
579253
11158
373875
113117
386905
553496
359712
376749
833234
411051
752843
99144
290920
610992
735777
322333
458937
530712
336448
765067
35221
198839
301921
447373
707577
530930
273955
84271
55398
135635
973360
450942
881438
591227
521614
860863
947963
889847
325828
724821
423724
184363
614950
739078
121676
132010
976960
214039
241888
96296
170203
904979
945197
873543
451502
84651
781108
357261
851108
286071
772044
72375
520390
153754
531802
166758
948998
489348
863790
783544
270183
793810
984573
565042
893643
575376
115447
108889
83867
118046
942085
287648
58317
905712
986593
99323
909077
748335
97233
643346
713002
830205
144321
91473
356083
462678
700
255708
136718
236561
526791
306464
233021
845318
884186
188549
293166
571466
759996
757631
671654
391382
238778
298052
494089
870534
955523
790232
696328
969405
479779
192451
306023
521061
615066
143780
203434
735444
420312
720416
101083
990474
205336
947443
567995
272023
541782
377638
863235
82010
132270
883809
966805
704611
881747
1176
124356
336314
122792
134177
299900
769209
616062
585126
723664
551252
355499
440950
426207
815929
627587
405622
46561
500114
741494
767348
659603
96296
953414
946268
983293
921441
865123
98755
306589
725162
437476
320609
935090
215471
857316
782876
498918
514183
472887
997759
603352
842349
828040
407881
854470
647593
438096
805794
967380
902094
81205
993960
358203
969308
109821
82728
571217
928709
483501
263849
631472
161741
169858
532322
93446
407946
403851
450635
584761
625611
311777
3984
955124
138261
327876
799586
506707
824585
245460
954536
816103
500641
640361
60116
841702
59609
884431
275856
938162
24746
910433
362582
385284
355697
535617
856351
874869
21231
883889
565683
525609
17066
208785
773727
638168
913200
826869
567685
623290
338683
139106
474125
6799
732272
503333
950841
194824
474882
715089
33047
384213
569907
211667
666127
120908
939131
232499
850588
730291
162305
516265
10200
686762
968646
173530
418607
252856
646753
828910
956726
596528
616741
543823
461588
34239
802206
6463
542814
931413
605882
984854
59585
825710
148741
353495
261272
866556
817933
542062
93790
856627
886693
60937
298429
299504
245252
707408
800389
196999
717325
978562
702968
408296
786665
410349
273282
460396
283408
88586
350918
168898
840039
483955
648019
196080
883652
323137
453621
681224
123469
963590
252456
554538
203070
900708
876200
34800
586248
124552
158755
686650
309847
713863
175568
735317
233900
182483
342233
435210
93034
444761
521844
778497
844396
119867
692368
943761
45075
491237
402346
650597
842013
855182
338814
893260
169584
927885
407579
456348
537271
697493
78223
777604
909155
221455
456706
594733
419155
544146
377631
682765
111374
643266
12781
285704
799981
323010
748860
270914
190550
304215
244666
908613
641763
915034
934437
842572
274656
617945
52123
964010
6259
49228
594509
64026
774935
305071
913170
337188
953921
361217
949911
439976
145507
980375
886325
33930
394830
987997
852315
887482
83954
87914
935530
615838
344897
310143
55904
64671
98802
228253
343723
67533
292450
886336
58271
730608
551380
170811
772291
951276
453593
919665
137862
893391
404619
651245
208719
778299
62771
855775
764594
87787
209034
475444
511614
447139
851933
554000
953395
820344
424457
281899
27345
248761
323238
76613
367243
798201
760321
576711
476763
395386
615681
358456
914159
52152
548970
822104
744193
575311
915456
267805
76804
375177
546755
521159
652282
232392
521817
900898
198498
953293
692234
791064
530063
154146
814949
420592
243156
821098
625279
964519
887196
593731
624667
300649
789142
217173
87013
534892
638157
841018
822041
844778
259925
860170
848833
314937
599457
361217
873499
293000
508722
956047
807064
601976
808234
277629
608769
316628
458815
646967
582773
824943
452874
557882
749261
391833
447743
173915
862496
349693
896504
999409
247522
668186
889322
173920
887655
668124
923512
889795
677830
602006
475686
663093
225368
512095
894374
137340
512352
734342
142670
693843
640900
110515
812011
205203
749946
324187
291823
693949
955134
466783
886469
619430
722367
321026
13893
671551
940762
587205
615363
542528
985405
292769
95426
992881
71982
57953
787462
746453
414692
401753
517191
289779
588691
45446
40066
73858
577029
382340
524713
694704
122212
4710
633594
240335
168916
882293
601005
216221
415229
727944
540934
317678
479334
897853
522507
898808
890941
42513
75664
708667
579635
915233
682030
45899
856516
656062
582290
127163
715476
474855
912241
609896
653749
372453
140249
652959
695557
329672
191459
736684
222964
277497
189125
955136
280292
881340
208004
820030
491433
249541
451526
156898
990640
997747
314629
292110
874427
410797
899744
62067
951050
105752
380299
65304
768598
601394
983911
287562
280374
379662
113901
267488
197797
464172
880259
557226
76507
829940
843057
726774
427607
381135
247021
54974
841470
261667
448338
448113
48861
646185
413999
935900
783243
897068
609020
183477
456810
934879
420648
188420
86092
801308
229390
311727
845233
560565
620869
137056
706030
98745
620886
861717
508138
731333
573641
702275
529091
570819
749720
555176
557390
389828
616261
780908
128699
600502
463495
193779
830230
410306
317407
545922
500969
552900
562442
784523
552255
285416
517071
221782
63939
235230
238968
494094
586823
952057
998685
856102
243426
841705
742555
775910
88881
132883
795300
824470
318589
561994
486513
704069
468413
953517
40466
331766
294642
457693
749669
180968
678832
993176
866981
318017
461821
308855
317786
755414
670354
202304
630382
89689
608382
123817
531040
440352
656426
934122
740497
89550
353783
675389
195132
728672
658308
760053
754435
844502
179787
767992
342180
808443
658539
98779
648202
661075
861248
51608
10688
716833
19694
873326
419072
349714
468797
890198
116842
158153
421086
924445
351120
273800
872204
370787
955630
443384
243726
508846
546615
136149
227097
72044
605450
792440
431826
224707
945988
146498
396016
34967
95727
351906
921472
82583
769111
134980
695938
770628
535485
444375
621105
855552
704357
41592
955744
542926
629578
180416
368576
379116
60018
603879
431358
318218
9436
630419
822985
230438
449429
29057
480945
912517
644137
322767
2027
292751
850487
70819
106225
527752
233758
829628
930182
271079
676755
758227
133015
546965
830997
568621
215421
30531
468087
11840
32735
534824
248860
68223
315189
931478
182658
451204
594983
346168
236212
200729
760532
863018
417379
326691
849454
730549
651983
130988
52034
820006
926304
55308
221653
36169
987345
11762
768618
706695
827276
390612
407393
216281
19152
393713
350969
86312
205966
124543
618166
63427
270164
830455
30302
947452
548448
625721
106461
448735
596375
174556
613192
839696
944270
740182
301054
481472
364420
795717
507371
367308
967539
39768
876838
888562
806203
700125
899962
720112
388415
873447
973698
402043
818379
841115
306349
489177
24882
646487
27362
546395
881655
64320
357501
917691
500385
667367
139126
16590
574962
468312
607011
9061
80816
571582
439444
340998
366370
17590
35740
683650
444695
266286
644015
214643
60319
752058
837607
143380
760989
755123
110049
447485
149300
935372
671556
239481
59679
503091
716769
415941
985757
978911
651958
498856
912841
606908
2445
619114
285704
316273
943426
934514
814555
788682
704545
64512
164692
29255
716206
550851
545509
424000
851966
951511
472403
933299
313730
915039
174410
157484
591908
881788
59403
443471
758793
464935
234688
479493
503415
520305
680369
24833
321936
184340
871886
391790
502525
330420
460844
514231
698726
703864
646157
300850
711325
750016
266968
481706
55898
705794
429415
469639
524769
513220
143615
152988
694656
831160
237787
527053
113972
465007
8993
387803
118892
235643
558134
197070
33381
733414
928621
705662
959092
244360
692186
964477
407010
797001
826309
775908
463345
115892
166330
880441
360957
166131
646142
18106
634686
474605
921244
841737
653098
903417
26205
272883
954487
135613
214549
608798
896766
125480
395674
249935
704251
625544
642192
494422
44273
863816
161888
695574
201834
851210
892039
809205
626716
282461
304394
799260
104104
264667
722759
385323
278908
483234
364455
784445
550999
601261
871472
935891
933804
732878
216759
29663
41632
401994
840627
14639
128174
595152
212524
361780
868394
773464
433297
665263
512803
273941
95401
583671
690145
3478
723618
753129
259213
818366
224326
490476
14768
712478
834571
617695
960340
628652
144137
330338
872902
768739
577798
214654
755645
135030
549357
596658
832917
123954
291934
916187
956084
875119
469407
564222
585806
133362
646319
917109
53251
535010
111355
357621
705573
811045
179050
762872
665048
339671
516435
121291
490450
261543
58702
746614
826115
802957
96360
92867
766990
307819
746224
954477
175156
952768
125678
770855
641810
247491
779123
715781
603009
402338
942988
750603
245915
798358
442704
488465
185309
970275
318489
931151
618408
287913
718735
83467
848994
823722
830240
420252
20025
817113
87436
341017
270984
349979
530204
398179
381202
47453
340402
159820
125034
191505
424060
721507
281205
57350
259650
859486
717128
460450
494239
804898
803563
139455
621197
416561
384191
591008
44953
258672
682619
394255
184309
945108
216146
153940
204524
569257
587569
554963
188144
549887
438884
684675
825103
814385
830808
354887
389124
824915
868219
589546
581546
888119
603648
547516
299788
367196
432318
500995
13847
17076
628024
268896
182705
10321
138039
129216
494818
499371
725076
156027
34672
959184
181586
412364
807178
192424
357287
204846
456026
656100
594204
401935
214525
609219
739978
7603
362767
155840
6980
836136
732767
613340
691795
988001
984130
953411
729052
313074
242947
677726
513886
480999
424760
528244
395224
991745
773424
764093
491911
342478
635592
316165
812557
410916
816988
423418
498413
326970
731419
330578
271219
735266
642548
640347
215089
580967
343085
317984
532451
5247
3154
612661
853748
666157
218954
993632
262170
193270
496069
664548
962012
208509
82513
44395
50612
257277
712460
220111
512911
875555
934516
338757
692528
148486
752602
823654
340597
121732
292341
781340
453362
919738
62611
882213
772153
385759
971114
126983
115324
222718
753805
670608
43785
864654
336890
126345
418483
695151
523408
292023
542673
478339
840862
494349
860128
845671
972822
636465
704836
658637
736096
250665
530988
469432
458571
329954
367826
814674
196702
957021
497890
51693
630157
970999
478578
82388
441927
9747
34288
483469
856236
353253
821210
658223
480540
82846
706341
638682
199403
402415
235905
639382
240240
855804
1332
572491
381117
49823
229731
747034
502568
869206
47216
61656
469384
968266
685692
765029
489404
155197
225229
506604
308197
766287
595211
905849
402355
665644
135525
362865
641693
973909
478417
89267
55914
155274
588464
362634
186989
98002
851407
776267
705614
357542
558986
834514
846210
370560
20427
92115
942300
101819
730032
996831
792765
817895
751691
849014
538215
5611
311810
203075
353904
381911
23895
833592
405586
886022
602626
388486
537375
379308
4475
82105
263889
817538
293716
511471
323904
315083
328642
513459
352492
300417
742652
855162
121530
524129
955067
932665
87356
388368
354402
877089
105961
675752
370232
989689
904300
24548
168784
429398
310296
776996
558410
278968
212920
958620
267378
527364
677124
715999
62917
400090
404656
776068
310164
557650
519007
680434
585090
31192
972918
335822
953319
516385
975563
472765
435671
921353
243451
228248
7293
636811
669658
38828
906656
387676
447174
225002
627720
815140
870421
291186
662522
610266
257132
878326
186398
290875
812209
375438
86594
22246
252952
813529
582007
404311
50458
57674
18201
593726
107844
169878
116077
292091
778092
357496
224546
770425
826878
286943
785786
836772
501492
231670
527682
130632
856164
57101
588797
542087
520435
168105
21983
325559
685543
412069
310261
542422
178971
962882
942178
841514
257163
735891
4931
955321
764559
707326
366260
385314
407973
187631
665836
731479
549159
484511
708611
730552
350875
595324
665749
434892
201577
892086
731774
919646
150247
891430
697668
459762
601808
33114
535892
390499
873428
666945
27557
746906
819401
293552
44537
324269
333887
913294
841282
675921
618801
325539
737889
658877
161494
785527
128777
617694
182295
959914
116099
741744
772700
699408
705610
850304
115776
167174
443542
537659
621923
931478
585846
372977
544157
470466
714838
219564
268687
651633
560096
296295
361686
414707
661247
321197
599257
808499
562495
766864
962946
425208
926161
663746
454601
467479
271530
584147
896748
995001
637322
453767
330939
254021
497306
963475
847055
543210
258606
515508
753691
87946
336107
488621
457178
206726
662658
966811
41448
925026
670490
740790
104493
413909
823820
302310
492404
931632
385416
834303
494810
101032
829333
79195
613921
114946
685685
104979
256804
136538
789222
445209
843813
226063
913413
709173
317890
360654
600398
519706
305286
238906
976958
864997
790172
444341
336665
921329
732191
216206
795847
740761
168524
830023
116314
773003
914201
617537
132843
39045
651231
28998
806114
585072
281842
861427
247635
58645
390417
923008
228613
223040
962489
518318
882511
155568
803732
50892
195676
135863
649743
287973
701901
222836
489481
606473
377021
38891
557543
761078
604768
833278
887876
357860
471556
950858
501510
480874
794874
450913
433740
91600
205966
493023
918083
941298
979505
484331
182424
296525
470264
257484
195719
995241
689085
99877
540690
222051
647715
422671
743630
999510
573432
939921
980247
485669
719283
122430
37668
461736
981020
59180
687541
720177
208011
266188
380841
899578
564936
35179
802924
105260
602258
375684
853453
473422
585723
621887
97837
316489
505008
486602
512659
369620
10903
374355
77917
623104
34833
171679
379729
17762
880670
912138
920082
920152
695840
679963
679726
275578
667576
571331
256468
869023
302669
695155
978211
553865
432555
661335
273565
244718
41287
86066
199930
708579
830241
313815
24985
178855
485954
906561
199505
607882
43685
87632
686118
337720
337522
573665
373848
745062
239973
255368
493397
685144
765646
994668
577998
539148
569009
314880
242726
555719
429261
592282
832839
637241
165946
152497
656975
767695
973803
852920
473256
477334
629459
670801
340470
658887
700261
257392
757481
618355
159027
83981
273266
24844
294264
825477
81490
79757
283633
264398
397965
988423
850149
966421
15870
469257
915654
173110
774212
10988
766896
330391
559898
694328
107086
440545
352837
626359
497244
454172
691302
92756
548038
908199
31535
130478
210800
478480
227378
704639
999439
449814
422741
530275
239924
779768
241634
16776
539625
543993
853627
609841
125044
488115
591658
384486
812280
26133
156247
931516
39803
157179
181523
108925
554499
166441
355600
7283
211545
560099
391795
714774
572463
17579
154434
443791
784733
601624
689912
740200
539719
481743
757176
465427
918619
565345
919006
846356
488439
472001
231344
552843
956839
176544
63219
651170
547468
137639
491866
914959
6104
369616
488089
501702
190645
613665
37849
937535
750725
751495
67204
729119
392389
190347
956671
751813
657931
693619
220856
446452
847982
854456
626197
904024
341572
921374
653579
135351
574470
841782
43920
649973
368528
917932
435496
359875
771461
501261
434204
772390
95760
517146
770762
772576
997637
63937
591701
970557
517925
694910
348924
846331
437952
110350
326408
108374
910837
551243
91103
109872
401493
525929
472823
680538
472934
715083
36644
240322
25283
343107
716753
479545
833761
253285
609485
482527
647404
567942
429501
990508
936527
617558
222896
107294
591315
499415
28048
854011
9951
813817
742835
756866
714398
379412
435665
105010
222718
682817
587472
383670
501140
488406
960252
513771
279068
266236
12818
153808
26270
932909
468603
69385
110189
653711
394326
930896
813322
376680
244526
55224
982949
735614
232139
91999
419779
670988
958948
528368
217083
868642
732466
476242
814554
375322
547871
665585
10726
840882
116637
226343
149824
43083
699156
795142
415906
409021
373939
522372
991944
402325
332648
61892
133676
449836
469098
480829
721705
213285
901171
213065
874689
801282
150412
685516
857786
888995
404672
147071
684067
341021
435250
738584
982516
6835
539723
590872
475731
4788
496843
942705
239603
741488
852609
576977
437783
8152
915926
788367
36277
765553
217539
147953
63797
647605
34530
218647
126744
900550
50402
616456
562230
517392
861333
193880
346015
667130
528868
557746
598691
917896
453026
18184
526254
636112
749053
220180
231115
715094
273233
459657
492745
149255
997526
424283
954939
880142
239610
694952
128409
696215
376970
425409
444035
470878
768329
287257
23398
113971
595107
12298
185335
784012
2939
934846
427421
384966
127713
283328
910635
446394
401311
200863
76235
949112
919026
464380
347382
425955
419734
139569
388575
652841
663482
125214
344495
659868
440787
397969
768299
555122
647053
714577
705907
454934
423772
743240
630884
342888
558768
99210
866460
620760
793094
976902
807965
894298
442651
590088
283530
809734
636795
209320
441999
738128
315960
777427
891806
759007
156215
687731
928148
966795
676517
888766
543034
470136
911879
580760
591014
746442
106606
118502
8194
926660
536840
871216
377764
694272
291795
509298
588061
65677
123117
556096
488270
322656
491784
105171
640499
398585
529465
350260
456003
390036
763567
869251
473456
684359
814016
804324
974473
42430
951711
116487
136832
447825
92138
418707
421637
652863
287328
527791
80528
937930
933104
520556
677246
783918
219884
383506
166483
304383
443229
433798
52830
490718
45487
55509
432506
989271
978253
906015
639088
75547
542728
591522
198394
929301
875760
546082
480547
835114
468037
260915
490698
686290
232647
316195
700485
905806
20138
555974
816609
834501
953638
847646
247432
961471
554986
590567
466684
642109
672048
273661
51263
295218
85932
776939
62997
376802
726238
985361
87905
332502
114759
37873
334764
598713
608376
609110
371973
619155
182021
286433
436354
498399
618457
490737
992356
474634
55011
668398
1689
557579
783534
119923
171162
272537
917711
426453
636597
894734
727351
98580
440165
695382
380392
805854
461597
370707
753029
104506
384036
439633
182722
655319
784729
160353
734970
982450
877336
91604
324575
244766
200437
886614
589963
34291
711013
269092
181750
49493
883709
890219
230465
920928
875986
398399
438062
275821
756094
413556
948659
12548
921732
893853
509795
274846
763787
421342
262092
580885
178823
190512
826720
213482
734645
911217
162187
991027
475652
599526
520035
599903
346321
835918
497406
902503
193227
473123
849629
437331
832694
192944
860549
553638
714059
28362
688686
499560
982524
619948
390549
637966
559764
333939
794796
149639
130045
324274
532530
529061
10779
595059
421405
516454
57430
627787
862322
999327
970742
820825
256119
994884
951399
45467
416385
728598
198363
906860
485863
186665
4558
946270
379031
791057
768997
236720
380742
354729
459760
341804
400579
420543
849807
811680
198373
700383
787248
821750
997731
12027
178934
496242
804866
42484
22069
731208
774121
291783
736026
804760
963984
486295
93736
338375
652887
240467
311005
92027
541811
599555
127667
520306
569667
413236
35714
290240
137857
942846
396610
47075
863059
12143
762415
704196
62081
692438
602309
856653
727938
374637
974059
261153
679983
599780
996332
295548
5273
83590
631648
481193
603766
619978
98025
184538
470326
625081
790553
159335
600308
191286
326833
847718
561159
310447
995076
414371
564025
458719
663483
772028
268303
828541
225265
344476
218823
731396
770238
121234
642592
480224
823313
190861
464403
245042
116983
331446
930783
430848
459960
290090
521666
782076
360288
536851
524483
414767
839963
9058
271852
561858
350330
888042
514710
283497
379858
840988
451932
844589
683459
984667
299698
194644
911446
130235
571662
990510
896704
693595
485380
935551
56259
195612
732911
61124
452020
642877
543819
464420
696023
196245
763168
602868
926950
48812
769817
828007
999153
722357
516851
742481
94175
993964
264785
936150
13330
639304
25708
441395
324073
409566
479079
939944
109279
596818
649728
454401
315728
819578
610339
170496
855324
341201
876313
446121
232740
193364
658845
470186
973426
758076
554255
920164
530933
55193
924994
338010
692713
864456
841136
394229
566613
690321
677197
205361
115758
102111
426936
861032
597145
798684
181966
298169
190542
579753
993241
602069
873752
269559
128742
736422
616568
217669
747956
126811
41834
193846
156296
924180
604927
8718
463966
271975
268393
157961
605817
498061
296469
167896
835868
78061
220019
322937
197649
138498
774929
480881
709734
949739
374949
658601
179768
985871
521129
70562
475111
346730
940065
276759
848553
394297
919608
747502
932410
69758
126792
696794
593649
900208
951929
689296
671918
31427
64769
219683
450544
973199
896073
811134
856771
181088
616944
80894
456854
862489
850152
726698
890218
941189
720318
549263
791207
863740
484856
453564
259721
253102
75607
460439
864695
580239
609468
224539
917748
5919
525415
807791
388974
45268
485786
946467
294772
715943
168220
496137
926213
561016
807641
954670
102980
241887
920615
703604
46983
389264
768995
71117
911758
703338
299962
874902
816016
764444
801604
980366
338545
714036
562698
575921
112785
587974
296616
836853
477246
469621
385486
353952
157001
165089
127584
78980
691830
658029
573245
180824
235277
482411
543773
799157
121101
550119
373908
830378
575232
37133
570355
882044
898346
331128
119117
546941
346523
777943
272471
749127
369060
829502
122089
904150
524710
766599
127137
681855
393094
431266
182887
36625
467068
875776
345162
489351
681419
567448
229833
352678
448779
554581
668271
986169
706530
369436
481109
528167
738833
713917
855179
333678
715882
196853
910226
373886
503263
657182
843776
257140
191222
838836
810182
106097
509658
342468
257359
820439
192843
907763
315966
463392
846132
940392
550810
298202
7389
132887
552198
629507
811639
999467
714089
181949
21077
188559
365676
269869
460602
399066
383777
81334
388429
397397
617089
503501
570217
186665
278158
638137
205841
13994
3927
486954
545728
611002
836506
547251
477855
814555
73283
889444
111632
187861
829843
93320
455527
789632
713500
383928
961209
935343
27624
971290
238924
260345
968634
715258
989038
852773
720108
620610
299745
255217
668023
128217
855091
847999
754705
947350
502893
272989
688497
914208
331681
281839
935790
865508
409510
296443
307333
21745
735649
899729
808377
742707
13497
968661
643605
897162
453484
591211
611277
76742
641536
772989
145411
415169
825233
235179
577445
817881
595529
549328
23603
75721
536431
840814
960734
310692
108310
727093
851404
516717
444469
260085
297913
620693
661399
395229
52599
150354
121641
471727
66389
619032
413873
665730
671774
928502
613982
907827
908089
576016
23482
416105
159022
140981
554043
914052
182152
246108
222713
375330
230613
738048
690875
481549
833418
703957
837162
591748
434179
230437
717607
740773
755689
1996
239736
671220
394093
994444
452637
68618
503152
849934
416897
634140
402821
558326
857676
613991
995214
259425
575957
929717
879811
596542
409525
958031
402705
93638
557431
280064
254622
522777
85547
42753
762411
671671
58074
350662
293523
968215
957779
864804
950896
284199
197156
953693
752669
77025
711204
711754
326869
932231
9069
801763
826554
60987
955048
224942
35186
912253
222721
795138
971308
581761
813497
599799
119745
95084
799833
254509
521845
676971
399236
146485
464860
916848
372326
692895
461529
89162
608457
62112
149378
321952
81030
404832
822111
877898
952216
662302
400721
19981
269196
705153
483344
968944
152404
739068
670989
349887
162172
942684
893302
371612
666036
389937
952408
542972
702731
929623
226910
853893
140221
246880
737015
901891
541795
609311
531478
161601
460296
109907
783315
170122
734428
203375
43951
458940
103042
215042
190964
944901
248452
215496
240955
739965
966502
567436
165511
257568
298584
15928
261839
829542
252868
596795
924121
374145
803656
795733
942466
7795
513534
489218
877146
829193
838710
373377
761964
224055
183685
75583
183451
286353
142903
68133
248551
141412
644575
829307
126543
730159
555024
607799
309521
920769
91364
784678
73613
646320
374777
567798
735688
428403
197820
271902
375691
403485
94813
709674
597803
353975
78242
290278
554340
571256
416471
274086
310431
288419
50403
387185
316179
175037
904759
919368
892551
898986
77279
346134
210357
73572
519995
867125
422667
506134
299719
20506
964939
679323
335189
348191
981266
354190
252573
726316
26229
228365
18283
921088
899655
51407
756086
373025
940087
857055
522577
139614
316502
639733
407674
287870
766903
570095
334736
460487
928495
125041
426274
226732
527932
218838
365731
748372
923778
397713
549369
213699
683440
204517
327220
347047
284290
841341
727580
382977
474079
5608
880163
524462
228194
664117
756281
139922
428662
51368
980799
763360
426266
117014
729875
221831
302468
838626
471562
954300
654370
104596
300283
180000
69179
27475
745720
192015
948148
148351
841752
480645
869807
715117
154672
36908
444686
399104
75424
128198
173205
876640
433353
970547
165101
853466
169308
966368
217413
560276
65742
823820
299155
689195
220392
472568
151481
485227
166266
202987
228866
43626
843247
787103
522571
573825
520316
858763
369662
643752
887666
594702
925370
425965
291700
686645
911
867409
630594
748585
247589
323647
190003
418424
280764
922666
597889
332030
488461
630850
12798
801903
693136
870034
195557
242884
350615
991673
326412
385024
98775
532290
259957
799710
341063
808291
133955
634649
953442
888015
780233
409303
365510
975800
158398
844787
917886
143076
37197
873382
746013
534635
474953
857425
794689
961419
371902
793193
636535
772839
674786
926335
275901
506914
849259
840811
755938
671380
517242
27924
400650
258408
392693
508127
577102
55378
569330
609906
424640
982639
595406
914596
283980
198266
964382
605443
138617
936168
458557
196033
627343
158434
203781
123003
442131
722013
532569
921191
262766
175511
423710
20314
913836
994863
115977
270900
5215
950753
427795
558697
208164
626206
504842
665644
872765
347076
731201
969594
675614
633919
263400
482496
635011
310075
565942
518057
299198
170693
592066
832904
888271
454525
835697
237855
181035
614778
874954
740106
57119
755514
152358
874251
369806
466756
190851
830451
151382
802589
669815
350633
404433
593826
736897
843738
91895
747272
916091
161981
400225
595566
615467
174913
996776
404188
371194
421334
989420
540635
778172
673813
705201
46768
725037
562445
635363
514166
424765
569259
444858
700439
317570
495685
971576
561511
480077
686467
106640
127581
60375
572714
205857
121838
271641
916934
244255
794376
433978
150452
361363
919912
466211
451337
302585
295384
627823
515555
874439
397193
804798
841226
774029
419400
42792
156482
459063
766496
303311
696879
360496
78669
746510
210981
633121
321816
964942
83596
210135
323028
489463
260588
331267
922867
676098
374619
962906
362565
52909
511168
696029
86031
339400
640131
610227
224964
392941
409235
324146
515747
133709
73107
569532
307756
615012
212770
420614
256448
266702
817093
161268
510292
822516
177652
261600
972625
600094
74430
89466
399436
317805
953625
84169
659037
842208
126666
985872
754846
664851
763501
756043
139458
456969
668002
803608
795663
644446
702548
117235
111801
709087
141927
977306
919965
453685
559997
250639
969494
460540
599717
403132
996480
554161
903586
978992
822727
462154
555731
768200
571882
602400
481731
537449
769298
362568
816783
338537
751881
872127
847280
723725
394329
3267
977317
142829
770178
21054
858430
791988
963926
558941
193542
54212
735989
666880
850126
61366
992289
57866
231122
256191
107901
381655
622411
806702
985255
417741
722192
397713
203310
641548
974826
474103
492146
940095
917107
31697
420439
787796
150569
362290
241957
312200
399316
880246
314496
436123
418130
933886
609023
576419
706172
555097
289450
174397
777527
4606
680469
393689
394229
311315
445383
498549
851670
925913
296855
290053
94634
731569
648058
344243
228014
924695
344831
592004
649653
846196
504072
621985
989101
920180
858138
397316
627002
390982
417365
566331
9342
958192
542333
78748
546106
707980
73206
808198
261262
998434
459215
405839
920796
236579
323957
753359
278539
45696
633736
454088
451303
23781
569994
152688
641382
191958
543859
188893
217094
151652
372451
307085
586833
632267
459439
960782
541058
305963
93148
581456
354306
68449
983850
179589
300683
798914
881031
75506
111022
495220
643557
523670
618991
492968
757477
760307
344142
319479
277426
738301
455969
152280
712747
59550
963804
276092
894968
152932
607091
898630
252734
930952
493782
772202
359917
843996
483163
885409
114678
62160
527098
24134
579994
7456
252785
215249
804446
55390
872584
190061
977947
288727
788591
357815
399537
132901
748995
424149
986268
540241
18159
331889
795423
553698
486447
254737
842012
588999
466544
588245
705989
656028
281364
631052
986541
633180
791633
880818
974392
536548
424505
188746
54449
796704
95636
501716
232314
95188
42473
223916
721694
434057
522012
80767
16451
297746
356849
996138
383867
838137
163630
614449
150457
17227
921567
460056
589984
446781
215539
826081
241335
906170
568388
326307
108537
567242
657844
603140
558921
797280
696883
403859
223747
42112
882972
70660
799790
953291
388607
131145
94477
354344
920954
409929
135957
754961
651648
630719
489336
518199
717243
681202
712352
194067
296974
25868
481335
523915
345459
326042
658723
767549
963012
44639
795599
234474
601621
263061
41573
304386
305598
716545
376728
982408
362934
545394
13725
629793
351898
546006
44473
591935
134286
326008
258421
620197
189754
597402
33711
666390
68918
987434
384011
719134
770944
666405
505542
190588
396586
322437
858410
692522
589585
171816
588446
351691
819143
975167
333077
108592
301842
99759
140903
744327
203406
575943
448252
847073
1069
723678
58212
581150
487327
407561
376325
878904
199309
217399
116588
276776
346878
949481
714884
389880
552220
53072
869604
150119
429329
656004
887362
95730
314956
492895
88837
887493
673440
856244
174073
389502
422539
830319
456988
172378
461843
860171
90069
912638
325388
378666
423172
837540
214583
524436
466740
451744
994437
516622
975597
711246
766137
104214
438119
327642
641515
269306
963800
279980
240552
958994
129454
413998
787447
787424
182233
995067
897655
930114
907391
253669
648868
122897
998419
217315
42552
253274
676096
443990
522093
213943
243967
885174
750049
632905
401416
747421
930451
58579
97892
982192
243850
788406
880993
244582
302293
593413
746399
612086
618285
954692
445896
478689
412790
752898
381213
663321
383396
623952
940459
198797
677947
745437
181660
673490
114735
723759
532521
91823
279465
603840
463533
253125
314155
770739
824725
258265
547338
423153
609396
298752
792026
372325
670195
570662
400041
579728
59366
491578
770785
979977
911993
183801
17297
545621
603977
17238
550149
13535
899791
974659
344145
849236
175159
277407
168685
154333
801807
454204
144570
494778
217306
124171
325283
556856
69
228903
339614
662222
507057
166715
371090
789594
396015
259216
581715
490611
845002
28790
912392
800618
660669
666254
764270
927010
981509
62579
489717
523337
49873
379843
825480
529714
754583
896461
258986
755409
222464
549913
141244
669842
18371
63182
328283
581334
623376
303108
349158
257163
650530
213223
693085
362534
94199
918340
871141
138816
875868
601267
334696
783306
297313
345185
862489
835183
96813
99193
779093
348357
112682
886191
674405
257838
464288
656617
321888
58833
569376
741002
49453
469424
44374
780763
490086
146343
533762
870552
359257
352960
17024
491029
564904
713333
193219
346891
573136
561667
509664
979139
582982
245543
663174
395934
88253
114808
976588
11071
399941
398368
479267
74453
407117
146296
877163
850632
737737
253631
39969
165887
689966
944951
997109
80716
99930
571805
396601
444021
318738
131907
64758
756064
441699
735435
21529
868826
996073
457154
522507
16516
828782
758358
472990
215834
814954
354742
930274
778657
20201
478277
424728
435181
8522
55866
289342
492748
896355
235990
550345
680082
222978
230403
285361
565570
85390
208902
166886
759062
266061
843105
406304
53036
315967
873480
774740
305741
467687
229117
120514
376282
480809
507978
531819
186773
276750
492123
559009
590153
784933
427957
849014
554840
221445
62551
378198
909535
768237
81195
132017
880007
160268
753769
661584
888939
897180
958857
570825
402017
279208
581986
259918
704295
494383
580452
934047
548844
821025
426735
219744
499384
711878
507021
491397
42424
314750
625235
956713
774186
221987
6799
676414
502305
145290
75502
756063
423797
934633
117101
492354
135051
456082
77178
14409
372413
304733
532327
821495
253413
775717
160201
238591
332619
707816
217715
726904
642857
767058
763402
703278
353879
256275
743429
759762
884695
887596
414724
416017
247167
975690
120841
177153
685631
174793
863511
770424
348174
474201
139173
273655
87478
294782
748287
833540
145720
777201
618746
335765
430813
893732
205394
359336
56986
682147
825250
113584
855454
116822
183230
116009
558588
624867
730800
587341
761776
562416
738062
314847
206288
880134
364597
304420
618512
724241
173092
256305
62962
449988
967479
670368
170504
376153
966013
497884
372199
947766
983353
678684
375594
124651
614066
688301
805152
759704
742199
758951
479891
199276
351859
422913
952694
327176
514920
258241
387114
542785
962764
533003
153773
933636
719997
614043
525919
714708
630241
878606
664114
162736
244638
428186
956462
968144
998835
113887
745759
923533
213873
372629
532316
310560
396058
644964
838132
386370
623060
979154
243190
197875
223690
937238
378141
763863
35744
682764
206358
980026
70096
618050
312880
703796
843366
703535
189919
988520
371924
400515
781997
349542
876659
240026
4478
839665
895959
582922
681022
235610
417869
781915
214697
324427
637683
159446
833078
539360
397748
364406
207329
480367
493088
589627
783124
274536
811108
936094
714673
34392
416170
322207
101247
776200
626384
94906
347630
334402
420093
463736
663496
857715
391846
810465
683446
760876
969756
372175
714925
867842
188367
764445
52147
563734
989219
893375
971538
513775
797613
398060
66263
869635
364490
500469
668167
861269
425052
947129
452128
329400
397154
6321
185799
109041
970675
616743
315475
980538
508183
24324
321076
199843
896962
5574
645249
819796
893230
268112
98206
607021
798995
691803
126726
416526
475782
896075
479355
968946
574060
996060
523463
672182
347993
134523
677485
178424
395593
61425
11057
836698
917049
818746
414721
324774
864867
835636
577151
129100
547285
24307
811180
962950
306157
915697
39666
601756
670323
355107
699086
875715
944659
721318
444376
698273
839925
179800
434288
465708
576763
631236
60231
690288
635542
229493
210759
467311
113221
956779
8416
752354
9708
272171
769392
278494
73101
568369
947022
5010
706725
303937
123636
12845
678565
147420
972422
415388
676235
668301
477187
268849
175837
849250
121735
916703
657026
973496
495802
947938
577277
177392
70681
110395
66054
383038
602335
767065
789127
514976
903823
306644
871216
80235
330465
176658
198647
122240
456327
438540
906096
695774
888090
21419
724932
781649
799910
180748
273105
21897
81934
378403
136158
285253
363038
407995
317049
164206
700907
808091
691055
339072
647337
792644
437416
543715
868553
964760
336924
285720
806028
646805
102390
952271
200425
207870
458435
637461
234327
705178
426391
212970
845496
970390
950973
96305
383714
497413
921688
168960
450442
628872
373658
592983
347983
822217
474912
643054
2785
556129
674537
183207
563276
878426
812786
752931
684581
345550
115823
203120
803727
758318
733927
306592
452458
379103
565677
937205
606170
167550
449910
916280
778543
956804
343900
80937
378166
254533
944686
811600
81243
988242
966321
421874
742265
896639
23992
783967
819072
709887
555419
180712
6210
102571
250135
123951
348698
241825
316290
590935
490489
509321
488553
500441
661454
834739
191624
491640
62866
870812
384653
358445
327120
424521
4476
607304
524649
53980
272967
42096
642677
241052
328321
806563
727414
998521
161498
404155
87875
633681
323353
139188
804747
709699
339241
396188
275897
282034
481866
251926
337332
957400
845544
23242
399806
988996
837001
449453
822396
71857
423455
754216
21780
605061
758781
290663
26930
628451
388263
789185
41638
40237
307394
888319
524967
372185
246698
961995
500155
352046
240290
201143
581998
511196
478822
748070
772607
358454
701085
169371
694107
562061
757418
117788
248513
767850
753122
139842
712772
840679
288472
923040
962415
425642
160915
26638
786562
89279
480865
467729
206107
595730
920581
464360
646448
96390
401291
148533
4345
753460
47485
793735
857770
867139
271150
493056
625374
101088
248755
994088
204367
421594
218353
269005
664770
827229
914898
417364
400448
127625
894098
237601
875454
398895
103797
741534
49822
593192
614619
189484
465486
760593
221611
994084
696335
707558
982701
769096
120656
278266
711540
667916
787256
693392
622712
750714
837315
711450
382722
895174
542596
70475
313152
146350
465992
268443
580984
319565
693467
87191
337690
141694
948644
908386
510126
859367
699755
747404
710892
396841
908923
939980
715306
156962
215971
376733
885808
335261
878486
858035
319527
918615
755698
299609
185264
880239
300446
639785
165074
207465
81100
933095
778763
164894
459422
873466
70535
736324
625253
169799
278638
120726
527300
526443
3352
595360
52339
149
591068
884649
881695
810687
721030
932348
736175
972359
355942
94613
311202
231854
855685
158629
243412
974508
318195
441410
249567
451181
263612
388974
732062
814572
562297
575938
611405
208363
192002
422072
997388
689228
415105
108626
766403
315983
363362
730089
1183
300969
145446
333781
866425
345597
549591
223926
912728
792377
647318
805341
899661
156432
868816
95131
283453
743887
867215
551587
894267
886942
374380
596126
24083
404438
12323
302220
329636
845177
260351
429265
693797
392466
622388
527332
631944
226410
555019
159183
918459
593124
187064
118563
356683
909110
539015
160124
704995
919172
116597
537709
719475
423067
13403
922695
274732
304006
435717
701003
508839
235025
165601
733802
849957
743704
45203
699700
949105
788298
717029
10661
799906
576384
77212
429705
406653
611380
334438
818504
813879
887775
915631
36306
202839
288435
669586
944423
471802
777458
515564
621059
146928
764329
442957
70245
836292
845965
566152
641723
601242
49136
699562
424108
221616
524192
863623
592513
36743
162397
495920
134705
900699
450100
912576
156231
169933
609404
952662
558066
158818
735020
970525
634921
903268
833176
145286
979321
635238
542854
135895
475308
775973
215089
42077
713560
475274
837081
337853
987329
912333
364869
617513
644524
784179
852823
649582
873985
29559
18314
406121
967451
94919
149450
764057
113968
634149
790447
814480
282712
948206
465048
703300
983867
932472
672352
889218
71964
431316
307968
525698
767356
96370
301761
672853
610028
136612
544347
965179
160115
488507
832111
131921
590679
871950
141150
225959
904908
435545
102404
104240
21622
47937
54805
903250
32093
701045
78994
298846
606956
478961
277543
795418
789798
400028
121188
473593
982566
76561
939990
82732
804241
234939
300098
700945
238234
5338
511933
582730
627441
253474
800363
156777
686921
899842
863570
268615
587972
269442
266010
870260
583870
366917
141923
729352
973683
41070
775107
948888
560974
123487
651290
283268
909455
332253
950036
967150
147223
698448
273019
56837
753171
25830
334839
507967
319171
712406
890275
962917
932262
899586
336588
983496
748612
294133
594632
435345
826199
417164
584433
856950
145303
263026
339517
35337
412385
810500
487035
102058
900995
211539
523564
956573
822054
973575
28924
622518
253081
76704
127323
742833
19254
251160
574589
227998
635763
541477
868010
817785
944775
605146
921474
252248
49270
727021
484241
905469
494651
772051
921611
951179
106769
806088
454244
400214
923743
357995
552590
794067
764542
149445
761744
153966
796072
966442
969472
540475
342078
66040
159901
190340
204021
40636
620683
933824
739039
302453
776107
442021
85394
727536
766870
290645
605815
875474
86903
899955
800113
936372
61634
609881
943847
359720
904149
570914
418544
61979
648553
532130
736154
636371
928949
331957
402071
538071
957663
747381
438277
67693
875615
159749
353304
60478
817715
209546
310823
36566
721017
645562
179983
400072
194028
878604
406088
159278
169085
692623
843842
450702
376653
976023
682555
897625
120453
368209
75424
229453
938259
286712
186589
494138
926913
177632
158915
75041
97267
588720
59477
505783
181629
680493
735023
445642
378079
89905
227732
878267
652382
45562
254290
369001
479424
483806
734804
428590
580963
194012
289540
7043
188602
318095
347867
40575
888549
375676
110854
786940
385324
58058
709686
952410
512473
261393
882309
893725
383535
820810
687680
10034
857994
942183
439701
32335
768660
858940
810138
277688
403425
656282
532535
950173
24424
283901
408498
47520
939359
172251
33301
682997
332274
501212
734654
21923
281247
495593
109955
924647
184497
739358
848959
183159
923734
832729
978174
515940
989407
188340
267713
523544
559189
761615
715438
92479
735794
529158
774551
706051
962947
951234
455653
321967
802200
816811
896097
401973
617508
874555
116702
296395
294200
973166
395847
13487
829207
341269
924481
896780
269045
61450
99388
249141
460561
709310
177435
304078
534764
509230
473277
293897
41892
429813
160552
936718
186994
932730
129874
107444
960829
921801
605387
711980
568216
558976
664458
225150
451679
949792
198802
751403
957353
527747
458560
56880
163050
851308
830388
416044
103976
269498
755482
486041
867032
323255
688724
714166
466005
174989
411654
791813
574268
736792
694141
332720
159398
420631
674044
37127
55107
431931
483045
751524
83023
116258
752513
513584
596276
575581
759276
976190
4412
840749
118560
448917
803633
401293
869468
723723
720340
438761
769584
114060
539190
784108
694056
179258
555702
715447
671890
851503
143447
614637
497390
197277
201148
757035
654578
136407
532675
534677
543671
377960
553276
553740
197699
878305
938053
808763
857012
425393
523523
197649
505925
877164
358783
447753
406464
292974
991770
872548
744320
305369
714414
111481
137250
713593
824451
699234
647112
825033
937707
412184
35145
489807
11963
171353
143160
598818
585062
777861
643472
473548
590583
766025
722297
607690
363051
896178
204921
817840
655976
417827
6714
493609
426590
31074
892339
269788
245497
651276
935222
769387
57856
903529
692182
592277
407693
874522
865715
361787
390121
219119
626724
936832
917955
399637
315519
841545
108045
712428
800328
842660
238516
941815
663411
137093
166970
755245
838743
813227
426289
179244
22130
385377
988246
718349
599955
979104
567111
229266
670056
721105
408674
573180
138532
330097
214524
780090
793420
14350
256443
253243
659935
98350
660497
534052
842848
889038
466453
463390
364033
938760
311551
745606
491758
144398
945344
58824
949491
833298
267196
811270
887178
787336
780389
24945
543941
225987
692661
625019
815956
829052
485064
871395
207604
481010
274899
680495
269877
70443
381189
857400
334565
525080
242104
424415
583774
979926
437524
792541
103593
185489
598145
40505
280270
412611
282310
658386
235514
998682
797571
329308
817930
489784
644807
416040
579834
848276
248527
176475
582501
576381
254556
665472
577592
890495
210159
289530
910455
685982
755172
199442
769323
212671
508969
509871
31335
221095
542361
777507
747894
696346
682169
764705
193508
733093
660109
367373
261157
706872
834072
600812
649317
760427
297839
313787
387308
497377
214713
61083
965997
147402
325957
125865
208172
4738
48712
7532
501323
651991
746226
200680
316271
594792
718379
914255
660435
241768
615407
478231
660841
787906
757763
641959
949608
326423
666002
828010
214903
561570
556969
810502
843060
725501
324236
385639
552801
416700
241331
647733
472875
913527
742948
400996
973401
847142
655854
894057
604302
470500
515711
984586
667066
186326
726051
83406
437795
878245
868505
869972
447948
890343
203156
505536
94591
540955
727371
764496
128764
192467
139837
146252
264702
302316
938245
358364
57830
298361
882517
711732
151559
690622
332306
741226
691469
682456
917068
157479
19594
895162
191576
716732
857438
494482
956556
646540
515459
232202
44439
755175
850099
592554
95866
655288
812214
950042
841255
904788
940555
428485
783476
830450
287986
577498
689852
573498
978580
627692
525715
525686
479824
299769
226595
662245
650532
847176
376808
30190
873139
774571
106308
863154
332472
620388
208511
324730
70728
582692
497119
395855
999357
428015
783520
84137
960645
500635
838609
390719
569157
234294
391627
78397
54635
680455
253326
877780
158223
145965
926649
382443
172677
160485
946342
643059
269505
392807
374112
873816
515751
543599
671106
515667
746159
918361
455277
398236
552306
225637
202661
130109
110163
723675
99016
8258
389964
746696
16685
309389
677780
57958
865941
504454
805290
173081
742480
305711
271937
821718
162480
856469
736904
861726
755042
284066
980053
837160
663790
828944
175853
31453
311371
462392
540658
780669
290207
990344
209834
282271
809299
1427
401064
17173
340432
156931
296665
86318
333592
539497
388205
472661
163267
551477
325151
263638
7060
550145
380771
419585
5687
309895
726700
43239
241433
713460
853271
833601
901988
799572
403575
684145
692886
842668
530301
972448
832253
202726
906180
327686
895313
487
473399
989255
707821
448253
820960
387323
448236
40884
578765
279110
735708
913543
467745
111334
507554
194868
247924
607628
419434
551208
692072
901153
763784
869274
963401
203817
158000
775284
793120
198213
92046
402411
952213
472530
675651
808368
857662
234031
256061
739454
861960
329565
340658
205524
790592
356799
914681
201341
164927
601984
863237
698762
294704
703635
720830
990370
650367
171222
926654
352496
615584
6032
904805
759034
848505
229913
931097
18898
529261
756569
134941
975269
228294
28648
666125
564656
960254
230357
793459
835347
906538
356866
114634
851198
208004
91245
895629
74248
584659
268169
545082
791006
565561
708170
484264
873560
561689
642624
589890
825319
757219
587483
248927
490859
107645
560845
854143
210401
68815
303309
360741
564090
941675
931639
457484
733062
419608
227920
617863
784207
916602
738536
585272
651459
483871
31320
130604
882312
589608
788267
785106
421620
528850
452761
680534
318613
913184
956270
121055
130538
37991
539146
848865
185333
60725
983361
621471
29352
799327
449634
43009
62460
152678
498325
862669
327585
313157
100830
331269
947344
63642
116414
230301
518076
101998
823544
320984
921766
778467
952689
346302
265360
216185
329841
276348
845769
533629
311366
264472
824231
827406
668487
315087
749203
58637
989750
712716
73790
212513
483263
860103
715890
870563
108317
961913
553667
48621
122524
450039
792420
607610
440633
763058
461270
89850
365669
987338
148090
987253
583912
766730
924488
614361
111203
708164
660440
681186
587438
592970
483742
395684
802591
516166
797939
495416
793388
617207
566030
748289
135656
649161
797457
343898
135337
165455
393471
589342
14987
799775
663436
194835
596301
300682
293197
692595
774104
4790
637455
393625
520608
268954
63683
696325
737251
923926
526999
287628
798863
636781
206047
335071
207489
436960
432434
551477
217319
283048
578194
992728
374022
53135
597955
708617
31191
114475
400828
550545
696141
533048
956923
772646
667506
5457
929715
954934
623535
875019
255329
317330
288938
355438
311869
512570
929226
205265
372427
182785
846934
835409
870352
973149
342971
166765
930146
502669
12012
836417
137497
553063
562852
277021
876194
917309
676487
178050
246961
871211
439846
345848
834262
883840
920737
566671
562153
691527
610407
844784
898144
110001
33114
74078
730623
629664
888461
483343
87854
106066
478703
345953
159014
604328
546625
194939
473797
984722
665027
890049
407170
456090
782829
507699
406970
967177
173401
975523
466729
257209
374142
834897
102644
489401
957846
70052
199970
759766
815969
400903
128747
517324
258435
567454
343145
33481
510601
159780
625131
880474
892553
173219
268329
334709
355175
314574
510225
397154
210356
92350
723904
61254
519600
375880
71436
791629
171184
455927
356158
115379
794011
44715
9501
772720
802062
575821
516133
869950
932512
74861
789719
485896
76607
481339
714474
67312
994361
345183
750239
416445
598359
80373
366130
396128
828196
952552
196012
83105
562123
528042
961365
867819
855582
809485
325767
812208
772147
10433
485662
341498
675817
579179
900940
621840
453896
447390
244809
517313
533190
961016
303847
993936
625126
978715
435843
324859
333243
71175
75224
685930
912587
672465
395565
539889
569614
23170
591791
319362
427542
153743
795033
696562
546184
411376
67343
98342
680904
351839
948427
491994
783027
783982
183086
15693
342918
395589
384248
591501
604
362359
550099
474458
710932
634625
75338
179642
787793
317598
88919
22425
957658
547146
202009
249306
113506
43345
925476
337278
963043
272786
410227
142959
414243
620949
266616
258922
825177
126022
967572
690631
258344
373582
195682
935911
352330
792653
962222
517625
545032
800565
704708
969384
417061
140678
395234
814373
901019
743522
804303
277132
957949
659788
133253
57462
377595
27969
767497
210842
632772
690675
898972
99360
600902
178654
109833
31172
794897
78153
7455
267683
986265
254875
340921
133350
805978
561752
533433
331656
258198
942518
475731
719941
423674
393312
277765
44064
255519
419526
533221
154193
944236
766495
481554
184714
911448
225852
577292
819621
53645
515146
431520
91116
28648
753316
214012
639108
587613
335955
473121
815350
633464
257379
200373
443995
608318
816931
367672
772708
154354
850168
461967
163076
444659
120222
513404
240826
891458
486653
547055
786046
84770
857379
678453
508167
501016
882340
469775
189175
416786
194187
237342
140196
112420
7484
6585
922244
482669
836904
542625
396532
493784
210347
973132
816357
329534
368325
690077
299620
757545
359475
952309
964292
89524
843817
852131
570985
953358
120047
977911
274548
854429
44437
238324
504838
676031
68948
133923
642931
714283
929091
581252
740677
402614
258162
273952
788714
616306
305191
730042
391419
496433
874035
843683
279337
208423
585199
343661
65670
557997
19096
989815
905070
744354
768260
290216
281424
887852
220673
226231
519580
739292
664201
986406
792971
913648
934499
680398
224646
570865
25048
513942
742580
387197
618000
12221
235171
20575
568778
809943
730514
680794
92981
976277
673560
59525
329069
375740
640437
235792
763477
238200
583092
935396
205773
939658
408761
412073
546768
152412
539181
376353
997677
946805
324930
147057
447904
229447
206629
564160
728717
441446
814016
413240
311000
877459
52136
926954
221475
6711
849194
419278
663589
509803
665069
212712
424612
703348
735876
752133
817807
432460
805331
982308
683130
932187
891290
762674
53174
977157
658787
645678
200076
581148
354756
389036
460118
532790
113490
122101
585275
83738
25442
741899
903813
168660
199741
574986
240673
957288
788319
594601
156210
365731
248108
712480
420369
389389
879152
912292
624550
990522
453969
55886
171164
599999
29972
77914
17412
941378
876808
807306
373064
768043
113683
547562
587977
151223
795095
876655
228568
132075
936320
608761
438990
405413
776236
405816
789513
448013
702328
236906
473731
676459
86307
721666
772304
672595
144226
716772
471156
218683
366080
608909
986270
303405
538606
631312
409669
937431
308142
386747
64990
29888
381592
248024
950263
717845
620424
94095
58675
816418
557925
555113
306466
730844
3918
182831
742844
743962
572322
914289
603451
481828
776684
487458
62930
366564
826538
824481
586829
584058
107641
999571
461766
89067
98014
841003
766849
407353
492979
402059
228325
163981
457772
476036
799704
310865
825925
4858
487413
880218
554890
278371
188781
849411
66946
561070
282935
916821
903993
972736
709685
922466
455401
415769
686117
354417
692100
419733
398016
569875
821281
164047
905523
226324
938688
988640
995703
857165
712507
32901
8527
908438
317388
684382
268573
337242
879989
591059
677858
57731
684368
88465
891025
924243
460595
839346
984782
91284
925119
216187
904840
302760
117062
312191
710255
957050
415446
351008
836692
405717
597094
647157
712093
924051
509084
631623
161825
515757
54073
904374
56358
816242
495266
994169
927924
394771
832524
645059
497237
687131
926082
477696
110188
445243
805078
752190
446256
853379
81762
537769
196355
98541
22522
695983
507507
505684
563568
305986
764300
350786
979586
76412
999575
548390
761252
976668
733108
801956
559206
692590
236303
98759
648131
983369
386434
987666
220293
739570
483783
393716
781015
20190
888344
216857
421097
561173
911461
313885
395578
50994
936625
485851
962757
17927
808586
262436
429130
546781
810467
851148
868087
963929
976079
70686
146611
199546
631900
178671
64456
178110
128906
550992
647018
489956
269735
314973
933224
933709
864584
979058
306798
159484
697318
642429
919668
273276
570898
437743
812167
693473
967510
260620
694322
912934
658218
579043
871625
365173
177872
653975
96593
320646
982733
548763
714511
46431
788804
974716
768044
74489
486384
307864
38658
688131
570109
429036
240517
304512
826180
310155
529680
792523
588321
799595
947531
621755
836339
301338
396727
85409
367984
844878
701142
555566
607266
78617
495930
196786
127746
660603
971816
367295
739247
778833
805159
232876
121739
817324
271595
888693
187507
816637
963673
846144
627097
912364
671671
702138
24319
991623
743858
371488
198993
441047
689994
464858
279328
760335
429790
352321
289719
64734
254671
938497
350876
872804
21780
635994
333924
27008
98330
115520
110899
326536
712726
475235
711248
768466
617832
487241
50017
848815
980909
672470
117575
649400
498529
967854
469336
710528
680879
817521
764469
199593
904984
405477
678472
725266
112507
457842
2269
12398
429702
367366
71321
32112
177402
889753
866971
866274
193812
386570
541805
659605
62685
967720
198630
925491
164624
383694
957216
157808
942883
13670
769106
464223
16820
822606
962185
548129
849425
347543
518408
972216
718308
997738
534136
674745
142905
833733
452493
382752
212142
178595
158904
163453
813686
171386
159490
533709
701641
899614
738572
813604
690924
744259
305824
843845
484888
174175
324083
340692
933962
243758
646393
846562
28966
57551
169509
28520
297033
221004
713788
789200
662058
884727
52629
479596
768747
695727
821039
579977
574530
572418
371759
675038
593150
891180
974644
180959
665401
97598
319897
566255
496217
441690
845830
869874
430402
941851
927667
555968
457948
614737
417147
664117
730876
97321
104152
337893
573745
424556
143105
422317
315182
154014
827805
197925
731983
21894
668514
128945
418889
702606
72783
372663
901363
71936
393026
176426
331691
411376
422519
853893
220902
463097
751389
641236
267544
307295
876822
953452
760508
616596
870284
521211
659136
97302
199467
320058
853585
296565
892606
529983
884350
489906
639721
941998
892363
347459
48896
912784
243669
338356
528963
853116
183965
244135
790584
750897
659122
816572
795939
606982
179903
898828
333795
537016
690735
640846
847724
887331
779832
515100
416924
24524
857355
45712
410876
867867
654230
222408
237462
370086
452404
859850
452078
775591
141747
203264
644638
798480
502271
166500
624849
803509
129263
124343
151196
128808
738540
302826
989172
930147
142842
366048
232976
215901
644772
188555
94428
498303
181896
884467
542166
106928
732092
386133
846473
296397
538012
98088
203108
70772
204018
922171
135799
300351
268800
869242
278345
353103
533932
937423
720856
793598
504009
717284
745646
386614
556158
859271
414236
535200
406101
659047
359958
771956
355554
271355
538346
463087
75597
52162
599582
177507
541055
685285
978982
164392
716005
179576
344767
665904
348900
938847
969643
216056
959129
337485
687369
867867
642827
692200
294864
17601
400880
648905
226024
171764
758616
986399
297701
467091
297786
932466
236577
737183
853978
11973
909876
116850
412691
571798
341266
688144
749830
851199
329986
679766
611679
979518
947383
960783
204417
133330
857549
979750
701902
916412
976161
169333
371284
535781
49741
976252
777943
672286
80063
99949
10743
330241
633012
423715
637310
799607
721750
58099
330504
962452
858928
742555
401359
861916
476106
961816
608531
723305
740006
74771
124642
819492
448981
925883
200905
762288
849014
835758
764247
346727
449100
947472
292490
893180
487675
720830
822617
259840
144735
981789
191901
271552
341258
125196
29725
675787
719064
739832
779764
541841
874351
356749
791521
373862
58456
678922
549419
313894
161909
559149
14447
62835
558750
60686
113992
764506
299100
221128
551321
164756
759873
804945
721338
21416
864738
779883
44860
408046
478771
515507
550875
784302
39805
28439
273343
350694
455358
92645
449903
210986
944605
442430
373139
569638
688904
735593
731875
839871
522540
889220
824370
33240
715920
995541
765585
990577
29007
747070
539489
657385
404272
94287
134265
983332
873507
863734
678063
335175
477275
758993
818951
428704
545730
984612
284342
813603
975582
497766
140305
736975
552830
30838
958167
301232
533856
984363
554263
30589
784675
960712
688000
315617
6755
785294
422915
813591
139766
530348
533735
520494
252930
878610
262953
79596
339065
127587
948493
566863
860851
13961
601605
434030
392230
849634
819837
669311
766852
448856
468161
714930
4210
841870
667980
192698
41184
871926
124206
639659
941065
136319
135128
11774
529673
935852
600199
709490
344470
89856
832971
164365
714268
204309
298931
227969
934713
902477
207767
831145
107154
422303
590530
299058
781136
873427
518778
556183
126587
219337
977900
581636
801969
225778
488313
316380
220674
455586
553239
611926
317227
601342
957861
117570
531182
617040
107536
244778
608522
38457
504795
710163
165340
944390
652366
210211
715730
930459
999037
647068
248712
884555
388787
807558
14913
933130
45948
860523
208003
655930
222476
772156
87247
764769
535247
516945
867963
872956
37134
80270
602478
236396
509371
109793
761912
988047
277017
462823
157963
75370
152330
462894
788762
412546
725238
957973
538765
70154
197141
724944
201886
346294
599194
797000
235859
285422
703869
696543
854104
601374
243811
764049
32312
860650
572075
486390
342200
345919
906199
87332
855184
657733
969877
164401
147079
683952
352554
633814
512106
887862
227898
374191
535720
74203
859830
572382
473421
843815
780834
236432
408537
282297
163969
435671
174397
397174
295648
70327
1713
923930
254269
804732
491636
846190
408530
716744
827489
317978
77505
630891
384683
803986
101533
506859
435509
164588
444946
324963
518033
254994
157747
776263
500114
30995
963102
344005
57743
124244
220238
44359
53047
445411
509309
557909
214476
497772
825972
121560
18494
757764
98736
237689
761701
870627
513459
612008
159641
327983
625124
411449
995185
352499
34019
937768
710423
517742
812269
75133
672453
648968
908649
135563
621470
496927
670029
961682
535275
426560
738480
367236
314992
878194
982828
665317
604650
462252
380399
581131
842024
775654
916959
61061
969347
757068
441767
934488
291708
51983
61155
521700
569136
476566
49508
846310
527354
566419
54624
675031
767077
493424
159417
519089
838732
661735
695272
704273
890257
481841
185734
281015
845814
485398
182199
780267
431067
592035
493427
963387
10772
997882
853298
146207
558438
994499
640308
418941
968351
972096
265578
437319
189775
127807
711236
560450
401190
560232
944536
898914
109612
140214
79403
574610
212951
745347
315360
292431
965068
861435
19067
447220
422581
837939
56144
567504
317883
260434
377676
504883
553824
587437
261023
216008
365500
186929
703749
759196
777747
892025
326320
981437
29199
737152
448404
524797
329950
44656
777998
557974
275754
643993
426418
477031
642417
920829
633263
245021
451650
950344
840097
214637
688083
620445
496499
116477
665985
730699
633071
334242
860772
761502
748196
307204
971982
179218
241843
78878
787617
693155
106998
911202
540874
368063
303436
654457
318814
537181
782341
100648
202959
45031
845159
192334
273163
189011
173275
599562
982641
584976
32375
229241
989424
759259
909161
582301
876734
754096
152124
132185
555122
722462
949386
663192
8127
196787
956159
199566
235854
32407
129797
820119
939511
95029
82897
71163
760411
368788
458954
585107
583200
885956
841425
571781
158346
21171
321201
592426
197555
805151
263269
294417
151783
614182
391296
952157
387230
101753
590973
262281
83542
378287
109411
928524
356941
772982
956372
84183
37976
102564
363699
190268
151075
896555
127920
305192
821318
584427
385778
674961
745152
178850
875488
747691
329426
178750
362507
478099
681146
341203
817723
211919
759434
748904
913940
610733
971685
69804
51172
506951
568982
549446
170508
255720
520333
254858
98697
989513
286391
167879
267039
290484
819257
474301
280545
643786
588936
908524
367839
1312
100200
561351
993452
483139
132670
424520
179786
855004
717396
131165
8373
673775
529130
262848
873929
375805
77043
625380
338832
258698
411635
733003
81580
690297
799154
131060
425949
756627
305501
965170
294128
757862
513466
171416
821573
498122
946822
314257
113851
759743
510638
901260
477370
342130
129574
390036
754588
978206
339880
618877
78969
963343
88588
887418
303181
748803
992640
253644
301000
92201
688037
477781
60403
508107
466695
505291
660858
79751
414070
904840
484250
777912
789317
308797
857703
277877
808415
667783
27578
129583
207105
696730
723255
969662
542679
618073
869623
22709
394039
405128
760726
688305
314612
122457
180122
280177
737504
707874
802430
941023
497250
115568
53211
961069
602159
743925
218866
606875
352744
406876
979480
37909
415504
860221
503614
676664
323241
514156
667996
811573
864170
6636
267898
535246
985694
496257
944603
419454
973467
858979
842118
730869
268766
677455
775730
788225
23744
691831
558157
707528
693079
789081
277353
313458
116652
775341
747460
91491
110484
508983
173042
928806
55853
156861
713193
490149
186103
805331
322281
12884
351116
338258
922694
123502
408317
484007
473107
412568
833163
493767
73005
647713
144703
185664
733665
861099
246886
747883
951611
721059
244781
373246
365868
604843
859476
384510
513174
443034
348434
216593
28216
201049
801478
9457
849457
398766
391957
400765
370354
493013
354724
395561
902149
31818
484915
755670
243188
14884
367444
552317
822487
505499
171016
178180
420158
551722
45045
879283
590199
25552
757893
105344
760380
87088
289245
31238
330428
615064
336312
948372
10372
574430
627680
690850
430346
875814
313673
549407
241238
303937
945482
176358
671565
502512
409016
895630
185116
61702
391585
917408
597437
891627
742242
64548
220649
795004
174822
36372
540826
887760
952379
156978
933884
856470
738002
635445
349360
925146
250131
957087
235771
107814
105243
386602
293457
711621
602579
66144
788730
430819
143854
249354
189343
155216
470462
581120
720820
92131
982836
937503
171905
514875
154482
163353
546830
543777
930127
423719
962346
649
994342
80921
860824
714232
140251
726221
682903
67583
512812
87614
717645
802021
825583
649396
922767
465379
520174
670105
573327
415688
998811
166700
411619
920829
295153
946638
942830
264675
495210
550586
728173
270936
192151
1426
101920
364377
691871
333716
750738
90049
57366
121003
402887
365936
412729
427362
687170
74951
668228
626803
616048
339599
625136
894398
89524
898425
636940
904917
11216
456768
792183
588340
500076
585515
230648
516238
10119
798702
139834
161026
813367
284144
941159
969453
249502
497576
928671
4121
314539
128288
868309
187730
456394
667420
499782
263897
269866
54420
835671
505010
663656
657500
143435
898136
4253
185316
673310
576913
973569
692188
77376
45404
212026
33776
718513
737990
819205
701617
268597
161819
816511
524371
902645
842234
914897
481875
54194
736066
427126
716849
209702
838504
19307
55963
797881
887147
980082
506666
240157
492574
157570
41029
96454
696996
91086
925731
381385
335803
358832
42671
93008
194350
539570
319108
318840
69294
606329
82135
670407
638908
200591
464180
987917
603837
2891
302497
899478
487791
691103
879007
427592
635323
887678
20558
592160
991136
273448
919344
542531
857231
998163
384134
917700
797974
110968
899222
491761
692276
818423
485262
375450
605323
502439
534467
925471
674483
286846
514130
875957
346154
515866
283367
189621
298026
168618
827292
942624
241747
974843
45049
595699
321672
195427
562970
109347
280406
466244
48174
486902
191565
462717
593371
585918
666675
950131
536191
832882
544142
646391
184978
833002
167072
844116
488231
193335
446320
760696
377745
642716
681346
451709
981218
339949
128680
48402
471183
790147
157233
307722
267311
532442
102464
839361
408610
422535
554681
37863
490063
440152
743572
625962
645317
983114
219347
150980
795203
168481
779600
875678
56787
329576
503920
37023
414608
777221
35508
787798
909705
582648
935982
389888
250686
325488
854608
474038
750343
74890
404383
115958
492628
756007
748871
683980
556431
563560
95753
311068
645726
314953
686224
782991
871812
278295
114401
593368
89767
210511
784431
940002
28844
681877
803854
719384
222654
332557
311104
768848
216366
703450
985580
142037
939765
729457
861420
132623
921428
690905
600453
672337
321244
353409
802034
198911
558346
273085
908313
935706
27594
613407
801567
966442
926684
382126
117591
135
690772
604102
102037
725315
966459
391755
949793
756471
241172
890123
546567
6889
33721
704624
891212
337175
53475
568414
652411
586082
640519
530351
225309
540570
851102
816584
480070
957858
834046
381976
633484
58496
545124
517869
755795
997699
364435
152242
540292
613265
160149
323593
194908
826764
555936
94465
134560
588769
64596
560116
544815
588845
442977
833728
414639
323083
345734
834848
534825
125310
104564
478566
186673
899064
23889
421847
43006
985733
475224
564003
801304
453463
644381
43775
924079
641518
471086
302433
644679
171876
795541
472087
28497
993362
57659
335493
590870
216739
126887
658297
523276
673139
529699
138221
947083
453091
927231
304152
216409
257660
740591
784305
348385
597501
151183
314753
352195
163330
229575
141219
371717
235219
384330
796891
88358
790855
262008
86289
821651
624787
607396
602281
339635
756084
687791
489023
804509
794036
410003
911556
430633
78107
255164
806512
507172
49270
692688
820579
666525
954109
219408
21852
873820
448419
718038
919444
971378
347391
875710
616760
652908
34130
908706
121474
940641
752948
552637
993523
232235
45728
375601
862255
410738
684504
24867
157172
111396
84534
179268
268216
474497
414225
366827
346847
736722
427720
545502
9174
550969
29614
101552
927375
680548
657426
202820
731801
11995
402409
70703
288667
763449
306715
415932
560108
627704
184679
891081
675986
185637
934707
64654
322070
270066
693620
740030
843392
313514
401654
451077
231733
69183
486088
239410
850281
681599
819464
30639
880130
382693
26438
579627
542347
11596
783576
581464
782993
879295
268410
953552
833054
156523
922271
289299
37071
133366
921176
668843
316756
140904
923872
340080
825860
351431
31746
998824
884763
922690
600679
854854
856401
412739
132224
646291
460823
205415
940428
337642
105329
541386
442054
659037
161707
14075
691567
492726
557945
307343
454579
253015
958191
512145
603899
497859
499801
719191
459022
53877
502840
675120
414244
818158
751642
30649
650761
229837
459924
398735
759274
678422
765791
290078
691584
388693
130509
681368
22038
105883
382438
164290
252216
131751
171171
177384
754234
480673
660166
87793
50210
811135
215892
612941
487475
637898
425712
293386
102999
395067
421718
613190
598312
779007
81776
330751
21531
613082
163544
490950
24265
65319
341675
729234
494491
994686
821318
913265
989970
612910
444000
245850
114609
289065
824004
130205
309511
124287
939177
177851
369949
670915
33200
655698
710136
322058
243641
196017
36811
742161
714337
131210
81980
570878
595420
240389
647313
837759
455596
23729
908279
414223
681404
156245
79727
857687
844571
90277
885205
965873
609368
829392
808590
541063
259510
352502
292494
846746
590284
50615
949508
928415
808188
117735
627810
850755
475277
906717
905804
58640
141416
259115
655004
534888
497836
602279
623632
540653
25518
232680
53393
138563
14224
943757
971744
612333
980924
39735
133535
738580
395326
532502
399610
983206
187196
185569
599600
35483
793746
513247
949378
198931
693262
280931
505718
588380
75909
789973
524872
563087
750352
724586
545966
902041
522215
736885
419015
398871
149911
888791
920415
405595
487459
617234
445985
311692
603573
402684
410330
490218
419455
609039
207846
558638
355699
381405
301177
655695
860635
262817
808268
592673
331605
304432
111329
165016
900847
80846
321013
202347
661019
553628
593346
964500
995855
534895
789550
157171
937660
360957
336979
255954
350952
477489
340780
6468
70122
781406
642520
7014
891458
419855
804494
775559
745170
668284
927710
307044
869501
96794
736416
738764
289883
554762
781243
47778
413398
677617
68563
53313
111396
899047
651920
47162
187489
369160
776968
596984
230599
313961
228296
44165
355725
117285
923780
785637
867482
252117
564504
271072
730853
430429
911226
763166
214251
83299
962687
218858
203211
75995
516934
683929
891905
771966
558789
194820
934845
804377
983470
899952
310879
588034
885821
107599
7314
4197
794337
734047
22786
354940
135364
406897
979323
115293
374777
924612
218592
574381
28609
90000
272068
898802
178298
597790
843368
885255
903589
793044
757202
752808
180306
201935
111302
923437
489642
307945
806691
589012
245721
739226
516893
272311
162838
258298
988115
504092
835920
331620
964365
955371
602999
401079
85203
907130
384996
683830
718060
926788
722981
725711
129458
431865
497321
256569
974990
27631
861764
738422
622358
680310
42464
644600
644544
90825
569345
297312
673281
787871
326899
20833
911174
990497
445202
284739
968142
546295
374582
501380
577442
112252
920633
380313
321138
883984
347750
586962
878670
731083
173439
875355
539261
336334
44395
527646
36094
591094
797946
536774
654616
132266
49303
299679
336288
685780
315913
623257
697095
57581
236645
919851
770653
844592
526036
274517
829798
205424
891133
304061
205335
13573
361422
228731
646830
705250
535468
323888
961451
746306
673909
639057
8046
401601
16750
123074
390574
77831
153678
591773
178259
998815
284582
646161
610353
356326
368811
886311
276834
521246
647522
313632
326143
703522
333222
631803
48443
661492
495641
209555
136860
911026
330661
386724
31190
918312
497774
631534
998085
860926
198742
97010
448390
464658
470252
479833
520435
978401
368178
298740
507514
709918
750089
784478
766042
272037
415739
493310
866873
980041
172069
131881
809060
89225
392895
485860
953251
908322
91913
272391
46776
881598
714836
82236
829684
133962
158187
972199
815671
261093
885084
695392
833282
325044
832678
325403
891194
463506
11136
943465
823996
339493
397124
130775
924055
310796
256759
58356
207146
981748
187765
696881
520987
209866
952637
276768
275121
598602
360919
362335
855119
688758
558686
572366
412878
652259
941294
907067
467574
955501
979754
557023
529048
248587
271146
742722
89610
185405
561792
205241
809472
201442
636006
76816
474115
888678
998597
99138
31633
3032
948324
949797
572754
762969
656427
284643
292082
126768
342163
754210
323103
306171
295661
35525
628577
383296
755531
228748
622352
48482
309007
324375
622839
252271
91790
844296
844932
612822
447200
102917
846568
801782
736326
547869
152913
843025
39289
923394
98625
886047
575755
655732
979083
578111
782076
303103
312106
781961
336220
884634
839550
153726
170711
531889
242404
747297
317410
269245
146800
471583
507649
707022
491978
56617
131378
86186
632034
674978
640633
880528
330321
552372
21833
343253
188942
86205
282956
241328
163145
549095
310095
691537
370087
653974
413773
288939
764763
503866
441751
943635
65949
947908
770461
821504
479370
720821
556187
228466
808728
96273
945762
842288
847412
150515
357633
967402
60730
887354
849041
706812
202384
351841
690842
950739
488096
595885
47333
779370
377264
87423
310815
652590
383583
654281
88359
757824
26878
44893
45685
106904
818504
239585
985062
470087
990848
451487
200040
446357
152358
492281
811006
187848
570581
392377
927024
905990
138748
23111
34899
198354
18998
776180
344112
152178
741641
423218
535316
518257
569720
838566
460724
104385
696709
199702
975034
961336
388423
287933
418864
428475
52451
606654
965192
390968
141994
722037
599365
800909
666575
740456
312650
602630
542083
728092
736829
366787
830511
814340
963544
49656
752013
952341
519180
204303
89764
617845
923857
781160
805086
811921
568719
192576
384903
774157
97378
786671
875620
547735
250382
374923
752302
735573
806719
24555
526378
732220
396795
296966
904038
649026
704038
712825
314706
197099
477489
453607
372856
474304
721313
372218
713817
208031
893879
129608
913510
983467
70081
634130
646039
847395
160509
761574
339628
130832
773029
565988
267454
933464
743580
124829
683777
772337
217907
618135
981209
221615
884312
509805
497685
635005
905819
453651
41484
930602
549854
227384
37587
209883
796953
95876
713944
461343
903752
472512
613918
374496
168817
952213
359509
854260
529813
866413
74197
646291
636531
503798
304567
638819
795315
654021
213968
573680
334070
330839
988107
912631
914295
38578
420386
822753
878814
635242
774393
558093
137249
685759
676503
896646
248599
483940
124481
807892
237211
221594
365237
203118
539929
186043
479616
364685
863864
51539
504636
462427
946020
277929
504746
586250
16503
135451
361319
25666
414211
634599
30286
994354
915646
586950
918059
618888
289931
318514
668823
27003
847649
69065
114997
209733
656666
133706
567623
853039
892826
478396
460206
954244
46938
414829
491964
136487
572624
211352
948151
227841
602429
263648
458029
598482
75858
596601
538543
314345
609024
345446
499051
830895
770715
995356
101546
16093
932778
163782
202274
477581
360397
66530
752377
686766
233867
206024
42455
435794
270264
989067
985702
735714
37375
503096
549353
864497
630290
584955
249846
337773
928171
809378
536017
926258
211709
665145
438503
690872
358716
228691
355300
809837
890694
325674
644913
59742
642924
904798
436941
728206
44321
874073
991943
990185
277566
581908
212629
504146
393968
70962
157717
271385
360063
945610
753373
263048
467195
94786
243392
442908
296133
840854
354528
593361
600247
569336
54699
733719
906417
201042
151540
961568
569537
414631
232238
705819
557934
890071
215751
474939
940257
245313
859103
908080
96753
559299
829219
958391
889930
767133
51530
168333
915513
588979
26988
32127
454678
904945
731834
984221
659725
200009
134750
934796
842379
925015
141104
6651
745027
853990
723089
382574
855898
624780
202408
117686
68341
420976
225719
873729
683228
198636
135513
675917
329867
709901
257946
422328
115733
987831
908147
129972
914614
637350
710368
125910
914227
497359
265760
300429
630256
450917
955785
195823
873678
497911
648709
50607
116990
736566
412717
809067
848359
864085
152000
325538
159408
333897
995135
353091
20522
594096
933929
365664
662173
6862
37454
106178
746606
176626
826130
862038
237609
875319
331649
564740
755377
387558
393993
322592
460801
786553
68376
121529
92190
540922
726803
795791
374043
367306
734319
995875
212744
22718
775536
734182
407609
826404
294332
478419
734062
491491
18651
671704
600228
105920
826510
353199
601399
17341
157769
406092
640306
835868
227598
157231
658933
913089
818214
944601
599554
819701
384639
381019
824356
865607
592413
921609
222076
914637
583166
688846
250985
148360
67343
700761
551443
108325
815172
160309
747156
615072
699992
100855
787524
631171
87329
107472
252960
823372
84046
602755
87126
997293
229761
664880
211120
476077
854851
257102
471642
158764
747880
232247
964178
564931
84096
164765
337515
193034
552055
768730
798717
785523
291786
629350
926700
5331
694246
547426
532884
621761
863391
107601
277390
526423