183000
274809
441798
511458
891799
729601
891136
852538
836917
549577
149572
166282
228539
716360
250280
371057
325752
191607
885300
302010
161121
969419
609170
16098
609235
21519
1057
894343
994805
399005
554920
53616
795513
229881
222951
358451
260737
166921
112841
208455
536670
384885
37815
50343
741363
194327
714246
908574
87928
69215
987920
790709
549083
451014
638944
875127
163840
463917
691399
768734
421289
406802
234123
827740
997937
905837
610815
226183
151923
234605
986030
398753
654216
476234
462001
504707
339692
314631
447520
308390
955842
358534
434981
774798
767918
552775
547180
295124
553888
110335
472375
464718
81329
277969
648845
58397
837349
854955
929874
130322
3153
110336
830450
253053
437270
194845
470519
389844
645771
212202
395643
495229
313913
747712
523831
42297
456703
664225
720505
821292
714454
615128
712756
423757
192943
359854
339569
504870
40313
895046
446564
511688
330110
564182
246105
671311
136429
644034
134733
889997
411122
427223
375450
475542
396417
82848
581002
235496
106418
629672
561356
595444
797703
920718
376259
321357
586633
597630
885116
903404
625679
346385
293112
878878
199008
535875
967336
427403
750832
313165
613111
373283
645511
556255
835585
326950
116543
597756
406305
892816
857708
504625
391143
524832
643414
247731
823657
705924
53601
969556
766448
923427
836302
719010
187476
393926
137754
149532
668770
167908
560900
261138
61369
339400
38124
296088
840820
102305
725527
72550
318529
788262
346447
202319
979984
91940
580455
518300
521128
596133
275357
87749
357907
72830
189976
232459
723898
175542
31248
652917
719691
20878
797516
825957
385174
942066
831047
778709
956599
76986
919788
924532
60910
310301
182337
157719
928459
553971
948192
176350
887236
327716
141919
222628
173225
588467
332945
491554
394158
479969
938854
761441
628647
334399
869357
380185
740755
821075
50362
815339
742927
878118
229091
293304
406316
236457
926244
241372
192282
463169
596002
924683
980739
907830
684109
329350
206260
824755
561694
321657
761206
664827
379648
443060
567291
188649
439243
63428
106996
639905
640491
13357
410111
342553
754591
90887
171262
965566
216925
10867
975363
798852
324756
277304
130791
651533
525257
981565
10170
529397
147299
80101
683604
997880
990786
140611
68106
972353
993225
44344
343805
514703
956156
769584
338572
969350
351429
980661
380585
145744
396497
630382
765769
67438
600727
610297
185973
744095
299833
987040
936702
264363
844419
61690
757773
732428
784464
435041
285016
601914
775051
341451
1841
501650
255699
554695
891321
872098
95800
804950
259185
923539
834338
389476
674673
595955
113362
544289
58545
732575
526080
263425
146628
583178
653794
125644
39973
93036
777998
597026
493290
550217
664310
140751
102165
41116
388499
172103
574154
456544
614813
523198
21594
327164
651638
595622
983613
695433
441958
760070
854815
747009
158145
879540
133137
869829
351141
187695
659040
978826
993568
30427
988803
354594
419950
123097
569133
460195
516447
791618
357699
598070
766231
566081
939560
401725
209776
229514
511091
468706
278778
662139
882498
265337
43170
520333
630824
515729
622384
482678
323330
609820
60010
833055
390119
934456
965590
804733
214973
948377
225757
343119
641512
479061
762763
183858
658398
609356
515699
941412
154774
520818
761072
475411
244191
255099
345286
404769
37645
209250
579750
823095
816526
792725
184272
20355
339930
969856
491155
985679
861257
526196
960240
913919
569342
540596
515421
661607
275009
719708
325733
875655
220331
961007
163308
738916
209722
950075
103504
790915
673413
79659
949612
948293
322249
227881
45046
899098
478497
475245
465480
47779
528404
585127
844924
309928
600904
446853
454128
692211
311829
645217
748137
705415
925877
627403
345491
199936
821783
396142
240166
352200
67602
339169
477669
484083
672119
984716
735936
169400
398207
597685
112410
524109
631267
387750
994661
653214
532939
229245
116456
936361
321630
217680
413282
44665
823864
119674
627081
105148
665978
566663
572459
173571
600058
426552
554934
960279
971675
887539
532691
693106
386488
930378
895980
387233
537082
8358
533198
208756
129609
475983
697258
805726
322847
393243
338806
168496
751416
152498
671729
310445
841446
469114
339907
618825
138305
681571
675522
889603
731515
618896
742673
474140
600785
665120
691107
641522
802461
430041
744413
731262
300296
734065
301018
498534
643742
496824
198856
979840
279866
167909
91951
918565
324832
148283
283986
236077
576809
357463
951726
68044
245465
733273
927455
658056
97292
260077
94178
732438
419919
533173
352245
492113
854028
309524
736859
127510
237341
666010
804668
800894
78273
203079
352040
735417
240492
98942
243708
697923
372856
713288
591709
191302
23034
937409
527778
972492
742704
881059
66318
129055
874262
560492
900090
342720
219543
861871
16273
747392
699553
596021
603701
992701
390609
115085
972672
607036
171213
411575
139813
681632
337201
509737
303668
372549
985249
248252
123260
605052
430654
907190
3978
788963
365108
284276
389712
39775
938223
527604
779042
376697
627245
386045
742937
915794
8687
577451
33754
222404
407881
7451
187505
234967
199321
101167
826134
492637
296532
868478
898258
358571
828348
177371
174907
247348
682670
388480
888795
927043
442775
27224
585391
886356
614087
555814
765195
6416
580765
270165
429915
247844
206946
541340
916036
114749
682162
316621
286632
804450
698325
488699
258825
538157
264365
817478
228613
170215
667911
167429
430719
75263
125139
661070
554590
980711
749873
843428
836911
422732
193889
4990
38694
378224
405085
393584
835074
225509
867843
551545
72014
435111
256745
823592
335683
886679
244757
873771
392331
15440
97029
406773
432032
745896
370024
59723
804371
561733
692208
689772
994473
290265
612031
527899
510560
301499
139774
362506
555087
900067
850829
34021
821483
724098
546580
509303
860326
350140
659384
912573
872305
27139
928298
613702
369442
600401
99673
274179
883953
87489
659911
275249
667293
321099
853369
158687
37036
514651
959752
897118
489103
796556
773269
883461
702371
393798
569434
816542
639700
342448
903963
426161
875164
534100
907835
913066
941802
527695
996842
882217
360733
764785
547836
472039
990511
228535
554197
689472
224303
667426
845185
997473
910374
637363
893088
892878
808603
6918
369854
208592
822259
872776
921281
368442
834608
450711
406907
743703
589722
537269
206304
721970
982331
415911
577873
799618
976195
999152
828567
87663
461260
528549
395691
302469
722232
178989
99633
456436
972727
838103
705733
584193
795301
205016
609070
849677
774544
114655
814384
835136
885719
303191
100094
125330
57709
663225
391499
648630
539581
862218
790657
490531
909416
708664
699147
230848
616554
376653
265869
835051
569818
934286
514803
594278
808272
249011
983527
411934
877537
359810
931804
886362
281989
322826
135752
458428
217434
558905
260270
253303
769345
149210
376665
4238
889126
489391
950117
727876
264542
263463
80822
501862
865769
752765
304588
480049
325462
745517
454767
659809
738758
795090
636164
41367
375880
210081
261954
998438
72868
728764
286910
735994
85619
399732
313058
663653
18475
631134
330812
326855
92345
220560
365746
956570
742983
889913
534676
952216
522909
306842
178058
308361
694435
96485
996268
550380
434885
472560
384433
182849
705455
510294
142590
449329
223800
808491
966112
425563
199451
712153
929109
554684
925471
798299
805125
423418
486809
256790
275278
271437
998344
578255
33340
619019
933918
694349
493272
842318
857566
652172
379287
162372
473184
408539
794804
423186
73394
467731
821464
708197
291353
635700
697076
783064
799797
895709
997873
567099
563842
123368
309055
206406
788858
156960
844042
318106
202584
604703
923723
652144
475768
818825
166587
759008
777947
709727
385890
174672
179142
885312
361293
316983
245961
701122
217629
874701
223133
138153
668668
772177
781095
864386
287211
807606
372697
501023
995255
354283
255672
270256
759626
43078
374520
845817
396766
309516
601027
863669
938636
394015
809752
363655
891651
178245
315472
555609
609812
824209
374461
547860
585001
276912
535147
704634
485462
444242
625928
792099
905672
105906
870240
316498
256409
163588
971456
750899
131910
685114
385020
442163
859704
222388
688909
588924
94462
361026
271250
899212
758556
194006
15351
830897
85309
321547
507571
682211
777795
656844
763243
173629
964287
943650
640756
481049
501564
735710
32182
171848
590774
876447
396459
513323
622952
372929
581319
630130
784387
776035
309810
848494
68602
414098
142833
55124
378234
281815
352226
447696
308215
985625
102822
491907
706402
341169
816473
974427
145783
761801
43260
391374
19506
754799
304052
493811
414113
712892
253611
181181
390357
875291
773397
857236
255474
589432
936205
460946
2022
333255
312477
26583
151350
385582
527901
314505
970740
693840
987826
817835
689229
577079
553848
529241
560703
849501
139514
966045
340903
270743
708510
532977
805496
865375
590494
426578
464392
523964
510705
597630
473284
388176
895688
188682
350916
650046
576179
615073
328570
300022
749220
841309
450307
571550
809548
447227
182752
236190
735650
875199
571774
737096
761154
82787
830897
954083
694450
306813
942591
252307
285247
76076
514137
792358
993990
395262
914341
486397
291342
121058
42998
501333
694483
109828
893341
806769
387614
461579
189273
604774
834447
821995
752681
939650
470461
828391
504131
241498
547572
423207
719453
853487
804189
228913
697640
294396
447867
902215
603484
149279
316881
811421
202158
887329
937762
813558
900383
622116
58960
644378
370606
340136
286886
218934
574510
66682
814513
948560
21618
964601
61577
6052
578404
772294
656813
321632
57141
545863
703180
277433
263278
529752
523104
659048
898917
920848
450741
847685
754764
332139
167880
187134
990116
168089
308298
378804
298383
93474
351812
499122
643842
451700
787028
732170
749209
873675
818133
703758
466756
553979
812893
270440
946463
998173
589023
490455
649888
366100
408945
241926
36073
364347
918441
418699
608766
592044
407200
211897
366224
957295
963032
31842
547256
12158
917370
652396
342975
488370
571064
994702
731034
697803
48593
900008
478131
153952
470259
90173
311906
719201
387066
279630
357691
971718
949654
983507
260864
666007
886027
659288
969207
320854
742163
877939
724439
888780
12894
65118
860380
773359
915321
726005
863994
566125
373068
541197
463533
230935
436286
357038
270511
88621
563379
433839
950339
320258
300981
994285
271855
623692
466288
832935
283206
117002
837335
936185
863651
727250
153765
888371
155186
547190
459582
501910
913832
973330
522676
746730
637587
56821
444645
286911
511435
783722
191425
992958
22792
733026
928233
24938
656206
843967
583731
342777
80387
198271
990090
543881
694881
689987
263922
232705
889222
825659
898474
616325
205928
215217
467114
355221
173991
537390
502732
72707
676667
614860
211591
666895
583052
890970
348182
398048
542881
705125
62647
912417
909680
833065
89743
303350
962451
923540
282282
505306
344540
479539
940129
188119
98815
986428
380885
111712
852398
276534
562775
834638
840002
319817
515498
686581
971284
444958
480736
508771
631852
291826
205472
83701
398673
143165
779017
638485
184255
219449
635633
911123
374199
10897
785863
269151
478576
184999
639318
862497
119787
721090
175466
82229
201764
120019
899341
400326
271460
264482
521706
763462
358068
860058
810579
726215
477228
584109
238302
757753
619305
643109
493418
739968
193884
521
576767
470641
413375
731368
744532
360362
206116
376068
807594
355595
830054
17566
251797
10709
212736
130267
111258
169181
308476
769232
245620
701100
657091
203375
923057
667382
54611
708941
291514
214134
83216
124879
941487
529570
579121
823537
792304
709520
839835
93746
500089
533093
896011
705695
234661
161141
655212
965435
951187
537917
124488
139592
325158
264376
880411
6837
447142
852641
734979
588964
619652
89286
803988
844183
929146
458822
230793
657654
287121
224743
246613
465855
477500
285526
217239
605578
328866
695676
114475
961528
234233
727225
559388
74872
113038
689983
358840
168437
550113
460238
242941
900384
312428
234119
215535
725397
108868
22896
493963
231916
178009
544643
198869
707871
195992
745779
844302
647379
405935
850236
550402
439301
136688
626405
374013
930386
430927
50581
981534
217314
79621
370831
325379
428467
969367
545036
992548
338238
538097
379124
783740
452359
111724
773624
217697
195462
440879
423119
726453
177645
115761
518986
514869
924502
894108
146390
165358
179083
422413
734414
131984
649905
606840
681467
219355
526545
64105
323241
285302
400580
348453
142566
347678
838331
357679
681754
54523
976681
280934
554942
583951
963789
767116
984826
112775
474783
136545
857055
255476
519254
757870
218046
753619
3156
155101
365539
637192
418607
580741
19569
867882
915101
265796
387483
648695
726075
113733
482365
677992
969018
457762
481173
310560
4775
24483
241377
387390
901461
257827
791765
709521
867624
443923
927993
726123
901761
332632
211869
989134
146305
272016
859962
163396
38972
231474
203303
290187
261308
869267
798388
475180
132207
795461
907047
615340
824430
195738
230032
420892
980778
495302
284875
381387
659509
208291
489042
392412
952042
291085
751996
847026
483963
797485
871382
404359
10197
474132
736221
133980
667890
181821
526549
605195
711418
110773
959624
161912
120023
721686
799326
408294
723540
76334
976470
441318
550704
70975
512415
76201
191621
473696
754005
743671
916240
130689
853787
539256
323357
68236
687185
771184
141968
961958
988402
567112
103377
816468
943373
979719
377109
805499
899486
962912
150598
624320
948169
127332
393743
360014
123442
201176
869381
803701
704571
49697
649205
748207
621723
339676
347526
623039
844567
924234
505867
269811
495584
240424
825576
352264
275018
274653
872349
309420
48356
329805
963188
16990
862648
396875
713987
77106
872480
720875
330271
15216
955651
800564
167709
636764
388203
802677
259014
360145
73220
750895
200022
38087
620148
852399
330417
243571
470289
642495
60835
111501
679683
412530
948050
85997
914104
736862
812931
642383
58301
411815
615941
940726
343040
568373
793469
147628
672927
41159
481679
288806
305516
210273
289383
339462
460864
868897
216801
791547
989816
681712
351387
442180
631953
158803
630228
768785
200668
521121
469441
374602
49182
411919
268332
137257
887814
800167
854857
440130
516299
763800
376663
769827
472418
683622
905967
580438
98265
583170
221229
136259
653267
296500
495288
517362
937824
308532
627951
134447
842360
362713
719153
30342
114581
425961
332745
723886
2346
717391
824693
550466
283203
79466
890641
373418
567354
689857
189541
206872
496595
987861
24584
853038
232757
693519
552303
733118
466694
919001
353301
698345
102753
595401
264521
464168
509238
372535
498447
721449
360959
34671
520692
918801
994587
793090
35250
831328
35657
953975
246203
401395
78146
148767
322085
856546
778034
421702
600947
673225
737045
736069
898620
774244
739819
848117
28411
413204
911255
247102
536882
440062
144346
919629
306619
959891
59494
804004
808684
446442
264098
890315
506982
227080
424378
829092
839739
419778
571871
523996
91449
63866
162
538750
268695
664261
425896
36001
625787
886317
301899
713986
295654
81426
79438
321068
421501
771883
338682
734099
915765
629354
461401
634945
587993
312062
936846
229928
548539
17138
784527
412054
328501
737394
755265
133574
184218
108334
233327
91602
240575
579607
813862
45254
539167
258119
754927
727505
244143
757821
674089
789269
479231
761605
187907
878429
681417
398647
657620
301358
243418
700694
274775
689334
178458
797976
790726
838689
427258
414917
803665
596299
708024
543672
119355
821264
828690
145922
797650
72062
169349
934382
298953
301612
448
316704
145395
698660
800874
564183
180318
464123
967117
398609
639050
860674
873629
508878
689413
232213
627177
73196
131620
119184
133085
328113
106784
396322
281777
331112
710154
584057
968498
87906
582956
570333
827691
209693
230526
873945
139376
757379
138882
156627
217030
132297
374460
343101
524658
799864
539985
743140
523165
726409
869052
456166
714272
345128
260775
642369
789362
996443
732652
41670
729131
781180
788839
834348
390196
502626
332087
999936
798030
875550
237906
308858
447931
704801
191810
428524
279052
430843
883392
153683
928840
44926
407211
609232
423670
193985
683621
457776
112200
383872
784395
200231
795236
527649
65934
412764
423440
691410
261043
217630
12857
804493
409763
772468
455775
955069
187759
31313
122401
906427
479781
395110
944544
960433
897288
633234
703123
269983
434542
201333
147559
243132
396731
490786
770192
849076
553269
304114
992881
28432
136965
196149
915876
31988
578697
30596
573734
705473
839960
904114
874786
948635
892371
607841
289944
865284
565540
222832
722218
817959
477654
80658
297283
426225
274641
25082
36772
696858
105136
208178
894477
812098
743745
726603
696196
93110
420888
60079
585797
438737
672016
703954
346246
236863
662816
240327
760421
9437
417685
265071
299632
270268
398705
727436
71505
402373
817248
740020
856148
397046
257043
941152
49879
679434
407100
54372
746317
138231
796900
244473
99758
700817
545196
297654
105663
738700
499742
732318
927673
124191
819631
452242
418969
931203
828627
178023
989955
82394
332221
848530
951251
253357
199666
18688
631234
963726
357705
404226
339250
398236
212801
988518
637783
684133
652670
728225
990465
340710
542434
335016
611274
47277
500164
925789
760792
76704
570448
426406
940943
465430
111035
593434
152790
673890
509537
468757
664325
55217
518012
113067
709096
125257
437315
645049
604594
471345
271325
191639
197058
906544
990528
450217
659850
58413
233771
627669
443618
949557
818556
578767
66856
627804
263534
111503
45969
726906
502195
812389
975761
761431
905514
537251
178787
110497
565885
267256
38645
524889
954458
707292
144756
314895
488716
655399
888751
314306
141621
519229
330154
391913
892010
802404
460162
985167
897003
698614
777975
383833
694910
372337
36763
154211
394279
632940
658582
579465
822533
353253
175507
935170
292747
478709
305995
892070
328410
698724
360044
994128
156344
507545
895333
183966
765872
686954
902289
994901
603590
152402
702653
707682
440916
135168
700056
449083
92933
180236
257142
115236
874029
997764
892353
718286
370820
169957
457212
726297
757246
212710
851701
28090
908744
853741
692295
405496
214688
687397
511113
977
194129
97767
251351
179641
705930
6677
218875
985794
113626
680326
230647
57239
685643
905307
866545
937826
373848
584880
863291
925710
785420
946862
185471
954726
72632
674302
510980
823708
303056
44760
333215
100838
773026
291769
739064
454723
16180
137075
871671
44956
826618
994526
528140
928069
569073
294124
164377
974306
471515
163931
784572
372519
99863
71811
129468
943031
419036
924367
3855
696366
422930
821320
910149
769210
92237
911373
233237
804644
32358
90463
640003
831277
734776
205401
191274
237715
706548
276093
60267
69619
270242
916521
499186
741000
828085
198632
773922
976017
361225
153892
36957
241489
227067
799033
207729
144176
311717
885990
390562
407999
713332
567709
139280
423705
153832
474490
317573
348516
285352
578320
704349
921015
477376
720030
197010
44374
24312
273440
481635
101016
790866
65922
540769
104106
527455
688687
101078
978988
842750
663816
36306
425785
752946
39025
53651
179588
61599
351045
492560
364701
853793
675305
184034
680915
748105
341758
741776
158068
488949
801648
246197
874096
823243
749612
537360
202140
704338
457006
189992
92626
244909
604728
482714
924213
57524
446302
340097
818322
785648
528318
621888
853730
476915
393614
721390
457196
227986
638222
886559
544839
761281
496540
624907
969341
899017
526054
151006
824075
531176
226105
653723
806214
754949
159800
204398
484759
881998
200681
903948
246439
278192
952746
363145
239382
277170
796289
395318
637540
761839
830225
971892
185202
27246
610343
661210
851427
213279
338036
442238
622109
444789
94678
468772
237932
705818
775502
220097
145157
719315
831638
527274
160295
876594
478796
408606
961245
840242
605191
32236
877792
732850
791755
881026
127962
651409
304087
283732
96710
566562
490971
512805
987891
329548
531526
149749
773095
643009
584510
347784
256544
135897
964009
432206
70070
938506
393064
753204
371356
842310
903076
7110
332613
698866
708992
543231
795107
42238
118190
276591
973834
543141
879262
564871
356468
681347
403408
336900
39901
912782
370250
166134
958991
942130
332070
835500
741624
191565
902275
107774
397239
673284
857244
794743
517429
560768
105973
726941
325040
370505
579953
177245
927571
78589
785857
296536
114817
318316
797239
455748
60337
398675
638200
332992
507763
439732
736016
817913
321297
310542
974176
3186
262225
699710
755634
398707
379990
462642
658605
962704
735590
875718
846372
712916
34758
321917
650888
22667
216577
987677
640126
157993
841352
631783
608076
159258
512307
775217
2796
217511
845861
241762
305859
654209
201102
589066
999083
530542
134027
485659
55212
10701
125352
123784
451146
811719
199941
566841
126072
328276
819606
486632
146474
899943
690244
180123
861832
441656
280689
501054
307582
125228
271897
722268
481456
579682
233043
208314
471435
699292
786167
295760
30967
686984
113050
434469
217833
988842
872181
183302
836564
414505
597028
130338
932095
204083
937610
895429
232690
649037
593105
791983
630410
600570
151951
644368
289964
335239
700932
616547
865814
18609
777792
683172
997905
685236
511457
612911
564611
307442
566970
847031
657504
911740
587472
315679
504449
221695
998974
308216
29837
818510
228024
156440
540755
538631
633900
65875
814202
584101
515140
180953
806992
440546
901896
637484
267070
142791
944993
432700
720476
427153
360249
253024
50849
967105
169725
530227
968947
847809
615044
625545
824285
321454
786569
64781
986463
430214
623444
483961
516382
411247
778168
139696
962620
674210
949365
700091
898946
882034
447165
423006
685882
932989
671188
512598
433242
733678
740112
162674
78682
588140
659584
615435
766631
823010
785897
7202
57776
633004
916972
401876
807389
164955
368451
700
597727
563813
434026
335845
858594
232556
968986
923626
523040
464425
500720
132461
218639
585013
801709
438320
500218
658228
478743
708435
851502
660510
632572
206826
755722
437739
752278
512122
481850
319706
101258
740177
405501
667935
177931
261951
890273
77735
671003
829620
168657
575817
56946
546551
728453
960330
403447
803201
422807
703757
863403
600308
648502
317269
701413
122235
121139
449209
525880
270591
87865
768355
266992
771650
879450
749124
491771
599836
23812
580184
420645
767376
347410
298897
254524
975179
358206
157027
442002
655288
867317
334827
618401
359298
659715
897084
6921
990695
15213
507528
509940
636214
809694
70248
230234
910949
929145
497416
19296
566033
702349
517170
844252
345810
491494
116469
51892
640698
160768
368306
797220
622443
338583
117890
568541
616274
45594
210439
365707
997316
580798
858830
343343
489011
186990
808478
955243
529932
619103
647840
954845
502385
509122
294890
682530
904398
408083
925610
276924
728730
620687
282603
846670
834604
726530
94215
324996
357559
911998
763306
569743
681124
518759
768126
431182
442571
346988
641464
43144
157133
569488
397247
245014
896208
64678
187188
184350
819992
854747
124642
806778
516607
328749
248259
362806
997457
34362
141549
455800
218886
31027
455768
214139
868956
12399
963340
20275
753169
105948
208939
277333
718074
479952
567960
228847
256131
908670
573251
254898
663300
960899
42451
39952
502075
396704
516334
207488
623852
773763
829608
449439
767570
704766
666885
404912
428032
885145
70573
954180
492505
99906
634155
549749
418728
897059
685217
713100
43293
813708
46924
322050
241189
426383
491568
467812
633829
255851
212192
892751
550354
317984
249580
435355
31087
448354
434919
252117
448228
922664
233363
849508
595064
202915
298732
458892
170539
424972
866830
453329
360115
789462
524995
146419
710673
49731
827117
342104
902030
163091
738060
102472
95191
823830
722989
344722
366706
815971
736368
144843
308444
75425
886708
500790
456513
589058
377249
125183
495063
957712
397713
266274
727128
100575
128987
160297
578714
262499
900606
56402
638220
156250
388007
884046
435919
595177
935519
828134
995759
562501
664148
229817
590908
145800
616963
895968
890377
500196
579070
776178
231808
609395
861919
868195
682784
171052
131337
103111
35349
797042
166743
139893
855091
167814
557413
899078
210254
146205
662775
515453
591544
562573
769993
417152
10392
388321
111091
205701
766563
624779
970041
65480
627578
247801
345069
311800
824160
240832
158721
604018
845590
294965
652397
801572
811989
136987
968633
344084
820264
640758
757480
130681
884707
901758
887745
909831
675011
725295
420731
932360
459108
796861
361156
547046
647257
791333
612526
312645
866860
490591
910710
740877
319922
310640
78579
315717
587593
182043
621976
930203
443376
416951
146853
818176
289540
757852
990064
227632
616659
195703
603020
803919
459423
789821
515475
530351
215153
978492
37846
559662
465942
565901
299101
997308
680059
26470
877277
277883
361952
320076
697461
500223
295804
502373
385764
3764
260334
585132
107788
918303
529114
666621
225307
991037
766056
266768
372956
509191
775893
515202
441561
431511
637812
824335
422698
65317
85061
395933
746847
283946
673008
861489
181893
671909
504671
279940
925721
820027
374325
408816
249991
148729
514158
647109
279325
3638
54420
538233
387857
938644
687771
178299
549419
246117
8538
178152
28176
693161
118118
161879
684013
996021
545997
704719
577532
282160
781612
980824
37750
164600
373613
520622
903061
434274
617121
11794
475589
492445
459510
345724
589734
618359
353877
715115
524480
334266
983259
561820
322756
829743
770161
590041
685243
500610
368394
273000
107150
661253
770488
942501
98288
740879
319212
317226
530476
411645
403144
179754
914566
631896
753059
968925
855121
554839
865560
280981
85965
195451
421899
511472
240250
781528
982266
659558
114045
282548
768571
31234
131502
806024
98455
177518
750972
731747
769475
958054
167934
135470
192055
333903
621719
957066
650030
973217
484548
168406
867320
672830
669253
543180
170559
885543
607973
247755
684884
583172
999272
294959
272693
30432
710353
899484
166558
158328
111309
619226
70664
133288
921087
385690
530178
481222
975657
298327
927787
568266
957555
175384
737802
2602
139931
301714
517450
730053
734330
302762
428565
104565
966639
677719
383563
966855
983466
663974
610975
429191
429015
859159
992014
847412
722148
629477
706301
102546
516529
71907
740015
803167
313172
298626
123040
330269
614405
492271
700736
703310
380909
223897
380687
641726
905030
153680
986769
464954
87598
577097
954735
466846
564302
447102
283626
633100
858273
412210
922812
224953
680228
798994
161549
790881
453657
522423
432974
605851
350903
266888
79286
677959
638897
331965
495447
920035
527649
7998
113372
162429
729937
19305
577249
400963
19942
757491
382639
747958
791530
821222
707219
403837
782004
464392
542425
252886
491958
888348
395882
54695
616227
635522
584255
902451
837179
226297
213377
706088
569844
294277
578943
149908
683078
669804
259851
401592
885396
175898
525874
997813
816050
25764
364373
774755
56727
489257
478376
576769
440672
606549
255943
551622
819134
889855
768176
437974
158526
868850
974369
613008
234612
9353
77263
696388
747139
768691
49152
893698
754954
651735
43462
379341
875950
922449
87320
498607
432192
125145
205006
324838
591883
355141
94137
693052
939581
720357
36764
991284
836527
226444
554571
522848
987347
174766
405087
263888
790009
405413
180051
569509
976190
462286
706111
414659
351249
78928
821422
211172
293667
462140
59358
124874
558635
378704
530643
54221
806355
62742
609048
55698
191426
180266
667731
145884
532871
239704
886852
389628
450975
379107
447386
162532
35939
995299
991730
272538
455505
110086
623597
898696
14197
923703
234348
11887
621747
742171
844906
46268
735988
670392
529399
95155
632235
477168
194189
66184
76291
906988
832337
308365
922471
699732
539111
535748
629421
30330
569202
97942
52383
156246
774823
777821
508840
179372
313165
701084
803672
383818
797331
474766
307476
769005
604109
389275
915997
497283
517709
440423
347899
862284
96154
991301
780741
210138
236368
433354
514064
234871
217875
160891
149362
342949
485873
150632
489266
707712
580180
828178
600526
774592
868640
214471
759911
568027
193647
921487
602253
63431
130214
862847
781091
893661
350068
310698
58159
783513
222247
677495
399296
159230
866090
631886
777660
440854
323615
649580
356741
358871
850197
153623
506568
89122
364390
69163
395106
854308
445808
509906
84782
550495
122350
589138
683247
365315
875378
751872
200919
190838
724737
544914
653746
282675
679883
758418
98354
729230
132421
71983
115607
723990
368549
988910
196859
237779
224569
296765
537719
860782
580773
464936
334901
971184
294775
704421
396116
565283
519080
734537
817457
412884
219314
359645
728281
721850
74504
668044
345671
419313
290615
88051
572315
380319
196823
430171
986010
894071
312813
188739
114844
766428
420833
875157
320150
492573
638934
3003
867396
54495
751851
867083
926707
334808
482062
109022
618472
925047
70456
474430
447409
85026
462025
891325
71302
779671
407808
166691
43226
193780
476118
478271
276740
987602
455672
132510
552773
379979
118432
746842
440757
759004
340751
457353
349903
270822
702441
981399
657365
512399
859756
591726
613345
555461
584462
984273
836554
463523
93107
965896
170863
651436
855240
737334
87971
100659
832191
405894
313589
789853
525543
881028
893530
63551
640102
309192
183993
740641
979286
25292
478483
134628
134970
900959
502670
43647
451420
193715
562589
19557
500100
896784
51853
232195
227223
20779
776045
941477
232713
354066
489307
539064
449024
382718
241895
681002
464391
422667
836839
370350
327403
377411
661975
477723
471862
510294
359402
606260
14341
337766
513009
266754
981576
778879
995239
353630
467798
630116
599511
532491
194091
950468
732394
304959
153535
165196
826449
588546
677443
947350
758475
299760
616442
350462
485587
737113
147762
850965
308586
388679
179999
286127
286716
345439
205522
173399
568817
879392
13211
91619
175443
572169
896952
900194
38167
736407
472248
148081
67146
608940
265520
392109
152409
295947
987673
220674
71357
335872
562629
563298
71425
135581
975612
475666
771569
323294
497719
698078
828001
42798
56376
90605
40855
686595
846788
652527
226198
930212
872702
268211
564040
607562
610338
735124
382983
405988
686682
973203
473608
465269
357440
522177
743076
454169
594609
433811
183940
386213
58954
498648
399081
525803
611650
947078
575382
407005
927076
652784
355290
432969
790567
336532
416445
948994
860459
306768
460871
766815
439379
583733
711719
157
291897
718004
636551
571872
908242
240885
164906
930646
765984
298695
158718
689916
895694
236849
190596
262267
991403
91623
559128
26538
300166
672153
338847
405879
888162
507301
93837
986975
178518
323372
293265
785754
950276
277121
221981
617749
792435
451198
191253
240791
428876
802417
218771
707781
93294
568500
462357
244481
311278
311898
266436
71660
20206
647813
413473
843660
410072
264725
331982
169161
829880
599739
551095
521298
821044
337707
903067
431069
855080
51184
912315
747147
50338
675737
154525
813993
922935
120273
882621
676947
464832
909196
358161
151539
225460
528862
286776
521127
176931
909222
392702
988289
965325
821351
117966
793063
73821
130551
85109
991707
625733
229136
285262
124629
508727
716803
858384
744012
972861
587533
652400
684181
695669
842754
676468
306274
324461
641894
904470
970603
843479
755035
498385
893993
31849
830900
633355
187903
742803
235431
563870
730548
596702
796449
217988
553819
857502
768372
186015
102996
516755
668140
577827
449835
65442
240063
568865
887389
575851
451362
755888
75707
325703
66232
344762
48552
349407
780069
71456
843580
574828
722241
591563
174283
661126
485865
428689
403520
499307
754159
875135
210146
1807
180401
491017
11257
272794
375367
718731
199434
105347
449494
42427
277821
969031
762625
680110
578528
848261
122304
366787
275844
349305
435017
943536
306693
435155
672298
878439
527399
911091
908024
93220
905692
49092
947873
774038
38179
102514
596574
396519
245322
579593
856069
2474
882004
622123
574971
449696
790773
960622
79815
177319
60538
830096
95297
465856
198917
526167
617833
387771
949238
309258
774292
741505
898790
28229
702272
956734
951821
606461
73225
291689
644291
827793
131509
127729
106084
488904
293161
632838
702156
219117
228543
814400
857857
738308
515695
721712
68784
652392
270122
309890
711312
382210
786437
2379
496291
340584
785938
352245
577179
398352
492875
470980
751705
54831
12392
888836
98384
951602
561808
998033
821064
140376
910187
891971
258943
193514
829014
700468
511018
159512
741552
936943
13273
446578
35153
610358
3256
596863
839707
217328
750193
745725
611240
80941
820655
485814
615011
999575
731326
204732
252467
714232
53326
168257
442065
724322
327447
855765
631354
429311
607446
486780
185216
897525
161333
638123
811004
817397
308104
535967
323038
662945
359988
677659
103589
595032
110698
151164
643113
706719
527185
311034
383253
265709
114626
33021
121331
763283
257773
568729
173472
843782
175384
415656
671774
869002
742536
9987
303752
630845
819384
969053
52256
893438
280582
856955
851653
354040
842157
103124
729088
553039
647149
421185
164157
739429
649095
137440
961622
980169
499364
925643
564235
397373
608598
882416
914062
764706
543926
280077
847355
229378
5419
268619
440229
679610
384844
729715
146252
683778
32157
125649
264874
649626
561590
226148
426220
514131
887106
228030
224062
607288
30370
114367
407871
60823
143857
24232
770580
556079
311267
871326
132312
135223
252870
46334
917681
356617
866155
79639
645566
175273
954206
555592
497132
454070
881744
377079
856296
191084
911126
289451
746095
471380
228170
619847
551425
511433
752783
691108
171571
896743
121843
601097
283812
80721
426285
277770
957832
375903
609605
604986
798176
673059
217875
146318
948618
25238
258143
72463
66612
508324
173352
625915
64684
72145
725760
107577
684243
646662
73748
936568
216433
152572
760330
794275
874530
147524
164803
648578
315373
381936
485375
351216
119861
425954
53792
264629
300040
398383
54919
325375
404500
398447
327067
133058
690170
285411
446760
778921
564027
418563
387299
679863
497488
684644
61580
881983
999446
51075
428908
863932
868773
6513
142590
551822
837057
331482
284138
842706
950953
273331
443692
685404
178701
226112
473299
789524
919773
942207
626278
842026
676669
861684
49889
575863
595092
316178
805533
5745
572740
763139
202573
146699
95156
540692
45476
70119
867720
859136
465749
728761
41138
953816
404146
320569
76770
489227
335670
920772
121881
803544
977694
938256
875483
572621
650993
958346
864515
241658
128097
590926
268464
246903
92618
215234
312029
840655
337047
922192
234255
296200
136964
531070
249127
18128
627837
423083
966359
667142
621606
584488
76338
25569
394356
265968
617755
703169
530424
958277
845087
316176
935100
474665
748703
981077
403590
482615
453478
143893
748857
146076
362905
829030
302491
540596
985804
757265
681522
975109
18417
761443
344455
146450
850923
602193
248140
143453
566209
117701
437273
277245
26541
205193
315858
454039
404692
178319
757029
670076
31441
668378
756528
301151
135338
659469
603775
761457
914212
893454
302643
518235
599795
787543
44542
239639
668425
199961
739274
622060
271439
449676
777977
103172
139505
947224
992519
774251
548948
792665
186252
125542
311331
474899
42975
986734
473863
505778
531156
176584
700917
484411
307173
537666
938721
475221
291246
684875
375312
388654
875730
767408
382795
740619
744380
164847
901295
860592
769024
847738
440481
606824
62943
203529
574624
759538
462121
768860
678835
877064
1405
415564
355201
238797
629612
948237
272255
18066
18620
827395
868291
976709
471176
859965
194936
690806
678085
445074
155051
346759
15839
618966
342785
755632
277249
735673
46731
860269
892084
642621
168882
510212
944351
624979
636301
337526
73452
842320
54034
966466
370956
965777
89768
95184
223440
198312
468122
779841
831160
32641
660392
619472
154313
709206
996664
747621
667927
497226
493610
628278
686947
255526
169544
965850
124061
577391
499420
280748
513930
45216
709404
587736
669312
33289
562945
902917
425999
985284
420662
646111
814074
567503
597547
683328
595043
886859
27720
406394
509764
927696
516351
676931
854489
150059
157562
321406
99932
597301
289652
757026
556520
194065
32612
566025
986111
469697
397715
72919
178215
235046
27791
787077
923631
988306
304760
918025
323023
121547
252343
375524
512685
716639
383695
766535
446972
963487
737227
670371
971391
274809
778455
989132
484204
9782
967851
587593
873387
829132
868898
834554
228605
246689
525417
969382
125434
742301
212818
264864
387762
29162
434696
994198
845429
225355
627933
262966
645167
483350
435904
104189
549931
381775
595210
618398
595064
59811
195895
585995
601001
545726
563377
444130
865909
98761
220296
992503
563519
748547
561919
18938
458417
933371
556672
769093
925633
741031
244143
633989
990038
143844
735387
984002
510979
608395
468625
516620
57585
328364
555531
166980
97564
533418
452422
47748
443188
259379
21425
260332
659107
470682
701185
419786
316590
285394
375329
667941
528821
501385
71047
568486
471188
992350
636898
374884
940396
633089
281455
267339
411004
179366
172459
13415
950376
230950
81955
521619
851612
151858
630695
542776
56650
193908
719581
553412
479567
183876
591409
558377
16628
231619
291562
617039
83087
580504
43672
541016
729994
783877
549546
411149
328635
126885
586524
920874
42675
742660
269773
286402
176339
901339
167342
610704
453335
313446
339350
830748
761206
834788
756275
984839
883938
739306
114972
873651
819818
710949
899202
185105
531199
680234
583364
458504
797332
30971
906529
74879
217182
293657
822599
484551
465595
520577
902603
159016
112367
474372
264754
581255
897865
947910
306284
992624
7012
636051
95136
825990
203017
206745
372002
363204
8690
982790
237378
182895
141674
199103
159614
180826
191440
682681
243735
680725
420217
694968
715585
439539
710645
624802
669427
772023
46570
269567
433695
355419
596061
149776
146684
181372
117520
536456
345086
947557
70405
509035
760167
583414
595104
684098
504695
384624
434026
278264
107711
925216
810866
621205
437332
763814
484686
920468
910110
456482
544447
953826
823376
431738
979634
482038
99122
312201
180195
396488
755737
477415
11997
104047
101561
258513
937820
651162
705873
693173
259859
816362
229316
438557
364744
445163
817992
232053
710941
124398
444407
152378
925931
488196
36739
261314
413575
255961
628807
677154
129062
763562
272696
845311
539549
746404
582138
351028
524992
974107
535311
636509
402732
355747
146794
397502
863649
106255
316770
815636
902599
792580
40322
112885
619473
203064
597949
388518
918015
607309
48958
25337
33021
224580
536222
502113
804841
441823
856239
420756
87410
769880
207157
749915
937756
936759
366709
603833
97056
428180
96741
149430
340783
438377
509954
428871
647319
492243
629249
958427
73535
751717
510237
863620
489164
5545
957583
497536
769830
450100
688284
888292
20565
194981
100680
493924
419397
44986
341224
156417
673704
67086
744341
161295
453050
999283
996604
606050
710432
911592
999251
892757
198186
744119
706534
321398
353272
565294
212239
457681
485560
652599
669764
955479
544269
278294
187403
510635
598347
131135
337864
973386
590111
706130
840887
993172
330060
380532
8052
940603
923664
406987
209655
985607
228965
779733
344158
762179
810723
19110
390563
12488
445570
867516
684141
548067
219901
950400
878274
638054
837651
903132
459929
899336
239336
656499
160653
661241
285768
104834
715822
271559
34187
805905
893042
79078
336979
7381
599881
759903
13298
578085
646030
62104
592105
691223
796057
251324
919947
43895
189297
424262
395073
485091
10335
564527
627622
574022
720989
73074
392274
235183
967918
146105
610292
85517
147207
60582
247065
596937
440491
371135
474633
334720
50004
525878
11280
418204
339405
784212
573402
588302
32861
301506
117304
439722
685981
894516
449535
713054
491691
751154
156303
756624
854967
910724
262513
806292
382458
940026
291098
671943
447559
739285
195084
580618
591162
897558
379164
487070
560525
852064
945230
559641
121865
841868
33116
886531
919321
855434
83542
230544
891001
946094
719395
329209
316878
117150
900517
903865
972752
879511
780219
78113
823842
27415
479840
372312
250691
413931
384240
259891
427548
734037
642635
375533
868729
607449
645778
516163
115861
882404
766223
543727
38989
390810
3505
467198
590327
756027
505972
97360
34252
688433
979935
467948
133824
584952
355623
759997
222131
866154
547953
138285
315007
667302
704437
394013
897201
114844
222526
20670
620629
929144
170573
803407
281195
509801
27486
24051
729462
34317
843074
106926
975026
754747
887787
672188
578725
122860
425926
264398
206990
89926
54339
947426
116218
351559
351856
125181
65398
361418
946819
99784
966111
396921
326454
740997
887893
302096
685325
267180
516494
398666
332211
69478
74055
605162
744706
67237
972948
959207
63202
336670
404057
614709
814216
460580
100113
864748
355104
479266
68939
498583
289670
785013
430901
4828
847021
860068
56337
999427
146210
578621
863748
488036
246827
312717
864077
672561
767177
582267
483923
789533
235805
746305
156247
991784
669287
322376
646792
731785
110441
145759
620725
99575
374570
856089
330781
572115
915542
838144
637666
176053
232707
810873
736412
463121
106126
647478
707274
306822
162148
669585
328100
658435
639197
468428
480460
281366
314434
243426
858338
822739
202223
688841
178102
476125
175956
124295
104153
839956
290773
273006
166796
339483
355345
334070
952282
199620
423680
632821
527618
607323
199222
496445
746700
325132
814724
302866
614716
636785
327229
913798
401188
920380
806230
94003
730324
687741
515047
193685
711661
107153
360142
286401
518868
201768
490739
705606
469506
890993
619173
941215
637943
786276
794531
198225
650190
830251
285240
188839
768428
662190
915645
155144
903634
666234
577986
998258
133395
985421
438280
703637
281119
454336
760549
825102
966781
366289
781514
383934
747543
998732
351457
500231
436271
451862
537424
91427
829936
71062
31131
186016
824543
834625
838374
471548
388656
110592
702487
149529
54261
111487
40282
49309
484849
265748
177790
852072
348939
531594
16253
842803
916254
677514
334873
348802
131437
938533
712481
627909
903988
447104
499539
602129
506457
666909
945243
257269
360002
157378
174202
771644
396992
903048
505922
968959
842216
339521
99133
333092
121731
921415
378414
500727
985499
900702
740399
851747
239862
524421
313401
890700
379103
645086
568450
368716
686111
967607
922945
305097
989003
645684
107661
707568
370999
751579
564195
223632
140104
779196
228166
433621
456807
2811
460801
83615
575442
126139
145480
465342
726092
794025
503165
536717
832437
847010
913166
14376
320372
292738
726267
102411
340176
326154
729269
599048
41246
13293
841058
78308
713173
473719
918205
641935
870269
397787
163483
966143
491142
793111
356104
410216
332725
691782
615120
91738
889337
110274
778586
853430
12252
43635
600174
911502
246613
441337
563222
262744
520506
530354
75043
940815
5586
456808
718919
651559
347593
828314
759135
266411
399612
196069
392020
927988
135860
368079
534935
528776
608241
399920
931849
870220
749467
305598
467261
55847
675101
168179
586069
4661
159950
331805
519241
704101
927108
174914
457862
424688
804237
509549
907250
402998
351160
222234
344206
26999
740878
716153
786997
198698
308831
400418
726465
786110
169718
652822
160781
88746
355502
762606
771604
294579
349086
863587
533112
860730
359855
281721
984287
858303
852687
674568
286712
117878
854142
498664
944539
582852
154694
152376
223695
142358
323656
790283
412197
207646
486960
923057
670209
102508
318090
17181
55353
862437
764974
783800
648085
706274
171991
373953
349750
369639
774354
96350
660884
249150
375762
919556
876896
156975
912800
571072
164424
75103
513135
714464
719961
88259
107918
278656
330494
403647
178806
388148
42214
474847
394307
548687
757572
929392
251264
475726
749104
600700
150747
94117
724587
67745
330871
33955
865855
555533
301024
124484
555717
981720
449306
72403
979904
787454
229714
302778
762215
943096
848822
984616
813568
395189
390304
269533
75112
192698
594541
791253
316527
754707
444780
184078
154656
363956
980466
264632
121310
73650
381131
595513
32041
769303
166731
232794
194368
312741
742210
963729
468001
981610
541069
678059
961196
778556
604361
556502
20709
649362
384483
657032
231000
306303
77835
214544
24151
450764
916295
732663
848095
159856
13028
595602
63129
399726
614855
982247
964156
289868
46049
967290
630799
26539
652033
139379
40780
913800
181443
84333
228129
966862
122214
500765
193168
441813
6012
498269
34614
727675
873402
586132
725992
504221
811631
969860
1977
341683
841042
286192
500504
501317
724468
9896
535702
167310
424148
447218
513862
916780
215761
79575
291069
704704
296186
228679
629881
971368
857537
527273
13854
416086
612431
98052
520155
775629
551281
896515
186668
855160
678831
381800
6712
734887
98109
34256
644570
936998
65227
623838
945853
41788
888439
693191
499488
813757
41634
684986
851897
709452
405856
783018
617333
338801
195273
333817
14750
135571
406700
709954
844758
530066
232292
748547
498304
265923
117250
287718
941374
187081
66729
742250
659796
222156
763577
98483
183979
907801
401636
827178
939250
654358
283740
383762
556703
1888
297773
457065
691476
499203
321383
483510
378524
820821
865587
829045
672724
904367
686086
350365
864934
102729
946356
575371
260657
130929
599004
539788
246533
689384
996994
71564
481674
407129
385914
572566
835712
204343
948479
703174
182240
991154
147107
852179
60322
736981
21345
45747
570392
937087
840782
613034
381559
35067
836654
71155
66294
856255
733667
688265
750287
115198
395840
354642
693859
905770
127164
911657
513274
335626
722690
344006
434024
181299
714662
431564
821387
13478
60593
215088
867056
536902
261469
45185
808597
23028
948892
49623
958025
260361
989714
432092
597552
781167
343012
430130
771299
46108
872616
284736
153780
331820
427964
32861
778703
129754
2738
672983
934395
469595
800681
741151
506560
452440
670711
994453
326947
779334
203074
340332
974349
404195
249326
842938
332234
948942
623728
783711
104620
970756
576322
285519
575632
286963
277615
9853
551544
950204
74510
216677
240408
396618
689227
108662
735980
909962
180384
857819
982854
202566
929444
749285
520486
524833
415418
158615
579585
922929
434218
234381
898020
310132
304588
701641
901490
624881
424864
138459
680073
378669
497915
681197
367683
552454
192412
737256
775512
116143
394205
653639
640289
353352
252485
342390
739319
823833
79802
7398
61306
421547
739475
866096
449966
26179
385868
966563
972159
57020
632147
482348
370661
409663
246207
983585
847714
217634
270240
618730
243561
423771
491377
981644
808153
54751
931946
492947
949094
612124
222386
132188
698905
429839
719730
933436
485165
822594
830917
804944
382299
68070
752011
517155
249136
741577
500445
63029
772185
341939
33435
282862
151169
810979
65888
981919
901713
473121
402711
49456
340630
814912
937959
676460
390529
431858
720394
228390
534343
92359
575739
682502
76009
605828
310478
980659
501006
420252
899545
618975
961611
301454
36368
578922
815173
376218
463279
100083
476974
676001
337104
881922
675883
898520
226716
682635
326998
738856
225310
806688
914335
882726
831283
547447
917069
364266
869278
874258
80163
808142
143224
383505
60445
197189
267972
269392
693529
81365
905761
884158
186707
235890
307928
195644
762377
59129
361429
668589
948605
615494
882547
822432
305049
462898
354032
860055
368108
852588
588672
586484
400851
137203
238717
728319
111155
796845
745979
504790
753826
223143
49402
522226
552805
941866
137460
994577
412628
866166
285655
122245
539226
501854
971725
75097
894041
7295
823350
430171
726186
377630
85495
135115
1
1821
387820
838686
734639
952730
325497
12591
182210
956453
813310
477187
133255
360859
150953
410295
728496
265699
686693
434057
297680
98885
603759
762943
52546
554466
525258
961079
303786
943060
328265
982285
813651
919138
615817
934562
44344
244576
45505
650895
109150
676833
222642
927718
636254
88538
763256
180513
805121
358613
936067
584042
758980
590
165919
916102
128186
441326
822830
499423
297041
29217
925624
680748
907372
731286
589785
731647
297520
614867
820505
356075
322779
356722
39961
659151
494350
398908
388200
25924
308843
669600
737461
168607
496601
156943
81055
519715
318180
398584
220456
75142
501250
740699
66313
347870
173617
689484
531615
662184
411003
549190
55619
742581
802843
740842
730551
276914
254906
518099
197435
143890
958354
707286
772992
410842
305460
465307
844852
898504
593828
474322
443644
698401
393506
965397
139904
101590
130244
863704
451231
335698
468862
27087
639556
194851
889412
658909
412304
33410
496006
813236
783799
502337
912538
884365
507879
314384
116856
643525
828194
562475
254558
298643
465516
546532
833684
737762
623520
807752
718666
619727
925470
177713
159965
305345
410079
127720
239480
1247
590505
330292
624087
605490
994269
930371
447079
343321
829934
866164
845066
715171
873900
673791
951478
594701
32510
89730
230653
227991
714735
240360
523303
585285
713503
275704
854587
955439
415578
255288
803869
360773
295429
317819
98897
898211
896372
910990
668573
109453
76377
415419
96717
390919
142232
713144
405904
612564
234870
341360
908608
386377
517871
167659
154175
618188
917926
50204
963773
995054
714551
413831
755541
436003
102952
235021
958423
794650
168895
235925
33761
633149
731949
585241
648294
800455
816168
734602
630096
129596
510934
497953
291458
697226
238117
654915
501750
198138
916983
584080
454086
430355
389435
942217
372806
936907
492567
912347
65486
667242
371329
166348
193685
208510
128813
844033
433592
931189
924641
565226
744859
86234
245284
350986
418150
686063
216468
521958
89521
885923
424215
580746
710522
121264
229162
779890
390291
931667
153813
884316
909017
180009
441407
684648
388254
715811
752349
609512
750248
803046
189062
847882
364755
173826
735267
441183
661585
921932
619650
402951
946002
722649
351945
274875
522110
24794
560647
893431
690335
114511
532006
631938
577948
480745
653117
252059
100320
723969
32386
496258
878106
186542
824285
159648
645597
992454
267735
82707
843879
322037
356401
346458
378238
147315
638673
873946
866614
146917
618199
420683
142032
383634
453199
180418
551421
795392
868223
912091
162048
596714
289375
161218
563825
285857
526376
973407
186973
389757
145925
31772
620619
402429
681446
763027
944602
370754
527476
272409
399685
519653
807135
921442
198921
601840
824914
532303
465373
643136
568392
645083
637152
697141
649656
227357
851921
383443
316716
80570
793271
624440
695728
639595
581601
478202
705701
265895
296392
849692
808309
558317
677712
304941
890848
84080
546221
471038
95989
652126
211811
937342
377053
3151
835301
759476
148370
321607
749343
867863
991149
536872
606096
292557
320220
649783
751374
162559
201714
793800
506157
20949
413208
629065
601467
440083
908577
22377
186594
622159
145020
770147
79857
838030
263746
930859
938868
359227
670639
740019
818239
903043
138030
905754
898954
692943
17229
767474
838966
749983
191440
339500
140910
782912
557153
664994
175208
860906
343653
224513
510027
400696
509673
557714
647723
293956
172795
898979
663727
485150
760277
612758
20500
317225
597813
606597
374154
759187
396104
134545
272956
708975
665732
764166
527725
302577
650069
228460
839422
913669
793519
961453
704140
802252
560962
850654
330934
499764
14348
805739
310396
274994
652296
343460
523203
649695
589636
44190
220085
77933
739280
511175
567493
699140
86162
766538
764240
922685
401655
57243
217119
148473
373892
863839
763081
71007
338506
146171
583349
944626
432568
60344
202045
238603
205642
901264
788527
515319
115936
359384
958125
473711
399529
199945
891892
410416
83966
3372
183161
910775
533835
261410
433775
981275
304552
474637
804134
29958
141446
131423
238093
441361
452548
532093
382040
808316
576097
34383
591868
545095
230284
928295
148055
32943
536344
937931
101998
926664
777803
299233
783694
373747
267797
534646
269075
606589
549406
937578
982919
525012
551416
501948
664802
714343
2484
132718
443631
729561
723984
238228
291728
193569
34190
999039
981208
341633
377312
818752
877014
747872
550271
556635
731441
981638
935002
703626
529455
262452
252651
243114
199952
568158
211174
328134
321495
967878
634700
231615
521064
909558
727452
579669
60492
573210
406312
626068
503186
129527
949445
248029
801745
532940
214300
173776
374280
889604
297373
520787
121638
491348
196500
963010
889445
758007
133396
678835
286288
497028
350863
351460
765670
8104
963271
21124
916055
672006
173215
578522
469611
95272
949963
445142
652418
853920
220070
260722
195894
469119
605923
566213
830620
942705
956891
738660
213930
654132
248772
825717
249138
311603
462530
500497
245004
937411
446039
306453
165267
147065
750903
258758
216965
687077
341751
560158
13454
318000
866275
846839
867038
106573
655982
491027
445814
236767
276996
578182
177603
559591
451580
188417
770849
318952
39529
432379
163456
816602
198416
59261
66468
403334
489523
45835
584710
449924
800844
624490
195928
53775
741205
239506
267174
490946
809796
984370
977176
148018
491541
488987
727252
871719
368191
860426
100224
454519
40840
477269
989541
639041
714356
377584
100079
346435
907097
420252
532369
8153
241422
312942
421573
81619
527938
119352
120177
387121
499368
303894
768549
457533
168912
468182
320961
63109
655761
875781
389300
403892
418851
300498
2783
943373
904329
542882
294743
871555
397483
840687
128009
119
872706
990429
792120
179150
359468
139611
855139
865582
435039
824178
86530
804758
451258
664942
386286
492503
23863
89189
754144
821683
873405
265192
681873
713745
715282
421638
161537
510105
736174
754808
911572
582834
104426
922924
204054
532693
988887
680241
440991
632206
72300
468795
802770
371727
867095
162324
311615
715057
818996
247904
864553
43784
226395
689739
512417
316449
683540
301393
363601
426907
282342
263977
949717
601247
631372
67407
721667
818429
123977
851436
249995
167268
751635
611237
904634
239678
38122
636733
777945
622502
233932
611624
830258
878215
380737
192877
217714
116690
678801
517494
215850
829851
429654
634615
396335
65873
915564
248057
706210
233048
27780
939330
796938
513605
965784
121123
131997
774325
374905
767646
689246
664458
112644
509425
132384
340291
736371
548099
761960
582711
97423
514282
149040
991726
564035
783575
228232
523996
102220
74975
756183
888699
316301
133798
801536
521156
365440
166698
991456
683529
19590
204841
377843
285170
994527
699441
400470
15442
452276
978498
874599
749925
665041
598881
3912
70056
910449
642876
872003
124757
660402
634677
887368
993914
407720
796557
315857
511733
892365
646254
798566
587278
293846
442516
990140
23153
139745
214617
71225
849990
1994
509981
928851
976175
819292
776591
511702
539101
566500
596570
653252
61455
744866
504878
589398
144105
815897
462313
436577
981933
749062
441250
228308
711000
557357
479826
16542
793563
277518
76640
638124
955125
156919
797640
563408
638761
636467
148071
448125
936225
555872
764261
587951
289503
766238
90111
122087
365340
579043
314799
853332
857087
266924
396475
762765
91195
924366
871960
99835
898885
884587
495928
521108
584113
714047
10487
985346
155304
272858
2589
842914
638664
774248
258641
963432
7128
296876
601755
622879
555110
369164
944916
596366
554432
839877
925677
228790
2507
423486
436824
536825
91523
219323
907094
272405
377423
553384
156638
369037
331904
531797
374951
732008
118182
569537
289682
745170
58895
701391
522423
970401
839901
932886
132811
234739
826243
174740
958699
200179
282652
531906
548487
411258
979175
820610
941422
755282
428259
250484
434161
805461
264067
978089
298487
194228
128015
378095
471773
354963
454807
939339
682055
73618
944211
631301
912072
979495
248668
476253
546794
555239
460545
636507
890010
518115
416711
311428
849267
560815
34241
175273
669541
609150
270599
80025
652546
283433
334998
315382
232229
725838
393988
223397
752959
753557
182046
762143
461631
531726
6880
210469
227677
768054
749584
353040
956548
919193
789879
85446
728666
240977
334909
276809
101933
12012
576480
447849
575227
728812
916689
855322
455454
244711
953003
849696
938322
599695
172432
660838
574116
672076
424034
90223
565114
936901
811419
837603
403385
740990
318218
912779
818326
936348
151723
1496
804093
182083
996001
99806
470615
628768
152722
464094
422723
147935
301888
981557
484323
693758
773215
755692
111494
237495
704383
931890
611768
933943
923482
144237
636600
53588
363351
564124
918259
34014
602908
63561
309032
332190
340986
646666
396586
948462
322631
25267
2372
210165
625482
499931
84278
98621
317774
418697
181534
69810
434585
598140
195506
947065
701239
941652
38954
126826
633071
684576
656378
801772
297623
302405
818365
292844
120707
580295
117933
287481
134361
62903
792335
817663
977792
24570
799020
481951
788791
836593
622393
163303
368578
383178
823960
101747
473214
100515
463607
140959
253014
107926
153559
516391
361742
408165
201447
57438
35389
165955
225550
681736
243672
124157
422728
441876
62632
913795
519464
926009
950877
28183
857659
407531
115517
194449
205261
170490
151285
137292
151941
714440
103312
875505
838827
79077
328133
185118
654090
556873
842666
722226
585777
648685
650311
453815
311699
682822
609798
521901
596942
916894
936006
985903
301385
466833
166926
711748
356342
929314
996318
134149
312951
236344
440866
302246
760348
355320
804224
765794
520267
691520
555600
949191
836857
924476
589227
740955
134228
719785
870108
45034
113859
903332
537652
800685
151877
396974
996090
278681
592950
959295
382654
101505
221808
222531
133646
816040
820174
181749
906882
495655
773324
294807
597170
578423
753546
416651
104456
588124
887791
299281
24432
433199
616107
543326
254572
228998
217812
132949
768515
553857
122546
280549
289817
443700
753494
530942
359770
407084
792613
62576
670672
359776
818674
133219
436757
588214
314441
409261
802914
183470
976585
740499
190021
750447
336489
478623
113457
509292
263771
145754
437999
369331
956109
854823
401011
433106
420364
530684
676682
239718
900739
297469
302126
948097
588706
168183
515836
78711
181146
860342
307901
303174
507076
478019
922592
568479
10721
444221
528649
653333
839036
937618
708482
865121
102700
887835
379791
303695
393846
97554
522400
37769
176527
668208
145760
315519
220798
174503
361323
614191
560032
984505
186844
706134
536709
301876
54083
4659
798904
258506
653302
666804
142173
608081
545023
281920
821298
451155
302579
385760
801144
726867
341602
919818
928171
556765
659626
995020
478508
235144
700710
290642
894080
58700
996996
604244
435825
938682
320500
211678
603346
311964
636797
15869
950624
422057
1513
931779
835268
1957
785697
860088
234997
407315
470803
138781
860219
236632
102607
872926
108686
207022
215794
335891
937309
931329
674553
492210
817194
846441
645559
413525
73618
322053
340897
506660
422571
252528
597511
88607
55046
640547
555677
4235
989395
448615
517560
722358
882660
562869
616788
733543
39882
834220
232785
402343
110235
107373
656191
405798
95126
513942
247118
458508
106077
70298
674728
705053
94624
221434
593562
409480
714395
331170
622893
541900
861173
331810
917011
115912
670921
253639
217789
567837
131138
479382
116426
745089
336032
831204
376729
154083
30423
261269
497535
533047
834390
503663
610516
507741
202725
51674
586728
628594
112999
795190
538707
582514
390143
931609
629610
562695
202255
119524
434894
682291
500444
986176
535070
321559
125005
516474
950156
529182
970323
675705
894221
163593
245346
236376
530730
737239
198876
715428
749876
43664
190863
883891
772308
631214
17941
81503
369025
584617
690202
400670
539018
88157
148859
578175
109651
129371
558025
239107
677724
908233
976172
65110
529405
91894
351076
965097
674222
84414
623787
309933
842114
693206
709047
721773
465396
574581
201755
707144
102042
233056
495437
51722
904118
461968
66178
535975
639276
982081
198134
126419
772109
251098
809608
899521
22929
372980
241281
251829
815652
395080
142645
131464
248535
130042
843970
165944
593975
416636
28533
302505
13243
309408
885645
650940
825622
197118
83223
296267
455981
621246
672184
227582
6755
751939
675657
982797
986959
182965
469852
703826
305551
434920
453149
42185
856502
696366
806292
617768
860833
343414
202311
908885
258023
68255
739069
642633
668526
797789
754717
329151
807067
619206
344180
345624
450465
592186
275285
932622
437371
143917
125274
102995
598388
900371
323977
486149
993955
747878
873363
248720
838517
86871
113782
338593
631330
144975
711553
818243
308994
429344
21496
986456
686712
716301
142285
834420
159884
510898
360142
455961
253399
129618
817183
866891
690327
940539
505500
928976
687907
281368
995296
349574
130424
199123
152164
614048
606513
613156
249151
196158
971029
941883
903307
644649
989514
399750
863080
291816
989928
509215
851482
965569
133033
170133
412110
910159
626748
957782
869050
332221
952248
609462
847330
290012
266030
978846
164726
586151
773527
266452
64216
427600
356652
239586
840124
720646
466133
15078
342057
832198
362105
692342
493980
926555
982196
902701
5515
484724
403111
821206
320327
986016
428456
569652
808634
568872
228698
438828
773072
55497
88
481169
38835
248396
171147
482953
743918
563972
320988
922976
356083
706148
118082
990889
237240
609402
930492
925196
806523
289612
870171
38705
424999
23565
55607
67912
1871
860348
135874
343922
189910
432602
286521
819663
526321
973190
458166
407909
84485
738166
971811
901289
555626
950484
814793
307182
472337
23987
682630
375783
677186
108588
999837
178394
906557
293913
511527
640228
808258
765293
100904
257443
376237
122991
81917
698115
563705
421073
231792
510504
718437
145841
738670
527029
96243
934443
202896
573624
61453
292760
12757
415154
584451
717416
867953
248582
241903
753048
363134
94012
763514
74831
665489
305139
346167
483995
875752
893217
580397
530819
598335
930248
784946
961224
629441
672696
750770
936253
48668
432250
287951
688576
143533
869536
321122
769876
768795
490663
227296
860444
824383
487558
125529
124598
511873
882198
681369
251698
767166
949725
403377
793070
527909
100920
279248
537167
218273
146149
753482
99486
106544
81067
985083
595324
719059
161830
459653
84228
111902
901618
92980
461244
223407
156660
208451
275766
745659
397952
225848
663497
342404
8682
242218
823079
599399
714476
176547
152347
555089
412081
190368
419810
114962
839676
134197
133219
211593
181496
156685
293963
32383
882012
588175
673865
757137
177402
872157
388579
327556
774309
572086
312435
464509
118269
166843
528386
558728
288921
397199
504000
684438
358927
990551
693277
295684
398050
674273
772294
340374
729993
288545
866303
169090
515480
614741
230553
209833
876109
392586
971729
173856
269306
596729
664453
854829
285450
885257
57299
654286
212785
158776
720720
613618
278196
45588
815138
811019
300946
748259
577851
989627
937678
241250
615794
738027
875610
896619
790656
122619
226401
356655
906003
987603
87089
303971
725650
201240
722820
981304
538542
465531
295466
685762
669857
988267
372884
962618
171015
953451
533695
160735
895061
687741
838010
194999
454842
224574
709590
583475
870352
926923
711658
519792
647551
78625
894784
365658
888815
476419
123680
615915
667111
894292
375926
855185
137799
668164
798434
814574
927646
96935
409052
756025
116457
389409
782402
514113
770153
919998
887616
890130
581600
914462
819867
237104
717991
561421
511322
870976
511727
717425
263121
622982
885074
583836
273739
683529
337557
559554
461715
171411
736125
413316
71775
556693
633866
80555
241306
533351
454356
495024
941645
382764
52929
818295
324009
628244
510625
411101
633971
674747
125670
662502
176396
454255
23043
762265
994716
782286
903711
282280
803483
546638
14582
481222
206140
789783
127949
522717
86198
162251
981776
548504
722735
39269
110409
34203
580360
577535
932543
60691
573311
53421
761257
783783
950725
231431
569293
186637
246173
105733
534778
609786
175341
190274
94302
947505
8357
157091
107589
271165
68489
205969
368303
62330
180444
87201
738572
198413
455723
402389
493654
692979
673075
574140
133387
595447
806960
418356
366854
256701
977859
150992
770105
292988
429118
133588
298121
761033
714767
58589
852294
28686
262984
471454
946502
831449
358919
66821
187037
242128
978247
709820
519034
139139
189377
42571
329057
4954
729280
763930
807424
680301
75904
999380
446897
107955
453570
292840
111179
942673
493039
445417
989989
109588
479334
851733
155624
963642
384228
704435
955216
286059
682575
601109
389951
602693
789407
794621
739838
841621
802986
381468
714897
628513
369866
326390
513781
287457
923500
243041
636792
215055
823736
240491
157685
755732
317912
933915
597803
190881
701095
592592
390009
109855
293048
966471
457273
212286
156672
132344
144374
460970
747489
902559
13131
220444
760084
187544
851545
176333
643377
436259
242788
462853
826654
355976
35915
177233
677330
68948
592802
799506
366277
968001
63470
945202
454070
193267
499900
145074
568536
842079
68254
977375
26586
479942
148739
817892
854354
805599
319602
336120
841733
286163
845795
954743
44821
278370
244026
798031
906375
259427
646112
888337
558640
427112
443328
811111
380285
898816
724763
415397
580315
216534
163081
703288
186633
766774
330829
649659
45048
166320
776915
291752
838043
566293
484104
716011
558801
152350
445718
807890
858541
731181
121275
663841
564126
321195
729029
558403
70272
527696
959020
397594
394238
381120
379276
536887
902817
228563
943997
376549
644602
517485
328656
243872
45928
223628
626601
924451
722183
563041
282740
435615
74613
355605
636229
226759
140930
474604
464272
234376
858291
202567
252993
883287
556979
189635
288890
203490
991703
45951
876391
822504
10508
807292
96382
972260
701664
956829
57688
326116
161961
366093
682343
914233
998678
919295
984020
330375
196048
785
413174
960444
78604
177866
289776
905502
472880
555010
587687
347260
844447
153953
504670
228166
663267
476927
795697
639481
706998
242475
112747
125298
949165
954567
313028
879972
675010
48208
777530
950373
391100
670396
598474
613602
100541
161468
656523
64563
794792
153185
747240
574794
858988
35547
495928
252356
459250
61724
59452
785634
1055
191387
522292
25169
870854
351604
544862
234277
27438
626284
265740
55269
706682
730003
185120
53567
410747
820994
373351
751644
532495
725572
362640
734542
547635
651729
364616
816102
658413
859061
862771
321443
79247
754832
573960
160900
552232
158134
558089
21375
717709
254134
645086
188426
158015
272888
9549
800918
131577
929152
414744
743259
104153
140175
199284
213518
807144
478760
813729
792688
177736
339440
46442
647040
655737
760815
334139
216145
680135
679219
276442
932406
873748
300307
287620
538073
698046
576785
405285
64683
4908
955353
292338
660725
72634
51302
869863
51598
511359
329028
347352
89317
157751
460784
491190
187326
727634
882011
703777
333882
364056
101645
194020
981710
109495
476263
784402
531478
722794
993729
772346
704578
910216
616497
859145
996782
824871
481453
275837
844176
422955
279112
151106
960331
165742
954840
841259
667488
77069
852025
631950
374148
343821
268394
379708
620364
349225
905812
971099
851716
182393
421291
795810
287968
299008
455789
495281
810954
419730
838280
97355
724058
656672
734296
760305
359204
359202
418702
427932
321450
11487
678700
549142
417074
269404
504364
891509
956467
812639
816385
736117
880489
843422
547957
604401
819848
549065
831665
613246
90188
444337
853723
564004
419119
527060
731098
930618
874932
122438
345717
742365
226017
960060
105753
23692
449290
212920
555321
917475
216455
517005
692048
909043
243399
189646
974210
865658
182014
13015
516512
962948
712826
555255
990922
404829
36371
686073
376239
878193
190849
794253
994224
10243
149704
569944
424291
572550
491854
350869
996340
777499
574797
260198
113765
833512
650467
957691
976949
984657
310662
241437
91039
354390
143254
831896
387769
850249
856395
874115
909181
754986
356749
352429
679333
995617
494563
397030
728879
727895
911555
427623
916992
651697
610247
767967
930597
987689
322753
762075
116916
206603
886949
933008
13841
114698
246245
43720
588365
42172
337818
862823
130024
846393
354525
509402
516983
743051
301750
678299
490785
839826
493868
225634
461571
718711
97787
740331
699892
452683
361380
936928
522146
208507
962206
222692
35675
962802
250218
147900
392872
816139
197572
494937
123923
102193
575221
59078
878474
130710
801030
313130
961308
4108
411855
980411
613344
536963
910765
480448
7477
748704
539154
401664
563491
725558
514357
468044
674464
167523
313835
635366
44335
506122
119438
563085
612515
906152
7833
954982
428098
878101
507670
311753
924996
307737
276846
769508
899259
639593
905888
618832
409676
133629
649037
194286
689819
182927
906287
53437
133125
25201
888682
754492
370374
88651
120123
73078
601852
178929
953997
57775
420291
266653
412330
419945
446462
101454
183182
231827
371383
150332
787607
289231
902494
720246
693465
224863
8110
715098
373519
110635
180013
300593
619884
870577
490770
800548
994575
927881
879360
72479
454420
875732
481777
864001
201991
308993
189102
786301
900147
875387
992442
965904
471705
948915
463567
539551
630524
533125
317568
288748
283033
740937
119357
274740
362932
415545
800053
161385
869774
610554
167062
259399
44979
745673
653232
575573
606575
909187
472695
430907
861729
199056
650919
443002
944615
552493
55874
4491
124473
700821
561589
729496
584914
768140
593497
854225
32776
908040
614100
469549
484925
124348
894880
101182
969838
555906
981348
52718
678504
275876
804798
451867
467099
370055
743778
200845
138311
984628
769628
770704
107859
997124
962673
852211
838908
313192
475108
836443
405610
465618
509972
670340
965663
29892
695618
444118
626120
524083
854065
879072
263350
631767
569254
706611
146214
264466
454159
879261
784572
846266
491328
932289
478799
547973
542488
946128
80989
546832
205698
654502
203871
969100
878807
664963
291960
706821
552737
908580
432903
869904
337147
858749
952475
392721
417428
67606
670726
965415
851410
143167
801162
467060
63827
712689
158897
140364
677710
814467
748473
682169
609624
859910
813803
751720
237379
606013
907212
647093
55329
675132
931757
124494
286630
402907
645021
500614
522219
958103
844479
271416
333263
446343
591990
689558
38968
908854
188220
214093
753591
848737
896082
726999
219786
470414
606354
907740
72826
986695
341152
168965
469413
313074
344319
301920
978966
403662
108224
576169
731024
271116
341204
531579
472106
172423
460931
461331
470292
961314
664566
488444
657079
494013
470574
410653
562491
121043
956055
27739
642274
847348
621111
933740
269265
654873
426817
223738
687
533417
212486
476975
130534
380743
372747
523683
7175
51542
939637
780640
200202
679434
883297
580110
531186
297964
425360
354240
372239
145706
928639
265945
240221
677592
697109
530332
132234
647623
650806
738384
655765
769920
33973
610060
314258
504030
766118
208164
404362
823365
647249
319216
834367
494466
125250
517685
754445
867201
860989
931763
961899
331173
52174
154379
773649
533896
459071
280842
230068
250383
746275
511830
599789
412136
246416
715059
610935
89763
511338
8627
980183
306602
129497
431288
47062
80350
743324
567527
730666
407376
489271
472747
326579
699737
822344
265379
517473
787351
996792
179369
532786
824900
603661
262144
89945
387252
896795
467353
211898
74155
463386
935554
142418
682200
197011
323372
122804
371506
897141
988887
387438
686958
221380
24924
984650
447898
873009
751767
661360
988761
870276
19119
88937
121276
891061
598019
363710
434041
339419
773810
546751
228874
547644
720199
580447
633956
857475
192064
410685
981074
102735
198521
517630
486638
883368
458426
36117
848316
651980
88217
840676
625571
557416
136397
24060
691593
292002
719441
116993
675466
168339
731889
74345
859604
341458
889781
252131
768225
1707
424487
949588
532498
332207
668353
796924
54181
251877
228152
23543
373203
925598
206623
138656
250825
559206
924666
744464
349440
745814
271392
241796
518587
759111
52427
452892
982493
453537
205696
738624
341988
396177
348501
6109
809798
26521
461540
128013
110310
635521
961291
944917
780979
370283
479836
7304
634782
518788
769256
212040
253621
275863
641443
532524
9121
874299
727540
510909
14648
632301
206556
748571
753664
945784
496512
234301
402945
690960
821716
726230
180166
260095
121254
970962
875312
313015
968581
692223
706806
579782
497420
522505
808828
532967
214158
717214
898831
263860
678559
113648
393467
704761
983421
251864
956745
550501
419034
362584
204633
723866
15111
917369
704727
232163
13118
543315
841885
75141
451340
59819
618021
274798
150937
71030
354025
312202
200213
424700
749337
361973
583681
412120
579192
277067
125272
599260
472660
428506
11864
469777
336736
540601
193136
389532
732528
855538
479943
562683
94032
628634
364582
928431
12480
136898
175940
341428
86032
203142
487725
25772
199700
625922
267406
856794
182533
651109
413023
853321
489972
484125
909357
690189
346411
316338
409731
862817
38498
329903
777076
859759
761499
175802
525960
736431
870043
808517
98817
28007
705413
795229
872073
861200
884884
258848
687929
142937
344692
666316
585672
941701
948350
109554
424014
638639
995407
24073
339060
925614
888515
998558
300859
403283
753491
655913
637029
328719
819401
422396
972163
166514
42843
565652
955100
311054
870828
221714
35383
567802
307867
659395
436742
734322
159813
31387
454063
617372
319006
575105
17143
321445
518503
43716
331789
758154
915788
593515
183409
47475
663070
898217
372223
466937
695208
256943
488220
414408
805808
47388
944380
57824
205452
832912
499213
361141
643677
107294
584515
255479
598317
869215
800193
173484
906401
920227
730209
182584
794843
455427
532704
843199
568750
191122
780841
400673
60414
388018
606908
101412
104756
427586
301051
771184
493660
741813
544401
872051
302555
749246
443647
733989
700304
849191
928645
855845
807749
498498
679145
138818
848786
284022
978918
369879
538062
710651
806324
907790
192627
418464
803440
622917
784461
732745
549929
919437
282719
319607
636614
751822
779347
584320
965527
476169
945627
948701
693430
253494
953320
364066
797914
795724
977990
839176
50040
936927
410834
855078
370581
695139
343641
850047
176557
141518
462543
239348
340601
451932
80553
375322
420001
744492
835159
938278
842558
70664
697057
93573
240650
185282
510365
859081
302887
526713
888074
630973
598600
961595
663117
232537
833280
834436
226565
595921
321253
807589
360141
675719
477985
704576
50509
662818
190101
467376
293757
556726
785961
979973
992056
96418
592948
150188
869433
247737
604421
399534
223412
232152
286220
925327
740755
834007
467816
951190
776331
836123
175374
709293
566491
89735
179666
780574
746977
937234
583126
432637
6937
985524
74380
514469
928626
88314
145769
269402
14927
558201
434600
46926
212951
710239
302071
699775
317497
122020
390658
131837
887231
460896
440923
693129
692750
551351
898499
313753
717880
67439
370072
342137
386430
835938
426778
722571
644389
860175
929371
584303
802995
228362
829379
241725
890310
790356
475325
311343
408786
842309
391554
421724
679989
196517
864064
640223
983929
177051
674278
709142
683173
266429
195599
142663
22144
127302
614408
931996
918115
659429
960192
550287
339514
748210
288715
689313
407959
490555
686931
787971
991858
914685
668059
623064
811265
671791
155249
515026
656560
858295
599728
537209
63870
599744
225519
99722
285172
96163
364362
141756
495297
59906
161738
821086
199991
138740
176628
524507
442012
135002
544555
313632
965166
14160
977282
69268
312695
748800
447906
418822
661768
959056
11796
503461
570709
840763
189997
468200
566189
17533
100307
777806
487124
672552
505647
745279
814974
74644
233841
91218
207466
323315
422266
883304
646809
616835
208299
313717
890602
827036
4808
931999
386644
684649
51976
55358
110655
87667
982523
665220
498623
492633
876696
135926
428078
863964
271330
251416
181028
680023
75639
426536
982294
696012
377845
945536
128648
415897
888137
278558
337008
280969
306389
944769
552105
837894
599101
80938
367504
112813
589199
203394
235455
781434
215565
155546
570468
995618
362264
347212
188157
484224
606074
27585
274674
303271
754959
963724
522254
620630
493969
154420
401307
452745
354047
809360
696218
926444
22122
695690
634908
55530
606492
864645
874304
568996
104101
11611
125002
23742
322627
491007
821851
665171
417389
224706
597203
606280
695676
899569
289472
494718
862391
989083
675137
843745
61049
849840
272251
879454
788993
702916
709047
847345
991190
896051
739927
325660
960213
521055
418163
234355
959640
159061
497941
289300
203909
451854
237069
147317
435952
713361
235889
555542
790446
478006
68724
697749
701815
422341
881249
860704
993655
593276
197237
464260
431537
348143
527575
519268
111696
236490
381173
691782
666252
219698
723004
2504
546677
123338
214963
401456
27808
753746
268789
783841
766443
247593
169609
946472
350701
103987
570272
658358
575615
152405
369834
362409
630434
337117
107541
552067
890572
1663
53859
953147
669650
568698
920294
619570
876083
276954
207259
747966
99198
680662
236257
527075
925217
569241
356372
481312
731984
530334
330570
556709
523022
254900
846314
838882
980891
129377
739620
418810
691962
612387
322000
496342
725406
989777
64871
648278
158065
503329
689624
139683
818560
179651
981704
60320
551429
500713
147561
689343
255570
459626
628725
333616
448216
651900
341000
994163
120850
437407
112280
89550
99089
971929
251346
734107
606628
309020
967889
810105
241955
543555
43901
793955
315289
340155
159422
160989
389067
392895
821980
511754
333097
772987
588661
739931
852432
494098
341082
201506
723642
766907
79174
744452
587267
319174
73339
3213
522392
839805
951867
881118
579070
623973
853728
294145
723132
341540
520280
406493
15335
921980
888641
119365
912456
348597
821085
719082
410155
299289
713458
79793
775367
877145
802113
118816
163205
500301
316576
492593
912943
507225
44278
78537
504822
590059
647059
549186
744928
90528
638314
67492
406284
839878
213612
175987
874467
937212
256641
428770
8029
204406
276581
522405
284141
645405
558685
281892
165066
764179
171733
597515
592411
844756
692952
381950
924287
613944
409195
163690
356598
395285
558406
76919
115887
962625
963824
137114
517166
166389
306358
551878
156249
211149
366535
778626
25312
789931
119855
395094
448776
666684
256942
376223
366418
670418
385333
171266
463180
897265
477308
764221
999795
509157
335811
176345
777667
713488
920355
267260
350
742274
796879
540314
252629
552576
851757
943884
456917
898855
46923
2105
316848
433323
427327
236400
866375
53432
887648
930136
153106
816825
205466
88959
430156
662006
111218
719886
990845
904088
896087
627230
295973
296456
978273
919139
186434
700470
592937
698758
63551
703158
656579
847441
735353
881732
272412
887620
956782
25768
838893
298820
582212
32884
560217
229747
21492
575659
946857
942875
176209
233724
490145
681923
680569
299563
143103
268900
343959
493649
835215
358709
27089
884538
68846
128803
358805
482348
690393
490909
326523
649607
448369
643467
932951
138376
904909
474014
725599
319783
779900
600642
849203
248737
241046
590641
249869
685328
834429
137441
339398
743541
143669
558109
489345
898392
628765
277874
326841
848135
732042
943487
169507
182522
613439
974832
648767
238039
296330
848132
651521
766352
104189
941257
248278
314410
273224
405354
262869
574105
763184
531807
761923
705991
172974
441218
625219
462516
90854
756674
287064
329784
939714
556848
565656
696675
526379
867063
922480
584837
970084
809705
489742
351817
285635
81076
929519
399740
538508
49587
802437
674156
667307
52192
131715
317739
45774
971112
242377
93619
726365
833303
902247
138083
955991
255538
820432
763048
315914
791332
264541
80887
207470
26832
784762
437878
573215
296005
683825
292986
550966
819728
167249
233323
560131
991530
774074
397252
48872
549330
322248
178743
29780
307830
322074
22701
725531
136587
733630
622379
145135
835068
474747
384720
103678
469822
85306
463611
809063
35714
67537
826313
134937
921668
416749
733884
724299
109825
33308
159287
872722
400645
924021
643557
962594
348386
851812
961786
352099
647741
146838
872081
860463
966850
144765
399413
4902
942711
746688
212540
834159
17070
543043
916748
182795
627988
810958
203201
193047
276007
339292
497575
815902
366661
677123
253666
763608
728351
938362
506093
65156
609996
387468
156223
449821
621498
80472
817993
493947
992639
741634
354716
913225
40526
847290
583528
909535
150341
919655
104032
558780
915362
581103
842873
853025
751958
538598
898320
263820
108338
934992
454059
939728
244478
769428
887832
313486
830824
804160
82417
528402
226330
606899
136449
633228
238564
519339
847169
796968
838040
528300
389691
654541
808117
431433
625616
314799
160827
138962
23509
382290
268318
699802
828567
144092
207125
663331
523327
147924
641873
362088
465233
996477
586187
914695
828686
141193
661558
41354
637626
289468
320788
795089
269688
13727
79141
363613
313937
366108
968313
523771
629203
479421
417255
842059
184662
358972
496918
205100
705754
609606
662584
244613
852236
105297
968087
847219
773991
822934
779336
687690
453367
728365
363132
655690
460345
366213
669620
717536
121695
547196
167381
287445
768816
472993
936529
514839
120843
437123
920965
803042
156363
853429
378594
258827
393094
605090
184322
746921
773936
550023
836508
954720
160350
717777
114003
930059
793060
330963
967144
909125
710111
792739
432144
233621
743630
327954
651809
593908
219419
554567
47590
988987
820536
73144
466641
350254
271205
296772
562576
900703
591437
73327
574456
829568
476496
532858
329630
840457
725788
595998
819653
656002
722932
252389
8177
976813
799443
694502
538714
697236
59625
667611
938300
682346
212996
949088
75339
311649
177994
924490
177476
234439
629987
697378
323423
541469
628787
508541
631777
68023
663109
327545
838605
928457
602627
301782
818874
325331
387361
83438
571392
329131
856026
10578
629388
347300
246291
326851
488083
218840
684443
416970
136420
659671
858644
519540
43029
21228
630443
536110
451935
769608
310338
648313
569670
367566
854576
289609
431600
416186
541278
640768
874072
995823
71570
703106
294298
46555
447880
574324
753326
524745
702588
382998
726898
912386
12037
400955
20319
72225
828827
991201
559902
714930
287161
279537
854515
428614
624989
409748
239895
402326
368557
296047
564580
994706
976052
725181
639274
257413
922121
686024
246047
429478
164368
53828
36338
142077
807194
182152
777856
216815
8040
736938
565728
769513
193549
154037
641881
991653
596017
472969
440051
989980
977521
771600
449898
462472
538980
223768
528831
747924
537337
229330
131178
424995
52092
414310
302634
280314
500791
917873
24892
574411
729525
107548
751338
14303
33314
356570
957050
213727
874446
58430
321864
77374
99920
285622
799214
358534
6215
219880
746399
731710
890492
325415
339987
599478
580835
846354
933404
290415
659457
421961
655064
545769
390887
516173
195647
276489
122652
486131
386012
848231
99481
277317
771993
80050
830061
599797
550771
92864
843713
843455
631948
337590
627766
119258
383007
214353
568938
961114
641486
712974
41562
962277
663255
594364
261089
395983
745701
296988
160095
796501
619907
289586
929653
883571
124203
4715
764588
473378
145276
991018
979509
739762
240331
652209
346507
284351
192272
877544
705716
296339
732801
478029
692071
618520
749245
703161
462792
347256
895774
694667
977679
275091
30513
535987
461382
865948
254914
693341
357041
716497
662288
50743
249287
618069
409311
430305
467551
402027
832813
54768
360102
398673
124924
660255
828749
724663
454990
961171
865663
715866
963439
214410
453520
16386
436844
40991
928561
34324
960225
201340
385631
748052
615856
503068
820061
971835
381006
377979
656214
957233
694391
726109
253796
738408
354498
402680
876014
235924
152207
890816
861419
730570
75484
124749
393030
82740
706551
836010
301082
505583
610958
476796
825116
785537
700322
566861
170264
875770
751258
103604
730004
790694
3444
929699
257105
812972
962518
299789
642991
16838
818307
839666
598896
71709
32553
62856
865877
45312
195606
959879
746148
249153
89163
690129
413643
23084
31849
204093
80670
568869
554184
707135
147709
938589
44199
738101
598353
860848
835773
465488
747317
955742
760750
596637
100849
129509
49049
930991
315361
110455
441038
970027
374068
917661
35357
152240
368976
892392
823753
839649
828883
467151
674652
4368
854389
608490
954708
736264
32457
117066
795323
27767
863010
614835
227860
170678
389842
562999
273649
658551
574478
409904
724642
499082
977645
384409
762760
144716
472655
828233
172039
696300
583963
60494
297817
324187
871264
608226
748416
612048
37533
97356
886420
857269
887068
353814
288186
695793
397752
162982
152373
760851
948736
778300
922454
409431
474292
435143
162127
207705
917996
698596
307430
225043
815320
788212
333765
522516
627042
649368
623214
921280
3376
103756
653835
755262
609989
178397
727139
531266
917063
917512
703081
952823
813211
858033
127087
607688
309036
748413
142776
307147
624139
641292
761386
307210
803633
151574
264738
20208
615903
816225
750754
194317
349862
693468
798501
195654
370435
775003
728531
488220
368482
348720
50768
337431
570691
560610
202991
358990
691066
30221
515141
106838
215824
565206
645784
395333
2504
386824
418421
155745
731516
876752
484064
184426
153572
820113
786854
238977
533944
237605
377167
284084
610350
764722
325232
34535
58653
404388
951068
326624
693058
371852
605754
407278
469215
156117
330226
294967
763777
891486
409090
849309
411355
209913
45421
326861
769742
454592
227026
902308
86602
398990
207962
574333
48014
521249
499403
770011
702859
274250
787962
144176
667687
794702
182941
820168
939805
965405
716670
303509
750081
211180
259532
326935
136929
607665
567116
503271
929735
394683
877612
668449
569116
468651
445304
212140
235943
845522
844774
101544
734258
377769
132811
33138
43277
600039
500465
224150
121772
3331
944384
604434
260075
197958
272600
574275
417266
660683
161537
984111
284788
586967
808826
516462
478673
693327
190830
118005
877916
218906
523716
539264
636150
786836
563413
632924
51097
742251
946233
678222
625905
382490
45050
985827
659172
376320
99882
654229
906291
18716
860497
578263
523384
121127
196222
91454
142031
873230
563070
893644
738194
609227
733483
237657
138300
175775
425115
359968
151919
621486
96378
312611
85200
145719
806194
847036
402832
800878
494598
597570
487110
849143
518462
477012
353144
122113
266813
363013
540025
319165
556590
496804
499820
490810
921693
98662
408614
14111
594658
848434
975986
932484
341688
160969
399150
431597
806763
398801
518162
768867
908784
412156
293969
973937
134094
17817
56343
27256
459514
873847
86963
312495
336642
111281
501199
132411
684319
544155
340826
570279
147693
83528
544006
801984
599286
871925
901933
373456
791850
798677
161742
507957
160235
214201
897334
884700
619333
331739
975354
81375
188923
124232
328737
358841
514940
790441
419806
542050
120693
601516
556090
337292
344768
34644
838032
596792
949497
525465
673074
466805
252273
930876
766570
39030
394684
543532
328538
821647
19494
590542
22661
765900
241666
899501
112166
493678
599330
517950
415934
425027
936418
174926
435180
236641
808415
432074
784180
955006
423366
648811
353762
23087
245190
605052
134407
341307
699495
735497
267554
247003
664564
653798
153499
27729
390548
766041
254824
414370
522679
721893
609106
635314
454252
695155
348242
858618
214927
625311
487125
36968
682654
886173
687391
91859
34029
915847
248075
914456
594352
476868
135728
996823
673398
184854
281312
860356
157621
641151
6218
664106
312960
689745
14527
672834
438293
824273
595026
284652
79122
101255
490904
933960
366856
547877
885902
116468
805928
21394
832922
675746
977242
483793
835306
598292
36269
846675
737593
652023
598825
818837
238384
93209
907967
338615
910313
125065
309794
636955
313742
109578
21103
502262
226080
427443
881735
35382
400212
927334
855677
533520
350807
450411
561899
298341
779443
10728
17631
770320
723593
435199
982835
716623
264318
372356
111226
566219
181107
768985
529110
405765
165804
529577
224103
336799
417810
677117
724062
309189
934675
436030
396207
425014
194215
51784
835941
690739
732526
401254
104527
234114
593845
968496
360664
78303
869464
364926
529013
244544
379905
584648
114551
215875
636366
48284
276224
222647
294737
488442
346002
748996
316593
314127
573955
966840
116653
634508
346957
794670
359233
860515
209793
615453
425889
621790
62172
250554
134562
485852
877490
376011
995192
298280
229255
765514
430874
797623
785021
273650
726082
476286
621095
442280
191504
791086
339707
215113
641166
539405
91046
233804
67535
120370
519034
487892
192880
126493
566979
628053
275328
337840
140151
23136
919932
33230
257803
93964
520115
476815
375970
568067
610504
95453
170016
446886
606230
436910
524317
560734
541614
378718
294710
465024
593147
277032
625085
990876
738759
63616
753232
557987
953366
79377
611719
720818
896944
326926
696135
750015
412093
422455
816628
211423
258568
828970
418755
514737
737830
449379
639085
181611
851120
809234
233791
760063
845227
32536
724494
959209
36169
929565
651592
314968
473096
808464
308710
694838
911417
870140
334974
600534
359835
296772
204533
997305
477926
145147
210
207805
673827
220386
946413
270115
426936
833215
347654
273019
107970
327190
552434
677998
599771
645383
995311
280616
966267
292611
233753
693792
43450
95916
354678
46789
475891
841545
248107
179014
168453
514275
855506
442494
403763
628862
738787
548667
526123
819895
135695
746282
339940
104823
994091
430048
600544
839953
759177
997319
560593
779966
71971
947363
104216
359986
746289
782784
233704
250202
29530
871866
620105
390325
195078
106153
567673
227276
18834
560551
3052
152911
603805
884094
862004
919950
467199
348595
331709
125712
10906
426665
405167
993172
159368
352500
346614
134370
513204
543099
810270
801804
893317
984585
837079
572422
610420
971184
226584
638367
158782
183450
935968
81947
591285
815469
790168
677743
268466
219098
342933
853977
300453
761923
778105
851545
14093
269575
443193
276111
780802
876395
913785
851570
365936
781350
81043
629418
725470
99529
775478
812748
59116
598089
973483
69488
778524
708394
177139
699567
403718
397066
278989
706174
747311
699912
985556
277858
910773
513743
87620
662031
752097
424770
321757
181409
652063
587398
826208
187894
737033
224614
682038
143910
417439
865127
946608
538016
764435
22442
964201
503074
832897
60471
968456
84820
829244
946795
441058
864258
763012
988993
248956
94836
440531
679734
583982
321452
645526
478108
64290
734204
142009
41917
309372
215169
333019
375402
913300
916095
119009
847263
772638
293403
100646
545492
314987
889455
705488
183267
372744
942925
918142
484688
631236
928084
314205
760378
821520
551720
98650
791517
21310
410769
451762
476993
688428
51186
505189
653699
821370
215715
407496
461246
211126
234350
479866
565910
791449
510563
306799
100129
325355
130328
292840
147506
785857
511553
233603
249922
141479
940199
724526
879037
577112
613832
798967
345767
407082
517772
898239
708841
571207
908511
607950
910652
735253
430639
984512
417713
252983
790212
607132
540442
322797
759863
871941
83160
880215
904528
751689
407298
729559
642816
523095
424879
292947
814391
825933
443233
677849
611811
483824
547982
409438
751495
598517
808908
637471
690163
411708
812632
32809
782437
818780
744771
760115
820796
129881
731641
184553
827733
289266
18863
591108
625348
458391
872872
978260
17073
399992
736997
293343
481228
802681
557351
493476
944366
521730
738146
229432
448270
154994
402560
95314
767772
579827
506766
923298
171133
298984
176007
182363
883172
58243
723259
937234
196298
359604
840220
963646
474889
414140
243941
374815
884123
734688
47208
852412
301737
734904
707378
965444
537427
144998
580060
119062
714684
483300
111729
303900
871246
462263
388215
817234
659793
925568
263836
637669
478051
369521
932991
396662
172757
610973
109847
8445
730786
604583
277700
67851
658829
23068
409136
143848
635286
593949
453410
153434
446104
49589
669151
25159
307778
623881
408509
526770
394480
541421
377733
351393
656293
838803
737860
694751
337959
40926
437550
92957
195703
365205
518128
900148
357484
12467
434641
33158
910955
220442
163139
656130
350981
7848
613772
579270
242093
538722
847372
863902
616980
924430
481706
854826
716771
931165
313695
53726
399253
831236
670879
140388
363374
763563
717919
954716
932955
879294
738375
157891
62247
408866
725942
104305
121048
602434
247788
159804
426980
35975
968217
741754
997331
696678
223551
433316
345842
190739
957510
146071
940209
752723
374300
288180
895066
551727
563846
908198
881006
128196
642952
329283
322206
783672
318189
470220
647075
790087
353460
207183
468026
69115
896407
494828
333823
906554
568633
953844
449189
140473
855787
391149
3088
515534
953882
264434
360207
33380
247065
323767
207545
280456
577031
580971
118243
267360
635869
852278
522107
716858
781462
294561
736900
808962
637947
432917
70510
919630
333770
1020
317969
104340
559234
702660
550470
411771
839374
531778
457890
367758
616396
928179
895056
50189
804472
718749
955274
553310
981561
388820
442548
249313
854920
932440
660117
881377
577337
244060
791730
930085
903400
792417
831369
864359
342913
135041
597543
719772
156651
933448
452070
562098
525074
27005
282375
946584
984655
709886
82280
415158
722167
810953
994210
818174
3901
426263
994305
844250
268740
373858
795232
540165
713222
91784
339297
123190
873434
327240
665671
808118
697765
419880
529584
319571
47391
865273
328561
945901
625921
268275
382864
692653
761096
408954
205400
218134
797353
652738
411549
547507
353489
319246
609613
960176
948823
836179
97838
285189
245185
263676
292153
164813
512176
408327
822803
477621
339753
126284
306468
40463
853824
860894
467478
885126
962979
23242
484972
752812
270912
176572
652988
830512
574676
284161
623051
276523
11794
891816
450243
461273
839980
28801
861267
60772
311936
706631
355107
850844
18786
441242
347699
242948
236034
230244
604111
3206
527418
899870
327409
884934
37687
998507
992499
749651
114305
815074
172718
791226
397032
425705
429877
472117
653837
231676
687719
73089
367242
390157
683701
762381
602111
357190
900913
114830
274874
985258
752526
642607
413378
701401
951930
133542
793024
578354
719573
979810
347659
896531
647372
560288
526862
955067
206807
977053
250968
522257
94347
406118
863104
471806
465244
750923
851699
28341
557875
266482
923804
610066
18728
570887
679918
898656
192284
607249
53201
5685
481334
746016
567398
797624
181432
840035
610809
979843
341885
535894
832066
679587
938449
425176
197336
976124
202477
646106
408819
783946
374605
250612
902364
573954
565808
216145
263091
605271
706092
104651
255389
380120
578347
961682
543112
25654
747782
797701
109340
325668
564348
345507
897087
373463
197775
955355
641541
610285
397307
303167
168051
354153
462163
9111
518702
408220
206651
668690
349061
22049
114748
14295
189656
921023
701319
962426
17891
645169
456521
711755
543403
37249
226087
7432
473283
981648
390679
21874
74235
133491
884890
673277
910182
586872
556186
713248
159751
335174
642331
519245
150680
291426
913825
298171
275894
705038
621599
897438
687532
409868
154327
338360
973338
531264
763091
323081
552193
498803
506878
159330
44270
127028
639583
984088
870401
659096
921459
157267
387097
864035
127655
177414
567711
216447
215919
562169
460203
198441
191750
134658
953238
456107
262466
251218
823581
201539
964371
701739
895662
631779
419544
129775
840979
462738
696477
354068
434552
8176
300661
963572
765914
938966
200625
641153
544846
265948
296698
438998
799596
966388
881680
454312
771414
907379
431775
478363
376744
447280
535483
79793
312446
953925
677177
824157
25436
368371
577513
935286
188926
77666
969203
472135
136061
570373
708237
713795
666203
215324
587862
927254
953579
980755
788370
739926
662496
229704
919939
948824
64432
957354
763872
387359
107620
114940
874932
154352
837631
380665
767766
522689
228936
299474
63169
408783
714358
985619
190543
573967
865848
524451
375191
108348
847710
850154
886815
777807
398631
243277
302080
817997
74599
32084
184469
722362
937173
756909
373023
383275
548399
673290
761721
757241
854026
505061
431602
623249
188090
877475
266700
858473
636441
63766
427152
786893
858488
935965
369036
331991
464864
368679
838251
151933
592131
775572
510639
843077
678788
485884
561869
60051
367136
141704
708772
148387
357943
474814
180124
253265
541563
943067
477399
163477
510516
413977
361303
992589
588461
521360
936876
164147
904831
398521
305048
392238
839607
998477
565377
917188
864422
418828
990673
524076
130758
346521
14254
821185
336068
883778
967825
343955
906607
782174
776453
993240
817851
481231
973950
954624
228081
382695
306772
779878
136183
634471
353306
245282
12919
769315
896095
785531
194479
982337
42753
366970
613845
762848
56040
533722
571749
483669
668454
507739
113416
889808
766185
578101
199138
882141
242203
937578
409657
766727
380887
767156
732285
663
878983
802974
173688
676218
455070
220719
777299
25088
56047
398016
70978
404481
954792
870127
374285
197594
46511
457772
363452
589909
647384
238129
101407
964390
838336
451726
680759
933714
244681
279394
461060
6123
501874
120550
265452
57334
447121
765859
803077
410989
826864
214660
432959
270431
878018
834694
561329
254837
248576
549195
569982
645073
527525
550606
356772
662607
316546
422961
633249
491885
569214
110643
871874
167239
861294
91325
504905
523451
242957
280731
943098
442411
173272
858248
316994
970080
914121
490785
376581
983627
662381
808380
206210
578472
247332
128594
710245
957116
746613
318871
422826
395901
970700
399083
721321
828304
183121
614952
380546
580076
427045
257372
314213
986142
881723
747793
494526
948647
963921
33543
51900
62208
852746
388227
886461
868030
212778
105216
718296
749711
118061
456452
944198
638564
323844
471694
914349
474793
212845
160747
673547
796463
525614
39336
488763
207403
196973
444258
820199
727768
202159
972793
755659
748023
54571
27811
134817
336439
778122
261725
243631
760559
609470
11259
174761
639239
417980
800865
669827
862967
674711
206282
308056
786663
156602
777669
684208
941174
113474
758273
716593
779095
654582
684349
283621
343189
4324
970785
108836
348023
438169
475755
837086
809406
660988
175490
363207
390923
181447
134887
783199
125853
809443
907529
936285
155769
88672
708791
481847
573474
889934
459440
793041
962056
697851
555158
554304
507261
714120
790017
576121
717794
218730
682544
199386
830496
977403
952091
517461
722258
699706
93220
211701
760960
438053
226027
385742
192775
107698
816256
241606
141716
169125
943540
314553
947471
773136
594952
363213
322644
518893
769095
558548
394652
392657
639984
497303
977466
138190
65099
286597
350914
670888
99164
76792
176132
973425
803957
161376
692150
759620
167270
980494
461359
935322
50384
223071
917904
957132
543640
6979
592829
295077
222775
451369
954889
877731
337453
726985
592752
367051
120469
527629
19197
949414
744596
87261
371852
990683
296235
940678
325802
998890
665773
463494
922584
593347
774154
943414
573999
295809
928841
35540
573149
141702
727124
457132
869837
345651
44973
546147
881445
843012
334079
364384
486441
265415
492111
928599
377917
876151
385105
541939
274567
615161
127447
372576
345971
754418
640740
839666
999312
995587
782687
972341
934359
461922
935779
461778
354892
594646
202355
22618
351549
523854
928459
349490
119976
581279
194769
909532
375610
420633
284459
16286
442801
663684
91434
975568
475490
372540
977571
390855
863831
893606
596191
195290
446160
957902
175080
290957
803370
247647
268804
949858
827870
707326
260222
700216
630304
820227
84063
221981
796263
458580
508412
114744
801676
575840
921257
102092
530508
293365
301387
17066
387880
170943
547339
687606
540716
477086
239783
245011
154572
550562
445218
627886
912169
973862
485404
604708
182835
904966
575484
458193
399657
516990
998793
748278
831933
855136
387736
972166
460499
415218
696608
141197
710119
959394
515817
982141
726925
804518
967651
177687
748564
496116
520467
433203
533316
965211
955496
20332
588423
430013
960556
126826
230692
542889
98646
149901
291558
387929
344892
364594
677019
615429
795301
901158
15928
707553
240637
8293
139418
790202
367458
337165
376807
145896
361435
730212
780179
962801
765864
189570
157887
62331
465524
40669
941435
575147
884647
800815
304940
888670
371480
605318
70153
321538
649632
163112
553535
858707
846153
99680
970997
971566
205734
70953
74218
310675
657852
310006
988025
851068
420382
98972
896959
542932
712854
121565
187667
945814
731071
509586
424116
443523
636336
26356
371393
913215
787667
537991
926881
320713
543699
388067
268738
465557
499763
71072
623423
232712
761852
203357
460507
847823
164815
524845
267114
933149
483992
593311
710927
138367
461603
451561
593248
188509
147592
81200
448166
89167
128962
797175
694464
731353
54430
972513
384615
839493
600143
286884
545739
240796
331358
733645
59613
619584
501822
185513
737766
10921
433982
206231
593172
913850
536471
714152
372629
536959
28912
912092
842758
665267
324140
441153
548375
887663
827599
306117
898704
146876
861867
542707
54434
100902
616953
947553
745698
825649
996677
518806
846348
689098
169849
745990
224731
311071
900483
229432
155966
294922
791014
11720
657335
870184
318106
443401
451349
758664
486881
804930
805772
935168
934248
973401
799150
776409
465621
516750
952968
754794
720755
404638
43611
167426
215352
408904
945718
42495
75375
538923
426733
225659
180870
67918
342968
939366
295286
872826
19178
796527
145290
269378
600203
981788
781711
880419
801749
704570
986135
733382
215432
2606
948265
511138
227562
495017
882504
13054
261470
254970
482270
652436
39456
504701
665606
62929
289115
276017
531443
174969
686695
571368
340544
453032
180514
723159
829972
986227
645738
731597
802481
923757
722740
625729
891418
993286
33164
95940
838239
603021
969385
402261
20742
192149
817388
185235
689816
223030
646133
806925
449221
888299
107746
199029
667956
5209
104997
512116
619883
754543
875905
156695
104664
621416
615585
646950
477050
139373
535829
812501
99567
395096
955626
503444
331418
314516
479204
410049
597232
402016
471770
543805
561248
703794
666543
330524
8861
139640
371240
311798
573001
389369
93871
940315
504447
373403
622435
88611
768125
60349
602842
732066
91948
89924
971764
944827
935822
429428
212317
256652
728643
327476
871902
360711
194488
415732
460896
898848
792429
863018
981631
73762
715680
931767
604679
137949
552731
960105
496014
962170
135511
624921
652974
609455
161036
386997
650077
222541
271062
110040
151786
998966
503301
713301
40853
696621
254017
145747
917388
37958
385560
727250
36670
411324
685286
261580
487070
392481
594976
188726
252982
570224
470909
636965
820837
430526
599745
959182
368503
80207
812135
589158
153823
527429
774698
234984
845011
892339
898864
392693
878404
242768
869012
592533
97913
826312
243982
811355
247495
717484
706497
133031
311471
313736
921121
29766
627540
989589
834367
407092
321559
841989
187187
609793
573009
767420
6309
338448
240620
903519
708216
2940
321118
381188
974291
44950
562372
910921
525580
505354
897815
469888
514867
364960
948173
295368
114425
564190
507022
287863
838588
59018
891857
206131
765936
986188
752339
157984
885227
977074
816628
746099
694284
802958
64686
332710
504905
210426
273842
455812
822677
508860
518625
901028
69482
116164
6115
977074
718968
961938
773288
880360
706538
267060
743929
364701
273745
329709
967930
259700
239407
18738
655358
252469
870946
250446
76679
995384
303916
739557
825561
115069
106843
751637
828025
27865
114585
529528
85511
19339
264338
862854
57781
913005
224829
32472
767715
354886
460618
452487
701017
841084
778343
842675
671072
43687
669038
715039
800445
853952
738542
737850
321803
428344
56404
98169
301428
82597
958517
742495
436235
305495
197051
929886
122249
304393
963371
159895
711651
481779
148687
739710
364612
61436
268164
377433
527980
877837
874722
744871
48997
596225
312835
350493
543389
883512
333618
70027
649637
249739
99250
642142
267973
82266
493544
229054
141753
36032
38118
708120
730829
292840
432724
428598
161232
230329
915709
910409
323576
665389
479923
577161
952530
127103
601184
743475
990371
950979
885803
371633
946080
948879
126019
903000
794695
769047
310859
240715
363161
489111
523426
453372
944884
140201
259150
208851
173264
81782
736068
371175
433174
409737
892310
987497
439768
630847
571513
353696
812273
27675
495858
197070
46906
470326
279133
696626
278566
432467
743898
629479
750139
85969
699861
779946
74478
425465
674415
762488
904537
174135
227214
320982
636123
749350
286270
481258
838348
161796
516738
888263
197275
450821
840379
889350
241991
156419
736820
683919
226422
864274
554952
96375
3637
781874
75504
870788
603853
817886
321069
272331
54526
255553
897294
546874
821467
941448
182623
823730
910913
636178
408622
141836
67189
290564
280827
53693
682458
353978
723771
679188
36619
906264
75209
153184
568859
508670
86122
521646
374822
671386
250363
26479
423636
820631
33593
616697
138794
479987
620269
781540
42956
450478
572466
693973
780435
343198
194980
448407
424647
977823
699559
211428
961977
829480
693009
815492
17728
468730
438005
91661
870350
898609
949837
351176
756782
599933
585795
783988
983260
155178
687388
431716
480832
500890
391746
711939
526345
935957
41452
68152
414114
845431
852396
528420
843220
960456
252436
766984
352440
151849
31558
724676
282391
625577
654743
25210
463328
175223
29280
272017
687429
230962
546465
2198
8946
763933
726033
797052
956394
219822
931782
972100
955264
171717
836285
112504
805680
361722
718535
540561
815320
13135
272849
125240
851094
237956
841742
826474
209919
142090
989891
293236
334712
514959
884270
796318
389685
245432
162644
354724
794188
470125
484646
500703
702773
187789
231759
802691
562976
792067
752861
974465
521651
259376
253321
88973
504607
658888
104548
370746
807902
398265
848736
676800
410443
677189
273913
746848
595357
203249
367102
40734
264129
842453
154944
139245
171348
985236
570134
617769
912890
139302
973897
365118
115166
649233
350179
169382
737542
181943
179151
886415
588113
815816
428589
518938
574544
781399
576309
955904
319231
509450
143429
698511
47903
38252
328648
639186
87409
615197
408389
414671
611280
747241
644161
796842
795563
114485
276690
484583
790047
372117
736514
314125
4845
653499
921948
55846
624669
195979
122902
413474
925742
286218
200794
921691
896120
589236
376179
15219
455328
733100
287697
666073
52664
666126
140280
717355
205169
813344
455051
791285
549181
521960
521073
407768
727173
151
769890
10374
777156
782883
35920
185450
450879
426482
244468
107684
480353
855282
602355
702002
367478
563589
128109
589610
361540
215514
268003
657444
498306
906711
2690
51508
267254
855602
609552
29588
475822
180255
233522
161249
523994
720868
329879
780284
205252
675720
2053
5713
802222
288297
56766
4852
561543
960173
252174
879975
675913
117777
294772
196408
975474
446365
812203
946439
67868
640760
48276
93798
380091
772312
497985
484185
323955
802961
52512
17852
910996
565775
730626
952068
712051
376863
109895
840925
721638
686951
230248
276275
456027
813238
925345
137101
482005
404342
891897
235859
621765
983230
127151
671600
14913
269252
920003
868370
869731
851888
305054
11534
826881
40651
888094
18081
246212
307798
184002
192594
493991
409527
289327
346739
370830
444046
576733
795910
985984
265191
349025
31995
257539
725576
581207
581207
441619
671785
906091
986609
189246
60675
752900
685207
603487
450689
670990
779917
426869
922963
504483
884021
795487
293538
641686
912458
889526
470622
850907
116806
240775
275762
404694
115172
660395
413849
814334
884544
59653
207434
803502
708122
872024
967567
113736
952505
414018
591540
781894
66476
265945
680410
620447
37227
222305
894123
377042
368349
221927
440487
470353
416691
790332
806941
313101
516721
522129
303094
632346
770829
847532
629676
905472
214064
97029
323416
456157
365593
945983
209640
579642
845473
525830
139695
945768
949465
464001
103958
176406
577743
611060
422384
993139
307632
444662
921964
247034
176391
779145
78051
998239
216035
963803
511953
214484
655703
203800
142433
90232
426203
184874
101537
361053
538576
422670
902485
905844
486561
654164
941287
654871
49733
490931
109116
794611
864865
163462
893153
858768
317961
318055
30884
747711
225447
155495
154495
992799
417204
679527
161776
268555
882532
927894
999844
123555
991071
119111
913809
948214
28393
177453
880163
591497
951778
865718
520270
410375
553449
893570
23362
134276
964764
785663
470461
843247
786683
108323
35066
783572
470123
140356
935431
511948
270166
220503
765620
361218
419631
421251
382119
315490
413971
125793
955277
173663
176139
717651
439083
178593
171758
232830
964882
824714
722468
219365
39601
170212
824069
669795
323460
702889
430623
761349
820587
131182
242647
523009
236565
21548
949222
872599
543643
812972
824197
531075
539817
193935
274276
505500
449175
243575
717139
276685
212246
909590
54596
43565
361989
740689
477927
817852
456291
555216
642997
184316
147359
406052
858633
669161
930700
234070
128104
281175
980144
920328
409505
247016
218043
228682
92240
724454
90965
309628
752060
480515
739664
62363
407072
690282
47997
988394
287111
182273
775514
932349
867792
292542
248297
673061
527889
620195
856796
912243
31960
192663
846380
734443
77197
771043
10760
252871
77811
105669
814187
272548
659725
900916
230598
369741
374557
134834
415709
602147
343624
246215
227246
972261
578005
594207
253003
645282
430228
141698
696649
643512
444251
633195
618257
419847
121772
551816
630099
334712
419442
844493
402907
634084
949226
34485
902908
86114
683103
506647
348840
639728
637901
35105
575265
650492
441639
956339
128074
549648
175028
112410
257623
674713
560276
379943
685284
392210
145761
720428
21793
701074
824241
501074
163946
277678
868407
708506
507892
707084
83785
229614
575523
540037
539708
583779
256569
764150
281515
783950
965802
816548
319255
239488
969995
996297
153000
50399
143592
976703
692754
536162
518516
301000
611411
798824
784027
445432
98968
961590
441268
561791
258879
204875
731154
186711
469688
923682
267962
415750
286852
745924
714414
37776
707808
569223
367144
907453
393403
588646
786083
897538
621858
477950
764370
870799
444732
742435
237748
239860
791985
714589
478975
658929
573607
941378
907513
902744
575716
652081
80230
673313
185751
462440
444508
123978
574258
240707
708658
647337
714352
701138
711383
726032
325172
664853
701374
980891
413202
117399
495095
745112
718374
915108
592217
666004
258658
761575
240668
78334
698022
250277
616067
795706
669448
928464
638774
83269
176499
133065
324654
990848
132779
656757
424265
610779
137646
536699
425213
486111
685302
760023
730729
542167
112604
250270
420039
76892
536406
20302
795838
147964
855457
885713
837332
601543
744762
323919
50625
97461
414789
239276
266526
557687
648081
938277
842300
933657
557235
634818
4882
55888
642255
692601
816462
588774
762165
522399
919244
930879
628839
849739
262116
749766
504185
832265
363358
272505
952785
298296
4353
670415
148238
868161
195273
922434
778693
388916
179510
862396
206503
839168
138881
558818
421374
94479
380906
362551
822998
207420
541036
399855
290936
917554
42258
685073
252114
636066
149539
561863
384946
576544
845945
623045
42737
703771
961776
954260
495020
144887
30585
247226
22766
91081
4238
559816
487466
621934
54208
270720
717155
290632
519596
796192
545902
194775
119628
609295
378447
768687
196969
790243
114369
366427
835438
611405
470162
496719
39129
55778
806890
612098
717642
930438
320492
605104
196798
155319
745140
433130
927125
68275
338177
572632
498063
481479
593004
253197
287509
490294
907094
960453
904116
148482
424609
727422
575460
975066
971733
325487
581510
82463
329122
98025
674029
981780
984133
148233
897044
921059
515651
856215
482605
346566
953170
899775
906713
163224
466327
121578
351795
347129
870730
53815
384134
951255
970038
453659
495775
690336
419805
907922
818750
677569
501625
167616
803238
117849
16860
644713
774356
132479
54649
951817
454284
513964
765435
315730
874766
739591
218963
605952
369000
174540
546959
151322
875173
165079
733606
852999
423075
104723
547600
351881
691906
156794
656786
556251
809464
792583
317847
913635
469634
744896
614330
849492
543029
559513
173793
686628
861683
303175
341763
136036
570233
696867
728521
185537
796180
338038
367186
72853
977843
194471
759121
668651
210072
37374
839506
774030
954217
439060
233690
379276
398115
64537
366635
109388
576750
79746
757862
214601
822091
339981
452811
722922
934953
856754
24092
750848
699479
320232
911073
773083
769044
315920
405124
627401
982787
437058
539932
848876
849979
669811
854727
201655
97850
81216
870831
530821
560953
670233
992752
294102
122906
571085
443472
279334
90942
35181
520172
938988
417907
902304
765236
312940
899530
767363
143053
339705
735303
182906
48021
728267
581810
406424
118211
961592
414731
688103
114731
313107
107162
678420
75233
518238
830564
505850
993270
600236
642042
522633
342750
371032
755883
728338
719602
448603
654809
942835
410192
734158
254185
789978
269856
787069
29524
287799
107314
282340
684123
948674
773251
48841
784791
124966
61087
864373
12078
572425
188512
353168
338466
819705
547348
331224
629763
126836
588924
897598
600645
747347
431729
695645
864812
666197
682146
543064
903331
556740
673336
554766
781741
701702
302234
454972
916275
666243
630284
997040
660923
476141
215410
950950
995001
574384
39667
450113
464704
732408
972089
446503
314961
218522
825684
741881
986388
121696
264830
962222
431012
257908
802809
951947
752901
344231
700565
583489
713905
110879
32526
880931
832975
684251
385873
146690
382597
963236
144735
71270
909988
541907
583307
376492
12226
762489
291805
233783
957222
186094
506457
906260
889371
881401
242393
645422
663847
887193
9431
769898
343574
10158
340487
896736
276463
105863
721441
962103
769736
513033
402876
749084
359925
695864
740438
595679
900252
661605
380976
606762
682788
681204
969430
366174
205452
317705
868669
408971
613208
607247
512580
897804
428325
933284
301661
783422
755614
414565
255429
821787
568007
562513
334319
299318
342263
243420
457919
442133
331363
261843
799537
233958
488660
68966
346266
543712
951099
192855
930183
162423
998235
651134
771842
630203
897060
489462
948851
181454
64544
17192
442274
537152
78406
680945
561434
497097
130412
116211
533289
193698
202330
752117
343173
761344
116346
685624
75721
980462
792811
743895
321820
648262
359412
589081
749170
793355
273045
394583
325612
388006
473210
214340
866843
914555
727369
14238
899618
327656
190490
118448
434553
830234
697734
401281
849358
525707
251032
103965
129798
920412
14817
780221
411297
950154
963496
437077
829371
211024
823933
604859
68462
745817
59822
490671
930133
860257
83411
718667
93228
531687
982980
93256
148435
437265
216683
60010
779377
575324
930612
430858
66293
687421
882977
832382
381624
111577
128441
242662
929342
920222
766048
429654
38620
793084
860866
546011
933043
527812
199977
903916
814490
56283
566511
105199
182298
927450
675661
865636
367954
675398
486609
281906
481147
877927
565550
968524
511238
661767
639598
492416
860834
510280
617602
456540
745113
948898
423930
325437
620186
864185
869711
81973
725713
702359
909086
766360
174130
305355
543792
146467
820694
850781
595316
142346
209980
19500
927502
85725
617264
241767
907784
632022
41353
72356
671590
677569
915531
574176
308952
953672
540013
459924
655881
510874
575542
939312
197653
676728
107137
348150
156119
463644
595487
109686
664607
921414
184155
593698
430723
581540
789272
523341
800397
506141
327767
723205
781138
558586
341781
535433
796066
537649
995793
20073
286171
691472
201899
818041
789720
459075
132392
280561
759303
917889
280786
541156
330968
827545
912125
393947
875090
369621
900644
907854
116288
263688
99953
673982
584648
858809
291739
496881
672667
938796
714794
269963
405384
824457
823702
338630
32492
359084
512461
382094
515204
626504
8788
77180
906659
600568
837317
443948
598270
791908
894070
419901
348133
215628
48890
520484
108812
844404
777665
944301
161672
413484
591963
30800
625109
256891
853721
727084
403923
439976
624020
555811
7954
883492
563591
341137
322626
901207
419415
571241
327053
907589
746548
799150
23168
256285
861975
365835
778724
670558
939563
355473
929003
706854
282632
599307
514054
856281
451162
35902
37652
956842
146848
829378
323380
424521
828049
415607
119675
90281
608537
704806
225793
227693
855680
466806
782358
171758
834796
779080
289490
255659
154493
487919
879434
982094
771606
911631
238175
603095
595388
104657
857264
776424
279126
432128
148271
636651
605460
794627
837265
263331
944684
147959
661791
179278
7360
526760
652394
479156
609052
684333
48476
356688
293531
944029
770025
301207
758569
462257
821347
463657
481122
877112
708909
329427
655449
608177
827527
160319
747254
320712
515977
27769
213623
189744
200491
113374
248407
288537
958016
669283
706123
955023
282819
522239
286441
369839
291786
359479
601636
490822
441367
867012
787634
176455
234062
804514
193038
685417
604672
919735
41049
659163
146661
182622
564508
273381
833961
624272
438696
210460
976221
12847
703134
905985
750286
828526
284939
767672
1651
189663
528171
407584
830144
240154
916559
157203
577111
842119
320537
331515
754846
160009
600931
887951
586091
42695
831103
725225
406492
699992
159193
880966
230788
286475
335481
621465
729856
976656
68261
638668
75495
865157
920099
617620
356383
467361
5596
829679
833101
855479
553244
418621
770340
879976
821878
108536
517407
632616
667589
367826
757129
863979
234061
452842
12345
480491
529279
82858
517532
591129
178139
141055
493226
9373
866480
452854
983547
309772
910847
842928
912050
916902
803774
787650
634839
755400
934520
74155
877059
205172
953361
497266
575668
82555
157736
631964
55105
975557
523797
681415
169191
592189
714321
980199
528577
722331
306933
470106
622870
527055
579483
594921
594381
852999
817121
555869
601147
359773
189452
453500
842909
949664
77832
679199
459233
630910
750541
602609
857374
250123
342046
497990
912165
24112
826796
125077
252719
476978
893271
536852
263541
795806
776596
830126
68319
257999
144937
709604
410452
620763
929301
562813
674352
991840
396110
719851
264084
339302
523042
925500
805910
442289
384063
516793
91289
55462
450318
896799
211768
400023
507385
570423
465244
715565
202382
949908
527598
814129
211515
403753
211301
378039
519289
667972
277120
329127
662790
645035
76240
666985
334346
503250
394989
540589
917403
540789
463561
49748
186588
14360
634465
940734
915584
744793
209615
389553
996204
392046
865597
562786
664251
931969
854708
627684
100123
402149
522002
344874
473108
370483
444634
672698
889961
420422
151205
912817
559511
41103
412791
62765
945082
208661
428205
506010
144591
736332
597714
864092
696404
592273
429776
286550
37836
985408
823555
645973
68575
171699
255529
806941
362077
674519
331190
460045
337379
465452
685700
914737
206358
838873
61928
188324
764237
950377
672544
934368
543051
469862
357352
208164
456169
629392
741739
587264
317395
516730
570839
956352
60265
644930
195401
445299
329221
51371
774376
839575
315676
880025
131981
353186
632829
73960
338080
618095
260471
524072
704830
968900
401176
420025
647382
700
296911
452416
22867
976854
913459
859971
41267
404696
562012
745447
354359
530337
988591
899523
269683
982090
586488
823008
449541
578104
245040
973392
771682
549826
937437
601703
997644
20089
870360
380251
900768
941656
650410
725876
358539
598793
823312
102831
601693
77778
510046
277429
479606
579226
726144
852339
379932
419484
602651
225365
243887
912615
151570
102884
542707
71311
57700
64250
981197
58420
440946
368798
735689
289068
774942
289856
478616
511376
916752
616722
573143
650144
648594
22784
987978
448532
416987
633038
480743
4096
207273
647053
34127
130274
968391
803642
933976
49355
211118
100723
43077
600616
752648
838871
938135
1645
721807
172793
496636
634333
244692
773823
688038
737720
194460
19293
851255
587585
699045
666410
415704
568426
172358
623004
357097
368478
779188
981413
260434
190699
740001
777321
250936
956491
348670
738394
126988
772749
430562
415218
265277
289957
53955
469068
247118
130764
327392
147104
42626
292565
741185
829337
606835
674190
900566
494741
868097
89039
443837
891512
689192
107938
181087
465709
539947
536718
278841
677627
392493
24642
956409
700991
370398
727707
857598
214668
136146
615314
600898
92443
482349
990533
116820
212784
107451
545376
580989
280140
441692
893160
996869
949065
822940
459300
15246
388629
172257
453928
326301
528205
166270
572095
924409
962997
930660
472244
113324
588626
476919
445053
48038
70629
381055
556869
204673
316932
757493
606997
926304
447062
72893
448990
943152
698730
919412
224229
564816
279348
112158
152011
854285
744486
482946
148152
468678
763623
362770
975076
506479
255795
752514
81537
724016
279119
245753
211721
80557
512487
52325
658783
200417
757830
811113
240868
94499
424112
357874
372953
165963
354655
836775
746988
374574
403737
87806
952097
529220
518890
723372
187742
873835
342915
534132
199315
943748
338799
701729
319044
34428
33262
310223
654580
638181
50288
108963
980208
368898
171375
545434
900789
455970
336297
964351
625022
285091
550393
386998
288494
502936
275345
81974
954967
731973
353494
616788
665061
537991
334488
460794
444523
127504
300333
971574
633031
475728
540649
73007
256307
65264
477947
168498
27499
935544
687847
670890
974007
231057
873628
727406
130324
317668
36273
568629
165827
799264
436673
305636
396077
222683
778271
236232
283377
694800
64888
98655
803020
823815
128324
743825
914212
617170
162600
80252
924913
613363
96236
186029
252168
217051
9108
486378
224134
409485
804189
772780
986517
835041
810389
627498
905374
954149
851927
91536
134475
502174
693346
785102
231351
282604
608086
114509
221557
371147
755210
689917
93242
56438
37900
946442
139304
309926
853942
72877
668343
24888
172649
947679
171266
890604
858665
725736
399084
528329
441365
415701
473261
430558
493185
438919
619773
850404
498674
374696
598939
262208
857077
733305
102138
424612
73244
795783
647049
510869
825942
771197
549917
73415
85290
115026
422142
812004
546704
565858
723979
67756
966508
266907
587338
651189
828200
655054
847760
541140
746028
311269
753737
579348
722685
512436
209381
329123
323823
907560
489760
381837
201480
267164
570540
559903
111475
746250
474172
187373
830238
857182
416367
719856
552240
826406
565591
328007
241770
510566
473830
812126
493913
320137
410164
111916
870133
836593
697136
387862
96090
721839
98080
292081
12128
794894
600342
279717
438233
507530
131249
611437
95270
416030
986637
341114
929398
253499
127944
39991
336861
285844
486258
249640
310924
254550
344656
902315
363955
210422
667597
957537
655152
604898
696894
771878
889074
351577
868304
609979
509615
712278
543697
878213
977598
97831
370583
392559
258577
101661
194193
501738
729427
222876
659496
450324
935834
819090
115601
248758
963081
43589
974450
497128
824965
71748
156782
649871
499026
434687
563855
334855
55305
543027
952975
360091
598264
654397
67331
173937
585878
201168
646309
553027
693153
676866
29180
356616
413910
251136
967594
543281
621068
74786
130066
820815
542318
182554
426211
297617
862483
527109
977030
344811
577340
144292
161696
994963
440425
872676
58500
432741
286872
102873
640504
995687
910299
821258
972834
42726
398741
580709
77200
228991
884177
13523
446625
818682
335358
436518
220882
10576
943371
490223
664296
173709
611611
484845
503479
361616
994981
344352
734094
762864
142507
890363
851136
634041
913877
229751
474575
601812
812330
210500
424182
494468
445482
167322
538515
615949
690506
3182
777455
659823
473868
704897
538476
409872
898427
607314
956362
846839
949504
229492
246805
312692
919588
618682
362479
744414
152291
462670
479157
549108
507177
74273
389777
865381
276716
450236
575004
683628
925669
869430
799021
931154
50604
702206
82435
690263
876911
65432
370507
515243
342158
618341
389390
897303
452375
670490
41401
199161
712601
177491
946378
97324
417447
17344
176661
206214
334379
827709
959600
871355
951843
225792
628481
220446
15101
960300
3234
241608
604811
781314
257710
423633
128099
756343
704235
838331
908630
738784
910740
568815
633547
112905
380353
693279
842935
337190
792437
815434
876283
528289
759684
6110
893849
931986
966495
312631
638292
190989
879230
168134
34852
704852
178856
187149
776275
579885
279522
175238
524087
47183
716146
715235
458956
47990
706318
845041
444141
578838
952934
479830
803311
436972
915659
282297
795675
639983
333690
586112
23877
857893
796681
351668
552973
115155
307629
571714
246002
886349
875686
735067
292430
843947
264711
75450
864562
831132
556902
530437
17310
457684
999964
975117
611613
575521
363897
217712
603195
963611
240967
798
250340
151610
110137
385784
552987
51138
494065
272852
477587
527449
960491
475485
999790
780729
87881
854744
492495
769600
389563
706753
562334
455332
287946
525715
533527
248069
422850
531687
133391
436507
809722
160628
428037
647374
94209
383925
724065
704293
955303
655400
328140
589718
270629
169970
953131
754363
425194
812320
859193
507110
111619
172872
934399
124619
519589
357966
543667
855452
962138
909250
968107
320370
394502
643367
896828
517863
555605
658063
792883
940608
146052
326753
472367
114631
732872
431677
536794
764216
885150
152438
438274
392849
823856
598014
952024
165772
1377
598047
651843
891177
998325
367333
883362
881444
459360
437594
207965
846726
179946
722281
76710
817368
609083
23844
715858
903986
911753
46753
175502
363377
41371
877311
947647
305799
267960
484679
474362
466476
77041
779693
191965
991666
491912
892533
392520
935542
554748
65202
442747
980914
60850
814057
523854
712752
972737
948117
822407
766809
849498
162692
929307
929196
124114
663711
197124
454154
425230
683718
582075
592941
317322
212954
685203
815289
54662
164564
152050
828587
515405
843794
250028
147246
94627
224114
336125
515724
608330
348823
335587
400577
850737
237065
560406
142124
745210
397561
140261
630047
590182
810913
563950
244885
273248
930058
797242
877571
374499
165735
383027
783815
726088
416351
671426
362493
8176
980456
856649
363313
787402
70671
169082
648558
757569
455764
231890
734837
652933
199537
519414
923017
308021
895547
556136
63399
181926
590434
935206
731540
99795
261651
573471
102734
222753
289980
750803
803940
187084
53551
974278
405473
982516
382496
1952
973220
38590
748105
227428
966027
520296
396077
747723
437838
656173
283320
117948
984488
752209
832005
356907
555183
859466
716986
778187
732741
698059
256398
349681
375335
914926
268523
80775
666402
831420
188526
181033
822118
48156
853196
204767
429875
763287
243022
318904
405680
971460
803964
198655
912794
706645
130712
854365
214873
356924
715201
134026
270255
956795
723385
845041
282377
20295
254848
806240
31544
81240
586079
526377
46329
936080
597632
535576
426672
359813
947514
453968
365044
986733
742251
335172
424643
50469
655359
113167
703190
919966
231565
619825
232400
759268
993376
33063
770896
163980
266578
692838
102117
679674
805844
807347
407585
342028
511883
662754
799942
378471
991573
373865
703326
118812
426538
44511
856679
580534
114333
580695
889194
288034
475520
351891
280556
114619
453031
235367
874558
599282
262085
712172
338863
42455
531316
245661
72546
674950
756112
544081
851066
762736
302978
194581
300849
9285
882331
930789
358408
88571
466838
395719
322969
339070
670016
156869
359624
896692
677235
872837
357976
859884
83262
557446
106010
787938
469984
48825
97663
144497
482803
146042
138639
923094
531622
997225
888371
85788
841763
215913
846700
353450
854927
23093
319910
439269
367471
810970
527527
7939
444072
78421
603938
117101
279775
459145
873640
197008
885439
807005
548350
991937
312600
442224
871689
682698
402085
4218
768678
278038
432550
174144
891478
213300
236524
818995
550230
346891
684467
425766
863949
767771
696937
777514
826847
301163
549133
226441
869343
656469
962995
920283
510625
407658
410468
527303
703981
867459
589921
446810
55439
401509
255560
702909
634187
106512
239248
784918
391853
673572
974959
565758
651071
979761
901275
872730
583125
473626
952620
746712
437314
311396
5408
471112
769773
582753
609657
268308
703933
347763
125121
87774
276145
597759
43757
281141
990285
496368
846048
866674
919343
965093
971270
479797
404608
92472
348449
863544
124166
61932
485408
292556
814037
700978
43883
963640
897829
61656
586940
457003
45759
208271
901031
820954
623122
24151
324218
965754
400866
444425
105407
860380
9056
757888
363614
515232
889428
588197
821535
603031
177078
148886
586062
188793
95069
668723
181047
220799
8079
228869
700113
81311
974327
885706
95991
991394
437812
534817
112465
841059
482766
969422
385937
863462
80323
353131
912794
809426
338304
948972
757307
391372
986219
206029
131032
450482
102045
125338
963689
501105
336621
965915
295004
679620
105703
369305
347606
792329
408540
94673
28119
957249
613331
456821
492028
881700
665437
952089
805213
484127
204294
432257
286486
337259
651688
496388
74211
133771
22553
151388
3813
289570
105412
24141
191105
519790
772501
401968
741608
899109
485198
799132
57329
369002
446391
664559
872930
850476
804978
25406
737293
215324
214380
358487
704791
474313
473904
724911
734996
657753
368469
18029
433230
341030
179672
116818
153061
253490
352068
358531
520656
147273
89165
979700
736513
466930
330173
452403
791015
40977
468166
723534
693133
305948
276854
593826
338592
661752
497032
456386
280461
420911
772566
998464
319049
913936
908652
210715
24426
617252
155833
895813
738546
963912
811231
497039
368429
507244
303593
689267
838192
200742
831260
324862
386177
585012
820774
839128
325013
240077
411315
846449
725236
421282
521823
32074
330937
289270
924294
857117
298229
641558
170678
443306
536244
843191
117318
185312
757655
917932
830976
80356
254880
79169
417465
659584
459533
293239
440130
270699
433819
20059
883191
525617
739947
491333
445365
695615
369282
250986
508776
49357
480619
586527
524993
498344
396023
26091
91271
287771
527461
835847
82437
459705
753756
301812
225697
865610
833940
925945
453709
765264
123861
379576
597142
312756
944664
667372
702618
190610
445129
145922
469015
825438
825902
156688
159582
598385
435681
322422
923814
239860
276217
420304
665276
486183
891335
15189
655448
407631
330748
964303
384140
862266
124968
373623
758037
696048
880093
271788
631764
441592
4658
839824
514646
44356
766564
24127
837711
744954
328022
71661
602086
345439
446009
299483
770218
968418
878918
462134
485922
395523
344424
949388
156417
695902
450616
919467
919672
496216
692704
868184
276390
792293
505440
507561
724715
391155
329135
245184
294618
890230
227705
246052
959820
316881
547143
375101
121490
44126
777853
778604
36802
813082
953596
738949
862770
926128
288872
347818
528515
780896
883139
609221
325269
779980
51704
162849
34200
6623
761396
854694
242498
522458
127151
692527
666461
257340
545801
792585
185144
373902
428495
270091
546813
431624
983516
845325
763363
410467
324124
127238
957178
255612
703148
522758
181283
540450
117853
858636
162082
443836
596376
288389
514956
666842
997787
65954
773146
859734
607586
236820
403232
771174
83616
811367
603095
182978
957996
21496
689814
489260
969785
569044
351200
29793
681214
478127
639702
872922
814644
45246
690061
53119
345918
728113
550586
50665
713186
868497
615882
276818
455157
811633
235279
428380
710102
823956
272020
766394
100880
542747
397137
495359
64483
25577
252986
957505
345756
188821
48434
673961
988897
729995
99165
988187
310921
78976
597778
200252
273896
598543
308271
495396
761640
859317
872776
932130
191314
376933
411639
100390
226988
89289
154967
811855
446525
101655
620812
614866
560684
993419
12217
809283
153287
827270
342549
379075
406687
869315
611480
153095
814160
136562
75087
963392
929182
847539
499343
907308
550586
283696
103814
8505
617189
873559
803564
736017
926444
457523
174041
557831
411345
607526
807729
289180
700618
113861
474298
224365
588578
364368
518350
167229
361278
724172
659052
335515
34106
98175
34600
64624
75378
387464
751619
946215
750237
884824
212629
374905
752275
43217
68007
700308
899055
6777
630045
234663
693455
538266
814416
482893
390904
602746
559418
431315
56727
114739
117514
210151
157218
714350
678424
229920
77021
842752
329139
765540
214969
443873
8661
830842
956567
957124
960504
750637
604266
509784
131777
278041
709305
684315
39003
884757
902596
581206
582879
935485
900990
284473
143279
213786
364345
767635
487970
358704
485728
552877
780185
4453
733981
227844
254192
869513
581659
670562
858897
55814
609253
861336
342626
270565
810221
359834
970142
811002
568682
943991
381697
277486
123672
445875
324381
43943
522979
199811
434954
565142
15774
87076
53051
377500
465773
637848
944619
525082
884804
7358
842485
987732
487558
31885
234435
391808
215119
84908
225567
56113
814093
689649
981349
949723
495561
39925
829913
245186
801860
50193
201365
5444
198652
851767
382299
725823
65550
800238
489609
540768
970613
874987
81834
835273
487536
631753
895592
467998
416642
25318
84384
626477
878803
996889
972366
855927
749620
63315
681959
492703
621120
717649
168006
390190
149917
159675
75774
521217
730146
747165
397646
746448
756179
201663
798770
722075
782663
747298
89302
888307
66155
440026
147173
290850
704223
616963
243968
177912
74750
276321
839115
223411
56443
260760
625121
801994
458726
520388
614055
542166
263246
165366
461502
369821
494337
402956
974290
546493
981359
718828
101072
50226
786925
24797
244852
879364
416469
672513
409664
373840
5898
876531
382472
611120
824601
150905
77738
691146
392827
926886
738780
522162
477559
102223
826718
800957
15140
210983
931726
267363
572748
275066
453722
951952
820845
769858
723663
654663
795481
768233
503121
690099
132221
536860
611300
470988
304766
965385
805798
660258
873407
265397
369759
904585
166335
462075
750321
643234
688992
196644
733226
506305
795458
380448
297144
961024
86990
746399
913532
980639
471823
860815
300599
190230
38074
778610
44961
540730
10382
696987
100760
812423
52822
852036
27317
733392
960908
590607
53243
283072
944472
687128
516905
783244
311541
635187
345455
468343
393844
825351
907133
96001
43931
924358
175286
944621
512997
421384
14403
560302
64109
454531
724292
568237
211237
929257
985314
388730
626752
649502
615808
393228
540528
827413
32848
101174
368841
453574
259970
431017
390405
972173
620438
734496
373985
956834
316563
475628
674404
622769
643536
891868
835903
132694
363567
948232
485072
903543
92906
203642
376385
497405
436101
693242
975117
37039
603427
778613
801187
115181
324853
735177
409315
277703
614925
235504
935045
298360
546576
108742
777497
191106
805706
840120
806184
152679
602972
324171
38266
26561
679824
892998
6321
8319
25741
290622
582803
545468
445990
467772
320805
692413
921420
349516
565234
728519
266660
468581
205995
225115
181620
513776
872488
938960
535478
996535
788364
721227
761615
668459
810631
235804
679449
732689
181686
732792
688668
860939
317861
2575
805404
2175
942900
301898
746060
11366
490519
713379
115296
477299
183159
273312
163776
86685
214454
211565
964568
382091
409168
382485
116428
207004
192668
85853
417161
67408
479474
611005
71927
245142
644583
520571
867211
495410
538932
781286
23032
990922
482741
72941
43589
740814
907021
584090
564410
586818
69542
652206
164020
999466
203030
800793
187288
217361
212061
741014
420260
248565
514059
479585
795681
951186
662143
274710
127797
138505
973001
755303
264661
486125
485745
630842
767639
122027
687377
749533
645349
65747
626653
364583
477837
798151
676867
901740
825974
517759
712045
542236
605742
769974
403108
597624
224414
72884
820302
600818
61535
797497
981400
381921
608165
128387
580654
137246
543193
113340
245479
745022
324613
84228
436287
573740
311913
434582
505276
531553
399850
781273
394289
119043
907882
702853
348448
97239
251955
145776
967802
233381
81420
375029
504451
265767
765294
20863
499729
210093
666320
154551
38259
977168
330655
286152
438511
167632
414410
477899
16227
56525
197625
959124
82572
755615
701917
622936
910181
838866
456610
871161
311719
360577
378434
906736
990447
404493
417779
534742
428158
205179
320960
699279
663066
738216
597622
97108
419985
410217
95093
25179
3421
578883
962534
12772
687459
589315
314699
157026
559254
609340
557553
809861
840313
368923
668867
938016
922945
818728
774649
925500
279640
534875
606381
33400
248254
357785
898190
361691
707274
993034
903405
598776
665615
510935
778421
402301
391769
128773
684280
923544
857879
469993
790372
427781
689554
535687
140500
570168
803803
764043
124418
870692
63684
13795
395163
162151
538756
793783
782827
268946
191102
447622
343608
518552
938011
700254
403370
589266
667859
186168
720935
870508
369355
284013
198333
529456
260569
280089
855801
401389
686627
528395
32788
409475
21029
587685
985549
449230
451153
404311
207570
856813
103248
478194
466904
588910
597799
560300
472586
590167
352181
481903
333469
294931
293848
877469
162946
305016
26032
362277
452085
620785
224443
458747
469811
960269
170911
56567
969864
4451
774663
93324
435526
164447
91684
269603
500626
744366
467413
170323
312344
446274
133410
794303
477086
259650
219105
412301
13750
954450
538427
739199
716941
415482
562121
442351
131617
616245
77400
730155
479056
659864
890699
768107
175947
250973
146464
937579
838057
460876
71819
798953
459672
129605
646910
781693
546414
855084
178890
942032
746590
539761
931039
270138
427910
47099
226671
100860
757028
839088
740145
626582
643305
792547
703746
974279
964326
411163
758437
281311
679779
158396
458923
593282
858511
77845
368302
669627
757393
145861
342711
146746
402876
61578
849727
595500
165538
823079
149715
118965
958847
397874
991632
988941
297942
572343
910926
38836
361818
806604
379674
998419
453890
467315
277787
528113
212543
420133
727829
355790
325258
158593
496908
218080
40982
18385
328384
930663
776229
671989
982167
638703
246263
804334
567897
410530
36253
252489
64661
841671
781227
712037
247520
653211
789643
257187
216189
102474
596270
577066
925720
216522
664094
456404
509869
956181
852272
353721
997062
484033
390229
613654
795809
271933
463823
960537
365616
245226
23936
368843
137529
480659
648669
791642
863198
787211
982530
209218
565175
230882
673696
904408
968347
396419
317073
172851
301182
500333
901964
336951
331892
757452
671156
349631
724244
727539
905163
270246
78327
241017
95043
753075
618592
179693
257205
826974
481206
586742
365611
216451
110252
430924
691607
645602
601601
250509
39079
796113
762211
820605
432880
799295
139567
19869
326343
781221
925331
89510
392367
479051
731605
778786
609580
232435
242732
57576
505206
122022
122444
856306
205001
582426
378495
238300
15065
705981
170735
334908
60963
863521
566144
261400
441183
950596
247130
179720
175762
33338
966660
193385
513727
10873
48300
432379
43517
561729
800515
205272
130468
810854
147205
483602
468897
694715
983382
820071
535593
408733
508232
550051
375371
824601
962169
362387
651485
289723
779161
765153
834584
536756
663306
71825
310784
551
163680
199319
20347
362000
450248
460498
443524
809681
417284
595881
702519
529627
292820
913473
621580
236085
395313
185240
851361
912556
491826
862145
829359
324632
672978
852028
405279
99846
626057
80305
189173
822791
752406
889289
427882
102100
208670
621481
171160
704220
370798
469580
260239
148140
489245
381180
745157
617658
306189
828333
854249
118863
271248
815670
591320
320654
781222
616109
397801
940580
974501
640989
631587
800846
890930
797735
460238
341698
427499
874418
602919
314171
849639
386000
512813
826788
142229
124847
461976
24160
340417
78648
177897
209012
548405
861895
388700
309394
794236
734920
561211
773443
564353
986858
298060
476975
946199
537219
294123
49868
415890
45632
396850
94881
290578
854727
608020
375990
336671
713195
903945
755418
954352
575947
416803
325008
375302
866696
54400
707608
135349
577312
74200
340245
543171
203884
830262
997216
650729
121202
755716
897704
81463
681896
786367
797891
21843
266758
42889
576982
764449
655814
494045
517405
880703
381691
265117
145368
587879
454283
621639
65875
192312
46475
934470
126672
354894
757109
108517
90642
687629
238280
523742
783112
717245
922749
930001
485013
86863
882657
436496
675384
855294
38676
919383
46429
781777
774492
157337
664575
868157
463142
993013
74424
652455
374171
935943
261094
556422
85851
180123
646588
494695
680729
323133
107618
741770
619219
466028
219530
755242
864876
467180
673233
969242
387111
711867
234893
639883
619842
901339
915577
630442
937517
626830
633338
945062
535717
197664
246285
632079
75250
542302
402704
578458
61625
720292
187242
232257
342655
471636
176343
299271
932539
108451
514131
464793
112533
21709
722466
914128
964737
104041
926202
538835
847219
361175
696270
532762
1726
313237
36921
972941
753549
325361
681923
14603
718972
359897
382674
214726
639956
12494
847471
555787
772961
963895
132276
475807
997298
678418
825296
852613
624813
138437
618615
717981
506508
353363
113128
113894
757752
117354
590236
115684
996544
85208
371080
941981
326646
835998
396239
878013
113510
515101
830024
982489
10228
998893
492711
982352
550737
281101
257674
636430
767450
386932
295522
176874
590477
255238
828028
804719
78952
425698
540459
433720
6816
692312
268564
341109
659642
971960
837206
610122
296586
409413
546004
656214
283334
789577
782880
655696
436038
59906
413765
129998
814427
927930
232945
958624
432265
758580
559869
650841
605346
104514
280987
153261
702016
215540
222683
708150
164254
251051
855770
213201
320724
430731
93639
929189
692077
619535
791635
866436
448166
930294
23541
561321
144326
211291
892439
986913
917780
605282
805472
634823
106682
917326
72222
338024
492404
869744
351632
46085
682549
688570
110798
718838
411286
773618
95958
576299
992763
773634
341428
179342
784645
736684
434189
645060
147181
497178
494600
573011
112195
320467
358040
111133
195076
217674
237034
617099
803921
121745
243496
816773
367314
756523
806248
702109
691366
937790
1013
502219
423301
483367
875256
298771
63605
623528
167618
766339
627941
316476
473656
168536
483946
24843
82779
24705
596435
164281
218354
44987
637675
212889
368663
530331
365770
331584
479580
679594
715736
811572
706392
521322
245408
683778
293009
82551
52940
628462
717895
574665
529475
276357
646171
295126
442268
904591
855002
785748
336957
422497
789803
57628
874964
872718
86736
975274
111985
244670
571420
718721
894911
29078
759282
82987
203614
905559
648245
104542
663070
984643
526673
154939
971673
756601
777189
170800
439533
727778
108236
830076
619220
133444
612103
109650
455202
481908
120584
569623
2523
722984
420189
934854
714671
81322
77048
684147
512084
946025
806935
122157
232573
96106
649492
543164
642812
565532
991307
578633
223601
83720
28451
737565
580654
336743
491579
891266
462889
877261
370163
738310
582684
499076
299604
167005
682173
151988
857821
710886
562005
191613
933931
157958
881216
640551
279940
368305
23360
486705
868608
883079
949309
152518
554516
748698
643485
497421
951740
291790
603836
220447
62660
476954
566920
845076
397492
704811
616572
223478
233622
901863
640439
235607
359653
35278
352056
443263
382932
871549
994745
654397
999992
804941
211045
713886
828562
643032
877878
264380
990589
877403
910575
312558
209712
974647
17011
208541
92209
677778
346113
874934
277015
757146
500557
147387
888954
11562
855547
994804
87737
953605
149754
467012
776423
278590
32571
620758
517970
113850
825741
587766
601970
50126
33239
135932
499051
939458
256305
322531
817535
299575
455391
448631
233939
150628
394282
487853
843036
767612
370013
158093
804582
213868
553305
231178
55809
198656
261590
544882
587272
537445
468534
682368
646159
949961
596103
809103
493224
786719
974422
400937
839634
970814
184362
810238
691839
306089
341860
41776
223425
76330
911409
519243
68304
919511
852009
474578
63802
216246
856135
252596
490728
591421
623045
349918
320968
292978
303124
736298
680988
340721
584373
808053
975327
720524
214007
26509
294095
976844
994637
747273
961820
376406
357579
542260
72875
64553
572477
309601
753991
777476
190180
538146
200357
947492
801294
49299
563858
534315
11025
653713
803067
686620
188388
264329
189720
375299
218201
55083
971511
54450
283835
858556
357409
476453
307200
785739
547434
744391
448299
498427
271194
407758
734721
785279
236403
198849
792741
521893
54559
548890
453266
935753
194104
986694
861557
173546
233267
230664
269541
998873
269162
282878
466304
338509
600068
65980
715235
341652
676035
685717
386693
314212
4969
107576
110896
153680
147720
894710
96158
484950
566949
55265
709548
248980
817224
708432
609597
839003
641827
319296
396910
823516
190300
16213
87089
968191
415609
971262
275656
983315
907943
640950
463840
293024
197159
543078
714824
328279
634838
293095
361228
396459
19543
557222
64562
466041
282079
555361
964560
252066
808860
246861
709576
475897
521155
983706
822626
588056
960437
799822
580676
51789
360717
839950
559888
847282
41544
380860
99994
24218
31762
769849
6853
902503
358889
28491
710393
476345
39152
424154
901826
515009
740754
173781
509512
178291
770897
131058
306151
703258
125674
133586
994539
306181
564775
822594
22633
449823
566465
352158
415036
407517
717871
880464
234715
225296
141583
870868
707674
73904
97186
460455
639997
113210
201082
552001
574543
625210
501760
702932
671626
705166
626988
271119
774015
349802
910390
454527
483243
264260
493936
213506
434914
855842
594511
56035
848168
334718
408458
187799
28191
457042
314202
906835
531418
428998
32994
196360
437391
851508
678313
267708
223019
38356
399042
337030
532800
7241
993549
528358
757978
118151
570326
704575
429551
223199
248282
975217
108532
462120
253674
627287
875724
583948
775657
314266
795291
378668
76336
835760
391353
463025
230800
331829
594051
837168
552375
14756
844491
594617
473451
24370
695663
474045
350836
957511
222983
722713
604631
457754
473336
485379
258172
66151
414630
433743
427057
234896
797446
949791
234887
119054
65937
621989
725338
109074
379732
167638
84335
682364
802916
581358
938805
732534
566767
531801
774574
416239
16686
19141
114663
734896
853303
350786
655651
398428
109231
648338
576854
656776
581469
641043
591501
33460
813465
801670
772587
414822
294819
517435
23181
36770
366800
185499
128015
707080
73374
492114
200168
47562
613673
403863
802992
778119
599671
918233
453379
452809
586478
304071
556989
504216
970021
522940
399652
164793
406295
432774
701542
334726
808692
534481
727415
277227
422097
306613
174300
771706
855424
159321
25350
701356
696635
302210
969302
643061
474298
72380
966271
233923
849764
797667
373578
168530
525922
723534
479090
916654
167822
30745
109871
774023
369802
818766
671824
679786
131822
862192
842689
507874
858457
167139
228717
104426
730920
845179
800892
15949
851333
568607
643197
72668
749271
810329
194592
804108
663895
956990
757402
939881
279106
905525
104939
309179
503658
999717
233148
919028
347880
302015
827745
912018
755628
791141
477375
549975
12149
280053
448711
580451
826844
257463
861920
165803
254410
869791
762275
269336
236553
411710
379200
292030
806712
450316
101246
83703
467673
735946
962463
617244
408516
231639
494113
535839
485950
253329
58657
737096
756901
896358
47067
619722
625410
880374
81676
893761
597249
539558
446328
996363
721980
583236
379463
134144
520627
816594
465163
457231
263192
33265
987997
542774
834247
926444
579685
844573
526675
678877
345015
371280
952508
176256
516954
857112
914684
309266
382629
142196
250752
140709
967107
178681
303796
630211
440853
477699
982455
880700
977718
215127
688046
132239
224794
232023
572916
438449
439695
927520
830959
61308
664742
849540
733566
591095
509291
211935
867854
873790
428367
787288
32716
649934
145127
83766
167285
93359
247885
370716
292873
400446
111972
465955
909790
386966
361978
129810
45136
495579
188038
171836
787094
396194
156816
190199
837680
106048
517296
114036
683132
583406
200814
315584
757096
679190
902345
265302
73538
39421
376019
846622
691116
110476
513977
681222
817835
73148
558753
702460
189790
157213
412204
576005
522891
208836
64283
79997
365909
232783
645133
831531
302090
502486
321702
476800
560089
984432
93516
220588
280480
247967
293963
246878
330084
7641
945496
357590
543450
23860
983411
36520
506146
582317
785445
510223
166227
283156
495401
133163
942577
371992
94759
808280
650427
471211
81051
685613
28321
219473
818261
980238
192851
790475
384537
659182
838069
829850
266790
337701
373103
547442
577428
475626
383456
102909
768918
312685
450738
464456
557919
365908
663432
253006
759970
14543
495828
979487
405041
874650
230726
88109
948743
757519
744607
972403
693217
925669
572452
150082
528326
335241
535341
532842
15400
677591
8925
24577
112931
201973
310380
983507
575586
268428
606687
532454
538657
405476
893657
935720
825228
129179
970763
323127
654407
431874
673800
412813
949959
184917
758131
271431
69853
987796
642649
477328
569939
676930
628571
150574
128047
443577
753732
272745
128725
92328
452537
620819
784968
745643
282446
457785
158225
805701
876917
63588
658680
92093
497169
323468
613039
467602
638057
449882
81231
146651
941432
897881
139705
563840
772001
967544
75422
577807
825279
49086
144347
833660
247322
20875
446972
90424
520055
271430
670370
817772
360711
444520
878271
479058
246399
925476
473597
375024
188359
369074
915902
792498
53452
697655
51583
874276
928176
652947
908758
123849
715617
823430
875738
882330
792519
24831
376929
731550
667735
67
149092
601954
765829
297463
88767
422742
583958
745290
314901
196804
198419
393729
218961
155374
303385
654496
124103
309058
86990
195058
684536
541436
56750
931510
866164
850776
629315
923366
294362
185075
780275
447524
328443
505726
933811
867204
645789
695133
582490
335664
812187
758626
530000
722236
775146
780640
341605
740615
603126
647727
829950
851018
193066
635964
399017
285760
285711
36298
713426
926194
438092
643465
894991
550174
672268
84433
58966
672067
297853
373755
851086
908684
160180
192796
192258
56278
302253
511775
353074
302688
613488
376958
253956
266510
388624
57693
709592
648538
932110
160771
587385
790744
871066
568245
379630
93092
158713
689393
279985
478506
800066
621124
939575
557265
235522
824393
46766
463941
284607
902846
175941
105823
711834
644548
862436
835379
974989
538739
248829
299319
826708
129559
857530
31563
474153
165004
158998
677353
742503
932337
691592
419243
841552
974796
475225
192499
872426
980218
459223
563642
948164
449681
457186
787001
340950
829844
453091
720877
306438
446162
853725
582987
703367
682267
103067
837824
592732
998944
333193
419
498427
88166
641951
545850
871820
987943
642872
167590
673232
625925
901313
483308
693919
250731
168908
721440
868938
956098
776772
280368
895071
203661
599227
721290
478026
29986
57120
120619
855896
492806
478348
289541
893527
308643
188475
655692
757210
511336
397464
650334
866777
246078
211824
591309
542132
133794
678025
683978
660696
301027
421900
471791
782650
94778
415709
472680
127553
769921
801611
333759
197504
147090
469795
48260
576993
643581
682783
135061
819933
744101
470972
584080
381543
3319
611689
35346
296488
16200
209307
472426
603429
816587
241085
179935
100542
738475
502533
538970
614672
917323
168738
228146
951737
544536
504081
603090
11323
552839
252431
978569
223546
827760
144425
913582
286751
271303
960047
85806
522847
828979
927239
358644
148118
67084
617757
655283
846989
593398
861304
369427
91354
214804
705320
575861
797671
658667
94364
832485
72139
709461
993552
210267
224660
470687
363363
530158
513638
414015
796934
221654
280636
772597
698641
468892
903117
270844
856752
258208
303435
683565
912634
809798
762757
493553
327394
729727
98477
299425
264646
630575
391155
130108
707429
709952
738383
886916
520302
834563
493726
938869
626995
537150
185188
907747
219388
991894
776432
213039
185976
864794
995229
156517
879758
403497
513268
828277
504978
636226
285871
26381
717396
782118
249561
792847
53650
310380
835409
765364
129677
502817
495533
830781
891705
374745
771770
790289
142029
283479
473890
196664
78267
996244
415271
226418
288378
766640
193099
227701
653438
782002
508370
231746
232713
892349
247263
451427
992475
299666
36475
782339
653445
65980
943669
841769
764380
409628
674211
794067
665608
897041
225862
446443
700668
740739
971916
949608
971712
517133
52526
700548
120426
979269
743034
396629
8171
211689
908075
2315
62021
292711
473076
850117
317274
980296
854620
928848
182752
247867
458050
608701
642737
445178
353538
616285
4031
817115
765232
254299
551525
695861
516545
308023
764952
182893
465354
360475
230204
646172
126176
80923
362899
795230
976350
621390
913872
576698
869380
614723
24458
123369
529916
261730
952652
870789
932921
102497
38153
430992
325880
868127
228141
938141
460008
526368
681102
15582
4646
600230
167937
564620
581217
47080
57545
882093
352349
148018
695019
598789
821011
627608
232669
108443
472501
995608
234908
294
978254
9611
521693
789077
542088
147016
981019
39160
470344
177686
95631
520974
39347
522699
818686
340587
511060
395909
446188
470150
781718
246596
250734
456669
415403
751267
986525
841413
37519
570929
78375
702545
592359
52784
892351
922270
287619
56618
725492
687930
930883
670826
795743
944943
810517
282974
755767
691055
322332
943495
73855
123613
242220
698202
444446
167350
930610
117687
723599
316890
629681
842755
668975
682683
603687
400228
324403
134241
786894
153176
331004
176983
222590
261490
763459
810229
475247
99699
946223
135435
624029
987009
897670
68391
637444
893318
851647
560068
94795
709992
403381
644047
350525
992096
507192
816278
399218
615738
710142
275152
713804
364136
79159
345987
779101
655106
823806
51990
694630
161822
770859
447539
197050
206920
550597
673560
497410
507166
770901
553723
917337
660811
524694
31064
115031
317918
420808
732888
498795
410438
896099
640863
60386
990188
983273
821234
31236
145261
630420
864900
198109
515826
46895
97052
255961
60014
632769
207204
189129
103860
221987
731920
182210
440755
351411
57704
197284
782415
778209
5300
874360
625436
628455
697284
190131
252345
64085
685273
531864
545863
436042
291059
327673
929989
671167
683960
228445
398154
615613
477630
477053
189213
450991
990133
476265
260596
892114
625012
528776
567752
317064
908318
141436
23697
687820
946545
628452
896931
937920
377003
192251
658853
363939
225112
427613
804522
945822
395197
245226
94189
191805
298011
397251
225070
586043
611296
363442
298147
186166
454767
294950
451485
369793
848650
364699
116601
151448
36570
652248
960062
459118
825692
862290
633754
529635
389095
181422
738612
295633
519645
213092
959021
303430
352750
416063
59577
636492
184580
963073
753299
761955
102543
800739
128034
704400
429741
252153
995942
877518
175988
2164
8286
576803
207904
956801
764666
369230
240852
892368
332664
282268
854542
147439
502302
746778
305516
713172
482515
224485
83413
386681
244121
401565
422406
183394
897898
533176
671353
545146
167919
214963
596211
393947
87767
794979
94955
909357
630042
628713
172306
613094
327307
75587
170243
408047
115091
644672
407113
487527
335
143628
335751
931712
834888
626665
225096
877959
786571
849342
798692
182530
327141
837257
482379
250610
149629
396017
288689
770296
866126
461751
255766
284308
10303
91082
795313
390600
63456
757049
312312
322267
768963
650051
922767
68345
601397
392714
355146
446392
482136
898854
186273
242421
747102
252694
853359
750045
85732
620306
793063
985096
570600
574012
312788
755199
345769
182452
481994
539678
936730
560971
847470
899541
844418
96911
51551
477576
279155
151556
314304
28502
800676
947444
2148
658103
414446
569438
943316
864511
436831
674698
114303
931391
987071
90428
982015
682123
436701
451271
457412
752085
292244
717944
568863
479992
525791
686835
888941
71697
932502
24220
16478
836424
421317
601068
810657
646124
426855
420707
565038
944508
547652
376988
442159
120003
721636
534396
44172
407131
160751
579076
402321
265169
885538
212551
690046
346601
16048
829429
654892
647800
222963
309397
958167
721840
567309
101457
71756
457593
749216
13931
876720
294521
910693
334862
127018
89206
305709
333695
360494
231123
237426
907378
1127
739255
580697
976505
865345
980491
142471
355095
209680
170849
84061
683891
4064
721330
603921
593320
435354
390720
422698
921785
712271
613274
989656
440738
358244
28414
807277
52809
584666
634136
886780
876564
386745
988585
264397
667668
793305
233795
558458
366622
713229
493552
707945
222395
169900
674483
516965
752181
513981
963046
361051
128018
896830
556674
297007
352029
916369
95101
624889
766431
775620
341198
952224
794477
673084
808268
440080
352731
225341
299892
226971
176014
902167
352969
807658
76527
987760
918230
242717
63740
32235
24783
534407
553528
380531
714326
369407
287299
962982
912089
108068
865028
561824
400728
549425
545666
29538
515140
956665
475666
277983
935427
130623
101099
700643
189457
642164
522261
835936
21248
9293
333056
192919
966432
772993
517105
70047
61561
415516
905943
355413
307125
98819
263228
75617
141211
761093
466775
646880
519222
835609
631742
601267
774036
681658
961848
932516
307754
996892
535793
883952
947413
398601
459719
714293
834811
442013
676417
929337
406800
574234
758495
678996
683764
946729
523916
340924
976890
341486
195312
277867
609092
134406
627298
399791
761034
776800
436475
785549
893113
181749
966725
67539
4600
34213
893779
920505
543365
154671
805546
712755
896190
230861
49373
607894
699964
928810
672566
594532
320666
950465
299024
316406
947731
588307
443202
826245
581705
715525
215350
409684
755106
664531
559831
966206
59021
924405
194152
535832
56291
454477
601842
614530
284648
812873
453910
114319
512560
77531
90816
28046
215198
429970
878652
287925
455240
706709
353250
678569
923126
116028
785773
685549
57289
303563
57770
972388
51257
882060
594828
597508
150583
52040
394716
772633
976753
905249
600653
457267
845812
478991
714734
397998
5803
995573
238712
460060
163653
98719
528007
985937
566069
243675
694438
388682
160083
372337
832259
199674
294176
730560
411905
359795
504742
482102
269292
532397
350398
198251
738760
52343
240299
913883
534338
89335
829668
601278
695176
864543
409584
318790
309940
963759
343145
369844
924387
746016
63970
26776
916325
715316
105253
4771
40205
127320
627029
765994
673767
851954
72306
722042
521609
55693
864251
583058
44994
563422
728622
735745
32944
857651
384491
425181
359534
694007
476087
543261
651561
388068
867803
950036
114068
60869
220780
954378
372466
367079
430502
76089
376208
500124
56050
495521
491861
410795
766855
594120
65457
226711
865644
260946
903987
157258
202652
574840
636215
887134
262914
842664
730300
471369
827427
309113
576916
31714
446363
9610
62836
749716
163967
889334
486827
879774
666658
363893
133680
543940
112243
467218
860628
716630
528451
714948
973398
32922
646885
782060
119445
689432
78830
9258
525728
934979
560220
150620
424681
261055
736467
65653
572697
116627
989698
659125
313341
709037
600421
446666
724509
555276
724643
532675
310829
608142
687767
787949
71517
227286
13740
229900
430027
670105
341473
691320
376984
959942
653740
363089
251352
579151
379451
778528
766435
729177
498837
878155
634633
877052
207519
29109
688610
58551
843131
798768
673218
472115
793611
131615
963148
710386
734547
327149
158878
337428
175420
3172
21802
726342
100149
692907
224740
209735
644340
646943
838615
476440
324507
274060
552787
895936
646453
678600
168385
967353
507679
227692
4183
485179
257091
858032
188262
583522
899712
703586
63312
318270
590118
114563
717336
660727
36637
359486
718034
643547
180261
589253
987321
914118
627191
363338
567199
854317
808331
935256
326399
544519
736563
350859
755630
776920
6693
888306
487088
365083
140630
467135
617959
33995
906113
801577
60711
111950
795270
142303
822628
479870
99632
822760
673613
778326
743247
105371
841522
738166
876740
933112
119903
783571
269659
521314
319693
295870
860882
23482
427502
942287
29304
981081
818727
137838
112945
929833
734746
1021
324246
67169
425568
298021
75641
172699
757974
683388
771078
947411
110927
384016
206532
308158
453223
86035
717563
341957
8951
609059
877104
316060
904228
323124
188428
837763
210578
899612
24411
866521
469750
866682
434928
146136
299082
111300
476325
814385
641113
7084
640575
936965
814906
734063
936305
69629
253593
754426
178487
214534
272496
475065
131555
229228
971158
570557
951861
901394
979054
221064
816418
471884
766976
401336
289463
716633
656612
334542
996567
928704
928922
796379
316448
290565
935799
174598
207212
78280
408506
395580
777332
744315
863869
30516
860878
965886
643591
635038
768279
932889
585726
409255
976683
372373
354490
415403
328657
638007
720948
236024
522932
78170
938269
827899
837644
480872
448395
888906
311708
102389
724622
492493
705236
552952
892001
717386
550998
232550
190204
787531
122517
865581
852934
253549
473498
911370
117288
710280
473121
381639
275197
615542
234784
274324
308709
983234
72423
682049
57017
966447
383202
546134
584665
435554
115900
45136
242272
209260
485982
107640
787385
885432
232789
277408
305035
991438
434450
283453
498192
445121
117514
782236
258563
188859
69054
151235
487736
419235
309525
511461
961925
337192
499301
559488
273054
238637
104144
67095
847871
176529
662283
795591
16130
951578
298298
285065
926224
643389
76919
444355
52852
444940
45234
199051
279563
361852
454002
732217
191128
667602
434170
835303
527668
298730
776902
951304
901410
198244
57588
649698
265857
632299
646656
681577
557786
840867
359208
765433
44057
720175
83118
688112
861081
355356
38076
436390
690392
325485
890273
466187
867658
725699
201786
1371
431689
319465
44396
582016
68201
786554
927053
349060
332458
921007
832162
428656
477639
867145
386883
31686
211307
652055
710555
352728
674051
418533
439052
426884
644142
246145
670127
791821
106193
782315
351289
201174
165832
147160
374905
814269
118263
938467
517245
417041
959550
418577
186900
702578
576523
1343
470127
222212
246217
721258
412449
3727
401462
546715
959238
353910
196818
456685
607487
487698
47155
130876
397851
546603
18101
964652
98513
123027
521999
539859
761578
85598
977666
842564
786363
775489
362986
448121
100880
725958
722039
265372
160869
902825
203765
337074
372365
889619
745031
808229
906166
452144
670962
652204
814276
537583
538133
981721
486233
730901
534327
858878
755638
452094
701945
306557
452987
822706
609834
957291
654026
353312
98617
736864
312522
183418
702341
678494
453447
388460
188369
375516
391735
850810
639891
935662
310104
597109
835755
74130
651316
853913
358833
727513
3718
158342
28263
919151
564855
582041
433101
350218
515713
896231
917716
582571
46453
213077
533098
619796
805143
294423
427444
872071
979687
275715
598682
133366
48379
964561
912315
695308
89607
37874
624386
51734
940351
186953
735952
159888
618771
59018
118937
297352
242265
113774
960523
77425
24265
146512
599784
764487
26273
438375
390389
484313
539945
141217
865034
740216
25553
754520
857802
645882
731574
523443
785197
137323
919619
869660
353401
348818
315316
405337
342096
441563
498422
492425
83362
396390
105899
345406
252482
672235
153609
483697
623958
801031
932258
91430
226025
237800
709182
308445
15323
821522
371748
316274
480504
344267
741112
529298
230245
278569
980030
581594
197750
641782
91581
431821
564637
91581
59006
178034
551358
74292
445811
909192
282270
227205
470645
259047
509945
696827
969574
777269
109490
400389
93494
671361
752293
105898
545536
333759
41625
70858
990228
775009
108561
111501
40080
787022
450113
873002
134567
431041
37342
611990
55108
9473
745550
525895
9671
437496
845823
79907
850989
898739
211347
205130
783759
831541
640889
113085
665217
267256
211607
581033
505243
150465
963299
226644
450068
770782
154705
310819
890825
617343
6311
487301
844894
465327
538412
811776
41531
104493
214718
666390
891512
38379
281667
628371
28691
180194
802104
510326
524126
411664
121509
641530
365814
742096
810609
581119
877357
696020
800978
357594
46985
118208
871964
669174
807654
513318
492603
607333
865910
940698
492476
112135
929641
588722
1733
59797
968424
713500
338725
289611
296570
796124
270086
722544
453514
776288
653503
842563
465152
143681
10374
661251
552523
548504
32195
750299
563392
619963
692927
448809
287004
68947
594939
664042
74021
854171
182493
811331
277999
796087
235334
16302
295291
393199
284031
529727
579066
167942
282641
888466
83119
421755
882099
828820
522738
792603
693342
686698
360272
173377
536829
522113
834256
984812
434752
427763
447313
908603
977552
864019
976655
752583
40157
949013
987396
879517
749522
502749
634475
284631
792106
95330
242335
933333
326620
415487
651554
263453
394162
991510
704826
810317
289720
848481
26614
495161
398863
822871
674959
102117
125473
825590
265129
906080
84847
327987
739705
641083
24901
701820
823104
531173
584911
973606
11573
450276
233990
929848
327040
348658
840515
844307
559779
277042
557748
467388
291315
897101
284780
222024
697156
795246
577684
611619
903908
288982
951295
639228
322749
183324
259932
176849
702622
234821
577348
53778
193107
616059
931379
531765
740528
112430
505172
236374
655085
278404
870773
169224
762667
877502
273882
581372
743957
873128
606637
337356
37730
800764
25427
628901
497014
47445
527001
175503
626024
121931
893069
954715
565278
1391
926378
164648
182101
668196
505643
318929
301181
442520
666432
872374
251713
358558
265374
836710
215332
454442
783217
946567
168936
814381
97248
972295
131513
544450
252139
773507
324170
723310
317619
286459
839955
972204
994821
976852
774378
730762
663418
348152
306369
351704
804797
644954
678402
698236
323578
691671
380293
434403
199524
373688
742444
219858
606307
867540
936092
544538
895513
869842
943512
258602
889552
398476
800571
33150
252610
411280
617170
859766
299587
130752
933332
249217
493519
990297
299519
962744
479468
267472
414223
68295
415291
780184
55581
705670
418081
60161
280019
282598
442892
492602
15944
688518
407140
105911
439484
859365
347792
333166
849201
532018
894562
657467
904484
202816
42272
528419
237735
554709
439152
146293
222172
664930
104927
529420
387856
388748
248398
519474
744497
92712
996601
713055
164781
789254
826085
474975
721769
625380
452198
454161
815195
827460
840522
105547
105349
551512
184358
280539
600783
433753
10235
9832
63551
418102
391684
259576
996247
508010
963806
144075
430731
182694
692372
262500
619997
193710
89222
457319
739223
177984
258550
515166
419044
61230
90928
239957
304652
631885
139987
228774
749323
706054
607231
131919
680524
473801
724957
924479
728967
849378
930629
485232
216948
491940
937424
449517
378090
85889
854844
947893
366553
635260
271861
350648
825056
405365
232390
556542
44876
812387
183452
438439
181998
733153
435058
750285
29208
537887
880286
669701
507828
483257
307064
876101
779904
592356
354
151711
760682
708612
443449
585963
793923
922012
309783
815748
284259
112093
272385
316393
841178
23391
178292
871043
526606
408621
663751
699589
660022
414970
653693
795183
675762
490866
85545
159534
762948
897452
54398
656478
179055
197435
901363
557487
899690
427428
986447
997861
213121
211369
48150
337145
143049
688324
658768
139229
59070
148208
401650
367645
390907
31008
312300
651233
984020
35731
947342
239951
675859
816383
88855
412749
682958
776938
511708
591588
466785
148184
339858
905472
880974
875423
835064
224532
218797
830422
428387
305242
171921
596908
143463
331128
211450
419797
255647
588350
738864
940382
30938
652044
457602
85346
339298
246225
748059
832277
938602
703662
853757
986493
122643
859704
480669
94017
739739
811804
606555
998810
770147
784862
592605
565862
984091
798138
381767
480603
302476
160555
908056
477400
898177
953545
607332
854615
4179
1933
945770
212287
138832
387312
927697
468182
523783
879474
226180
147540
129075
941303
684327
788434
10306
778508
649396
620770
823680
312007
827703
895928
384421
258635
452258
796485
865143
880106
658190
142244
865757
486758
204559
22317
135682
69264
870066
779240
717218
900178
833429
325404
458485
231880
741155
408261
922804
160648
287147
998243
371148
229250
279837
271343
865182
653507
583520
565865
210673
480852
219346
174220
524469
519167
19037
132259
814965
758385
956978
928053
841432
789755
28070
409564
587027
377779
36517
65332
872751
59895
646999
140974
589874
942417
610701
435460
488621
83958
732328
635271
553377
728617
746375
607636
275983
697149
832298
625253
295771
81591
597928
585859
93340
681937
952841
50521
393603
596891
138817
527909
637029
897405
879562
560839
458214
328023
915804
445628
312068
303561
56204
527716
786173
594510
945278
607615
568990
338755
718856
477942
741674
775494
734501
242198
998435
433913
536467
228567
174391
643174
990474
667995
291018
919741
423961
706354
204892
102904
858270
171994
39639
122911
42401
403780
48504
466343
421197
356305
367319
526390
789901
730460
713940
81282
693760
718448
762528
525079
925656
221978
916197
804919
833876
339546
27155
418971
781975
870643
793801
209432
789989
816226
373468
960093
652155
854699
223366
743961
928072
317518
831150
356409
480907
789849
997903
431823
336202
963671
636232
694670
747820
595046
227136
630706
962036
432294
105012
381820
431002
940237
432735
723611
489224
779672
895749
255655
75374
200668
151899
549510
830274
998843
662
423281
12503
354034
422286
140113
76633
77710
524559
216707
822435
758462
528765
124859
166589
392068
314977
727940
977397
733446
364244
341093
805528
531585
739782
75680
125005
36189
791020
327188
263311
502107
864196
894594
151942
887466
831558
863596
297728
910937
511144
70425
30160
549544
192974
23414
690371
138743
442637
75350
350524
728608
65947
640794
372075
473952
20756
964908
594670
411440
925099
361701
473796
22258
814379
722511
729578
168263
756905
553476
603796
564221
176649
558709
368969
770342
332777
186759
197467
97859
279469
62295
237186
283807
831080
802526
225301
512057
441059
955248
354084
646234
49614
317023
244020
101892
37825
642300
488664
1483
501869
761661
918184
145405
380835
658490
168033
843708
661760
72786
313241
695277
215989
228970
73117
311881
758511
775189
8296
399633
589927
20560
858690
779998
743431
210212
142964
932310
358199
274606
592035
938491
344836
785531
35345
426013
224365
819149
684843
943600
752713
744955
829007
252920
832152
422964
725791
930528
57572
513443
48827
658923
613843
908847
913438
785154
114956
274714
345559
312107
882052
367625
109281
678810
992676
784802
951137
172706
539673
74641
663869
726980
332215
444518
215060
609192
37515
699160
381469
633130
311419
730349
570143
275339
417756
616945
818058
769352
900433
840483
663921
685000
163418
790192
415525
478062
445568
252567
66031
444366
496155
505515
860201
990909
261823
312119
961849
911554
757697
423227
960043
271144
55209
136725
260074
65141
720694
726267
864603
973813
472584
685349
728599
900591
752942
566664
348675
656633
916748
811260
781005
563944
897961
112766
41092
414879
365907
673554
745876
813640
105199
738753
250461
688033
796449
229184
391152
588782
322068
282929
667429
342285
83174
723330
930844
988966
102259
760820
114766
310656
196157
9974
482703
990513
948917
492527
370722
359150
782568
762331
874680
746432
645577
688909
672071
230168
833815
564882
946180
31609
509803
120694
165565
304339
532256
778656
416788
592816
951007
401560
435419
476551
68997
963049
306825
447854
710068
889890
403671
166573
612147
751670
491130
12206
213378
316227
756541
163984
583551
35888
229434
950362
326318
211951
333620
129292
71337
762146
940756
60562
101795
61402
606911
916114
694554
342842
388880
953252
606105
635322
847159
905953
186919
157895
638573
181460
208976
900552
59475
231758
89869
662972
868839
503382
459986
977855
721697
76221
151476
671659
606960
131598
612406
189339
88780
616804
105327
246475
344120
971991
559001
862107
481046
847822
122040
455155
667046
632760
445156
626048
570589
466454
690101
519835
499998
62959
314571
12043
318295
467431
503416
321953
666555
700778
859594
96514
618519
167299
986552
129346
234835
602889
203239
671786
813896
767288
987674
643292
755064
944605
89077
902734
357358
177899
733036
431474
743091
827756
514829
959734
922090
721553
513574
767783
621321
822186
601876
532720
888500
462705
255913
801921
315895
922240
695545
613323
962208
430243
696961
543399
550455
946568
23157
600726
739932
198035
33765
417443
796219
333710
877515
195941
444269
761022
415731
260193
768238
694032
332167
79244
716279
252338
374582
689517
685880
227967
187969
995809
716660
906642
580578
497465
246904
557052
915801
520765
313977
264784
865364
491028
1481
415963
302201
77307
79478
215665
327636
255795
828671
915554
178456
518072
195380
49868
876692
671723
847273
474890
313715
645713
798806
714314
177135
344756
295886
894781
612948
228391
341274
344871
105325
621543
863986
69270
774669
189277
825559
262319
103291
181249
724112
208675
94331
599192
953919
402369
211893
988573
976030
224678
270917
883198
853852
691727
161118
253245
652430
562447
788507
477239
86355
768219
82340
19842
527241
792131
126585
552431
192038
162428
964766
316142
50996
411672
564835
202513
295595
874582
806351
438953
263724
139734
148073
975693
699288
603173
601122
827769
9099
269494
464674
773970
4537
562930
930669
619655
897699
345766
554930
209684
453621
304859
498736
594592
283839
970307
634885
995975
612046
71951
920469
613042
969062
57182
134867
424993
662431
636431
675759
589578
276377
692471
660316
885147
908702
85486
193917
496604
29458
480452
348651
34288
59737
561169
948901
263610
579333
668266
903957
455581
481338
346160
208699
737115
411169
155842
7352
568095
755589
567442
883385
314390
789645
929237
523710
903991
373014
655316
969094
221412
739885
978592
244249
820584
7334
695139
324082
107360
857820
338705
941446
250807
586885
408636
559733
748618
803056
56135
629324
593322
456478
817458
611381
611007
475131
485077
560636
422601
746216
751038
379714
969029
828671
701168
366624
369712
568403
834889
528182
871253
913210
602893
737210
969665
306425
187831
16289
896039
209200
113603
804775
260862
144499
715605
842091
160693
689145
314121
133238
369044
502254
366168
542428
402673
134179
708003
166587
468491
753189
629728
742561
228422
804715
636062
618186
937347
691561
553590
28934
176923
571777
934096
432889
422201
292697
73871
481724
231121
675527
688602
149538
270657
294185
24840
141077
322818
120722
926759
447902
521738
39263
408425
604931
857602
693223
998572
746634
306719
387408
372325
441820
163552
603007
861288
595205
430818
726887
920662
651608
238947
761923
693027
142319
814225
312926
561154
55312
623694
976207
564144
818156
386179
962435
237082
840769
230238
259955
203756
677535
917481
993780
550008
608071
769480
96044
815806
770542
98319
841442
868446
544994
532734
458351
377431
809796
658010
974609
791355
72691
702376
142047
351985
773065
971785
63766
338662
227647
800045
95377
959826
844076
930293
109143
788579
853226
446889
266191
447304
70553
28690
254350
644827
225469
488054
906193
606699
547907
84078
395398
863461
897121
998565
633668
385503
199771
168687
719388
535746
701921
621379
235527
386321
837526
363479
460798
438938
300203
751447
706537
631415
279402
629249
59183
418177
666319
272288
751020
27795
520464
871202
841409
536182
676734
827224
99461
168814
35523
348362
701016
152672
544203
986805
355864
876702
506880
413987
11885
637777
888365
685413
600128
855554
17860
410158
227721
453573
164731
663055
158340
37698
445776
888330
601221
252833
564078
344022
556195
773009
660072
991599
823440
151606
228834
538262
495305
734445
580495
500652
198376
790204
975700
946343
315991
875611
864843
503662
872351
906265
61988
433175
648670
748589
750375
248571
284439
79130
246677
934450
346531
881341
927084
956144
839046
597174
130120
717563
503197
357169
558438
738888
142899
525520
233220
633905
228978
745143
766885
341078
691830
781939
805808
240205
689981
19144
922872
183751
255419
664917
26263
153984
707594
848870
158195
576802
353919
2198
278114
690487
500120
677919
192234
457801
711121
809472
893537
149721
439829
278985
470451
65848
891282
583558
900418
664260
429605
515782
751272
479490
813173
906247
901079
542869
110684
296383
63522
732249
572735
387529
873045
741023
610686
605419
235326
730501
316039
915200
455183
588016
686341
176774
464219
718825
56630
772166
453502
168657
281627
840028
342170
728962
22792
631394
647803
90052
695707
71613
173852
129833
483465
739331
529155
492038
161108
368648
780935
430478
662937
485252
806514
966476
220165
777122
754881
479740
699496
201703
421576
241543
268194
653117
859890
467290
358457
568988
971943
539042
993101
195668
362822
975334
452642
311289
179089
628800
665117
311339
772520
752121
307658
99456
92782
751680
325658
275473
538440
779015
723818
498590
772356
493051
503742
317662
145622
739102
481612
274664
592445
277506
224117
438391
70084
442467
645967
578973
191332
514338
176541
492679
748806
904474
508384
221289
617255
904609
353414
768838
639637
498461
432129
898973
829206
384384
14899
151027
605543
30369
314373
372538
845730
683256
404951
133659
876089
10998
506641
235365
180894
307647
142808
770641
212357
687365
988829
428081
99969
606274
297743
666101
879563
493265
649777
998042
147042
912426
317766
195760
880844
182456
731752
206150
936506
472217
480184
656308
712457
153650
993647
354884
549413
875627
494291
855037
618248
77262
511302
790798
741600
19768
470584
859796
244111
686521
257981
506056
21260
958990
167354
470920
303078
539640
65464
902336
479081
502776
809114
269813
358553
728106
263275
951406
202139
756923
103761
614271
182516
473481
746719
570355
292136
699733
719366
910613
529668
1383
361194
818331
462712
628287
613459
256816
680476
660595
775610
746460
816275
163882
746820
504787
155405
463091
339531
253847
928934
984899
808727
933578
179884
339657
85291
194324
924670
685424
224956
862573
658831
931185
830589
206407
838410
601873
810453
56859
869584
845118
319474
486927
563420
572354
414583
973633
875016
469666
64273
924787
125672
348053
509543
474131
544916
407460
744175
419365
532228
110363
359902
685391
22420
332713
645367
757761
109094
161689
35397
912959
612454
544941
319012
565516
929961
517460
663161
232372
3247
297545
487169
62070
983431
124040
928519
754701
576913
922732
652272
872154
411487
979242
995952
249392
589621
439204
446687
969403
19952
616107
460070
398029
708227
720596
343699
564423
331548
83893
709069
464160
563621
761917
764321
914517
665254
153005
26554
199597
817415
839415
762799
128872
853171
43185
100791
476676
429977
31094
340344
606379
51724
943130
713084
27452
417546
16967
475716
742644
747034
120120
545463
308089
289294
635410
784115
93187
917992
933594
949957
156327
194969
154007
175731
820353
53925
293189
685942
992126
487138
957299
173701
599684
710495
836602
163212
347646
783136
983002
555900
789063
849608
352434
346171
58738
499472
77852
850812
464052
57267
607331
700202
683311
146284
671457
622590
792155
967575
617338
880369
532435
895284
134383
799755
790842
159627
871455
927385
894536
568745
462944
728380
566772
850120
762614
807838
912896
676812
996590
193472
339996
67370
318490
333871
405432
102755
329833
244758
577705
641390
912674
616876
240503
416500
510717
913550
330369
157685
300894
632615
861837
179656
162543
535179
139504
696319
258457
452515
70678
814697
210014
401795
713967
459825
109526
885528
688694
986083
956419
217789
187999
648335
557075
862444
266909
453510
541235
908433
243021
854849
194635
698
155586
266978
321369
923947
821998
435218
444397
221199
981929
498185
992575
236360
980769
279596
126568
853479
235551
552912
262467
381815
534514
298652
819425
748788
322170
314189
980003
722905
130578
411668
372600
605079
609435
568218
494708
354721
381666
447715
397577
289444
414317
689424
324900
398485
249063
386302
876838
277666
646501
232205
73149
358218
266772
914747
884511
606600
954305
306158
797859
321771
237637
345488
228732
803329
135243
758676
154130
558193
944064
297304
831422
912296
568597
763107
107170
674476
338228
334029
279780
478540
271549
713534
345221
901304
694075
140110
594209
154733
260840
246668
450565
553416
73177
895450
670376
168828
969031
342902
685064
269087
886140
581843
813731
236575
146391
762725
626638
974097
620155
526140
802804
2538
158746
740680
485295
350726
89177
187643
770684
593062
907873
351628
173918
190455
715266
500695
594962
836429
950339
73313
784810
865775
498698
203194
552137
913547
465124
423227
955706
292490
676722
550447
809005
515966
194481
8974
906766
991864
239652
794980
543299
530167
34528
892753
113027
379195
384116
264425
416846
929079
831539
925244
257548
435940
251103
287087
439750
777074
878323
381769
538747
500889
351244
756682
87584
454542
922614
718901
854648
745874
119567
282735
970123
69412
464474
782912
125702
723415
214627
694710
647791
447486
104202
115496
177090
977411
563565
37208
397101
969303
373878
154866
774885
257027
419390
399857
112611
235806
973596
946017
501759
734999
521423
352447
146791
475122
286467
478652
838268
744272
101059
751264
76681
593574
404476
193676
544736
796112
959658
75992
441555
772094
994018
787290
273164
515404
333946
705800
320970
161776
656088
438197
894584
628493
808406
307575
995500
833636
807375
327274
277369
588970
937417
652621
421105
269556
886463
627977
700410
719054
13833
399506
905867
762092
851498
849127
587332
706296
105398
437171
282152
819082
805726
843670
6968
445558
947033
694077
90412
745406
357873
100269
368656
533800
282792
250912
61818
847275
756357
463750
261604
439043
777278
786348
47722
540708
418435
555514
655713
612747
576485
218134
370897
267439
181921
366375
257937
524438
274573
298612
228606
789957
823454
585770
527831
735952
4179
389052
863544
629519
160130
541925
331953
27249
580541
140745
275715
75178
123937
136441
720694
850888
447035
621141
684506
176548
89110
819404
137368
530291
612261
82688
972019
211196
740681
367364
602209
296036
442368
440007
45952
679717
846444
208458
270327
871837
85563
34957
668202
974274
544503
9096
953305
597300
241836
430613
691926
751339
95089
654827
230369
112847
47893
441732
902241
539111
86056
80160
290177
85737
260963
312099
10149
245488
568628
165402
664136
522827
427050
604123
690356
662513
870522
651210
910236
272531
479724
505208
447641
154698
588261
809829
865855
53808
998801
367398
460764
915466
917548
951330
525645
853474
596462
152758
895228
66932
843665
747577
895865
93822
54208
476889
302196
939962
161758
564388
990293
635176
720303
562275
53688
620420
170343
78305
261960
711192
525965
32905
403959
741418
454028
236141
373079
95189
277014
518307
475864
827829
999285
340874
364766
569980
530992
352810
3198
636770
231766
781817
10710
832121
877290
364666
300934
129054
149611
331456
648463
757195
895806
765265
359878
774410
458298
3877
305780
752196
858576
176782
339021
975224
898197
775217
432587
91079
232942
902962
13159
522475
772247
753390
717492
695816
442192
378786
976728
355739
706084
198441
951463
827471
974871
342434
548830
318062
410859
786544
478392
641460
311503
23962
369008
132864
113957
826451
926356
722596
871726
833685
291523
244635
818901
258854
742659
161242
425556
514877
835457
984703
189959
661438
553190
980262
257739
259104
507666
894043
183506
995695
415351
712937
746567
919853
27989
883025
718552
241940
234381
685526
465317
338935
660261
202101
711939
312838
586711
380851
659500
44208
751830
393870
190087
45347
868766
936149
695120
833775
625014
621395
340132
914632
791685
941223
183852
350954
493902
756655
37987
227927
319050
525155
619525
715772
830625
865854
561622
548850
825988
893782
464972
762016
118825
353293
55834
438269
292452
356576
900441
219059
549407
12445
35477
811551
982582
273201
583090
914869
12081
977439
535930
173185
479455
771277
738820
368456
984395
420024
175745
46093
796190
623880
549478
876399
232145
348415
901553
88367
731916
157706
862299
318672
924704
927098
573785
13591
738014
562828
465934
565298
620626
414180
116304
154549
612575
119129
130261
844863
840760
563049
910394
217019
886329
801165
236847
12162
148256
466216
351875
584350
610090
510233
166216
509546
96526
525488
401891
363477
691536
12860
446834
777477
89476
868866
37594
293208
904160
421899
873196
457733
663228
465493
629811
588641
988712
810217
640028
522366
430826
135116
384066
626798
487762
358159
820374
401445
15164
829953
474792
22588
412386
669125
94228
23058
364059
507646
376907
827469
789236
334758
294653
356478
784874
404350
942368
644579
846785
896608
453344
398469
756291
617072
492963
583106
22936
558129
361719
368997
756671
801716
343067
9457
873511
970795
929255
1917
477356
660187
491288
68985
956785
319536
563324
602062
622678
717546
611062
77220
755222
767541
269551
455485
636736
516951
240410
535166
747152
119491
762273
925006
44202
477834
259953
829975
430194
804145
238431
216106
162762
696541
512437
75455
624041
621035
856541
823258
791956
205980
789161
584264
59772
214062
999997
181129
322037
625862
290778
725128
465998
966792
66759
225925
34705
270025
42974
261267
149208
63260
311280
46013
386314
370505
453142
625028
756849
702108
842069
326916
382841
404825
848621
108084
525704
13005
303230
827276
852020
36479
831000
395777
123749
482886
765021
124268
720329
192948
758997
580105
230317
812336
237198
292570
30655
175073
183598
103403
755869
781190
987607
207857
212953
47651
33653
103116
989644
236054
214823
100012
869651
272200
313159
610767
775851
861887
444824
934952
686373
156239
360075
108508
778309
824112
545518
966949
14717
680747
182962
496409
925313
534255
381335
559941
78599
40064
321526
213363
880029
551119
171178
222795
518822
204644
843228
953110
927410
275448
695786
297629
392761
996703
560948
171184
118324
399778
273986
546307
146905
918635
95381
844338
342129
193561
798409
654053
400407
855092
395939
977934
86351
898106
783613
532815
70464
886872
147083
138105
110352
77812
777353
236592
230298
763559
118275
402858
527118
466888
625728
313494
348582
680995
28556
834457
802049
614601
729441
504691
547358
889025
605617
528448
147958
960796
973715
868699
247733
691302
797127
569949
244823
46201
988840
767619
871516
456427
965997
820269
860455
344295
407451
293635
480249
899289
656779
404338
355396
321603
753043
246868
875375
173613
806548
765422
209893
725689
891680
622227
632346
977812
48902
780069
206556
274441
417979
251451
141585
885552
203366
407583
309011
464963
474375
307374
348709
906960
648261
868898
599632
553931
804948
672685
124190
212219
738496
493819
461810
287893
744984
32346
351746
353958
807481
390902
342003
618281
809782
777853
602064
501112
873697
884705
435942
765791
119929
555580
55294
910541
831536
123661
979895
160228
856599
578208
397952
427055
383272
37580
762160
678579
795568
626838
945538
694302
400087
314227
993200
244893
264845
779947
138346
959241
210259
21721
277555
388161
439459
706255
74137
698323
620733
371734
362639
656979
908560
949907
987752
475662
791873
362373
163698
455833
783706
971690
283821
104706
314962
540353
552167
832168
123381
228203
292661
977255
574768
103531
372816
594539
573307
225484
802313
557350
925219
894306
715370
3996
909747
216104
425067
14939
344318
193673
304142
415177
167564
888250
828311
645717
713759
292676
590443
741391
809504
956575
535364
121812
895723
973306
208783
126626
440244
628824
643811
75146
958356
410260
314205
126083
24180
534213
213596
367130
994708
61308
567318
449031
174969
690666
396309
164444
139121
576863
420050
356055
566916
731821
379884
690070
832057
709803
791109
616042
866625
460373
696186
469891
308612
381201
384572
602571
856263
528524
406480
215120
596151
888387
76767
525849
540053
342046
365562
140249
283197
611766
729583
524865
867412
807799
370560
687280
887565
850785
885190
18310
271321
126889
487394
903446
393449
3708
40795
168442
958177
645539
796505
650624
14682
506689
107005
916289
346452
532794
669403
802450
467703
851182
782549
105492
743492
222947
397781
799271
832413
897473
513190
99387
99181
106742
217200
355526
430261
597946
658830
768850
295796
894444
984398
153582
421170
200091
229124
473668
359146
259426
879947
712779
348434
207467
10969
481683
532168
197204
951422
461373
944602
587118
187129
880077
424754
399458
630519
898968
149853
683502
678697
6999
513078
205133
543745
55262
339507
207157
357704
128742
430155
260154
179679
201606
651459
833296
752976
344641
386260
723053
152528
20344
172987
224589
783379
231104
820893
899151
329932
52494
248980
418877
258304
210831
154970
785833
547654
932565
905489
186354
113821
20523
72748
565414
126761
105417
682814
785153
140
415075
451613
641556
239645
861916
538482
167617
185928
844312
750432
975843
752834
599982
101775
826314
356967
696829
786900
902052
290161
355222
881983
254903
958551
808726
945984
839754
603072
488855
418934
146852
510818
396797
909910
108716
833404
278507
5876
305647
603756
419928
902641
46080
136813
872764
955522
347578
153969
365220
876568
269601
689495
727717
303025
859431
838793
40493
573179
740554
908789
635317
854240
936666
743910
354642
654706
932377
655742
106347
175605
823163
107922
131845
921923
253324
600610
629242
640032
537905
478580
877833
154075
967046
82315
902342
5021
285671
374665
345906
487057
264330
7006
440357
413104
638025
478764
905704
316711
266750
511033
749919
733544
407560
359120
439779
179402
719402
147892
332142
277726
803473
58754
101935
865167
282358
503586
821566
205109
516314
239081
106026
27062
462702
45711
302573
102617
964757
222792
220417
53097
759233
754561
524875
367938
127034
587640
114038
871355
905725
401080
924955
154479
211649
617776
332956
822954
78997
586351
95056
966637
695205
529855
917016
177823
695003
448027
639312
246096
700833
436045
386018
973482
538501
957481
675700
960694
981942
247456
541761
127816
414763
708929
751301
427657
730275
436754
168722
418143
841479
783623
926144
711803
939691
235869
592194
478014
734195
763478
30675
441032
291026
510801
227022
977119
105838
189957
457117
664057
897248
890010
376586
546151
646551
467812
228209
642078
637852
412220
64470
976802
946031
595709
620115
170449
792017
859288
927466
519433
409435
120213
988345
163191
55116
953639
193739
259453
100448
369962
177674
349759
2907
228475
855315
218443
150181
882164
793122
17762
944527
219842
219244
462183
225203
544805
376524
310627
953466
1028
4693
451059
232760
921899
934470
595151
603953
969698
420379
33655
33407
713899
921536
329083
937099
454423
556128
569384
477497
356869
55772
931146
853152
718520
561304
687587
339318
664468
114287
287078
788363
684021
807494
138736
751724
178284
609150
937476
879080
700375
818499
150465
732079
449116
297858
961763
208469
195906
725687
818802
633654
328812
256484
397002
649396
976946
32221
193416
311068
30685
227968
789710
914599
574335
793219
362548
729564
596781
302438
42443
426899
765083
790983
285839
400340
399314
188500
182952
777437
793360
113179
738333
611650
795772
445693
96662
926255
377028
68097
249740
965065
291477
213316
860943
727539
5494
810062
473587
338733
144194
613057
242968
263702
136320
79467
575957
389266
929952
621434
755521
663814
635156
856911
901917
105472
284489
388139
341537
8692
986945
215942
39394
981473
525519
289406
374684
10451
835246
519404
833698
731009
598397
253651
627999
524310
704347
36082
369096
903757
799259
191545
989472
675381
843684
877848
943015
12884
483368
220978
295520
163624
945663
143408
868478
821897
393631
439090
657130
765738
138234
581537
132851
719102
988404
226144
258387
119799
626112
741217
261338
197609
820182
541716
186682
293581
86483
874745
593070
862114
732589
418327
485511
788014
117072
201925
622804
818403
455770
896997
416365
459740
796528
862961
875036
89542
860859
781997
796521
760604
527299
963836
961729
508298
976998
391311
585474
582067
639796
662712
406565
544526
858730
927965
570825
87979
821002
252359
219032
716564
715475
23130
428248
226702
278882
537887
872592
837759
212901
850685
945620
956009
357815
935111
310448
898452
738398
108590
514157
252362
577181
309591
652867
324028
703285
614472
400731
866818
186687
240315
399870
185408
526047
689429
785824
100772
899622
498736
392707
870923
571590
253077
48074
797251
67698
480965
159131
196779
472402
928630
495343
883191
341344
34011
894649
250576
610146
874524
912624
869464
713924
484901
393147
912203
77009
19226
617592
207169
331662
308008
763305
534864
772403
899383
231804
429582
616327
636
855158
485940
443287
584362
591931
617054
793874
868552
314876
268654
574276
591326
252925
39633
5741
619017
947650
696857
693245
672366
754838
883274
501039
426443
663799
772272
916991
739305
362849
595373
671241
771438
169845
271633
8448
197583
285638
624930
197255
600930
148609
827963
702191
326609
222262
78672
512526
857578
232839
483983
943352
385108
867819
406050
251933
433501
358880
621329
415551
147694
578667
415237
91214
615904
830605
878503
299169
484967
950020
15527
223827
578412
961466
189081
660664
622841
41486
720889
62139
368206
795198
41743
364437
186512
165486
100334
909548
589537
649879
731158
437382
193227
464143
887353
197032
444181
915248
298331
683087
289464
954152
512658
831626
626732
353053
100525
142898
771931
245755
375985
950536
937143
18715
29310
512489
836903
400529
438993
646192
390300
671058
184995
766184
277186
971840
363182
859244
995283
399316
395855
161502
943045
844455
93511
167168
930340
735965
752539
839282
145082
128366
553372
302024
286698
419986
194753
694599
295644
568777
687472
679805
397714
83332
536411
514490
73497
435891
486663
693742
617116
49196
50536
515680
824019
91765
362345
433225
27160
376238
716743
687243
923738
214558
39133
826513
753322
480152
412474
510404
672627
848521
442094
824742
612039
498465
989732
955407
969684
232028
495337
819586
212661
500972
139595
35180
974629
80069
401436
103672
731982
509380
933590
847697
358975
670589
920280
526261
904637
17120
14607
591731
496496
685126
745456
358657
153022
169886
309857
17276
260021
727471
468599
561148
192226
717769
391578
831635
135231
431564
873797
299555
239752
914068
881898
509657
111854
488064
845298
832330
229669
839902
249378
537000
466584
828148
95577
725280
835260
691949
908982
993748
774210
197087
3286
130736
108198
469301
212027
767275
584037
769598
119496
897756
510347
718032
181736
68598
991402
890970
197391
494306
186279
8646
196953
174648
750510
219399
999438
553305
797829
351364
728135
433131
905406
94816
770986
33522
230471
869798
346960
34312
778971
752526
372936
800889
480411
505006
895733
518525
708151
67008
373202
546898
838150
566092
779542
54006
503862
546098
2035
609278
282845
807190
164792
628694
393902
324072
19030
256726
935175
872718
871295
381756
805094
480049
137258
972492
556668
490337
361843
701441
639770
736102
72352
997102
299912
652708
98175
585334
550005
95914
645354
903076
599112
717335
311661
869992
157332
314345
534974
148399
485035
307491
244010
313246
591433
268570
712401
633450
321841
964957
561032
803222
128598
912383
659740
71882
771823
60547
641718
54477
281965
178978
986
792799
751049
530107
921417
909622
294774
613144
972999
662227
8566
873048
492023
579455
547849
217279
618658
256423
620160
873430
114518
255953
242223
503360
538667
735482
62464
941851
495521
704910
208100
48015
550885
373059
638245
673206
453682
929363
170072
316840
545685
873684
1710
189730
75273
125173
389545
241362
370112
74327
273707
627649
397699
788549
516905
684317
178480
185490
406655
767074
102179
792526
752542
640165
739888
633764
83808
71293
397004
852563
734460
951438
855691
182343
28309
840691
396867
814612
348909
797831
725328
583054
760118
636368
603761
949255
745801
626249
956816
651238
451248
241419
570975
642400
117661
562199
810974
549462
269822
413826
836601
868491
183144
741310
314829
367296
910320
857216
863627
611374
222169
594835
91701
943776
37479
972281
440326
292778
651922
351865
336238
269065
85206
52554
957691
129241
983079
733914
763219
422829
550658
398651
133598
328718
694559
811499
350208
877779
535107
389758
206148
503962
58097
58986
988820
412192
199744
238575
553765
973891
802120
592289
822767
580049
823094
544147
994970
741580
783040
274914
723316
158717
804210
980571
333663
313329
241958
294346
681416
911508
799633
77600
316561
918633
910458
786176
665489
118308
377479
671142
194097
554724
176880
706420
193399
235408
483796
638811
505631
102349
205866
696738
825317
210585
997456
373654
334304
823879
102143
820622
835720
728215
40928
316826
829464
426865
232503
586888
324815
971262
952765
440274
803792
153124
595597
51943
538217
775324
102516
883092
168432
393329
369899
142159
85705
71959
773600
927712
134405
162533
952880
13101
283365
816304
734258
128800
318652
809350
557229
194871
437554
300228
117545
24487
10661
451860
830371
131566
120553
164487
72602
127412
835952
464907
221510
576989
204933
374857
449768
209454
940530
134174
20284
233817
745474
712947
612172
861542
73505
578107
630366
570304
598111
718472
968142
463706
635859
918091
960822
380220
469980
852006
873481
778990
950211
686191
27839
512703
946044
82308
356394
88626
322764
525894
43816
915526
769220
677300
887729
236897
7531
207972
731024
219160
697722
207135
237551
135518
465728
334618
515531
440070
358758
6285
708294
238774
895949
545842
189723
550762
858003
222428
136236
381666
161909
416370
611383
212266
795726
697030
774695
903556
375486
407958
379655
786931
895014
775006
982161
861734
456975
737623
305445
560128
945706
535888
694933
460416
320818
509608
83933
653970
125166
200229
868720
598449
326098
886517
861101
521527
109701
53630
301232
532098
910078
134692
782725
955973
518215
599639
710008
119784
509476
19029
142024
901917
385293
474691
417722
144193
105814
14116
258313
76010
859567
330867
735674
795603
393480
625443
69518
70817
700045
868209
969617
964945
701839
449506
664720
297089
797442
64607
339559
453591
450403
902633
51128
551506
571442
865594
516152
20267
720861
429946
656227
567079
741373
688986
446992
336700
267833
199313
639199
695965
583944
369585
258510
679396
727509
444645
353195
973787
914171
761737
723940
120104
422447
232038
535162
790418
248445
426761
183316
315956
681579
964734
128496
335805
880122
859374
174964
471584
389322
823058
874659
814623
41949
332179
69355
599920
23476
202432
702106
106441
11605
36651
718257
451661
516078
83297
814609
367251
969172
716419
217746
345039
972964
600965
621811
672799
958730
520067
797611
208116
125600
507579
772126
493403
218414
399723
851819
994599
893264
19784
817250
283453
391413
303064
812371
225084
322243
542189
536065
701126
675096
629246
468598
215664
959788
973795
491120
781442
918418
214188
167033
486699
470621
775199
983188
161156
247391
709581
640659
753535
407245
51216
103622
117868
318526
580259
659598
73639
180050
469726
525071
700322
836208
260492
768836
111243
460135
865323
521196
950169
704374
732223
654050
810744
309351
136147
857674
677519
645781
526797
551
914922
903695
282605
598538
918281
365141
766626
850725
676804
410303
932297
38142
225305
114621
297923
810815
369812
44025
959025
719338
801178
905177
519502
685161
885585
22880
584234
725827
269615
780980
603903
718827
376862
298426
956146
659379
503305
460893
456487
2206
25606
727662
521921
961490
323552
489958
650677
575276
972863
207750
374153
653742
880630
838495
661423
686611
524009
626734
533432
645252
373081
703903
805175
889827
922254
781298
646195
388035
32224
965883
270984
991547
80225
122307
955610
25296
723242
137357
122295
571919
348993
256947
911240
628412
907044
275822
541044
824548
880373
831348
93778
870799
504769
827579
423944
263506
462126
870364
47941
442689
11905
351763
503319
186753
306954
403875
401321
62778
811309
603734
804317
764204
168781
385506
495810
338329
779414
482663
976306
315808
434983
53973
369931
403690
843547
618283
993288
149181
141107
565466
704379
168046
836257
650952
892521
273907
352691
214896
697474
219414
608730
253030
612155
723974
970839
143096
13066
459272
276225
832368
996925
469387
954229
869111
648120
230872
973594
714004
44489
289192
465103
532433
93289
367631
18292
219582
260626
464343
402578
804623
429879
174248
811944
42400
894373
921250
99219
582170
144564
717901
30553
382573
682665
331240
586513
475773
991276
94558
303091
826521
6048
549334
36408
33894
5348
688873
889325
366682
533094
881711
707866
141540
575199
344050
864201
534697
798702
923716
635509
179114
693973
282029
163345
476225
641290
961660
417585
472458
304315
435646
547289
332447
436002
448397
598433
956091
864000
486720
572545
9664
949689
394048
411391
302611
263435
164986
543986
340005
711468
567856
158641
533005
947520
245611
676445
690769
966132
930443
743432
263428
291258
965438
50497
386249
74657
504463
335038
516917
467279
267350
325604
869011
495070
560334
379765
815681
41553
709955
681494
146295
355634
39786
303164
387560
941769
335819
118259
942721
866042
960985
220811
256334
366140
345826
590687
885756
550770
2081
479491
4537
860712
773937
255689
852791
905387
891228
980336
696848
707077
965202
228650
760900
60371
91253
955913
750813
831493
812945
361989
940403
840370
628649
317100
142092
455766
14124
473958
541403
457193
445383
949092
778985
893788
972628
854565
562129
123506
485936
250405
859237
191865
24362
588002
257455
107493
452758
473163
985170
615815
76034
721928
210318
9967
887936
154145
547873
305307
50978
726092
19979
661722
111940
649173
369771
358465
778691
422444
241221
232137
368780
625670
380261
983172
327311
327857
584604
863866
545361
568889
446121
480804
395937
698671
537076
829700
523106
455196
641523
577631
807367
959490
421039
889304
96350
57483
156577
196779
715587
762769
142646
221122
71093
413769
558514
176631
300101
960076
312881
343527
807850
936068
124040
533039
870450
62383
460617
702278
42067
598419
207205
586295
541984
402623
795116
604857
585367
27001
276785
421292
150679
314889
141001
461554
76334
957857
280113
903016
654160
816679
843343
170240
838949
891937
834641
600573
539577
983228
121586
359113
428311
708089
156123
658742
203247
121205
412838
552975
590068
869139
116093
555611
660099
139400
212769
334190
510525
28930
305479
583147
472117
858294
721693
2457
154885
109124
798058
973921
239227
147018
294803
528034
787057
852354
90233
780337
901562
820120
592192
278128
876856
688077
927851
238665
904843
596097
942499
597384
81444
777376
734742
876690
567351
130476
446844
162502
245647
632354
413749
632687
615035
787212
189135
113315
947558
245986
104803
868603
911749
451550
407518
719982
969961
995483
166302
447180
54260
136233
600882
458389
844904
625840
426308
73588
983003
217277
868627
408027
344711
431982
391320
543036
292862
218486
919114
982689
443258
108750
742077
681128
849362
789369
825829
658399
123849
510961
883129
332856
818881
689267
896307
867817
219789
525092
659444
244770
895523
146463
79939
358636
333936
46876
11766
826331
693062
384766
775657
266671
350001
463353
314603
451789
475303
358813
143097
978837
112413
308292
739810
95967
932534
33108
749257
550167
281110
249330
750025
573874
657685
520900
479795
97484
976400
777330
998624
746713
327062
652176
395683
632910
170774
667089
193341
576199
881472
593149
74853
406313
180103
795836
669912
440024
20480
289241
610357
367241
570829
746793
160824
82613
454432
618245
846289
251689
46
257202
179424
477626
665778
302498
35024
318615
839771
406036
695629
571191
526484
93014
685475
3568
701165
749226
729588
172457
592555
841863
523478
932456
924969
276982
71815
63493
282985
957469
298957
51840
536251
674649
756847
584430
970120
754180
757641
561678
6459
116950
641104
63673
95309
677223
902371
459000
673644
534674
125193
675312
165064
73014
733261
197304
987322
858006
632243
852555
47441
800288
741206
914329
573369
369867
701919
404792
272778
488217
163812
667191
253483
434876
965018
733907
692577
552213
415673
305283
172856
759511
188907
905902
416140
835786
502960
527933
675700
940268
580497
643018
817164
553074
83518
148407
156190
906156
528582
879708
857260
290502
287667
491224
853981
716970
398336
176584
716034
421443
191224
770966
491331
177181
819821
638313
348522
363816
374929
678650
613324
899675
562804
875719
785295
835958
712794
31200
349149
470047
680824
416286
739556
494
287115
797427
198535
986628
575446
464797
267172
365206
157558
406453
265154
867720
539875
866660
204439
912628
529797
763444
631412
565065
809072
783300
590222
312976
969918
848086
366890
110986
49160
136130
357028
702710
35073
860686
485275
479663
4462
757077
142588
958449
520517
490595
851434
390332
844386
366755
785671
231057
139872
25327
987618
538713
215194
240839
957885
369509
184382
519198
761465
78736
201674
702093
984352
44353
59495
674090
774735
592845
536926
630836
886270
590457
473147
312549
986158
453661
458173
608938
142638
800803
105782
818287
303753
855535
188102
239571
217423
58713
432942
102907
826238
680213
973331
399811
971150
832244
221202
435662
438678
205571
85626
942526
684254
342673
951466
299647
693186
649359
886280
25534
472447
553232
885467
1528
703005
369967
348230
797869
941433
502498
303667
121838
586877
606326
313958
575840
337650
838614
507581
712036
600118
103445
832440
254799
166494
498087
922421
957274
448630
968408
15010
33135
354297
124643
997261
568338
95997
412976
429912
524975
656364
282670
954952
571644
726956
379528
341052
39434
847712
33926
687866
769646
205960
565059
452453
31878
586500
557255
60107
615530
327478
629824
849819
266865
483076
895970
646323
631197
274877
486616
469848
954596
200723
75173
990207
712028
628230
756252
133448
833
408418
75256
19978
36902
844575
324121
125833
409591
252710
845020
110596
561958
376947
152341
771883
939322
714901
223339
407214
550576
912339
662033
117169
385293
124137
816541
225372
192001
829295
890310
108814
504889
944987
325759
333105
345346
929117
940586
295400
247189
952872
667195
946405
654083
270993
674474
24472
422654
45263
796628
738498
953217
396323
832687
239464
38301
949393
635880
374690
133282
774092
297563
194579
770214
828527
737774
869427
354869
164584
883531
550919
435029
55535
345144
294962
416308
202996
662612
653477
994608
116439
873456
406387
382403
715025
914503
445440
390473
225328
456795
329047
968688
193151
918446
186905
745979
565379
52059
707475
886259
39330
269519
215913
139370
315039
654758
350447
445357
81792
193126
499799
895685
474193
436818
328516
675178
271809
761644
268157
70021
185769
189067
438653
559200
98925
182484
426407
297645
769211
894872
625302
905904
947889
845642
144531
337033
590939
209755
293600
677858
245401
623732
255473
853425
272479
507023
22778
378986
235031
459507
880163
76549
350433
742474
803545
240295
137018
529184
473918
247088
837562
194618
759744
584352
686903
122577
594183
349030
641928
407210
690248
261895
917924
592147
547383
717543
357288
193147
494233
949560
968375
475119
173559
420028
881915
532269
52078
826808
649610
578086
233828
394487
427493
430933
967125
908919
386138
235959
726475
598645
637961
964582
85228
839760
765891
436694
52013
242076
536846
447850
694373
569990
610565
890420
502780
789727
786524
192328
447362
285447
545730
9915
881244
590839
21215
621565
169368
788394
878013
376016
249314
532009
681474
888164
154896
918322
66971
427857
284952
462020
394485
12656
516577
751050
88421
238231
792310
256545
191336
427119
677911
529352
818308
260403
498346
792227
421645
403334
950607
424364
665731
43633
138257
279479
243033
451257
473272
232351
76241
421785
290619
667922
385986
164705
331218
519990
828347
388395
692650
103415
857538
489589
910834
945711
580661
892512
736594
419440
756178
621956
400828
462065
551954
841966
564442
283282
122415
799991
771367
64653
972103
775682
72154
393211
767001
457745
475196
972352
31980
356740
297435
525589
442958
895984
431127
849200
520826
232280
900697
411922
443091
983243
399332
22317
62285
578138
320003
280431
546155
987123
39074
591855
967074
815966
888825
162995
903069
493524
895587
216028
970394
458551
679885
557103
33585
119411
223369
282944
908021
297519
509378
136125
666163
474799
792394
29332
45656
900489
999120
899074
535791
535361
825901
834169
579975
921156
777245
706541
507826
556606
165963
907260
358826
90520
186628
867128
136847
618449
976014
778002
729548
342968
663442
726564
844631
587459
945332
837850
389654
245903
741955
315774
896223
43125
96844
885536
974872
255621
38217
316766
67581
214178
205879
113493
397120
20730
936389
717092
231307
844512
126184
427673
634529
247367
537803
91963
964194
888989
770532
188852
76269
871745
538018
173400
860320
385251
221698
911254
559547
536311
332929
353274
808546
8214
889388
88284
759873
856177
625107
402153
327178
518834
327068
822219
557145
131441
615411
641528
99577
979279
162591
497300
803520
99763
772272
723460
968085
759903
937749
975057
585298
515758
326538
245236
883140
916396
225902
700100
768655
338449
19570
206265
665007
19036
825006
945564
761177
719689
528782
159949
732736
216046
164137
435760
431155
291768
330674
418357
987619
879484
609415
437443
489923
530748
842983
670529
33544
905401
142657
962497
612048
464112
724775
456073
810719
355442
488097
416062
982276
802275
192478
664175
131802
789327
349446
882747
992234
357412
850346
891617
685102
269392
395869
314274
791088
152824
181660
332821
990673
383761
643304
381703
518822
851487
221557
539340
986941
871432
64634
558438
442493
702356
994153
81873
238251
631876
226169
617897
77833
124555
12830
420729
603865
801965
68443
239329
271935
2547
879917
333155
284996
132616
698920
438282
273271
546612
112544
22199
218926
598962
576702
917897
93354
229039
276530
75176
344
743778
952967
381871
754932
241730
80082
712564
78024
567209
964932
321716
37202
83843
637407
525024
988996
685106
417029
755390
520165
912066
154732
829054
298517
109188
107118
638106
633069
54025
492413
235176
633029
673085
107956
781183
275663
328733
538952
753156
418720
560470
462877
574544
541455
896572
235317
725567
707958
732707
524803
982872
862806
536734
951326
292372
497303
247186
107089
732301
719596
671989
421711
323588
487637
508776
576836
394255
966910
757423
726790
267485
851269
27017
106090
820199
971481
938352
68403
746742
887933
816687
97574
302539
881516
293851
593721
461358
97815
296367
97193
218262
605002
751944
323115
368817
848044
95161
720762
885906
329509
197004
761743
21621
846938
172630
799215
617839
920916
115446
155550
249910
731774
210026
85169
296458
363469
838221
282881
313216
739322
477937
921788
597353
834859
105045
951573
423651
591344
660483
114843
741307
834152
756809
970536
87678
565380
14737
73776
183835
680675
895711
763129
2166
621661
84455
116265
305611
420252
735369
900859
510717
516259
363690
847692
779195
368946
494320
59474
46541
69314
183321
951915
459329
926891
279097
39187
402092
462758
279438
454960
367135
592684
501441
670408
890664
215101
155388
551506
118850
12988
578914
757930
258586
407607
721968
281693
899454
897797
609902
894436
91684
756297
722257
565998
979797
698643
458288
661206
450228
526885
693793
965300
519471
182930
295216
818831
502209
661890
906299
363696
315745
70867
707181
577298
640778
491610
211541
815989
936104
900679
788066
468241
575516
503398
901565
719144
53804
280642
430339
457780
597130
841572
873054
180032
485887
808761
656575
152403
748276
880081
643834
783110
292573
246148
6141
269879
958467
426031
25006
892438
251500
62940
26593
920477
433768
173568
458291
426204
168059
969309
770309
395442
577314
581768
799384
321240
39172
954693
698882
489111
538935
985614
550603
704474
942187
197170
148071
913950
294199
295515
863759
729349
547390
853032
711230
235082
322237
948408
396293
993935
641204
44360
927371
377619
663407
436020
633893
616255
369200
271386
731726
452639
345595
231900
215875
375406
180542
409731
981949
459466
782426
659073
862476
899782
614930
844431
24013
953502
340815
819637
136264
663429
241485
701864
68008
980827
59238
877965
316375
982267
499833
615964
792438
402416
903863
266591
614902
879239
447242
742682
490390
317119
335138
964677
426937
819549
563036
491573
226211
691676
317585
883097
919888
532290
329209
327711
389361
782990
259195
28662
334852
589646
793426
868207
890446
554764
968733
218429
533432
382952
85443
315675
185732
24897
459392
229388
341482
108749
423505
938110
525011
333513
885368
882824
562801
465674
618669
336978
291705
254641
311905
786196
446334
300540
382895
715383
157227
36986
857058
133975
989917
695831
277533
768298
719835
733973
13611
21178
469682
124635
489188
213774
814833
831975
798200
328743
559806
254368
981211
837350
570132
503879
599245
415307
469274
306315
724101
278360
905312
99835
748025
375251
553848
527830
343820
246891
318575
484670
219285
255346
659239
204491
225160
176137
551442
784764
458500
126041
538893
925257
867768
891133
432663
289876
290738
502398
510892
836477
10374
190006
462082
779285
999831
687381
694495
673130
498885
860866
593557
687297
866163
710873
723740
79841
429299
193811
951626
683020
651473
614659
969393
684361
223481
568637
21205
988252
25862
83153
364296
935640
707368
965813
461668
749387
126256
841600
509413
762583
519995
317651
531360
811296
903673
459474
628644
713249
384089
156304
391084
254745
973843
120457
284349
12259
989073
83784
340706
955812
689978
259433
693314
861022
15453
375865
944347
624417
854839
431929
516061
39456
4002
961730
409061
442785
840282
465538
721428
979406
257836
127204
513420
161129
116989
14606
806087
973853
257844
302852
625747
199983
320069
635946
583342
64339
419739
76326
848634
935771
263201
181796
274141
187722
307374
672179
403639
903239
816523
98764
845825
30445
497121
389427
151807
656767
713604
219255
536929
549689
888598
237331
566268
447618
365721
991479
200031
728829
167637
274976
859925
492734
29666
18787
71031
634585
721875
484426
62251
367383
35007
817685
238589
858370
17709
199202
961752
668192
6043
254119
204064
763388
192427
458971
585199
583903
818283
828404
330347
472414
284991
139916
586433
516109
794733
593949
568768
905553
333381
619563
146260
444115
543979
831297
441181
639825
903043
735891
735723
901710
241719
631234
234968
896042
337064
80703
877123
523340
309742
483783
227684
606011
617870
725964
222481
155724
604151
20148
285196
551862
83641
852346
41798
256641
599875
251699
124789
696221
254039
989483
559693
656975
726668
921454
503326
849542
563455
430818
629641
320012
79768
569681
77728
943512
347508
193285
891929
231744
430132
87692
683823
614091
966113
90523
289366
600101
612347
937423
635929
785260
742685
196750
618833
931495
638862
652748
423747
178646
767078
521962
809559
775332
363418
778873
415537
715961
14567
478299
28014
294444
388631
346186
614205
429206
490163
456371
647255
500289
86534
246010
135260
524160
186121
280481
812428
34648
630512
749443
882398
788316
375120
631610
262593
415894
261483
797728
647020
684577
81946
805875
15076
104020
936661
434706
328330
751769
795682
481444
175902
751771
566040
411864
38740
562525
340879
739270
566993
558056
510247
934068
65474
783453
490289
128309
959641
707176
384317
937325
521638
194453
457857
621103
735886
265341
732962
827271
298474
734936
970658
385299
856062
635062
736679
898764
888468
435977
783012
154851
876852
953562
845094
670150
960067
918492
461309
23873
294966
800862
43717
289985
676785
427097
557456
878709
962624
733673
576817
990157
643760
931289
117288
885668
358731
351575
367397
894010
74927
751174
942971
215386
157386
689587
544226
2203
883700
781151
654632
640513
792553
132474
734646
767555
617058
626353
324731
333799
169806
253342
461175
823690
390898
833310
457510
641660
767130
768449
26439
777223
505274
404442
742727
578320
776678
923893
427919
936663
137195
92392
685543
552985
733576
709250
714053
665109
896012
621281
407414
994027
609101
856672
252968
483167
827266
629932
834258
712061
385022
848440
151040
599959
90314
197191
871294
994474
785373
394982
294625
269087
267962
158780
785069
227437
708391
91705
189670
426523
569285
191596
63222
671203
355153
426673
389623
33330
171830
626631
219422
646668
111564
873344
728837
736205
791985
34001
244244
238986
553858
444361
875147
952278
842167
990111
142637
837153
122328
901924
318476
549946
431968
730071
382638
890549
613292
385431
751833
96423
338400
45107
584832
141774
386135
934237
979978
929230
358724
419390
3515
172694
927786
904611
899393
845281
376372
20372
999005
258649
44274
992837
200684
760533
461936
361958
210322
539651
580021
315413
585218
39457
500373
650036
296299
681509
601587
502676
167298
25661
104983
151696
217576
322929
290920
340343
501177
552356
778054
624801
67761
342777
656198
824098
101626
257681
727307
263261
448470
587635
369149
804592
630949
449413
329577
10125
837972
455927
152885
112104
792738
138623
542142
184844
154576
365822
309840
932937
702885
191874
429249
593096
223451
784421
914666
237311
479849
196818
787267
919679
927982
609447
72474
642730
109047
114934
454832
168003
706925
134118
568624
276830
19934
399991
406413
301686
321254
226147
938807
38301
270906
124383
844473
915086
681808
848961
329650
150430
334318
729339
622445
715217
628878
667781
82336
855945
655915
1625
78270
493466
409132
365016
16313
717432
417641
788874
21784
406162
878622
725827
557424
421112
199979
257760
390018
104311
734021
566513
988017
618821
103101
407921
640414
814295
279211
196336
254370
510673
16439
126290
393127
945557
723779
714991
603107
340092
929336
451099
707122
594339
470572
522945
81039
260189
437485
180713
610223
866758
554861
397401
243387
684663
946569
19159
112616
406229
943480
77196
495668
774148
559500
712195
642942
419898
716136
431249
566658
326126
778111
578575
936561
942382
494660
442819
524073
666832
883828
422429
615126
627648
597564
849053
552548
723833
353159
846993
202784
890383
571304
366716
644074
456872
293345
694227
400473
86603
273486
445793
516139
171664
950577
394122
478631
458935
105947
870636
601490
588757
50995
155041
75082
985129
578918
498721
494594
581133
227755
363461
524890
194760
797233
666470
289241
164416
89896
184932
586122
297101
36777
754242
857714
353896
132419
565359
870442
787138
728419
85216
234140
226993
964511
793304
760414
636485
469343
65737
518374
104889
949800
735764
129065
133381
341063
560941
433877
447569
245398
675994
607975
546947
855342
616986
623017
751225
386473
273122
837900
169170
397586
268802
641310
289319
854380
749671
753447
165848
73179
275130
807270
51648
685107
505957
631523
995210
855516
765685
449585
12765
577054
684250
372162
844019
571919
135180
416678
820808
86230
257992
632738
545965
479835
778104
918889
789371
958605
439409
623802
140901
744783
385238
806869
357543
249152
341657
805147
73755
374437
924002
552769
610730
594358
165832
316720
230815
879810
550972
446717
595415
108223
939589
668416
435797
804722
254885
492179
649586
632055
55579
308777
300017
47662
441282
66184
296113
871234
508439
634212
813755
626583
499608
960666
821883
788175
440263
799430
326604
444921
922573
575873
274156
992408
95740
654586
948047
657675
834285
217839
915215
633310
463240
924297
499328
131180
709282
61906
551842
732142
642177
509652
192880
48037
252411
600143
3605
59936
235516
123606
794750
714410
236133
357702
214282
583444
516306
95844
157598
571162
388916
327762
157718
749557
27037
862702
70358
17597
770523
303496
16638
631608
850619
855741
491580
562115
522863
463924
814139
654107
890186
238005
477049
957513
81767
289825
98614
803496
282282
125522
549000
721556
674462
538447
136396
919601
427198
788396
715574
606677
927183
199292
149194
363859
958314
348276
781604
90597
1304
68638
153073
328885
127573
303606
936896
829448
446263
953829
373235
873223
601320
350935
239503
928236
641871
904187
2227
309381
925262
822231
618278
106984
235812
425477
573641
641204
400881
564173
449835
897855
207770
625696
391035
932065
856067
221935
120408
880092
135353
306918
377157
180647
523250
484617
951736
291093
167403
417513
890769
500071
232689
270914
639464
668395
204796
56052
626623
889230
811701
255261
408087
117253
5849
85071
829588
286709
128371
491781
36666
600081
958329
807664
16441
473641
470651
634439
946629
236694
418861
475498
432457
83916
479747
245377
990352
250492
908256
692720
910166
323354
504437
240106
12332
23225
604478
561693
157506
913554
912405
221195
965780
72611
597490
877625
571572
569268
396992
349183
462448
357364
139036
910208
45663
739331
714028
456628
33229
915465
550874
70049
999616
816195
120492
67241
649191
295582
858754
32316
442974
811195
572075
396013
409504
40723
374243
226723
735946
653492
935597
354214
932104
713066
50889
797273
155806
963769
131091
724231
803541
616453
880824
977045
513216
790485
817173
998487
42026
497068
676526
627775
48669
860503
78983
317233
982545
515397
849059
106418
126704
244368
19478
905214
544834
546074
902857
930488
578042
451282
911818
81916
693212
219862
75213
671185
755849
793203
49156
37562
422441
426823
131542
448875
18931
742472
306431
655705
845340
702493
575171
802474
48345
202666
112976
802252
502803
961193
594415
227297
488551
790835
351974
290776
892694
375903
13550
774295
869840
180993
861196
286932
916504
918548
863183
902851
232980
892978
239205
889834
452723
369407
636249
200400
486267
247206
169901
588244
282414
245627
151632
272089
866392
394624
694780
423711
358136
836867
42734
29933
562056
888740
263363
576170
214763
686005
949740
721740
378099
192954
730126
988583
80395
197583
783288
882791
744711
641065
152194
42649
341255
191925
126398
630627
953282
869212
374238
245972
368756
181224
310306
463574
313638
985216
4987
772800
813527
977103
912769
106440
877060
684867
799886
957718
943321
797298
625141
591603
954612
888598
850914
810336
234514
2297
481296
324611
113368
931052
450657
100925
187328
169009
375069
360407
912286
430584
70922
131930
765454
647558
339619
287357
570109
926514
672953
16889
157328
191946
869219
287737
774900
472530
653283
358381
431747
130604
28951
913854
96463
830227
169497
624604
663695
306817
320563
129586
499876
777585
27458
812027
386950
690303
637030
341550
220368
952875
69347
189013
645476
513660
583127
157308
29116
667265
677464
486276
772046
156659
775273
902103
544667
56950
901721
416438
72213
11390
825785
84205
975339
852558
541496
331368
958514
53660
821149
328352
68145
326225
650719
684014
116553
652076
571876
215232
953727
843206
337044
745833
554152
212656
817178
234130
608112
850616
501815
571470
859526
211723
124290
9612
782056
863796
749376
870501
480006
366211
602140
779606
397973
277960
140547
851463
759411
81727
743326
208329
865394
298246
207853
930847
748612
376520
242301
952947
902209
860798
851078
234154
626263
353548
822435
261905
664974
809863
766254
351862
967926
146646
308983
442964
318064
69494
343905
221926
172951
126231
589210
279260
538057
809188
455285
312939
328533
68320
936038
209919
606723
94443
367641
301068
953658
424101
834927
974914
361298
995113
692310
914463
127735
273146
272387
830750
166966
797692
96079
51789
913831
466521
621675
864572
998967
448708
14914
659729
689681
93466
972330
173369
291881
80420
767173
341433
78565
830201
983290
960866
31976
747073
694092
714787
149948
905044
433428
701752
256538
935744
143455
342337
279833
634922
990822
771821
805618
220364
235494
933781
901740
976412
879068
453605
566184
673101
175839
182901
413387
812974
326105
719542
404739
306417
419171
24647
979384
278471
475708
636007
118225
383974
633126
976773
809056
40684
574110
719732
68651
540893
340662
610362
270936
457480
585360
942792
320436
818569
690169
35267
685472
781287
635807
461248
978072
853405
682161
335119
61025
954294
666898
640622
471183
256081
338553
331487
433008
693957
115944
828500
308505
377053
483846
421254
799242
541828
145307
491364
309824
796348
994856
926633
732120
149128
476449
434502
969435
223274
484040
44863
108074
841927
191079
397650
595591
593574
559338
939857
345533
912151
420886
605841
378158
360560
425642
70203
151159
417203
78225
711871
815873
874699
172736
161129
784231
960885
656946
267532
422527
339836
172030
187226
412039
675420
321297
510294
525934
881032
855182
630304
41980
593928
695167
497647
128414
492154
320758
956190
837202
472888
681604
4893
744555
55898
507285
507336
791106
700434
121766
385556
378937
690870
965477
454309
109613
396251
337636
260350
100408
5916
225017
298640
557855
671802
745588
901683
263199
405533
807293
221170
872271
867321
280650
196032
673458
718732
895547
506377
430107
855427
733458
670820
339645
168893
785810
547236
475214
373927
547123
527502
444760
953798
832894
605605
975836
485203
490251
131424
551843
122304
42069
969149
199778
665
65015
525806
982281
834630
933446
994354
543016
567276
74378
682047
823614
339252
223577
790683
719392
49635
852946
768906
566979
497192
662707
276002
968742
946613
228568
6458
878558
883141
554641
809729
786879
117819
829406
21675
768868
15595
349897
129989
773596
101746
493088
502186
85425
622655
424014
302542
780182
999477
39957
898999
648044
587113
523435
355724
192625
530054
739438
745862
452678
502672
563716
893123
158427
300037
719635
451897
430329
233887
342234
283783
664555
921591
366186
178279
511754
421380
658757
231616
169380
257216
125841
7576
894472
319979
244857
135783
264881
987241
236833
69895
437837
800582
694019
433159
249192
168730
13355
112478
127802
373512
195019
916028
923017
612512
441276
371388
209596
676260
136210
615862
230014
703784
748698
781874
341643
960082
576627
354359
527066
180417
990022
637377
225575
105483
90147
689040
309276
814366
808121
999709
687387
355335
734770
701864
596331
731281
944425
16876
658876
752902
243337
275956
481432
232657
365571
897735
29609
119171
728747
745727
425441
381236
382960
76920
193289
671490
283702
467811
898858
19317
874962
110138
580946
126723
649825
226958
547203
703406
834181
227452
105854
856779
313533
911166
506407
818463
356576
598429
64277
122402
778934
834501
61752
620901
252787
451953
8487
782031
235409
438405
132358
320259
223049
413562
277649
871966
613421
446579
773767
126620
689253
206575
184437
875674
956740
132440
664221
426870
358214
46328
338500
269778
557864
11339
107029
349752
405860
319599
417397
348119
516040
613559
397476
651948
411634
567904
159052
891004
239210
682587
963562
993085
422620
339209
983958
456660
366576
763205
25648
540281
698504
189274
367465
931128
48469
821269
689387
304720
641814
641590
710694
63038
531503
94272
421752
510420
220258
209008
837624
182594
872684
900170
506912
899190
916734
972814
24724
772064
157014
44682
199315
681422
479546
719945
267641
85623
648657
180649
95790
849747
406110
321738
91823
18791
533914
47523
166839
566751
353644
564078
489737
957395
796807
6147
613405
239468
99616
146755
745445
519968
241483
141611
601978
232600
631089
968136
202856
596723
431728
741321
160403
556772
819791
209904
107972
526135
709532
783011
652052
382001
635685
640031
624819
110228
593679
427020
502229
708225
40150
593707
185851
352056
725153
519787
463577
350972
775041
16859
588393
964370
950086
52603
885132
63463
533950
536299
696216
298257
921867
193989
736450
572718
140000
153734
450729
204009
534872
192231
244669
14235
804402
369354
828362
830349
806957
591312
530917
917852
544636
751367
245873
812597
840422
99393
550542
949504
797886
426752
128800
387098
531641
846157
117623
12218
358641
135271
479072
347445
644149
362585
418823
223260
396554
976100
634951
745859
694787
362460
571536
329309
165496
615631
799796
370755
37606
474591
836942
209747
966435
913713
671695
385205
68156
234430
288999
31481
954541
207687
857548
747932
239804
447525
710825
346346
460850
729534
243046
737213
595831
185748
608912
189987
7689
687287
57574
657437
306392
960347
886783
164164
671938
381060
109594
543751
264934
883997
491844
655823
225063
572457
491296
994691
214783
69457
681110
137703
166269
200667
225819
630943
138333
161788
957848
913618
334274
107204
533114
690730
381842
325367
148309
258999
369966
20988
402421
25267
44876
4783
815107
873888
894580
671441
309521
49806
665619
198687
960834
72953
688703
286464
675033
820110
417544
481815
958492
612302
151671
827513
633764
368460
943910
851192
422148
559440
680507
855518
888148
556190
287939
571957
839001
844304
683559
5507
288402
583968
808205
700820
227810
536962
392205
905199
299221
880942
505806
99882
477840
23291
674749
583450
827290
440167
651689
303458
623745
617139
553854
737388
453610
344939
711837
345398
720761
683716
395988
145988
168345
340254
922239
807604
481768
192040
353018
320110
811714
907682
939649
214905
724329
240894
893735
314475
439502
50976
979119
468601
617918
258181
650187
202988
800684
785343
371759
896949
882647
741534
561296
549975
960215
6123
353598
965634
648202
653838
739291
87872
834005
438287
350903
631432
764505
838713
821258
678385
177204
409882
790220
651904
932785
516968
191029
115362
745869
40062
789452
674741
436455
423363
12846
339520
629571
466283
610782
706627
579642
118679
180739
569962
638018
98328
493058
962971
254678
346065
194040
210926
569218
160762
3220
322748
996749
72321
893584
479376
33474
213131
381194
297339
177565
919384
955523
466436
20815
243652
519283
215676
189294
11177
124806
716014
338301
835746
378935
99573
554515
761899
18248
898537
132714
132516
575963
623089
189446
378548
860592
981564
665855
49674
253500
630219
217389
161279
100706
455462
442992
92247
51792
986478
596569
615975
986553
246546
537593
4624
395370
681500
990212
226665
504076
912931
39392
504507
161973
186659
481168
266021
298346
447401
845368
806496
461237
59368
250764
4253
643167
336810
626329
7115
634571
338080
19440
468149
834095
238490
742442
876295
398383
157266
368797
313457
294936
405986
56026
736676
407926
43414
402591
622265
863186
343388
367968
937265
633483
416408
429037
219351
919823
836948
758655
771714
64247
756949
933413
923958
482237
44680
363014
515818
497946
527643
838226
58853
700352
270249
337674
980354
667057
63629
988520
738770
999675
131160
177579
563040
963664
747997
449859
227215
361350
726057
827158
307872
96999
715024
108141
6608
441782
550754
31999
216606
143359
575933
449559
900458
608985
123260
11620
188345
125052
487245
764509
640213
521721
346273
208591
790098
665562
155004
638212
576747
576598
194796
105426
373898
968305
411222
976061
883302
407854
929515
795146
235015
832818
202426
934113
66725
405367
675744
293853
771118
858217
829338
994932
530343
341984
463611
650750
714986
793595
443257
342244
263309
377045
263841
11238
770915
683175
341739
264200
68252
54842
634600
849818
468616
934279
957719
797155
324409
730285
807256
716393
403205
49421
34360
973920
867434
320325
938410
305965
891341
398152
974871
705877
210075
286871
444748
978823
995472
171550
826514
441666
806038
919405
891611
573412
48901
868881
516696
175633
563849
81359
25704
952572
892065
358332
908394
355733
811140
613372
582963
916559
902174
176021
265755
370700
588920
542127
15346
799976
949429
730538
946257
593823
180920
41052
363146
485340
975779
856614
351361
881631
389051
224561
797844
204105
229863
63882
316534
684615
76887
463256
53529
134489
393922
488566
652873
554622
820807
124593
128214
495998
547061
880863
337514
464979
922854
76314
474809
178741
888518
318872
442453
275265
447473
609448
2017
251525
609594
844683
756382
676650
63561
330861
803745
880255
732316
711487
936613
928990
30190
153906
821117
945917
928500
26513
463714
444115
423108
13883
849706
120356
107409
581628
640858
839659
248273
13576
899026
66404
787647
880723
984102
86643
192508
206608
533774
440884
185425
83139
929395
519648
433615
510597
122153
339864
439576
914132
195196
751825
897526
970900
789475
354717
360936
784550
2386
36306
883774
674276
290667
537881
214490
560310
245524
392405
814166
814804
589603
310445
114052
884440
77494
791992
862224
686590
376992
323332
381506
895612
381566
86659
824800
335480
994599
625555
423920
221547
870465
444265
559515
616912
967473
310041
224366
410184
945322
613124
744249
126349
21607
482206
787418
986513
890995
407130
283860
768498
736229
672245
461592
703004
282090
439964
81446
408636
298555
434235
382669
756445
964909
114339
92942
568608
122087
86423
247839
794396
372205
297972
171339
601488
847963
319802
624438
409793
996014
482171
713791
910005
832125
567710
948350
797706
923013
370128
671916
876083
641249
31753
98530
121040
506008
625334
220666
3050
371985
856072
312274
770952
58401
779609
972015
322672
206277
330998
92989
636413
576811
70669
288565
289881
164523
721716
142103
813720
312915
445331
286231
844850
56287
667888
134932
484506
573640
100566
874371
803455
747827
808736
983402
651806
933514
983463
233865
341122
579240
716678
100179
966746
243950
859782
761177
944629
643443
455339
968264
91548
650392
662042
34505
160715
315768
551909
307974
290702
436286
664821
781645
23925
389266
687955
464012
818740
759852
665427
153340
880793
424841
240669
426139
596522
37626
727833
577617
348378
357209
954934
435124
273448
324375
64727
812775
290453
752433
357852
791709
785088
16961
508744
2748
236255
206385
513172
395356
209884
943882
41807
337710
886857
946026
776688
714233
287170
111764
296570
923776
122142
948194
186506
665280
538385
939477
759552
911125
452193
641229
925000
526844
940355
976212
910020
825011
73234
536020
576216
554045
513067
949289
429457
769282
784423
650449
241522
988435
756726
749504
762077
771978
104789
246800
569819
824271
283883
617622
645640
867576
990470
209168
280926
249544
588013
801210
149404
560472
841057
574399
904914
931540
644277
118861
761804
271836
32711
180481
787097
308874
147610
994050
589558
446931
167825
127530
990556
622854
160138
808350
605731
982514
705045
819070
49041
627429
785168
642744
743300
733838
230112
92087
419319
643716
220366
261497
115060
672032
667451
835199
280662
791044
116866
963741
297466
289407
581224
845297
277890
232841
289410
989872
898053
464424
620644
199836
727767
211894
34433
27474
793200
140985
127588
474303
104123
190322
94858
484531
626685
815857
828057
428046
76576
312229
199489
76822
745756
675826
417390
371819
216321
711163
550247
166226
425827
432383
259526
366957
66785
883167
222676
899851
618964
297789
175617
141660
357329
609921
724476
823869
874972
508981
952885
222002
10793
745104
696109
764209
258767
233680
408054
146843
22924
902912
948877
418694
273391
793
675088
622261
118694
111685
314781
22953
803300
824895
202313
67344
871470
468373
533370
635804
232643
115919
959266
880303
334118
715050
251992
26546
703177
412861
257556
149573
711704
336253
22727
802384
669023
606428
119125
243896
871384
293964
413424
192622
709397
157409
78226
452705
723782
677396
304279
270292
550760
632163
444468
847498
253707
368278
58520
191837
753406
154717
572573
97518
119576
563606
978283
100854
599909
966762
404714
641083
235692
872087
926689
843231
605978
706888
863920
819411
351757
212064
371174
604008
12862
996885
2240
811462
896971
761785
295039
386549
373728
564181
568357
900120
106882
560110
632139
991291
919223
927785
968162
395329
901206
429578
748868
434048
167399
282840
833910
260008
933878
174749
35069
175006
639545
747785
592985
112103
465499
715062
546018
658239
258916
65159
5886
207114
648455
986601
864381
780322
654409
779579
528465
602895
710857
185354
869229
194516
64816
130037
955256
719526
590325
725296
585070
824312
963277
596387
898708
100209
778670
283634
40341
458815
622399
624408
389182
244357
968414
640684
580819
739696
644045
395974
543948
652775
321914
980411
641135
780960
579561
578179
595339
853712
308992
841276
640718
390075
582574
116552
346052
122857
523641
694353
447660
197561
844836
425964
909881
711695
918329
27035
932834
143400
88504
619949
299110
854991
385756
15424
511840
161385
144070
372775
200642
885610
985801
944486
615921
843242
592081
602
532349
393554
247856
935222
267963
89392
568327
97703
102913
517355
275213
410137
464318
486416
265663
244179
43380
955338
112164
277310
249106
895344
486780
102019
786482
104185
59524
939281
955115
155659
539177
428670
803412
907184
868615
290629
39830
170986
618332
970222
216749
541661
504910
855435
352699
339498
709461
204638
570761
984093
639814
36824
177562
321788
606461
755836
815982
393984
130087
953634
621840
929824
321897
5656
430556
370504
598129
465699
11089
644841
789463
273379
425550
688233
445295
589396
936813
287483
651629
114609
171513
56586
536565
165939
9997
945744
30399
995383
439050
308739
400292
171901
97908
277422
933511
713292
161386
562973
581859
205108
46400
776753
106156
463275
141434
611668
36644
191385
946408
118087
213694
266479
573785
925975
458791
977202
204733
831087
836597
489302
87899
208710
453871
821253
314859
590329
311927
527935
566033
778547
919632
631835
193462
153928
332752
872427
266757
601889
488163
326461
763775
159634
542009
72062
773628
4232
456845
784762
656319
126750
279955
927742
432564
491022
373310
635359
161416
945924
421291
569811
175397
214158
785581
302396
871689
12848
23862
686597
382978
628629
491678
408101
870664
673055
660371
36097
756854
815199
988638
249006
722983
729824
378701
70420
242025
818334
775747
53486
308769
437588
536536
754477
414843
857395
192494
694588
137739
509551
758737
48607
10373
673394
224330
285493
680149
39988
716609
488412
756444
556130
513932
632179
940233
434939
104792
701370
539919
989562
90546
478614
95496
106798
211059
204658
878950
386277
978886
895359
769745
928838
432279
521499
902435
123454
627354
442512
750012
939731
463093
561843
787330
418324
894859
66541
587576
253233
985510
872470
731258
808935
304001
623805
246675
898516
381935
582532
369019
600936
283882
139432
330288
835900
344508
809503
633135
420605
826691
57754
217551
871360
647589
765290
814843
918138
730001
119038
425034
864775
210925
537290
958333
15336
396641
15684
750740
120074
289088
18888
271629
769281
630350
64412
433594
297684
183154
707533
898749
419121
731577
674360
648611
697409
638020
900645
586075
339926
141840
368525
799122
978945
316064
735356
427628
308097
862153
586193
472416
406998
950234
158947
634544
20915
332325
849342
220420
948561
870126
308491
661602
867680
134704
829005
271564
336472
473926
509448
193015
418286
948733
410300
500387
24483
336243
937807
580379
949430
304427
290632
407051
323130
482481
321399
779897
269506
772324
651507
873634
674808
366501
537212
877554
567757
114267
578110
363870
706315
53728
696119
716834
517766
192139
644271
761490
263856
406298
943462
103327
299788
632572
493837
252777
336891
430649
610602
385787
85298
872127
181406
341480
496205
661514
425859
614463
819516
68398
630383
703469
201435
879492
513622
669360
502816
179183
686668
817524
73774
996490
99815
299468
642438
915824
317250
107726
497245
974951
207390
686923
63368
917097
321252
716009
811732
981713
519750
303455
929714
149599
827523
656397
970191
904808
111241
64758
752386
880477
49012
377947
231775
494197
943605
397109
810152
221946
688718
870606
420387
178093
678457
307196
723783
90327
783528
204731
678864
987886
351656
733990
39794
168032
780319
714770
210026
325694
124660
543111
668527
745160
793485
693468
983432
454993
166323
571758
101111
664591
902227
929852
590611
46337
497054
916962
907507
876669
813071
822832
940614
675797
784908
443367
917888
58341
754790
350864
647791
187196
148283
967608
525868
903909
553659
116299
435756
715857
581063
37132
513270
15906
462133
7086
906479
211734
836976
685778
122449
176590
445565
194974
33338
944571
974040
72054
267233
168164
295485
125338
783459
187733
64322
361052
684283
403624
662433
189948
312977
661417
832532
816290
849705
913640
241113
125622
992124
362912
839509
625247
417956
838975
744149
463191
962416
156306
390447
760616
351319
691919
131527
791430
606346
495358
872365
766919
691490
117508
351012
814147
71225
286925
141118
32836
560660
117141
118818
543978
819261
231636
120944
80158
340272
256580
723259
369777
573163
75920
654901
545168
651816
409946
172649
6118
623783
696361
473825
129614
265188
817646
284007
808499
277481
28721
822825
882247
940220
488669
352502
552796
61624
7780
40484
240546
671161
27600
636116
60734
956913
122344
631310
114563
392280
572923
951494
135375
976768
174028
407808
33861
67014
537433
649231
67618
445540
875082
261497
705022
59684
409139
879286
302177
825519
728326
470359
154880
411012
130840
498500
900691
668676
32654
843678
278676
512873
607972
25091
699093
671831
332313
509167
881534
68619
318523
903743
311203
136240
630090
271377
674558
153680
984588
964872
590542
531047
996653
711852
862283
643220
68880
427118
590148
596329
484726
23497
700311
190753
904649
920707
681164
579761
922630
1618
443983
415223
476550
852572
229385
383887
556007
781143
103194
644869
170715
685776
36725
685796
257613
364487
640343
799661
786475
828726
745125
543267
420244
627506
854561
33475
4384
40875
257224
936082
58950
643854
531660
626574
153262
638409
673961
66822
168660
490030
813926
105030
622741
307057
860779
841898
17370
955596
561273
167187
262622
305730
262793
11640
522461
322367
670021
46996
353435
981982
805789
157437
139789
212613
293960
197269
387432
678443
473816
989721
927685
361786
744759
534615
528750
911824
400835
445564
422792
908575
908932
115339
492316
830771
313030
346218
714436
119572
495576
727639
393902
459201
689887
708791
458512
973341
250839
50831
537576
28518
165416
877324
981678
25311
553313
317052
750106
606096
369491
320927
269259
820580
936908
81432
272795
383088
952431
849918
910140
346451
265389
830544
800014
95928
34658
606661
818625
684024
20046
876800
125346
563613
733038
243426
324548
562177
839606
105978
749132
328278
748142
595415
695064
660671
225830
342271
117836
173978
847895
390776
335099
751073
473112
909251
19759
303206
144633
685736
222934
874044
612608
288876
128841
814580
976638
7776
203001
684485
630732
1684
438328
684933
486247
743080
428130
113876
192422
412418
205478
850392
237140
915163
518133
155810
664430
884596
929093
474607
367930
403431
665794
237963
587458
447832
598482
424976
340396
569994
189955
815949
771127
529678
398612
71042
805844
553110
333789
492871
968862
876263
839323
803979
933368
550573
336284
917754
549506
482856
889603
467320
345399
375108
450169
402443
127142
989127
820912
813205
689035
565988
58133
948862
58378
392108
306514
718448
310983
765348
645693
697468
15652
781233
975968
941914
599576
32880
763557
199437
437545
703202
238878
137061
445062
545349
640495
709982
652547
866238
256409
454758
773745
179505
966755
633212
997209
603059
926630
963380
735125
49239
883318
258071
202892
464805
266025
177639
1608
174121
254597
948287
225846
572647
380554
322713
614201
508140
458584
826730
162475
15039
475262
435176
31409
103479
284897
610859
102777
364006
247622
56625
911699
231539
936252
525052
879785
877253
128553
736214
628956
334619
185007
719093
5309
28409
758010
368441
129317
397693
946153
916177
243058
966608
998486
74046
106142
892984
826052
418352
887549
774089
118052
127372
546131
834748
318724
778575
674191
469016
404500
179596
712552
255756
992023
590737
344339
538718
813283
30120
534814
157118
406868
735033
769324
699316
973971
237965
155086
295033
653950
961837
364794
378657
123893
755113
982122
347957
270784
131508
116883
573791
494496
377324
577600
478846
437233
605816
999883
334682
927736
50059
61304
697841
762191
196869
727534
570160
920490
920760
909203
191997
299589
380743
817411
519921
384108
597099
449260
324771
833510
771023
577608
127327
75647
648091
105976
91958
471537
722767
110650
929647
831598
370757
716295
436891
203085
792536
344140
903622
692686
800100
616450
554570
163980
301795
50668
944125
169662
140214
272173
729994
287209
25989
993155
143581
269990
232253
755684
611896
738507
160056
915571
700579
27961
343995
403551
757632
10242
609176
171992
143420
997556
192180
27375
753634
168583
545315
779466
276234
924254
155567
979264
113390
178109
191288
325463
461148
555464
33333
820695
194120
712692
998168
954442
273273
652941
833680
682131
881060
448162
173288
646697
178134
295440
950093
910254
5578
722282
221868
728432
783834
461314
81274
987451
901395
642647
341453
40664
665313
383258
755880
313255
879721
25374
42836
179348
485942
284893
830377
70457
693258
278689
310636
534800
229718
539926
760274
157715
921798
386985
84963
703026
8563
824348
206074
88368
293884
287529
319464
572891
345775
250256
214201
955750
752096
778111
913358
260837
672988
287901
639465
891940
336248
152180
444680
786723
497666
465785
382632
226674
707993
245304
437610
406181
555929
610976
297491
575989
17262
432809
551342
907123
464586
347038
972044
409513
647025
174538
392172
92303
461745
104323
384757
345511
853104
363406
879136
863286
235229
617709
288754
398687
336840
744844
876711
291357
883470
993028
449067
593948
748013
328969
330241
212213
706934
660983
316678
515077
739744
107252
163024
70888
922104
16193
667505
470551
629174
354274
388247
950620
163052
476136
727445
693741
435864
499288
362364
513965
763672
847482
437539
255098
72445
835135
795527
945780
294967
334799
14859
285708
685424
964847
65120
641988
778166
888396
540863
820360
854864
32230
20115
681385
733105
291164
671989
669874
665034
566096
223119
148137
130746
419958
331810
399012
789857
522238
250530
172804
784466
734876
854142
43219
636647
655664
932094
5814
874670
831639
156102
291663
202752
548046
560567
646257
344498
595325
809205
425280
260517
393576
67907
756581
700281
131757
546441
89004
13534
720955
371512
708922
455370
356816
417028
627182
265223
491948
881552
185682
770852
10711
691560
270206
657099
176716
661031
444425
925939
809985
279417
388141
100844
48340
117563
840246
423703
435795
597887
296167
582456
510952
173547
124585
587044
87967
771265
328176
791829
35990
58617
192941
170844
659968
920650
644969
41333
690453
823175
655173
208438
14234
490918
439755
939234
177544
246813
288240
199258
914204
436069
322921
107315
622202
867617
410406
811043
78207
392983
410799
470932
323042
157084
520922
768923
891269
677071
269286
18050
416542
334971
701304
208065
36349
234400
661871
191052
735161
674764
831462
515910
712251
962338
929925
39827
408422
474620
601476
897674
131234
842477
811646
403658
399044
34847
448109
29412
94683
311899
512584
532278
270938
227048
84598
202711
929757
290122
548141
272942
959385
333163
372588
222941
926501
959256
620753
761883
52703
297890
128280
620064
155068
836325
525168
583929
300528
270437
859643
577659
262454
211411
906211
145492
444029
82352
742036
435261
902383
400457
807065
660619
663134
752352
156247
330597
231181
886635
760736
632592
910681
799798
930357
19302
551299
974051
968283
625382
316635
879250
525208
682276
840329
143259
396234
682081
545787
317048
61477
892533
695910
800576
530951
334825
128507
206734
299194
387361
360681
56704
690053
735030
700360
624283
492783
779810
376105
926540
810833
205204
856823
872777
542423
61028
920393
728790
141267
446433
435784
543652
83517
163461
189496
885588
152587
11338
477860
476057
193385
404630
59178
61051
350870
933713
633248
572535
514586
489431
662050
795332
39527
254153
888122
493872
491340
294334
673834
390889
466320
687063
996248
176472
944561
569264
747735
664744
637113
439027
583438
669989
269049
841670
239239
256575
777893
664484
39318
469869
147148
977034
740580
802862
520434
830791
43479
713258
336203
431606
347231
100919
230870
565961
622688
635641
826196
692987
80503
803041
912548
605863
420907
766613
630653
687031
574834
339696
102983
616885
900573
175072
635606
600253
110816
284398
572932
709203
881410
696411
652777
786961
211357
411877
65530
440377
657555
473321
858363
795497
428814
286370
149986
758252
510513
279631
85578
534828
401440
561331
37648
534470
780328
30006
210126
610742
341773
978217
100722
232689
202287
655591
955770
960466
73496
676183
343054
682540
959716
418637
848953
565438
262541
935696
733381
910084
704019
25014
431219
273834
501508
62828
255124
907612
373677
164242
412871
855096
37213
584771
512272
331877
130386
352114
351824
983357
62403
935215
116071
295462
933321
377481
130723
788350
206059
897614
111715
968884
771845
598126
265612
320500
713363
689150
283047
431418
708383
527384
994966
200456
735813
173151
263729
776114
638112
114592
972482
623383
140307
738772
240088
419498
405046
449154
522060
382446
737370
402177
242638
900736
656123
401243
540138
399374
360065
668302
812061
225318
97779
809132
379982
746729
4793
823842
962347
654686
901388
213077
20129
592098
338492
440040
946871
347581
633693
767066
117640
706385
239055
176973
565659
577708
974889
865185
504929
965564
148866
604479
64074
785058
842203
734194
664708
149023
468844
118767
190481
58603
613577
978101
175683
36196
719921
387791
184855
365795
848051
454391
94828
978987
149758
997653
919646
115003
904771
319460
592579
978371
276169
821110
929281
343539
420813
16014
219147
406574
901715
318571
439158
508573
548813
693860
201020
192417
581799
372078
344524
4512
982509
887419
800907
258368
303962
992829
120683
923314
634942
925705
14694
29542
388618
115734
260952
382300
628155
848868
758391
245531
802145
550713
794928
1786
181963
752646
739614
293787
803410
672809
783529
729336
744702
459404
52281
82069
888664
20010
869782
218197
781325
874098
943902
789993
109435
766660
488033
453731
684763
575128
530077
739305
646924
521278
507345
968388
558008
550719
959104
992280
48357
427235
155012
944494
44442
848332
420171
732013
170091
763200
386355
695592
372067
610372
277886
647633
577486
598627
320114
833802
259808
694670
555472
784412
981125
237597
604078
715968
54534
678132
293939
229019
563029
214784
699183
115912
656565
654369
440853
160461
641096
516002
920597
311534
244215
711331
570650
827168
617016
653080
221149
903766
951423
343786
371684
748472
283587
934459
706779
783730
73515
366343
95373
973737
313109
895398
658239
977799
859523
24877
328745
409975
232931
39221
828114
162605
495290
987187
578503
119260
116332
884742
73655
329675
130026
854608
376558
359234
604152
298555
894572
333726
593498
648029
348834
993540
749018
632502
269000
924338
177081
263574
934174
341553
202416
751132
203325
790695
509601
617945
842456
189769
324575
691730
611668
552621
951894
849444
223746
896573
492505
478274
415477
840
618375
938202
782277
941874
360344
169494
362526
197452
161161
296447
851141
340414
148898
443195
427945
431905
843233
483895
16162
400233
357445
759392
397000
429631
990456
62794
722354
592813
764185
940788
249226
649011
937510
614947
623690
509494
924611
872618
443349
416280
761449
703563
769780
133731
804718
230328
441771
911774
749164
144626
197560
692098
817233
254035
244135
348807
586883
567463
335829
786967
943725
49076
132479
651620
847851
635930
102405
411989
963278
961941
88257
131675
285196
640352
397054
913058
791943
157428
248663
550052
626488
881327
391598
47575
458296
461199
90309
462407
981931
662941
250812
803646
126729
518950
435432
659871
285514
219940
246732
341202
990190
959676
595766
238745
394726
710305
171192
767074
975062
792002
326261
495288
485712
656537
46957
966830
675705
895990
812419
552612
331409
398077
167654
2721
79663
984472
731815
141368
949734
359984
916721
450902
457411
85960
218198
113387
759858
544373
502404
532019
571391
934526
891286
42784
144954
315916
904455
884198
568949
859726
606785
215650
774247
690604
928787
813288
47219
219877
531138
731367
456258
276487
921398
258235
518924
301962
915605
98128
722806
59146
364461
951277
187734
938464
454219
531620
844306
755995
149545
513749
709862
212448
453507
131994
450756
664667
871370
372882
3157
815905
984690
934541
556894
845028
667750
345745
336510
378130
84059
724295
321491
476746
236546
933509
512381
984635
482519
861177
192762
903323
786839
585646
242993
973314
647310
996350
877258
174561
415758
704789
516858
570529
329916
838557
40476
675932
132036
653900
202747
342578
497452
437062
235756
699145
59078
153903
852376
126437
277440
556433
53848
804128
68757
905191
73081
539718
963238
111428
248542
333711
175651
59875
424261
437434
202787
667404
226466
50178
88404
487007
121319
37375
794444
562240
808549
259356
833150
873631
601804
446321
781000
811746
50382
236669
393896
144690
272162
435073
84559
79903
852389
247803
469006
615921
117403
115070
697389
183948
334418
641194
755995
564478
635175
256718
343999
252905
506722
121815
352620
951048
657213
516338
421748
880415
136002
556230
556564
716931
542226
792647
857740
248387
469953
994297
386642
206898
874015
908802
302492
890962
78546
13161
217179
795679
6303
851825
456072
928117
114695
985612
757270
499038
293070
544830
126663
329852
262679
122127
801883
275855
155114
964460
312547
769124
791256
524764
683635
373083
812406
633754
940597
190675
523524
735763
897819
814516
998386
602877
32108
396504
585208
512273
616128
250455
820835
441639
757383
315501
762160
244781
297475
266122
856785
62468
509206
962743
561804
715512
457333
349920
788291
176281
818556
375490
263502
340858
949468
172210
945668
377798
626095
341127
73881
892858
184684
987941
453345
53122
327030
818471
823411
911028
665423
648936
372713
879523
503529
298734
195267
955489
968285
665140
367851
808725
413365
962771
698835
510069
111843
257100
137274
221599
363669
201780
278030
986778
192288
812668
240236
603108
674073
32732
69507
964087
159747
676764
41174
291677
917090
578879
404703
202604
345902
60172
422609
450209
236835
24314
897655
908053
313717
68855
709752
248926
755425
255061
312123
734533
417887
313938
659623
663391
851380
68866
877699
545418
322403
746203
145789
752838
880067
803805
626886
191789
437036
863196
120666
876944
284491
827179
293533
893872
564758
490791
51297
303638
531801
542813
985604
142159
697838
192153
575159
519496
423242
840076
249881
507586
735732
881497
81601
558193
579154
758844
752603
176887
924828
359447
637865
166008
230641
756635
66091
910745
389576
547407
230554
36058
757695
194560
551950
572302
205711
782661
555007
164083
608417
264750
877160
572658
835193
845257
63815
199988
923409
348432
166401
177118
688577
227634
232611
219435
791321
361148
455812
557669
3665
160036
224518
812672
386904
467506
376443
574291
229576
451212
203364
881843
716667
233052
238484
977966
753143
814432
441139
41121
37188
969933
706782
822775
15647
588065
556972
103550
317063
581380
49228
19303
260468
240538
399946
879962
227111
213224
656944
504500
286684
988384
304841
553246
496733
726538
24193
383755
321009
650769
68136
695566
969137
217768
772309
189141
374522
920663
298727
756038
651646
355942
743591
79604
78709
995684
244809
426110
377394
29204
965265
234756
990352
326581
14099
909511
777803
381677
11858
300892
455338
220177
962058
46733
359066
692371
995338
844108
588951
692809
92408
122709
220675
770902
969336
591839
804377
504183
222440
994942
363707
837100
776131
651032
999527
190592
309285
408321
891592
75575
685293
584246
284009
535508
789758
38067
91972
655812
479904
204145
187705
406122
277637
211072
640858
938888
722853
466940
52963
857223
490186
150575
975815
243939
45672
658435
171493
717877
72484
929954
649561
988318
985717
191404
721711
653901
737192
166996
73459
628718
123581
685720
540964
771312
861039
508186
853447
291120
824337
569184
355543
702471
257108
76069
253145
715565
581285
107289
150094
430664
368563
774012
871810
752917
126222
458002
654786
946610
274411
620292
926891
899269
536196
197779
721372
301965
390876
798969
229325
311619
404192
195614
932281
449708
973481
422772
8567
565758
10079
94703
353319
596012
252919
862116
536519
983760
152860
925821
189797
352308
721388
694551
844655
137021
944409
880632
119014
585461
453488
897840
485681
553524
327094
979147
720718
134633
610286
577327
180963
273930
120440
768985
265587
650262
588308
306607
30124
474435
569027
498177
380636
839370
160270
923488
844804
238923
340320
734939
264709
489181
245966
264467
835959
195702
99319
891770
949721
656884
286855
146668
209378
651206
605973
476841
678454
782522
579884
636143
436276
192291
641063
468208
666540
204454
279286
392245
665454
763809
517821
948047
21694
429369
90779
16501
820579
201599
295496
540607
615390
29055
602967
377022
137848
720612
895131
446134
719668
164299
901094
420025
474596
7778
283500
292704
723224
341693
46727
176745
548209
697205
836628
77736
338451
706109
59322
310059
370937
730946
115787
662191
371810
581694
704642
405368
323561
60122
383212
262353
896050
501694
635876
484000
59968
220534
141879
500453
959524
782786
153062
198991
273808
837306
455817
547771
468042
319196
151888
215306
70524
571956
717221
458653
421864
728358
21677
281392
326648
859803
939374
429712
310259
455750
197259
655610
315404
271186
353322
633554
74325
544170
479350
560253
955985
413156
713280
451803
232230
399179
488448
861668
132977
244615
838970
550366
241140
6763
320636
821880
468714
311003
241156
209606
440444
32536
644030
2906
336268
348010
243050
872315
62766
474025
719324
290181
603894
291303
40093
603677
653996
635645
88559
45454
191708
222577
750830
737797
334602
908929
494994
915493
23939
389519
122385
994632
126479
874088
973793
53651
957123
499442
992987
209461
28019
259186
576827
90172
540868
545464
988100
928788
314718
124455
80321
754268
610241
342501
750373
510630
440815
758491
474516
496459
980807
807273
232251
992681
602738
453674
166938
671419
106422
772255
566434
340627
213416
415546
633272
9014
460926
65609
792409
716308
465283
571965
694681
23010
702243
750231
728580
267990
990950
89582
2597
517695
698042
972447
420324
544702
770152
720977
370506
297700
810985
986403
121185
938258
618229
208695
145479
988778
431952
47105
532594
345500
107507
976219
255732
603079
1723
669677
253224
760627
425709
565546
109202
418591
118115
720178
105370
867638
37138
865687
301860
755615
692148
809533
277517
335731
786326
958235
152387
197706
24576
399518
544513
290158
550972
311980
395430
273073
897029
284869
330609
227483
560205
575366
121435
710523
792171
124360
922833
579038
206880
11685
860621
910750
509124
386842
322192
281938
121874
462216
480190
794467
201741
906773
700181
43390
354061
905712
494283
348517
305513
31217
378500
605217
883842
318942
115565
282322
679274
990666
348664
441318
767792
522263
265524
264296
229449
272413
635080
355952
1501
518947
193100
680313
779243
410890
476227
925071
898521
259466
229945
157095
724124
166291
8054
517961
83200
997205
477084
241448
784084
723419
912290
106514
278582
784082
890733
752322
459383
484328
650248
376531
527978
980176
622848
662671
709262
27106
744095
74726
49813
280478
240515
901178
343248
933265
480153
867479
886202
759632
590779
760000
332062
635105
960228
166564
962597
507706
72460
548656
868416
26593
395429
420798
261486
223858
758512
641067
282282
68991
170172
612870
486005
846353
438268
620003
976443
101901
882500
504208
178405
214258
106336
85535
547898
919487
125201
21218
801266
904050
66981
233205
329753
470378
597809
550389
479965
202286
114222
812879
855540
832070
604142
428915
347500
479175
593017
868774
268816
156333
53960
378551
264564
285856
748957
573449
765982
452249
778301
439631
48209
546334
469324
286487
119159
700137
891651
437821
4714
709287
659984
967808
875615
650716
615626
272049
661999
576035
541390
594887
449155
322387
736379
626832
984604
327614
384136
933698
836733
252179
343741
328560
127861
470051
259604
332056
652365
788416
738733
151257
751306
510209
583208
704065
878495
264483
469987
632196
57586
68618
502224
698378
811657
888869
375537
6687
778641
417455
398515
113550
799563
90001
694756
383559
438419
474788
760979
450429
150031
486485
352515
486669
714928
436258
113355
315032
627176
555841
834189
727729
701992
835423
17873
854898
159636
237573
443901
463337
835334
842455
883955
394672
47932
855863
699527
626650
604703
369734
159835
593737
841265
360010
400537
360285
713746
178091
275405
48583
350638
80984
307357
897723
660806
895879
165157
88324
142362
585497
601843
430833
607536
480475
301212
511789
81156
623529
560825
376045
602637
199021
584770
941058
709159
573253
63365
199374
83041
560131
510210
553235
218469
972046
197734
166375
416448
938853
261410
958724
906702
148356
478760
100668
894915
722719
783298
51081
199256
375115
691214
4226
333648
410748
649690
165162
225829
351017
2584
524131
160084
193996
419902
246016
145794
599685
738813
564792
257033
83998
356507
16309
190948
918185
874415
850508
842931
260806
402105
935560
595242
4289
898331
611743
70684
293272
555704
894662
531360
958297
685352
913440
105309
285610
347477
219985
990456
607075
937397
206706
375062
493845
703652
66973
249808
764142
547485
698791
894323
512884
754580
673837
63408
398255
622068
38407
386855
551396
206192
603930
733066
488507
552584
743498
128689
599426
983322
237004
309434
286026
860834
56153
868699
800495
81552
442174
705222
310902
293509
632016
853175
397903
865001
499646
170461
379961
481835
822911
890275
84420
298902
927338
66905
136690
576397
244900
987012
478199
322275
678387
474814
710048
621593
63537
838411
219536
62645
760285
261050
558500
289915
56012
672565
199864
857739
52733
271589
696387
875734
950793
441540
871390
529342
557881
211904
183202
144842
881650
435401
987182
745730
613515
767224
758600
801005
960959
549723
93019
100005
561470
794529
247070
665044
309214
1951
263894
76941
819694
695036
801649
857097
550827
791871
123603
771196
348108
499443
625903
917651
15928
949749
211979
454285
793624
861530
963685
504947
295110
76863
86964
109365
81188
311598
577479
268835
77898
490857
913098
525764
534423
418775
333352
128343
863400
122120
446218
171812
864615
726503
424700
845757
927483
272571
550001
345558
763549
355417
116829
825982
282955
496170
366976
353465
282773
311701
513347
249276
808020
205129
582779
490885
51066
366632
252938
246804
222725
937043
914276
35401
628494
831054
394607
292635
602430
942352
253700
438770
931359
173866
312851
166371
355920
658513
330275
788806
28627
49162
86134
797812
953601
897585
659082
715490
980381
810981
228348
915157
761989
442195
59720
425089
940164
236830
260203
352130
811269
999144
934697
130038
239586
852992
172267
673205
912411
446056
930304
747437
157667
589569
732548
282271
287123
907605
600414
790256
347650
198657
164323
163693
615980
308797
191064
487262
259342
125642
744148
588229
87124
190007
319684
59828
794346
961423
82248
665224
955055
575330
910587
146565
439752
377198
85969
803471
948369
849706
763289
798467
595757
246960
491361
453680
879358
404869
369336
690998
685744
150150
980622
134841
927792
932464
450872
360193
96059
753867
34448
302577
387217
950068
794682
869665
697992
564742
865601
433691
169724
963748
478239
22511
577124
430182
151387
639859
127808
234462
455053
208027
60334
303110
864701
217520
865308
130631
203626
252528
195352
864104
546790
470275
481668
109393
719966
773525
160869
788667
703288
780692
288986
737783
313813
741000
727273
154455
211254
533897
498613
637501
425914
658722
134604
161662
726661
388033
242973
945586
666877
384855
32327
491803
633070
133522
753804
578607
929421
932212
498596
837699
35354
135504
177006
774294
139678
538209
488897
904888
754708
163463
46689
34197
863652
998623
811341
222690
974922
344381
23413
222179
906134
807049
635593
432534
856524
775923
7021
348032
787115
892500
187401
570705
964811
978467
698108
798262
377823
351312
335792
564668
16667
181312
78280
864668
999023
869094
551543
162279
31216
881915
624234
968207
491160
136537
504677
568911
12964
440377
102764
417976
320860
747975
361815
956633
221295
716191
585353
974027
987452
866407
302010
673750
534317
35401
145647
220291
605822
23115
238347
153536
750748
397196
752000
104489
504360
74525
884894
917497
767066
722041
517196
791884
321282
126499
674772
782096
476906
645979
119639
396680
187032
783164
503330
441276
220400
674549
764697
121217
838581
666146
821584
755680
134576
653766
558137
423910
862889
432807
160183
940616
81746
847622
106193
51952
451716
545402
612994
801128
890592
53032
517997
826850
942744
362849
484077
599457
453318
113240
564683
985608
17402
519294
386633
116221
559697
937148
949787
697466
957952
60172
269237
962992
888112
419317
206015
997400
45316
810849
238438
297879
910326
829468
896780
665420
612319
877675
360031
494842
56725
466567
291655
614221
807406
568629
873081
424267
752291
635267
869737
342104
189584
279393
76060
885989
228376
16153
844187
799799
167718
72364
966787
575120
885582
931787
42170
589884
937041
827183
630076
700921
263231
909717
694931
112003
763575
765721
930277
127868
729610
528238
796711
137461
302270
805560
927344
555740
122991
525382
835112
122946
563151
503279
706591
110406
388557
7304
788282
528739
91028
23231
136776
704596
51242
525847
267314
645152
401017
348928
808209
369797
164907
634386
632986
635205
746862
495142
517108
748999
779927
363985
534954
406956
349730
185406
649916
416048
829336
891751
104464
232120
209481
507440
597574
597630
113081
111200
384681
200597
114263
501436
803521
252763
557480
798338
779653
551867
647107
739903
3565
492764
175349
946573
899494
149610
467396
586925
743775
468607
812497
595965
888321
147757
359767
271829
899387
423722
65424
450372
299322
180953
72950
244514
969784
290353
793062
155474
631916
952396
341537
658839
465951
452558
878317
494351
201247
606640
38553
244495
976588
227752
304029
909021
402511
23991
24159
877316
480171
46926
225618
901656
499947
387422
901113
634822
670331
138363
221898
534679
392851
770028
628077
836865
31822
589073
795939
606826
147673
750897
383236
456826
796359
469920
474273
294235
417280
170953
607176
810000
408474
610270
342885
583343
507200
583449
529093
778684
944398
93613
930934
606628
45567
665934
34955
508691
507838
497946
162556
658226
593240
36002
430633
378688
245779
966041
416575
983372
578520
514200
774708
349773
582667
64780
764588
255646
421371
733757
632829
954200
813941
324091
115472
68494
905459
356007
728926
158623
419378
887067
416666
22076
70817
837111
366894
446519
457973
555849
574685
363715
383449
855576
13959
464142
562755
190606
942923
868984
454690
373183
827526
197486
305652
899290
95866
443368
618291
564843
998859
180027
749871
318794
870946
22363
596791
957796
130228
204465
574833
213411
333277
530645
381833
828413
894374
410600
136326
852054
154662
422353
313912
716307
546820
29458
446350
2812
15450
46918
385540
94029
409333
819897
88953
606042
753657
261924
648350
36060
175009
174595
222219
747611
127909
714837
599276
641722
582068
364208
484376
581210
365089
226430
371266
798764
414682
64984
940872
461527
601746
568765
635561
484930
13249
313902
898580
440574
912321
742826
963547
565523
985049
865921
473158
722790
5527
744152
55236
453316
669718
557496
983165
558989
821343
91218
365570
941119
80812
213523
823334
555102
641608
141216
209446
246717
169042
757487
704323
609772
150432
749505
546225
44671
953983
376639
73576
399862
737113
478256
601239
564622
481968
190869
736760
244899
855366
114658
793598
760768
934303
892953
954412
945861
552350
735300
319743
293364
482317
102030
888267
92760
62904
556606
395620
414226
563896
847761
966707
348545
478989
245236
755688
277133
506981
142747
131150
502353
769081
617793
380666
342882
699031
802172
230365
85248
85050
495100
278585
782361
933845
952480
537904
614196
955503
964980
120696
367872
251175
830091
949227
727226
790041
316341
440635
988789
623641
613726
700803
987145
223516
713603
659704
639258
521783
92433
768894
126148
705599
784924
580439
293216
386703
39097
249462
142838
844775
113336
82930
369343
217777
437185
527958
168533
426528
702858
715157
566457
454897
537778
49499
737153
448532
284029
244030
575260
491171
744621
388499
762755
107920
240185
786973
891326
959646
425260
987233
880464
574662
85341
972885
961089
413370
509767
620854
783494
361989
703684
345273
311182
680273
280299
469145
286827
923779
747266
626831
57627
453057
763490
868448
321587
757779
629222
668432
466215
845031
323983
995444
999352
497262
308728
13349
426490
397477
213296
295057
771393
101102
193273
403179
813992
696540
815772
96514
401149
625550
429479
190704
533772
354866
610565
214825
2055
314027
653432
245235
471503
345805
264949
184372
197153
106757
847963
563559
645536
888854
836306
414633
246330
734974
562172
735728
920826
15543
28763
480538
818026
614041
792191
842019
837475
49948
904937
510961
949939
400572
394818
602442
37353
389749
837553
699813
222335
531822
874461
735518
369445
809330
701759
292674
120422
741337
77794
945866
940857
363013
108986
524005
610151
604744
486111
110062
520659
336483
460836
453821
611243
739434
930776
957273
386538
746435
300825
737867
315143
719565
481295
542222
41597
851356
409996
285794
138296
107939
734270
661567
676505
449131
520655
254055
6246
462015
522265
132628
569681
169002
494985
827601
722723
314392
79951
630309
557573
335898
220287
190250
684523
92421
904391
992571
782686
605434
802253
942027
33636
684479
653349
964883
951565
185356
33196
130595
544349
258531
720516
524634
476881
522710
170732
695985
229968
215852
151802
786097
176751
141918
939000
116677
704353
929276
826585
234538
242298
276653
648214
894914
869726
759635
876266
43080
157258
827725
358950
667166
873790
544342
177265
518723
376518
397707
410080
695136
809444
98057
441710
946625
242908
700660
206360
367905
956316
605077
251672
677726
549317
313947
439675
507211
920282
513794
255713
385444
780036
664529
852241
40668
569087
443453
559607
119699
888805
123179
977083
783716
736341
252115
213438
405018
124608
742976
575667
617602
697744
750900
944984
66075
906740
275624
261072
809834
217932
82416
222431
882026
300142
630461
364481
464481
723347
763773
423
530958
610082
154333
312783
191743
421782
938542
459839
313983
668174
412069
377693
61227
757873
978173
829486
693477
23675
123959
413289
896098
839209
11457
168247
435359
235453
948789
62538
615857
677486
418232
205463
529337
762032
652931
92465
990005
361243
172094
85507
805300
707450
118472
110186
523746
473523
784979
79213
373313
806222
494445
597978
389177
595555
937881
671038
277894
457957
765404
952192
375759
372357
88211
612314
111959
970692
207745
730677
178444
654232
798823
900385
104189
462394
937676
788910
685289
504138
961116
168233
714418
852832
688429
306102
783089
591664
982364
917895
129443
171865
712790
397558
492160
705866
452851
539333
607852
818961
273212
961391
296966
902466
639885
2602
805535
823040
743190
747324
297413
39083
593467
2487
569213
659494
607708
832403
791502
771587
497902
355750
315066
262478
465864
763842
202952
513011
242426
575787
126972
398092
100824
784179
398633
842827
313108
586741
628637
809729
751433
946858
870138
47817
635540
39851
788260
858323
183581
945027
668182
103248
981556
540208
722959
110455
325846
121463
167851
583603
406670
576417
408588
698089
650360
649045
250935
678953
154017
494163
268411
114928
416522
637706
29451
922327
528267
140247
696045
838941
9493
148380
986187
463308
342096
408056
369959
940362
763299
106216
359916
204798
107153
995322
458015
964380
830336
490921
964852
696655
781910
705114
888637
755906
671484
661042
796541
31628
999428
240466
324123
83125
788263
699248
839666
95017
363495
551763
257989
150968
923795
742698
880528
872136
210153
660746
229882
926104
652885
388355
950118
774193
314456
736413
417320
358059
68420
487284
373973
832025
816227
275373
881843
464018
113720
634388
602511
217373
975261
368596
772718
983608
641803
489170
603163
976325
218041
470950
419871
507026
979483
653622
167439
332995
260043
301041
778431
30
166981
379429
566164
758643
683789
472894
468088
29670
485163
616796
593254
272667
267670
924303
340452
884860
417199
663922
387793
142185
668452
47329
433812
342653
370421
96088
288692
412153
993235
938729
794950
591376
919908
939609
674113
221775
678564
411737
85998
463718
172581
211676
682362
776278
281143
626009
823469
109177
383650
256607
378805
59689
939280
824975
948892
779982
754056
586171
637721
667016
842581
359386
995586
524597
372293
166244
860895
417183
344013
387472
800601
350533
831050
530152
452945
837573
991458
446149
977357
532195
239625
539309
135181
385400
135903
453317
103164
297913
585335
825269
555458
942499
408691
888343
739958
728896
579915
894426
187633
659481
223084
606777
297533
830072
933181
302676
238445
283033
232636
119144
228550
703981
269383
382704
778779
299530
671671
830423
309878
795826
340455
96152
480242
254141
494674
526324
502182
547366
135642
295951
538492
627568
85669
140968
2911
860979
16162
352883
681043
868743
619434
340053
997534
112971
130369
699003
778660
67987
126843
865624
667408
851884
82555
441337
517870
376588
554263
562182
218199
917787
849495
213527
85315
67736
174621
224048
636994
938794
165086
952091
265158
774980
54670
517729
342232
140787
345050
877412
80555
96519
251727
777692
59406
300444
167320
18156
177786
388868
530276
931168
693387
958610
389606
103686
484684
925189
114038
310053
812651
4176
376277
508830
757196
26626
170766
366430
728825
358551
140919
830014
578038
251482
699223
284855
334194
779189
281249
300037
697114
212631
498207
511511
8520
956672
174954
264815
738521
416876
156245
474908
165725
610010
575146
818898
136743
712055
807052
117347
410179
866924
315067
710044
576007
541889
450614
297662
43586
791596
972667
487192
916370
688954
314602
748286
600466
531161
294408
222952
499696
81791
385375
126632
883036
572859
161218
519625
564828
742294
35757
732097
127932
559397
126795
560724
144931
519022
872658
856517
457153
444789
417290
763512
743013
648098
554219
633833
759467
846480
161187
853635
41170
739892
612470
896542
311340
588968
44160
39256
712814
761491
674710
925455
971239
462007
534923
185528
271182
135447
147790
768287
554164
800835
389105
664763
297496
485122
386564
629933
350233
34074
481056
177877
473926
846718
612735
100433
545681
981781
821448
12179
644707
695779
316010
451678
264841
832790
77598
949021
643403
256175
204814
873120
709213
550603
851348
38260
999983
212110
355675
332061
916895
532331
733922
475954
955471
469201
766879
668182
484240
930357
348928
411278
576445
453432
841420
618308
908133
50230
162216
413591
522400
694634
506358
461277
2690
653889
752792
303158
437678
114362
935762
108110
560834
733558
387406
428142
401840
977313
495544
126975
895276
731197
67465
727901
221313
198024
35490
998164
129087
614282
801614
259578
828815
351741
434922
32745
643175
302104
960481
498454
74712
719674
735375
60947
104260
581744
525703
122333
641134
807843
934320
798243
565034
671777
657098
516116
946931
321926
587278
466915
140123
550854
923892
524954
412445
298010
470286
527000
498318
912645
881426
631593
840754
51458
699445
801920
92075
313868
759474
670355
332173
721993
81705
270227
810573
839380
381861
755655
100119
960102
222518
889796
855998
248992
30397
259211
375822
704055
932806
346495
737661
413116
286159
749377
111232
613191
90663
228074
693947
799167
649138
691172
644816
808073
671305
731429
491801
541643
925630
742665
45232
269660
289789
584844
317419
865034
9102
915041
161189
452487
132534
13809
165687
557232
206781
793139
820998
42235
632267
979492
699382
538301
278380
690212
189053
657878
320755
579693
748178
178746
271482
701040
468483
700636
862663
82446
856550
192184
812490
703279
724455
696318
986114
73475
601409
497878
134976
725267
714888
691220
70404
965763
27490
129658
890115
534502
803862
869924
248266
310398
391228
825428
170172
536014
330324
967130
393975
14238
353779
384480
94613
620235
341720
229584
523151
78408
464541
489954
745467
956341
633609
362437
159542
572570
944194
460969
705372
823936
980384
432039
487924
262060
603484
584782
586729
726585
567463
656843
787955
363729
752727
858740
425237
921927
182652
26481
991167
821012
826449
301319
952147
978221
452878
740866
34756
322941
696027
433471
255579
194820
275678
725139
705300
575628
358645
299036
703461
262083
57408
475554
122590
297210
797333
920104
946795
917881
901975
305301
202871
714300
798496
622714
973291
395854
541531
725504
7060
963905
720559
345967
414115
617672
779030
759197
609933
109297
180876
966705
548243
462849
718178
515539
789852
454509
281905
630962
510334
48307
997804
760881
547419
384980
901519
898351
213096
1518
905588
942961
98441
746169
985988
746030
392216
110942
568842
612152
484485
985263
978147
967682
48407
681543
870546
838802
155345
270975
719472
436164
737904
862602
220800
223736
793040
318446
576481
57369
635949
960352
818588
446795
679815
776378
358301
104624
630367
63451
738431
970199
663583
26587
280128
158210
742614
339497
800852
51539
282977
661188
457685
868114
662053
797586
233815
520413
422840
428320
323418
149613
538783
358455
105177
311681
848690
529687
999487
794345
876060
194771
412409
1840
194751
989512
713638
610279
434676
523579
553644
546250
113648
897423
729380
237074
873538
209887
355061
760534
892792
514366
46974
398622
783458
411336
41773
864262
197166
918565
375085
505548
804210
418650
331964
784246
128905
136843
555610
769955
472660
721873
924893
382252
741666
719028
150690
721462
435434
986053
35422
341399
324789
161307
834002
126242
812761
133032
230621
808849
581279
587318
260075
933390
889350
213572
463435
547038
149537
508663
785247
809194
519003
767039
266796
317483
47067
800071
121105
476082
83458
145176
353877
411986
219985
75083
617625
225259
322664
51113
770796
375315
633513
599329
386813
320994
140603
830948
594027
50138
60395
83169
664633
814833
429548
402136
747869
929661
40127
702621
671095
820219
94574
84652
828831
472764
90866
310947
691607
856493
587380
415072
755424
41729
309360
578935
574952
437053
251958
141264
499872
66464
193610
216604
269484
269164
107244
923314
202612
856021
561778
384522
244376
116613
507217
465620
763904
983946
917370
4406
13072
177565
924320
901537
647611
664720
177048
598863
19759
278739
582618
252443
133934
293026
381988
907900
515645
785935
883006
608479
371061
736871
630808
643745
993142
959236
362639
996262
778811
109551
816078
444952
649865
459631
909969
460032
982594
700915
741317
5946
997014
725399
905484
798872
837209
203350
80669
793366
201135
621581
583815
124725
48035
794088
630613
600886
295383
601003
945037
600052
103638
920863
886291
652638
721925
137687
670251
524752
366840
868829
994012
574158
726306
982974
181935
904541
602468
262895
85655
547837
609350
56347
513514
238086
367555
851786
208141
118237
530430
494063
493743
285652
763859
866510
236460
264732
552713
667080
470865
399591
417827
385476
547775
563230
330773
913788
588392
947644
779540
183905
623735
983173
964294
936172
957324
51111
349785
286275
496037
740651
462128
135428
332440
499864
757687
22064
285628
572389
445463
509815
284008
460120
935365
127068
447507
588223
791733
673412
856603
450250
480301
125025
882657
36867
28724
182581
860689
26412
550441
320070
46975
671092
782127
155997
699373
247637
575110
253434
630761
671181
55029
730839
236819
175990
529955
364439
48572
943748
385286
232907
127338
220379
294386
250465
200121
523403
103379
299818
999132
890857
168950
212486
607552
104459
457025
100463
667537
949855
643843
94366
254485
859752
868198
305885
552567
819479
933633
971626
187231
641026
924490
757189
470652
651843
253673
299351
176675
677616
103719
562559
544465
587378
62853
310650
989900
694212
170217
868845
27496
878858
149684
988690
880486
734091
861359
137405
824503
510797
382307
143754
770654
514060
770951
319717
435891
374614
140180
612726
160003
526214
37749
70055
481749
460251
286362
448019
913672
926324
469484
528780
194776
651882
816475
410185
22143
333706
750290
69483
266104
465901
66124
137130
208222
456886
135616
924256
333683
866728
493688
490866
391486
51297
561344
997207
259083
389879
535161
883206
494806
527918
558349
207680
498114
269523
544125
150967
695172
630583
835542
290714
359389
97419
167682
485950
876868
278997
763450
477418
416865
547533
930073
171318
149334
516428
712066
706393
873628
148070
873736
992092
299590
891280
355645
623117
310232
424477
101968
954328
70057
538044
187006
414219
350779
66375
724858
198770
724540
907320
453814
505953
381528
290170
623633
685904
414841
964893
606621
834208
925340
949540
855499
364028
564177
830905
22838
273243
186191
327809
718280
446945
323633
948553
516941
107429
278993
548831
686226
982030
913472
554942
126457
800982
767327
452193
245853
821104
686813
656312
826716
868742
953613
681720
355269
567131
424738
527309
89375
117008
489802
572843
878484
888642
289957
165442
618809
834832
434401
636432
721531
242874
208116
461392
940711
654245
166132
523728
711125
605051
968918
638560
100786
585199
975105
375462
345385
115486
704398
539215
607790
985233
819807
912672
10599
523167
176921
64554
423863
592111
15423
668
399335
807196
887212
696307
355379
758321
884525
860812
3503
702227
14328
171417
147604
393726
708493
81970
11371
414439
211752
579139
836373
190977
926944
506084
644725
955356
250143
373766
952186
217639
797566
511944
872652
459030
696317
636905
990866
33375
47708
623192
564766
504414
964184
848488
470262
919832
134277
255967
830912
355548
139077
418670
64969
197637
626658
655738
36082
549981
924238
212313
196535
517020
303092
310808
108445
253902
271098
639225
146360
27858
890582
418298
382102
789246
938122
54800
441739
43104
418877
885043
516698
136608
302456
113938
680701
442433
645817
695272
992722
138310
807863
353062
390690
462129
271283
594384
590286
993574
887928
802340
656792
51183
108463
997748
857035
942937
776545
469205
64136
77563
690121
852272
983215
957398
63765
678646
313574
991704
720121
414320
610121
388667
607920
596724
214830
559306
916433
761715
210195
316612
669130
51056
602471
754393
74683
395403
393650
750609
349425
131387
699361
475724
824189
463259
13874
809700
963761
789851
967288
253486
11062
345047
112331
837536
52941
221828
999888
939212
388320
954183
986465
433995
50116
638624
325784
57269
634190
634307
604541
365260
271567
422855
924425
510776
953133
206455
468439
692077
200543
745095
582758
620009
35204
455776
894349
166425
191969
612060
607292
550427
53109
373070
839850
931486
668475
418872
947745
843558
665916
489632
752418
131756
896974
547132
743733
613282
565612
841418
707154
500692
786419
550396
521445
716522
618679
706129
409410
721034
679936
992063
503909
107418
623908
541260
973732
929635
129410
793084
995379
166161
835608
271461
940244
236631
72514
571102
638553
202351
877264
942358
71511
665023
837570
841345
226665
449239
11171
172780
871966
563607
824063
693426
61440
76846
850113
243975
51010
81597
611374
204273
594373
122329
633784
49111
889863
794672
817856
932850
228200
491459
598059
482208
581722
655825
836447
189783
575781
143252
574171
775094
772885
996516
812977
758071
305729
516346
703584
479041
654840
444944
798994
273498
354313
787875
440622
607866
436463
532378
182939
445243
513687
984961
649171
871980
658128
139886
477919
505220
475790
224836
465205
800307
177627
488214
157802
424660
152155
402595
221717
635263
964346
387519
270658
254652
270132
337747
72208
683730
324096
489979
417256
733309
504154
851149
309530
877117
608364
425273
226517
174667
731544
732108
92547
414119
451108
554063
668799
919692
960131
713740
102068
582213
648764
171056
664339
909274
799801
160204
222896
446946
69871
516534
29242
847228
105636
535052
599317
119961
589410
265944
202710
362608
26550
886415
435098
938133
667429
654004
840195
713380
991917
746394
666448
53527
172787
85190
330776
601719
376462
157362
389027
812592
514734
5614
608421
145597
810858
698722
740312
491906
368102
244270
329333
16696
758173
204658
616398
276226
446289
430633
123403
112927
452172
925360
511167
359865
673169
390053
634086
134490
809380
170155
335934
999934
737267
554889
374142
387011
135008
401266
918583
988156
7468
643743
610822
451814
985409
508824
958259
911538
56028
29523
673834
222465
686549
11443
428627
42542
213836
227505
386896
163652
439474
909784
850067
951568
425137
898986
617881
91922
917945
188128
476870
132045
933288
899599
221662
352446
682005
443750
157725
183209
296186
243604
84213
207694
477371
736582
662242
758715
677655
275534
900203
27387
216362
111711
99831
321452
609564
184501
486600
243630
274282
322002
925657
756536
893775
343394
825744
189892
200270
408448
74464
584682
326559
190737
297151
156107
727284
320718
883646
558180
651174
985760
135050
318146
79041
745188
445053
35284
537320
34638
398050
30620
573415
955689
547460
728128
717715
368892
672241
57789
393056
191881
59728
825403
144959
397103
347612
980283
945649
546799
503228
940780
684397
465995
468929
867934
258090
314506
593531
870734
774922
537753
444280
26143
354851
962955
74522
354986
612906
146625
791572
471532
528190
309733
863041
495838
527823
930128
604769
531234
802793
4940
88496
468953
772449
560371
564005
346385
816090
764854
304324
995548
352244
443770
943456
56316
920659
711324
639601
377722
164935
210709
164109
618709
959197
529273
694918
365080
233985
290074
261985
303876
970638
25545
311982
833837
114164
25468
948169
500897
142277
61643
117995
172674
883612
768149
979885
792885
863210
976511
316507
906035
327198
339612
923569
958973
392241
193321
736501
896236
958731
449263
104176
738086
416725
330635
908874
189101
543516
256842
534401
747921
267166
825390
822918
792454
48437
701838
510580
583568
171933
798809
221165
839899
791140
596603
369619
889383
7469
797720
936032
361696
779936
231733
745315
693643
180850
243318
98776
36445
401484
889538
885666
602534
418842
541954
144743
186282
82035
281609
9096
588816
889824
997454
947708
654836
184203
245908
727752
275543
209286
753450
154141
627126
190964
193358
725070
488056
892504
229933
697068
535424
400888
203718
581631
910115
177197
442796
171939
734643
175050
13546
192254
123450
250855
626944
466970
900675
680713
861260
234723
335633
263727
336836
112318
149811
207419
391456
624623
418108
902229
977817
691995
578836
535099
200109
301836
673610
476944
971791
158501
333999
224213
284137
272017
916197
509590
778268
770059
989520
212039
742328
651866
335837
955210
722904
449499
544298
720270
368792
116086
249041
901265
357109
389619
78612
6853
334911
681189
904934
887569
360701
768580
183124
783214
362973
225369
240399
389874
154390
93010
754582
956266
293916
436725
675780
149727
738623
22513
801587
521467
918753
884048
855948
790405
311570
168265
182701
651849
810186
189043
707381
331219
930370
250835
161967
102489
663535
825558
989208
485176
623516
917594
717838
464023
284642
377574
655896
266472
169159
113915
334732
374989
394097
852098
980065
699223
117317
493156
109842
405417
512929
330552
681194
248827
359090
56983
278706
56058
544178
511820
250869
756429
397185
320424
458541
643955
979999
736050
792972
864712
180804
351163
100840
99495
69148
147406
858115
623656
307747
673286
514166
586570
840216
162363
971450
197612
782689
167700
193811
562038
474811
344064
733658
542421
764123
450432
345829
769379
683494
640284
784981
924260
148682
948406
607995
900460
6519
865211
220711
928031
402686
335093
362831
118929
633796
380029
319769
402060
966946
42638
277702
215919
75037
362037
707834
430387
733885
318821
904236
725705
680844
533800
16678
240927
675692
59695
389369
342338
906069
556234
420545
888862
454507
94963
835856
756448
958328
727364
521210
782140
186827
8521
645885
69770
75116
636464
850186
941195
728122
724189
170420
519114
898724
300890
981556
522974
960256
284588
162199
853900
2315
211584
203269
87689
865598
107012
833390
663325
268873
724243
766546
749666
743662
219592
619053
782828
170493
721268
863806
516227
87080
505578
233907
493963
372738
97719
754419
257413
287385
904431
348039
90350
660908
552354
738982
329349
375626
456878
341659
835178
905674
101870
709845
998242
836321
154256
644299
630583
988451
52485
320586
318844
943833
414353
383516
778734
848187
376258
962071
375414
679242
140221
441407
894028
317900
202227
681944
376565
483685
914419
439053
554285
429135
752730
552246
414175
972214
520549
543178
336208
464691
977191
860705
788508
142690
248598
954147
153305
255458
130303
26643
975000
54568
722906
157938
46474
274688
713848
941841
111870
491170
16088
160887
940808
445613
224474
301994
660862
183234
894027
933470
662364
77312
696415
614839
525831
296407
188092
132093
497582
285515
654450
685019
973645
547591
452553
914580
70028
581019
543604
195843
195716
914132
957153
69708
832417
658935
310258
83365
302370
977754
248133
363323
956157
229086
641839
16066
413920
567436
391816
140572
112403
807307
270432
231845
301817
786748
553616
89305
918902
642866
814762
399651
570154
98129
395346
586179
563674
314626
633958
523738
986032
868624
20761
488277
389081
101602
60829
769076
619724
6229
246974
834742
301675
999733
435596
907811
59137
881945
84465
194613
752492
434712
996321
170148
393300
202539
31662
574541
41113
615137
429947
320382
942219
317113
753161
771360
84690
657695
322669
143681
864366
613574
364194
546110
146905
645662
302395
76938
629705
469746
561265
765149
434642
83874
435610
617979
466535
321976
520827
237727
947009
815208
703284
852676
346904
122025
748697
931729
72078
599402
14882
203615
442667
476339
256952
499944
92035
336729
274479
130893
792756
754525
217875
610051
213260
313954
806619
986332
478023
9866
871483
619886
460853
419052
100821
875938
935994
290163
205839
47195
61679
925142
728064
65280
995303
110895
865283
965736
335116
742075
366638
600545
374247
254701
381981
426589
707646
391151
313959
419514
738967
455478
430770
98412
854811
992256
293539
358793
645974
933741
501805
888945
79579
573239
663499
673560
324485
429008
600201
817138
415831
689751
626747
478202
697541
61302
101713
131358
396300
478746
976067
341514
219836
30416
973094
385295
861590
526457
324513
918512
989968
936554
335993
459209
309685
599266
412935
672989
635241
296936
265100
86586
577162
573697
943323
812491
320307
670795
339444
585466
510554
978105
565937
62464
308249
586668
955033
485258
661578
65898
246099
785417
812939
810621
122164
179351
408864
792555
77497
279617
434680
913229
595984
184117
388296
762702
784273
899465
923348
493762
801610
651749
43148
114336
82039
511439
23443
444254
194577
712273
995226
788647
526525
463369
978539
805244
625957
280909
579010
55460
526052
215544
889557
67153
96923
208982
239797
112913
321249
975272
936589
323373
48279
998804
417350
671970
942168
131756
115917
777593
847312
728281
861996
800645
778404
501092
336981
624761
949263
428832
981246
640035
443661
611448
809125
797577
494319
539921
387445
802462
681423
243419
513217
930657
591582
237049
401837
557075
740185
968010
754476
142419
290586
509460
57123
31575
871115
148877
977389
78601
727221
965893
423416
82044
748406
586227
602636
30601
551825
772954
933740
269642
839584
18071
12053
848499
855652
481482
267875
731400
725693
882911
804115
917758
206517
916472
451555
712754
201590
453176
604566
594752
672092
3759
938771
90498
987621
147485
313069
970469
438661
683109
70654
636713
703062
750992
958892
53493
478253
50234
28749
652820
683080
449501
469287
372112
736483
675896
469456
989545
479786
654811
422260
763634
362440
389970
703349
552777
815069
899947
756333
50993
909519
337446
449359
524686
33208
592761
581483
901948
186493
204285
568656
185931
213374
456824
848139
611995
252713
932935
112654
664849
90793
377896
689900
425267
764732
848610
681025
11622
898467
525649
24111
91201
201394
879186
458371
582669
748999
386695
659957
512795
883415
924871
723022
273666
964516
254501
917540
736436
103243
280732
117249
528061
487993
769556
367586
492503
98366
284307
705371
323116
809850
490307
804760
76905
643891
881371
177726
662906
230729
131629
467247
371944
792321
313804
313708
758925
970109
965464
527190
324784
621132
295528
886093
847809
228254
914002
369145
513778
14864
710873
354599
721135
26150
717684
904331
81084
921046
371639
143460
841194
136641
524577
221181
867190
877373
64193
651983
901822
747277
152069
46532
97761
74354
646560
324502
868402
972762
615639
968854
422871
924279
637609
67081
579140
265451
777561
749165
842896
661087
975577
369881
181105
925299
776021
913986
77273
289232
390553
480025
497900
404889
415775
347794
977244
330879
548281
615360
600867
580851
587351
685404
446428
217527
720502
729829
62079
998862
107109
441441
34551
95954
214837
84033
631010
570788
119549
718882
426084
119677
225543
412912
371816
896419
352091
761957
286580
529848
885413
315695
552296
267565
876997
966704
845651
766739
67316
507551
24690
781714
425742
763596
23302
663218
374784
816064
279377
49047
110478
806786
205485
632202
294337
204662
275784
897649
20844
305441
382335
853473
294810
876296
168022
919626
248150
770165
750354
543569
323927
432091
250867
760379
889029
546385
517522
514244
592300
652730
259218
788112
586108
191046
414214
350649
357498
580177
196191
861703
640904
108649
844816
919485
174859
548205
891968
213520
348094
460176
278123
842547
832787
10429
972118
449357
566913
44309
126125
579212
964079
363155
494459
118419
865915
113105
334596
9359
462311
989348
228482
117159
931040
919009
132731
790674
847917
163203
259963
88194
248305
84709
778547
360766
121692
978601
210734
331149
824500
485371
769388
54734
907771
622320
62749
137957
678782
194568
137915
590288
395322
861650
664004
594455
191595
871279
894739
506850
552178
850222
225690
601636
353954
550871
911614
948021
431975
427011
336655
595582
216467
562792
486755
284813
576326
270323
400206
864905
879226
875470
96767
992703
496169
135745
645114
275226
352411
815988
647021
233906
619279
43987
35954
913147
587781
48778
269408
376798
609702
333295
645262
669220
480273
35648
194150
809679
361667
989505
220705
99459
210786
553544
375140
855265
705318
453076
777527
171829
925093
980567
624094
517061
481337
494996
658710
747594
73808
439779
381037
37435
3599
303058
403582
531396
592036
304166
321928
644438
164135
566399
597227
991384
570987
395225
392766
625147
620263
208238
16591
382635
888828
90489
930232
667553
347363
604438
956634
599829
931893
958406
293561
783953
242325
201806
80948
689505
724989
93950
787871
209254
169508
153295
953983
153226
159945
43878
767201
616014
138463
518069
674327
939136
513237
372161
994960
639048
774529
629630
929811
224864
735656
780566
470744
221412
567532
190984
48067
39039
917779
696621
465278
587461
875440
565590
573425
610079
195952
868946
411937
927521
108739
178316
151330
114360
467620
532176
845498
586559
294343
861550
507732
999024
983135
938167
235102
111223
399113
811813
297023
801122
161688
672215
953400
886133
527357
546041
563094
909467
580115
563266
532369
288247
667525
637143
305797
941335
998045
101965
937994
947786
31785
574795
508530
566856
681739
67278
142238
668944
652446
832967
342269
344783
34177
140703
326626
408252
516353
548442
951809
806145
964455
961177
490375
243795
485466
727290
580115
323682
456243
242458
67348
690604
830300
982330
761984
260908
658531
117183
898478
78129
189729
949843
11728
217545
914881
182442
153297
443676
572079
102687
435015
786900
481631
524924
468629
399162
764279
643992
633760
774492
667418
946843
286764
599338
337042
995357
752594
872673
239513
729453
14560
314911
892484
214958
967949
897236
780621
664219
656791
969817
852219
52074
125563
202971
649200
666319
938128
391792
143951
34391
380929
780042
329736
670645
226021
661769
241153
406234
910077
261802
301410
225085
747913
254045
678845
483450
603015
268469
353945
723286
433673
709497
474138
502817
757426
980823
582670
187636
23565
853496
745750
849050
985417
759087
736367
359883
681109
527626
825116
974612
67092
185675
143410
679890
133821
20273
847679
426204
630802
16559
510552
676993
379515
876478
295934
129447
796735
333006
383084
557778
155550
299287
805440
403077
776589
745103
529219
455619
439054
165940
636439
838510
15340
549000
182332
607953
821520
137501
981951
172537
602051
968134
40255
590397
818945
180077
786845
545247
267382
753027
800703
856715
71640
874258
376897
552188
540832
49646
128058
747518
374118
430346
668646
443086
549016
873766
598581
798749
130006
21414
793391
971443
633133
512702
634114
400305
647151
902986
499882
126703
771372
10298
40507
940740
169615
994667
495118
241891
315862
615952
871174
203810
844591
405007
499070
630807
835564
607464
740113
115163
163491
73680
748421
966064
24933
487260
708756
370239
708313
983449
731929
33785
805492
690744
843796
955872
660502
945190
540441
524446
11460
66234
831451
682963
811902
658504
935953
929196
241085
782482
928131
157742
859147
315806
897011
986707
62718
43747
907818
396171
316306
876317
269726
520739
789090
926784
326077
392195
41155
854025
611224
14353
147518
210287
180463
105396
842087
311033
269525
967283
352222
899305
20800
759035
512738
559190
901039
522495
255181
561303
55032
643194
914224
680091
290605
926352
290059
320150
443882
35410
46441
75094
515966
327969
738646
862260
391476
957866
698750
976869
352509
860687
550820
775344
993147
762406
720187
467642
716524
678874
721765
959613
268081
771311
843461
395671
381818
20132
609091
152191
832337
590129
626651
431762
708479
412592
426914
86027
408734
388696
367447
389330
317309
536099
268706
970411
660521
859858
411500
934095
959006
248327
568218
671512
425994
270159
284327
451093
714618
544323
947676
74429
140836
36867
698863
965761
940624
474147
212086
781434
655651
21218
802374
678978
802505
958997
311596
275934
450942
34467
71687
637209
569978
316009
894080
951276
830007
801086
404328
939736
304224
628176
999788
152022
902999
660781
243639
965862
374435
81758
429989
182789
558325
292654
391903
138106
619797
39112
830423
264462
386414
61822
282978
944859
35634
76710
239341
744061
316075
991
63517
59110
940896
816305
578247
583694
322976
977618
142984
501767
346413
550789
393795
116462
875272
740126
277237
154813
413910
798880
845430
935614
498668
263239
839567
95642
873980
990497
663026
603600
462747
38806
145754
812161
755950
485641
664768
480231
981553
716951
141623
852198
623907
502781
152613
334267
26130
681302
389918
149713
475518
990721
548510
389618
2925
638113
216355
661850
837770
796862
875429
40232
799739
437512
225011
843758
844414
909180
592811
966631
236606
637216
157078
209288
313656
605736
11102
958767
775620
227707
277036
714936
834563
42703
929378
466479
422436
895216
93874
192351
222290
285792
387801
851785
530110
714201
563260
572400
620740
741038
974237
440913
732668
979791
491066
506097
197024
524011
682754
135182
818389
823472
194357
304823
55640
485742
343511
739768
503750
765017
237200
300461
503432
541805
715683
564663
351257
834732
123273
489805
780213
599235
922281
894954
801055
369355
840631
971364
331855
48555
106086
631709
366263
214874
470795
899986
444593
643778
469328
632657
17351
727296
496465
931719
466142
814088
697814
726967
305855
421030
880301
206663
313539
553439
534692
686325
518171
607990
112480
611174
48314
502154
508957
260895
54623
265436
657155
33741
793666
354543
978209
535742
799962
601544
965128
913138
277641
375957
770567
828172
19045
838378
534206
182627
741604
226790
411553
110518
876387
562740
618827
228540
629587
743278
70396
314840
302145
169115
913521
79339
570560
404249
240927
661572
878452
905494
554187
780466
18302
624888
357961
587195
325311
904541
749391
235173
436107
802684
760308
71345
391084
463274
592779
624615
968336
477625
732438
108877
538704
737979
729961
415921
195101
607332
845021
672038
639177
272653
527917
919627
608239
41045
315312
416070
438209
609698
82611
667280
578604
260101
404658
166186
754858
227580
19827
468654
875300
651921
936512
702592
919361
957151
336831
986083
276175
403892
403311
173288
144333
409042
390145
986177
740626
484496
906705
637555
640606
974558
438591
206698
819900
768614
766190
993318
829776
746829
854297
284179
880002
188120
84685
762039
939207
483436
932039
568645
936265
814765
820522
467150
526451
272456
477341
540823
661658
252813
803391
492805
713995
272116
475144
629429
897965
508161
913405
750184
719507
165569
486479
652956
683617
767156
703441
919414
338071
123781
728724
90202
900031
783476
883745
235485
497199
790932
222355
577426
22652
59120
263182
353921
463163
2057
209056
580342
570677
132155
518066
955637
343014
88382
78378
986123
587570
436743
332321
921087
618661
741070
656380
4712
481189
875819
729257
801176
450679
156570
92280
168950
62442
770525
650899
693866
339683
228801
251356
78001
88838
40888
428001
783248
342847
847269
830014
996772
574314
883191
402512
305816
305509
943532
398737
359025
653551
431735
182229
518275
648317
371133
327776
554951
796505
485240
205218
293956
62647
639486
726992
896489
787798
912732
565471
714813
109455
793628
401759
903213
880190
363751
101939
707780
170186
397699
314025
828346
954962
74812
391034
124323
30965
654433
840159
445128
150846
919142
310093
274131
756459
932903
274832
402531
866520
980236
409280
288576
721869
840263
332641
104744
736801
884730
66781
238856
426249
826870
332246
921286
737025
575967
14315
221819
596245
784363
328201
535486
971788
196425
685547
262683
183986
510110
281135
916771
768897
662122
965974
102237
808171
773257
647384
202586
55431
72854
92194
691943
792341
214890
512813
802011
437039
140162
473724
336335
952143
168895
36338
920429
562295
851590
861005
356065
431361
946951
127939
981293
170755
776667
775735
361625
518558
846599
459416
493319
279972
710622
636759
594597
394211
630018
964739
53051
875602
629067
373890
391204
370455
915136
896110
201113
643251
784577
18953
381673
237195
219208
354783
118597
634516
209092
727479
847671
869145
532197
278965
872883
248300
95734
993295
83718
731111
221411
910826
284139
609117
559580
602512
987772
951075
114002
112784
907974
194100
361823
892211
787189
257093
873154
991958
78574
385894
742087
137577
814588
34834
487237
669954
533217
705811
384641
638943
310414
415700
901105
761590
34543
628101
103706
401467
36829
515045
154650
298734
717623
332911
117634
940317
480075
972579
268891
166845
511533
725551
144138
23329
273642
209146
324110
840917
683927
212942
374629
604442
986050
912927
198606
104253
586826
790268
380650
634390
32075
444945
189116
404826
369457
43094
437967
736158
97390
437208
318135
201897
645574
13730
551791
640052
306247
929480
81314
937536
648343
868367
786373
833364
589285
634172
350049
348626
492354
566712
717550
188789
354632
123228
626715
813034
474744
939551
426283
664391
421986
863321
360185
469356
390013
904307
658780
794677
246294
224046
398821
752857
304741
360780
919621
913378
197948
30367
814668
288073
139033
392044
235148
476525
186906
193978
425820
743408
509072
365117
268152
91758
679980
496922
466950
835739
475861
602775
551923
292152
793692
2209
41596
753586
549127
287288
358409
699351
269322
909563
352883
768309
965396
974795
434791
454353
973828
62879
186466
593345
664572
108196
679836
587559
304718
587918
467905
281290
440596
308224
419290
289170
127964
652052
414987
909600
488703
349447
500341
472008
888659
982404
884539
303980
102454
662731
430498
971766
395339
351422
720210
950961
401857
319880
535481
132357
909070
975531
273295
658253
264444
228324
970548
682582
887642
299580
624501
421303
722323
332270
684461
824904
253531
435824
294280
803072
407173
735712
444003
508079
951665
687436
355407
762772
861731
117662
382069
56732
946224
121890
499027
42360
720146
360054
147812
954201
117018
922317
462046
733835
933380
895455
626837
283179
110054
250993
696957
657350
760195
335228
748620
171408
576188
769981
687038
240894
427558
904984
231090
804736
676919
760810
389810
870302
505049
196266
32336
533934
111393
542778
903851
351024
340761
213008
422033
36166
555769
229371
617471
587795
173429
707029
941507
250414
344752
901380
127362
539011
278222
893740
754326
943750
374247
478389
76687
539605
504919
263412
656155
135658
295090
759992
116608
583353
174805
974131
917701
852716
663575
534084
81585
274297
390815
211229
730155
897116
728911
760918
868416
455286
993630
277197
690947
129858
704068
425143
34703
794480
807374
134152
878760
127776
416209
459003
328128
30268
11323
3582
622357
659442
603141
70206
555767
674957
651780
998346
334696
395183
331167
612966
645340
100269
601755
122223
724127
123399
539218
58085
907670
737602
10563
238426
266845
745700
257794
727606
853392
996492
352656
21285
920869
367083
903493
864029
477879
227747
947882
550927
731485
141050
909411
273129
878841
108090
325385
460998
568973
890857
785814
367155
663879
915296
52538
83999
940957
84299
731146
49182
952403
609980
459224
374234
437594
843436
442013
732183
957010
807182
991187
440160
734512
628753
621728
25171
716603
518323
606892
585670
431856
240573
610643
647957
889990
94047
532086
340874
39692
736040
969196
637351
294382
873889
682838
358610
158166
487239
862033
47837
711343
818084
126788
333618
499844
565833
691224
779608
355719
495466
963527
993444
746478
544790
909582
373310
612088
757585
419452
818831
118094
176400
285677
628484
737412
100048
566864
743106
182590
595795
814947
149606
109743
789624
571520
734327
449661
672822
807569
281195
780417
751796
88032
501906
379434
479176
948169
29347
156801
582731
872976
374242
71
507542
585295
317930
328890
498459
29896
104476
236982
300833
245401
978340
353273
491997
851533
3685
972159
64746
850447
296449
329868
997158
714361
760070
981704
750568
275914
534072
55940
733921
831158
611895
859355
753038
803224
319501
39667
246423
250883
946070
300259
847175
173942
872972
473006
553385
893101
148398
737262
669051
996884
595341
648588
870098
310487
602611
260588
71114
8980
653168
991205
201895
743346
483394
558253
608973
83019
285024
169940
393560
670469
341155
603943
308825
366142
881682
271541
181294
50661
858568
75630
454461
19686
462084
466919
314188
954557
446989
77433
473472
124972
514624
815114
797553
206663
876792
698595
229734
631021
416344
619648
984818
210129
548535
616103
196906
884726
10089
211632
220673
853497
309798
38883
983683
486088
673050
247742
886634
168945
664585
367701
323360
224213
604252
579284
837138
996283
873867
512225
921133
276480
249961
216156
666553
58476
800135
431112
152206
913697
821254
666755
996278
853165
634685
235697
424225
696574
814466
179639
610175
323189
216729
821411
287614
433939
278263
122601
449888
198160
162161
463689
449975
708170
554246
939148
477888
159002
675333
627180
816986
596291
489053
635155
910049
895236
321855
505724
333996
556621
485489
68982
142815
929422
460978
549447
934189
99114
952966
215789
478893
186058
532893
208832
646488
318607
48356
784563
92445
879455
869287
144185
889505
79521
719713
881220
306390
720707
669922
532904
355959
574136
710235
62110
523549
735616
738633
346725
804033
648863
98940
200451
167951
151983
533635
618410
786723
404625
299126
394933
892514
284543
744224
498449
357816
154301
643079
991289
92457
442670
168984
394713
818390
404291
947764
684692
366735
580494
968977
6625
631247
831285
494094
282640
827160
62657
304984
321131
137004
877462
857906
361463
715621
557565
340132
17818
432626
553117
121090
275030
175406
319945
584215
919987
80670
389235
696559
325628
985287
915453
704638
330399
551466
58480
928368
706424
735453
71302
859406
246311
278344
747425
640777
874269
178808
639839
939495
28150
659427
228805
313415
195712
138297
405976
672658
949979
399139
292362
566144
5432
380762
317073
62852
475267
360423
152660
872982
163741
734451
453567
322075
235010
207370
346999
966962
978954
642608
19047
771293
961995
82528
970743
921930
195099
183901
945630
863742
22451
956727
962062
753885
7407
972957
568526
150552
644658
309785
202470
797555
84262
346668
933363
901297
69025
53702
34202
873311
697699
621922
506457
203643
484092
849980
485817
626943
851018
382576
327136
573005
475360
59824
608259
759992
440451
418402
215224
463468
698894
116692
238633
517180
579765
134109
500133
337286
52006
737361
863312
185093
207627
418336
490107
559347
891884
190539
653262
489689
109426
638980
102050
250612
293702
819042
721003
991365
50200
201086
689362
131894
330044
216237
117921
925732
333934
195673
263192
793101
237366
111806
735837
215704
465447
781119
464271
485499
278145
864226
407803
357260
234678
479215
593063
775656
23114
578976
823884
250810
445459
475589
425058
238569
902496
391159
742803
20768
179382
225078
699409
413243
848566
145122
289923
804427
856666
142482
551258
396934
256030
501269
247619
37582
899707
105859
151605
3484
426638
380926
614761
533321
769176
518922
542378
885113
374046
226247
424002
732900
521969
354759
323476
520642
607816
37776
466248
466771
258377
397871
430304
473736
544358
832887
821546
509521
27108
175317
421518
207876
691895
11089
294151
707750
490378
500195
71022
494106
588379
776431
513330
915939
66818
527583
947748
964952
740817
313116
845039
366499
675671
456745
95269
699893
115327
523036
239220
484810
155670
424825
768887
610836
799658
859692
829993
989191
804173
826275
128436
696192
524153
124998
826599
821395
809869
105492
848327
76527
242742
40667
561468
465648
226217
44052
601196
586817
104332
212120
362341
357932
106868
472707
234292
774528
24585
587620
442771
329438
767174
903389
219326
34592
653853
155486
853158
701029
298424
973240
357183
255357
500121
319584
443124
849070
312930
984771
672379
774497
478449
612608
884290
154988
758563
984647
200264
244349
146426
702092
928905
114527
263001
311207
489617
287340
324652
697355
526578
762960
771684
42593
7697
165685
977760
960320
823962
906832
13991
706443
201172
448328
754450
496488
841806
288766
20551
45912
450361
439677
146207
521592
851664
264000
448489
40019
36401
927066
412552
16162
978191
902982
537591
637153
40833
147339
425069
40910
96690
142091
726364
610305
190075
502761
89939
152867
947726
861845
917315
383244
41545
763062
227358
435389
890474
539122
382811
74998
852194
976477
671510
415862
851778
724027
131541
212237
981074
650996
631078
14303
843521
124243
92068
307575
617270
167802
940376
155653
872133
161446
454395
243638
84541
506139
805465
617710
704926
416364
686354
494501
14503
321513
617467
898203
535694
847205
293153
569849
638409
857442
84397
206662
352521
459996
981731
109890
549191
800559
540165
281250
828215
349477
10196
122793
272088
457632
790262
552864
408109
137120
964275
595314
771334
871154
558297
417894
956151
27318
306688
408697
16554
935243
312680
481175
999761
582681
473470
482998
954547
41530
916926
23760
41128
311621
60466
248571
798816
406201
352600
400550
554653
675523
547233
786674
839297
305708
609622
64042
287937
978211
446933
820257
327097
966050
512570
194727
147866
657598
307289
172839
52798
430288
795239
423712
619676
603516
395512
397758
159831
698203
467298
786580
221745
529673
774785
158393
466845
188108
372884
968188
775345
100703
468613
570820
844474
312091
957254
803721
41194
403713
785751
843945
429484
575206
582628
977960
311000
686779
637386
304327
726466
206648
490042
433791
88493
914597
817974
366810
840925
500165
599289
556847
437834
920351
619508
460408
736048
912938
694514
377233
406723
867860
731932
324816
267776
880687
81497
248635
10911
614968
929677
564522
684389
485894
961091
636602
706390
229580
273509
31339
709703
156299
999656
628759
402256
780631
278853
885904
478304
959043
342497
563092
764140
213419
762830
12783
667008
410207
897770
651374
353462
656551
181989
617083
330627
239416
959393
124826
120942
443569
649970
95999
766941
40338
621892
162185
21704
442170
988636
931999
84622
814682
470327
173862
23398
494204
332622
689628
757294
306858
91835
426260
474399
335100
585141
703950
667554
391554
716215
836530
364283
304009
207360
119785
448676
758158
759923
495960
817141
871997
691934
829882
402814
30244
331159
160345
13495
344697
476931
627497
803023
669828
493488
304385
788448
308394
295522
357047
937540
701272
681067
916630
586369
365640
139635
564735
328031
593267
495640
756953
9435
357075
913198
263862
838708
87572
310887
590532
429538
688214
647054
621932
135142
151905
710126
291722
38589
762854
742991
832842
356462
783662
912544
239003
737027
391778
594224
463763
405972
727286
288662
661279
488638
356914
498417
111141
567731
522078
180234
663224
390891
426825
121302
668023
555961
561974
315287
246722
261048
97828
591585
785562
820580
189817
535930
252437
337541
673674
198043
700666
196421
16201
617363
12863
373667
229516
977099
643996
688896
72246
997092
596299
705047
51076
695612
759903
56394
959606
893968
960766
153111
190615
970939
208317
361321
25259
296797
55766
672267
42485
609815
88136
994743
96930
765810
124812
394765
180053
836959
968879
866783
526032
41177
745872
677161
813243
82087
653496
103838
499925
6653
97745
323933
336884
778754
547461
540738
495930
795821
574836
815065
897430
905928
443473
973294
566004
80215
421786
29888
984770
936786
993330
883220
12896
104589
854812
854245
820388
554105
399766
562616
123399
689987
669200
751950
386287
155866
764743
529459
541785
401358
870531
879540
475618
796372
240297
107502
455859
469414
30590
849408
101127
479175
276985
840482
319771
10916
695682
249615
527409
848406
743117
381278
512256
294404
819534
870575
553467
261286
23640
739776
881596
712420
515926
653151
523597
674204
545380
314554
848659
760387
355531
131090
906008
925219
730519
979854
292915
908482
843031
305772
411542
732003
806641
265298
473588
891110
146783
860483
777101
507274
258058
592173
661719
764819
169921
4191
726923
142278
564182
357207
205961
814162
870933
748793
869224
83529
682338
929692
943582
341195
225646
631871
366984
375107
707925
698393
523672
81419
300760
308558
852440
127083
332530
771581
65119
173247
638233
607222
704975
242678
471506
123721
835911
176630
800305
266042
436844
141213
989420
954384
672271
126243
906267
799756
313659
937947
847247
949239
833566
211928
731212
851413
242706
366253
797348
747893
458950
794508
196273
957738
600269
647055
498030
574804
141699
195413
430898
721559
751704
803781
901451
18350
33274
813166
124915
365528
75171
283727
224434
812336
539452
155570
615247
603802
435052
359411
522612
171737
371586
32350
399389
319742
134907
647798
40316
550331
7536
351506
60205
914006
534687
926051
838289
145273
330388
662352
86025
694950
856435
199810
460817
46855
316133
334972
451126
440803
589853
565217
927222
116269
367942
245209
122290
733623
555851
593743
222930
759428
384130
122386
250805
567994
450358
735643
116947
781686
589391
688558
362034
203706
219424
450713
169985
320705
733517
991577
831317
261108
218199
83036
733949
128821
427206
442722
602180
120472
400177
28604
484034
277489
560749
412727
429727
32008
600656
96530
591910
135657
878049
543978
335105
630424
880606
953783
164439
983394
72488
664367
430974
522319
152719
462344
770399
612212
284278
888923
194725
963045
501987
372068
416865
932231
218533
483878
828862
119235
888482
750699
81436
519830
584636
695273
993675
175493
653664
884800
109157
860462
309291
201760
593928
691962
128376
681288
197934
146735
953482
575977
650091
985058
564563
754537
896323
876553
457823
647171
573670
702319
123808
247051
321673
506048
560342
309327
283490
58180
246619
291802
749440
844009
977544
728402
199492
35896
427656
461377
368256
527338
438007
153648
134506
956180
843382
459951
781564
213949
835662
874226
792812
32784
934269
233942
190403
313260
23970
916609
9693
103065
622466
155174
330940
890326
362293
112424
126792
871502
430064
104150
624295
741481
850543
631189
222837
11710
910719
489563
1824
385573
762853
974871
843363
396138
967343
438959
491293
392543
559445
881377
580813
646665
246922
406923
463149
526202
506277
256773
385448
27455
997095
951404
179704
727599
137896
116730
87648
581604
47459
570257
636483
2310
394842
502743
942496
360834
380647
659514
876971
114586
777505
485972
950984
473367
416039
43370
658726
631513
515532
440079
556342
899087
343263
759846
975367
976129
184085
780036
306432
768778
683798
610868
894713
274980
431201
97684
45558
977372
74780
211740
45184
464996
488444
567231
855010
71559
405517
582570
479805
181431
709918
128745
702537
193986
840717
954025
549096
525603
33770
369112
767208
500277
983499
374120
703830
340482
441644
457715
97913
22202
861440
586425
910258
96767
800664
603460
627182
49885
314351
615148
163909
461143
7568
642359
688370
76956
80996
244632
45871
252249
526876
982872
610541
447848
26103
47506
33709
349606
2544
329560
467774
159074
145160
981492
498579
874224
403243
255433
476480
161118
115713
797975
405905
527614
350484
839389
936007
783202
582937
804952
45040
521958
53533
266858
531554
819495
132685
291414
411667
738194
327266
226856
883608
210583
220199
976114
48313
970363
905128
70512
345517
100621
434873
228685
750391
758320
618784
303358
106524
565463
175968
263629
77119
684816
171171
126640
824027
953143
593347
891863
689757
972555
517685
3397
872668
798109
48338
277590
153270
324836
521859
124447
611400
945134
632457
41010
460233
97969
135143
254976
218435
880448
996844
157465
604720
833881
374624
537232
431661
101403
799883
86714
486173
347412
368029
252181
867613
124665
102781
413636
111007
655343
106353
630072
403045
300741
451238
250155
126364
457605
886813
291782
658067
236256
776242
233251
13206
119110
244746
131820
290475
796439
682073
947426
330024
225395
535182
977722
781551
577069
725659
530146
896840
829663
527204
614497
825817
574807
66371
688156
171972
295343
76214
173876
176413
533819
58918
340429
163591
129307
200980
272042
514858
177007
32802
368884
996562
8938
875772
708634
604007
536448
35297
716113
858437
340153
70930
112252
704504
571559
666453
385512
130645
218676
938150
371758
777847
683797
844539
976572
373397
280155
181491
864877
38269
477352
587738
212883
643887
873854
822683
334423
694232
491699
412483
950392
840106
106177
28206
877871
848084
80826
536144
10099
884323
415576
983714
889176
46261
750194
678438
103571
57877
564619
410905
275544
515832
994629
542901
961572
591059
751667
706336
800791
480983
328588
372980
895737
289290
379002
885804
581725
800131
339474
506087
170594
478978
656223
412700
102806
813994
722263
64923
453110
799195
531439
62908
405265
681584
152778
473958
622667
766866
720781
533629
627260
245175
889102
215273
27256
694651
458282
120768
976234
431129
551413
453455
293529
645382
410956
567178
40461
497130
943943
912269
750026
396091
175051
592206
865019
312
175740
431778
595562
414464
999247
97192
799660
21581
320893
505494
993690
359184
60051
698398
741561
859817
633126
333308
946619
766786
735077
939103
159775
544650
138887
783921
326835
119497
700771
863237
224997
177246
21468
240168
564784
895422
222164
386825
1643
664285
657710
796738
217500
496314
107066
138160
405767
664938
482593
670317
35340
171756
186383
434609
37597
125721
599611
656148
719705
5178
980948
895089
314250
539828
788490
504743
85944
843870
761525
81209
506280
65843
613030
784981
922740
858979
129545
338802
1800
986052
683891
222930
55414
905446
415566
589095
696439
998083
789854
372370
704895
711637
500079
512518
706299
63234
522845
256459
566826
948211
728960
529119
976149
491138
966898
433143
912237
244305
700222
632867
186687
577080
920038
915727
250134
580566
760401
90341
645997
642057
769551
596816
534735
241144
205707
365532
436621
500173
255884
23801
776667
60160
114855
421343
15560
384207
195205
419595
259161
367242
302605
310119
426881
406474
855789
328903
583998
109057
259722
288783
817490
169325
930370
333875
274653
85479
854042
455063
710228
312408
273289
23445
540576
849162
454304
602332
650069
858908
361300
907445
84685
634512
165290
384033
182049
744319
559421
568479
154115
953900
645679
800842
238971
138677
468586
72478
361404
82981
484498
154715
703138
781479
337033
278850
27531
506326
594590
743548
794319
902383
438163
836442
239773
771112
965513
929207
70707
956378
369610
485818
581177
172569
333171
39224
54075
274980
117244
73078
443778
831224
626597
266572
818509
535999
439871
728997
617841
340837
51157
584418
195210
495947
111477
254942
900317
323797
683998
938188
524940
69279
714823
438077
719988
452812
868682
18238
239847
943806
942700
310879
491201
651362
659913
401934
851817
106530
670688
76001
535910
527038
144825
253810
519899
395253
583407
146340
111776
685277
163614
177924
414399
463122
816361
847756
784200
588235
998568
757697
118289
58120
751149
137275
304526
205735
519793
912453
865417
642326
161440
139226
193278
743971
341950
740880
370069
664368
53492
942737
181756
995394
688507
467523
192097
400632
925668
532106
208841
233624
294849
59939
789008
871429
755764
917681
163901
150797
72466
499029
70273
139295
661299
915574
747916
547354
277720
831968
473740
32640
36729
853192
473028
726537
783403
184557
944069
971156
59755
217179
443403
198200
335050
238282
970038
72185
919220
198243
297058
861526
352286
371106
64230
182655
225100
629910
759334
503205
851580
680518
836053
874665
424178
493678
658955
884406
98785
480103
542591
518378
172787
789028
933665
51311
21301
316696
406935
346409
746146
620021
680913
387400
919307
665488
299467
364348
947231
491681
837919
668360
751069
490214
518532
13040
929811
880678
215847
605580
418129
853139
219620
515583
825776
827657
648545
200641
355384
180915
10183
757911
594354
394764
951006
799973
562635
931907
619076
666074
842530
56120
63050
734537
949679
602212
893676
856792
632719
46613
541226
788689
332784
433686
145671
310166
292437
230957
697565
766513
353030
684413
593563
949577
272472
109900
840477
837425
803988
263647
441062
902619
805319
95426
108029
101034
18662
989924
44385
519205
69083
633374
759977
573319
555248
10836
10685
930163
712215
350324
9707
26820
28627
673116
889895
874819
123655
480664
563362
875314
518105
593033
560517
810693
166403
172641
650122
578288
576374
928970
540599
49307
321386
689446
58296
950643
801991
351281
544921
80154
581353
987331
200989
108990
937428
997682
200445
735623
493812
78613
760128
357802
418766
599267
501107
99931
877257
790905
742150
954655
486163
558330
138755
60991
690098
281616
319979
156376
314663
295441
689007
395408
454656
934782
823560
154467
755451
477221
158195
901723
620498
392806
100109
940638
759784
232082
582854
84001
743118
663663
312581
906619
224498
845592
466009
894036
878948
342977
257814
744508
147078
627737
442388
401752
338128
124104
901632
926455
965950
785176
288285
618114
939030
834672
86427
480146
803481
462202
22866
986460
832326
560230
881883
477895
350469
247176
856203
787230
664567
982685
847309
861601
861655
593643
589851
955702
743245
473734
430681
759357
616271
286638
165966
693697
743860
690006
230399
511946
85911
582208
654250
597775
836452
788675
923740
549128
374466
289006
785071
1634
243229
352135
255524
299980
57039
387116
73753
684655
210090
23707
549031
853370
115876
863245
240922
429211
397984
531005
10190
863113
769685
668806
390562
737918
770205
770410
122396
7298
564700
391215
646489
537699
480203
5603
6831
202433
854240
153985
662561
292869
714140
320300
156350
688754
588400
689496
455318
558996
799501
411912
486362
819476
55175
242673
563151
4717
524005
768446
78639
676793
701959
645997
873244
188069
738100
980822
807297
996740
213952
547468
748743
867518
574614
923356
786289
105385
395687
382195
848341
432048
330799
73756
799800
909999
966753
442534
167556
393185
207279
60195
944616
15601
353976
741389
268044
315052
254989
177796
442480
112536
146977
217907
541088
534174
959053
843536
926038
436578
85054
715777
52588
723251
261116
161628
391932
697246
811863
978567
368342
135197
409840
41919
638109
703981
836385
936308
809854
898365
68810
941200
850190
797186
304889
887320
451776
145064
111477
971435
8255
471714
959463
678056
744238
285794
984550
124013
525562
897509
466078
600058
560152
442853
770331
32435
371168
351090
20344
632452
572357
242139
942494
202655
430192
779398
947451
456289
34489
800415
372994
952978
915330
375021
848920
608203
985071
180928
195106
771826
528005
761735
298280
826017
621790
53950
430054
524837
725511
94084
212271
415714
986934
566666
384446
48596
816299
999144
322971
466736
542433
402570
860583
122089
672369
465863
661380
577038
616388
267154
28003
133968
851187
851529
118059
706402
13949
419499
793859
366393
656740
929639
716732
407027
93860
193999
571614
429780
467153
734379
843662
342315
841164
141290
389272
846931
38049
438836
331103
13077
348544
901339
490846
710955
403095
141359
919834
264543
527816
536752
692774
608466
463564
388894
634962
402841
778276
683693
564146
910850
817527
794069
255686
853876
294157
750213
634251
384372
415014
929015
546525
472772
516856
395487
475527
737638
565380
999485
943529
584638
452180
195346
853700
866389
234899
846702
928294
841402
641544
980648
226413
914371
117489
977192
120569
846193
813880
988830
987314
729777
174484
582421
293810
591103
114879
872866
510929
327653
162191
429686
433868
515042
38580
385299
738129
29221
196557
788764
455594
624056
373735
964036
21379
553978
348435
794280
160474
287877
173026
215737
751362
458670
620543
955282
245331
856234
297834
977896
547313
12493
500685
773471
167159
598382
32124
248953
171585
734183
117582
713065
504531
278713
663378
269958
27690
929292
376048
840475
594716
787
513950
285531
283950
949262
15803
787698
898418
917353
875979
567158
95963
678658
297360
124028
323871
453960
722369
580295
472903
772735
34410
440156
231446
363871
771871
704497
764692
657116
696478
398404
627574
712641
667328
438855
256875
760374
763100
302328
173509
716576
598265
57935
818754
546599
872301
135249
867063
1427
772438
868226
759768
359439
616436
57719
496934
796560
965282
28617
854645
700879
804975
307046
156249
370866
636317
614209
250349
357513
550454
746666
631743
801203
491333
855992
956635
416929
582072
287778
560947
718514
19152
403565
721384
168958
784002
273983
257207
969903
257966
46035
878403
469065
772217
962310
15674
681546
373577
203854
914151
863531
201116
25738
217364
263815
603269
55347
306138
991123
520517
255794
815431
511115
985986
28108
665514
882990
484134
438136
802109
663775
431831
219538
617327
760941
508494
648999
861710
425964
305558
166064
528782
739202
552292
62044
619576
509886
541069
570118
453042
394082
523624
828934
170791
813633
432448
816611
967251
956291
751414
518630
483500
843206
302002
270154
939632
948575
941251
455439
754696
583998
18843
326765
100886
135535
391776
664166
126496
104189
223536
22005
488664
418353
925940
582114
255495
752632
616287
400823
341206
761826
861188
552269
323001
184455
454354
886527
687416
973444
658477
519488
766939
686051
791849
128713
440434
430745
488677
769770
229374
346600
682626
190658
179520
355749
71999
387914
220635
991700
75763
324555
31784
700271
898725
280112
208215
619654
131339
737270
142716
193792
981790
406271
839614
873727
321302
478854
125015
20706
812871
99182
973640
188323
178328
121587
5149
66977
677403
807681
163864
705017
542990
8099
663357
525133
740846
156052
870201
445606
942514
691634
912496
981174
243755
300944
179938
836214
614198
330666
27641
424878
619610
216051
740081
550483
911045
280587
67556
671370
781406
292493
644401
617675
24518
161924
204744
115873
2545
927741
351317
451149
435930
859511
7111
4234
207464
300471
326012
488108
270747
331960
313419
965858
402738
965888
321901
244762
400349
12878
483272
958275
261722
197424
154842
370926
529327
907825
44543
81102
75970
335470
515934
353950
461528
774345
821366
588705
690344
487735
300993
744965
867420
887541
836226
829793
647651
870744
202992
649246
141109
819841
679743
418545
293669
285551
520519
274310
186076
316654
115347
195320
421815
219885
855305
961533
748223
911725
792689
19359
715777
751830
49379
334629
214602
574756
618705
314896
387457
836350
361006
19009
795169
136679
43515
932280
855185
783629
484588
448119
818465
137151
645179
280197
18467
747644
818952
223502
952868
932646
896491
467239
967046
259862
733720
673584
648955
170121
183214
231891
206048
429879
206236
133672
209459
378628
538160
272891
274291
672784
89854
869093
844435
6761
539561
788566
63578
562272
120081
655157
308442
647993
916761
956958
670986
674939
960595
550154
880259
348968
449739
623373
364499
339335
947181
416184
453313
357277
739411
489438
757023
916410
279023
806452
953605
690031
809042
447442
349743
634717
371286
5142
744117
289448
521134
279399
947491
91083
383368
101655
193076
643333
164636
282274
603312
919922
157332
552083
231263
710708
741912
850566
572265
341328
808053
579400
304779
511573
627369
538330
441656
908278
308749
294485
219018
436217
111199
108007
392483
197960
587052
82043
268325
7461
536598
778551
355401
569211
866759
481887
733280
474831
966835
535895
988132
717781
279811
319429
436282
685791
500515
720213
396551
774065
314025
132374
429740
797231
960928
544130
224863
129847
127921
776346
425063
608843
730477
448496
151284
25767
724090
443006
376856
766642
455575
889012
996070
165647
654349
570447
212710
324818
968244
104293
835185
693648
975263
952381
633455
132815
613989
767834
797739
577116
528205
303705
351376
292284
986581
474032
663939
496570
166943
835734
600988
125023
31609
516034
950018
955712
265031
664779
902753
990385
998287
740590
686923
783063
76833
9070
106408
31836
634593
634134
313883
516539
556338
632602
418996
753147
950657
793820
167883
871416
826283
655114
904831
447132
333964
298596
215307
186221
343973
264027
391554
244033
429417
905365
605479
544012
530276
647885
554475
861018
584521
505496
814275
367640
691222
853890
290789
867276
374630
137047
252384
118949
742995
328637
487318
549612
366021
932286
281687
174618
53340
414180
524122
806660
525366
833085
156890
843826
700957
47998
93707
471629
288272
866244
625591
55286
446892
682358
759162
697395
766391
405381
465238
253316
949194
505365
680500
841748
785112
150582
631352
339019
476894
863691
485183
298176
610345
667467
645432
369676
741439
173030
313756
241850
971563
787711
597131
596442
142825
895960
844612
721588
122921
210316
759745
96922
312707
799925
434797
205207
870968
186797
809475
311235
248225
993906
408196
972024
299063
438819
646356
651679
320574
31207
878578
163939
40782
142573
927507
207624
567359
225613
608857
738260
547056
627853
708725
548395
262644
455233
81622
822201
587803
888842
766092
441415
975704
267198
988094
578865
906452
776808
889156
462127
392014
921382
177314
430607
768493
88177
584546
191235
988644
346170
260813
960470
333120
755759
652549
163002
294481
509148
696962
857406
325234
875759
564007
115995
918583
581780
290496
741485
837427
2367
167771
463487
711267
308615
28800
66175
783419
946223
576590
55185
542346
867009
395379
204991
99724
488148
97863
721933
741772
428908
676934
990186
896372
608704
227240
16323
427123
398934
146399
426162
640009
634891
52268
232532
39346
620207
952607
991545
139436
220620
39017
829620
966887
293000
106847
466961
842377
478176
17613
564966
523611
536916
45109
898690
18515
856546
537251
27075
601150
875050
128878
925252
718346
180464
274637
369715
545901
383872
461011
584896
999734
109804
786632
584241
395310
50481
202406
425746
967850
834424
467181
526474
511536
682296
357347
12489
149124
592248
871596
667102
810766
831474
246081
452581
963817
335379
399696
82781
415306
704608
466544
774296
318219
124530
328448
724491
200339
483618
806619
401797
830116
136191
421945
118461
904897
23932
723941
184388
353466
800231
990358
784537
788309
147412
601773
348187
725915
987032
72010
437401
135868
952881
612363
658758
456224
134723
86691
873864
125003
883069
549650
277423
182635
535322
225286
702467
742017
59268
789006
794294
847658
714515
61239
94456
647881
441586
772165
601513
668499
662818
646032
434858
442935
405976
881720
14028
541736
587202
725382
665898
884680
550440
179168
705043
197618
275053
512745
973919
387108
346356
500147
92387
285960
543
887137
78911
90589
791410
379230
794644
867719
227350
810484
822163
526895
166074
934026
974001
182168
185172
748541
573238
505664
313285
141529
508277
336238
229979
262964
500758
251103
955312
384423
105167
141703
786031
503210
213169
890182
740919
471499
782238
893416
544023
145035
245593
895065
933369
367189
466038
272484
673180
979035
548272
331366
141306
299215
756057
334867
895752
521019
960044
324708
580316
778110
649982
218012
700904
460068
488915
48054
182692
944736
209741
164909
417610
671209
652992
949415
474171
222894
920033
418495
600191
85046
380700
954349
729450
904984
964164
558613
916250
568660
526949
592553
831964
882893
526901
415675
249902
894692
943529
843106
724767
188338
251941
675784
886739
851937
941387
669135
656611
738280
247733
775646
220833
790945
219517
528588
18680
777672
616953
823719
962354
250578
445380
194144
386388
939367
819063
81751
194276
934654
773751
34623
349771
124436
353320
509422
960917
552649
402432
139844
566868
504087
448630
470261
276644
135791
811928
40244
428938
381874
202044
332541
344438
394761
136526
982271
536744
579809
272265
582629
717103
824646
553537
345536
42699
701659
541596
370707
125684
869236
543969
638586
160308
869200
682344
632503
79023
645174
135601
311514
866243
364010
565201
881165
263882
774412
103495
279161
314044
298254
848429
490521
761202
320912
69002
745881
194565
69018
292100
195882
292309
662837
996851
49125
25830
620838
320400
782873
824996
707272
388108
61107
958343
155781
908989
245001
929105
680305
439283
579139
944948
263363
874665
961702
921746
324336
224855
402174
556444
367974
481701
458472
933851
183522
412345
734905
685133
525614
980849
542990
763751
91194
598637
148722
129914
968598
464451
837029
245232
583754
934614
547151
878901
601427
366209
211841
642290
395898
535212
459683
420340
622865
279105
971584
829291
564301
444793
454891
37903
178939
673104
20044
177757
702241
629591
908874
808191
920818
322920
60375
400970
377324
436275
218515
603169
571218
330487
797534
514551
445377
653197
105085
285041
700466
419038
288167
477673
371339
175797
573549
825551
584482
245743
613637
18410
315919
636943
668722
115324
6892
71662
900817
61828
189803
772623
658049
92637
176277
924945
896816
234436
204315
681149
716735
395959
498714
536704
859281
407736
475440
721778
379125
208177
591029
591700
529005
68849
581593
534937
838875
11284
133912
909787
697287
878785
229852
380526
369487
80205
250799
981522
879532
759934
35738
323394
40604
671850
655519
565993
45042
353789
110544
119540
663350
811032
124811
992898
58
663191
102995
886841
639162
54315
163595
698802
250414
668710
916497
113940
549808
347478
852148
384894
393029
674312
397332
819614
839370
956462
904981
296095
948989
392475
573631
558719
442148
80426
697461
385790
545821
383871
821072
832754
44548
95589
890840
460728
43642
361175
776670
590405
642904
417818
257785
399130
835824
620359
190427
851606
501756
787879
51791
893733
235942
200502
209745
375894
937779
429258
807562
315403
740493
413517
244774
829001
235179
493286
544084
745455
187935
166071
760409
333636
189116
687935
203409
200937
732129
456287
344196
165229
321255
943737
44001
936639
60707
920436
71130
715710
603864
208348
3355
934189
467836
348583
147688
137154
750245
908050
287634
60125
191632
507626
355797
519446
72206
158055
725521
557551
494348
129843
122147
100329
55229
889672
147616
190642
45670
696502
796077
666235
608069
532804
839038
663592
787295
85742
178025
895713
276773
3405
147686
585990
904834
597461
507110
288831
480452
404408
277900
547697
635492
659623
794636
450316
669748
716216
350367
734465
598180
753059
710944
963217
677808
934182
139398
155137
317162
686409
803647
555882
11423
342012
554789
957292
60009
355804
947167
344258
265169
601236
870743
459889
918622
801888
968275
680667
528318
331757
703794
828144
433424
594012
86469
684932
985356
285926
27208
881531
131344
993882
686780
932704
755335
474305
244578
393045
830520
520802
751126
694885
627817
46753
130885
831925
825389
340930
281356
411674
537425
594891
378158
710916
84255
261256
166322
515927
846925
136360
291671
125402
689542
483333
942837
522184
32914
935553
709554
792708
305508
942475
369885
906986
8320
575105
188458
536897
510663
712112
370634
358220
899488
899062
851879
979199
714629
877577
899001
1359
42919
314960
486920
81698
411839
478895
312574
564582
361907
951648
656296
282878
335520
162876
819529
150486
949130
374170
713563
108503
690717
52238
975203
17462
757215
984019
715695
672039
789173
568707
794799
886576
435791
848066
953326
357720
57776
636283
218347
177470
227293
308034
915608
662469
170594
697241
383086
365165
644155
885582
66795
14781
821286
648002
24298
780828
445379
912132
964189
158656
79076
604443
616936
349182
78263
278690
503453
5055
462413
661710
217360
947539
657414
672652
841751
331615
142043
117701
17376
124850
398024
12483
214255
818294
405396
393517
313138
761218
732094
75310
614594
831564
458694
180532
681400
512572
233621
197653
547178
79963
946058
492556
371713
461354
307681
983904
295416
119056
234818
288933
141363
490475
868324
925852
272762
637575
911196
998773
31888
142636
438598
915830
714868
667217
751054
772467
441907
688431
951772
244221
914152
153905
113690
550808
466386
327559
408163
292643
919568
11482
318025
308252
293115
240986
120067
662204
237792
495027
401329
337982
627928
663261
761102
292222
195398
43154
684209
515580
683565
384347
942912
801727
500972
352516
909809
7318
660375
687086
604286
152826
678898
461251
4389
342927
521100
576772
463129
803529
857974
678654
354056
548844
226911
170011
487498
460971
626317
906324
831075
353266
616122
720260
974261
64575
779209
861080
932165
118827
51171
567651
596007
531591
561330
948878
11273
975713
258554
102828
265434
46694
790415
212268
97813
591841
616055
790184
719918
186914
785756
197914
889047
178810
346990
413805
695215
447394
62739
507505
66312
641211
90636
955177
317267
718960
124901
574847
856299
996663
350424
898904
320186
756983
837184
470337
404812
240324
204469
76488
557550
18501
584648
113000
263234
98167
966428
272604
469218
881930
21471
197332
862703
701033
914212
480581
332149
207895
206687
102427
636284
252213
596092
254922
286958
378400
299100
483074
214432
46967
578412
998081
997887
175418
933284
231170
22168
300813
528857
255443
954179
743516
634240
557060
783661
776025
103296
437947
222273
221154
378994
898981
337011
875133
477368
526087
333993
958917
286775
222642
228229
642910
935474
225109
20243
601059
448068
867501
255244
600610
384698
524055
885829
828797
289995
815045
160183
748337
295540
516175
739947
110387
214772
295585
899266
571766
336865
751379
527326
499785
821926
128662
791345
980574
179098
226569
18528
627366
936509
229099
671827
35671
153617
547436
576924
28431
844499
439772
436865
386834
162901
600389
50664
787568
169465
459604
11934
904578
774348
842673
748163
256274
928636
196593
809046
490906
539191
825185
383577
320869
369570
20931
667488
491090
15603
164053
586684
371192
858028
81100
257470
516643
433845
966688
94186
290299
853844
620161
661370
435781
493451
406439
677195
607747
743822
272711
80489
733367
526047
467489
467442
408390
148616
210038
631913
125943
578036
860119
40665
312090
174123
105369
838627
650437
119785
128421
2279
215930
890585
257516
375115
513444
915443
750519
823531
232000
872367
813852
471389
862233
671972
918220
697247
851244
728898
624586
658528
725034
60584
325878
218983
39067
326499
113351
536996
110751
236612
879576
380305
740495
194525
743449
254597
467715
112536
621606
202325
267181
859571
984564
536615
101987
57179
284392
489236
678970
184804
940226
659321
724109
572451
744310
311323
892893
221609
986651
319028
392019
992092
989692
416542
637280
222195
396493
22299
736965
122701
931576
893503
72303
940975
604564
498043
39034
557977
816503
926854
209942
66243
468578
201513
937799
256505
488667
793128
740230
649360
786136
907848
333765
690372
873879
339010
847504
324912
20874
119554
51215
616744
796272
510812
713704
295030
564415
835852
922497
911920
137533
173608
211363
582322
587759
814820
666682
976702
454312
681153
74360
553132
891394
381780
500826
200463
103659
412591
468867
489382
762199
269742
610884
783356
661267
773984
533757
220317
26106
940751
879452
537973
281792
166318
929796
854150
269355
602334
670602
839685
766690
730332
134489
644306
926814
286475
21877
239955
991037
636506
845276
51052
61301
863186
642953
664540
60197
638399
158098
750199
961031
59512
524785
624572
30722
526796
446623
716946
632989
93066
521116
874148
189005
59053
556492
325142
281519
911266
20539
542818
78801
949368
688897
23892
441194
69091
50561
807134
41834
44205
970635
93912
701804
366842
420065
972696
705737
753910
100247
205739
48262
208797
787475
864493
455085
264806
656692
825354
579449
431949
635600
522321
154986
683644
74453
788466
679609
638357
21777
717524
295142
190238
928972
711317
733357
617994
155987
172255
643542
699488
520656
655779
329708
309066
601748
54837
622085
451900
796151
777860
259648
250495
372183
138164
206286
593113
145724
363738
592614
466139
51932
632467
361308
329287
527482
566914
465164
91227
87592
468068
161200
226494
861550
839377
962770
736006
24771
360145
60955
200484
247160
524568
492233
750253
369076
422240
281151
97029
112538
553505
556662
394346
539591
642160
125521
735323
969975
501169
726415
594659
242119
442810
752730
700101
128469
880966
906428
117189
856643
414995
819569
480337
787419
181465
204567
117259
768076
175911
455362
417396
541715
258331
158060
643062
247029
260221
199497
708429
555432
493688
340409
632148
912338
4023
710039
177384
639081
528728
975918
168315
699001
358416
172684
538679
600196
80923
573934
805964
515843
646045
60122
227288
840395
113050
64524
96370
981515
51599
812680
39123
724274
233003
872846
378850
938861
540909
524460
397211
226638
884315
253037
639451
527240
162012
577263
700042
98390
522355
532306
358501
496700
150552
659789
28775
516966
191669
507802
217107
363116
452666
528786
222945
899447
741725
393939
586882
612541
483313
196253
985106
863016
874658
494780
310170
932757
406731
716512
74750
538231
736564
704904
901065
770908
2795
194013
976467
281544
201341
151899
201549
558589
583825
372906
134441
373596
988194
996171
333352
233125
514135
775661
941953
704795
181889
831200
160939
358787
472112
596449
793928
393354
740210
458963
608302
274694
385514
804111
110546
825941
129288
827090
442899
552738
156202
947477
222496
605510
161039
358586
894728
967882
85812
910050
896733
493515
464397
716315
44355
653430
788641
567671
185818
132979
953026
353592
328453
305631
138088
503719
904599
410481
927850
329411
587546
189630
83416
762583
393979
497239
159159
452261
201941
719312
851866
524478
577688
346268
552345
168243
81686
485460
437169
46821
217002
276822
639736
150777
947589
208138
878842
435560
771990
679360
717877
536883
383765
594677
893102
718643
418733
15093
875439
841358
36292
743770
559133
573766
47528
965874
901625
491307
42903
77311
262387
32433
685611
821399
147430
227484
692576
426092
622453
423448
370691
315558
768640
976741
803066
72236
105154
770735
826666
536578
885194
158075
904200
926348
51283
411646
738816
692337
891458
25736
353915
866267
980541
451293
548625
459418
418595
163364
656779
337320
666987
208505
866643
793479
872156
454685
790458
482183
860646
163533
38758
697828
608220
656816
972887
257612
798415
715049
220692
6589
191112
26509
767158
933773
604961
233774
452112
654211
299584
598742
2873
389795
8753
366160
479225
167368
716063
906207
287372
190121
837615
396946
342997
228605
973690
425903
783010
901179
341732
541836
667672
810107
192285
569790
110331
944696
62068
605224
428252
474551
771923
817269
650016
470656
994075
70880
50664
310283
199965
440752
981602
333047
646449
860482
202348
255091
264311
227582
54944
12223
395112
943660
674240
287629
576024
941343
18623
723905
27082
335247
893418
833560
815535
147909
89073
191396
596989
410863
348502
672501
430185
26195
813553
789460
348608
551136
374941
877673
757671
348384
173891
695868
378093
195914
771521
382232
76106
314165
941302
859148
852087
104934
198572
520715
678441
477130
67747
373171
803051
517759
359286
170346
330967
398860
78701
817765
69424
427314
784542
27202
899679
274010
834048
102037
24009
99181
191629
500672
664393
162819
131795
137468
459087
217523
448024
88884
425556
162185
534568
284752
200825
926229
348029
332815
777467
646560
449865
78989
217877
624250
850402
883684
242483
309167
328906
274671
903182
414104
915866
216618
612520
581453
264971
295349
645542
74168
34017
952695
312197
570948
354677
374943
163130
68661
7005
323910
83563
500818
530298
229681
153283
462077
501981
155186
78006
407459
615062
71981
184785
753294
3291
269560
942844
338519
201426
118748
322192
927737
276155
505465
887631
506498
866237
528709
235972
65122
657739
575605
174968
785766
326579
382772
622478
995262
71299
370128
123388
109754
276888
775668
601190
868308
588676
594320
592216
737062
764507
471317
810528
434428
358427
865692
505094
192836
143221
850470
600874
713890
189500
296510
535416
543520
670569
171323
192969
936451
517321
62498
130969
78136
42691
516456
330849
582957
258954
482708
710289
924285
180699
574403
974444
516099
887411
642117
45503
178064
164241
134629
228543
646391
149091
754694
838142
381637
757392
647529
711306
376398
946209
486795
288546
803746
5517
94251
985558
801567
484575
4714
23482
261408
114502
797002
960582
340563
199033
811993
14925
380457
105988
85287
720408
231782
272820
690930
964895
464344
985307
431779
469987
558180
398209
709553
256747
877499
460839
745444
934489
647212
625593
914676
849831
306324
752207
566672
223811
874224
253792
617914
306693
470227
575428
452111
645257
776755
849635
636900
964974
758557
846207
886285
850538
447497
93916
714231
996679
467400
514312
886581
510589
125849
829130
816984
212205
791132
94635
470262
645048
323742
895003
708685
566202
394195
64706
399042
243622
795105
140901
945602
663423
341912
863280
349449
126065
291840
849062
849985
522122
809676
175586
641666
775768
18538
985224
882168
20639
245180
200654
861155
548663
280864
630112
37111
442368
236139
148597
109283
594564
88885
951468
79535
627495
580046
801314
329406
805389
8463
883283
940979
187272
390155
320297
960304
750204
586979
221222
724410
210
31224
639659
74552
746837
788988
709603
714394
507180
801826
68175
852055
503028
546484
257390
643790
135098
751426
669448
562062
554898
528504
928215
59697
702806
302985
589075
3107
782207
768775
840089
25664
106265
157909
25655
345500
901734
916660
343446
654172
290834
408889
24324
573057
496781
137823
533981
225989
246794
123193
283990
708190
243732
486272
213222
542559
400072
554314
220114
52542
284083
87900
313619
608624
103432
956310
629477
753200
496382
30796
698799
460575
625220
499510
824778
142918
92962
561085
271343
497463
167214
958197
721794
947729
566695
897386
619637
702241
511025
706835
237018
240101
641261
924068
203209
772653
730100
369279
72618
319003
156081
282506
453472
236745
364632
425244
142867
998537
10695
766416
928600
539527
291767
940348
980862
631371
176030
149372
843447
233243
794405
18343
570209
380670
3777
660836
266352
791131
92080
431893
713658
130687
545810
21552
163359
153725
898466
538287
424147
475119
686031
33054
239114
914651
706299
47505
171774
247601
521743
530168
210144
765105
243065
659531
631705
426986
767363
159903
810811
893789
961873
586715
952777
202176
69111
358020
767391
907102
812213
520307
626752
80156
380112
374377
19834
126230
463245
875385
727032
94183
168077
938275
432612
272392
424960
720129
758070
711183
871495
48730
267230
155737
921578
288277
876042
294147
208370
554504
775636
999442
183845
403245
642316
294579
458844
561781
102685
208796
252226
859959
624862
265104
269483
777985
119287
985154
199630
163471
74030
224657
270689
948826
689293
642546
476816
926023
268722
19116
633881
761728
693043
714236
217799
925792
681451
126552
716744
476488
999014
125072
618221
983567
885668
178449
555454
3542
578190
672516
355768
85753
256947
685011
902629
353825
727036
141900
301717
618230
452020
325662
921598
872114
159022
628223
710574
581841
307090
832688
35816
596516
71624
940632
25123
379525
311872
99597
991195
733925
567451
492146
140625
341953
754681
706746
633318
95411
691232
118603
134800
193573
456133
365245
170486
298528
610107
298881
304878
422850
850613
653535
23184
713486
407161
256343
695799
355038
533092
172649
914452
180083
178196
180145
808622
607277
387957
628202
215418
426326
509164
125331
838610
592728
49433
672750
97750
1807
403725
294053
477276
584889
410440
134728
852948
399050
843245
902065
3197
927069
549444
283657
397246
44676
663916
741411
963682
256192
307995
56709
870771
109452
287827
600264
881329
555732
202084
213269
484592
247235
915992
142031
26955
216761
44094
815247
766664
668444
565142
404490
932298
194758
776406
661007
501997
783324
598423
643949
986178
160638
534879
586354
271655
738458
382987
87758
211073
49499
725913
840725
361496
158848
388048
460259
36368
322119
215692
312025
228992
844615
824490
650822
380529
773853
38732
660450
344309
305662
267721
317428
769953
305836
654964
619475
597160
966404
846727
747785
970389
628275
446829
524627
733348
133513
73449
69893
45566
780646
600422
59082
160208
168529
391067
973769
561735
936871
615002
352676
501098
439792
423158
770138
962195
808909
713487
909836
602763
64014
544380
837469
87105
501536
102547
21362
207591
889315
421527
772632
600298
766874
595391
893957
921995
93692
28511
785207
863071
76903
133109
746489
258079
614516
366611
91972
480685
402277
782564
824002
797732
255099
682652
95854
705370
436708
674752
346327
711285
406418
561807
146114
13799
570087
154764
945839
380103
326860
121321
180212
223693
615521
483665
847238
202602
43343
331538
814167
246466
509177
560870
611801
923143
28816
327261
937248
493043
532869
446568
625189
464033
600346
922500
452518
51401
138898
945728
305579
622166
69319
5677
155172